2026-04-04T11:21:39.453+05:30  INFO 4224 --- [CartOrderService] [restartedMain] [                                                 ] c.e.c.CartOrderServiceApplication        : Starting CartOrderServiceApplication using Java 21.0.2 with PID 4224 (D:\SpringBoot_Microservices\E_Commerece_Project_Backend\Microservices\Microservices_Project\CartAndOrderService\Cart_Order_Service\target\classes started by CH HEMANTH KUMAR in D:\SpringBoot_Microservices\E_Commerece_Project_Backend\Microservices\Microservices_Project)
2026-04-04T11:21:39.516+05:30  INFO 4224 --- [CartOrderService] [restartedMain] [                                                 ] c.e.c.CartOrderServiceApplication        : No active profile set, falling back to 1 default profile: "default"
2026-04-04T11:21:39.690+05:30  INFO 4224 --- [CartOrderService] [restartedMain] [                                                 ] o.s.c.c.c.ConfigServerConfigDataLoader   : Fetching config from server at : http://localhost:8888
2026-04-04T11:21:39.691+05:30  INFO 4224 --- [CartOrderService] [restartedMain] [                                                 ] o.s.c.c.c.ConfigServerConfigDataLoader   : Located environment: name=CartOrderService, profiles=[default], label=null, version=dd917610efe0706bc3bd8e7eadd118a818be148e, state=
2026-04-04T11:21:39.696+05:30  INFO 4224 --- [CartOrderService] [restartedMain] [                                                 ] .e.DevToolsPropertyDefaultsPostProcessor : Devtools property defaults active! Set 'spring.devtools.add-properties' to 'false' to disable
2026-04-04T11:21:39.697+05:30  INFO 4224 --- [CartOrderService] [restartedMain] [                                                 ] .e.DevToolsPropertyDefaultsPostProcessor : For additional web related logging consider setting the 'logging.level.web' property to 'DEBUG'
2026-04-04T11:21:44.334+05:30  INFO 4224 --- [CartOrderService] [restartedMain] [                                                 ] .s.d.r.c.RepositoryConfigurationDelegate : Bootstrapping Spring Data JPA repositories in DEFAULT mode.
2026-04-04T11:21:45.235+05:30  INFO 4224 --- [CartOrderService] [restartedMain] [                                                 ] .s.d.r.c.RepositoryConfigurationDelegate : Finished Spring Data repository scanning in 866 ms. Found 3 JPA repository interfaces.
2026-04-04T11:21:46.254+05:30  INFO 4224 --- [CartOrderService] [restartedMain] [                                                 ] faultConfiguringBeanFactoryPostProcessor : No bean named 'errorChannel' has been explicitly defined. Therefore, a default PublishSubscribeChannel will be created.
2026-04-04T11:21:46.329+05:30  INFO 4224 --- [CartOrderService] [restartedMain] [                                                 ] faultConfiguringBeanFactoryPostProcessor : No bean named 'integrationHeaderChannelRegistry' has been explicitly defined. Therefore, a default DefaultHeaderChannelRegistry will be created.
2026-04-04T11:21:47.604+05:30  INFO 4224 --- [CartOrderService] [restartedMain] [                                                 ] o.s.cloud.context.scope.GenericScope     : BeanFactory id=2309aa6e-4b89-3c40-9ac1-5d5428d6354a
2026-04-04T11:21:51.123+05:30  WARN 4224 --- [CartOrderService] [restartedMain] [                                                 ] trationDelegate$BeanPostProcessorChecker : Bean 'org.springframework.cloud.client.loadbalancer.LoadBalancerAutoConfiguration$DeferringLoadBalancerInterceptorConfig' of type [org.springframework.cloud.client.loadbalancer.LoadBalancerAutoConfiguration$DeferringLoadBalancerInterceptorConfig] is not eligible for getting processed by all BeanPostProcessors (for example: not eligible for auto-proxying). The currently created BeanPostProcessor [lbRestClientPostProcessor] is declared through a non-static factory method on that class; consider declaring it as static instead.
2026-04-04T11:21:51.141+05:30  WARN 4224 --- [CartOrderService] [restartedMain] [                                                 ] trationDelegate$BeanPostProcessorChecker : Bean 'deferringLoadBalancerInterceptor' of type [org.springframework.cloud.client.loadbalancer.DeferringLoadBalancerInterceptor] is not eligible for getting processed by all BeanPostProcessors (for example: not eligible for auto-proxying). Is this bean getting eagerly injected into a currently created BeanPostProcessor [lbRestClientPostProcessor]? Check the corresponding BeanPostProcessor declaration and its dependencies.
2026-04-04T11:21:53.563+05:30  INFO 4224 --- [CartOrderService] [restartedMain] [                                                 ] o.s.b.w.embedded.tomcat.TomcatWebServer  : Tomcat initialized with port 8083 (http)
2026-04-04T11:21:53.606+05:30  INFO 4224 --- [CartOrderService] [restartedMain] [                                                 ] o.apache.catalina.core.StandardService   : Starting service [Tomcat]
2026-04-04T11:21:53.609+05:30  INFO 4224 --- [CartOrderService] [restartedMain] [                                                 ] o.apache.catalina.core.StandardEngine    : Starting Servlet engine: [Apache Tomcat/10.1.18]
2026-04-04T11:21:53.911+05:30  INFO 4224 --- [CartOrderService] [restartedMain] [                                                 ] o.a.c.c.C.[Tomcat].[localhost].[/]       : Initializing Spring embedded WebApplicationContext
2026-04-04T11:21:53.913+05:30  INFO 4224 --- [CartOrderService] [restartedMain] [                                                 ] w.s.c.ServletWebServerApplicationContext : Root WebApplicationContext: initialization completed in 14214 ms
2026-04-04T11:21:57.602+05:30  INFO 4224 --- [CartOrderService] [restartedMain] [                                                 ] o.hibernate.jpa.internal.util.LogHelper  : HHH000204: Processing PersistenceUnitInfo [name: default]
2026-04-04T11:21:57.870+05:30  INFO 4224 --- [CartOrderService] [restartedMain] [                                                 ] org.hibernate.Version                    : HHH000412: Hibernate ORM core version 6.4.1.Final
2026-04-04T11:21:58.010+05:30  INFO 4224 --- [CartOrderService] [restartedMain] [                                                 ] o.h.c.internal.RegionFactoryInitiator    : HHH000026: Second-level cache disabled
2026-04-04T11:21:59.025+05:30  INFO 4224 --- [CartOrderService] [restartedMain] [                                                 ] o.s.o.j.p.SpringPersistenceUnitInfo      : No LoadTimeWeaver setup: ignoring JPA class transformer
2026-04-04T11:21:59.310+05:30  INFO 4224 --- [CartOrderService] [restartedMain] [                                                 ] com.zaxxer.hikari.HikariDataSource       : HikariPool-1 - Starting...
2026-04-04T11:22:00.717+05:30  INFO 4224 --- [CartOrderService] [restartedMain] [                                                 ] com.zaxxer.hikari.pool.HikariPool        : HikariPool-1 - Added connection org.postgresql.jdbc.PgConnection@6ce41433
2026-04-04T11:22:00.722+05:30  INFO 4224 --- [CartOrderService] [restartedMain] [                                                 ] com.zaxxer.hikari.HikariDataSource       : HikariPool-1 - Start completed.
2026-04-04T11:22:01.022+05:30  WARN 4224 --- [CartOrderService] [restartedMain] [                                                 ] org.hibernate.orm.deprecation            : HHH90000025: PostgreSQLDialect does not need to be specified explicitly using 'hibernate.dialect' (remove the property setting and it will be selected by default)
2026-04-04T11:22:09.349+05:30  INFO 4224 --- [CartOrderService] [restartedMain] [                                                 ] o.h.e.t.j.p.i.JtaPlatformInitiator       : HHH000489: No JTA platform available (set 'hibernate.transaction.jta.platform' to enable JTA platform integration)
2026-04-04T11:22:13.623+05:30  INFO 4224 --- [CartOrderService] [restartedMain] [                                                 ] j.LocalContainerEntityManagerFactoryBean : Initialized JPA EntityManagerFactory for persistence unit 'default'
2026-04-04T11:22:22.994+05:30  WARN 4224 --- [CartOrderService] [restartedMain] [                                                 ] JpaBaseConfiguration$JpaWebConfiguration : spring.jpa.open-in-view is enabled by default. Therefore, database queries may be performed during view rendering. Explicitly configure spring.jpa.open-in-view to disable this warning
2026-04-04T11:22:31.200+05:30  WARN 4224 --- [CartOrderService] [restartedMain] [                                                 ] o.s.b.d.a.OptionalLiveReloadServer       : Unable to start LiveReload server
2026-04-04T11:22:31.470+05:30  INFO 4224 --- [CartOrderService] [restartedMain] [                                                 ] DiscoveryClientOptionalArgsConfiguration : Eureka HTTP Client uses RestTemplate.
2026-04-04T11:22:31.740+05:30  WARN 4224 --- [CartOrderService] [restartedMain] [                                                 ] iguration$LoadBalancerCaffeineWarnLogger : Spring Cloud LoadBalancer is currently working with the default cache. While this cache implementation is useful for development and tests, it's recommended to use Caffeine cache in production.You can switch to using Caffeine cache, by adding it and org.springframework.cache.caffeine.CaffeineCacheManager to the classpath.
2026-04-04T11:22:31.776+05:30  INFO 4224 --- [CartOrderService] [restartedMain] [                                                 ] o.s.b.a.e.web.EndpointLinksResolver      : Exposing 29 endpoint(s) beneath base path '/actuator'
2026-04-04T11:22:32.461+05:30  INFO 4224 --- [CartOrderService] [restartedMain] [                                                 ] o.s.i.endpoint.EventDrivenConsumer       : Adding {logging-channel-adapter:_org.springframework.integration.errorLogger} as a subscriber to the 'errorChannel' channel
2026-04-04T11:22:32.463+05:30  INFO 4224 --- [CartOrderService] [restartedMain] [                                                 ] o.s.i.channel.PublishSubscribeChannel    : Channel 'CartOrderService.errorChannel' has 1 subscriber(s).
2026-04-04T11:22:32.464+05:30  INFO 4224 --- [CartOrderService] [restartedMain] [                                                 ] o.s.i.endpoint.EventDrivenConsumer       : started bean '_org.springframework.integration.errorLogger'
2026-04-04T11:22:32.550+05:30  INFO 4224 --- [CartOrderService] [restartedMain] [                                                 ] o.s.c.n.eureka.InstanceInfoFactory       : Setting initial instance status as: STARTING
2026-04-04T11:22:32.773+05:30  INFO 4224 --- [CartOrderService] [restartedMain] [                                                 ] com.netflix.discovery.DiscoveryClient    : Initializing Eureka in region us-east-1
2026-04-04T11:22:32.786+05:30  INFO 4224 --- [CartOrderService] [restartedMain] [                                                 ] c.n.d.s.r.aws.ConfigClusterResolver      : Resolving eureka endpoints via configuration
2026-04-04T11:22:32.868+05:30  INFO 4224 --- [CartOrderService] [restartedMain] [                                                 ] com.netflix.discovery.DiscoveryClient    : Disable delta property : false
2026-04-04T11:22:32.868+05:30  INFO 4224 --- [CartOrderService] [restartedMain] [                                                 ] com.netflix.discovery.DiscoveryClient    : Single vip registry refresh property : null
2026-04-04T11:22:32.868+05:30  INFO 4224 --- [CartOrderService] [restartedMain] [                                                 ] com.netflix.discovery.DiscoveryClient    : Force full registry fetch : false
2026-04-04T11:22:32.869+05:30  INFO 4224 --- [CartOrderService] [restartedMain] [                                                 ] com.netflix.discovery.DiscoveryClient    : Application is null : false
2026-04-04T11:22:32.869+05:30  INFO 4224 --- [CartOrderService] [restartedMain] [                                                 ] com.netflix.discovery.DiscoveryClient    : Registered Applications size is zero : true
2026-04-04T11:22:32.870+05:30  INFO 4224 --- [CartOrderService] [restartedMain] [                                                 ] com.netflix.discovery.DiscoveryClient    : Application version is -1: true
2026-04-04T11:22:32.873+05:30  INFO 4224 --- [CartOrderService] [restartedMain] [                                                 ] com.netflix.discovery.DiscoveryClient    : Getting all instance registry info from the eureka server
2026-04-04T11:22:32.929+05:30 DEBUG 4224 --- [CartOrderService] [restartedMain] [                                                 ] o.s.web.client.RestTemplate              : HTTP GET http://localhost:8761/eureka/apps/
2026-04-04T11:22:33.057+05:30 DEBUG 4224 --- [CartOrderService] [restartedMain] [                                                 ] o.s.web.client.RestTemplate              : Accept=[application/json, application/*+json]
2026-04-04T11:22:33.178+05:30 DEBUG 4224 --- [CartOrderService] [restartedMain] [                                                 ] o.s.web.client.RestTemplate              : Response 200 OK
2026-04-04T11:22:33.181+05:30 DEBUG 4224 --- [CartOrderService] [restartedMain] [                                                 ] o.s.web.client.RestTemplate              : Reading to [org.springframework.cloud.netflix.eureka.http.EurekaApplications]
2026-04-04T11:22:33.219+05:30  INFO 4224 --- [CartOrderService] [restartedMain] [                                                 ] com.netflix.discovery.DiscoveryClient    : The response status is 200
2026-04-04T11:22:33.223+05:30  INFO 4224 --- [CartOrderService] [restartedMain] [                                                 ] com.netflix.discovery.DiscoveryClient    : Starting heartbeat executor: renew interval is: 30
2026-04-04T11:22:33.229+05:30  INFO 4224 --- [CartOrderService] [restartedMain] [                                                 ] c.n.discovery.InstanceInfoReplicator     : InstanceInfoReplicator onDemand update allowed rate per min is 4
2026-04-04T11:22:33.236+05:30  INFO 4224 --- [CartOrderService] [restartedMain] [                                                 ] com.netflix.discovery.DiscoveryClient    : Discovery Client initialized at timestamp 1775281953236 with initial instances count: 2
2026-04-04T11:22:33.281+05:30  INFO 4224 --- [CartOrderService] [restartedMain] [                                                 ] o.s.c.n.e.s.EurekaServiceRegistry        : Registering application CARTORDERSERVICE with eureka with status UP
2026-04-04T11:22:33.284+05:30  INFO 4224 --- [CartOrderService] [restartedMain] [                                                 ] com.netflix.discovery.DiscoveryClient    : Saw local status change event StatusChangeEvent [timestamp=1775281953284, current=UP, previous=STARTING]
2026-04-04T11:22:33.290+05:30  INFO 4224 --- [CartOrderService] [DiscoveryClient-InstanceInfoReplicator-0] [                                                 ] com.netflix.discovery.DiscoveryClient    : DiscoveryClient_CARTORDERSERVICE/DESKTOP-ECRRR37.mshome.net:CartOrderService:8083: registering service...
2026-04-04T11:22:33.299+05:30 DEBUG 4224 --- [CartOrderService] [DiscoveryClient-InstanceInfoReplicator-0] [                                                 ] o.s.web.client.RestTemplate              : HTTP POST http://localhost:8761/eureka/apps/CARTORDERSERVICE
2026-04-04T11:22:33.303+05:30 DEBUG 4224 --- [CartOrderService] [DiscoveryClient-InstanceInfoReplicator-0] [                                                 ] o.s.web.client.RestTemplate              : Accept=[application/json, application/*+json]
2026-04-04T11:22:33.352+05:30 DEBUG 4224 --- [CartOrderService] [DiscoveryClient-InstanceInfoReplicator-0] [                                                 ] o.s.web.client.RestTemplate              : Writing [InstanceInfo [instanceId = DESKTOP-ECRRR37.mshome.net:CartOrderService:8083, appName = CARTORDERSERVICE, hostName = 192.168.176.1, status = UP, ipAddr = 192.168.176.1, port = 8083, securePort = 443, dataCenterInfo = com.netflix.appinfo.MyDataCenterInfo@5c621870] as "application/json"
2026-04-04T11:22:33.382+05:30  INFO 4224 --- [CartOrderService] [restartedMain] [                                                 ] o.s.b.w.embedded.tomcat.TomcatWebServer  : Tomcat started on port 8083 (http) with context path ''
2026-04-04T11:22:33.388+05:30  INFO 4224 --- [CartOrderService] [restartedMain] [                                                 ] .s.c.n.e.s.EurekaAutoServiceRegistration : Updating port to 8083
2026-04-04T11:22:33.428+05:30 DEBUG 4224 --- [CartOrderService] [DiscoveryClient-InstanceInfoReplicator-0] [                                                 ] o.s.web.client.RestTemplate              : Response 204 NO_CONTENT
2026-04-04T11:22:33.428+05:30  INFO 4224 --- [CartOrderService] [DiscoveryClient-InstanceInfoReplicator-0] [                                                 ] com.netflix.discovery.DiscoveryClient    : DiscoveryClient_CARTORDERSERVICE/DESKTOP-ECRRR37.mshome.net:CartOrderService:8083 - registration status: 204
2026-04-04T11:22:33.723+05:30  INFO 4224 --- [CartOrderService] [restartedMain] [                                                 ] c.e.c.CartOrderServiceApplication        : Started CartOrderServiceApplication in 64.021 seconds (process running for 65.747)
2026-04-04T11:23:03.234+05:30 DEBUG 4224 --- [CartOrderService] [DiscoveryClient-CacheRefreshExecutor-0] [                                                 ] o.s.web.client.RestTemplate              : HTTP GET http://localhost:8761/eureka/apps/delta
2026-04-04T11:23:03.235+05:30 DEBUG 4224 --- [CartOrderService] [DiscoveryClient-CacheRefreshExecutor-0] [                                                 ] o.s.web.client.RestTemplate              : Accept=[application/json, application/*+json]
2026-04-04T11:23:03.235+05:30 DEBUG 4224 --- [CartOrderService] [DiscoveryClient-HeartbeatExecutor-0] [                                                 ] o.s.web.client.RestTemplate              : HTTP PUT http://localhost:8761/eureka/apps/CARTORDERSERVICE/DESKTOP-ECRRR37.mshome.net:CartOrderService:8083?status=UP&lastDirtyTimestamp=1775281953283
2026-04-04T11:23:03.250+05:30 DEBUG 4224 --- [CartOrderService] [DiscoveryClient-HeartbeatExecutor-0] [                                                 ] o.s.web.client.RestTemplate              : Accept=[application/json, application/*+json]
2026-04-04T11:23:03.329+05:30 DEBUG 4224 --- [CartOrderService] [DiscoveryClient-CacheRefreshExecutor-0] [                                                 ] o.s.web.client.RestTemplate              : Response 200 OK
2026-04-04T11:23:03.330+05:30 DEBUG 4224 --- [CartOrderService] [DiscoveryClient-CacheRefreshExecutor-0] [                                                 ] o.s.web.client.RestTemplate              : Reading to [org.springframework.cloud.netflix.eureka.http.EurekaApplications]
2026-04-04T11:23:03.330+05:30 DEBUG 4224 --- [CartOrderService] [DiscoveryClient-HeartbeatExecutor-0] [                                                 ] o.s.web.client.RestTemplate              : Response 200 OK
2026-04-04T11:23:33.340+05:30 DEBUG 4224 --- [CartOrderService] [DiscoveryClient-CacheRefreshExecutor-0] [                                                 ] o.s.web.client.RestTemplate              : HTTP GET http://localhost:8761/eureka/apps/delta
2026-04-04T11:23:33.341+05:30 DEBUG 4224 --- [CartOrderService] [DiscoveryClient-HeartbeatExecutor-0] [                                                 ] o.s.web.client.RestTemplate              : HTTP PUT http://localhost:8761/eureka/apps/CARTORDERSERVICE/DESKTOP-ECRRR37.mshome.net:CartOrderService:8083?status=UP&lastDirtyTimestamp=1775281953283
2026-04-04T11:23:33.341+05:30 DEBUG 4224 --- [CartOrderService] [DiscoveryClient-CacheRefreshExecutor-0] [                                                 ] o.s.web.client.RestTemplate              : Accept=[application/json, application/*+json]
2026-04-04T11:23:33.342+05:30 DEBUG 4224 --- [CartOrderService] [DiscoveryClient-HeartbeatExecutor-0] [                                                 ] o.s.web.client.RestTemplate              : Accept=[application/json, application/*+json]
2026-04-04T11:23:33.359+05:30 DEBUG 4224 --- [CartOrderService] [DiscoveryClient-CacheRefreshExecutor-0] [                                                 ] o.s.web.client.RestTemplate              : Response 200 OK
2026-04-04T11:23:33.360+05:30 DEBUG 4224 --- [CartOrderService] [DiscoveryClient-CacheRefreshExecutor-0] [                                                 ] o.s.web.client.RestTemplate              : Reading to [org.springframework.cloud.netflix.eureka.http.EurekaApplications]
2026-04-04T11:23:33.370+05:30 DEBUG 4224 --- [CartOrderService] [DiscoveryClient-HeartbeatExecutor-0] [                                                 ] o.s.web.client.RestTemplate              : Response 200 OK
2026-04-04T11:24:03.377+05:30 DEBUG 4224 --- [CartOrderService] [DiscoveryClient-CacheRefreshExecutor-0] [                                                 ] o.s.web.client.RestTemplate              : HTTP GET http://localhost:8761/eureka/apps/delta
2026-04-04T11:24:03.377+05:30 DEBUG 4224 --- [CartOrderService] [DiscoveryClient-HeartbeatExecutor-0] [                                                 ] o.s.web.client.RestTemplate              : HTTP PUT http://localhost:8761/eureka/apps/CARTORDERSERVICE/DESKTOP-ECRRR37.mshome.net:CartOrderService:8083?status=UP&lastDirtyTimestamp=1775281953283
2026-04-04T11:24:03.422+05:30 DEBUG 4224 --- [CartOrderService] [DiscoveryClient-HeartbeatExecutor-0] [                                                 ] o.s.web.client.RestTemplate              : Accept=[application/json, application/*+json]
2026-04-04T11:24:03.438+05:30 DEBUG 4224 --- [CartOrderService] [DiscoveryClient-CacheRefreshExecutor-0] [                                                 ] o.s.web.client.RestTemplate              : Accept=[application/json, application/*+json]
2026-04-04T11:24:03.455+05:30 DEBUG 4224 --- [CartOrderService] [DiscoveryClient-HeartbeatExecutor-0] [                                                 ] o.s.web.client.RestTemplate              : Response 200 OK
2026-04-04T11:24:03.536+05:30 DEBUG 4224 --- [CartOrderService] [DiscoveryClient-CacheRefreshExecutor-0] [                                                 ] o.s.web.client.RestTemplate              : Response 200 OK
2026-04-04T11:24:03.538+05:30 DEBUG 4224 --- [CartOrderService] [DiscoveryClient-CacheRefreshExecutor-0] [                                                 ] o.s.web.client.RestTemplate              : Reading to [org.springframework.cloud.netflix.eureka.http.EurekaApplications]
2026-04-04T11:24:33.789+05:30 DEBUG 4224 --- [CartOrderService] [DiscoveryClient-CacheRefreshExecutor-0] [                                                 ] o.s.web.client.RestTemplate              : HTTP GET http://localhost:8761/eureka/apps/delta
2026-04-04T11:24:33.789+05:30 DEBUG 4224 --- [CartOrderService] [DiscoveryClient-HeartbeatExecutor-0] [                                                 ] o.s.web.client.RestTemplate              : HTTP PUT http://localhost:8761/eureka/apps/CARTORDERSERVICE/DESKTOP-ECRRR37.mshome.net:CartOrderService:8083?status=UP&lastDirtyTimestamp=1775281953283
2026-04-04T11:24:33.791+05:30 DEBUG 4224 --- [CartOrderService] [DiscoveryClient-HeartbeatExecutor-0] [                                                 ] o.s.web.client.RestTemplate              : Accept=[application/json, application/*+json]
2026-04-04T11:24:33.791+05:30 DEBUG 4224 --- [CartOrderService] [DiscoveryClient-CacheRefreshExecutor-0] [                                                 ] o.s.web.client.RestTemplate              : Accept=[application/json, application/*+json]
2026-04-04T11:24:33.885+05:30 DEBUG 4224 --- [CartOrderService] [DiscoveryClient-CacheRefreshExecutor-0] [                                                 ] o.s.web.client.RestTemplate              : Response 200 OK
2026-04-04T11:24:33.877+05:30 DEBUG 4224 --- [CartOrderService] [DiscoveryClient-HeartbeatExecutor-0] [                                                 ] o.s.web.client.RestTemplate              : Response 200 OK
2026-04-04T11:24:33.925+05:30 DEBUG 4224 --- [CartOrderService] [DiscoveryClient-CacheRefreshExecutor-0] [                                                 ] o.s.web.client.RestTemplate              : Reading to [org.springframework.cloud.netflix.eureka.http.EurekaApplications]
2026-04-04T11:25:03.919+05:30 DEBUG 4224 --- [CartOrderService] [DiscoveryClient-HeartbeatExecutor-0] [                                                 ] o.s.web.client.RestTemplate              : HTTP PUT http://localhost:8761/eureka/apps/CARTORDERSERVICE/DESKTOP-ECRRR37.mshome.net:CartOrderService:8083?status=UP&lastDirtyTimestamp=1775281953283
2026-04-04T11:25:04.070+05:30 DEBUG 4224 --- [CartOrderService] [DiscoveryClient-HeartbeatExecutor-0] [                                                 ] o.s.web.client.RestTemplate              : Accept=[application/json, application/*+json]
2026-04-04T11:25:04.211+05:30 DEBUG 4224 --- [CartOrderService] [DiscoveryClient-CacheRefreshExecutor-0] [                                                 ] o.s.web.client.RestTemplate              : HTTP GET http://localhost:8761/eureka/apps/delta
2026-04-04T11:25:04.391+05:30 DEBUG 4224 --- [CartOrderService] [DiscoveryClient-CacheRefreshExecutor-0] [                                                 ] o.s.web.client.RestTemplate              : Accept=[application/json, application/*+json]
2026-04-04T11:25:04.399+05:30 DEBUG 4224 --- [CartOrderService] [DiscoveryClient-CacheRefreshExecutor-0] [                                                 ] o.s.web.client.RestTemplate              : Response 200 OK
2026-04-04T11:25:04.399+05:30 DEBUG 4224 --- [CartOrderService] [DiscoveryClient-CacheRefreshExecutor-0] [                                                 ] o.s.web.client.RestTemplate              : Reading to [org.springframework.cloud.netflix.eureka.http.EurekaApplications]
2026-04-04T11:25:04.486+05:30 DEBUG 4224 --- [CartOrderService] [DiscoveryClient-HeartbeatExecutor-0] [                                                 ] o.s.web.client.RestTemplate              : Response 200 OK
2026-04-04T11:25:34.502+05:30 DEBUG 4224 --- [CartOrderService] [DiscoveryClient-HeartbeatExecutor-0] [                                                 ] o.s.web.client.RestTemplate              : HTTP PUT http://localhost:8761/eureka/apps/CARTORDERSERVICE/DESKTOP-ECRRR37.mshome.net:CartOrderService:8083?status=UP&lastDirtyTimestamp=1775281953283
2026-04-04T11:25:34.503+05:30 DEBUG 4224 --- [CartOrderService] [DiscoveryClient-HeartbeatExecutor-0] [                                                 ] o.s.web.client.RestTemplate              : Accept=[application/json, application/*+json]
2026-04-04T11:25:35.016+05:30 DEBUG 4224 --- [CartOrderService] [DiscoveryClient-CacheRefreshExecutor-0] [                                                 ] o.s.web.client.RestTemplate              : HTTP GET http://localhost:8761/eureka/apps/delta
2026-04-04T11:25:35.088+05:30 DEBUG 4224 --- [CartOrderService] [DiscoveryClient-CacheRefreshExecutor-0] [                                                 ] o.s.web.client.RestTemplate              : Accept=[application/json, application/*+json]
2026-04-04T11:25:35.689+05:30 DEBUG 4224 --- [CartOrderService] [DiscoveryClient-CacheRefreshExecutor-0] [                                                 ] o.s.web.client.RestTemplate              : Response 200 OK
2026-04-04T11:25:35.695+05:30 DEBUG 4224 --- [CartOrderService] [DiscoveryClient-CacheRefreshExecutor-0] [                                                 ] o.s.web.client.RestTemplate              : Reading to [org.springframework.cloud.netflix.eureka.http.EurekaApplications]
2026-04-04T11:25:35.849+05:30 DEBUG 4224 --- [CartOrderService] [DiscoveryClient-HeartbeatExecutor-0] [                                                 ] o.s.web.client.RestTemplate              : Response 200 OK
2026-04-04T11:26:05.805+05:30 DEBUG 4224 --- [CartOrderService] [DiscoveryClient-CacheRefreshExecutor-0] [                                                 ] o.s.web.client.RestTemplate              : HTTP GET http://localhost:8761/eureka/apps/delta
2026-04-04T11:26:05.808+05:30 DEBUG 4224 --- [CartOrderService] [DiscoveryClient-CacheRefreshExecutor-0] [                                                 ] o.s.web.client.RestTemplate              : Accept=[application/json, application/*+json]
2026-04-04T11:26:05.895+05:30 DEBUG 4224 --- [CartOrderService] [DiscoveryClient-HeartbeatExecutor-0] [                                                 ] o.s.web.client.RestTemplate              : HTTP PUT http://localhost:8761/eureka/apps/CARTORDERSERVICE/DESKTOP-ECRRR37.mshome.net:CartOrderService:8083?status=UP&lastDirtyTimestamp=1775281953283
2026-04-04T11:26:05.896+05:30 DEBUG 4224 --- [CartOrderService] [DiscoveryClient-HeartbeatExecutor-0] [                                                 ] o.s.web.client.RestTemplate              : Accept=[application/json, application/*+json]
2026-04-04T11:26:05.931+05:30 DEBUG 4224 --- [CartOrderService] [DiscoveryClient-CacheRefreshExecutor-0] [                                                 ] o.s.web.client.RestTemplate              : Response 200 OK
2026-04-04T11:26:05.932+05:30 DEBUG 4224 --- [CartOrderService] [DiscoveryClient-CacheRefreshExecutor-0] [                                                 ] o.s.web.client.RestTemplate              : Reading to [org.springframework.cloud.netflix.eureka.http.EurekaApplications]
2026-04-04T11:26:05.942+05:30 DEBUG 4224 --- [CartOrderService] [DiscoveryClient-HeartbeatExecutor-0] [                                                 ] o.s.web.client.RestTemplate              : Response 200 OK
2026-04-04T11:26:35.946+05:30 DEBUG 4224 --- [CartOrderService] [DiscoveryClient-HeartbeatExecutor-0] [                                                 ] o.s.web.client.RestTemplate              : HTTP PUT http://localhost:8761/eureka/apps/CARTORDERSERVICE/DESKTOP-ECRRR37.mshome.net:CartOrderService:8083?status=UP&lastDirtyTimestamp=1775281953283
2026-04-04T11:26:35.947+05:30 DEBUG 4224 --- [CartOrderService] [DiscoveryClient-HeartbeatExecutor-0] [                                                 ] o.s.web.client.RestTemplate              : Accept=[application/json, application/*+json]
2026-04-04T11:26:35.965+05:30 DEBUG 4224 --- [CartOrderService] [DiscoveryClient-HeartbeatExecutor-0] [                                                 ] o.s.web.client.RestTemplate              : Response 200 OK
2026-04-04T11:26:46.653+05:30 DEBUG 4224 --- [CartOrderService] [DiscoveryClient-CacheRefreshExecutor-0] [                                                 ] o.s.web.client.RestTemplate              : HTTP GET http://localhost:8761/eureka/apps/delta
2026-04-04T11:26:46.653+05:30 DEBUG 4224 --- [CartOrderService] [DiscoveryClient-CacheRefreshExecutor-0] [                                                 ] o.s.web.client.RestTemplate              : Accept=[application/json, application/*+json]
2026-04-04T11:26:46.676+05:30 DEBUG 4224 --- [CartOrderService] [DiscoveryClient-CacheRefreshExecutor-0] [                                                 ] o.s.web.client.RestTemplate              : Response 200 OK
2026-04-04T11:26:46.676+05:30 DEBUG 4224 --- [CartOrderService] [DiscoveryClient-CacheRefreshExecutor-0] [                                                 ] o.s.web.client.RestTemplate              : Reading to [org.springframework.cloud.netflix.eureka.http.EurekaApplications]
2026-04-04T11:27:05.975+05:30 DEBUG 4224 --- [CartOrderService] [DiscoveryClient-HeartbeatExecutor-0] [                                                 ] o.s.web.client.RestTemplate              : HTTP PUT http://localhost:8761/eureka/apps/CARTORDERSERVICE/DESKTOP-ECRRR37.mshome.net:CartOrderService:8083?status=UP&lastDirtyTimestamp=1775281953283
2026-04-04T11:27:05.976+05:30 DEBUG 4224 --- [CartOrderService] [DiscoveryClient-HeartbeatExecutor-0] [                                                 ] o.s.web.client.RestTemplate              : Accept=[application/json, application/*+json]
2026-04-04T11:27:05.994+05:30 DEBUG 4224 --- [CartOrderService] [DiscoveryClient-HeartbeatExecutor-0] [                                                 ] o.s.web.client.RestTemplate              : Response 200 OK
2026-04-04T11:27:16.690+05:30 DEBUG 4224 --- [CartOrderService] [DiscoveryClient-CacheRefreshExecutor-0] [                                                 ] o.s.web.client.RestTemplate              : HTTP GET http://localhost:8761/eureka/apps/delta
2026-04-04T11:27:16.691+05:30 DEBUG 4224 --- [CartOrderService] [DiscoveryClient-CacheRefreshExecutor-0] [                                                 ] o.s.web.client.RestTemplate              : Accept=[application/json, application/*+json]
2026-04-04T11:27:16.707+05:30 DEBUG 4224 --- [CartOrderService] [DiscoveryClient-CacheRefreshExecutor-0] [                                                 ] o.s.web.client.RestTemplate              : Response 200 OK
2026-04-04T11:27:16.707+05:30 DEBUG 4224 --- [CartOrderService] [DiscoveryClient-CacheRefreshExecutor-0] [                                                 ] o.s.web.client.RestTemplate              : Reading to [org.springframework.cloud.netflix.eureka.http.EurekaApplications]
2026-04-04T11:27:32.912+05:30  INFO 4224 --- [CartOrderService] [AsyncResolver-bootstrap-executor-0] [                                                 ] c.n.d.s.r.aws.ConfigClusterResolver      : Resolving eureka endpoints via configuration
2026-04-04T11:27:36.015+05:30 DEBUG 4224 --- [CartOrderService] [DiscoveryClient-HeartbeatExecutor-0] [                                                 ] o.s.web.client.RestTemplate              : HTTP PUT http://localhost:8761/eureka/apps/CARTORDERSERVICE/DESKTOP-ECRRR37.mshome.net:CartOrderService:8083?status=UP&lastDirtyTimestamp=1775281953283
2026-04-04T11:27:36.018+05:30 DEBUG 4224 --- [CartOrderService] [DiscoveryClient-HeartbeatExecutor-0] [                                                 ] o.s.web.client.RestTemplate              : Accept=[application/json, application/*+json]
2026-04-04T11:27:36.049+05:30 DEBUG 4224 --- [CartOrderService] [DiscoveryClient-HeartbeatExecutor-0] [                                                 ] o.s.web.client.RestTemplate              : Response 200 OK
2026-04-04T11:27:46.840+05:30 DEBUG 4224 --- [CartOrderService] [DiscoveryClient-CacheRefreshExecutor-0] [                                                 ] o.s.web.client.RestTemplate              : HTTP GET http://localhost:8761/eureka/apps/delta
2026-04-04T11:27:46.936+05:30 DEBUG 4224 --- [CartOrderService] [DiscoveryClient-CacheRefreshExecutor-0] [                                                 ] o.s.web.client.RestTemplate              : Accept=[application/json, application/*+json]
2026-04-04T11:27:47.169+05:30 DEBUG 4224 --- [CartOrderService] [DiscoveryClient-CacheRefreshExecutor-0] [                                                 ] o.s.web.client.RestTemplate              : Response 200 OK
2026-04-04T11:27:47.174+05:30 DEBUG 4224 --- [CartOrderService] [DiscoveryClient-CacheRefreshExecutor-0] [                                                 ] o.s.web.client.RestTemplate              : Reading to [org.springframework.cloud.netflix.eureka.http.EurekaApplications]
2026-04-04T11:28:06.079+05:30 DEBUG 4224 --- [CartOrderService] [DiscoveryClient-HeartbeatExecutor-0] [                                                 ] o.s.web.client.RestTemplate              : HTTP PUT http://localhost:8761/eureka/apps/CARTORDERSERVICE/DESKTOP-ECRRR37.mshome.net:CartOrderService:8083?status=UP&lastDirtyTimestamp=1775281953283
2026-04-04T11:28:06.152+05:30 DEBUG 4224 --- [CartOrderService] [DiscoveryClient-HeartbeatExecutor-0] [                                                 ] o.s.web.client.RestTemplate              : Accept=[application/json, application/*+json]
2026-04-04T11:28:06.198+05:30 DEBUG 4224 --- [CartOrderService] [DiscoveryClient-HeartbeatExecutor-0] [                                                 ] o.s.web.client.RestTemplate              : Response 200 OK
2026-04-04T11:28:17.237+05:30 DEBUG 4224 --- [CartOrderService] [DiscoveryClient-CacheRefreshExecutor-0] [                                                 ] o.s.web.client.RestTemplate              : HTTP GET http://localhost:8761/eureka/apps/delta
2026-04-04T11:28:17.318+05:30 DEBUG 4224 --- [CartOrderService] [DiscoveryClient-CacheRefreshExecutor-0] [                                                 ] o.s.web.client.RestTemplate              : Accept=[application/json, application/*+json]
2026-04-04T11:28:17.462+05:30 DEBUG 4224 --- [CartOrderService] [DiscoveryClient-CacheRefreshExecutor-0] [                                                 ] o.s.web.client.RestTemplate              : Response 200 OK
2026-04-04T11:28:17.463+05:30 DEBUG 4224 --- [CartOrderService] [DiscoveryClient-CacheRefreshExecutor-0] [                                                 ] o.s.web.client.RestTemplate              : Reading to [org.springframework.cloud.netflix.eureka.http.EurekaApplications]
2026-04-04T11:28:36.203+05:30 DEBUG 4224 --- [CartOrderService] [DiscoveryClient-HeartbeatExecutor-0] [                                                 ] o.s.web.client.RestTemplate              : HTTP PUT http://localhost:8761/eureka/apps/CARTORDERSERVICE/DESKTOP-ECRRR37.mshome.net:CartOrderService:8083?status=UP&lastDirtyTimestamp=1775281953283
2026-04-04T11:28:36.205+05:30 DEBUG 4224 --- [CartOrderService] [DiscoveryClient-HeartbeatExecutor-0] [                                                 ] o.s.web.client.RestTemplate              : Accept=[application/json, application/*+json]
2026-04-04T11:28:36.223+05:30 DEBUG 4224 --- [CartOrderService] [DiscoveryClient-HeartbeatExecutor-0] [                                                 ] o.s.web.client.RestTemplate              : Response 200 OK
2026-04-04T11:28:48.792+05:30 DEBUG 4224 --- [CartOrderService] [DiscoveryClient-CacheRefreshExecutor-0] [                                                 ] o.s.web.client.RestTemplate              : HTTP GET http://localhost:8761/eureka/apps/delta
2026-04-04T11:28:48.792+05:30 DEBUG 4224 --- [CartOrderService] [DiscoveryClient-CacheRefreshExecutor-0] [                                                 ] o.s.web.client.RestTemplate              : Accept=[application/json, application/*+json]
2026-04-04T11:28:48.803+05:30 DEBUG 4224 --- [CartOrderService] [DiscoveryClient-CacheRefreshExecutor-0] [                                                 ] o.s.web.client.RestTemplate              : Response 200 OK
2026-04-04T11:28:48.804+05:30 DEBUG 4224 --- [CartOrderService] [DiscoveryClient-CacheRefreshExecutor-0] [                                                 ] o.s.web.client.RestTemplate              : Reading to [org.springframework.cloud.netflix.eureka.http.EurekaApplications]
2026-04-04T11:29:06.240+05:30 DEBUG 4224 --- [CartOrderService] [DiscoveryClient-HeartbeatExecutor-0] [                                                 ] o.s.web.client.RestTemplate              : HTTP PUT http://localhost:8761/eureka/apps/CARTORDERSERVICE/DESKTOP-ECRRR37.mshome.net:CartOrderService:8083?status=UP&lastDirtyTimestamp=1775281953283
2026-04-04T11:29:06.242+05:30 DEBUG 4224 --- [CartOrderService] [DiscoveryClient-HeartbeatExecutor-0] [                                                 ] o.s.web.client.RestTemplate              : Accept=[application/json, application/*+json]
2026-04-04T11:29:06.256+05:30 DEBUG 4224 --- [CartOrderService] [DiscoveryClient-HeartbeatExecutor-0] [                                                 ] o.s.web.client.RestTemplate              : Response 200 OK
2026-04-04T11:29:18.824+05:30 DEBUG 4224 --- [CartOrderService] [DiscoveryClient-CacheRefreshExecutor-0] [                                                 ] o.s.web.client.RestTemplate              : HTTP GET http://localhost:8761/eureka/apps/delta
2026-04-04T11:29:18.826+05:30 DEBUG 4224 --- [CartOrderService] [DiscoveryClient-CacheRefreshExecutor-0] [                                                 ] o.s.web.client.RestTemplate              : Accept=[application/json, application/*+json]
2026-04-04T11:29:18.843+05:30 DEBUG 4224 --- [CartOrderService] [DiscoveryClient-CacheRefreshExecutor-0] [                                                 ] o.s.web.client.RestTemplate              : Response 200 OK
2026-04-04T11:29:18.845+05:30 DEBUG 4224 --- [CartOrderService] [DiscoveryClient-CacheRefreshExecutor-0] [                                                 ] o.s.web.client.RestTemplate              : Reading to [org.springframework.cloud.netflix.eureka.http.EurekaApplications]
2026-04-04T11:29:36.278+05:30 DEBUG 4224 --- [CartOrderService] [DiscoveryClient-HeartbeatExecutor-0] [                                                 ] o.s.web.client.RestTemplate              : HTTP PUT http://localhost:8761/eureka/apps/CARTORDERSERVICE/DESKTOP-ECRRR37.mshome.net:CartOrderService:8083?status=UP&lastDirtyTimestamp=1775281953283
2026-04-04T11:29:36.292+05:30 DEBUG 4224 --- [CartOrderService] [DiscoveryClient-HeartbeatExecutor-0] [                                                 ] o.s.web.client.RestTemplate              : Accept=[application/json, application/*+json]
2026-04-04T11:29:36.337+05:30 DEBUG 4224 --- [CartOrderService] [DiscoveryClient-HeartbeatExecutor-0] [                                                 ] o.s.web.client.RestTemplate              : Response 200 OK
2026-04-04T11:29:48.855+05:30 DEBUG 4224 --- [CartOrderService] [DiscoveryClient-CacheRefreshExecutor-0] [                                                 ] o.s.web.client.RestTemplate              : HTTP GET http://localhost:8761/eureka/apps/delta
2026-04-04T11:29:49.619+05:30 DEBUG 4224 --- [CartOrderService] [DiscoveryClient-CacheRefreshExecutor-0] [                                                 ] o.s.web.client.RestTemplate              : Accept=[application/json, application/*+json]
2026-04-04T11:29:49.729+05:30 DEBUG 4224 --- [CartOrderService] [DiscoveryClient-CacheRefreshExecutor-0] [                                                 ] o.s.web.client.RestTemplate              : Response 200 OK
2026-04-04T11:29:49.730+05:30 DEBUG 4224 --- [CartOrderService] [DiscoveryClient-CacheRefreshExecutor-0] [                                                 ] o.s.web.client.RestTemplate              : Reading to [org.springframework.cloud.netflix.eureka.http.EurekaApplications]
2026-04-04T11:30:06.352+05:30 DEBUG 4224 --- [CartOrderService] [DiscoveryClient-HeartbeatExecutor-0] [                                                 ] o.s.web.client.RestTemplate              : HTTP PUT http://localhost:8761/eureka/apps/CARTORDERSERVICE/DESKTOP-ECRRR37.mshome.net:CartOrderService:8083?status=UP&lastDirtyTimestamp=1775281953283
2026-04-04T11:30:06.356+05:30 DEBUG 4224 --- [CartOrderService] [DiscoveryClient-HeartbeatExecutor-0] [                                                 ] o.s.web.client.RestTemplate              : Accept=[application/json, application/*+json]
2026-04-04T11:30:06.374+05:30 DEBUG 4224 --- [CartOrderService] [DiscoveryClient-HeartbeatExecutor-0] [                                                 ] o.s.web.client.RestTemplate              : Response 200 OK
2026-04-04T11:30:19.736+05:30 DEBUG 4224 --- [CartOrderService] [DiscoveryClient-CacheRefreshExecutor-0] [                                                 ] o.s.web.client.RestTemplate              : HTTP GET http://localhost:8761/eureka/apps/delta
2026-04-04T11:30:19.741+05:30 DEBUG 4224 --- [CartOrderService] [DiscoveryClient-CacheRefreshExecutor-0] [                                                 ] o.s.web.client.RestTemplate              : Accept=[application/json, application/*+json]
2026-04-04T11:30:19.756+05:30 DEBUG 4224 --- [CartOrderService] [DiscoveryClient-CacheRefreshExecutor-0] [                                                 ] o.s.web.client.RestTemplate              : Response 200 OK
2026-04-04T11:30:19.756+05:30 DEBUG 4224 --- [CartOrderService] [DiscoveryClient-CacheRefreshExecutor-0] [                                                 ] o.s.web.client.RestTemplate              : Reading to [org.springframework.cloud.netflix.eureka.http.EurekaApplications]
2026-04-04T11:30:37.720+05:30 DEBUG 4224 --- [CartOrderService] [DiscoveryClient-HeartbeatExecutor-0] [                                                 ] o.s.web.client.RestTemplate              : HTTP PUT http://localhost:8761/eureka/apps/CARTORDERSERVICE/DESKTOP-ECRRR37.mshome.net:CartOrderService:8083?status=UP&lastDirtyTimestamp=1775281953283
2026-04-04T11:30:37.721+05:30 DEBUG 4224 --- [CartOrderService] [DiscoveryClient-HeartbeatExecutor-0] [                                                 ] o.s.web.client.RestTemplate              : Accept=[application/json, application/*+json]
2026-04-04T11:30:37.750+05:30 DEBUG 4224 --- [CartOrderService] [DiscoveryClient-HeartbeatExecutor-0] [                                                 ] o.s.web.client.RestTemplate              : Response 200 OK
2026-04-04T11:30:49.770+05:30 DEBUG 4224 --- [CartOrderService] [DiscoveryClient-CacheRefreshExecutor-0] [                                                 ] o.s.web.client.RestTemplate              : HTTP GET http://localhost:8761/eureka/apps/delta
2026-04-04T11:30:49.777+05:30 DEBUG 4224 --- [CartOrderService] [DiscoveryClient-CacheRefreshExecutor-0] [                                                 ] o.s.web.client.RestTemplate              : Accept=[application/json, application/*+json]
2026-04-04T11:30:49.807+05:30 DEBUG 4224 --- [CartOrderService] [DiscoveryClient-CacheRefreshExecutor-0] [                                                 ] o.s.web.client.RestTemplate              : Response 200 OK
2026-04-04T11:30:49.809+05:30 DEBUG 4224 --- [CartOrderService] [DiscoveryClient-CacheRefreshExecutor-0] [                                                 ] o.s.web.client.RestTemplate              : Reading to [org.springframework.cloud.netflix.eureka.http.EurekaApplications]
2026-04-04T11:31:07.923+05:30 DEBUG 4224 --- [CartOrderService] [DiscoveryClient-HeartbeatExecutor-0] [                                                 ] o.s.web.client.RestTemplate              : HTTP PUT http://localhost:8761/eureka/apps/CARTORDERSERVICE/DESKTOP-ECRRR37.mshome.net:CartOrderService:8083?status=UP&lastDirtyTimestamp=1775281953283
2026-04-04T11:31:08.113+05:30 DEBUG 4224 --- [CartOrderService] [DiscoveryClient-HeartbeatExecutor-0] [                                                 ] o.s.web.client.RestTemplate              : Accept=[application/json, application/*+json]
2026-04-04T11:31:08.241+05:30 DEBUG 4224 --- [CartOrderService] [DiscoveryClient-HeartbeatExecutor-0] [                                                 ] o.s.web.client.RestTemplate              : Response 200 OK
2026-04-04T11:31:19.874+05:30 DEBUG 4224 --- [CartOrderService] [DiscoveryClient-CacheRefreshExecutor-0] [                                                 ] o.s.web.client.RestTemplate              : HTTP GET http://localhost:8761/eureka/apps/delta
2026-04-04T11:31:19.875+05:30 DEBUG 4224 --- [CartOrderService] [DiscoveryClient-CacheRefreshExecutor-0] [                                                 ] o.s.web.client.RestTemplate              : Accept=[application/json, application/*+json]
2026-04-04T11:31:19.922+05:30 DEBUG 4224 --- [CartOrderService] [DiscoveryClient-CacheRefreshExecutor-0] [                                                 ] o.s.web.client.RestTemplate              : Response 200 OK
2026-04-04T11:31:19.923+05:30 DEBUG 4224 --- [CartOrderService] [DiscoveryClient-CacheRefreshExecutor-0] [                                                 ] o.s.web.client.RestTemplate              : Reading to [org.springframework.cloud.netflix.eureka.http.EurekaApplications]
2026-04-04T11:31:38.253+05:30 DEBUG 4224 --- [CartOrderService] [DiscoveryClient-HeartbeatExecutor-0] [                                                 ] o.s.web.client.RestTemplate              : HTTP PUT http://localhost:8761/eureka/apps/CARTORDERSERVICE/DESKTOP-ECRRR37.mshome.net:CartOrderService:8083?status=UP&lastDirtyTimestamp=1775281953283
2026-04-04T11:31:38.256+05:30 DEBUG 4224 --- [CartOrderService] [DiscoveryClient-HeartbeatExecutor-0] [                                                 ] o.s.web.client.RestTemplate              : Accept=[application/json, application/*+json]
2026-04-04T11:31:38.278+05:30 DEBUG 4224 --- [CartOrderService] [DiscoveryClient-HeartbeatExecutor-0] [                                                 ] o.s.web.client.RestTemplate              : Response 200 OK
2026-04-04T11:31:49.932+05:30 DEBUG 4224 --- [CartOrderService] [DiscoveryClient-CacheRefreshExecutor-0] [                                                 ] o.s.web.client.RestTemplate              : HTTP GET http://localhost:8761/eureka/apps/delta
2026-04-04T11:31:49.934+05:30 DEBUG 4224 --- [CartOrderService] [DiscoveryClient-CacheRefreshExecutor-0] [                                                 ] o.s.web.client.RestTemplate              : Accept=[application/json, application/*+json]
2026-04-04T11:31:49.969+05:30 DEBUG 4224 --- [CartOrderService] [DiscoveryClient-CacheRefreshExecutor-0] [                                                 ] o.s.web.client.RestTemplate              : Response 200 OK
2026-04-04T11:31:49.970+05:30 DEBUG 4224 --- [CartOrderService] [DiscoveryClient-CacheRefreshExecutor-0] [                                                 ] o.s.web.client.RestTemplate              : Reading to [org.springframework.cloud.netflix.eureka.http.EurekaApplications]
2026-04-04T11:32:08.285+05:30 DEBUG 4224 --- [CartOrderService] [DiscoveryClient-HeartbeatExecutor-0] [                                                 ] o.s.web.client.RestTemplate              : HTTP PUT http://localhost:8761/eureka/apps/CARTORDERSERVICE/DESKTOP-ECRRR37.mshome.net:CartOrderService:8083?status=UP&lastDirtyTimestamp=1775281953283
2026-04-04T11:32:08.286+05:30 DEBUG 4224 --- [CartOrderService] [DiscoveryClient-HeartbeatExecutor-0] [                                                 ] o.s.web.client.RestTemplate              : Accept=[application/json, application/*+json]
2026-04-04T11:32:08.305+05:30 DEBUG 4224 --- [CartOrderService] [DiscoveryClient-HeartbeatExecutor-0] [                                                 ] o.s.web.client.RestTemplate              : Response 200 OK
2026-04-04T11:32:19.992+05:30 DEBUG 4224 --- [CartOrderService] [DiscoveryClient-CacheRefreshExecutor-0] [                                                 ] o.s.web.client.RestTemplate              : HTTP GET http://localhost:8761/eureka/apps/delta
2026-04-04T11:32:19.993+05:30 DEBUG 4224 --- [CartOrderService] [DiscoveryClient-CacheRefreshExecutor-0] [                                                 ] o.s.web.client.RestTemplate              : Accept=[application/json, application/*+json]
2026-04-04T11:32:20.006+05:30 DEBUG 4224 --- [CartOrderService] [DiscoveryClient-CacheRefreshExecutor-0] [                                                 ] o.s.web.client.RestTemplate              : Response 200 OK
2026-04-04T11:32:20.006+05:30 DEBUG 4224 --- [CartOrderService] [DiscoveryClient-CacheRefreshExecutor-0] [                                                 ] o.s.web.client.RestTemplate              : Reading to [org.springframework.cloud.netflix.eureka.http.EurekaApplications]
2026-04-04T11:32:32.946+05:30  INFO 4224 --- [CartOrderService] [AsyncResolver-bootstrap-executor-0] [                                                 ] c.n.d.s.r.aws.ConfigClusterResolver      : Resolving eureka endpoints via configuration
2026-04-04T11:32:38.652+05:30 DEBUG 4224 --- [CartOrderService] [DiscoveryClient-HeartbeatExecutor-0] [                                                 ] o.s.web.client.RestTemplate              : HTTP PUT http://localhost:8761/eureka/apps/CARTORDERSERVICE/DESKTOP-ECRRR37.mshome.net:CartOrderService:8083?status=UP&lastDirtyTimestamp=1775281953283
2026-04-04T11:32:38.653+05:30 DEBUG 4224 --- [CartOrderService] [DiscoveryClient-HeartbeatExecutor-0] [                                                 ] o.s.web.client.RestTemplate              : Accept=[application/json, application/*+json]
2026-04-04T11:32:39.030+05:30 DEBUG 4224 --- [CartOrderService] [DiscoveryClient-HeartbeatExecutor-0] [                                                 ] o.s.web.client.RestTemplate              : Response 200 OK
2026-04-04T11:32:50.021+05:30 DEBUG 4224 --- [CartOrderService] [DiscoveryClient-CacheRefreshExecutor-0] [                                                 ] o.s.web.client.RestTemplate              : HTTP GET http://localhost:8761/eureka/apps/delta
2026-04-04T11:32:50.021+05:30 DEBUG 4224 --- [CartOrderService] [DiscoveryClient-CacheRefreshExecutor-0] [                                                 ] o.s.web.client.RestTemplate              : Accept=[application/json, application/*+json]
2026-04-04T11:32:50.039+05:30 DEBUG 4224 --- [CartOrderService] [DiscoveryClient-CacheRefreshExecutor-0] [                                                 ] o.s.web.client.RestTemplate              : Response 200 OK
2026-04-04T11:32:50.043+05:30 DEBUG 4224 --- [CartOrderService] [DiscoveryClient-CacheRefreshExecutor-0] [                                                 ] o.s.web.client.RestTemplate              : Reading to [org.springframework.cloud.netflix.eureka.http.EurekaApplications]
2026-04-04T11:33:09.046+05:30 DEBUG 4224 --- [CartOrderService] [DiscoveryClient-HeartbeatExecutor-0] [                                                 ] o.s.web.client.RestTemplate              : HTTP PUT http://localhost:8761/eureka/apps/CARTORDERSERVICE/DESKTOP-ECRRR37.mshome.net:CartOrderService:8083?status=UP&lastDirtyTimestamp=1775281953283
2026-04-04T11:33:09.050+05:30 DEBUG 4224 --- [CartOrderService] [DiscoveryClient-HeartbeatExecutor-0] [                                                 ] o.s.web.client.RestTemplate              : Accept=[application/json, application/*+json]
2026-04-04T11:33:09.064+05:30 DEBUG 4224 --- [CartOrderService] [DiscoveryClient-HeartbeatExecutor-0] [                                                 ] o.s.web.client.RestTemplate              : Response 200 OK
2026-04-04T11:33:20.061+05:30 DEBUG 4224 --- [CartOrderService] [DiscoveryClient-CacheRefreshExecutor-0] [                                                 ] o.s.web.client.RestTemplate              : HTTP GET http://localhost:8761/eureka/apps/delta
2026-04-04T11:33:20.062+05:30 DEBUG 4224 --- [CartOrderService] [DiscoveryClient-CacheRefreshExecutor-0] [                                                 ] o.s.web.client.RestTemplate              : Accept=[application/json, application/*+json]
2026-04-04T11:33:20.080+05:30 DEBUG 4224 --- [CartOrderService] [DiscoveryClient-CacheRefreshExecutor-0] [                                                 ] o.s.web.client.RestTemplate              : Response 200 OK
2026-04-04T11:33:20.080+05:30 DEBUG 4224 --- [CartOrderService] [DiscoveryClient-CacheRefreshExecutor-0] [                                                 ] o.s.web.client.RestTemplate              : Reading to [org.springframework.cloud.netflix.eureka.http.EurekaApplications]
2026-04-04T11:33:39.071+05:30 DEBUG 4224 --- [CartOrderService] [DiscoveryClient-HeartbeatExecutor-0] [                                                 ] o.s.web.client.RestTemplate              : HTTP PUT http://localhost:8761/eureka/apps/CARTORDERSERVICE/DESKTOP-ECRRR37.mshome.net:CartOrderService:8083?status=UP&lastDirtyTimestamp=1775281953283
2026-04-04T11:33:39.072+05:30 DEBUG 4224 --- [CartOrderService] [DiscoveryClient-HeartbeatExecutor-0] [                                                 ] o.s.web.client.RestTemplate              : Accept=[application/json, application/*+json]
2026-04-04T11:33:39.088+05:30 DEBUG 4224 --- [CartOrderService] [DiscoveryClient-HeartbeatExecutor-0] [                                                 ] o.s.web.client.RestTemplate              : Response 200 OK
2026-04-04T11:33:50.091+05:30 DEBUG 4224 --- [CartOrderService] [DiscoveryClient-CacheRefreshExecutor-0] [                                                 ] o.s.web.client.RestTemplate              : HTTP GET http://localhost:8761/eureka/apps/delta
2026-04-04T11:33:50.130+05:30 DEBUG 4224 --- [CartOrderService] [DiscoveryClient-CacheRefreshExecutor-0] [                                                 ] o.s.web.client.RestTemplate              : Accept=[application/json, application/*+json]
2026-04-04T11:33:50.142+05:30 DEBUG 4224 --- [CartOrderService] [DiscoveryClient-CacheRefreshExecutor-0] [                                                 ] o.s.web.client.RestTemplate              : Response 200 OK
2026-04-04T11:33:50.142+05:30 DEBUG 4224 --- [CartOrderService] [DiscoveryClient-CacheRefreshExecutor-0] [                                                 ] o.s.web.client.RestTemplate              : Reading to [org.springframework.cloud.netflix.eureka.http.EurekaApplications]
2026-04-04T11:34:09.093+05:30 DEBUG 4224 --- [CartOrderService] [DiscoveryClient-HeartbeatExecutor-0] [                                                 ] o.s.web.client.RestTemplate              : HTTP PUT http://localhost:8761/eureka/apps/CARTORDERSERVICE/DESKTOP-ECRRR37.mshome.net:CartOrderService:8083?status=UP&lastDirtyTimestamp=1775281953283
2026-04-04T11:34:09.094+05:30 DEBUG 4224 --- [CartOrderService] [DiscoveryClient-HeartbeatExecutor-0] [                                                 ] o.s.web.client.RestTemplate              : Accept=[application/json, application/*+json]
2026-04-04T11:34:09.113+05:30 DEBUG 4224 --- [CartOrderService] [DiscoveryClient-HeartbeatExecutor-0] [                                                 ] o.s.web.client.RestTemplate              : Response 200 OK
2026-04-04T11:34:20.244+05:30 DEBUG 4224 --- [CartOrderService] [DiscoveryClient-CacheRefreshExecutor-0] [                                                 ] o.s.web.client.RestTemplate              : HTTP GET http://localhost:8761/eureka/apps/delta
2026-04-04T11:34:20.244+05:30 DEBUG 4224 --- [CartOrderService] [DiscoveryClient-CacheRefreshExecutor-0] [                                                 ] o.s.web.client.RestTemplate              : Accept=[application/json, application/*+json]
2026-04-04T11:34:20.503+05:30 DEBUG 4224 --- [CartOrderService] [DiscoveryClient-CacheRefreshExecutor-0] [                                                 ] o.s.web.client.RestTemplate              : Response 200 OK
2026-04-04T11:34:20.504+05:30 DEBUG 4224 --- [CartOrderService] [DiscoveryClient-CacheRefreshExecutor-0] [                                                 ] o.s.web.client.RestTemplate              : Reading to [org.springframework.cloud.netflix.eureka.http.EurekaApplications]
2026-04-04T11:34:39.128+05:30 DEBUG 4224 --- [CartOrderService] [DiscoveryClient-HeartbeatExecutor-0] [                                                 ] o.s.web.client.RestTemplate              : HTTP PUT http://localhost:8761/eureka/apps/CARTORDERSERVICE/DESKTOP-ECRRR37.mshome.net:CartOrderService:8083?status=UP&lastDirtyTimestamp=1775281953283
2026-04-04T11:34:39.129+05:30 DEBUG 4224 --- [CartOrderService] [DiscoveryClient-HeartbeatExecutor-0] [                                                 ] o.s.web.client.RestTemplate              : Accept=[application/json, application/*+json]
2026-04-04T11:34:39.146+05:30 DEBUG 4224 --- [CartOrderService] [DiscoveryClient-HeartbeatExecutor-0] [                                                 ] o.s.web.client.RestTemplate              : Response 200 OK
2026-04-04T11:34:50.591+05:30 DEBUG 4224 --- [CartOrderService] [DiscoveryClient-CacheRefreshExecutor-0] [                                                 ] o.s.web.client.RestTemplate              : HTTP GET http://localhost:8761/eureka/apps/delta
2026-04-04T11:34:50.592+05:30 DEBUG 4224 --- [CartOrderService] [DiscoveryClient-CacheRefreshExecutor-0] [                                                 ] o.s.web.client.RestTemplate              : Accept=[application/json, application/*+json]
2026-04-04T11:34:50.609+05:30 DEBUG 4224 --- [CartOrderService] [DiscoveryClient-CacheRefreshExecutor-0] [                                                 ] o.s.web.client.RestTemplate              : Response 200 OK
2026-04-04T11:34:50.609+05:30 DEBUG 4224 --- [CartOrderService] [DiscoveryClient-CacheRefreshExecutor-0] [                                                 ] o.s.web.client.RestTemplate              : Reading to [org.springframework.cloud.netflix.eureka.http.EurekaApplications]
2026-04-04T11:35:09.168+05:30 DEBUG 4224 --- [CartOrderService] [DiscoveryClient-HeartbeatExecutor-0] [                                                 ] o.s.web.client.RestTemplate              : HTTP PUT http://localhost:8761/eureka/apps/CARTORDERSERVICE/DESKTOP-ECRRR37.mshome.net:CartOrderService:8083?status=UP&lastDirtyTimestamp=1775281953283
2026-04-04T11:35:09.174+05:30 DEBUG 4224 --- [CartOrderService] [DiscoveryClient-HeartbeatExecutor-0] [                                                 ] o.s.web.client.RestTemplate              : Accept=[application/json, application/*+json]
2026-04-04T11:35:09.197+05:30 DEBUG 4224 --- [CartOrderService] [DiscoveryClient-HeartbeatExecutor-0] [                                                 ] o.s.web.client.RestTemplate              : Response 200 OK
2026-04-04T11:35:20.626+05:30 DEBUG 4224 --- [CartOrderService] [DiscoveryClient-CacheRefreshExecutor-0] [                                                 ] o.s.web.client.RestTemplate              : HTTP GET http://localhost:8761/eureka/apps/delta
2026-04-04T11:35:20.626+05:30 DEBUG 4224 --- [CartOrderService] [DiscoveryClient-CacheRefreshExecutor-0] [                                                 ] o.s.web.client.RestTemplate              : Accept=[application/json, application/*+json]
2026-04-04T11:35:20.645+05:30 DEBUG 4224 --- [CartOrderService] [DiscoveryClient-CacheRefreshExecutor-0] [                                                 ] o.s.web.client.RestTemplate              : Response 200 OK
2026-04-04T11:35:20.646+05:30 DEBUG 4224 --- [CartOrderService] [DiscoveryClient-CacheRefreshExecutor-0] [                                                 ] o.s.web.client.RestTemplate              : Reading to [org.springframework.cloud.netflix.eureka.http.EurekaApplications]
2026-04-04T11:35:39.200+05:30 DEBUG 4224 --- [CartOrderService] [DiscoveryClient-HeartbeatExecutor-0] [                                                 ] o.s.web.client.RestTemplate              : HTTP PUT http://localhost:8761/eureka/apps/CARTORDERSERVICE/DESKTOP-ECRRR37.mshome.net:CartOrderService:8083?status=UP&lastDirtyTimestamp=1775281953283
2026-04-04T11:35:39.201+05:30 DEBUG 4224 --- [CartOrderService] [DiscoveryClient-HeartbeatExecutor-0] [                                                 ] o.s.web.client.RestTemplate              : Accept=[application/json, application/*+json]
2026-04-04T11:35:39.834+05:30 DEBUG 4224 --- [CartOrderService] [DiscoveryClient-HeartbeatExecutor-0] [                                                 ] o.s.web.client.RestTemplate              : Response 200 OK
2026-04-04T11:35:50.657+05:30 DEBUG 4224 --- [CartOrderService] [DiscoveryClient-CacheRefreshExecutor-0] [                                                 ] o.s.web.client.RestTemplate              : HTTP GET http://localhost:8761/eureka/apps/delta
2026-04-04T11:35:50.661+05:30 DEBUG 4224 --- [CartOrderService] [DiscoveryClient-CacheRefreshExecutor-0] [                                                 ] o.s.web.client.RestTemplate              : Accept=[application/json, application/*+json]
2026-04-04T11:35:50.695+05:30 DEBUG 4224 --- [CartOrderService] [DiscoveryClient-CacheRefreshExecutor-0] [                                                 ] o.s.web.client.RestTemplate              : Response 200 OK
2026-04-04T11:35:50.695+05:30 DEBUG 4224 --- [CartOrderService] [DiscoveryClient-CacheRefreshExecutor-0] [                                                 ] o.s.web.client.RestTemplate              : Reading to [org.springframework.cloud.netflix.eureka.http.EurekaApplications]
2026-04-04T11:36:09.936+05:30 DEBUG 4224 --- [CartOrderService] [DiscoveryClient-HeartbeatExecutor-0] [                                                 ] o.s.web.client.RestTemplate              : HTTP PUT http://localhost:8761/eureka/apps/CARTORDERSERVICE/DESKTOP-ECRRR37.mshome.net:CartOrderService:8083?status=UP&lastDirtyTimestamp=1775281953283
2026-04-04T11:36:09.939+05:30 DEBUG 4224 --- [CartOrderService] [DiscoveryClient-HeartbeatExecutor-0] [                                                 ] o.s.web.client.RestTemplate              : Accept=[application/json, application/*+json]
2026-04-04T11:36:09.970+05:30 DEBUG 4224 --- [CartOrderService] [DiscoveryClient-HeartbeatExecutor-0] [                                                 ] o.s.web.client.RestTemplate              : Response 200 OK
2026-04-04T11:36:20.852+05:30 DEBUG 4224 --- [CartOrderService] [DiscoveryClient-CacheRefreshExecutor-0] [                                                 ] o.s.web.client.RestTemplate              : HTTP GET http://localhost:8761/eureka/apps/delta
2026-04-04T11:36:21.172+05:30 DEBUG 4224 --- [CartOrderService] [DiscoveryClient-CacheRefreshExecutor-0] [                                                 ] o.s.web.client.RestTemplate              : Accept=[application/json, application/*+json]
2026-04-04T11:36:27.882+05:30 DEBUG 4224 --- [CartOrderService] [DiscoveryClient-CacheRefreshExecutor-0] [                                                 ] o.s.web.client.RestTemplate              : Response 200 OK
2026-04-04T11:36:29.609+05:30 DEBUG 4224 --- [CartOrderService] [DiscoveryClient-CacheRefreshExecutor-0] [                                                 ] o.s.web.client.RestTemplate              : Reading to [org.springframework.cloud.netflix.eureka.http.EurekaApplications]
2026-04-04T11:36:39.987+05:30 DEBUG 4224 --- [CartOrderService] [DiscoveryClient-HeartbeatExecutor-0] [                                                 ] o.s.web.client.RestTemplate              : HTTP PUT http://localhost:8761/eureka/apps/CARTORDERSERVICE/DESKTOP-ECRRR37.mshome.net:CartOrderService:8083?status=UP&lastDirtyTimestamp=1775281953283
2026-04-04T11:36:39.990+05:30 DEBUG 4224 --- [CartOrderService] [DiscoveryClient-HeartbeatExecutor-0] [                                                 ] o.s.web.client.RestTemplate              : Accept=[application/json, application/*+json]
2026-04-04T11:36:40.008+05:30 DEBUG 4224 --- [CartOrderService] [DiscoveryClient-HeartbeatExecutor-0] [                                                 ] o.s.web.client.RestTemplate              : Response 200 OK
2026-04-04T11:36:59.982+05:30 DEBUG 4224 --- [CartOrderService] [DiscoveryClient-CacheRefreshExecutor-0] [                                                 ] o.s.web.client.RestTemplate              : HTTP GET http://localhost:8761/eureka/apps/delta
2026-04-04T11:36:59.983+05:30 DEBUG 4224 --- [CartOrderService] [DiscoveryClient-CacheRefreshExecutor-0] [                                                 ] o.s.web.client.RestTemplate              : Accept=[application/json, application/*+json]
2026-04-04T11:36:59.998+05:30 DEBUG 4224 --- [CartOrderService] [DiscoveryClient-CacheRefreshExecutor-0] [                                                 ] o.s.web.client.RestTemplate              : Response 200 OK
2026-04-04T11:36:59.998+05:30 DEBUG 4224 --- [CartOrderService] [DiscoveryClient-CacheRefreshExecutor-0] [                                                 ] o.s.web.client.RestTemplate              : Reading to [org.springframework.cloud.netflix.eureka.http.EurekaApplications]
2026-04-04T11:37:10.022+05:30 DEBUG 4224 --- [CartOrderService] [DiscoveryClient-HeartbeatExecutor-0] [                                                 ] o.s.web.client.RestTemplate              : HTTP PUT http://localhost:8761/eureka/apps/CARTORDERSERVICE/DESKTOP-ECRRR37.mshome.net:CartOrderService:8083?status=UP&lastDirtyTimestamp=1775281953283
2026-04-04T11:37:10.022+05:30 DEBUG 4224 --- [CartOrderService] [DiscoveryClient-HeartbeatExecutor-0] [                                                 ] o.s.web.client.RestTemplate              : Accept=[application/json, application/*+json]
2026-04-04T11:37:10.043+05:30 DEBUG 4224 --- [CartOrderService] [DiscoveryClient-HeartbeatExecutor-0] [                                                 ] o.s.web.client.RestTemplate              : Response 200 OK
2026-04-04T11:37:30.007+05:30 DEBUG 4224 --- [CartOrderService] [DiscoveryClient-CacheRefreshExecutor-0] [                                                 ] o.s.web.client.RestTemplate              : HTTP GET http://localhost:8761/eureka/apps/delta
2026-04-04T11:37:30.007+05:30 DEBUG 4224 --- [CartOrderService] [DiscoveryClient-CacheRefreshExecutor-0] [                                                 ] o.s.web.client.RestTemplate              : Accept=[application/json, application/*+json]
2026-04-04T11:37:30.032+05:30 DEBUG 4224 --- [CartOrderService] [DiscoveryClient-CacheRefreshExecutor-0] [                                                 ] o.s.web.client.RestTemplate              : Response 200 OK
2026-04-04T11:37:30.034+05:30 DEBUG 4224 --- [CartOrderService] [DiscoveryClient-CacheRefreshExecutor-0] [                                                 ] o.s.web.client.RestTemplate              : Reading to [org.springframework.cloud.netflix.eureka.http.EurekaApplications]
2026-04-04T11:37:32.964+05:30  INFO 4224 --- [CartOrderService] [AsyncResolver-bootstrap-executor-0] [                                                 ] c.n.d.s.r.aws.ConfigClusterResolver      : Resolving eureka endpoints via configuration
2026-04-04T11:37:40.053+05:30 DEBUG 4224 --- [CartOrderService] [DiscoveryClient-HeartbeatExecutor-0] [                                                 ] o.s.web.client.RestTemplate              : HTTP PUT http://localhost:8761/eureka/apps/CARTORDERSERVICE/DESKTOP-ECRRR37.mshome.net:CartOrderService:8083?status=UP&lastDirtyTimestamp=1775281953283
2026-04-04T11:37:40.054+05:30 DEBUG 4224 --- [CartOrderService] [DiscoveryClient-HeartbeatExecutor-0] [                                                 ] o.s.web.client.RestTemplate              : Accept=[application/json, application/*+json]
2026-04-04T11:37:40.095+05:30 DEBUG 4224 --- [CartOrderService] [DiscoveryClient-HeartbeatExecutor-0] [                                                 ] o.s.web.client.RestTemplate              : Response 200 OK
2026-04-04T11:38:00.046+05:30 DEBUG 4224 --- [CartOrderService] [DiscoveryClient-CacheRefreshExecutor-0] [                                                 ] o.s.web.client.RestTemplate              : HTTP GET http://localhost:8761/eureka/apps/delta
2026-04-04T11:38:00.048+05:30 DEBUG 4224 --- [CartOrderService] [DiscoveryClient-CacheRefreshExecutor-0] [                                                 ] o.s.web.client.RestTemplate              : Accept=[application/json, application/*+json]
2026-04-04T11:38:00.067+05:30 DEBUG 4224 --- [CartOrderService] [DiscoveryClient-CacheRefreshExecutor-0] [                                                 ] o.s.web.client.RestTemplate              : Response 200 OK
2026-04-04T11:38:00.068+05:30 DEBUG 4224 --- [CartOrderService] [DiscoveryClient-CacheRefreshExecutor-0] [                                                 ] o.s.web.client.RestTemplate              : Reading to [org.springframework.cloud.netflix.eureka.http.EurekaApplications]
2026-04-04T11:38:10.106+05:30 DEBUG 4224 --- [CartOrderService] [DiscoveryClient-HeartbeatExecutor-0] [                                                 ] o.s.web.client.RestTemplate              : HTTP PUT http://localhost:8761/eureka/apps/CARTORDERSERVICE/DESKTOP-ECRRR37.mshome.net:CartOrderService:8083?status=UP&lastDirtyTimestamp=1775281953283
2026-04-04T11:38:10.107+05:30 DEBUG 4224 --- [CartOrderService] [DiscoveryClient-HeartbeatExecutor-0] [                                                 ] o.s.web.client.RestTemplate              : Accept=[application/json, application/*+json]
2026-04-04T11:38:10.369+05:30 DEBUG 4224 --- [CartOrderService] [DiscoveryClient-HeartbeatExecutor-0] [                                                 ] o.s.web.client.RestTemplate              : Response 200 OK
2026-04-04T11:38:30.072+05:30 DEBUG 4224 --- [CartOrderService] [DiscoveryClient-CacheRefreshExecutor-0] [                                                 ] o.s.web.client.RestTemplate              : HTTP GET http://localhost:8761/eureka/apps/delta
2026-04-04T11:38:30.072+05:30 DEBUG 4224 --- [CartOrderService] [DiscoveryClient-CacheRefreshExecutor-0] [                                                 ] o.s.web.client.RestTemplate              : Accept=[application/json, application/*+json]
2026-04-04T11:38:30.600+05:30 DEBUG 4224 --- [CartOrderService] [DiscoveryClient-CacheRefreshExecutor-0] [                                                 ] o.s.web.client.RestTemplate              : Response 200 OK
2026-04-04T11:38:30.601+05:30 DEBUG 4224 --- [CartOrderService] [DiscoveryClient-CacheRefreshExecutor-0] [                                                 ] o.s.web.client.RestTemplate              : Reading to [org.springframework.cloud.netflix.eureka.http.EurekaApplications]
2026-04-04T11:38:40.540+05:30 DEBUG 4224 --- [CartOrderService] [DiscoveryClient-HeartbeatExecutor-0] [                                                 ] o.s.web.client.RestTemplate              : HTTP PUT http://localhost:8761/eureka/apps/CARTORDERSERVICE/DESKTOP-ECRRR37.mshome.net:CartOrderService:8083?status=UP&lastDirtyTimestamp=1775281953283
2026-04-04T11:38:40.540+05:30 DEBUG 4224 --- [CartOrderService] [DiscoveryClient-HeartbeatExecutor-0] [                                                 ] o.s.web.client.RestTemplate              : Accept=[application/json, application/*+json]
2026-04-04T11:38:41.020+05:30 DEBUG 4224 --- [CartOrderService] [DiscoveryClient-HeartbeatExecutor-0] [                                                 ] o.s.web.client.RestTemplate              : Response 200 OK
2026-04-04T11:39:00.766+05:30 DEBUG 4224 --- [CartOrderService] [DiscoveryClient-CacheRefreshExecutor-0] [                                                 ] o.s.web.client.RestTemplate              : HTTP GET http://localhost:8761/eureka/apps/delta
2026-04-04T11:39:00.768+05:30 DEBUG 4224 --- [CartOrderService] [DiscoveryClient-CacheRefreshExecutor-0] [                                                 ] o.s.web.client.RestTemplate              : Accept=[application/json, application/*+json]
2026-04-04T11:39:00.788+05:30 DEBUG 4224 --- [CartOrderService] [DiscoveryClient-CacheRefreshExecutor-0] [                                                 ] o.s.web.client.RestTemplate              : Response 200 OK
2026-04-04T11:39:00.793+05:30 DEBUG 4224 --- [CartOrderService] [DiscoveryClient-CacheRefreshExecutor-0] [                                                 ] o.s.web.client.RestTemplate              : Reading to [org.springframework.cloud.netflix.eureka.http.EurekaApplications]
2026-04-04T11:39:11.031+05:30 DEBUG 4224 --- [CartOrderService] [DiscoveryClient-HeartbeatExecutor-0] [                                                 ] o.s.web.client.RestTemplate              : HTTP PUT http://localhost:8761/eureka/apps/CARTORDERSERVICE/DESKTOP-ECRRR37.mshome.net:CartOrderService:8083?status=UP&lastDirtyTimestamp=1775281953283
2026-04-04T11:39:11.032+05:30 DEBUG 4224 --- [CartOrderService] [DiscoveryClient-HeartbeatExecutor-0] [                                                 ] o.s.web.client.RestTemplate              : Accept=[application/json, application/*+json]
2026-04-04T11:39:11.059+05:30 DEBUG 4224 --- [CartOrderService] [DiscoveryClient-HeartbeatExecutor-0] [                                                 ] o.s.web.client.RestTemplate              : Response 200 OK
2026-04-04T11:39:30.891+05:30 DEBUG 4224 --- [CartOrderService] [DiscoveryClient-CacheRefreshExecutor-0] [                                                 ] o.s.web.client.RestTemplate              : HTTP GET http://localhost:8761/eureka/apps/delta
2026-04-04T11:39:31.009+05:30 DEBUG 4224 --- [CartOrderService] [DiscoveryClient-CacheRefreshExecutor-0] [                                                 ] o.s.web.client.RestTemplate              : Accept=[application/json, application/*+json]
2026-04-04T11:39:31.983+05:30 DEBUG 4224 --- [CartOrderService] [DiscoveryClient-CacheRefreshExecutor-0] [                                                 ] o.s.web.client.RestTemplate              : Response 200 OK
2026-04-04T11:39:32.066+05:30 DEBUG 4224 --- [CartOrderService] [DiscoveryClient-CacheRefreshExecutor-0] [                                                 ] o.s.web.client.RestTemplate              : Reading to [org.springframework.cloud.netflix.eureka.http.EurekaApplications]
2026-04-04T11:39:41.110+05:30 DEBUG 4224 --- [CartOrderService] [DiscoveryClient-HeartbeatExecutor-0] [                                                 ] o.s.web.client.RestTemplate              : HTTP PUT http://localhost:8761/eureka/apps/CARTORDERSERVICE/DESKTOP-ECRRR37.mshome.net:CartOrderService:8083?status=UP&lastDirtyTimestamp=1775281953283
2026-04-04T11:39:41.190+05:30 DEBUG 4224 --- [CartOrderService] [DiscoveryClient-HeartbeatExecutor-0] [                                                 ] o.s.web.client.RestTemplate              : Accept=[application/json, application/*+json]
2026-04-04T11:39:41.227+05:30 DEBUG 4224 --- [CartOrderService] [DiscoveryClient-HeartbeatExecutor-0] [                                                 ] o.s.web.client.RestTemplate              : Response 200 OK
2026-04-04T11:40:02.679+05:30 DEBUG 4224 --- [CartOrderService] [DiscoveryClient-CacheRefreshExecutor-0] [                                                 ] o.s.web.client.RestTemplate              : HTTP GET http://localhost:8761/eureka/apps/delta
2026-04-04T11:40:02.679+05:30 DEBUG 4224 --- [CartOrderService] [DiscoveryClient-CacheRefreshExecutor-0] [                                                 ] o.s.web.client.RestTemplate              : Accept=[application/json, application/*+json]
2026-04-04T11:40:02.697+05:30 DEBUG 4224 --- [CartOrderService] [DiscoveryClient-CacheRefreshExecutor-0] [                                                 ] o.s.web.client.RestTemplate              : Response 200 OK
2026-04-04T11:40:02.697+05:30 DEBUG 4224 --- [CartOrderService] [DiscoveryClient-CacheRefreshExecutor-0] [                                                 ] o.s.web.client.RestTemplate              : Reading to [org.springframework.cloud.netflix.eureka.http.EurekaApplications]
2026-04-04T11:40:11.239+05:30 DEBUG 4224 --- [CartOrderService] [DiscoveryClient-HeartbeatExecutor-0] [                                                 ] o.s.web.client.RestTemplate              : HTTP PUT http://localhost:8761/eureka/apps/CARTORDERSERVICE/DESKTOP-ECRRR37.mshome.net:CartOrderService:8083?status=UP&lastDirtyTimestamp=1775281953283
2026-04-04T11:40:11.240+05:30 DEBUG 4224 --- [CartOrderService] [DiscoveryClient-HeartbeatExecutor-0] [                                                 ] o.s.web.client.RestTemplate              : Accept=[application/json, application/*+json]
2026-04-04T11:40:11.258+05:30 DEBUG 4224 --- [CartOrderService] [DiscoveryClient-HeartbeatExecutor-0] [                                                 ] o.s.web.client.RestTemplate              : Response 200 OK
2026-04-04T11:40:32.713+05:30 DEBUG 4224 --- [CartOrderService] [DiscoveryClient-CacheRefreshExecutor-0] [                                                 ] o.s.web.client.RestTemplate              : HTTP GET http://localhost:8761/eureka/apps/delta
2026-04-04T11:40:32.713+05:30 DEBUG 4224 --- [CartOrderService] [DiscoveryClient-CacheRefreshExecutor-0] [                                                 ] o.s.web.client.RestTemplate              : Accept=[application/json, application/*+json]
2026-04-04T11:40:35.888+05:30 DEBUG 4224 --- [CartOrderService] [DiscoveryClient-CacheRefreshExecutor-0] [                                                 ] o.s.web.client.RestTemplate              : Response 200 OK
2026-04-04T11:40:36.003+05:30 DEBUG 4224 --- [CartOrderService] [DiscoveryClient-CacheRefreshExecutor-0] [                                                 ] o.s.web.client.RestTemplate              : Reading to [org.springframework.cloud.netflix.eureka.http.EurekaApplications]
2026-04-04T11:40:41.262+05:30 DEBUG 4224 --- [CartOrderService] [DiscoveryClient-HeartbeatExecutor-0] [                                                 ] o.s.web.client.RestTemplate              : HTTP PUT http://localhost:8761/eureka/apps/CARTORDERSERVICE/DESKTOP-ECRRR37.mshome.net:CartOrderService:8083?status=UP&lastDirtyTimestamp=1775281953283
2026-04-04T11:40:41.263+05:30 DEBUG 4224 --- [CartOrderService] [DiscoveryClient-HeartbeatExecutor-0] [                                                 ] o.s.web.client.RestTemplate              : Accept=[application/json, application/*+json]
2026-04-04T11:40:41.279+05:30 DEBUG 4224 --- [CartOrderService] [DiscoveryClient-HeartbeatExecutor-0] [                                                 ] o.s.web.client.RestTemplate              : Response 200 OK
2026-04-04T11:41:06.018+05:30 DEBUG 4224 --- [CartOrderService] [DiscoveryClient-CacheRefreshExecutor-0] [                                                 ] o.s.web.client.RestTemplate              : HTTP GET http://localhost:8761/eureka/apps/delta
2026-04-04T11:41:06.019+05:30 DEBUG 4224 --- [CartOrderService] [DiscoveryClient-CacheRefreshExecutor-0] [                                                 ] o.s.web.client.RestTemplate              : Accept=[application/json, application/*+json]
2026-04-04T11:41:06.037+05:30 DEBUG 4224 --- [CartOrderService] [DiscoveryClient-CacheRefreshExecutor-0] [                                                 ] o.s.web.client.RestTemplate              : Response 200 OK
2026-04-04T11:41:06.038+05:30 DEBUG 4224 --- [CartOrderService] [DiscoveryClient-CacheRefreshExecutor-0] [                                                 ] o.s.web.client.RestTemplate              : Reading to [org.springframework.cloud.netflix.eureka.http.EurekaApplications]
2026-04-04T11:41:11.290+05:30 DEBUG 4224 --- [CartOrderService] [DiscoveryClient-HeartbeatExecutor-0] [                                                 ] o.s.web.client.RestTemplate              : HTTP PUT http://localhost:8761/eureka/apps/CARTORDERSERVICE/DESKTOP-ECRRR37.mshome.net:CartOrderService:8083?status=UP&lastDirtyTimestamp=1775281953283
2026-04-04T11:41:11.292+05:30 DEBUG 4224 --- [CartOrderService] [DiscoveryClient-HeartbeatExecutor-0] [                                                 ] o.s.web.client.RestTemplate              : Accept=[application/json, application/*+json]
2026-04-04T11:41:11.312+05:30 DEBUG 4224 --- [CartOrderService] [DiscoveryClient-HeartbeatExecutor-0] [                                                 ] o.s.web.client.RestTemplate              : Response 200 OK
2026-04-04T11:41:36.404+05:30 DEBUG 4224 --- [CartOrderService] [DiscoveryClient-CacheRefreshExecutor-0] [                                                 ] o.s.web.client.RestTemplate              : HTTP GET http://localhost:8761/eureka/apps/delta
2026-04-04T11:41:36.519+05:30 DEBUG 4224 --- [CartOrderService] [DiscoveryClient-CacheRefreshExecutor-0] [                                                 ] o.s.web.client.RestTemplate              : Accept=[application/json, application/*+json]
2026-04-04T11:41:37.672+05:30 DEBUG 4224 --- [CartOrderService] [DiscoveryClient-CacheRefreshExecutor-0] [                                                 ] o.s.web.client.RestTemplate              : Response 200 OK
2026-04-04T11:41:37.918+05:30 DEBUG 4224 --- [CartOrderService] [DiscoveryClient-CacheRefreshExecutor-0] [                                                 ] o.s.web.client.RestTemplate              : Reading to [org.springframework.cloud.netflix.eureka.http.EurekaApplications]
2026-04-04T11:41:41.317+05:30 DEBUG 4224 --- [CartOrderService] [DiscoveryClient-HeartbeatExecutor-0] [                                                 ] o.s.web.client.RestTemplate              : HTTP PUT http://localhost:8761/eureka/apps/CARTORDERSERVICE/DESKTOP-ECRRR37.mshome.net:CartOrderService:8083?status=UP&lastDirtyTimestamp=1775281953283
2026-04-04T11:41:41.321+05:30 DEBUG 4224 --- [CartOrderService] [DiscoveryClient-HeartbeatExecutor-0] [                                                 ] o.s.web.client.RestTemplate              : Accept=[application/json, application/*+json]
2026-04-04T11:41:41.344+05:30 DEBUG 4224 --- [CartOrderService] [DiscoveryClient-HeartbeatExecutor-0] [                                                 ] o.s.web.client.RestTemplate              : Response 200 OK
2026-04-04T11:42:07.942+05:30 DEBUG 4224 --- [CartOrderService] [DiscoveryClient-CacheRefreshExecutor-0] [                                                 ] o.s.web.client.RestTemplate              : HTTP GET http://localhost:8761/eureka/apps/delta
2026-04-04T11:42:07.942+05:30 DEBUG 4224 --- [CartOrderService] [DiscoveryClient-CacheRefreshExecutor-0] [                                                 ] o.s.web.client.RestTemplate              : Accept=[application/json, application/*+json]
2026-04-04T11:42:07.959+05:30 DEBUG 4224 --- [CartOrderService] [DiscoveryClient-CacheRefreshExecutor-0] [                                                 ] o.s.web.client.RestTemplate              : Response 200 OK
2026-04-04T11:42:07.960+05:30 DEBUG 4224 --- [CartOrderService] [DiscoveryClient-CacheRefreshExecutor-0] [                                                 ] o.s.web.client.RestTemplate              : Reading to [org.springframework.cloud.netflix.eureka.http.EurekaApplications]
2026-04-04T11:42:11.347+05:30 DEBUG 4224 --- [CartOrderService] [DiscoveryClient-HeartbeatExecutor-0] [                                                 ] o.s.web.client.RestTemplate              : HTTP PUT http://localhost:8761/eureka/apps/CARTORDERSERVICE/DESKTOP-ECRRR37.mshome.net:CartOrderService:8083?status=UP&lastDirtyTimestamp=1775281953283
2026-04-04T11:42:11.348+05:30 DEBUG 4224 --- [CartOrderService] [DiscoveryClient-HeartbeatExecutor-0] [                                                 ] o.s.web.client.RestTemplate              : Accept=[application/json, application/*+json]
2026-04-04T11:42:11.386+05:30 DEBUG 4224 --- [CartOrderService] [DiscoveryClient-HeartbeatExecutor-0] [                                                 ] o.s.web.client.RestTemplate              : Response 200 OK
2026-04-04T11:42:32.995+05:30  INFO 4224 --- [CartOrderService] [AsyncResolver-bootstrap-executor-0] [                                                 ] c.n.d.s.r.aws.ConfigClusterResolver      : Resolving eureka endpoints via configuration
2026-04-04T11:42:37.971+05:30 DEBUG 4224 --- [CartOrderService] [DiscoveryClient-CacheRefreshExecutor-0] [                                                 ] o.s.web.client.RestTemplate              : HTTP GET http://localhost:8761/eureka/apps/delta
2026-04-04T11:42:37.978+05:30 DEBUG 4224 --- [CartOrderService] [DiscoveryClient-CacheRefreshExecutor-0] [                                                 ] o.s.web.client.RestTemplate              : Accept=[application/json, application/*+json]
2026-04-04T11:42:38.005+05:30 DEBUG 4224 --- [CartOrderService] [DiscoveryClient-CacheRefreshExecutor-0] [                                                 ] o.s.web.client.RestTemplate              : Response 200 OK
2026-04-04T11:42:38.006+05:30 DEBUG 4224 --- [CartOrderService] [DiscoveryClient-CacheRefreshExecutor-0] [                                                 ] o.s.web.client.RestTemplate              : Reading to [org.springframework.cloud.netflix.eureka.http.EurekaApplications]
2026-04-04T11:42:41.396+05:30 DEBUG 4224 --- [CartOrderService] [DiscoveryClient-HeartbeatExecutor-0] [                                                 ] o.s.web.client.RestTemplate              : HTTP PUT http://localhost:8761/eureka/apps/CARTORDERSERVICE/DESKTOP-ECRRR37.mshome.net:CartOrderService:8083?status=UP&lastDirtyTimestamp=1775281953283
2026-04-04T11:42:41.397+05:30 DEBUG 4224 --- [CartOrderService] [DiscoveryClient-HeartbeatExecutor-0] [                                                 ] o.s.web.client.RestTemplate              : Accept=[application/json, application/*+json]
2026-04-04T11:42:41.416+05:30 DEBUG 4224 --- [CartOrderService] [DiscoveryClient-HeartbeatExecutor-0] [                                                 ] o.s.web.client.RestTemplate              : Response 200 OK
2026-04-04T11:43:08.050+05:30 DEBUG 4224 --- [CartOrderService] [DiscoveryClient-CacheRefreshExecutor-0] [                                                 ] o.s.web.client.RestTemplate              : HTTP GET http://localhost:8761/eureka/apps/delta
2026-04-04T11:43:08.051+05:30 DEBUG 4224 --- [CartOrderService] [DiscoveryClient-CacheRefreshExecutor-0] [                                                 ] o.s.web.client.RestTemplate              : Accept=[application/json, application/*+json]
2026-04-04T11:43:08.066+05:30 DEBUG 4224 --- [CartOrderService] [DiscoveryClient-CacheRefreshExecutor-0] [                                                 ] o.s.web.client.RestTemplate              : Response 200 OK
2026-04-04T11:43:08.066+05:30 DEBUG 4224 --- [CartOrderService] [DiscoveryClient-CacheRefreshExecutor-0] [                                                 ] o.s.web.client.RestTemplate              : Reading to [org.springframework.cloud.netflix.eureka.http.EurekaApplications]
2026-04-04T11:43:11.909+05:30 DEBUG 4224 --- [CartOrderService] [DiscoveryClient-HeartbeatExecutor-0] [                                                 ] o.s.web.client.RestTemplate              : HTTP PUT http://localhost:8761/eureka/apps/CARTORDERSERVICE/DESKTOP-ECRRR37.mshome.net:CartOrderService:8083?status=UP&lastDirtyTimestamp=1775281953283
2026-04-04T11:43:12.086+05:30 DEBUG 4224 --- [CartOrderService] [DiscoveryClient-HeartbeatExecutor-0] [                                                 ] o.s.web.client.RestTemplate              : Accept=[application/json, application/*+json]
2026-04-04T11:43:12.107+05:30 DEBUG 4224 --- [CartOrderService] [DiscoveryClient-HeartbeatExecutor-0] [                                                 ] o.s.web.client.RestTemplate              : Response 200 OK
2026-04-04T11:43:38.080+05:30 DEBUG 4224 --- [CartOrderService] [DiscoveryClient-CacheRefreshExecutor-0] [                                                 ] o.s.web.client.RestTemplate              : HTTP GET http://localhost:8761/eureka/apps/delta
2026-04-04T11:43:38.082+05:30 DEBUG 4224 --- [CartOrderService] [DiscoveryClient-CacheRefreshExecutor-0] [                                                 ] o.s.web.client.RestTemplate              : Accept=[application/json, application/*+json]
2026-04-04T11:43:38.100+05:30 DEBUG 4224 --- [CartOrderService] [DiscoveryClient-CacheRefreshExecutor-0] [                                                 ] o.s.web.client.RestTemplate              : Response 200 OK
2026-04-04T11:43:38.102+05:30 DEBUG 4224 --- [CartOrderService] [DiscoveryClient-CacheRefreshExecutor-0] [                                                 ] o.s.web.client.RestTemplate              : Reading to [org.springframework.cloud.netflix.eureka.http.EurekaApplications]
2026-04-04T11:43:42.117+05:30 DEBUG 4224 --- [CartOrderService] [DiscoveryClient-HeartbeatExecutor-0] [                                                 ] o.s.web.client.RestTemplate              : HTTP PUT http://localhost:8761/eureka/apps/CARTORDERSERVICE/DESKTOP-ECRRR37.mshome.net:CartOrderService:8083?status=UP&lastDirtyTimestamp=1775281953283
2026-04-04T11:43:42.118+05:30 DEBUG 4224 --- [CartOrderService] [DiscoveryClient-HeartbeatExecutor-0] [                                                 ] o.s.web.client.RestTemplate              : Accept=[application/json, application/*+json]
2026-04-04T11:43:42.709+05:30 DEBUG 4224 --- [CartOrderService] [DiscoveryClient-HeartbeatExecutor-0] [                                                 ] o.s.web.client.RestTemplate              : Response 200 OK
2026-04-04T11:44:08.114+05:30 DEBUG 4224 --- [CartOrderService] [DiscoveryClient-CacheRefreshExecutor-0] [                                                 ] o.s.web.client.RestTemplate              : HTTP GET http://localhost:8761/eureka/apps/delta
2026-04-04T11:44:08.144+05:30 DEBUG 4224 --- [CartOrderService] [DiscoveryClient-CacheRefreshExecutor-0] [                                                 ] o.s.web.client.RestTemplate              : Accept=[application/json, application/*+json]
2026-04-04T11:44:08.161+05:30 DEBUG 4224 --- [CartOrderService] [DiscoveryClient-CacheRefreshExecutor-0] [                                                 ] o.s.web.client.RestTemplate              : Response 200 OK
2026-04-04T11:44:08.163+05:30 DEBUG 4224 --- [CartOrderService] [DiscoveryClient-CacheRefreshExecutor-0] [                                                 ] o.s.web.client.RestTemplate              : Reading to [org.springframework.cloud.netflix.eureka.http.EurekaApplications]
2026-04-04T11:44:13.357+05:30 DEBUG 4224 --- [CartOrderService] [DiscoveryClient-HeartbeatExecutor-0] [                                                 ] o.s.web.client.RestTemplate              : HTTP PUT http://localhost:8761/eureka/apps/CARTORDERSERVICE/DESKTOP-ECRRR37.mshome.net:CartOrderService:8083?status=UP&lastDirtyTimestamp=1775281953283
2026-04-04T11:44:13.360+05:30 DEBUG 4224 --- [CartOrderService] [DiscoveryClient-HeartbeatExecutor-0] [                                                 ] o.s.web.client.RestTemplate              : Accept=[application/json, application/*+json]
2026-04-04T11:44:13.376+05:30 DEBUG 4224 --- [CartOrderService] [DiscoveryClient-HeartbeatExecutor-0] [                                                 ] o.s.web.client.RestTemplate              : Response 200 OK
2026-04-04T11:44:38.176+05:30 DEBUG 4224 --- [CartOrderService] [DiscoveryClient-CacheRefreshExecutor-0] [                                                 ] o.s.web.client.RestTemplate              : HTTP GET http://localhost:8761/eureka/apps/delta
2026-04-04T11:44:38.183+05:30 DEBUG 4224 --- [CartOrderService] [DiscoveryClient-CacheRefreshExecutor-0] [                                                 ] o.s.web.client.RestTemplate              : Accept=[application/json, application/*+json]
2026-04-04T11:44:38.212+05:30 DEBUG 4224 --- [CartOrderService] [DiscoveryClient-CacheRefreshExecutor-0] [                                                 ] o.s.web.client.RestTemplate              : Response 200 OK
2026-04-04T11:44:38.214+05:30 DEBUG 4224 --- [CartOrderService] [DiscoveryClient-CacheRefreshExecutor-0] [                                                 ] o.s.web.client.RestTemplate              : Reading to [org.springframework.cloud.netflix.eureka.http.EurekaApplications]
2026-04-04T11:44:43.387+05:30 DEBUG 4224 --- [CartOrderService] [DiscoveryClient-HeartbeatExecutor-0] [                                                 ] o.s.web.client.RestTemplate              : HTTP PUT http://localhost:8761/eureka/apps/CARTORDERSERVICE/DESKTOP-ECRRR37.mshome.net:CartOrderService:8083?status=UP&lastDirtyTimestamp=1775281953283
2026-04-04T11:44:43.387+05:30 DEBUG 4224 --- [CartOrderService] [DiscoveryClient-HeartbeatExecutor-0] [                                                 ] o.s.web.client.RestTemplate              : Accept=[application/json, application/*+json]
2026-04-04T11:44:43.408+05:30 DEBUG 4224 --- [CartOrderService] [DiscoveryClient-HeartbeatExecutor-0] [                                                 ] o.s.web.client.RestTemplate              : Response 200 OK
2026-04-04T11:45:08.241+05:30 DEBUG 4224 --- [CartOrderService] [DiscoveryClient-CacheRefreshExecutor-0] [                                                 ] o.s.web.client.RestTemplate              : HTTP GET http://localhost:8761/eureka/apps/delta
2026-04-04T11:45:08.242+05:30 DEBUG 4224 --- [CartOrderService] [DiscoveryClient-CacheRefreshExecutor-0] [                                                 ] o.s.web.client.RestTemplate              : Accept=[application/json, application/*+json]
2026-04-04T11:45:08.294+05:30 DEBUG 4224 --- [CartOrderService] [DiscoveryClient-CacheRefreshExecutor-0] [                                                 ] o.s.web.client.RestTemplate              : Response 200 OK
2026-04-04T11:45:08.294+05:30 DEBUG 4224 --- [CartOrderService] [DiscoveryClient-CacheRefreshExecutor-0] [                                                 ] o.s.web.client.RestTemplate              : Reading to [org.springframework.cloud.netflix.eureka.http.EurekaApplications]
2026-04-04T11:45:13.415+05:30 DEBUG 4224 --- [CartOrderService] [DiscoveryClient-HeartbeatExecutor-0] [                                                 ] o.s.web.client.RestTemplate              : HTTP PUT http://localhost:8761/eureka/apps/CARTORDERSERVICE/DESKTOP-ECRRR37.mshome.net:CartOrderService:8083?status=UP&lastDirtyTimestamp=1775281953283
2026-04-04T11:45:13.418+05:30 DEBUG 4224 --- [CartOrderService] [DiscoveryClient-HeartbeatExecutor-0] [                                                 ] o.s.web.client.RestTemplate              : Accept=[application/json, application/*+json]
2026-04-04T11:45:13.434+05:30 DEBUG 4224 --- [CartOrderService] [DiscoveryClient-HeartbeatExecutor-0] [                                                 ] o.s.web.client.RestTemplate              : Response 200 OK
2026-04-04T11:45:38.314+05:30 DEBUG 4224 --- [CartOrderService] [DiscoveryClient-CacheRefreshExecutor-0] [                                                 ] o.s.web.client.RestTemplate              : HTTP GET http://localhost:8761/eureka/apps/delta
2026-04-04T11:45:38.316+05:30 DEBUG 4224 --- [CartOrderService] [DiscoveryClient-CacheRefreshExecutor-0] [                                                 ] o.s.web.client.RestTemplate              : Accept=[application/json, application/*+json]
2026-04-04T11:45:38.331+05:30 DEBUG 4224 --- [CartOrderService] [DiscoveryClient-CacheRefreshExecutor-0] [                                                 ] o.s.web.client.RestTemplate              : Response 200 OK
2026-04-04T11:45:38.332+05:30 DEBUG 4224 --- [CartOrderService] [DiscoveryClient-CacheRefreshExecutor-0] [                                                 ] o.s.web.client.RestTemplate              : Reading to [org.springframework.cloud.netflix.eureka.http.EurekaApplications]
2026-04-04T11:45:43.438+05:30 DEBUG 4224 --- [CartOrderService] [DiscoveryClient-HeartbeatExecutor-0] [                                                 ] o.s.web.client.RestTemplate              : HTTP PUT http://localhost:8761/eureka/apps/CARTORDERSERVICE/DESKTOP-ECRRR37.mshome.net:CartOrderService:8083?status=UP&lastDirtyTimestamp=1775281953283
2026-04-04T11:45:43.457+05:30 DEBUG 4224 --- [CartOrderService] [DiscoveryClient-HeartbeatExecutor-0] [                                                 ] o.s.web.client.RestTemplate              : Accept=[application/json, application/*+json]
2026-04-04T11:45:43.473+05:30 DEBUG 4224 --- [CartOrderService] [DiscoveryClient-HeartbeatExecutor-0] [                                                 ] o.s.web.client.RestTemplate              : Response 200 OK
2026-04-04T11:46:08.343+05:30 DEBUG 4224 --- [CartOrderService] [DiscoveryClient-CacheRefreshExecutor-0] [                                                 ] o.s.web.client.RestTemplate              : HTTP GET http://localhost:8761/eureka/apps/delta
2026-04-04T11:46:08.346+05:30 DEBUG 4224 --- [CartOrderService] [DiscoveryClient-CacheRefreshExecutor-0] [                                                 ] o.s.web.client.RestTemplate              : Accept=[application/json, application/*+json]
2026-04-04T11:46:08.368+05:30 DEBUG 4224 --- [CartOrderService] [DiscoveryClient-CacheRefreshExecutor-0] [                                                 ] o.s.web.client.RestTemplate              : Response 200 OK
2026-04-04T11:46:08.369+05:30 DEBUG 4224 --- [CartOrderService] [DiscoveryClient-CacheRefreshExecutor-0] [                                                 ] o.s.web.client.RestTemplate              : Reading to [org.springframework.cloud.netflix.eureka.http.EurekaApplications]
2026-04-04T11:46:13.851+05:30 DEBUG 4224 --- [CartOrderService] [DiscoveryClient-HeartbeatExecutor-0] [                                                 ] o.s.web.client.RestTemplate              : HTTP PUT http://localhost:8761/eureka/apps/CARTORDERSERVICE/DESKTOP-ECRRR37.mshome.net:CartOrderService:8083?status=UP&lastDirtyTimestamp=1775281953283
2026-04-04T11:46:14.424+05:30 DEBUG 4224 --- [CartOrderService] [DiscoveryClient-HeartbeatExecutor-0] [                                                 ] o.s.web.client.RestTemplate              : Accept=[application/json, application/*+json]
2026-04-04T11:46:14.442+05:30 DEBUG 4224 --- [CartOrderService] [DiscoveryClient-HeartbeatExecutor-0] [                                                 ] o.s.web.client.RestTemplate              : Response 200 OK
2026-04-04T11:46:38.486+05:30 DEBUG 4224 --- [CartOrderService] [DiscoveryClient-CacheRefreshExecutor-0] [                                                 ] o.s.web.client.RestTemplate              : HTTP GET http://localhost:8761/eureka/apps/delta
2026-04-04T11:46:38.622+05:30 DEBUG 4224 --- [CartOrderService] [DiscoveryClient-CacheRefreshExecutor-0] [                                                 ] o.s.web.client.RestTemplate              : Accept=[application/json, application/*+json]
2026-04-04T11:46:38.743+05:30 DEBUG 4224 --- [CartOrderService] [DiscoveryClient-CacheRefreshExecutor-0] [                                                 ] o.s.web.client.RestTemplate              : Response 200 OK
2026-04-04T11:46:38.744+05:30 DEBUG 4224 --- [CartOrderService] [DiscoveryClient-CacheRefreshExecutor-0] [                                                 ] o.s.web.client.RestTemplate              : Reading to [org.springframework.cloud.netflix.eureka.http.EurekaApplications]
2026-04-04T11:46:44.446+05:30 DEBUG 4224 --- [CartOrderService] [DiscoveryClient-HeartbeatExecutor-0] [                                                 ] o.s.web.client.RestTemplate              : HTTP PUT http://localhost:8761/eureka/apps/CARTORDERSERVICE/DESKTOP-ECRRR37.mshome.net:CartOrderService:8083?status=UP&lastDirtyTimestamp=1775281953283
2026-04-04T11:46:44.447+05:30 DEBUG 4224 --- [CartOrderService] [DiscoveryClient-HeartbeatExecutor-0] [                                                 ] o.s.web.client.RestTemplate              : Accept=[application/json, application/*+json]
2026-04-04T11:46:44.604+05:30 DEBUG 4224 --- [CartOrderService] [DiscoveryClient-HeartbeatExecutor-0] [                                                 ] o.s.web.client.RestTemplate              : Response 200 OK
2026-04-04T11:47:08.759+05:30 DEBUG 4224 --- [CartOrderService] [DiscoveryClient-CacheRefreshExecutor-0] [                                                 ] o.s.web.client.RestTemplate              : HTTP GET http://localhost:8761/eureka/apps/delta
2026-04-04T11:47:08.762+05:30 DEBUG 4224 --- [CartOrderService] [DiscoveryClient-CacheRefreshExecutor-0] [                                                 ] o.s.web.client.RestTemplate              : Accept=[application/json, application/*+json]
2026-04-04T11:47:08.777+05:30 DEBUG 4224 --- [CartOrderService] [DiscoveryClient-CacheRefreshExecutor-0] [                                                 ] o.s.web.client.RestTemplate              : Response 200 OK
2026-04-04T11:47:08.778+05:30 DEBUG 4224 --- [CartOrderService] [DiscoveryClient-CacheRefreshExecutor-0] [                                                 ] o.s.web.client.RestTemplate              : Reading to [org.springframework.cloud.netflix.eureka.http.EurekaApplications]
2026-04-04T11:47:14.607+05:30 DEBUG 4224 --- [CartOrderService] [DiscoveryClient-HeartbeatExecutor-0] [                                                 ] o.s.web.client.RestTemplate              : HTTP PUT http://localhost:8761/eureka/apps/CARTORDERSERVICE/DESKTOP-ECRRR37.mshome.net:CartOrderService:8083?status=UP&lastDirtyTimestamp=1775281953283
2026-04-04T11:47:14.767+05:30 DEBUG 4224 --- [CartOrderService] [DiscoveryClient-HeartbeatExecutor-0] [                                                 ] o.s.web.client.RestTemplate              : Accept=[application/json, application/*+json]
2026-04-04T11:47:14.943+05:30 DEBUG 4224 --- [CartOrderService] [DiscoveryClient-HeartbeatExecutor-0] [                                                 ] o.s.web.client.RestTemplate              : Response 200 OK
2026-04-04T11:47:33.025+05:30  INFO 4224 --- [CartOrderService] [AsyncResolver-bootstrap-executor-0] [                                                 ] c.n.d.s.r.aws.ConfigClusterResolver      : Resolving eureka endpoints via configuration
2026-04-04T11:47:38.791+05:30 DEBUG 4224 --- [CartOrderService] [DiscoveryClient-CacheRefreshExecutor-0] [                                                 ] o.s.web.client.RestTemplate              : HTTP GET http://localhost:8761/eureka/apps/delta
2026-04-04T11:47:38.792+05:30 DEBUG 4224 --- [CartOrderService] [DiscoveryClient-CacheRefreshExecutor-0] [                                                 ] o.s.web.client.RestTemplate              : Accept=[application/json, application/*+json]
2026-04-04T11:47:39.651+05:30 DEBUG 4224 --- [CartOrderService] [DiscoveryClient-CacheRefreshExecutor-0] [                                                 ] o.s.web.client.RestTemplate              : Response 200 OK
2026-04-04T11:47:40.218+05:30 DEBUG 4224 --- [CartOrderService] [DiscoveryClient-CacheRefreshExecutor-0] [                                                 ] o.s.web.client.RestTemplate              : Reading to [org.springframework.cloud.netflix.eureka.http.EurekaApplications]
2026-04-04T11:47:45.345+05:30 DEBUG 4224 --- [CartOrderService] [DiscoveryClient-HeartbeatExecutor-0] [                                                 ] o.s.web.client.RestTemplate              : HTTP PUT http://localhost:8761/eureka/apps/CARTORDERSERVICE/DESKTOP-ECRRR37.mshome.net:CartOrderService:8083?status=UP&lastDirtyTimestamp=1775281953283
2026-04-04T11:47:45.345+05:30 DEBUG 4224 --- [CartOrderService] [DiscoveryClient-HeartbeatExecutor-0] [                                                 ] o.s.web.client.RestTemplate              : Accept=[application/json, application/*+json]
2026-04-04T11:47:46.945+05:30 DEBUG 4224 --- [CartOrderService] [DiscoveryClient-HeartbeatExecutor-0] [                                                 ] o.s.web.client.RestTemplate              : Response 200 OK
2026-04-04T11:48:10.383+05:30 DEBUG 4224 --- [CartOrderService] [DiscoveryClient-CacheRefreshExecutor-0] [                                                 ] o.s.web.client.RestTemplate              : HTTP GET http://localhost:8761/eureka/apps/delta
2026-04-04T11:48:10.769+05:30 DEBUG 4224 --- [CartOrderService] [DiscoveryClient-CacheRefreshExecutor-0] [                                                 ] o.s.web.client.RestTemplate              : Accept=[application/json, application/*+json]
2026-04-04T11:48:11.138+05:30 DEBUG 4224 --- [CartOrderService] [DiscoveryClient-CacheRefreshExecutor-0] [                                                 ] o.s.web.client.RestTemplate              : Response 200 OK
2026-04-04T11:48:11.249+05:30 DEBUG 4224 --- [CartOrderService] [DiscoveryClient-CacheRefreshExecutor-0] [                                                 ] o.s.web.client.RestTemplate              : Reading to [org.springframework.cloud.netflix.eureka.http.EurekaApplications]
2026-04-04T11:48:17.277+05:30 DEBUG 4224 --- [CartOrderService] [DiscoveryClient-HeartbeatExecutor-0] [                                                 ] o.s.web.client.RestTemplate              : HTTP PUT http://localhost:8761/eureka/apps/CARTORDERSERVICE/DESKTOP-ECRRR37.mshome.net:CartOrderService:8083?status=UP&lastDirtyTimestamp=1775281953283
2026-04-04T11:48:17.281+05:30 DEBUG 4224 --- [CartOrderService] [DiscoveryClient-HeartbeatExecutor-0] [                                                 ] o.s.web.client.RestTemplate              : Accept=[application/json, application/*+json]
2026-04-04T11:48:17.293+05:30 DEBUG 4224 --- [CartOrderService] [DiscoveryClient-HeartbeatExecutor-0] [                                                 ] o.s.web.client.RestTemplate              : Response 200 OK
2026-04-04T11:48:41.338+05:30 DEBUG 4224 --- [CartOrderService] [DiscoveryClient-CacheRefreshExecutor-0] [                                                 ] o.s.web.client.RestTemplate              : HTTP GET http://localhost:8761/eureka/apps/delta
2026-04-04T11:48:41.340+05:30 DEBUG 4224 --- [CartOrderService] [DiscoveryClient-CacheRefreshExecutor-0] [                                                 ] o.s.web.client.RestTemplate              : Accept=[application/json, application/*+json]
2026-04-04T11:48:41.358+05:30 DEBUG 4224 --- [CartOrderService] [DiscoveryClient-CacheRefreshExecutor-0] [                                                 ] o.s.web.client.RestTemplate              : Response 200 OK
2026-04-04T11:48:41.358+05:30 DEBUG 4224 --- [CartOrderService] [DiscoveryClient-CacheRefreshExecutor-0] [                                                 ] o.s.web.client.RestTemplate              : Reading to [org.springframework.cloud.netflix.eureka.http.EurekaApplications]
2026-04-04T11:48:47.317+05:30 DEBUG 4224 --- [CartOrderService] [DiscoveryClient-HeartbeatExecutor-0] [                                                 ] o.s.web.client.RestTemplate              : HTTP PUT http://localhost:8761/eureka/apps/CARTORDERSERVICE/DESKTOP-ECRRR37.mshome.net:CartOrderService:8083?status=UP&lastDirtyTimestamp=1775281953283
2026-04-04T11:48:47.318+05:30 DEBUG 4224 --- [CartOrderService] [DiscoveryClient-HeartbeatExecutor-0] [                                                 ] o.s.web.client.RestTemplate              : Accept=[application/json, application/*+json]
2026-04-04T11:48:47.352+05:30 DEBUG 4224 --- [CartOrderService] [DiscoveryClient-HeartbeatExecutor-0] [                                                 ] o.s.web.client.RestTemplate              : Response 200 OK
2026-04-04T11:49:11.672+05:30 DEBUG 4224 --- [CartOrderService] [DiscoveryClient-CacheRefreshExecutor-0] [                                                 ] o.s.web.client.RestTemplate              : HTTP GET http://localhost:8761/eureka/apps/delta
2026-04-04T11:49:11.857+05:30 DEBUG 4224 --- [CartOrderService] [DiscoveryClient-CacheRefreshExecutor-0] [                                                 ] o.s.web.client.RestTemplate              : Accept=[application/json, application/*+json]
2026-04-04T11:49:11.868+05:30 DEBUG 4224 --- [CartOrderService] [DiscoveryClient-CacheRefreshExecutor-0] [                                                 ] o.s.web.client.RestTemplate              : Response 200 OK
2026-04-04T11:49:11.868+05:30 DEBUG 4224 --- [CartOrderService] [DiscoveryClient-CacheRefreshExecutor-0] [                                                 ] o.s.web.client.RestTemplate              : Reading to [org.springframework.cloud.netflix.eureka.http.EurekaApplications]
2026-04-04T11:49:17.355+05:30 DEBUG 4224 --- [CartOrderService] [DiscoveryClient-HeartbeatExecutor-0] [                                                 ] o.s.web.client.RestTemplate              : HTTP PUT http://localhost:8761/eureka/apps/CARTORDERSERVICE/DESKTOP-ECRRR37.mshome.net:CartOrderService:8083?status=UP&lastDirtyTimestamp=1775281953283
2026-04-04T11:49:17.355+05:30 DEBUG 4224 --- [CartOrderService] [DiscoveryClient-HeartbeatExecutor-0] [                                                 ] o.s.web.client.RestTemplate              : Accept=[application/json, application/*+json]
2026-04-04T11:49:17.373+05:30 DEBUG 4224 --- [CartOrderService] [DiscoveryClient-HeartbeatExecutor-0] [                                                 ] o.s.web.client.RestTemplate              : Response 200 OK
2026-04-04T11:49:41.893+05:30 DEBUG 4224 --- [CartOrderService] [DiscoveryClient-CacheRefreshExecutor-0] [                                                 ] o.s.web.client.RestTemplate              : HTTP GET http://localhost:8761/eureka/apps/delta
2026-04-04T11:49:41.953+05:30 DEBUG 4224 --- [CartOrderService] [DiscoveryClient-CacheRefreshExecutor-0] [                                                 ] o.s.web.client.RestTemplate              : Accept=[application/json, application/*+json]
2026-04-04T11:49:42.236+05:30 DEBUG 4224 --- [CartOrderService] [DiscoveryClient-CacheRefreshExecutor-0] [                                                 ] o.s.web.client.RestTemplate              : Response 200 OK
2026-04-04T11:49:42.743+05:30 DEBUG 4224 --- [CartOrderService] [DiscoveryClient-CacheRefreshExecutor-0] [                                                 ] o.s.web.client.RestTemplate              : Reading to [org.springframework.cloud.netflix.eureka.http.EurekaApplications]
2026-04-04T11:49:47.386+05:30 DEBUG 4224 --- [CartOrderService] [DiscoveryClient-HeartbeatExecutor-0] [                                                 ] o.s.web.client.RestTemplate              : HTTP PUT http://localhost:8761/eureka/apps/CARTORDERSERVICE/DESKTOP-ECRRR37.mshome.net:CartOrderService:8083?status=UP&lastDirtyTimestamp=1775281953283
2026-04-04T11:49:47.387+05:30 DEBUG 4224 --- [CartOrderService] [DiscoveryClient-HeartbeatExecutor-0] [                                                 ] o.s.web.client.RestTemplate              : Accept=[application/json, application/*+json]
2026-04-04T11:49:47.494+05:30 DEBUG 4224 --- [CartOrderService] [DiscoveryClient-HeartbeatExecutor-0] [                                                 ] o.s.web.client.RestTemplate              : Response 200 OK
2026-04-04T11:50:12.906+05:30 DEBUG 4224 --- [CartOrderService] [DiscoveryClient-CacheRefreshExecutor-0] [                                                 ] o.s.web.client.RestTemplate              : HTTP GET http://localhost:8761/eureka/apps/delta
2026-04-04T11:50:12.908+05:30 DEBUG 4224 --- [CartOrderService] [DiscoveryClient-CacheRefreshExecutor-0] [                                                 ] o.s.web.client.RestTemplate              : Accept=[application/json, application/*+json]
2026-04-04T11:50:13.016+05:30 DEBUG 4224 --- [CartOrderService] [DiscoveryClient-CacheRefreshExecutor-0] [                                                 ] o.s.web.client.RestTemplate              : Response 200 OK
2026-04-04T11:50:13.018+05:30 DEBUG 4224 --- [CartOrderService] [DiscoveryClient-CacheRefreshExecutor-0] [                                                 ] o.s.web.client.RestTemplate              : Reading to [org.springframework.cloud.netflix.eureka.http.EurekaApplications]
2026-04-04T11:50:17.508+05:30 DEBUG 4224 --- [CartOrderService] [DiscoveryClient-HeartbeatExecutor-0] [                                                 ] o.s.web.client.RestTemplate              : HTTP PUT http://localhost:8761/eureka/apps/CARTORDERSERVICE/DESKTOP-ECRRR37.mshome.net:CartOrderService:8083?status=UP&lastDirtyTimestamp=1775281953283
2026-04-04T11:50:17.514+05:30 DEBUG 4224 --- [CartOrderService] [DiscoveryClient-HeartbeatExecutor-0] [                                                 ] o.s.web.client.RestTemplate              : Accept=[application/json, application/*+json]
2026-04-04T11:50:17.528+05:30 DEBUG 4224 --- [CartOrderService] [DiscoveryClient-HeartbeatExecutor-0] [                                                 ] o.s.web.client.RestTemplate              : Response 200 OK
2026-04-04T11:50:43.397+05:30 DEBUG 4224 --- [CartOrderService] [DiscoveryClient-CacheRefreshExecutor-0] [                                                 ] o.s.web.client.RestTemplate              : HTTP GET http://localhost:8761/eureka/apps/delta
2026-04-04T11:50:43.398+05:30 DEBUG 4224 --- [CartOrderService] [DiscoveryClient-CacheRefreshExecutor-0] [                                                 ] o.s.web.client.RestTemplate              : Accept=[application/json, application/*+json]
2026-04-04T11:50:43.662+05:30 DEBUG 4224 --- [CartOrderService] [DiscoveryClient-CacheRefreshExecutor-0] [                                                 ] o.s.web.client.RestTemplate              : Response 200 OK
2026-04-04T11:50:43.662+05:30 DEBUG 4224 --- [CartOrderService] [DiscoveryClient-CacheRefreshExecutor-0] [                                                 ] o.s.web.client.RestTemplate              : Reading to [org.springframework.cloud.netflix.eureka.http.EurekaApplications]
2026-04-04T11:50:47.541+05:30 DEBUG 4224 --- [CartOrderService] [DiscoveryClient-HeartbeatExecutor-0] [                                                 ] o.s.web.client.RestTemplate              : HTTP PUT http://localhost:8761/eureka/apps/CARTORDERSERVICE/DESKTOP-ECRRR37.mshome.net:CartOrderService:8083?status=UP&lastDirtyTimestamp=1775281953283
2026-04-04T11:50:47.542+05:30 DEBUG 4224 --- [CartOrderService] [DiscoveryClient-HeartbeatExecutor-0] [                                                 ] o.s.web.client.RestTemplate              : Accept=[application/json, application/*+json]
2026-04-04T11:50:47.560+05:30 DEBUG 4224 --- [CartOrderService] [DiscoveryClient-HeartbeatExecutor-0] [                                                 ] o.s.web.client.RestTemplate              : Response 200 OK
2026-04-04T11:51:13.681+05:30 DEBUG 4224 --- [CartOrderService] [DiscoveryClient-CacheRefreshExecutor-0] [                                                 ] o.s.web.client.RestTemplate              : HTTP GET http://localhost:8761/eureka/apps/delta
2026-04-04T11:51:13.682+05:30 DEBUG 4224 --- [CartOrderService] [DiscoveryClient-CacheRefreshExecutor-0] [                                                 ] o.s.web.client.RestTemplate              : Accept=[application/json, application/*+json]
2026-04-04T11:51:13.699+05:30 DEBUG 4224 --- [CartOrderService] [DiscoveryClient-CacheRefreshExecutor-0] [                                                 ] o.s.web.client.RestTemplate              : Response 200 OK
2026-04-04T11:51:13.700+05:30 DEBUG 4224 --- [CartOrderService] [DiscoveryClient-CacheRefreshExecutor-0] [                                                 ] o.s.web.client.RestTemplate              : Reading to [org.springframework.cloud.netflix.eureka.http.EurekaApplications]
2026-04-04T11:51:17.564+05:30 DEBUG 4224 --- [CartOrderService] [DiscoveryClient-HeartbeatExecutor-0] [                                                 ] o.s.web.client.RestTemplate              : HTTP PUT http://localhost:8761/eureka/apps/CARTORDERSERVICE/DESKTOP-ECRRR37.mshome.net:CartOrderService:8083?status=UP&lastDirtyTimestamp=1775281953283
2026-04-04T11:51:17.566+05:30 DEBUG 4224 --- [CartOrderService] [DiscoveryClient-HeartbeatExecutor-0] [                                                 ] o.s.web.client.RestTemplate              : Accept=[application/json, application/*+json]
2026-04-04T11:51:17.585+05:30 DEBUG 4224 --- [CartOrderService] [DiscoveryClient-HeartbeatExecutor-0] [                                                 ] o.s.web.client.RestTemplate              : Response 200 OK
2026-04-04T11:51:43.965+05:30 DEBUG 4224 --- [CartOrderService] [DiscoveryClient-CacheRefreshExecutor-0] [                                                 ] o.s.web.client.RestTemplate              : HTTP GET http://localhost:8761/eureka/apps/delta
2026-04-04T11:51:43.966+05:30 DEBUG 4224 --- [CartOrderService] [DiscoveryClient-CacheRefreshExecutor-0] [                                                 ] o.s.web.client.RestTemplate              : Accept=[application/json, application/*+json]
2026-04-04T11:51:44.039+05:30 DEBUG 4224 --- [CartOrderService] [DiscoveryClient-CacheRefreshExecutor-0] [                                                 ] o.s.web.client.RestTemplate              : Response 200 OK
2026-04-04T11:51:44.039+05:30 DEBUG 4224 --- [CartOrderService] [DiscoveryClient-CacheRefreshExecutor-0] [                                                 ] o.s.web.client.RestTemplate              : Reading to [org.springframework.cloud.netflix.eureka.http.EurekaApplications]
2026-04-04T11:51:47.597+05:30 DEBUG 4224 --- [CartOrderService] [DiscoveryClient-HeartbeatExecutor-0] [                                                 ] o.s.web.client.RestTemplate              : HTTP PUT http://localhost:8761/eureka/apps/CARTORDERSERVICE/DESKTOP-ECRRR37.mshome.net:CartOrderService:8083?status=UP&lastDirtyTimestamp=1775281953283
2026-04-04T11:51:47.597+05:30 DEBUG 4224 --- [CartOrderService] [DiscoveryClient-HeartbeatExecutor-0] [                                                 ] o.s.web.client.RestTemplate              : Accept=[application/json, application/*+json]
2026-04-04T11:51:47.608+05:30 DEBUG 4224 --- [CartOrderService] [DiscoveryClient-HeartbeatExecutor-0] [                                                 ] o.s.web.client.RestTemplate              : Response 200 OK
2026-04-04T11:52:14.047+05:30 DEBUG 4224 --- [CartOrderService] [DiscoveryClient-CacheRefreshExecutor-0] [                                                 ] o.s.web.client.RestTemplate              : HTTP GET http://localhost:8761/eureka/apps/delta
2026-04-04T11:52:14.048+05:30 DEBUG 4224 --- [CartOrderService] [DiscoveryClient-CacheRefreshExecutor-0] [                                                 ] o.s.web.client.RestTemplate              : Accept=[application/json, application/*+json]
2026-04-04T11:52:14.064+05:30 DEBUG 4224 --- [CartOrderService] [DiscoveryClient-CacheRefreshExecutor-0] [                                                 ] o.s.web.client.RestTemplate              : Response 200 OK
2026-04-04T11:52:14.065+05:30 DEBUG 4224 --- [CartOrderService] [DiscoveryClient-CacheRefreshExecutor-0] [                                                 ] o.s.web.client.RestTemplate              : Reading to [org.springframework.cloud.netflix.eureka.http.EurekaApplications]
2026-04-04T11:52:17.626+05:30 DEBUG 4224 --- [CartOrderService] [DiscoveryClient-HeartbeatExecutor-0] [                                                 ] o.s.web.client.RestTemplate              : HTTP PUT http://localhost:8761/eureka/apps/CARTORDERSERVICE/DESKTOP-ECRRR37.mshome.net:CartOrderService:8083?status=UP&lastDirtyTimestamp=1775281953283
2026-04-04T11:52:17.626+05:30 DEBUG 4224 --- [CartOrderService] [DiscoveryClient-HeartbeatExecutor-0] [                                                 ] o.s.web.client.RestTemplate              : Accept=[application/json, application/*+json]
2026-04-04T11:52:17.648+05:30 DEBUG 4224 --- [CartOrderService] [DiscoveryClient-HeartbeatExecutor-0] [                                                 ] o.s.web.client.RestTemplate              : Response 200 OK
2026-04-04T11:52:33.040+05:30  INFO 4224 --- [CartOrderService] [AsyncResolver-bootstrap-executor-0] [                                                 ] c.n.d.s.r.aws.ConfigClusterResolver      : Resolving eureka endpoints via configuration
2026-04-04T11:52:44.084+05:30 DEBUG 4224 --- [CartOrderService] [DiscoveryClient-CacheRefreshExecutor-0] [                                                 ] o.s.web.client.RestTemplate              : HTTP GET http://localhost:8761/eureka/apps/delta
2026-04-04T11:52:44.084+05:30 DEBUG 4224 --- [CartOrderService] [DiscoveryClient-CacheRefreshExecutor-0] [                                                 ] o.s.web.client.RestTemplate              : Accept=[application/json, application/*+json]
2026-04-04T11:52:44.101+05:30 DEBUG 4224 --- [CartOrderService] [DiscoveryClient-CacheRefreshExecutor-0] [                                                 ] o.s.web.client.RestTemplate              : Response 200 OK
2026-04-04T11:52:44.101+05:30 DEBUG 4224 --- [CartOrderService] [DiscoveryClient-CacheRefreshExecutor-0] [                                                 ] o.s.web.client.RestTemplate              : Reading to [org.springframework.cloud.netflix.eureka.http.EurekaApplications]
2026-04-04T11:52:47.665+05:30 DEBUG 4224 --- [CartOrderService] [DiscoveryClient-HeartbeatExecutor-0] [                                                 ] o.s.web.client.RestTemplate              : HTTP PUT http://localhost:8761/eureka/apps/CARTORDERSERVICE/DESKTOP-ECRRR37.mshome.net:CartOrderService:8083?status=UP&lastDirtyTimestamp=1775281953283
2026-04-04T11:52:47.665+05:30 DEBUG 4224 --- [CartOrderService] [DiscoveryClient-HeartbeatExecutor-0] [                                                 ] o.s.web.client.RestTemplate              : Accept=[application/json, application/*+json]
2026-04-04T11:52:47.693+05:30 DEBUG 4224 --- [CartOrderService] [DiscoveryClient-HeartbeatExecutor-0] [                                                 ] o.s.web.client.RestTemplate              : Response 200 OK
2026-04-04T11:53:14.199+05:30 DEBUG 4224 --- [CartOrderService] [DiscoveryClient-CacheRefreshExecutor-0] [                                                 ] o.s.web.client.RestTemplate              : HTTP GET http://localhost:8761/eureka/apps/delta
2026-04-04T11:53:14.202+05:30 DEBUG 4224 --- [CartOrderService] [DiscoveryClient-CacheRefreshExecutor-0] [                                                 ] o.s.web.client.RestTemplate              : Accept=[application/json, application/*+json]
2026-04-04T11:53:14.462+05:30 DEBUG 4224 --- [CartOrderService] [DiscoveryClient-CacheRefreshExecutor-0] [                                                 ] o.s.web.client.RestTemplate              : Response 200 OK
2026-04-04T11:53:14.463+05:30 DEBUG 4224 --- [CartOrderService] [DiscoveryClient-CacheRefreshExecutor-0] [                                                 ] o.s.web.client.RestTemplate              : Reading to [org.springframework.cloud.netflix.eureka.http.EurekaApplications]
2026-04-04T11:53:17.709+05:30 DEBUG 4224 --- [CartOrderService] [DiscoveryClient-HeartbeatExecutor-0] [                                                 ] o.s.web.client.RestTemplate              : HTTP PUT http://localhost:8761/eureka/apps/CARTORDERSERVICE/DESKTOP-ECRRR37.mshome.net:CartOrderService:8083?status=UP&lastDirtyTimestamp=1775281953283
2026-04-04T11:53:17.710+05:30 DEBUG 4224 --- [CartOrderService] [DiscoveryClient-HeartbeatExecutor-0] [                                                 ] o.s.web.client.RestTemplate              : Accept=[application/json, application/*+json]
2026-04-04T11:53:17.741+05:30 DEBUG 4224 --- [CartOrderService] [DiscoveryClient-HeartbeatExecutor-0] [                                                 ] o.s.web.client.RestTemplate              : Response 200 OK
2026-04-04T11:53:44.480+05:30 DEBUG 4224 --- [CartOrderService] [DiscoveryClient-CacheRefreshExecutor-0] [                                                 ] o.s.web.client.RestTemplate              : HTTP GET http://localhost:8761/eureka/apps/delta
2026-04-04T11:53:44.481+05:30 DEBUG 4224 --- [CartOrderService] [DiscoveryClient-CacheRefreshExecutor-0] [                                                 ] o.s.web.client.RestTemplate              : Accept=[application/json, application/*+json]
2026-04-04T11:53:44.532+05:30 DEBUG 4224 --- [CartOrderService] [DiscoveryClient-CacheRefreshExecutor-0] [                                                 ] o.s.web.client.RestTemplate              : Response 200 OK
2026-04-04T11:53:44.532+05:30 DEBUG 4224 --- [CartOrderService] [DiscoveryClient-CacheRefreshExecutor-0] [                                                 ] o.s.web.client.RestTemplate              : Reading to [org.springframework.cloud.netflix.eureka.http.EurekaApplications]
2026-04-04T11:53:57.332+05:30 DEBUG 4224 --- [CartOrderService] [DiscoveryClient-HeartbeatExecutor-0] [                                                 ] o.s.web.client.RestTemplate              : HTTP PUT http://localhost:8761/eureka/apps/CARTORDERSERVICE/DESKTOP-ECRRR37.mshome.net:CartOrderService:8083?status=UP&lastDirtyTimestamp=1775281953283
2026-04-04T11:53:57.447+05:30 DEBUG 4224 --- [CartOrderService] [DiscoveryClient-HeartbeatExecutor-0] [                                                 ] o.s.web.client.RestTemplate              : Accept=[application/json, application/*+json]
2026-04-04T11:53:57.467+05:30 DEBUG 4224 --- [CartOrderService] [DiscoveryClient-HeartbeatExecutor-0] [                                                 ] o.s.web.client.RestTemplate              : Response 200 OK
2026-04-04T11:54:14.542+05:30 DEBUG 4224 --- [CartOrderService] [DiscoveryClient-CacheRefreshExecutor-0] [                                                 ] o.s.web.client.RestTemplate              : HTTP GET http://localhost:8761/eureka/apps/delta
2026-04-04T11:54:14.543+05:30 DEBUG 4224 --- [CartOrderService] [DiscoveryClient-CacheRefreshExecutor-0] [                                                 ] o.s.web.client.RestTemplate              : Accept=[application/json, application/*+json]
2026-04-04T11:54:14.559+05:30 DEBUG 4224 --- [CartOrderService] [DiscoveryClient-CacheRefreshExecutor-0] [                                                 ] o.s.web.client.RestTemplate              : Response 200 OK
2026-04-04T11:54:14.559+05:30 DEBUG 4224 --- [CartOrderService] [DiscoveryClient-CacheRefreshExecutor-0] [                                                 ] o.s.web.client.RestTemplate              : Reading to [org.springframework.cloud.netflix.eureka.http.EurekaApplications]
2026-04-04T11:54:27.484+05:30 DEBUG 4224 --- [CartOrderService] [DiscoveryClient-HeartbeatExecutor-0] [                                                 ] o.s.web.client.RestTemplate              : HTTP PUT http://localhost:8761/eureka/apps/CARTORDERSERVICE/DESKTOP-ECRRR37.mshome.net:CartOrderService:8083?status=UP&lastDirtyTimestamp=1775281953283
2026-04-04T11:54:27.485+05:30 DEBUG 4224 --- [CartOrderService] [DiscoveryClient-HeartbeatExecutor-0] [                                                 ] o.s.web.client.RestTemplate              : Accept=[application/json, application/*+json]
2026-04-04T11:54:27.502+05:30 DEBUG 4224 --- [CartOrderService] [DiscoveryClient-HeartbeatExecutor-0] [                                                 ] o.s.web.client.RestTemplate              : Response 200 OK
2026-04-04T11:54:44.567+05:30 DEBUG 4224 --- [CartOrderService] [DiscoveryClient-CacheRefreshExecutor-0] [                                                 ] o.s.web.client.RestTemplate              : HTTP GET http://localhost:8761/eureka/apps/delta
2026-04-04T11:54:44.568+05:30 DEBUG 4224 --- [CartOrderService] [DiscoveryClient-CacheRefreshExecutor-0] [                                                 ] o.s.web.client.RestTemplate              : Accept=[application/json, application/*+json]
2026-04-04T11:54:44.584+05:30 DEBUG 4224 --- [CartOrderService] [DiscoveryClient-CacheRefreshExecutor-0] [                                                 ] o.s.web.client.RestTemplate              : Response 200 OK
2026-04-04T11:54:44.585+05:30 DEBUG 4224 --- [CartOrderService] [DiscoveryClient-CacheRefreshExecutor-0] [                                                 ] o.s.web.client.RestTemplate              : Reading to [org.springframework.cloud.netflix.eureka.http.EurekaApplications]
2026-04-04T11:54:57.506+05:30 DEBUG 4224 --- [CartOrderService] [DiscoveryClient-HeartbeatExecutor-0] [                                                 ] o.s.web.client.RestTemplate              : HTTP PUT http://localhost:8761/eureka/apps/CARTORDERSERVICE/DESKTOP-ECRRR37.mshome.net:CartOrderService:8083?status=UP&lastDirtyTimestamp=1775281953283
2026-04-04T11:54:57.507+05:30 DEBUG 4224 --- [CartOrderService] [DiscoveryClient-HeartbeatExecutor-0] [                                                 ] o.s.web.client.RestTemplate              : Accept=[application/json, application/*+json]
2026-04-04T11:54:57.524+05:30 DEBUG 4224 --- [CartOrderService] [DiscoveryClient-HeartbeatExecutor-0] [                                                 ] o.s.web.client.RestTemplate              : Response 200 OK
2026-04-04T11:55:14.696+05:30 DEBUG 4224 --- [CartOrderService] [DiscoveryClient-CacheRefreshExecutor-0] [                                                 ] o.s.web.client.RestTemplate              : HTTP GET http://localhost:8761/eureka/apps/delta
2026-04-04T11:55:14.696+05:30 DEBUG 4224 --- [CartOrderService] [DiscoveryClient-CacheRefreshExecutor-0] [                                                 ] o.s.web.client.RestTemplate              : Accept=[application/json, application/*+json]
2026-04-04T11:55:14.712+05:30 DEBUG 4224 --- [CartOrderService] [DiscoveryClient-CacheRefreshExecutor-0] [                                                 ] o.s.web.client.RestTemplate              : Response 200 OK
2026-04-04T11:55:14.713+05:30 DEBUG 4224 --- [CartOrderService] [DiscoveryClient-CacheRefreshExecutor-0] [                                                 ] o.s.web.client.RestTemplate              : Reading to [org.springframework.cloud.netflix.eureka.http.EurekaApplications]
2026-04-04T11:55:27.528+05:30 DEBUG 4224 --- [CartOrderService] [DiscoveryClient-HeartbeatExecutor-0] [                                                 ] o.s.web.client.RestTemplate              : HTTP PUT http://localhost:8761/eureka/apps/CARTORDERSERVICE/DESKTOP-ECRRR37.mshome.net:CartOrderService:8083?status=UP&lastDirtyTimestamp=1775281953283
2026-04-04T11:55:27.528+05:30 DEBUG 4224 --- [CartOrderService] [DiscoveryClient-HeartbeatExecutor-0] [                                                 ] o.s.web.client.RestTemplate              : Accept=[application/json, application/*+json]
2026-04-04T11:55:27.545+05:30 DEBUG 4224 --- [CartOrderService] [DiscoveryClient-HeartbeatExecutor-0] [                                                 ] o.s.web.client.RestTemplate              : Response 200 OK
2026-04-04T11:55:44.730+05:30 DEBUG 4224 --- [CartOrderService] [DiscoveryClient-CacheRefreshExecutor-0] [                                                 ] o.s.web.client.RestTemplate              : HTTP GET http://localhost:8761/eureka/apps/delta
2026-04-04T11:55:44.731+05:30 DEBUG 4224 --- [CartOrderService] [DiscoveryClient-CacheRefreshExecutor-0] [                                                 ] o.s.web.client.RestTemplate              : Accept=[application/json, application/*+json]
2026-04-04T11:55:44.749+05:30 DEBUG 4224 --- [CartOrderService] [DiscoveryClient-CacheRefreshExecutor-0] [                                                 ] o.s.web.client.RestTemplate              : Response 200 OK
2026-04-04T11:55:44.749+05:30 DEBUG 4224 --- [CartOrderService] [DiscoveryClient-CacheRefreshExecutor-0] [                                                 ] o.s.web.client.RestTemplate              : Reading to [org.springframework.cloud.netflix.eureka.http.EurekaApplications]
2026-04-04T11:55:57.549+05:30 DEBUG 4224 --- [CartOrderService] [DiscoveryClient-HeartbeatExecutor-0] [                                                 ] o.s.web.client.RestTemplate              : HTTP PUT http://localhost:8761/eureka/apps/CARTORDERSERVICE/DESKTOP-ECRRR37.mshome.net:CartOrderService:8083?status=UP&lastDirtyTimestamp=1775281953283
2026-04-04T11:55:57.549+05:30 DEBUG 4224 --- [CartOrderService] [DiscoveryClient-HeartbeatExecutor-0] [                                                 ] o.s.web.client.RestTemplate              : Accept=[application/json, application/*+json]
2026-04-04T11:55:57.565+05:30 DEBUG 4224 --- [CartOrderService] [DiscoveryClient-HeartbeatExecutor-0] [                                                 ] o.s.web.client.RestTemplate              : Response 200 OK
2026-04-04T11:56:14.775+05:30 DEBUG 4224 --- [CartOrderService] [DiscoveryClient-CacheRefreshExecutor-0] [                                                 ] o.s.web.client.RestTemplate              : HTTP GET http://localhost:8761/eureka/apps/delta
2026-04-04T11:56:14.775+05:30 DEBUG 4224 --- [CartOrderService] [DiscoveryClient-CacheRefreshExecutor-0] [                                                 ] o.s.web.client.RestTemplate              : Accept=[application/json, application/*+json]
2026-04-04T11:56:14.813+05:30 DEBUG 4224 --- [CartOrderService] [DiscoveryClient-CacheRefreshExecutor-0] [                                                 ] o.s.web.client.RestTemplate              : Response 200 OK
2026-04-04T11:56:14.813+05:30 DEBUG 4224 --- [CartOrderService] [DiscoveryClient-CacheRefreshExecutor-0] [                                                 ] o.s.web.client.RestTemplate              : Reading to [org.springframework.cloud.netflix.eureka.http.EurekaApplications]
2026-04-04T11:56:27.577+05:30 DEBUG 4224 --- [CartOrderService] [DiscoveryClient-HeartbeatExecutor-0] [                                                 ] o.s.web.client.RestTemplate              : HTTP PUT http://localhost:8761/eureka/apps/CARTORDERSERVICE/DESKTOP-ECRRR37.mshome.net:CartOrderService:8083?status=UP&lastDirtyTimestamp=1775281953283
2026-04-04T11:56:27.578+05:30 DEBUG 4224 --- [CartOrderService] [DiscoveryClient-HeartbeatExecutor-0] [                                                 ] o.s.web.client.RestTemplate              : Accept=[application/json, application/*+json]
2026-04-04T11:56:29.435+05:30 DEBUG 4224 --- [CartOrderService] [DiscoveryClient-HeartbeatExecutor-0] [                                                 ] o.s.web.client.RestTemplate              : Response 200 OK
2026-04-04T11:56:44.822+05:30 DEBUG 4224 --- [CartOrderService] [DiscoveryClient-CacheRefreshExecutor-0] [                                                 ] o.s.web.client.RestTemplate              : HTTP GET http://localhost:8761/eureka/apps/delta
2026-04-04T11:56:44.822+05:30 DEBUG 4224 --- [CartOrderService] [DiscoveryClient-CacheRefreshExecutor-0] [                                                 ] o.s.web.client.RestTemplate              : Accept=[application/json, application/*+json]
2026-04-04T11:56:44.896+05:30 DEBUG 4224 --- [CartOrderService] [DiscoveryClient-CacheRefreshExecutor-0] [                                                 ] o.s.web.client.RestTemplate              : Response 200 OK
2026-04-04T11:56:44.897+05:30 DEBUG 4224 --- [CartOrderService] [DiscoveryClient-CacheRefreshExecutor-0] [                                                 ] o.s.web.client.RestTemplate              : Reading to [org.springframework.cloud.netflix.eureka.http.EurekaApplications]
2026-04-04T11:56:59.448+05:30 DEBUG 4224 --- [CartOrderService] [DiscoveryClient-HeartbeatExecutor-0] [                                                 ] o.s.web.client.RestTemplate              : HTTP PUT http://localhost:8761/eureka/apps/CARTORDERSERVICE/DESKTOP-ECRRR37.mshome.net:CartOrderService:8083?status=UP&lastDirtyTimestamp=1775281953283
2026-04-04T11:56:59.448+05:30 DEBUG 4224 --- [CartOrderService] [DiscoveryClient-HeartbeatExecutor-0] [                                                 ] o.s.web.client.RestTemplate              : Accept=[application/json, application/*+json]
2026-04-04T11:56:59.466+05:30 DEBUG 4224 --- [CartOrderService] [DiscoveryClient-HeartbeatExecutor-0] [                                                 ] o.s.web.client.RestTemplate              : Response 200 OK
2026-04-04T11:57:14.909+05:30 DEBUG 4224 --- [CartOrderService] [DiscoveryClient-CacheRefreshExecutor-0] [                                                 ] o.s.web.client.RestTemplate              : HTTP GET http://localhost:8761/eureka/apps/delta
2026-04-04T11:57:14.909+05:30 DEBUG 4224 --- [CartOrderService] [DiscoveryClient-CacheRefreshExecutor-0] [                                                 ] o.s.web.client.RestTemplate              : Accept=[application/json, application/*+json]
2026-04-04T11:57:14.927+05:30 DEBUG 4224 --- [CartOrderService] [DiscoveryClient-CacheRefreshExecutor-0] [                                                 ] o.s.web.client.RestTemplate              : Response 200 OK
2026-04-04T11:57:14.927+05:30 DEBUG 4224 --- [CartOrderService] [DiscoveryClient-CacheRefreshExecutor-0] [                                                 ] o.s.web.client.RestTemplate              : Reading to [org.springframework.cloud.netflix.eureka.http.EurekaApplications]
2026-04-04T11:57:29.469+05:30 DEBUG 4224 --- [CartOrderService] [DiscoveryClient-HeartbeatExecutor-0] [                                                 ] o.s.web.client.RestTemplate              : HTTP PUT http://localhost:8761/eureka/apps/CARTORDERSERVICE/DESKTOP-ECRRR37.mshome.net:CartOrderService:8083?status=UP&lastDirtyTimestamp=1775281953283
2026-04-04T11:57:29.469+05:30 DEBUG 4224 --- [CartOrderService] [DiscoveryClient-HeartbeatExecutor-0] [                                                 ] o.s.web.client.RestTemplate              : Accept=[application/json, application/*+json]
2026-04-04T11:57:29.524+05:30 DEBUG 4224 --- [CartOrderService] [DiscoveryClient-HeartbeatExecutor-0] [                                                 ] o.s.web.client.RestTemplate              : Response 200 OK
2026-04-04T11:57:33.058+05:30  INFO 4224 --- [CartOrderService] [AsyncResolver-bootstrap-executor-0] [                                                 ] c.n.d.s.r.aws.ConfigClusterResolver      : Resolving eureka endpoints via configuration
2026-04-04T11:57:44.930+05:30 DEBUG 4224 --- [CartOrderService] [DiscoveryClient-CacheRefreshExecutor-0] [                                                 ] o.s.web.client.RestTemplate              : HTTP GET http://localhost:8761/eureka/apps/delta
2026-04-04T11:57:44.931+05:30 DEBUG 4224 --- [CartOrderService] [DiscoveryClient-CacheRefreshExecutor-0] [                                                 ] o.s.web.client.RestTemplate              : Accept=[application/json, application/*+json]
2026-04-04T11:57:44.952+05:30 DEBUG 4224 --- [CartOrderService] [DiscoveryClient-CacheRefreshExecutor-0] [                                                 ] o.s.web.client.RestTemplate              : Response 200 OK
2026-04-04T11:57:44.953+05:30 DEBUG 4224 --- [CartOrderService] [DiscoveryClient-CacheRefreshExecutor-0] [                                                 ] o.s.web.client.RestTemplate              : Reading to [org.springframework.cloud.netflix.eureka.http.EurekaApplications]
2026-04-04T11:57:59.533+05:30 DEBUG 4224 --- [CartOrderService] [DiscoveryClient-HeartbeatExecutor-0] [                                                 ] o.s.web.client.RestTemplate              : HTTP PUT http://localhost:8761/eureka/apps/CARTORDERSERVICE/DESKTOP-ECRRR37.mshome.net:CartOrderService:8083?status=UP&lastDirtyTimestamp=1775281953283
2026-04-04T11:57:59.535+05:30 DEBUG 4224 --- [CartOrderService] [DiscoveryClient-HeartbeatExecutor-0] [                                                 ] o.s.web.client.RestTemplate              : Accept=[application/json, application/*+json]
2026-04-04T11:57:59.553+05:30 DEBUG 4224 --- [CartOrderService] [DiscoveryClient-HeartbeatExecutor-0] [                                                 ] o.s.web.client.RestTemplate              : Response 200 OK
2026-04-04T11:58:14.971+05:30 DEBUG 4224 --- [CartOrderService] [DiscoveryClient-CacheRefreshExecutor-0] [                                                 ] o.s.web.client.RestTemplate              : HTTP GET http://localhost:8761/eureka/apps/delta
2026-04-04T11:58:14.973+05:30 DEBUG 4224 --- [CartOrderService] [DiscoveryClient-CacheRefreshExecutor-0] [                                                 ] o.s.web.client.RestTemplate              : Accept=[application/json, application/*+json]
2026-04-04T11:58:14.994+05:30 DEBUG 4224 --- [CartOrderService] [DiscoveryClient-CacheRefreshExecutor-0] [                                                 ] o.s.web.client.RestTemplate              : Response 200 OK
2026-04-04T11:58:14.995+05:30 DEBUG 4224 --- [CartOrderService] [DiscoveryClient-CacheRefreshExecutor-0] [                                                 ] o.s.web.client.RestTemplate              : Reading to [org.springframework.cloud.netflix.eureka.http.EurekaApplications]
2026-04-04T11:58:29.559+05:30 DEBUG 4224 --- [CartOrderService] [DiscoveryClient-HeartbeatExecutor-0] [                                                 ] o.s.web.client.RestTemplate              : HTTP PUT http://localhost:8761/eureka/apps/CARTORDERSERVICE/DESKTOP-ECRRR37.mshome.net:CartOrderService:8083?status=UP&lastDirtyTimestamp=1775281953283
2026-04-04T11:58:29.754+05:30 DEBUG 4224 --- [CartOrderService] [DiscoveryClient-HeartbeatExecutor-0] [                                                 ] o.s.web.client.RestTemplate              : Accept=[application/json, application/*+json]
2026-04-04T11:58:30.221+05:30 DEBUG 4224 --- [CartOrderService] [DiscoveryClient-HeartbeatExecutor-0] [                                                 ] o.s.web.client.RestTemplate              : Response 200 OK
2026-04-04T11:58:45.004+05:30 DEBUG 4224 --- [CartOrderService] [DiscoveryClient-CacheRefreshExecutor-0] [                                                 ] o.s.web.client.RestTemplate              : HTTP GET http://localhost:8761/eureka/apps/delta
2026-04-04T11:58:45.004+05:30 DEBUG 4224 --- [CartOrderService] [DiscoveryClient-CacheRefreshExecutor-0] [                                                 ] o.s.web.client.RestTemplate              : Accept=[application/json, application/*+json]
2026-04-04T11:58:45.022+05:30 DEBUG 4224 --- [CartOrderService] [DiscoveryClient-CacheRefreshExecutor-0] [                                                 ] o.s.web.client.RestTemplate              : Response 200 OK
2026-04-04T11:58:45.022+05:30 DEBUG 4224 --- [CartOrderService] [DiscoveryClient-CacheRefreshExecutor-0] [                                                 ] o.s.web.client.RestTemplate              : Reading to [org.springframework.cloud.netflix.eureka.http.EurekaApplications]
2026-04-04T11:59:00.232+05:30 DEBUG 4224 --- [CartOrderService] [DiscoveryClient-HeartbeatExecutor-0] [                                                 ] o.s.web.client.RestTemplate              : HTTP PUT http://localhost:8761/eureka/apps/CARTORDERSERVICE/DESKTOP-ECRRR37.mshome.net:CartOrderService:8083?status=UP&lastDirtyTimestamp=1775281953283
2026-04-04T11:59:00.233+05:30 DEBUG 4224 --- [CartOrderService] [DiscoveryClient-HeartbeatExecutor-0] [                                                 ] o.s.web.client.RestTemplate              : Accept=[application/json, application/*+json]
2026-04-04T11:59:00.250+05:30 DEBUG 4224 --- [CartOrderService] [DiscoveryClient-HeartbeatExecutor-0] [                                                 ] o.s.web.client.RestTemplate              : Response 200 OK
2026-04-04T11:59:15.031+05:30 DEBUG 4224 --- [CartOrderService] [DiscoveryClient-CacheRefreshExecutor-0] [                                                 ] o.s.web.client.RestTemplate              : HTTP GET http://localhost:8761/eureka/apps/delta
2026-04-04T11:59:15.031+05:30 DEBUG 4224 --- [CartOrderService] [DiscoveryClient-CacheRefreshExecutor-0] [                                                 ] o.s.web.client.RestTemplate              : Accept=[application/json, application/*+json]
2026-04-04T11:59:15.052+05:30 DEBUG 4224 --- [CartOrderService] [DiscoveryClient-CacheRefreshExecutor-0] [                                                 ] o.s.web.client.RestTemplate              : Response 200 OK
2026-04-04T11:59:15.052+05:30 DEBUG 4224 --- [CartOrderService] [DiscoveryClient-CacheRefreshExecutor-0] [                                                 ] o.s.web.client.RestTemplate              : Reading to [org.springframework.cloud.netflix.eureka.http.EurekaApplications]
2026-04-04T11:59:30.265+05:30 DEBUG 4224 --- [CartOrderService] [DiscoveryClient-HeartbeatExecutor-0] [                                                 ] o.s.web.client.RestTemplate              : HTTP PUT http://localhost:8761/eureka/apps/CARTORDERSERVICE/DESKTOP-ECRRR37.mshome.net:CartOrderService:8083?status=UP&lastDirtyTimestamp=1775281953283
2026-04-04T11:59:30.266+05:30 DEBUG 4224 --- [CartOrderService] [DiscoveryClient-HeartbeatExecutor-0] [                                                 ] o.s.web.client.RestTemplate              : Accept=[application/json, application/*+json]
2026-04-04T11:59:30.283+05:30 DEBUG 4224 --- [CartOrderService] [DiscoveryClient-HeartbeatExecutor-0] [                                                 ] o.s.web.client.RestTemplate              : Response 200 OK
2026-04-04T11:59:45.054+05:30 DEBUG 4224 --- [CartOrderService] [DiscoveryClient-CacheRefreshExecutor-0] [                                                 ] o.s.web.client.RestTemplate              : HTTP GET http://localhost:8761/eureka/apps/delta
2026-04-04T11:59:45.055+05:30 DEBUG 4224 --- [CartOrderService] [DiscoveryClient-CacheRefreshExecutor-0] [                                                 ] o.s.web.client.RestTemplate              : Accept=[application/json, application/*+json]
2026-04-04T11:59:45.075+05:30 DEBUG 4224 --- [CartOrderService] [DiscoveryClient-CacheRefreshExecutor-0] [                                                 ] o.s.web.client.RestTemplate              : Response 200 OK
2026-04-04T11:59:45.076+05:30 DEBUG 4224 --- [CartOrderService] [DiscoveryClient-CacheRefreshExecutor-0] [                                                 ] o.s.web.client.RestTemplate              : Reading to [org.springframework.cloud.netflix.eureka.http.EurekaApplications]
2026-04-04T12:00:00.294+05:30 DEBUG 4224 --- [CartOrderService] [DiscoveryClient-HeartbeatExecutor-0] [                                                 ] o.s.web.client.RestTemplate              : HTTP PUT http://localhost:8761/eureka/apps/CARTORDERSERVICE/DESKTOP-ECRRR37.mshome.net:CartOrderService:8083?status=UP&lastDirtyTimestamp=1775281953283
2026-04-04T12:00:00.294+05:30 DEBUG 4224 --- [CartOrderService] [DiscoveryClient-HeartbeatExecutor-0] [                                                 ] o.s.web.client.RestTemplate              : Accept=[application/json, application/*+json]
2026-04-04T12:00:00.597+05:30 DEBUG 4224 --- [CartOrderService] [DiscoveryClient-HeartbeatExecutor-0] [                                                 ] o.s.web.client.RestTemplate              : Response 200 OK
2026-04-04T12:00:15.084+05:30 DEBUG 4224 --- [CartOrderService] [DiscoveryClient-CacheRefreshExecutor-0] [                                                 ] o.s.web.client.RestTemplate              : HTTP GET http://localhost:8761/eureka/apps/delta
2026-04-04T12:00:15.085+05:30 DEBUG 4224 --- [CartOrderService] [DiscoveryClient-CacheRefreshExecutor-0] [                                                 ] o.s.web.client.RestTemplate              : Accept=[application/json, application/*+json]
2026-04-04T12:00:15.104+05:30 DEBUG 4224 --- [CartOrderService] [DiscoveryClient-CacheRefreshExecutor-0] [                                                 ] o.s.web.client.RestTemplate              : Response 200 OK
2026-04-04T12:00:15.105+05:30 DEBUG 4224 --- [CartOrderService] [DiscoveryClient-CacheRefreshExecutor-0] [                                                 ] o.s.web.client.RestTemplate              : Reading to [org.springframework.cloud.netflix.eureka.http.EurekaApplications]
2026-04-04T12:00:30.605+05:30 DEBUG 4224 --- [CartOrderService] [DiscoveryClient-HeartbeatExecutor-0] [                                                 ] o.s.web.client.RestTemplate              : HTTP PUT http://localhost:8761/eureka/apps/CARTORDERSERVICE/DESKTOP-ECRRR37.mshome.net:CartOrderService:8083?status=UP&lastDirtyTimestamp=1775281953283
2026-04-04T12:00:30.605+05:30 DEBUG 4224 --- [CartOrderService] [DiscoveryClient-HeartbeatExecutor-0] [                                                 ] o.s.web.client.RestTemplate              : Accept=[application/json, application/*+json]
2026-04-04T12:00:30.625+05:30 DEBUG 4224 --- [CartOrderService] [DiscoveryClient-HeartbeatExecutor-0] [                                                 ] o.s.web.client.RestTemplate              : Response 200 OK
2026-04-04T12:00:45.119+05:30 DEBUG 4224 --- [CartOrderService] [DiscoveryClient-CacheRefreshExecutor-0] [                                                 ] o.s.web.client.RestTemplate              : HTTP GET http://localhost:8761/eureka/apps/delta
2026-04-04T12:00:45.230+05:30 DEBUG 4224 --- [CartOrderService] [DiscoveryClient-CacheRefreshExecutor-0] [                                                 ] o.s.web.client.RestTemplate              : Accept=[application/json, application/*+json]
2026-04-04T12:00:45.631+05:30 DEBUG 4224 --- [CartOrderService] [DiscoveryClient-CacheRefreshExecutor-0] [                                                 ] o.s.web.client.RestTemplate              : Response 200 OK
2026-04-04T12:00:45.632+05:30 DEBUG 4224 --- [CartOrderService] [DiscoveryClient-CacheRefreshExecutor-0] [                                                 ] o.s.web.client.RestTemplate              : Reading to [org.springframework.cloud.netflix.eureka.http.EurekaApplications]
2026-04-04T12:01:00.642+05:30 DEBUG 4224 --- [CartOrderService] [DiscoveryClient-HeartbeatExecutor-0] [                                                 ] o.s.web.client.RestTemplate              : HTTP PUT http://localhost:8761/eureka/apps/CARTORDERSERVICE/DESKTOP-ECRRR37.mshome.net:CartOrderService:8083?status=UP&lastDirtyTimestamp=1775281953283
2026-04-04T12:01:00.642+05:30 DEBUG 4224 --- [CartOrderService] [DiscoveryClient-HeartbeatExecutor-0] [                                                 ] o.s.web.client.RestTemplate              : Accept=[application/json, application/*+json]
2026-04-04T12:01:00.659+05:30 DEBUG 4224 --- [CartOrderService] [DiscoveryClient-HeartbeatExecutor-0] [                                                 ] o.s.web.client.RestTemplate              : Response 200 OK
2026-04-04T12:01:16.361+05:30 DEBUG 4224 --- [CartOrderService] [DiscoveryClient-CacheRefreshExecutor-0] [                                                 ] o.s.web.client.RestTemplate              : HTTP GET http://localhost:8761/eureka/apps/delta
2026-04-04T12:01:16.650+05:30 DEBUG 4224 --- [CartOrderService] [DiscoveryClient-CacheRefreshExecutor-0] [                                                 ] o.s.web.client.RestTemplate              : Accept=[application/json, application/*+json]
2026-04-04T12:01:16.695+05:30 DEBUG 4224 --- [CartOrderService] [DiscoveryClient-CacheRefreshExecutor-0] [                                                 ] o.s.web.client.RestTemplate              : Response 200 OK
2026-04-04T12:01:16.699+05:30 DEBUG 4224 --- [CartOrderService] [DiscoveryClient-CacheRefreshExecutor-0] [                                                 ] o.s.web.client.RestTemplate              : Reading to [org.springframework.cloud.netflix.eureka.http.EurekaApplications]
2026-04-04T12:01:30.680+05:30 DEBUG 4224 --- [CartOrderService] [DiscoveryClient-HeartbeatExecutor-0] [                                                 ] o.s.web.client.RestTemplate              : HTTP PUT http://localhost:8761/eureka/apps/CARTORDERSERVICE/DESKTOP-ECRRR37.mshome.net:CartOrderService:8083?status=UP&lastDirtyTimestamp=1775281953283
2026-04-04T12:01:30.707+05:30 DEBUG 4224 --- [CartOrderService] [DiscoveryClient-HeartbeatExecutor-0] [                                                 ] o.s.web.client.RestTemplate              : Accept=[application/json, application/*+json]
2026-04-04T12:01:30.809+05:30 DEBUG 4224 --- [CartOrderService] [DiscoveryClient-HeartbeatExecutor-0] [                                                 ] o.s.web.client.RestTemplate              : Response 200 OK
2026-04-04T12:01:46.721+05:30 DEBUG 4224 --- [CartOrderService] [DiscoveryClient-CacheRefreshExecutor-0] [                                                 ] o.s.web.client.RestTemplate              : HTTP GET http://localhost:8761/eureka/apps/delta
2026-04-04T12:01:47.153+05:30 DEBUG 4224 --- [CartOrderService] [DiscoveryClient-CacheRefreshExecutor-0] [                                                 ] o.s.web.client.RestTemplate              : Accept=[application/json, application/*+json]
2026-04-04T12:01:47.215+05:30 DEBUG 4224 --- [CartOrderService] [DiscoveryClient-CacheRefreshExecutor-0] [                                                 ] o.s.web.client.RestTemplate              : Response 200 OK
2026-04-04T12:01:47.216+05:30 DEBUG 4224 --- [CartOrderService] [DiscoveryClient-CacheRefreshExecutor-0] [                                                 ] o.s.web.client.RestTemplate              : Reading to [org.springframework.cloud.netflix.eureka.http.EurekaApplications]
2026-04-04T12:02:00.816+05:30 DEBUG 4224 --- [CartOrderService] [DiscoveryClient-HeartbeatExecutor-0] [                                                 ] o.s.web.client.RestTemplate              : HTTP PUT http://localhost:8761/eureka/apps/CARTORDERSERVICE/DESKTOP-ECRRR37.mshome.net:CartOrderService:8083?status=UP&lastDirtyTimestamp=1775281953283
2026-04-04T12:02:00.816+05:30 DEBUG 4224 --- [CartOrderService] [DiscoveryClient-HeartbeatExecutor-0] [                                                 ] o.s.web.client.RestTemplate              : Accept=[application/json, application/*+json]
2026-04-04T12:02:01.112+05:30 DEBUG 4224 --- [CartOrderService] [DiscoveryClient-HeartbeatExecutor-0] [                                                 ] o.s.web.client.RestTemplate              : Response 200 OK
2026-04-04T12:02:17.227+05:30 DEBUG 4224 --- [CartOrderService] [DiscoveryClient-CacheRefreshExecutor-0] [                                                 ] o.s.web.client.RestTemplate              : HTTP GET http://localhost:8761/eureka/apps/delta
2026-04-04T12:02:17.227+05:30 DEBUG 4224 --- [CartOrderService] [DiscoveryClient-CacheRefreshExecutor-0] [                                                 ] o.s.web.client.RestTemplate              : Accept=[application/json, application/*+json]
2026-04-04T12:02:19.001+05:30 DEBUG 4224 --- [CartOrderService] [DiscoveryClient-CacheRefreshExecutor-0] [                                                 ] o.s.web.client.RestTemplate              : Response 200 OK
2026-04-04T12:02:19.002+05:30 DEBUG 4224 --- [CartOrderService] [DiscoveryClient-CacheRefreshExecutor-0] [                                                 ] o.s.web.client.RestTemplate              : Reading to [org.springframework.cloud.netflix.eureka.http.EurekaApplications]
2026-04-04T12:02:31.123+05:30 DEBUG 4224 --- [CartOrderService] [DiscoveryClient-HeartbeatExecutor-0] [                                                 ] o.s.web.client.RestTemplate              : HTTP PUT http://localhost:8761/eureka/apps/CARTORDERSERVICE/DESKTOP-ECRRR37.mshome.net:CartOrderService:8083?status=UP&lastDirtyTimestamp=1775281953283
2026-04-04T12:02:31.123+05:30 DEBUG 4224 --- [CartOrderService] [DiscoveryClient-HeartbeatExecutor-0] [                                                 ] o.s.web.client.RestTemplate              : Accept=[application/json, application/*+json]
2026-04-04T12:02:31.142+05:30 DEBUG 4224 --- [CartOrderService] [DiscoveryClient-HeartbeatExecutor-0] [                                                 ] o.s.web.client.RestTemplate              : Response 200 OK
2026-04-04T12:02:33.071+05:30  INFO 4224 --- [CartOrderService] [AsyncResolver-bootstrap-executor-0] [                                                 ] c.n.d.s.r.aws.ConfigClusterResolver      : Resolving eureka endpoints via configuration
2026-04-04T12:02:49.012+05:30 DEBUG 4224 --- [CartOrderService] [DiscoveryClient-CacheRefreshExecutor-0] [                                                 ] o.s.web.client.RestTemplate              : HTTP GET http://localhost:8761/eureka/apps/delta
2026-04-04T12:02:49.012+05:30 DEBUG 4224 --- [CartOrderService] [DiscoveryClient-CacheRefreshExecutor-0] [                                                 ] o.s.web.client.RestTemplate              : Accept=[application/json, application/*+json]
2026-04-04T12:02:49.084+05:30 DEBUG 4224 --- [CartOrderService] [DiscoveryClient-CacheRefreshExecutor-0] [                                                 ] o.s.web.client.RestTemplate              : Response 200 OK
2026-04-04T12:02:49.085+05:30 DEBUG 4224 --- [CartOrderService] [DiscoveryClient-CacheRefreshExecutor-0] [                                                 ] o.s.web.client.RestTemplate              : Reading to [org.springframework.cloud.netflix.eureka.http.EurekaApplications]
2026-04-04T12:03:01.150+05:30 DEBUG 4224 --- [CartOrderService] [DiscoveryClient-HeartbeatExecutor-0] [                                                 ] o.s.web.client.RestTemplate              : HTTP PUT http://localhost:8761/eureka/apps/CARTORDERSERVICE/DESKTOP-ECRRR37.mshome.net:CartOrderService:8083?status=UP&lastDirtyTimestamp=1775281953283
2026-04-04T12:03:01.151+05:30 DEBUG 4224 --- [CartOrderService] [DiscoveryClient-HeartbeatExecutor-0] [                                                 ] o.s.web.client.RestTemplate              : Accept=[application/json, application/*+json]
2026-04-04T12:03:01.169+05:30 DEBUG 4224 --- [CartOrderService] [DiscoveryClient-HeartbeatExecutor-0] [                                                 ] o.s.web.client.RestTemplate              : Response 200 OK
2026-04-04T12:03:19.095+05:30 DEBUG 4224 --- [CartOrderService] [DiscoveryClient-CacheRefreshExecutor-0] [                                                 ] o.s.web.client.RestTemplate              : HTTP GET http://localhost:8761/eureka/apps/delta
2026-04-04T12:03:19.096+05:30 DEBUG 4224 --- [CartOrderService] [DiscoveryClient-CacheRefreshExecutor-0] [                                                 ] o.s.web.client.RestTemplate              : Accept=[application/json, application/*+json]
2026-04-04T12:03:19.116+05:30 DEBUG 4224 --- [CartOrderService] [DiscoveryClient-CacheRefreshExecutor-0] [                                                 ] o.s.web.client.RestTemplate              : Response 200 OK
2026-04-04T12:03:19.117+05:30 DEBUG 4224 --- [CartOrderService] [DiscoveryClient-CacheRefreshExecutor-0] [                                                 ] o.s.web.client.RestTemplate              : Reading to [org.springframework.cloud.netflix.eureka.http.EurekaApplications]
2026-04-04T12:03:31.178+05:30 DEBUG 4224 --- [CartOrderService] [DiscoveryClient-HeartbeatExecutor-0] [                                                 ] o.s.web.client.RestTemplate              : HTTP PUT http://localhost:8761/eureka/apps/CARTORDERSERVICE/DESKTOP-ECRRR37.mshome.net:CartOrderService:8083?status=UP&lastDirtyTimestamp=1775281953283
2026-04-04T12:03:31.179+05:30 DEBUG 4224 --- [CartOrderService] [DiscoveryClient-HeartbeatExecutor-0] [                                                 ] o.s.web.client.RestTemplate              : Accept=[application/json, application/*+json]
2026-04-04T12:03:31.196+05:30 DEBUG 4224 --- [CartOrderService] [DiscoveryClient-HeartbeatExecutor-0] [                                                 ] o.s.web.client.RestTemplate              : Response 200 OK
2026-04-04T12:03:49.123+05:30 DEBUG 4224 --- [CartOrderService] [DiscoveryClient-CacheRefreshExecutor-0] [                                                 ] o.s.web.client.RestTemplate              : HTTP GET http://localhost:8761/eureka/apps/delta
2026-04-04T12:03:49.124+05:30 DEBUG 4224 --- [CartOrderService] [DiscoveryClient-CacheRefreshExecutor-0] [                                                 ] o.s.web.client.RestTemplate              : Accept=[application/json, application/*+json]
2026-04-04T12:03:49.372+05:30 DEBUG 4224 --- [CartOrderService] [DiscoveryClient-CacheRefreshExecutor-0] [                                                 ] o.s.web.client.RestTemplate              : Response 200 OK
2026-04-04T12:03:49.373+05:30 DEBUG 4224 --- [CartOrderService] [DiscoveryClient-CacheRefreshExecutor-0] [                                                 ] o.s.web.client.RestTemplate              : Reading to [org.springframework.cloud.netflix.eureka.http.EurekaApplications]
2026-04-04T12:04:01.202+05:30 DEBUG 4224 --- [CartOrderService] [DiscoveryClient-HeartbeatExecutor-0] [                                                 ] o.s.web.client.RestTemplate              : HTTP PUT http://localhost:8761/eureka/apps/CARTORDERSERVICE/DESKTOP-ECRRR37.mshome.net:CartOrderService:8083?status=UP&lastDirtyTimestamp=1775281953283
2026-04-04T12:04:01.204+05:30 DEBUG 4224 --- [CartOrderService] [DiscoveryClient-HeartbeatExecutor-0] [                                                 ] o.s.web.client.RestTemplate              : Accept=[application/json, application/*+json]
2026-04-04T12:04:01.223+05:30 DEBUG 4224 --- [CartOrderService] [DiscoveryClient-HeartbeatExecutor-0] [                                                 ] o.s.web.client.RestTemplate              : Response 200 OK
2026-04-04T12:04:19.971+05:30 DEBUG 4224 --- [CartOrderService] [DiscoveryClient-CacheRefreshExecutor-0] [                                                 ] o.s.web.client.RestTemplate              : HTTP GET http://localhost:8761/eureka/apps/delta
2026-04-04T12:04:19.973+05:30 DEBUG 4224 --- [CartOrderService] [DiscoveryClient-CacheRefreshExecutor-0] [                                                 ] o.s.web.client.RestTemplate              : Accept=[application/json, application/*+json]
2026-04-04T12:04:21.046+05:30 DEBUG 4224 --- [CartOrderService] [DiscoveryClient-CacheRefreshExecutor-0] [                                                 ] o.s.web.client.RestTemplate              : Response 200 OK
2026-04-04T12:04:21.046+05:30 DEBUG 4224 --- [CartOrderService] [DiscoveryClient-CacheRefreshExecutor-0] [                                                 ] o.s.web.client.RestTemplate              : Reading to [org.springframework.cloud.netflix.eureka.http.EurekaApplications]
2026-04-04T12:04:31.230+05:30 DEBUG 4224 --- [CartOrderService] [DiscoveryClient-HeartbeatExecutor-0] [                                                 ] o.s.web.client.RestTemplate              : HTTP PUT http://localhost:8761/eureka/apps/CARTORDERSERVICE/DESKTOP-ECRRR37.mshome.net:CartOrderService:8083?status=UP&lastDirtyTimestamp=1775281953283
2026-04-04T12:04:31.235+05:30 DEBUG 4224 --- [CartOrderService] [DiscoveryClient-HeartbeatExecutor-0] [                                                 ] o.s.web.client.RestTemplate              : Accept=[application/json, application/*+json]
2026-04-04T12:04:31.247+05:30 DEBUG 4224 --- [CartOrderService] [DiscoveryClient-HeartbeatExecutor-0] [                                                 ] o.s.web.client.RestTemplate              : Response 200 OK
2026-04-04T12:04:51.180+05:30 DEBUG 4224 --- [CartOrderService] [DiscoveryClient-CacheRefreshExecutor-0] [                                                 ] o.s.web.client.RestTemplate              : HTTP GET http://localhost:8761/eureka/apps/delta
2026-04-04T12:04:51.181+05:30 DEBUG 4224 --- [CartOrderService] [DiscoveryClient-CacheRefreshExecutor-0] [                                                 ] o.s.web.client.RestTemplate              : Accept=[application/json, application/*+json]
2026-04-04T12:04:51.187+05:30 DEBUG 4224 --- [CartOrderService] [DiscoveryClient-CacheRefreshExecutor-0] [                                                 ] o.s.web.client.RestTemplate              : Response 200 OK
2026-04-04T12:04:51.188+05:30 DEBUG 4224 --- [CartOrderService] [DiscoveryClient-CacheRefreshExecutor-0] [                                                 ] o.s.web.client.RestTemplate              : Reading to [org.springframework.cloud.netflix.eureka.http.EurekaApplications]
2026-04-04T12:05:01.256+05:30 DEBUG 4224 --- [CartOrderService] [DiscoveryClient-HeartbeatExecutor-0] [                                                 ] o.s.web.client.RestTemplate              : HTTP PUT http://localhost:8761/eureka/apps/CARTORDERSERVICE/DESKTOP-ECRRR37.mshome.net:CartOrderService:8083?status=UP&lastDirtyTimestamp=1775281953283
2026-04-04T12:05:01.294+05:30 DEBUG 4224 --- [CartOrderService] [DiscoveryClient-HeartbeatExecutor-0] [                                                 ] o.s.web.client.RestTemplate              : Accept=[application/json, application/*+json]
2026-04-04T12:05:01.307+05:30 DEBUG 4224 --- [CartOrderService] [DiscoveryClient-HeartbeatExecutor-0] [                                                 ] o.s.web.client.RestTemplate              : Response 200 OK
2026-04-04T12:05:21.201+05:30 DEBUG 4224 --- [CartOrderService] [DiscoveryClient-CacheRefreshExecutor-0] [                                                 ] o.s.web.client.RestTemplate              : HTTP GET http://localhost:8761/eureka/apps/delta
2026-04-04T12:05:21.202+05:30 DEBUG 4224 --- [CartOrderService] [DiscoveryClient-CacheRefreshExecutor-0] [                                                 ] o.s.web.client.RestTemplate              : Accept=[application/json, application/*+json]
2026-04-04T12:05:21.216+05:30 DEBUG 4224 --- [CartOrderService] [DiscoveryClient-CacheRefreshExecutor-0] [                                                 ] o.s.web.client.RestTemplate              : Response 200 OK
2026-04-04T12:05:21.217+05:30 DEBUG 4224 --- [CartOrderService] [DiscoveryClient-CacheRefreshExecutor-0] [                                                 ] o.s.web.client.RestTemplate              : Reading to [org.springframework.cloud.netflix.eureka.http.EurekaApplications]
2026-04-04T12:05:31.319+05:30 DEBUG 4224 --- [CartOrderService] [DiscoveryClient-HeartbeatExecutor-0] [                                                 ] o.s.web.client.RestTemplate              : HTTP PUT http://localhost:8761/eureka/apps/CARTORDERSERVICE/DESKTOP-ECRRR37.mshome.net:CartOrderService:8083?status=UP&lastDirtyTimestamp=1775281953283
2026-04-04T12:05:31.814+05:30 DEBUG 4224 --- [CartOrderService] [DiscoveryClient-HeartbeatExecutor-0] [                                                 ] o.s.web.client.RestTemplate              : Accept=[application/json, application/*+json]
2026-04-04T12:05:33.715+05:30 DEBUG 4224 --- [CartOrderService] [DiscoveryClient-HeartbeatExecutor-0] [                                                 ] o.s.web.client.RestTemplate              : Response 200 OK
2026-04-04T12:05:51.974+05:30 DEBUG 4224 --- [CartOrderService] [DiscoveryClient-CacheRefreshExecutor-0] [                                                 ] o.s.web.client.RestTemplate              : HTTP GET http://localhost:8761/eureka/apps/delta
2026-04-04T12:05:51.975+05:30 DEBUG 4224 --- [CartOrderService] [DiscoveryClient-CacheRefreshExecutor-0] [                                                 ] o.s.web.client.RestTemplate              : Accept=[application/json, application/*+json]
2026-04-04T12:05:52.000+05:30 DEBUG 4224 --- [CartOrderService] [DiscoveryClient-CacheRefreshExecutor-0] [                                                 ] o.s.web.client.RestTemplate              : Response 200 OK
2026-04-04T12:05:52.000+05:30 DEBUG 4224 --- [CartOrderService] [DiscoveryClient-CacheRefreshExecutor-0] [                                                 ] o.s.web.client.RestTemplate              : Reading to [org.springframework.cloud.netflix.eureka.http.EurekaApplications]
2026-04-04T12:06:03.926+05:30 DEBUG 4224 --- [CartOrderService] [DiscoveryClient-HeartbeatExecutor-0] [                                                 ] o.s.web.client.RestTemplate              : HTTP PUT http://localhost:8761/eureka/apps/CARTORDERSERVICE/DESKTOP-ECRRR37.mshome.net:CartOrderService:8083?status=UP&lastDirtyTimestamp=1775281953283
2026-04-04T12:06:03.973+05:30 DEBUG 4224 --- [CartOrderService] [DiscoveryClient-HeartbeatExecutor-0] [                                                 ] o.s.web.client.RestTemplate              : Accept=[application/json, application/*+json]
2026-04-04T12:06:03.993+05:30 DEBUG 4224 --- [CartOrderService] [DiscoveryClient-HeartbeatExecutor-0] [                                                 ] o.s.web.client.RestTemplate              : Response 200 OK
2026-04-04T12:06:22.034+05:30 DEBUG 4224 --- [CartOrderService] [DiscoveryClient-CacheRefreshExecutor-0] [                                                 ] o.s.web.client.RestTemplate              : HTTP GET http://localhost:8761/eureka/apps/delta
2026-04-04T12:06:22.044+05:30 DEBUG 4224 --- [CartOrderService] [DiscoveryClient-CacheRefreshExecutor-0] [                                                 ] o.s.web.client.RestTemplate              : Accept=[application/json, application/*+json]
2026-04-04T12:06:22.052+05:30 DEBUG 4224 --- [CartOrderService] [DiscoveryClient-CacheRefreshExecutor-0] [                                                 ] o.s.web.client.RestTemplate              : Response 200 OK
2026-04-04T12:06:22.053+05:30 DEBUG 4224 --- [CartOrderService] [DiscoveryClient-CacheRefreshExecutor-0] [                                                 ] o.s.web.client.RestTemplate              : Reading to [org.springframework.cloud.netflix.eureka.http.EurekaApplications]
2026-04-04T12:06:34.002+05:30 DEBUG 4224 --- [CartOrderService] [DiscoveryClient-HeartbeatExecutor-0] [                                                 ] o.s.web.client.RestTemplate              : HTTP PUT http://localhost:8761/eureka/apps/CARTORDERSERVICE/DESKTOP-ECRRR37.mshome.net:CartOrderService:8083?status=UP&lastDirtyTimestamp=1775281953283
2026-04-04T12:06:34.003+05:30 DEBUG 4224 --- [CartOrderService] [DiscoveryClient-HeartbeatExecutor-0] [                                                 ] o.s.web.client.RestTemplate              : Accept=[application/json, application/*+json]
2026-04-04T12:06:34.021+05:30 DEBUG 4224 --- [CartOrderService] [DiscoveryClient-HeartbeatExecutor-0] [                                                 ] o.s.web.client.RestTemplate              : Response 200 OK
2026-04-04T12:06:52.070+05:30 DEBUG 4224 --- [CartOrderService] [DiscoveryClient-CacheRefreshExecutor-0] [                                                 ] o.s.web.client.RestTemplate              : HTTP GET http://localhost:8761/eureka/apps/delta
2026-04-04T12:06:52.071+05:30 DEBUG 4224 --- [CartOrderService] [DiscoveryClient-CacheRefreshExecutor-0] [                                                 ] o.s.web.client.RestTemplate              : Accept=[application/json, application/*+json]
2026-04-04T12:06:52.087+05:30 DEBUG 4224 --- [CartOrderService] [DiscoveryClient-CacheRefreshExecutor-0] [                                                 ] o.s.web.client.RestTemplate              : Response 200 OK
2026-04-04T12:06:52.088+05:30 DEBUG 4224 --- [CartOrderService] [DiscoveryClient-CacheRefreshExecutor-0] [                                                 ] o.s.web.client.RestTemplate              : Reading to [org.springframework.cloud.netflix.eureka.http.EurekaApplications]
2026-04-04T12:07:04.033+05:30 DEBUG 4224 --- [CartOrderService] [DiscoveryClient-HeartbeatExecutor-0] [                                                 ] o.s.web.client.RestTemplate              : HTTP PUT http://localhost:8761/eureka/apps/CARTORDERSERVICE/DESKTOP-ECRRR37.mshome.net:CartOrderService:8083?status=UP&lastDirtyTimestamp=1775281953283
2026-04-04T12:07:04.033+05:30 DEBUG 4224 --- [CartOrderService] [DiscoveryClient-HeartbeatExecutor-0] [                                                 ] o.s.web.client.RestTemplate              : Accept=[application/json, application/*+json]
2026-04-04T12:07:04.051+05:30 DEBUG 4224 --- [CartOrderService] [DiscoveryClient-HeartbeatExecutor-0] [                                                 ] o.s.web.client.RestTemplate              : Response 200 OK
2026-04-04T12:07:22.108+05:30 DEBUG 4224 --- [CartOrderService] [DiscoveryClient-CacheRefreshExecutor-0] [                                                 ] o.s.web.client.RestTemplate              : HTTP GET http://localhost:8761/eureka/apps/delta
2026-04-04T12:07:22.109+05:30 DEBUG 4224 --- [CartOrderService] [DiscoveryClient-CacheRefreshExecutor-0] [                                                 ] o.s.web.client.RestTemplate              : Accept=[application/json, application/*+json]
2026-04-04T12:07:22.127+05:30 DEBUG 4224 --- [CartOrderService] [DiscoveryClient-CacheRefreshExecutor-0] [                                                 ] o.s.web.client.RestTemplate              : Response 200 OK
2026-04-04T12:07:22.143+05:30 DEBUG 4224 --- [CartOrderService] [DiscoveryClient-CacheRefreshExecutor-0] [                                                 ] o.s.web.client.RestTemplate              : Reading to [org.springframework.cloud.netflix.eureka.http.EurekaApplications]
2026-04-04T12:07:33.091+05:30  INFO 4224 --- [CartOrderService] [AsyncResolver-bootstrap-executor-0] [                                                 ] c.n.d.s.r.aws.ConfigClusterResolver      : Resolving eureka endpoints via configuration
2026-04-04T12:07:34.060+05:30 DEBUG 4224 --- [CartOrderService] [DiscoveryClient-HeartbeatExecutor-0] [                                                 ] o.s.web.client.RestTemplate              : HTTP PUT http://localhost:8761/eureka/apps/CARTORDERSERVICE/DESKTOP-ECRRR37.mshome.net:CartOrderService:8083?status=UP&lastDirtyTimestamp=1775281953283
2026-04-04T12:07:34.063+05:30 DEBUG 4224 --- [CartOrderService] [DiscoveryClient-HeartbeatExecutor-0] [                                                 ] o.s.web.client.RestTemplate              : Accept=[application/json, application/*+json]
2026-04-04T12:07:34.080+05:30 DEBUG 4224 --- [CartOrderService] [DiscoveryClient-HeartbeatExecutor-0] [                                                 ] o.s.web.client.RestTemplate              : Response 200 OK
2026-04-04T12:07:52.204+05:30 DEBUG 4224 --- [CartOrderService] [DiscoveryClient-CacheRefreshExecutor-0] [                                                 ] o.s.web.client.RestTemplate              : HTTP GET http://localhost:8761/eureka/apps/delta
2026-04-04T12:07:52.205+05:30 DEBUG 4224 --- [CartOrderService] [DiscoveryClient-CacheRefreshExecutor-0] [                                                 ] o.s.web.client.RestTemplate              : Accept=[application/json, application/*+json]
2026-04-04T12:07:52.229+05:30 DEBUG 4224 --- [CartOrderService] [DiscoveryClient-CacheRefreshExecutor-0] [                                                 ] o.s.web.client.RestTemplate              : Response 200 OK
2026-04-04T12:07:52.229+05:30 DEBUG 4224 --- [CartOrderService] [DiscoveryClient-CacheRefreshExecutor-0] [                                                 ] o.s.web.client.RestTemplate              : Reading to [org.springframework.cloud.netflix.eureka.http.EurekaApplications]
2026-04-04T12:08:04.092+05:30 DEBUG 4224 --- [CartOrderService] [DiscoveryClient-HeartbeatExecutor-0] [                                                 ] o.s.web.client.RestTemplate              : HTTP PUT http://localhost:8761/eureka/apps/CARTORDERSERVICE/DESKTOP-ECRRR37.mshome.net:CartOrderService:8083?status=UP&lastDirtyTimestamp=1775281953283
2026-04-04T12:08:04.092+05:30 DEBUG 4224 --- [CartOrderService] [DiscoveryClient-HeartbeatExecutor-0] [                                                 ] o.s.web.client.RestTemplate              : Accept=[application/json, application/*+json]
2026-04-04T12:08:04.110+05:30 DEBUG 4224 --- [CartOrderService] [DiscoveryClient-HeartbeatExecutor-0] [                                                 ] o.s.web.client.RestTemplate              : Response 200 OK
2026-04-04T12:08:22.353+05:30 DEBUG 4224 --- [CartOrderService] [DiscoveryClient-CacheRefreshExecutor-0] [                                                 ] o.s.web.client.RestTemplate              : HTTP GET http://localhost:8761/eureka/apps/delta
2026-04-04T12:08:22.420+05:30 DEBUG 4224 --- [CartOrderService] [DiscoveryClient-CacheRefreshExecutor-0] [                                                 ] o.s.web.client.RestTemplate              : Accept=[application/json, application/*+json]
2026-04-04T12:08:23.070+05:30 DEBUG 4224 --- [CartOrderService] [DiscoveryClient-CacheRefreshExecutor-0] [                                                 ] o.s.web.client.RestTemplate              : Response 200 OK
2026-04-04T12:08:23.070+05:30 DEBUG 4224 --- [CartOrderService] [DiscoveryClient-CacheRefreshExecutor-0] [                                                 ] o.s.web.client.RestTemplate              : Reading to [org.springframework.cloud.netflix.eureka.http.EurekaApplications]
2026-04-04T12:08:34.115+05:30 DEBUG 4224 --- [CartOrderService] [DiscoveryClient-HeartbeatExecutor-0] [                                                 ] o.s.web.client.RestTemplate              : HTTP PUT http://localhost:8761/eureka/apps/CARTORDERSERVICE/DESKTOP-ECRRR37.mshome.net:CartOrderService:8083?status=UP&lastDirtyTimestamp=1775281953283
2026-04-04T12:08:34.116+05:30 DEBUG 4224 --- [CartOrderService] [DiscoveryClient-HeartbeatExecutor-0] [                                                 ] o.s.web.client.RestTemplate              : Accept=[application/json, application/*+json]
2026-04-04T12:08:34.132+05:30 DEBUG 4224 --- [CartOrderService] [DiscoveryClient-HeartbeatExecutor-0] [                                                 ] o.s.web.client.RestTemplate              : Response 200 OK
2026-04-04T12:08:53.281+05:30 DEBUG 4224 --- [CartOrderService] [DiscoveryClient-CacheRefreshExecutor-0] [                                                 ] o.s.web.client.RestTemplate              : HTTP GET http://localhost:8761/eureka/apps/delta
2026-04-04T12:08:53.282+05:30 DEBUG 4224 --- [CartOrderService] [DiscoveryClient-CacheRefreshExecutor-0] [                                                 ] o.s.web.client.RestTemplate              : Accept=[application/json, application/*+json]
2026-04-04T12:08:53.297+05:30 DEBUG 4224 --- [CartOrderService] [DiscoveryClient-CacheRefreshExecutor-0] [                                                 ] o.s.web.client.RestTemplate              : Response 200 OK
2026-04-04T12:08:53.300+05:30 DEBUG 4224 --- [CartOrderService] [DiscoveryClient-CacheRefreshExecutor-0] [                                                 ] o.s.web.client.RestTemplate              : Reading to [org.springframework.cloud.netflix.eureka.http.EurekaApplications]
2026-04-04T12:09:04.157+05:30 DEBUG 4224 --- [CartOrderService] [DiscoveryClient-HeartbeatExecutor-0] [                                                 ] o.s.web.client.RestTemplate              : HTTP PUT http://localhost:8761/eureka/apps/CARTORDERSERVICE/DESKTOP-ECRRR37.mshome.net:CartOrderService:8083?status=UP&lastDirtyTimestamp=1775281953283
2026-04-04T12:09:04.160+05:30 DEBUG 4224 --- [CartOrderService] [DiscoveryClient-HeartbeatExecutor-0] [                                                 ] o.s.web.client.RestTemplate              : Accept=[application/json, application/*+json]
2026-04-04T12:09:04.180+05:30 DEBUG 4224 --- [CartOrderService] [DiscoveryClient-HeartbeatExecutor-0] [                                                 ] o.s.web.client.RestTemplate              : Response 200 OK
2026-04-04T12:09:23.322+05:30 DEBUG 4224 --- [CartOrderService] [DiscoveryClient-CacheRefreshExecutor-0] [                                                 ] o.s.web.client.RestTemplate              : HTTP GET http://localhost:8761/eureka/apps/delta
2026-04-04T12:09:23.364+05:30 DEBUG 4224 --- [CartOrderService] [DiscoveryClient-CacheRefreshExecutor-0] [                                                 ] o.s.web.client.RestTemplate              : Accept=[application/json, application/*+json]
2026-04-04T12:09:23.467+05:30 DEBUG 4224 --- [CartOrderService] [DiscoveryClient-CacheRefreshExecutor-0] [                                                 ] o.s.web.client.RestTemplate              : Response 200 OK
2026-04-04T12:09:23.554+05:30 DEBUG 4224 --- [CartOrderService] [DiscoveryClient-CacheRefreshExecutor-0] [                                                 ] o.s.web.client.RestTemplate              : Reading to [org.springframework.cloud.netflix.eureka.http.EurekaApplications]
2026-04-04T12:09:34.183+05:30 DEBUG 4224 --- [CartOrderService] [DiscoveryClient-HeartbeatExecutor-0] [                                                 ] o.s.web.client.RestTemplate              : HTTP PUT http://localhost:8761/eureka/apps/CARTORDERSERVICE/DESKTOP-ECRRR37.mshome.net:CartOrderService:8083?status=UP&lastDirtyTimestamp=1775281953283
2026-04-04T12:09:34.355+05:30 DEBUG 4224 --- [CartOrderService] [DiscoveryClient-HeartbeatExecutor-0] [                                                 ] o.s.web.client.RestTemplate              : Accept=[application/json, application/*+json]
2026-04-04T12:09:34.371+05:30 DEBUG 4224 --- [CartOrderService] [DiscoveryClient-HeartbeatExecutor-0] [                                                 ] o.s.web.client.RestTemplate              : Response 200 OK
2026-04-04T12:09:53.619+05:30 DEBUG 4224 --- [CartOrderService] [DiscoveryClient-CacheRefreshExecutor-0] [                                                 ] o.s.web.client.RestTemplate              : HTTP GET http://localhost:8761/eureka/apps/delta
2026-04-04T12:09:53.620+05:30 DEBUG 4224 --- [CartOrderService] [DiscoveryClient-CacheRefreshExecutor-0] [                                                 ] o.s.web.client.RestTemplate              : Accept=[application/json, application/*+json]
2026-04-04T12:09:53.636+05:30 DEBUG 4224 --- [CartOrderService] [DiscoveryClient-CacheRefreshExecutor-0] [                                                 ] o.s.web.client.RestTemplate              : Response 200 OK
2026-04-04T12:09:53.637+05:30 DEBUG 4224 --- [CartOrderService] [DiscoveryClient-CacheRefreshExecutor-0] [                                                 ] o.s.web.client.RestTemplate              : Reading to [org.springframework.cloud.netflix.eureka.http.EurekaApplications]
2026-04-04T12:10:04.373+05:30 DEBUG 4224 --- [CartOrderService] [DiscoveryClient-HeartbeatExecutor-0] [                                                 ] o.s.web.client.RestTemplate              : HTTP PUT http://localhost:8761/eureka/apps/CARTORDERSERVICE/DESKTOP-ECRRR37.mshome.net:CartOrderService:8083?status=UP&lastDirtyTimestamp=1775281953283
2026-04-04T12:10:04.402+05:30 DEBUG 4224 --- [CartOrderService] [DiscoveryClient-HeartbeatExecutor-0] [                                                 ] o.s.web.client.RestTemplate              : Accept=[application/json, application/*+json]
2026-04-04T12:10:04.420+05:30 DEBUG 4224 --- [CartOrderService] [DiscoveryClient-HeartbeatExecutor-0] [                                                 ] o.s.web.client.RestTemplate              : Response 200 OK
2026-04-04T12:10:23.654+05:30 DEBUG 4224 --- [CartOrderService] [DiscoveryClient-CacheRefreshExecutor-0] [                                                 ] o.s.web.client.RestTemplate              : HTTP GET http://localhost:8761/eureka/apps/delta
2026-04-04T12:10:23.655+05:30 DEBUG 4224 --- [CartOrderService] [DiscoveryClient-CacheRefreshExecutor-0] [                                                 ] o.s.web.client.RestTemplate              : Accept=[application/json, application/*+json]
2026-04-04T12:10:23.673+05:30 DEBUG 4224 --- [CartOrderService] [DiscoveryClient-CacheRefreshExecutor-0] [                                                 ] o.s.web.client.RestTemplate              : Response 200 OK
2026-04-04T12:10:23.674+05:30 DEBUG 4224 --- [CartOrderService] [DiscoveryClient-CacheRefreshExecutor-0] [                                                 ] o.s.web.client.RestTemplate              : Reading to [org.springframework.cloud.netflix.eureka.http.EurekaApplications]
2026-04-04T12:10:34.433+05:30 DEBUG 4224 --- [CartOrderService] [DiscoveryClient-HeartbeatExecutor-0] [                                                 ] o.s.web.client.RestTemplate              : HTTP PUT http://localhost:8761/eureka/apps/CARTORDERSERVICE/DESKTOP-ECRRR37.mshome.net:CartOrderService:8083?status=UP&lastDirtyTimestamp=1775281953283
2026-04-04T12:10:34.434+05:30 DEBUG 4224 --- [CartOrderService] [DiscoveryClient-HeartbeatExecutor-0] [                                                 ] o.s.web.client.RestTemplate              : Accept=[application/json, application/*+json]
2026-04-04T12:10:34.524+05:30 DEBUG 4224 --- [CartOrderService] [DiscoveryClient-HeartbeatExecutor-0] [                                                 ] o.s.web.client.RestTemplate              : Response 200 OK
2026-04-04T12:10:53.691+05:30 DEBUG 4224 --- [CartOrderService] [DiscoveryClient-CacheRefreshExecutor-0] [                                                 ] o.s.web.client.RestTemplate              : HTTP GET http://localhost:8761/eureka/apps/delta
2026-04-04T12:10:53.693+05:30 DEBUG 4224 --- [CartOrderService] [DiscoveryClient-CacheRefreshExecutor-0] [                                                 ] o.s.web.client.RestTemplate              : Accept=[application/json, application/*+json]
2026-04-04T12:10:53.706+05:30 DEBUG 4224 --- [CartOrderService] [DiscoveryClient-CacheRefreshExecutor-0] [                                                 ] o.s.web.client.RestTemplate              : Response 200 OK
2026-04-04T12:10:53.707+05:30 DEBUG 4224 --- [CartOrderService] [DiscoveryClient-CacheRefreshExecutor-0] [                                                 ] o.s.web.client.RestTemplate              : Reading to [org.springframework.cloud.netflix.eureka.http.EurekaApplications]
2026-04-04T12:11:04.533+05:30 DEBUG 4224 --- [CartOrderService] [DiscoveryClient-HeartbeatExecutor-0] [                                                 ] o.s.web.client.RestTemplate              : HTTP PUT http://localhost:8761/eureka/apps/CARTORDERSERVICE/DESKTOP-ECRRR37.mshome.net:CartOrderService:8083?status=UP&lastDirtyTimestamp=1775281953283
2026-04-04T12:11:04.540+05:30 DEBUG 4224 --- [CartOrderService] [DiscoveryClient-HeartbeatExecutor-0] [                                                 ] o.s.web.client.RestTemplate              : Accept=[application/json, application/*+json]
2026-04-04T12:11:04.552+05:30 DEBUG 4224 --- [CartOrderService] [DiscoveryClient-HeartbeatExecutor-0] [                                                 ] o.s.web.client.RestTemplate              : Response 200 OK
2026-04-04T12:11:23.726+05:30 DEBUG 4224 --- [CartOrderService] [DiscoveryClient-CacheRefreshExecutor-0] [                                                 ] o.s.web.client.RestTemplate              : HTTP GET http://localhost:8761/eureka/apps/delta
2026-04-04T12:11:24.771+05:30 DEBUG 4224 --- [CartOrderService] [DiscoveryClient-CacheRefreshExecutor-0] [                                                 ] o.s.web.client.RestTemplate              : Accept=[application/json, application/*+json]
2026-04-04T12:11:25.222+05:30 DEBUG 4224 --- [CartOrderService] [DiscoveryClient-CacheRefreshExecutor-0] [                                                 ] o.s.web.client.RestTemplate              : Response 200 OK
2026-04-04T12:11:25.343+05:30 DEBUG 4224 --- [CartOrderService] [DiscoveryClient-CacheRefreshExecutor-0] [                                                 ] o.s.web.client.RestTemplate              : Reading to [org.springframework.cloud.netflix.eureka.http.EurekaApplications]
2026-04-04T12:11:34.582+05:30 DEBUG 4224 --- [CartOrderService] [DiscoveryClient-HeartbeatExecutor-0] [                                                 ] o.s.web.client.RestTemplate              : HTTP PUT http://localhost:8761/eureka/apps/CARTORDERSERVICE/DESKTOP-ECRRR37.mshome.net:CartOrderService:8083?status=UP&lastDirtyTimestamp=1775281953283
2026-04-04T12:11:34.595+05:30 DEBUG 4224 --- [CartOrderService] [DiscoveryClient-HeartbeatExecutor-0] [                                                 ] o.s.web.client.RestTemplate              : Accept=[application/json, application/*+json]
2026-04-04T12:11:34.736+05:30 DEBUG 4224 --- [CartOrderService] [DiscoveryClient-HeartbeatExecutor-0] [                                                 ] o.s.web.client.RestTemplate              : Response 200 OK
2026-04-04T12:11:55.539+05:30 DEBUG 4224 --- [CartOrderService] [DiscoveryClient-CacheRefreshExecutor-0] [                                                 ] o.s.web.client.RestTemplate              : HTTP GET http://localhost:8761/eureka/apps/delta
2026-04-04T12:11:55.540+05:30 DEBUG 4224 --- [CartOrderService] [DiscoveryClient-CacheRefreshExecutor-0] [                                                 ] o.s.web.client.RestTemplate              : Accept=[application/json, application/*+json]
2026-04-04T12:11:55.558+05:30 DEBUG 4224 --- [CartOrderService] [DiscoveryClient-CacheRefreshExecutor-0] [                                                 ] o.s.web.client.RestTemplate              : Response 200 OK
2026-04-04T12:11:55.559+05:30 DEBUG 4224 --- [CartOrderService] [DiscoveryClient-CacheRefreshExecutor-0] [                                                 ] o.s.web.client.RestTemplate              : Reading to [org.springframework.cloud.netflix.eureka.http.EurekaApplications]
2026-04-04T12:12:05.064+05:30 DEBUG 4224 --- [CartOrderService] [DiscoveryClient-HeartbeatExecutor-0] [                                                 ] o.s.web.client.RestTemplate              : HTTP PUT http://localhost:8761/eureka/apps/CARTORDERSERVICE/DESKTOP-ECRRR37.mshome.net:CartOrderService:8083?status=UP&lastDirtyTimestamp=1775281953283
2026-04-04T12:12:05.065+05:30 DEBUG 4224 --- [CartOrderService] [DiscoveryClient-HeartbeatExecutor-0] [                                                 ] o.s.web.client.RestTemplate              : Accept=[application/json, application/*+json]
2026-04-04T12:12:05.082+05:30 DEBUG 4224 --- [CartOrderService] [DiscoveryClient-HeartbeatExecutor-0] [                                                 ] o.s.web.client.RestTemplate              : Response 200 OK
2026-04-04T12:12:25.567+05:30 DEBUG 4224 --- [CartOrderService] [DiscoveryClient-CacheRefreshExecutor-0] [                                                 ] o.s.web.client.RestTemplate              : HTTP GET http://localhost:8761/eureka/apps/delta
2026-04-04T12:12:25.641+05:30 DEBUG 4224 --- [CartOrderService] [DiscoveryClient-CacheRefreshExecutor-0] [                                                 ] o.s.web.client.RestTemplate              : Accept=[application/json, application/*+json]
2026-04-04T12:12:25.870+05:30 DEBUG 4224 --- [CartOrderService] [DiscoveryClient-CacheRefreshExecutor-0] [                                                 ] o.s.web.client.RestTemplate              : Response 200 OK
2026-04-04T12:12:25.870+05:30 DEBUG 4224 --- [CartOrderService] [DiscoveryClient-CacheRefreshExecutor-0] [                                                 ] o.s.web.client.RestTemplate              : Reading to [org.springframework.cloud.netflix.eureka.http.EurekaApplications]
2026-04-04T12:12:33.909+05:30  INFO 4224 --- [CartOrderService] [AsyncResolver-bootstrap-executor-0] [                                                 ] c.n.d.s.r.aws.ConfigClusterResolver      : Resolving eureka endpoints via configuration
2026-04-04T12:12:35.371+05:30 DEBUG 4224 --- [CartOrderService] [DiscoveryClient-HeartbeatExecutor-0] [                                                 ] o.s.web.client.RestTemplate              : HTTP PUT http://localhost:8761/eureka/apps/CARTORDERSERVICE/DESKTOP-ECRRR37.mshome.net:CartOrderService:8083?status=UP&lastDirtyTimestamp=1775281953283
2026-04-04T12:12:35.593+05:30 DEBUG 4224 --- [CartOrderService] [DiscoveryClient-HeartbeatExecutor-0] [                                                 ] o.s.web.client.RestTemplate              : Accept=[application/json, application/*+json]
2026-04-04T12:12:35.794+05:30 DEBUG 4224 --- [CartOrderService] [DiscoveryClient-HeartbeatExecutor-0] [                                                 ] o.s.web.client.RestTemplate              : Response 200 OK
2026-04-04T12:12:57.490+05:30 DEBUG 4224 --- [CartOrderService] [DiscoveryClient-CacheRefreshExecutor-0] [                                                 ] o.s.web.client.RestTemplate              : HTTP GET http://localhost:8761/eureka/apps/delta
2026-04-04T12:12:57.508+05:30 DEBUG 4224 --- [CartOrderService] [DiscoveryClient-CacheRefreshExecutor-0] [                                                 ] o.s.web.client.RestTemplate              : Accept=[application/json, application/*+json]
2026-04-04T12:12:57.529+05:30 DEBUG 4224 --- [CartOrderService] [DiscoveryClient-CacheRefreshExecutor-0] [                                                 ] o.s.web.client.RestTemplate              : Response 200 OK
2026-04-04T12:12:57.530+05:30 DEBUG 4224 --- [CartOrderService] [DiscoveryClient-CacheRefreshExecutor-0] [                                                 ] o.s.web.client.RestTemplate              : Reading to [org.springframework.cloud.netflix.eureka.http.EurekaApplications]
2026-04-04T12:13:05.798+05:30 DEBUG 4224 --- [CartOrderService] [DiscoveryClient-HeartbeatExecutor-0] [                                                 ] o.s.web.client.RestTemplate              : HTTP PUT http://localhost:8761/eureka/apps/CARTORDERSERVICE/DESKTOP-ECRRR37.mshome.net:CartOrderService:8083?status=UP&lastDirtyTimestamp=1775281953283
2026-04-04T12:13:06.096+05:30 DEBUG 4224 --- [CartOrderService] [DiscoveryClient-HeartbeatExecutor-0] [                                                 ] o.s.web.client.RestTemplate              : Accept=[application/json, application/*+json]
2026-04-04T12:13:10.638+05:30 DEBUG 4224 --- [CartOrderService] [DiscoveryClient-HeartbeatExecutor-0] [                                                 ] o.s.web.client.RestTemplate              : Response 200 OK
2026-04-04T12:13:27.541+05:30 DEBUG 4224 --- [CartOrderService] [DiscoveryClient-CacheRefreshExecutor-0] [                                                 ] o.s.web.client.RestTemplate              : HTTP GET http://localhost:8761/eureka/apps/delta
2026-04-04T12:13:27.541+05:30 DEBUG 4224 --- [CartOrderService] [DiscoveryClient-CacheRefreshExecutor-0] [                                                 ] o.s.web.client.RestTemplate              : Accept=[application/json, application/*+json]
2026-04-04T12:13:27.559+05:30 DEBUG 4224 --- [CartOrderService] [DiscoveryClient-CacheRefreshExecutor-0] [                                                 ] o.s.web.client.RestTemplate              : Response 200 OK
2026-04-04T12:13:27.559+05:30 DEBUG 4224 --- [CartOrderService] [DiscoveryClient-CacheRefreshExecutor-0] [                                                 ] o.s.web.client.RestTemplate              : Reading to [org.springframework.cloud.netflix.eureka.http.EurekaApplications]
2026-04-04T12:13:40.643+05:30 DEBUG 4224 --- [CartOrderService] [DiscoveryClient-HeartbeatExecutor-0] [                                                 ] o.s.web.client.RestTemplate              : HTTP PUT http://localhost:8761/eureka/apps/CARTORDERSERVICE/DESKTOP-ECRRR37.mshome.net:CartOrderService:8083?status=UP&lastDirtyTimestamp=1775281953283
2026-04-04T12:13:40.644+05:30 DEBUG 4224 --- [CartOrderService] [DiscoveryClient-HeartbeatExecutor-0] [                                                 ] o.s.web.client.RestTemplate              : Accept=[application/json, application/*+json]
2026-04-04T12:13:40.689+05:30 DEBUG 4224 --- [CartOrderService] [DiscoveryClient-HeartbeatExecutor-0] [                                                 ] o.s.web.client.RestTemplate              : Response 200 OK
2026-04-04T12:13:57.566+05:30 DEBUG 4224 --- [CartOrderService] [DiscoveryClient-CacheRefreshExecutor-0] [                                                 ] o.s.web.client.RestTemplate              : HTTP GET http://localhost:8761/eureka/apps/delta
2026-04-04T12:13:57.567+05:30 DEBUG 4224 --- [CartOrderService] [DiscoveryClient-CacheRefreshExecutor-0] [                                                 ] o.s.web.client.RestTemplate              : Accept=[application/json, application/*+json]
2026-04-04T12:13:57.584+05:30 DEBUG 4224 --- [CartOrderService] [DiscoveryClient-CacheRefreshExecutor-0] [                                                 ] o.s.web.client.RestTemplate              : Response 200 OK
2026-04-04T12:13:57.585+05:30 DEBUG 4224 --- [CartOrderService] [DiscoveryClient-CacheRefreshExecutor-0] [                                                 ] o.s.web.client.RestTemplate              : Reading to [org.springframework.cloud.netflix.eureka.http.EurekaApplications]
2026-04-04T12:14:10.707+05:30 DEBUG 4224 --- [CartOrderService] [DiscoveryClient-HeartbeatExecutor-0] [                                                 ] o.s.web.client.RestTemplate              : HTTP PUT http://localhost:8761/eureka/apps/CARTORDERSERVICE/DESKTOP-ECRRR37.mshome.net:CartOrderService:8083?status=UP&lastDirtyTimestamp=1775281953283
2026-04-04T12:14:10.709+05:30 DEBUG 4224 --- [CartOrderService] [DiscoveryClient-HeartbeatExecutor-0] [                                                 ] o.s.web.client.RestTemplate              : Accept=[application/json, application/*+json]
2026-04-04T12:14:10.724+05:30 DEBUG 4224 --- [CartOrderService] [DiscoveryClient-HeartbeatExecutor-0] [                                                 ] o.s.web.client.RestTemplate              : Response 200 OK
2026-04-04T12:14:27.596+05:30 DEBUG 4224 --- [CartOrderService] [DiscoveryClient-CacheRefreshExecutor-0] [                                                 ] o.s.web.client.RestTemplate              : HTTP GET http://localhost:8761/eureka/apps/delta
2026-04-04T12:14:27.596+05:30 DEBUG 4224 --- [CartOrderService] [DiscoveryClient-CacheRefreshExecutor-0] [                                                 ] o.s.web.client.RestTemplate              : Accept=[application/json, application/*+json]
2026-04-04T12:14:27.614+05:30 DEBUG 4224 --- [CartOrderService] [DiscoveryClient-CacheRefreshExecutor-0] [                                                 ] o.s.web.client.RestTemplate              : Response 200 OK
2026-04-04T12:14:27.614+05:30 DEBUG 4224 --- [CartOrderService] [DiscoveryClient-CacheRefreshExecutor-0] [                                                 ] o.s.web.client.RestTemplate              : Reading to [org.springframework.cloud.netflix.eureka.http.EurekaApplications]
2026-04-04T12:14:40.741+05:30 DEBUG 4224 --- [CartOrderService] [DiscoveryClient-HeartbeatExecutor-0] [                                                 ] o.s.web.client.RestTemplate              : HTTP PUT http://localhost:8761/eureka/apps/CARTORDERSERVICE/DESKTOP-ECRRR37.mshome.net:CartOrderService:8083?status=UP&lastDirtyTimestamp=1775281953283
2026-04-04T12:14:40.742+05:30 DEBUG 4224 --- [CartOrderService] [DiscoveryClient-HeartbeatExecutor-0] [                                                 ] o.s.web.client.RestTemplate              : Accept=[application/json, application/*+json]
2026-04-04T12:14:40.761+05:30 DEBUG 4224 --- [CartOrderService] [DiscoveryClient-HeartbeatExecutor-0] [                                                 ] o.s.web.client.RestTemplate              : Response 200 OK
2026-04-04T12:14:57.666+05:30 DEBUG 4224 --- [CartOrderService] [DiscoveryClient-CacheRefreshExecutor-0] [                                                 ] o.s.web.client.RestTemplate              : HTTP GET http://localhost:8761/eureka/apps/delta
2026-04-04T12:14:57.668+05:30 DEBUG 4224 --- [CartOrderService] [DiscoveryClient-CacheRefreshExecutor-0] [                                                 ] o.s.web.client.RestTemplate              : Accept=[application/json, application/*+json]
2026-04-04T12:14:57.733+05:30 DEBUG 4224 --- [CartOrderService] [DiscoveryClient-CacheRefreshExecutor-0] [                                                 ] o.s.web.client.RestTemplate              : Response 200 OK
2026-04-04T12:14:57.735+05:30 DEBUG 4224 --- [CartOrderService] [DiscoveryClient-CacheRefreshExecutor-0] [                                                 ] o.s.web.client.RestTemplate              : Reading to [org.springframework.cloud.netflix.eureka.http.EurekaApplications]
2026-04-04T12:15:10.777+05:30 DEBUG 4224 --- [CartOrderService] [DiscoveryClient-HeartbeatExecutor-0] [                                                 ] o.s.web.client.RestTemplate              : HTTP PUT http://localhost:8761/eureka/apps/CARTORDERSERVICE/DESKTOP-ECRRR37.mshome.net:CartOrderService:8083?status=UP&lastDirtyTimestamp=1775281953283
2026-04-04T12:15:10.781+05:30 DEBUG 4224 --- [CartOrderService] [DiscoveryClient-HeartbeatExecutor-0] [                                                 ] o.s.web.client.RestTemplate              : Accept=[application/json, application/*+json]
2026-04-04T12:15:10.826+05:30 DEBUG 4224 --- [CartOrderService] [DiscoveryClient-HeartbeatExecutor-0] [                                                 ] o.s.web.client.RestTemplate              : Response 200 OK
2026-04-04T12:15:27.758+05:30 DEBUG 4224 --- [CartOrderService] [DiscoveryClient-CacheRefreshExecutor-0] [                                                 ] o.s.web.client.RestTemplate              : HTTP GET http://localhost:8761/eureka/apps/delta
2026-04-04T12:15:27.761+05:30 DEBUG 4224 --- [CartOrderService] [DiscoveryClient-CacheRefreshExecutor-0] [                                                 ] o.s.web.client.RestTemplate              : Accept=[application/json, application/*+json]
2026-04-04T12:15:27.858+05:30 DEBUG 4224 --- [CartOrderService] [DiscoveryClient-CacheRefreshExecutor-0] [                                                 ] o.s.web.client.RestTemplate              : Response 200 OK
2026-04-04T12:15:27.860+05:30 DEBUG 4224 --- [CartOrderService] [DiscoveryClient-CacheRefreshExecutor-0] [                                                 ] o.s.web.client.RestTemplate              : Reading to [org.springframework.cloud.netflix.eureka.http.EurekaApplications]
2026-04-04T12:15:40.855+05:30 DEBUG 4224 --- [CartOrderService] [DiscoveryClient-HeartbeatExecutor-0] [                                                 ] o.s.web.client.RestTemplate              : HTTP PUT http://localhost:8761/eureka/apps/CARTORDERSERVICE/DESKTOP-ECRRR37.mshome.net:CartOrderService:8083?status=UP&lastDirtyTimestamp=1775281953283
2026-04-04T12:15:40.862+05:30 DEBUG 4224 --- [CartOrderService] [DiscoveryClient-HeartbeatExecutor-0] [                                                 ] o.s.web.client.RestTemplate              : Accept=[application/json, application/*+json]
2026-04-04T12:15:40.879+05:30 DEBUG 4224 --- [CartOrderService] [DiscoveryClient-HeartbeatExecutor-0] [                                                 ] o.s.web.client.RestTemplate              : Response 200 OK
2026-04-04T12:15:57.879+05:30 DEBUG 4224 --- [CartOrderService] [DiscoveryClient-CacheRefreshExecutor-0] [                                                 ] o.s.web.client.RestTemplate              : HTTP GET http://localhost:8761/eureka/apps/delta
2026-04-04T12:15:57.884+05:30 DEBUG 4224 --- [CartOrderService] [DiscoveryClient-CacheRefreshExecutor-0] [                                                 ] o.s.web.client.RestTemplate              : Accept=[application/json, application/*+json]
2026-04-04T12:15:58.077+05:30 DEBUG 4224 --- [CartOrderService] [DiscoveryClient-CacheRefreshExecutor-0] [                                                 ] o.s.web.client.RestTemplate              : Response 200 OK
2026-04-04T12:15:58.090+05:30 DEBUG 4224 --- [CartOrderService] [DiscoveryClient-CacheRefreshExecutor-0] [                                                 ] o.s.web.client.RestTemplate              : Reading to [org.springframework.cloud.netflix.eureka.http.EurekaApplications]
2026-04-04T12:16:11.330+05:30 DEBUG 4224 --- [CartOrderService] [DiscoveryClient-HeartbeatExecutor-0] [                                                 ] o.s.web.client.RestTemplate              : HTTP PUT http://localhost:8761/eureka/apps/CARTORDERSERVICE/DESKTOP-ECRRR37.mshome.net:CartOrderService:8083?status=UP&lastDirtyTimestamp=1775281953283
2026-04-04T12:16:11.511+05:30 DEBUG 4224 --- [CartOrderService] [DiscoveryClient-HeartbeatExecutor-0] [                                                 ] o.s.web.client.RestTemplate              : Accept=[application/json, application/*+json]
2026-04-04T12:16:11.928+05:30 DEBUG 4224 --- [CartOrderService] [DiscoveryClient-HeartbeatExecutor-0] [                                                 ] o.s.web.client.RestTemplate              : Response 200 OK
2026-04-04T12:16:31.771+05:30 DEBUG 4224 --- [CartOrderService] [DiscoveryClient-CacheRefreshExecutor-0] [                                                 ] o.s.web.client.RestTemplate              : HTTP GET http://localhost:8761/eureka/apps/delta
2026-04-04T12:16:31.864+05:30 DEBUG 4224 --- [CartOrderService] [DiscoveryClient-CacheRefreshExecutor-0] [                                                 ] o.s.web.client.RestTemplate              : Accept=[application/json, application/*+json]
2026-04-04T12:16:33.119+05:30  INFO 4224 --- [CartOrderService] [DiscoveryClient-CacheRefreshExecutor-0] [                                                 ] c.n.d.s.t.d.RedirectingEurekaHttpClient  : Request execution error. endpoint=DefaultEndpoint{ serviceUrl='http://localhost:8761/eureka/} exception=I/O error on GET request for "http://localhost:8761/eureka/apps/delta": Connect to http://localhost:8761 [localhost/127.0.0.1, localhost/0:0:0:0:0:0:0:1] failed: Connection refused: getsockopt stacktrace=org.springframework.web.client.ResourceAccessException: I/O error on GET request for "http://localhost:8761/eureka/apps/delta": Connect to http://localhost:8761 [localhost/127.0.0.1, localhost/0:0:0:0:0:0:0:1] failed: Connection refused: getsockopt
	at org.springframework.web.client.RestTemplate.createResourceAccessException(RestTemplate.java:905)
	at org.springframework.web.client.RestTemplate.doExecute(RestTemplate.java:885)
	at org.springframework.web.client.RestTemplate.execute(RestTemplate.java:781)
	at org.springframework.web.client.RestTemplate.exchange(RestTemplate.java:663)
	at org.springframework.cloud.netflix.eureka.http.RestTemplateEurekaHttpClient.getApplicationsInternal(RestTemplateEurekaHttpClient.java:145)
	at org.springframework.cloud.netflix.eureka.http.RestTemplateEurekaHttpClient.getDelta(RestTemplateEurekaHttpClient.java:155)
	at com.netflix.discovery.shared.transport.decorator.EurekaHttpClientDecorator$7.execute(EurekaHttpClientDecorator.java:152)
	at com.netflix.discovery.shared.transport.decorator.RedirectingEurekaHttpClient.execute(RedirectingEurekaHttpClient.java:91)
	at com.netflix.discovery.shared.transport.decorator.EurekaHttpClientDecorator.getDelta(EurekaHttpClientDecorator.java:149)
	at com.netflix.discovery.shared.transport.decorator.EurekaHttpClientDecorator$7.execute(EurekaHttpClientDecorator.java:152)
	at com.netflix.discovery.shared.transport.decorator.RetryableEurekaHttpClient.execute(RetryableEurekaHttpClient.java:120)
	at com.netflix.discovery.shared.transport.decorator.EurekaHttpClientDecorator.getDelta(EurekaHttpClientDecorator.java:149)
	at com.netflix.discovery.shared.transport.decorator.EurekaHttpClientDecorator$7.execute(EurekaHttpClientDecorator.java:152)
	at com.netflix.discovery.shared.transport.decorator.SessionedEurekaHttpClient.execute(SessionedEurekaHttpClient.java:77)
	at com.netflix.discovery.shared.transport.decorator.EurekaHttpClientDecorator.getDelta(EurekaHttpClientDecorator.java:149)
	at com.netflix.discovery.DiscoveryClient.getAndUpdateDelta(DiscoveryClient.java:1079)
	at com.netflix.discovery.DiscoveryClient.fetchRegistry(DiscoveryClient.java:960)
	at com.netflix.discovery.DiscoveryClient.refreshRegistry(DiscoveryClient.java:1475)
	at com.netflix.discovery.DiscoveryClient$CacheRefreshThread.run(DiscoveryClient.java:1442)
	at java.base/java.util.concurrent.Executors$RunnableAdapter.call(Executors.java:572)
	at java.base/java.util.concurrent.FutureTask.run(FutureTask.java:317)
	at java.base/java.util.concurrent.ThreadPoolExecutor.runWorker(ThreadPoolExecutor.java:1144)
	at java.base/java.util.concurrent.ThreadPoolExecutor$Worker.run(ThreadPoolExecutor.java:642)
	at java.base/java.lang.Thread.run(Thread.java:1583)
Caused by: org.apache.hc.client5.http.HttpHostConnectException: Connect to http://localhost:8761 [localhost/127.0.0.1, localhost/0:0:0:0:0:0:0:1] failed: Connection refused: getsockopt
	at java.base/sun.nio.ch.Net.pollConnect(Native Method)
	at java.base/sun.nio.ch.Net.pollConnectNow(Net.java:682)
	at java.base/sun.nio.ch.NioSocketImpl.timedFinishConnect(NioSocketImpl.java:542)
	at java.base/sun.nio.ch.NioSocketImpl.connect(NioSocketImpl.java:592)
	at java.base/java.net.SocksSocketImpl.connect(SocksSocketImpl.java:327)
	at java.base/java.net.Socket.connect(Socket.java:751)
	at org.apache.hc.client5.http.socket.PlainConnectionSocketFactory.lambda$connectSocket$0(PlainConnectionSocketFactory.java:91)
	at java.base/java.security.AccessController.doPrivileged(AccessController.java:571)
	at org.apache.hc.client5.http.socket.PlainConnectionSocketFactory.connectSocket(PlainConnectionSocketFactory.java:90)
	at org.apache.hc.client5.http.socket.ConnectionSocketFactory.connectSocket(ConnectionSocketFactory.java:123)
	at org.apache.hc.client5.http.impl.io.DefaultHttpClientConnectionOperator.connect(DefaultHttpClientConnectionOperator.java:184)
	at org.apache.hc.client5.http.impl.io.PoolingHttpClientConnectionManager.connect(PoolingHttpClientConnectionManager.java:447)
	at org.apache.hc.client5.http.impl.classic.InternalExecRuntime.connectEndpoint(InternalExecRuntime.java:162)
	at org.apache.hc.client5.http.impl.classic.InternalExecRuntime.connectEndpoint(InternalExecRuntime.java:172)
	at org.apache.hc.client5.http.impl.classic.ConnectExec.execute(ConnectExec.java:142)
	at org.apache.hc.client5.http.impl.classic.ExecChainElement.execute(ExecChainElement.java:51)
	at org.apache.hc.client5.http.impl.classic.ProtocolExec.execute(ProtocolExec.java:192)
	at org.apache.hc.client5.http.impl.classic.ExecChainElement.execute(ExecChainElement.java:51)
	at org.apache.hc.client5.http.impl.classic.HttpRequestRetryExec.execute(HttpRequestRetryExec.java:96)
	at org.apache.hc.client5.http.impl.classic.ExecChainElement.execute(ExecChainElement.java:51)
	at org.apache.hc.client5.http.impl.classic.ContentCompressionExec.execute(ContentCompressionExec.java:152)
	at org.apache.hc.client5.http.impl.classic.ExecChainElement.execute(ExecChainElement.java:51)
	at org.apache.hc.client5.http.impl.classic.RedirectExec.execute(RedirectExec.java:115)
	at org.apache.hc.client5.http.impl.classic.ExecChainElement.execute(ExecChainElement.java:51)
	at org.apache.hc.client5.http.impl.classic.InternalHttpClient.doExecute(InternalHttpClient.java:170)
	at org.apache.hc.client5.http.impl.classic.CloseableHttpClient.execute(CloseableHttpClient.java:87)
	at org.apache.hc.client5.http.impl.classic.CloseableHttpClient.execute(CloseableHttpClient.java:55)
	at org.apache.hc.client5.http.classic.HttpClient.executeOpen(HttpClient.java:183)
	at org.springframework.http.client.HttpComponentsClientHttpRequest.executeInternal(HttpComponentsClientHttpRequest.java:95)
	at org.springframework.http.client.AbstractStreamingClientHttpRequest.executeInternal(AbstractStreamingClientHttpRequest.java:70)
	at org.springframework.http.client.AbstractClientHttpRequest.execute(AbstractClientHttpRequest.java:66)
	at org.springframework.http.client.InterceptingClientHttpRequest$InterceptingRequestExecution.execute(InterceptingClientHttpRequest.java:101)
	at org.springframework.cloud.netflix.eureka.http.RestTemplateTransportClientFactory.lambda$restTemplate$0(RestTemplateTransportClientFactory.java:143)
	at org.springframework.http.client.InterceptingClientHttpRequest$InterceptingRequestExecution.execute(InterceptingClientHttpRequest.java:87)
	at org.springframework.http.client.InterceptingClientHttpRequest.executeInternal(InterceptingClientHttpRequest.java:71)
	at org.springframework.http.client.AbstractBufferingClientHttpRequest.executeInternal(AbstractBufferingClientHttpRequest.java:48)
	at org.springframework.http.client.AbstractClientHttpRequest.execute(AbstractClientHttpRequest.java:66)
	at org.springframework.web.client.RestTemplate.doExecute(RestTemplate.java:879)
	... 22 more

2026-04-04T12:16:33.130+05:30  WARN 4224 --- [CartOrderService] [DiscoveryClient-CacheRefreshExecutor-0] [                                                 ] c.n.d.s.t.d.RetryableEurekaHttpClient    : Request execution failed with message: I/O error on GET request for "http://localhost:8761/eureka/apps/delta": Connect to http://localhost:8761 [localhost/127.0.0.1, localhost/0:0:0:0:0:0:0:1] failed: Connection refused: getsockopt
2026-04-04T12:16:33.327+05:30 DEBUG 4224 --- [CartOrderService] [DiscoveryClient-CacheRefreshExecutor-0] [                                                 ] o.s.web.client.RestTemplate              : HTTP GET http://localhost:8761/eureka/apps/delta
2026-04-04T12:16:33.480+05:30 DEBUG 4224 --- [CartOrderService] [DiscoveryClient-CacheRefreshExecutor-0] [                                                 ] o.s.web.client.RestTemplate              : Accept=[application/json, application/*+json]
2026-04-04T12:16:33.503+05:30  INFO 4224 --- [CartOrderService] [DiscoveryClient-CacheRefreshExecutor-0] [                                                 ] c.n.d.s.t.d.RedirectingEurekaHttpClient  : Request execution error. endpoint=DefaultEndpoint{ serviceUrl='http://localhost:8761/eureka/}, exception=I/O error on GET request for "http://localhost:8761/eureka/apps/delta": Connect to http://localhost:8761 [localhost/127.0.0.1, localhost/0:0:0:0:0:0:0:1] failed: Connection refused: getsockopt stacktrace=org.springframework.web.client.ResourceAccessException: I/O error on GET request for "http://localhost:8761/eureka/apps/delta": Connect to http://localhost:8761 [localhost/127.0.0.1, localhost/0:0:0:0:0:0:0:1] failed: Connection refused: getsockopt
	at org.springframework.web.client.RestTemplate.createResourceAccessException(RestTemplate.java:905)
	at org.springframework.web.client.RestTemplate.doExecute(RestTemplate.java:885)
	at org.springframework.web.client.RestTemplate.execute(RestTemplate.java:781)
	at org.springframework.web.client.RestTemplate.exchange(RestTemplate.java:663)
	at org.springframework.cloud.netflix.eureka.http.RestTemplateEurekaHttpClient.getApplicationsInternal(RestTemplateEurekaHttpClient.java:145)
	at org.springframework.cloud.netflix.eureka.http.RestTemplateEurekaHttpClient.getDelta(RestTemplateEurekaHttpClient.java:155)
	at com.netflix.discovery.shared.transport.decorator.EurekaHttpClientDecorator$7.execute(EurekaHttpClientDecorator.java:152)
	at com.netflix.discovery.shared.transport.decorator.RedirectingEurekaHttpClient.executeOnNewServer(RedirectingEurekaHttpClient.java:121)
	at com.netflix.discovery.shared.transport.decorator.RedirectingEurekaHttpClient.execute(RedirectingEurekaHttpClient.java:80)
	at com.netflix.discovery.shared.transport.decorator.EurekaHttpClientDecorator.getDelta(EurekaHttpClientDecorator.java:149)
	at com.netflix.discovery.shared.transport.decorator.EurekaHttpClientDecorator$7.execute(EurekaHttpClientDecorator.java:152)
	at com.netflix.discovery.shared.transport.decorator.RetryableEurekaHttpClient.execute(RetryableEurekaHttpClient.java:120)
	at com.netflix.discovery.shared.transport.decorator.EurekaHttpClientDecorator.getDelta(EurekaHttpClientDecorator.java:149)
	at com.netflix.discovery.shared.transport.decorator.EurekaHttpClientDecorator$7.execute(EurekaHttpClientDecorator.java:152)
	at com.netflix.discovery.shared.transport.decorator.SessionedEurekaHttpClient.execute(SessionedEurekaHttpClient.java:77)
	at com.netflix.discovery.shared.transport.decorator.EurekaHttpClientDecorator.getDelta(EurekaHttpClientDecorator.java:149)
	at com.netflix.discovery.DiscoveryClient.getAndUpdateDelta(DiscoveryClient.java:1079)
	at com.netflix.discovery.DiscoveryClient.fetchRegistry(DiscoveryClient.java:960)
	at com.netflix.discovery.DiscoveryClient.refreshRegistry(DiscoveryClient.java:1475)
	at com.netflix.discovery.DiscoveryClient$CacheRefreshThread.run(DiscoveryClient.java:1442)
	at java.base/java.util.concurrent.Executors$RunnableAdapter.call(Executors.java:572)
	at java.base/java.util.concurrent.FutureTask.run(FutureTask.java:317)
	at java.base/java.util.concurrent.ThreadPoolExecutor.runWorker(ThreadPoolExecutor.java:1144)
	at java.base/java.util.concurrent.ThreadPoolExecutor$Worker.run(ThreadPoolExecutor.java:642)
	at java.base/java.lang.Thread.run(Thread.java:1583)
Caused by: org.apache.hc.client5.http.HttpHostConnectException: Connect to http://localhost:8761 [localhost/127.0.0.1, localhost/0:0:0:0:0:0:0:1] failed: Connection refused: getsockopt
	at java.base/sun.nio.ch.Net.pollConnect(Native Method)
	at java.base/sun.nio.ch.Net.pollConnectNow(Net.java:682)
	at java.base/sun.nio.ch.NioSocketImpl.timedFinishConnect(NioSocketImpl.java:542)
	at java.base/sun.nio.ch.NioSocketImpl.connect(NioSocketImpl.java:592)
	at java.base/java.net.SocksSocketImpl.connect(SocksSocketImpl.java:327)
	at java.base/java.net.Socket.connect(Socket.java:751)
	at org.apache.hc.client5.http.socket.PlainConnectionSocketFactory.lambda$connectSocket$0(PlainConnectionSocketFactory.java:91)
	at java.base/java.security.AccessController.doPrivileged(AccessController.java:571)
	at org.apache.hc.client5.http.socket.PlainConnectionSocketFactory.connectSocket(PlainConnectionSocketFactory.java:90)
	at org.apache.hc.client5.http.socket.ConnectionSocketFactory.connectSocket(ConnectionSocketFactory.java:123)
	at org.apache.hc.client5.http.impl.io.DefaultHttpClientConnectionOperator.connect(DefaultHttpClientConnectionOperator.java:184)
	at org.apache.hc.client5.http.impl.io.PoolingHttpClientConnectionManager.connect(PoolingHttpClientConnectionManager.java:447)
	at org.apache.hc.client5.http.impl.classic.InternalExecRuntime.connectEndpoint(InternalExecRuntime.java:162)
	at org.apache.hc.client5.http.impl.classic.InternalExecRuntime.connectEndpoint(InternalExecRuntime.java:172)
	at org.apache.hc.client5.http.impl.classic.ConnectExec.execute(ConnectExec.java:142)
	at org.apache.hc.client5.http.impl.classic.ExecChainElement.execute(ExecChainElement.java:51)
	at org.apache.hc.client5.http.impl.classic.ProtocolExec.execute(ProtocolExec.java:192)
	at org.apache.hc.client5.http.impl.classic.ExecChainElement.execute(ExecChainElement.java:51)
	at org.apache.hc.client5.http.impl.classic.HttpRequestRetryExec.execute(HttpRequestRetryExec.java:96)
	at org.apache.hc.client5.http.impl.classic.ExecChainElement.execute(ExecChainElement.java:51)
	at org.apache.hc.client5.http.impl.classic.ContentCompressionExec.execute(ContentCompressionExec.java:152)
	at org.apache.hc.client5.http.impl.classic.ExecChainElement.execute(ExecChainElement.java:51)
	at org.apache.hc.client5.http.impl.classic.RedirectExec.execute(RedirectExec.java:115)
	at org.apache.hc.client5.http.impl.classic.ExecChainElement.execute(ExecChainElement.java:51)
	at org.apache.hc.client5.http.impl.classic.InternalHttpClient.doExecute(InternalHttpClient.java:170)
	at org.apache.hc.client5.http.impl.classic.CloseableHttpClient.execute(CloseableHttpClient.java:87)
	at org.apache.hc.client5.http.impl.classic.CloseableHttpClient.execute(CloseableHttpClient.java:55)
	at org.apache.hc.client5.http.classic.HttpClient.executeOpen(HttpClient.java:183)
	at org.springframework.http.client.HttpComponentsClientHttpRequest.executeInternal(HttpComponentsClientHttpRequest.java:95)
	at org.springframework.http.client.AbstractStreamingClientHttpRequest.executeInternal(AbstractStreamingClientHttpRequest.java:70)
	at org.springframework.http.client.AbstractClientHttpRequest.execute(AbstractClientHttpRequest.java:66)
	at org.springframework.http.client.InterceptingClientHttpRequest$InterceptingRequestExecution.execute(InterceptingClientHttpRequest.java:101)
	at org.springframework.cloud.netflix.eureka.http.RestTemplateTransportClientFactory.lambda$restTemplate$0(RestTemplateTransportClientFactory.java:143)
	at org.springframework.http.client.InterceptingClientHttpRequest$InterceptingRequestExecution.execute(InterceptingClientHttpRequest.java:87)
	at org.springframework.http.client.InterceptingClientHttpRequest.executeInternal(InterceptingClientHttpRequest.java:71)
	at org.springframework.http.client.AbstractBufferingClientHttpRequest.executeInternal(AbstractBufferingClientHttpRequest.java:48)
	at org.springframework.http.client.AbstractClientHttpRequest.execute(AbstractClientHttpRequest.java:66)
	at org.springframework.web.client.RestTemplate.doExecute(RestTemplate.java:879)
	... 23 more

2026-04-04T12:16:33.504+05:30  WARN 4224 --- [CartOrderService] [DiscoveryClient-CacheRefreshExecutor-0] [                                                 ] c.n.d.s.t.d.RetryableEurekaHttpClient    : Request execution failed with message: I/O error on GET request for "http://localhost:8761/eureka/apps/delta": Connect to http://localhost:8761 [localhost/127.0.0.1, localhost/0:0:0:0:0:0:0:1] failed: Connection refused: getsockopt
2026-04-04T12:16:33.511+05:30  INFO 4224 --- [CartOrderService] [DiscoveryClient-CacheRefreshExecutor-0] [                                                 ] com.netflix.discovery.DiscoveryClient    : DiscoveryClient_CARTORDERSERVICE/DESKTOP-ECRRR37.mshome.net:CartOrderService:8083 - was unable to refresh its cache! This periodic background refresh will be retried in 30 seconds. status = Cannot execute request on any known server stacktrace = com.netflix.discovery.shared.transport.TransportException: Cannot execute request on any known server
	at com.netflix.discovery.shared.transport.decorator.RetryableEurekaHttpClient.execute(RetryableEurekaHttpClient.java:112)
	at com.netflix.discovery.shared.transport.decorator.EurekaHttpClientDecorator.getDelta(EurekaHttpClientDecorator.java:149)
	at com.netflix.discovery.shared.transport.decorator.EurekaHttpClientDecorator$7.execute(EurekaHttpClientDecorator.java:152)
	at com.netflix.discovery.shared.transport.decorator.SessionedEurekaHttpClient.execute(SessionedEurekaHttpClient.java:77)
	at com.netflix.discovery.shared.transport.decorator.EurekaHttpClientDecorator.getDelta(EurekaHttpClientDecorator.java:149)
	at com.netflix.discovery.DiscoveryClient.getAndUpdateDelta(DiscoveryClient.java:1079)
	at com.netflix.discovery.DiscoveryClient.fetchRegistry(DiscoveryClient.java:960)
	at com.netflix.discovery.DiscoveryClient.refreshRegistry(DiscoveryClient.java:1475)
	at com.netflix.discovery.DiscoveryClient$CacheRefreshThread.run(DiscoveryClient.java:1442)
	at java.base/java.util.concurrent.Executors$RunnableAdapter.call(Executors.java:572)
	at java.base/java.util.concurrent.FutureTask.run(FutureTask.java:317)
	at java.base/java.util.concurrent.ThreadPoolExecutor.runWorker(ThreadPoolExecutor.java:1144)
	at java.base/java.util.concurrent.ThreadPoolExecutor$Worker.run(ThreadPoolExecutor.java:642)
	at java.base/java.lang.Thread.run(Thread.java:1583)

2026-04-04T12:16:41.934+05:30 DEBUG 4224 --- [CartOrderService] [DiscoveryClient-HeartbeatExecutor-0] [                                                 ] o.s.web.client.RestTemplate              : HTTP PUT http://localhost:8761/eureka/apps/CARTORDERSERVICE/DESKTOP-ECRRR37.mshome.net:CartOrderService:8083?status=UP&lastDirtyTimestamp=1775281953283
2026-04-04T12:16:41.935+05:30 DEBUG 4224 --- [CartOrderService] [DiscoveryClient-HeartbeatExecutor-0] [                                                 ] o.s.web.client.RestTemplate              : Accept=[application/json, application/*+json]
2026-04-04T12:16:41.958+05:30  INFO 4224 --- [CartOrderService] [DiscoveryClient-HeartbeatExecutor-0] [                                                 ] c.n.d.s.t.d.RedirectingEurekaHttpClient  : Request execution error. endpoint=DefaultEndpoint{ serviceUrl='http://localhost:8761/eureka/} exception=I/O error on PUT request for "http://localhost:8761/eureka/apps/CARTORDERSERVICE/DESKTOP-ECRRR37.mshome.net:CartOrderService:8083": Connect to http://localhost:8761 [localhost/127.0.0.1, localhost/0:0:0:0:0:0:0:1] failed: Connection refused: getsockopt stacktrace=org.springframework.web.client.ResourceAccessException: I/O error on PUT request for "http://localhost:8761/eureka/apps/CARTORDERSERVICE/DESKTOP-ECRRR37.mshome.net:CartOrderService:8083": Connect to http://localhost:8761 [localhost/127.0.0.1, localhost/0:0:0:0:0:0:0:1] failed: Connection refused: getsockopt
	at org.springframework.web.client.RestTemplate.createResourceAccessException(RestTemplate.java:905)
	at org.springframework.web.client.RestTemplate.doExecute(RestTemplate.java:885)
	at org.springframework.web.client.RestTemplate.execute(RestTemplate.java:781)
	at org.springframework.web.client.RestTemplate.exchange(RestTemplate.java:663)
	at org.springframework.cloud.netflix.eureka.http.RestTemplateEurekaHttpClient.sendHeartBeat(RestTemplateEurekaHttpClient.java:99)
	at com.netflix.discovery.shared.transport.decorator.EurekaHttpClientDecorator$3.execute(EurekaHttpClientDecorator.java:92)
	at com.netflix.discovery.shared.transport.decorator.RedirectingEurekaHttpClient.execute(RedirectingEurekaHttpClient.java:91)
	at com.netflix.discovery.shared.transport.decorator.EurekaHttpClientDecorator.sendHeartBeat(EurekaHttpClientDecorator.java:89)
	at com.netflix.discovery.shared.transport.decorator.EurekaHttpClientDecorator$3.execute(EurekaHttpClientDecorator.java:92)
	at com.netflix.discovery.shared.transport.decorator.RetryableEurekaHttpClient.execute(RetryableEurekaHttpClient.java:120)
	at com.netflix.discovery.shared.transport.decorator.EurekaHttpClientDecorator.sendHeartBeat(EurekaHttpClientDecorator.java:89)
	at com.netflix.discovery.shared.transport.decorator.EurekaHttpClientDecorator$3.execute(EurekaHttpClientDecorator.java:92)
	at com.netflix.discovery.shared.transport.decorator.SessionedEurekaHttpClient.execute(SessionedEurekaHttpClient.java:77)
	at com.netflix.discovery.shared.transport.decorator.EurekaHttpClientDecorator.sendHeartBeat(EurekaHttpClientDecorator.java:89)
	at com.netflix.discovery.DiscoveryClient.renew(DiscoveryClient.java:837)
	at com.netflix.discovery.DiscoveryClient$HeartbeatThread.run(DiscoveryClient.java:1401)
	at java.base/java.util.concurrent.Executors$RunnableAdapter.call(Executors.java:572)
	at java.base/java.util.concurrent.FutureTask.run(FutureTask.java:317)
	at java.base/java.util.concurrent.ThreadPoolExecutor.runWorker(ThreadPoolExecutor.java:1144)
	at java.base/java.util.concurrent.ThreadPoolExecutor$Worker.run(ThreadPoolExecutor.java:642)
	at java.base/java.lang.Thread.run(Thread.java:1583)
Caused by: org.apache.hc.client5.http.HttpHostConnectException: Connect to http://localhost:8761 [localhost/127.0.0.1, localhost/0:0:0:0:0:0:0:1] failed: Connection refused: getsockopt
	at java.base/sun.nio.ch.Net.pollConnect(Native Method)
	at java.base/sun.nio.ch.Net.pollConnectNow(Net.java:682)
	at java.base/sun.nio.ch.NioSocketImpl.timedFinishConnect(NioSocketImpl.java:542)
	at java.base/sun.nio.ch.NioSocketImpl.connect(NioSocketImpl.java:592)
	at java.base/java.net.SocksSocketImpl.connect(SocksSocketImpl.java:327)
	at java.base/java.net.Socket.connect(Socket.java:751)
	at org.apache.hc.client5.http.socket.PlainConnectionSocketFactory.lambda$connectSocket$0(PlainConnectionSocketFactory.java:91)
	at java.base/java.security.AccessController.doPrivileged(AccessController.java:571)
	at org.apache.hc.client5.http.socket.PlainConnectionSocketFactory.connectSocket(PlainConnectionSocketFactory.java:90)
	at org.apache.hc.client5.http.socket.ConnectionSocketFactory.connectSocket(ConnectionSocketFactory.java:123)
	at org.apache.hc.client5.http.impl.io.DefaultHttpClientConnectionOperator.connect(DefaultHttpClientConnectionOperator.java:184)
	at org.apache.hc.client5.http.impl.io.PoolingHttpClientConnectionManager.connect(PoolingHttpClientConnectionManager.java:447)
	at org.apache.hc.client5.http.impl.classic.InternalExecRuntime.connectEndpoint(InternalExecRuntime.java:162)
	at org.apache.hc.client5.http.impl.classic.InternalExecRuntime.connectEndpoint(InternalExecRuntime.java:172)
	at org.apache.hc.client5.http.impl.classic.ConnectExec.execute(ConnectExec.java:142)
	at org.apache.hc.client5.http.impl.classic.ExecChainElement.execute(ExecChainElement.java:51)
	at org.apache.hc.client5.http.impl.classic.ProtocolExec.execute(ProtocolExec.java:192)
	at org.apache.hc.client5.http.impl.classic.ExecChainElement.execute(ExecChainElement.java:51)
	at org.apache.hc.client5.http.impl.classic.HttpRequestRetryExec.execute(HttpRequestRetryExec.java:96)
	at org.apache.hc.client5.http.impl.classic.ExecChainElement.execute(ExecChainElement.java:51)
	at org.apache.hc.client5.http.impl.classic.ContentCompressionExec.execute(ContentCompressionExec.java:152)
	at org.apache.hc.client5.http.impl.classic.ExecChainElement.execute(ExecChainElement.java:51)
	at org.apache.hc.client5.http.impl.classic.RedirectExec.execute(RedirectExec.java:115)
	at org.apache.hc.client5.http.impl.classic.ExecChainElement.execute(ExecChainElement.java:51)
	at org.apache.hc.client5.http.impl.classic.InternalHttpClient.doExecute(InternalHttpClient.java:170)
	at org.apache.hc.client5.http.impl.classic.CloseableHttpClient.execute(CloseableHttpClient.java:87)
	at org.apache.hc.client5.http.impl.classic.CloseableHttpClient.execute(CloseableHttpClient.java:55)
	at org.apache.hc.client5.http.classic.HttpClient.executeOpen(HttpClient.java:183)
	at org.springframework.http.client.HttpComponentsClientHttpRequest.executeInternal(HttpComponentsClientHttpRequest.java:95)
	at org.springframework.http.client.AbstractStreamingClientHttpRequest.executeInternal(AbstractStreamingClientHttpRequest.java:70)
	at org.springframework.http.client.AbstractClientHttpRequest.execute(AbstractClientHttpRequest.java:66)
	at org.springframework.http.client.InterceptingClientHttpRequest$InterceptingRequestExecution.execute(InterceptingClientHttpRequest.java:101)
	at org.springframework.cloud.netflix.eureka.http.RestTemplateTransportClientFactory.lambda$restTemplate$0(RestTemplateTransportClientFactory.java:143)
	at org.springframework.http.client.InterceptingClientHttpRequest$InterceptingRequestExecution.execute(InterceptingClientHttpRequest.java:87)
	at org.springframework.http.client.InterceptingClientHttpRequest.executeInternal(InterceptingClientHttpRequest.java:71)
	at org.springframework.http.client.AbstractBufferingClientHttpRequest.executeInternal(AbstractBufferingClientHttpRequest.java:48)
	at org.springframework.http.client.AbstractClientHttpRequest.execute(AbstractClientHttpRequest.java:66)
	at org.springframework.web.client.RestTemplate.doExecute(RestTemplate.java:879)
	... 19 more

2026-04-04T12:16:41.960+05:30  WARN 4224 --- [CartOrderService] [DiscoveryClient-HeartbeatExecutor-0] [                                                 ] c.n.d.s.t.d.RetryableEurekaHttpClient    : Request execution failed with message: I/O error on PUT request for "http://localhost:8761/eureka/apps/CARTORDERSERVICE/DESKTOP-ECRRR37.mshome.net:CartOrderService:8083": Connect to http://localhost:8761 [localhost/127.0.0.1, localhost/0:0:0:0:0:0:0:1] failed: Connection refused: getsockopt
2026-04-04T12:16:42.000+05:30 DEBUG 4224 --- [CartOrderService] [DiscoveryClient-HeartbeatExecutor-0] [                                                 ] o.s.web.client.RestTemplate              : HTTP PUT http://localhost:8761/eureka/apps/CARTORDERSERVICE/DESKTOP-ECRRR37.mshome.net:CartOrderService:8083?status=UP&lastDirtyTimestamp=1775281953283
2026-04-04T12:16:42.129+05:30 DEBUG 4224 --- [CartOrderService] [DiscoveryClient-HeartbeatExecutor-0] [                                                 ] o.s.web.client.RestTemplate              : Accept=[application/json, application/*+json]
2026-04-04T12:16:42.139+05:30  INFO 4224 --- [CartOrderService] [DiscoveryClient-HeartbeatExecutor-0] [                                                 ] c.n.d.s.t.d.RedirectingEurekaHttpClient  : Request execution error. endpoint=DefaultEndpoint{ serviceUrl='http://localhost:8761/eureka/}, exception=I/O error on PUT request for "http://localhost:8761/eureka/apps/CARTORDERSERVICE/DESKTOP-ECRRR37.mshome.net:CartOrderService:8083": Connect to http://localhost:8761 [localhost/127.0.0.1, localhost/0:0:0:0:0:0:0:1] failed: Connection refused: getsockopt stacktrace=org.springframework.web.client.ResourceAccessException: I/O error on PUT request for "http://localhost:8761/eureka/apps/CARTORDERSERVICE/DESKTOP-ECRRR37.mshome.net:CartOrderService:8083": Connect to http://localhost:8761 [localhost/127.0.0.1, localhost/0:0:0:0:0:0:0:1] failed: Connection refused: getsockopt
	at org.springframework.web.client.RestTemplate.createResourceAccessException(RestTemplate.java:905)
	at org.springframework.web.client.RestTemplate.doExecute(RestTemplate.java:885)
	at org.springframework.web.client.RestTemplate.execute(RestTemplate.java:781)
	at org.springframework.web.client.RestTemplate.exchange(RestTemplate.java:663)
	at org.springframework.cloud.netflix.eureka.http.RestTemplateEurekaHttpClient.sendHeartBeat(RestTemplateEurekaHttpClient.java:99)
	at com.netflix.discovery.shared.transport.decorator.EurekaHttpClientDecorator$3.execute(EurekaHttpClientDecorator.java:92)
	at com.netflix.discovery.shared.transport.decorator.RedirectingEurekaHttpClient.executeOnNewServer(RedirectingEurekaHttpClient.java:121)
	at com.netflix.discovery.shared.transport.decorator.RedirectingEurekaHttpClient.execute(RedirectingEurekaHttpClient.java:80)
	at com.netflix.discovery.shared.transport.decorator.EurekaHttpClientDecorator.sendHeartBeat(EurekaHttpClientDecorator.java:89)
	at com.netflix.discovery.shared.transport.decorator.EurekaHttpClientDecorator$3.execute(EurekaHttpClientDecorator.java:92)
	at com.netflix.discovery.shared.transport.decorator.RetryableEurekaHttpClient.execute(RetryableEurekaHttpClient.java:120)
	at com.netflix.discovery.shared.transport.decorator.EurekaHttpClientDecorator.sendHeartBeat(EurekaHttpClientDecorator.java:89)
	at com.netflix.discovery.shared.transport.decorator.EurekaHttpClientDecorator$3.execute(EurekaHttpClientDecorator.java:92)
	at com.netflix.discovery.shared.transport.decorator.SessionedEurekaHttpClient.execute(SessionedEurekaHttpClient.java:77)
	at com.netflix.discovery.shared.transport.decorator.EurekaHttpClientDecorator.sendHeartBeat(EurekaHttpClientDecorator.java:89)
	at com.netflix.discovery.DiscoveryClient.renew(DiscoveryClient.java:837)
	at com.netflix.discovery.DiscoveryClient$HeartbeatThread.run(DiscoveryClient.java:1401)
	at java.base/java.util.concurrent.Executors$RunnableAdapter.call(Executors.java:572)
	at java.base/java.util.concurrent.FutureTask.run(FutureTask.java:317)
	at java.base/java.util.concurrent.ThreadPoolExecutor.runWorker(ThreadPoolExecutor.java:1144)
	at java.base/java.util.concurrent.ThreadPoolExecutor$Worker.run(ThreadPoolExecutor.java:642)
	at java.base/java.lang.Thread.run(Thread.java:1583)
Caused by: org.apache.hc.client5.http.HttpHostConnectException: Connect to http://localhost:8761 [localhost/127.0.0.1, localhost/0:0:0:0:0:0:0:1] failed: Connection refused: getsockopt
	at java.base/sun.nio.ch.Net.pollConnect(Native Method)
	at java.base/sun.nio.ch.Net.pollConnectNow(Net.java:682)
	at java.base/sun.nio.ch.NioSocketImpl.timedFinishConnect(NioSocketImpl.java:542)
	at java.base/sun.nio.ch.NioSocketImpl.connect(NioSocketImpl.java:592)
	at java.base/java.net.SocksSocketImpl.connect(SocksSocketImpl.java:327)
	at java.base/java.net.Socket.connect(Socket.java:751)
	at org.apache.hc.client5.http.socket.PlainConnectionSocketFactory.lambda$connectSocket$0(PlainConnectionSocketFactory.java:91)
	at java.base/java.security.AccessController.doPrivileged(AccessController.java:571)
	at org.apache.hc.client5.http.socket.PlainConnectionSocketFactory.connectSocket(PlainConnectionSocketFactory.java:90)
	at org.apache.hc.client5.http.socket.ConnectionSocketFactory.connectSocket(ConnectionSocketFactory.java:123)
	at org.apache.hc.client5.http.impl.io.DefaultHttpClientConnectionOperator.connect(DefaultHttpClientConnectionOperator.java:184)
	at org.apache.hc.client5.http.impl.io.PoolingHttpClientConnectionManager.connect(PoolingHttpClientConnectionManager.java:447)
	at org.apache.hc.client5.http.impl.classic.InternalExecRuntime.connectEndpoint(InternalExecRuntime.java:162)
	at org.apache.hc.client5.http.impl.classic.InternalExecRuntime.connectEndpoint(InternalExecRuntime.java:172)
	at org.apache.hc.client5.http.impl.classic.ConnectExec.execute(ConnectExec.java:142)
	at org.apache.hc.client5.http.impl.classic.ExecChainElement.execute(ExecChainElement.java:51)
	at org.apache.hc.client5.http.impl.classic.ProtocolExec.execute(ProtocolExec.java:192)
	at org.apache.hc.client5.http.impl.classic.ExecChainElement.execute(ExecChainElement.java:51)
	at org.apache.hc.client5.http.impl.classic.HttpRequestRetryExec.execute(HttpRequestRetryExec.java:96)
	at org.apache.hc.client5.http.impl.classic.ExecChainElement.execute(ExecChainElement.java:51)
	at org.apache.hc.client5.http.impl.classic.ContentCompressionExec.execute(ContentCompressionExec.java:152)
	at org.apache.hc.client5.http.impl.classic.ExecChainElement.execute(ExecChainElement.java:51)
	at org.apache.hc.client5.http.impl.classic.RedirectExec.execute(RedirectExec.java:115)
	at org.apache.hc.client5.http.impl.classic.ExecChainElement.execute(ExecChainElement.java:51)
	at org.apache.hc.client5.http.impl.classic.InternalHttpClient.doExecute(InternalHttpClient.java:170)
	at org.apache.hc.client5.http.impl.classic.CloseableHttpClient.execute(CloseableHttpClient.java:87)
	at org.apache.hc.client5.http.impl.classic.CloseableHttpClient.execute(CloseableHttpClient.java:55)
	at org.apache.hc.client5.http.classic.HttpClient.executeOpen(HttpClient.java:183)
	at org.springframework.http.client.HttpComponentsClientHttpRequest.executeInternal(HttpComponentsClientHttpRequest.java:95)
	at org.springframework.http.client.AbstractStreamingClientHttpRequest.executeInternal(AbstractStreamingClientHttpRequest.java:70)
	at org.springframework.http.client.AbstractClientHttpRequest.execute(AbstractClientHttpRequest.java:66)
	at org.springframework.http.client.InterceptingClientHttpRequest$InterceptingRequestExecution.execute(InterceptingClientHttpRequest.java:101)
	at org.springframework.cloud.netflix.eureka.http.RestTemplateTransportClientFactory.lambda$restTemplate$0(RestTemplateTransportClientFactory.java:143)
	at org.springframework.http.client.InterceptingClientHttpRequest$InterceptingRequestExecution.execute(InterceptingClientHttpRequest.java:87)
	at org.springframework.http.client.InterceptingClientHttpRequest.executeInternal(InterceptingClientHttpRequest.java:71)
	at org.springframework.http.client.AbstractBufferingClientHttpRequest.executeInternal(AbstractBufferingClientHttpRequest.java:48)
	at org.springframework.http.client.AbstractClientHttpRequest.execute(AbstractClientHttpRequest.java:66)
	at org.springframework.web.client.RestTemplate.doExecute(RestTemplate.java:879)
	... 20 more

2026-04-04T12:16:42.140+05:30  WARN 4224 --- [CartOrderService] [DiscoveryClient-HeartbeatExecutor-0] [                                                 ] c.n.d.s.t.d.RetryableEurekaHttpClient    : Request execution failed with message: I/O error on PUT request for "http://localhost:8761/eureka/apps/CARTORDERSERVICE/DESKTOP-ECRRR37.mshome.net:CartOrderService:8083": Connect to http://localhost:8761 [localhost/127.0.0.1, localhost/0:0:0:0:0:0:0:1] failed: Connection refused: getsockopt
2026-04-04T12:16:42.142+05:30 ERROR 4224 --- [CartOrderService] [DiscoveryClient-HeartbeatExecutor-0] [                                                 ] com.netflix.discovery.DiscoveryClient    : DiscoveryClient_CARTORDERSERVICE/DESKTOP-ECRRR37.mshome.net:CartOrderService:8083 - was unable to send heartbeat!

com.netflix.discovery.shared.transport.TransportException: Cannot execute request on any known server
	at com.netflix.discovery.shared.transport.decorator.RetryableEurekaHttpClient.execute(RetryableEurekaHttpClient.java:112) ~[eureka-client-2.0.2.jar:2.0.2]
	at com.netflix.discovery.shared.transport.decorator.EurekaHttpClientDecorator.sendHeartBeat(EurekaHttpClientDecorator.java:89) ~[eureka-client-2.0.2.jar:2.0.2]
	at com.netflix.discovery.shared.transport.decorator.EurekaHttpClientDecorator$3.execute(EurekaHttpClientDecorator.java:92) ~[eureka-client-2.0.2.jar:2.0.2]
	at com.netflix.discovery.shared.transport.decorator.SessionedEurekaHttpClient.execute(SessionedEurekaHttpClient.java:77) ~[eureka-client-2.0.2.jar:2.0.2]
	at com.netflix.discovery.shared.transport.decorator.EurekaHttpClientDecorator.sendHeartBeat(EurekaHttpClientDecorator.java:89) ~[eureka-client-2.0.2.jar:2.0.2]
	at com.netflix.discovery.DiscoveryClient.renew(DiscoveryClient.java:837) ~[eureka-client-2.0.2.jar:2.0.2]
	at com.netflix.discovery.DiscoveryClient$HeartbeatThread.run(DiscoveryClient.java:1401) ~[eureka-client-2.0.2.jar:2.0.2]
	at java.base/java.util.concurrent.Executors$RunnableAdapter.call(Executors.java:572) ~[na:na]
	at java.base/java.util.concurrent.FutureTask.run(FutureTask.java:317) ~[na:na]
	at java.base/java.util.concurrent.ThreadPoolExecutor.runWorker(ThreadPoolExecutor.java:1144) ~[na:na]
	at java.base/java.util.concurrent.ThreadPoolExecutor$Worker.run(ThreadPoolExecutor.java:642) ~[na:na]
	at java.base/java.lang.Thread.run(Thread.java:1583) ~[na:na]

2026-04-04T12:17:03.532+05:30 DEBUG 4224 --- [CartOrderService] [DiscoveryClient-CacheRefreshExecutor-0] [                                                 ] o.s.web.client.RestTemplate              : HTTP GET http://localhost:8761/eureka/apps/delta
2026-04-04T12:17:03.614+05:30 DEBUG 4224 --- [CartOrderService] [DiscoveryClient-CacheRefreshExecutor-0] [                                                 ] o.s.web.client.RestTemplate              : Accept=[application/json, application/*+json]
2026-04-04T12:17:03.631+05:30  INFO 4224 --- [CartOrderService] [DiscoveryClient-CacheRefreshExecutor-0] [                                                 ] c.n.d.s.t.d.RedirectingEurekaHttpClient  : Request execution error. endpoint=DefaultEndpoint{ serviceUrl='http://localhost:8761/eureka/}, exception=I/O error on GET request for "http://localhost:8761/eureka/apps/delta": Connect to http://localhost:8761 [localhost/127.0.0.1, localhost/0:0:0:0:0:0:0:1] failed: Connection refused: getsockopt stacktrace=org.springframework.web.client.ResourceAccessException: I/O error on GET request for "http://localhost:8761/eureka/apps/delta": Connect to http://localhost:8761 [localhost/127.0.0.1, localhost/0:0:0:0:0:0:0:1] failed: Connection refused: getsockopt
	at org.springframework.web.client.RestTemplate.createResourceAccessException(RestTemplate.java:905)
	at org.springframework.web.client.RestTemplate.doExecute(RestTemplate.java:885)
	at org.springframework.web.client.RestTemplate.execute(RestTemplate.java:781)
	at org.springframework.web.client.RestTemplate.exchange(RestTemplate.java:663)
	at org.springframework.cloud.netflix.eureka.http.RestTemplateEurekaHttpClient.getApplicationsInternal(RestTemplateEurekaHttpClient.java:145)
	at org.springframework.cloud.netflix.eureka.http.RestTemplateEurekaHttpClient.getDelta(RestTemplateEurekaHttpClient.java:155)
	at com.netflix.discovery.shared.transport.decorator.EurekaHttpClientDecorator$7.execute(EurekaHttpClientDecorator.java:152)
	at com.netflix.discovery.shared.transport.decorator.RedirectingEurekaHttpClient.executeOnNewServer(RedirectingEurekaHttpClient.java:121)
	at com.netflix.discovery.shared.transport.decorator.RedirectingEurekaHttpClient.execute(RedirectingEurekaHttpClient.java:80)
	at com.netflix.discovery.shared.transport.decorator.EurekaHttpClientDecorator.getDelta(EurekaHttpClientDecorator.java:149)
	at com.netflix.discovery.shared.transport.decorator.EurekaHttpClientDecorator$7.execute(EurekaHttpClientDecorator.java:152)
	at com.netflix.discovery.shared.transport.decorator.RetryableEurekaHttpClient.execute(RetryableEurekaHttpClient.java:120)
	at com.netflix.discovery.shared.transport.decorator.EurekaHttpClientDecorator.getDelta(EurekaHttpClientDecorator.java:149)
	at com.netflix.discovery.shared.transport.decorator.EurekaHttpClientDecorator$7.execute(EurekaHttpClientDecorator.java:152)
	at com.netflix.discovery.shared.transport.decorator.SessionedEurekaHttpClient.execute(SessionedEurekaHttpClient.java:77)
	at com.netflix.discovery.shared.transport.decorator.EurekaHttpClientDecorator.getDelta(EurekaHttpClientDecorator.java:149)
	at com.netflix.discovery.DiscoveryClient.getAndUpdateDelta(DiscoveryClient.java:1079)
	at com.netflix.discovery.DiscoveryClient.fetchRegistry(DiscoveryClient.java:960)
	at com.netflix.discovery.DiscoveryClient.refreshRegistry(DiscoveryClient.java:1475)
	at com.netflix.discovery.DiscoveryClient$CacheRefreshThread.run(DiscoveryClient.java:1442)
	at java.base/java.util.concurrent.Executors$RunnableAdapter.call(Executors.java:572)
	at java.base/java.util.concurrent.FutureTask.run(FutureTask.java:317)
	at java.base/java.util.concurrent.ThreadPoolExecutor.runWorker(ThreadPoolExecutor.java:1144)
	at java.base/java.util.concurrent.ThreadPoolExecutor$Worker.run(ThreadPoolExecutor.java:642)
	at java.base/java.lang.Thread.run(Thread.java:1583)
Caused by: org.apache.hc.client5.http.HttpHostConnectException: Connect to http://localhost:8761 [localhost/127.0.0.1, localhost/0:0:0:0:0:0:0:1] failed: Connection refused: getsockopt
	at java.base/sun.nio.ch.Net.pollConnect(Native Method)
	at java.base/sun.nio.ch.Net.pollConnectNow(Net.java:682)
	at java.base/sun.nio.ch.NioSocketImpl.timedFinishConnect(NioSocketImpl.java:542)
	at java.base/sun.nio.ch.NioSocketImpl.connect(NioSocketImpl.java:592)
	at java.base/java.net.SocksSocketImpl.connect(SocksSocketImpl.java:327)
	at java.base/java.net.Socket.connect(Socket.java:751)
	at org.apache.hc.client5.http.socket.PlainConnectionSocketFactory.lambda$connectSocket$0(PlainConnectionSocketFactory.java:91)
	at java.base/java.security.AccessController.doPrivileged(AccessController.java:571)
	at org.apache.hc.client5.http.socket.PlainConnectionSocketFactory.connectSocket(PlainConnectionSocketFactory.java:90)
	at org.apache.hc.client5.http.socket.ConnectionSocketFactory.connectSocket(ConnectionSocketFactory.java:123)
	at org.apache.hc.client5.http.impl.io.DefaultHttpClientConnectionOperator.connect(DefaultHttpClientConnectionOperator.java:184)
	at org.apache.hc.client5.http.impl.io.PoolingHttpClientConnectionManager.connect(PoolingHttpClientConnectionManager.java:447)
	at org.apache.hc.client5.http.impl.classic.InternalExecRuntime.connectEndpoint(InternalExecRuntime.java:162)
	at org.apache.hc.client5.http.impl.classic.InternalExecRuntime.connectEndpoint(InternalExecRuntime.java:172)
	at org.apache.hc.client5.http.impl.classic.ConnectExec.execute(ConnectExec.java:142)
	at org.apache.hc.client5.http.impl.classic.ExecChainElement.execute(ExecChainElement.java:51)
	at org.apache.hc.client5.http.impl.classic.ProtocolExec.execute(ProtocolExec.java:192)
	at org.apache.hc.client5.http.impl.classic.ExecChainElement.execute(ExecChainElement.java:51)
	at org.apache.hc.client5.http.impl.classic.HttpRequestRetryExec.execute(HttpRequestRetryExec.java:96)
	at org.apache.hc.client5.http.impl.classic.ExecChainElement.execute(ExecChainElement.java:51)
	at org.apache.hc.client5.http.impl.classic.ContentCompressionExec.execute(ContentCompressionExec.java:152)
	at org.apache.hc.client5.http.impl.classic.ExecChainElement.execute(ExecChainElement.java:51)
	at org.apache.hc.client5.http.impl.classic.RedirectExec.execute(RedirectExec.java:115)
	at org.apache.hc.client5.http.impl.classic.ExecChainElement.execute(ExecChainElement.java:51)
	at org.apache.hc.client5.http.impl.classic.InternalHttpClient.doExecute(InternalHttpClient.java:170)
	at org.apache.hc.client5.http.impl.classic.CloseableHttpClient.execute(CloseableHttpClient.java:87)
	at org.apache.hc.client5.http.impl.classic.CloseableHttpClient.execute(CloseableHttpClient.java:55)
	at org.apache.hc.client5.http.classic.HttpClient.executeOpen(HttpClient.java:183)
	at org.springframework.http.client.HttpComponentsClientHttpRequest.executeInternal(HttpComponentsClientHttpRequest.java:95)
	at org.springframework.http.client.AbstractStreamingClientHttpRequest.executeInternal(AbstractStreamingClientHttpRequest.java:70)
	at org.springframework.http.client.AbstractClientHttpRequest.execute(AbstractClientHttpRequest.java:66)
	at org.springframework.http.client.InterceptingClientHttpRequest$InterceptingRequestExecution.execute(InterceptingClientHttpRequest.java:101)
	at org.springframework.cloud.netflix.eureka.http.RestTemplateTransportClientFactory.lambda$restTemplate$0(RestTemplateTransportClientFactory.java:143)
	at org.springframework.http.client.InterceptingClientHttpRequest$InterceptingRequestExecution.execute(InterceptingClientHttpRequest.java:87)
	at org.springframework.http.client.InterceptingClientHttpRequest.executeInternal(InterceptingClientHttpRequest.java:71)
	at org.springframework.http.client.AbstractBufferingClientHttpRequest.executeInternal(AbstractBufferingClientHttpRequest.java:48)
	at org.springframework.http.client.AbstractClientHttpRequest.execute(AbstractClientHttpRequest.java:66)
	at org.springframework.web.client.RestTemplate.doExecute(RestTemplate.java:879)
	... 23 more

2026-04-04T12:17:03.631+05:30  WARN 4224 --- [CartOrderService] [DiscoveryClient-CacheRefreshExecutor-0] [                                                 ] c.n.d.s.t.d.RetryableEurekaHttpClient    : Request execution failed with message: I/O error on GET request for "http://localhost:8761/eureka/apps/delta": Connect to http://localhost:8761 [localhost/127.0.0.1, localhost/0:0:0:0:0:0:0:1] failed: Connection refused: getsockopt
2026-04-04T12:17:03.632+05:30  INFO 4224 --- [CartOrderService] [DiscoveryClient-CacheRefreshExecutor-0] [                                                 ] com.netflix.discovery.DiscoveryClient    : DiscoveryClient_CARTORDERSERVICE/DESKTOP-ECRRR37.mshome.net:CartOrderService:8083 - was unable to refresh its cache! This periodic background refresh will be retried in 30 seconds. status = Cannot execute request on any known server stacktrace = com.netflix.discovery.shared.transport.TransportException: Cannot execute request on any known server
	at com.netflix.discovery.shared.transport.decorator.RetryableEurekaHttpClient.execute(RetryableEurekaHttpClient.java:112)
	at com.netflix.discovery.shared.transport.decorator.EurekaHttpClientDecorator.getDelta(EurekaHttpClientDecorator.java:149)
	at com.netflix.discovery.shared.transport.decorator.EurekaHttpClientDecorator$7.execute(EurekaHttpClientDecorator.java:152)
	at com.netflix.discovery.shared.transport.decorator.SessionedEurekaHttpClient.execute(SessionedEurekaHttpClient.java:77)
	at com.netflix.discovery.shared.transport.decorator.EurekaHttpClientDecorator.getDelta(EurekaHttpClientDecorator.java:149)
	at com.netflix.discovery.DiscoveryClient.getAndUpdateDelta(DiscoveryClient.java:1079)
	at com.netflix.discovery.DiscoveryClient.fetchRegistry(DiscoveryClient.java:960)
	at com.netflix.discovery.DiscoveryClient.refreshRegistry(DiscoveryClient.java:1475)
	at com.netflix.discovery.DiscoveryClient$CacheRefreshThread.run(DiscoveryClient.java:1442)
	at java.base/java.util.concurrent.Executors$RunnableAdapter.call(Executors.java:572)
	at java.base/java.util.concurrent.FutureTask.run(FutureTask.java:317)
	at java.base/java.util.concurrent.ThreadPoolExecutor.runWorker(ThreadPoolExecutor.java:1144)
	at java.base/java.util.concurrent.ThreadPoolExecutor$Worker.run(ThreadPoolExecutor.java:642)
	at java.base/java.lang.Thread.run(Thread.java:1583)

2026-04-04T12:17:13.067+05:30 DEBUG 4224 --- [CartOrderService] [DiscoveryClient-HeartbeatExecutor-0] [                                                 ] o.s.web.client.RestTemplate              : HTTP PUT http://localhost:8761/eureka/apps/CARTORDERSERVICE/DESKTOP-ECRRR37.mshome.net:CartOrderService:8083?status=UP&lastDirtyTimestamp=1775281953283
2026-04-04T12:17:13.148+05:30 DEBUG 4224 --- [CartOrderService] [DiscoveryClient-HeartbeatExecutor-0] [                                                 ] o.s.web.client.RestTemplate              : Accept=[application/json, application/*+json]
2026-04-04T12:17:13.159+05:30  INFO 4224 --- [CartOrderService] [DiscoveryClient-HeartbeatExecutor-0] [                                                 ] c.n.d.s.t.d.RedirectingEurekaHttpClient  : Request execution error. endpoint=DefaultEndpoint{ serviceUrl='http://localhost:8761/eureka/}, exception=I/O error on PUT request for "http://localhost:8761/eureka/apps/CARTORDERSERVICE/DESKTOP-ECRRR37.mshome.net:CartOrderService:8083": Connect to http://localhost:8761 [localhost/127.0.0.1, localhost/0:0:0:0:0:0:0:1] failed: Connection refused: getsockopt stacktrace=org.springframework.web.client.ResourceAccessException: I/O error on PUT request for "http://localhost:8761/eureka/apps/CARTORDERSERVICE/DESKTOP-ECRRR37.mshome.net:CartOrderService:8083": Connect to http://localhost:8761 [localhost/127.0.0.1, localhost/0:0:0:0:0:0:0:1] failed: Connection refused: getsockopt
	at org.springframework.web.client.RestTemplate.createResourceAccessException(RestTemplate.java:905)
	at org.springframework.web.client.RestTemplate.doExecute(RestTemplate.java:885)
	at org.springframework.web.client.RestTemplate.execute(RestTemplate.java:781)
	at org.springframework.web.client.RestTemplate.exchange(RestTemplate.java:663)
	at org.springframework.cloud.netflix.eureka.http.RestTemplateEurekaHttpClient.sendHeartBeat(RestTemplateEurekaHttpClient.java:99)
	at com.netflix.discovery.shared.transport.decorator.EurekaHttpClientDecorator$3.execute(EurekaHttpClientDecorator.java:92)
	at com.netflix.discovery.shared.transport.decorator.RedirectingEurekaHttpClient.executeOnNewServer(RedirectingEurekaHttpClient.java:121)
	at com.netflix.discovery.shared.transport.decorator.RedirectingEurekaHttpClient.execute(RedirectingEurekaHttpClient.java:80)
	at com.netflix.discovery.shared.transport.decorator.EurekaHttpClientDecorator.sendHeartBeat(EurekaHttpClientDecorator.java:89)
	at com.netflix.discovery.shared.transport.decorator.EurekaHttpClientDecorator$3.execute(EurekaHttpClientDecorator.java:92)
	at com.netflix.discovery.shared.transport.decorator.RetryableEurekaHttpClient.execute(RetryableEurekaHttpClient.java:120)
	at com.netflix.discovery.shared.transport.decorator.EurekaHttpClientDecorator.sendHeartBeat(EurekaHttpClientDecorator.java:89)
	at com.netflix.discovery.shared.transport.decorator.EurekaHttpClientDecorator$3.execute(EurekaHttpClientDecorator.java:92)
	at com.netflix.discovery.shared.transport.decorator.SessionedEurekaHttpClient.execute(SessionedEurekaHttpClient.java:77)
	at com.netflix.discovery.shared.transport.decorator.EurekaHttpClientDecorator.sendHeartBeat(EurekaHttpClientDecorator.java:89)
	at com.netflix.discovery.DiscoveryClient.renew(DiscoveryClient.java:837)
	at com.netflix.discovery.DiscoveryClient$HeartbeatThread.run(DiscoveryClient.java:1401)
	at java.base/java.util.concurrent.Executors$RunnableAdapter.call(Executors.java:572)
	at java.base/java.util.concurrent.FutureTask.run(FutureTask.java:317)
	at java.base/java.util.concurrent.ThreadPoolExecutor.runWorker(ThreadPoolExecutor.java:1144)
	at java.base/java.util.concurrent.ThreadPoolExecutor$Worker.run(ThreadPoolExecutor.java:642)
	at java.base/java.lang.Thread.run(Thread.java:1583)
Caused by: org.apache.hc.client5.http.HttpHostConnectException: Connect to http://localhost:8761 [localhost/127.0.0.1, localhost/0:0:0:0:0:0:0:1] failed: Connection refused: getsockopt
	at java.base/sun.nio.ch.Net.pollConnect(Native Method)
	at java.base/sun.nio.ch.Net.pollConnectNow(Net.java:682)
	at java.base/sun.nio.ch.NioSocketImpl.timedFinishConnect(NioSocketImpl.java:542)
	at java.base/sun.nio.ch.NioSocketImpl.connect(NioSocketImpl.java:592)
	at java.base/java.net.SocksSocketImpl.connect(SocksSocketImpl.java:327)
	at java.base/java.net.Socket.connect(Socket.java:751)
	at org.apache.hc.client5.http.socket.PlainConnectionSocketFactory.lambda$connectSocket$0(PlainConnectionSocketFactory.java:91)
	at java.base/java.security.AccessController.doPrivileged(AccessController.java:571)
	at org.apache.hc.client5.http.socket.PlainConnectionSocketFactory.connectSocket(PlainConnectionSocketFactory.java:90)
	at org.apache.hc.client5.http.socket.ConnectionSocketFactory.connectSocket(ConnectionSocketFactory.java:123)
	at org.apache.hc.client5.http.impl.io.DefaultHttpClientConnectionOperator.connect(DefaultHttpClientConnectionOperator.java:184)
	at org.apache.hc.client5.http.impl.io.PoolingHttpClientConnectionManager.connect(PoolingHttpClientConnectionManager.java:447)
	at org.apache.hc.client5.http.impl.classic.InternalExecRuntime.connectEndpoint(InternalExecRuntime.java:162)
	at org.apache.hc.client5.http.impl.classic.InternalExecRuntime.connectEndpoint(InternalExecRuntime.java:172)
	at org.apache.hc.client5.http.impl.classic.ConnectExec.execute(ConnectExec.java:142)
	at org.apache.hc.client5.http.impl.classic.ExecChainElement.execute(ExecChainElement.java:51)
	at org.apache.hc.client5.http.impl.classic.ProtocolExec.execute(ProtocolExec.java:192)
	at org.apache.hc.client5.http.impl.classic.ExecChainElement.execute(ExecChainElement.java:51)
	at org.apache.hc.client5.http.impl.classic.HttpRequestRetryExec.execute(HttpRequestRetryExec.java:96)
	at org.apache.hc.client5.http.impl.classic.ExecChainElement.execute(ExecChainElement.java:51)
	at org.apache.hc.client5.http.impl.classic.ContentCompressionExec.execute(ContentCompressionExec.java:152)
	at org.apache.hc.client5.http.impl.classic.ExecChainElement.execute(ExecChainElement.java:51)
	at org.apache.hc.client5.http.impl.classic.RedirectExec.execute(RedirectExec.java:115)
	at org.apache.hc.client5.http.impl.classic.ExecChainElement.execute(ExecChainElement.java:51)
	at org.apache.hc.client5.http.impl.classic.InternalHttpClient.doExecute(InternalHttpClient.java:170)
	at org.apache.hc.client5.http.impl.classic.CloseableHttpClient.execute(CloseableHttpClient.java:87)
	at org.apache.hc.client5.http.impl.classic.CloseableHttpClient.execute(CloseableHttpClient.java:55)
	at org.apache.hc.client5.http.classic.HttpClient.executeOpen(HttpClient.java:183)
	at org.springframework.http.client.HttpComponentsClientHttpRequest.executeInternal(HttpComponentsClientHttpRequest.java:95)
	at org.springframework.http.client.AbstractStreamingClientHttpRequest.executeInternal(AbstractStreamingClientHttpRequest.java:70)
	at org.springframework.http.client.AbstractClientHttpRequest.execute(AbstractClientHttpRequest.java:66)
	at org.springframework.http.client.InterceptingClientHttpRequest$InterceptingRequestExecution.execute(InterceptingClientHttpRequest.java:101)
	at org.springframework.cloud.netflix.eureka.http.RestTemplateTransportClientFactory.lambda$restTemplate$0(RestTemplateTransportClientFactory.java:143)
	at org.springframework.http.client.InterceptingClientHttpRequest$InterceptingRequestExecution.execute(InterceptingClientHttpRequest.java:87)
	at org.springframework.http.client.InterceptingClientHttpRequest.executeInternal(InterceptingClientHttpRequest.java:71)
	at org.springframework.http.client.AbstractBufferingClientHttpRequest.executeInternal(AbstractBufferingClientHttpRequest.java:48)
	at org.springframework.http.client.AbstractClientHttpRequest.execute(AbstractClientHttpRequest.java:66)
	at org.springframework.web.client.RestTemplate.doExecute(RestTemplate.java:879)
	... 20 more

2026-04-04T12:17:13.164+05:30  WARN 4224 --- [CartOrderService] [DiscoveryClient-HeartbeatExecutor-0] [                                                 ] c.n.d.s.t.d.RetryableEurekaHttpClient    : Request execution failed with message: I/O error on PUT request for "http://localhost:8761/eureka/apps/CARTORDERSERVICE/DESKTOP-ECRRR37.mshome.net:CartOrderService:8083": Connect to http://localhost:8761 [localhost/127.0.0.1, localhost/0:0:0:0:0:0:0:1] failed: Connection refused: getsockopt
2026-04-04T12:17:13.176+05:30 ERROR 4224 --- [CartOrderService] [DiscoveryClient-HeartbeatExecutor-0] [                                                 ] com.netflix.discovery.DiscoveryClient    : DiscoveryClient_CARTORDERSERVICE/DESKTOP-ECRRR37.mshome.net:CartOrderService:8083 - was unable to send heartbeat!

com.netflix.discovery.shared.transport.TransportException: Cannot execute request on any known server
	at com.netflix.discovery.shared.transport.decorator.RetryableEurekaHttpClient.execute(RetryableEurekaHttpClient.java:112) ~[eureka-client-2.0.2.jar:2.0.2]
	at com.netflix.discovery.shared.transport.decorator.EurekaHttpClientDecorator.sendHeartBeat(EurekaHttpClientDecorator.java:89) ~[eureka-client-2.0.2.jar:2.0.2]
	at com.netflix.discovery.shared.transport.decorator.EurekaHttpClientDecorator$3.execute(EurekaHttpClientDecorator.java:92) ~[eureka-client-2.0.2.jar:2.0.2]
	at com.netflix.discovery.shared.transport.decorator.SessionedEurekaHttpClient.execute(SessionedEurekaHttpClient.java:77) ~[eureka-client-2.0.2.jar:2.0.2]
	at com.netflix.discovery.shared.transport.decorator.EurekaHttpClientDecorator.sendHeartBeat(EurekaHttpClientDecorator.java:89) ~[eureka-client-2.0.2.jar:2.0.2]
	at com.netflix.discovery.DiscoveryClient.renew(DiscoveryClient.java:837) ~[eureka-client-2.0.2.jar:2.0.2]
	at com.netflix.discovery.DiscoveryClient$HeartbeatThread.run(DiscoveryClient.java:1401) ~[eureka-client-2.0.2.jar:2.0.2]
	at java.base/java.util.concurrent.Executors$RunnableAdapter.call(Executors.java:572) ~[na:na]
	at java.base/java.util.concurrent.FutureTask.run(FutureTask.java:317) ~[na:na]
	at java.base/java.util.concurrent.ThreadPoolExecutor.runWorker(ThreadPoolExecutor.java:1144) ~[na:na]
	at java.base/java.util.concurrent.ThreadPoolExecutor$Worker.run(ThreadPoolExecutor.java:642) ~[na:na]
	at java.base/java.lang.Thread.run(Thread.java:1583) ~[na:na]

2026-04-04T12:17:35.237+05:30 DEBUG 4224 --- [CartOrderService] [DiscoveryClient-CacheRefreshExecutor-0] [                                                 ] o.s.web.client.RestTemplate              : HTTP GET http://localhost:8761/eureka/apps/delta
2026-04-04T12:17:35.386+05:30  INFO 4224 --- [CartOrderService] [AsyncResolver-bootstrap-executor-0] [                                                 ] c.n.d.s.r.aws.ConfigClusterResolver      : Resolving eureka endpoints via configuration
2026-04-04T12:17:37.043+05:30 DEBUG 4224 --- [CartOrderService] [DiscoveryClient-CacheRefreshExecutor-0] [                                                 ] o.s.web.client.RestTemplate              : Accept=[application/json, application/*+json]
2026-04-04T12:17:40.292+05:30 DEBUG 4224 --- [CartOrderService] [DiscoveryClient-CacheRefreshExecutor-0] [                                                 ] o.s.web.client.RestTemplate              : Response 200 OK
2026-04-04T12:17:42.827+05:30 DEBUG 4224 --- [CartOrderService] [DiscoveryClient-CacheRefreshExecutor-0] [                                                 ] o.s.web.client.RestTemplate              : Reading to [org.springframework.cloud.netflix.eureka.http.EurekaApplications]
2026-04-04T12:17:44.498+05:30 DEBUG 4224 --- [CartOrderService] [DiscoveryClient-HeartbeatExecutor-0] [                                                 ] o.s.web.client.RestTemplate              : HTTP PUT http://localhost:8761/eureka/apps/CARTORDERSERVICE/DESKTOP-ECRRR37.mshome.net:CartOrderService:8083?status=UP&lastDirtyTimestamp=1775281953283
2026-04-04T12:17:45.418+05:30 DEBUG 4224 --- [CartOrderService] [DiscoveryClient-HeartbeatExecutor-0] [                                                 ] o.s.web.client.RestTemplate              : Accept=[application/json, application/*+json]
2026-04-04T12:17:45.492+05:30 DEBUG 4224 --- [CartOrderService] [DiscoveryClient-CacheRefreshExecutor-0] [                                                 ] o.s.web.client.RestTemplate              : HTTP GET http://localhost:8761/eureka/apps/
2026-04-04T12:17:45.493+05:30 DEBUG 4224 --- [CartOrderService] [DiscoveryClient-CacheRefreshExecutor-0] [                                                 ] o.s.web.client.RestTemplate              : Accept=[application/json, application/*+json]
2026-04-04T12:17:45.504+05:30 DEBUG 4224 --- [CartOrderService] [DiscoveryClient-CacheRefreshExecutor-0] [                                                 ] o.s.web.client.RestTemplate              : Response 200 OK
2026-04-04T12:17:45.505+05:30 DEBUG 4224 --- [CartOrderService] [DiscoveryClient-CacheRefreshExecutor-0] [                                                 ] o.s.web.client.RestTemplate              : Reading to [org.springframework.cloud.netflix.eureka.http.EurekaApplications]
2026-04-04T12:17:45.570+05:30 DEBUG 4224 --- [CartOrderService] [DiscoveryClient-HeartbeatExecutor-0] [                                                 ] o.s.web.client.RestTemplate              : Response 404 NOT_FOUND
2026-04-04T12:17:45.674+05:30  INFO 4224 --- [CartOrderService] [DiscoveryClient-HeartbeatExecutor-0] [                                                 ] com.netflix.discovery.DiscoveryClient    : DiscoveryClient_CARTORDERSERVICE/DESKTOP-ECRRR37.mshome.net:CartOrderService:8083 - Re-registering apps/CARTORDERSERVICE
2026-04-04T12:17:45.678+05:30  INFO 4224 --- [CartOrderService] [DiscoveryClient-HeartbeatExecutor-0] [                                                 ] com.netflix.discovery.DiscoveryClient    : DiscoveryClient_CARTORDERSERVICE/DESKTOP-ECRRR37.mshome.net:CartOrderService:8083: registering service...
2026-04-04T12:17:45.681+05:30 DEBUG 4224 --- [CartOrderService] [DiscoveryClient-HeartbeatExecutor-0] [                                                 ] o.s.web.client.RestTemplate              : HTTP POST http://localhost:8761/eureka/apps/CARTORDERSERVICE
2026-04-04T12:17:45.685+05:30 DEBUG 4224 --- [CartOrderService] [DiscoveryClient-HeartbeatExecutor-0] [                                                 ] o.s.web.client.RestTemplate              : Accept=[application/json, application/*+json]
2026-04-04T12:17:45.711+05:30 DEBUG 4224 --- [CartOrderService] [DiscoveryClient-HeartbeatExecutor-0] [                                                 ] o.s.web.client.RestTemplate              : Writing [InstanceInfo [instanceId = DESKTOP-ECRRR37.mshome.net:CartOrderService:8083, appName = CARTORDERSERVICE, hostName = 192.168.176.1, status = UP, ipAddr = 192.168.176.1, port = 8083, securePort = 443, dataCenterInfo = com.netflix.appinfo.MyDataCenterInfo@5c621870] as "application/json"
2026-04-04T12:17:45.786+05:30 DEBUG 4224 --- [CartOrderService] [DiscoveryClient-HeartbeatExecutor-0] [                                                 ] o.s.web.client.RestTemplate              : Response 204 NO_CONTENT
2026-04-04T12:17:45.788+05:30  INFO 4224 --- [CartOrderService] [DiscoveryClient-HeartbeatExecutor-0] [                                                 ] com.netflix.discovery.DiscoveryClient    : DiscoveryClient_CARTORDERSERVICE/DESKTOP-ECRRR37.mshome.net:CartOrderService:8083 - registration status: 204
2026-04-04T12:18:15.535+05:30 DEBUG 4224 --- [CartOrderService] [DiscoveryClient-CacheRefreshExecutor-0] [                                                 ] o.s.web.client.RestTemplate              : HTTP GET http://localhost:8761/eureka/apps/delta
2026-04-04T12:18:15.537+05:30 DEBUG 4224 --- [CartOrderService] [DiscoveryClient-CacheRefreshExecutor-0] [                                                 ] o.s.web.client.RestTemplate              : Accept=[application/json, application/*+json]
2026-04-04T12:18:15.755+05:30 DEBUG 4224 --- [CartOrderService] [DiscoveryClient-CacheRefreshExecutor-0] [                                                 ] o.s.web.client.RestTemplate              : Response 200 OK
2026-04-04T12:18:15.756+05:30 DEBUG 4224 --- [CartOrderService] [DiscoveryClient-CacheRefreshExecutor-0] [                                                 ] o.s.web.client.RestTemplate              : Reading to [org.springframework.cloud.netflix.eureka.http.EurekaApplications]
2026-04-04T12:18:15.797+05:30 DEBUG 4224 --- [CartOrderService] [DiscoveryClient-HeartbeatExecutor-0] [                                                 ] o.s.web.client.RestTemplate              : HTTP PUT http://localhost:8761/eureka/apps/CARTORDERSERVICE/DESKTOP-ECRRR37.mshome.net:CartOrderService:8083?status=UP&lastDirtyTimestamp=1775285265677
2026-04-04T12:18:15.865+05:30 DEBUG 4224 --- [CartOrderService] [DiscoveryClient-HeartbeatExecutor-0] [                                                 ] o.s.web.client.RestTemplate              : Accept=[application/json, application/*+json]
2026-04-04T12:18:15.879+05:30 DEBUG 4224 --- [CartOrderService] [DiscoveryClient-HeartbeatExecutor-0] [                                                 ] o.s.web.client.RestTemplate              : Response 200 OK
2026-04-04T12:18:45.893+05:30 DEBUG 4224 --- [CartOrderService] [DiscoveryClient-HeartbeatExecutor-0] [                                                 ] o.s.web.client.RestTemplate              : HTTP PUT http://localhost:8761/eureka/apps/CARTORDERSERVICE/DESKTOP-ECRRR37.mshome.net:CartOrderService:8083?status=UP&lastDirtyTimestamp=1775285265677
2026-04-04T12:18:46.003+05:30 DEBUG 4224 --- [CartOrderService] [DiscoveryClient-HeartbeatExecutor-0] [                                                 ] o.s.web.client.RestTemplate              : Accept=[application/json, application/*+json]
2026-04-04T12:18:46.137+05:30 DEBUG 4224 --- [CartOrderService] [DiscoveryClient-HeartbeatExecutor-0] [                                                 ] o.s.web.client.RestTemplate              : Response 200 OK
2026-04-04T12:18:47.605+05:30 DEBUG 4224 --- [CartOrderService] [DiscoveryClient-CacheRefreshExecutor-0] [                                                 ] o.s.web.client.RestTemplate              : HTTP GET http://localhost:8761/eureka/apps/delta
2026-04-04T12:18:47.605+05:30 DEBUG 4224 --- [CartOrderService] [DiscoveryClient-CacheRefreshExecutor-0] [                                                 ] o.s.web.client.RestTemplate              : Accept=[application/json, application/*+json]
2026-04-04T12:18:47.608+05:30 DEBUG 4224 --- [CartOrderService] [DiscoveryClient-CacheRefreshExecutor-0] [                                                 ] o.s.web.client.RestTemplate              : Response 200 OK
2026-04-04T12:18:47.609+05:30 DEBUG 4224 --- [CartOrderService] [DiscoveryClient-CacheRefreshExecutor-0] [                                                 ] o.s.web.client.RestTemplate              : Reading to [org.springframework.cloud.netflix.eureka.http.EurekaApplications]
2026-04-04T12:19:16.206+05:30 DEBUG 4224 --- [CartOrderService] [DiscoveryClient-HeartbeatExecutor-0] [                                                 ] o.s.web.client.RestTemplate              : HTTP PUT http://localhost:8761/eureka/apps/CARTORDERSERVICE/DESKTOP-ECRRR37.mshome.net:CartOrderService:8083?status=UP&lastDirtyTimestamp=1775285265677
2026-04-04T12:19:16.207+05:30 DEBUG 4224 --- [CartOrderService] [DiscoveryClient-HeartbeatExecutor-0] [                                                 ] o.s.web.client.RestTemplate              : Accept=[application/json, application/*+json]
2026-04-04T12:19:16.400+05:30 DEBUG 4224 --- [CartOrderService] [DiscoveryClient-HeartbeatExecutor-0] [                                                 ] o.s.web.client.RestTemplate              : Response 200 OK
2026-04-04T12:19:22.627+05:30 DEBUG 4224 --- [CartOrderService] [DiscoveryClient-CacheRefreshExecutor-0] [                                                 ] o.s.web.client.RestTemplate              : HTTP GET http://localhost:8761/eureka/apps/delta
2026-04-04T12:19:22.707+05:30 DEBUG 4224 --- [CartOrderService] [DiscoveryClient-CacheRefreshExecutor-0] [                                                 ] o.s.web.client.RestTemplate              : Accept=[application/json, application/*+json]
2026-04-04T12:19:22.723+05:30 DEBUG 4224 --- [CartOrderService] [DiscoveryClient-CacheRefreshExecutor-0] [                                                 ] o.s.web.client.RestTemplate              : Response 200 OK
2026-04-04T12:19:22.725+05:30 DEBUG 4224 --- [CartOrderService] [DiscoveryClient-CacheRefreshExecutor-0] [                                                 ] o.s.web.client.RestTemplate              : Reading to [org.springframework.cloud.netflix.eureka.http.EurekaApplications]
2026-04-04T12:19:46.613+05:30 DEBUG 4224 --- [CartOrderService] [DiscoveryClient-HeartbeatExecutor-0] [                                                 ] o.s.web.client.RestTemplate              : HTTP PUT http://localhost:8761/eureka/apps/CARTORDERSERVICE/DESKTOP-ECRRR37.mshome.net:CartOrderService:8083?status=UP&lastDirtyTimestamp=1775285265677
2026-04-04T12:19:46.638+05:30 DEBUG 4224 --- [CartOrderService] [DiscoveryClient-HeartbeatExecutor-0] [                                                 ] o.s.web.client.RestTemplate              : Accept=[application/json, application/*+json]
2026-04-04T12:19:46.722+05:30 DEBUG 4224 --- [CartOrderService] [DiscoveryClient-HeartbeatExecutor-0] [                                                 ] o.s.web.client.RestTemplate              : Response 200 OK
2026-04-04T12:19:52.740+05:30 DEBUG 4224 --- [CartOrderService] [DiscoveryClient-CacheRefreshExecutor-0] [                                                 ] o.s.web.client.RestTemplate              : HTTP GET http://localhost:8761/eureka/apps/delta
2026-04-04T12:19:52.741+05:30 DEBUG 4224 --- [CartOrderService] [DiscoveryClient-CacheRefreshExecutor-0] [                                                 ] o.s.web.client.RestTemplate              : Accept=[application/json, application/*+json]
2026-04-04T12:19:53.105+05:30 DEBUG 4224 --- [CartOrderService] [DiscoveryClient-CacheRefreshExecutor-0] [                                                 ] o.s.web.client.RestTemplate              : Response 200 OK
2026-04-04T12:19:53.106+05:30 DEBUG 4224 --- [CartOrderService] [DiscoveryClient-CacheRefreshExecutor-0] [                                                 ] o.s.web.client.RestTemplate              : Reading to [org.springframework.cloud.netflix.eureka.http.EurekaApplications]
2026-04-04T12:20:16.726+05:30 DEBUG 4224 --- [CartOrderService] [DiscoveryClient-HeartbeatExecutor-0] [                                                 ] o.s.web.client.RestTemplate              : HTTP PUT http://localhost:8761/eureka/apps/CARTORDERSERVICE/DESKTOP-ECRRR37.mshome.net:CartOrderService:8083?status=UP&lastDirtyTimestamp=1775285265677
2026-04-04T12:20:16.727+05:30 DEBUG 4224 --- [CartOrderService] [DiscoveryClient-HeartbeatExecutor-0] [                                                 ] o.s.web.client.RestTemplate              : Accept=[application/json, application/*+json]
2026-04-04T12:20:16.747+05:30 DEBUG 4224 --- [CartOrderService] [DiscoveryClient-HeartbeatExecutor-0] [                                                 ] o.s.web.client.RestTemplate              : Response 200 OK
2026-04-04T12:20:23.461+05:30 DEBUG 4224 --- [CartOrderService] [DiscoveryClient-CacheRefreshExecutor-0] [                                                 ] o.s.web.client.RestTemplate              : HTTP GET http://localhost:8761/eureka/apps/delta
2026-04-04T12:20:23.462+05:30 DEBUG 4224 --- [CartOrderService] [DiscoveryClient-CacheRefreshExecutor-0] [                                                 ] o.s.web.client.RestTemplate              : Accept=[application/json, application/*+json]
2026-04-04T12:20:23.485+05:30 DEBUG 4224 --- [CartOrderService] [DiscoveryClient-CacheRefreshExecutor-0] [                                                 ] o.s.web.client.RestTemplate              : Response 200 OK
2026-04-04T12:20:23.486+05:30 DEBUG 4224 --- [CartOrderService] [DiscoveryClient-CacheRefreshExecutor-0] [                                                 ] o.s.web.client.RestTemplate              : Reading to [org.springframework.cloud.netflix.eureka.http.EurekaApplications]
2026-04-04T12:20:46.751+05:30 DEBUG 4224 --- [CartOrderService] [DiscoveryClient-HeartbeatExecutor-0] [                                                 ] o.s.web.client.RestTemplate              : HTTP PUT http://localhost:8761/eureka/apps/CARTORDERSERVICE/DESKTOP-ECRRR37.mshome.net:CartOrderService:8083?status=UP&lastDirtyTimestamp=1775285265677
2026-04-04T12:20:46.752+05:30 DEBUG 4224 --- [CartOrderService] [DiscoveryClient-HeartbeatExecutor-0] [                                                 ] o.s.web.client.RestTemplate              : Accept=[application/json, application/*+json]
2026-04-04T12:20:46.773+05:30 DEBUG 4224 --- [CartOrderService] [DiscoveryClient-HeartbeatExecutor-0] [                                                 ] o.s.web.client.RestTemplate              : Response 200 OK
2026-04-04T12:20:53.497+05:30 DEBUG 4224 --- [CartOrderService] [DiscoveryClient-CacheRefreshExecutor-0] [                                                 ] o.s.web.client.RestTemplate              : HTTP GET http://localhost:8761/eureka/apps/delta
2026-04-04T12:20:53.499+05:30 DEBUG 4224 --- [CartOrderService] [DiscoveryClient-CacheRefreshExecutor-0] [                                                 ] o.s.web.client.RestTemplate              : Accept=[application/json, application/*+json]
2026-04-04T12:20:53.517+05:30 DEBUG 4224 --- [CartOrderService] [DiscoveryClient-CacheRefreshExecutor-0] [                                                 ] o.s.web.client.RestTemplate              : Response 200 OK
2026-04-04T12:20:53.518+05:30 DEBUG 4224 --- [CartOrderService] [DiscoveryClient-CacheRefreshExecutor-0] [                                                 ] o.s.web.client.RestTemplate              : Reading to [org.springframework.cloud.netflix.eureka.http.EurekaApplications]
2026-04-04T12:21:16.779+05:30 DEBUG 4224 --- [CartOrderService] [DiscoveryClient-HeartbeatExecutor-0] [                                                 ] o.s.web.client.RestTemplate              : HTTP PUT http://localhost:8761/eureka/apps/CARTORDERSERVICE/DESKTOP-ECRRR37.mshome.net:CartOrderService:8083?status=UP&lastDirtyTimestamp=1775285265677
2026-04-04T12:21:16.780+05:30 DEBUG 4224 --- [CartOrderService] [DiscoveryClient-HeartbeatExecutor-0] [                                                 ] o.s.web.client.RestTemplate              : Accept=[application/json, application/*+json]
2026-04-04T12:21:16.820+05:30 DEBUG 4224 --- [CartOrderService] [DiscoveryClient-HeartbeatExecutor-0] [                                                 ] o.s.web.client.RestTemplate              : Response 200 OK
2026-04-04T12:21:23.539+05:30 DEBUG 4224 --- [CartOrderService] [DiscoveryClient-CacheRefreshExecutor-0] [                                                 ] o.s.web.client.RestTemplate              : HTTP GET http://localhost:8761/eureka/apps/delta
2026-04-04T12:21:23.540+05:30 DEBUG 4224 --- [CartOrderService] [DiscoveryClient-CacheRefreshExecutor-0] [                                                 ] o.s.web.client.RestTemplate              : Accept=[application/json, application/*+json]
2026-04-04T12:21:23.664+05:30 DEBUG 4224 --- [CartOrderService] [DiscoveryClient-CacheRefreshExecutor-0] [                                                 ] o.s.web.client.RestTemplate              : Response 200 OK
2026-04-04T12:21:23.664+05:30 DEBUG 4224 --- [CartOrderService] [DiscoveryClient-CacheRefreshExecutor-0] [                                                 ] o.s.web.client.RestTemplate              : Reading to [org.springframework.cloud.netflix.eureka.http.EurekaApplications]
2026-04-04T12:21:46.855+05:30 DEBUG 4224 --- [CartOrderService] [DiscoveryClient-HeartbeatExecutor-0] [                                                 ] o.s.web.client.RestTemplate              : HTTP PUT http://localhost:8761/eureka/apps/CARTORDERSERVICE/DESKTOP-ECRRR37.mshome.net:CartOrderService:8083?status=UP&lastDirtyTimestamp=1775285265677
2026-04-04T12:21:46.856+05:30 DEBUG 4224 --- [CartOrderService] [DiscoveryClient-HeartbeatExecutor-0] [                                                 ] o.s.web.client.RestTemplate              : Accept=[application/json, application/*+json]
2026-04-04T12:21:46.868+05:30 DEBUG 4224 --- [CartOrderService] [DiscoveryClient-HeartbeatExecutor-0] [                                                 ] o.s.web.client.RestTemplate              : Response 200 OK
2026-04-04T12:21:53.678+05:30 DEBUG 4224 --- [CartOrderService] [DiscoveryClient-CacheRefreshExecutor-0] [                                                 ] o.s.web.client.RestTemplate              : HTTP GET http://localhost:8761/eureka/apps/delta
2026-04-04T12:21:53.679+05:30 DEBUG 4224 --- [CartOrderService] [DiscoveryClient-CacheRefreshExecutor-0] [                                                 ] o.s.web.client.RestTemplate              : Accept=[application/json, application/*+json]
2026-04-04T12:21:53.699+05:30 DEBUG 4224 --- [CartOrderService] [DiscoveryClient-CacheRefreshExecutor-0] [                                                 ] o.s.web.client.RestTemplate              : Response 200 OK
2026-04-04T12:21:53.699+05:30 DEBUG 4224 --- [CartOrderService] [DiscoveryClient-CacheRefreshExecutor-0] [                                                 ] o.s.web.client.RestTemplate              : Reading to [org.springframework.cloud.netflix.eureka.http.EurekaApplications]
2026-04-04T12:22:16.886+05:30 DEBUG 4224 --- [CartOrderService] [DiscoveryClient-HeartbeatExecutor-0] [                                                 ] o.s.web.client.RestTemplate              : HTTP PUT http://localhost:8761/eureka/apps/CARTORDERSERVICE/DESKTOP-ECRRR37.mshome.net:CartOrderService:8083?status=UP&lastDirtyTimestamp=1775285265677
2026-04-04T12:22:16.888+05:30 DEBUG 4224 --- [CartOrderService] [DiscoveryClient-HeartbeatExecutor-0] [                                                 ] o.s.web.client.RestTemplate              : Accept=[application/json, application/*+json]
2026-04-04T12:22:16.911+05:30 DEBUG 4224 --- [CartOrderService] [DiscoveryClient-HeartbeatExecutor-0] [                                                 ] o.s.web.client.RestTemplate              : Response 200 OK
2026-04-04T12:22:23.709+05:30 DEBUG 4224 --- [CartOrderService] [DiscoveryClient-CacheRefreshExecutor-0] [                                                 ] o.s.web.client.RestTemplate              : HTTP GET http://localhost:8761/eureka/apps/delta
2026-04-04T12:22:23.709+05:30 DEBUG 4224 --- [CartOrderService] [DiscoveryClient-CacheRefreshExecutor-0] [                                                 ] o.s.web.client.RestTemplate              : Accept=[application/json, application/*+json]
2026-04-04T12:22:23.729+05:30 DEBUG 4224 --- [CartOrderService] [DiscoveryClient-CacheRefreshExecutor-0] [                                                 ] o.s.web.client.RestTemplate              : Response 200 OK
2026-04-04T12:22:23.730+05:30 DEBUG 4224 --- [CartOrderService] [DiscoveryClient-CacheRefreshExecutor-0] [                                                 ] o.s.web.client.RestTemplate              : Reading to [org.springframework.cloud.netflix.eureka.http.EurekaApplications]
2026-04-04T12:22:36.575+05:30  INFO 4224 --- [CartOrderService] [AsyncResolver-bootstrap-executor-0] [                                                 ] c.n.d.s.r.aws.ConfigClusterResolver      : Resolving eureka endpoints via configuration
2026-04-04T12:22:46.923+05:30 DEBUG 4224 --- [CartOrderService] [DiscoveryClient-HeartbeatExecutor-0] [                                                 ] o.s.web.client.RestTemplate              : HTTP PUT http://localhost:8761/eureka/apps/CARTORDERSERVICE/DESKTOP-ECRRR37.mshome.net:CartOrderService:8083?status=UP&lastDirtyTimestamp=1775285265677
2026-04-04T12:22:46.924+05:30 DEBUG 4224 --- [CartOrderService] [DiscoveryClient-HeartbeatExecutor-0] [                                                 ] o.s.web.client.RestTemplate              : Accept=[application/json, application/*+json]
2026-04-04T12:22:46.945+05:30 DEBUG 4224 --- [CartOrderService] [DiscoveryClient-HeartbeatExecutor-0] [                                                 ] o.s.web.client.RestTemplate              : Response 200 OK
2026-04-04T12:22:53.756+05:30 DEBUG 4224 --- [CartOrderService] [DiscoveryClient-CacheRefreshExecutor-0] [                                                 ] o.s.web.client.RestTemplate              : HTTP GET http://localhost:8761/eureka/apps/delta
2026-04-04T12:22:53.757+05:30 DEBUG 4224 --- [CartOrderService] [DiscoveryClient-CacheRefreshExecutor-0] [                                                 ] o.s.web.client.RestTemplate              : Accept=[application/json, application/*+json]
2026-04-04T12:22:53.768+05:30 DEBUG 4224 --- [CartOrderService] [DiscoveryClient-CacheRefreshExecutor-0] [                                                 ] o.s.web.client.RestTemplate              : Response 200 OK
2026-04-04T12:22:53.870+05:30 DEBUG 4224 --- [CartOrderService] [DiscoveryClient-CacheRefreshExecutor-0] [                                                 ] o.s.web.client.RestTemplate              : Reading to [org.springframework.cloud.netflix.eureka.http.EurekaApplications]
2026-04-04T12:23:16.958+05:30 DEBUG 4224 --- [CartOrderService] [DiscoveryClient-HeartbeatExecutor-0] [                                                 ] o.s.web.client.RestTemplate              : HTTP PUT http://localhost:8761/eureka/apps/CARTORDERSERVICE/DESKTOP-ECRRR37.mshome.net:CartOrderService:8083?status=UP&lastDirtyTimestamp=1775285265677
2026-04-04T12:23:16.958+05:30 DEBUG 4224 --- [CartOrderService] [DiscoveryClient-HeartbeatExecutor-0] [                                                 ] o.s.web.client.RestTemplate              : Accept=[application/json, application/*+json]
2026-04-04T12:23:16.980+05:30 DEBUG 4224 --- [CartOrderService] [DiscoveryClient-HeartbeatExecutor-0] [                                                 ] o.s.web.client.RestTemplate              : Response 200 OK
2026-04-04T12:23:23.884+05:30 DEBUG 4224 --- [CartOrderService] [DiscoveryClient-CacheRefreshExecutor-0] [                                                 ] o.s.web.client.RestTemplate              : HTTP GET http://localhost:8761/eureka/apps/delta
2026-04-04T12:23:23.885+05:30 DEBUG 4224 --- [CartOrderService] [DiscoveryClient-CacheRefreshExecutor-0] [                                                 ] o.s.web.client.RestTemplate              : Accept=[application/json, application/*+json]
2026-04-04T12:23:23.911+05:30 DEBUG 4224 --- [CartOrderService] [DiscoveryClient-CacheRefreshExecutor-0] [                                                 ] o.s.web.client.RestTemplate              : Response 200 OK
2026-04-04T12:23:23.913+05:30 DEBUG 4224 --- [CartOrderService] [DiscoveryClient-CacheRefreshExecutor-0] [                                                 ] o.s.web.client.RestTemplate              : Reading to [org.springframework.cloud.netflix.eureka.http.EurekaApplications]
2026-04-04T12:23:46.997+05:30 DEBUG 4224 --- [CartOrderService] [DiscoveryClient-HeartbeatExecutor-0] [                                                 ] o.s.web.client.RestTemplate              : HTTP PUT http://localhost:8761/eureka/apps/CARTORDERSERVICE/DESKTOP-ECRRR37.mshome.net:CartOrderService:8083?status=UP&lastDirtyTimestamp=1775285265677
2026-04-04T12:23:46.999+05:30 DEBUG 4224 --- [CartOrderService] [DiscoveryClient-HeartbeatExecutor-0] [                                                 ] o.s.web.client.RestTemplate              : Accept=[application/json, application/*+json]
2026-04-04T12:23:47.019+05:30 DEBUG 4224 --- [CartOrderService] [DiscoveryClient-HeartbeatExecutor-0] [                                                 ] o.s.web.client.RestTemplate              : Response 200 OK
2026-04-04T12:23:53.950+05:30 DEBUG 4224 --- [CartOrderService] [DiscoveryClient-CacheRefreshExecutor-0] [                                                 ] o.s.web.client.RestTemplate              : HTTP GET http://localhost:8761/eureka/apps/delta
2026-04-04T12:23:53.951+05:30 DEBUG 4224 --- [CartOrderService] [DiscoveryClient-CacheRefreshExecutor-0] [                                                 ] o.s.web.client.RestTemplate              : Accept=[application/json, application/*+json]
2026-04-04T12:23:54.007+05:30 DEBUG 4224 --- [CartOrderService] [DiscoveryClient-CacheRefreshExecutor-0] [                                                 ] o.s.web.client.RestTemplate              : Response 200 OK
2026-04-04T12:23:54.021+05:30 DEBUG 4224 --- [CartOrderService] [DiscoveryClient-CacheRefreshExecutor-0] [                                                 ] o.s.web.client.RestTemplate              : Reading to [org.springframework.cloud.netflix.eureka.http.EurekaApplications]
2026-04-04T12:24:17.033+05:30 DEBUG 4224 --- [CartOrderService] [DiscoveryClient-HeartbeatExecutor-0] [                                                 ] o.s.web.client.RestTemplate              : HTTP PUT http://localhost:8761/eureka/apps/CARTORDERSERVICE/DESKTOP-ECRRR37.mshome.net:CartOrderService:8083?status=UP&lastDirtyTimestamp=1775285265677
2026-04-04T12:24:17.038+05:30 DEBUG 4224 --- [CartOrderService] [DiscoveryClient-HeartbeatExecutor-0] [                                                 ] o.s.web.client.RestTemplate              : Accept=[application/json, application/*+json]
2026-04-04T12:24:17.229+05:30 DEBUG 4224 --- [CartOrderService] [DiscoveryClient-HeartbeatExecutor-0] [                                                 ] o.s.web.client.RestTemplate              : Response 200 OK
2026-04-04T12:24:24.048+05:30 DEBUG 4224 --- [CartOrderService] [DiscoveryClient-CacheRefreshExecutor-0] [                                                 ] o.s.web.client.RestTemplate              : HTTP GET http://localhost:8761/eureka/apps/delta
2026-04-04T12:24:24.048+05:30 DEBUG 4224 --- [CartOrderService] [DiscoveryClient-CacheRefreshExecutor-0] [                                                 ] o.s.web.client.RestTemplate              : Accept=[application/json, application/*+json]
2026-04-04T12:24:24.066+05:30 DEBUG 4224 --- [CartOrderService] [DiscoveryClient-CacheRefreshExecutor-0] [                                                 ] o.s.web.client.RestTemplate              : Response 200 OK
2026-04-04T12:24:24.338+05:30 DEBUG 4224 --- [CartOrderService] [DiscoveryClient-CacheRefreshExecutor-0] [                                                 ] o.s.web.client.RestTemplate              : Reading to [org.springframework.cloud.netflix.eureka.http.EurekaApplications]
2026-04-04T12:24:47.321+05:30 DEBUG 4224 --- [CartOrderService] [DiscoveryClient-HeartbeatExecutor-0] [                                                 ] o.s.web.client.RestTemplate              : HTTP PUT http://localhost:8761/eureka/apps/CARTORDERSERVICE/DESKTOP-ECRRR37.mshome.net:CartOrderService:8083?status=UP&lastDirtyTimestamp=1775285265677
2026-04-04T12:24:47.322+05:30 DEBUG 4224 --- [CartOrderService] [DiscoveryClient-HeartbeatExecutor-0] [                                                 ] o.s.web.client.RestTemplate              : Accept=[application/json, application/*+json]
2026-04-04T12:24:47.344+05:30 DEBUG 4224 --- [CartOrderService] [DiscoveryClient-HeartbeatExecutor-0] [                                                 ] o.s.web.client.RestTemplate              : Response 200 OK
2026-04-04T12:24:54.558+05:30 DEBUG 4224 --- [CartOrderService] [DiscoveryClient-CacheRefreshExecutor-0] [                                                 ] o.s.web.client.RestTemplate              : HTTP GET http://localhost:8761/eureka/apps/delta
2026-04-04T12:24:54.613+05:30 DEBUG 4224 --- [CartOrderService] [DiscoveryClient-CacheRefreshExecutor-0] [                                                 ] o.s.web.client.RestTemplate              : Accept=[application/json, application/*+json]
2026-04-04T12:24:54.847+05:30 DEBUG 4224 --- [CartOrderService] [DiscoveryClient-CacheRefreshExecutor-0] [                                                 ] o.s.web.client.RestTemplate              : Response 200 OK
2026-04-04T12:24:54.850+05:30 DEBUG 4224 --- [CartOrderService] [DiscoveryClient-CacheRefreshExecutor-0] [                                                 ] o.s.web.client.RestTemplate              : Reading to [org.springframework.cloud.netflix.eureka.http.EurekaApplications]
2026-04-04T12:25:17.567+05:30 DEBUG 4224 --- [CartOrderService] [DiscoveryClient-HeartbeatExecutor-0] [                                                 ] o.s.web.client.RestTemplate              : HTTP PUT http://localhost:8761/eureka/apps/CARTORDERSERVICE/DESKTOP-ECRRR37.mshome.net:CartOrderService:8083?status=UP&lastDirtyTimestamp=1775285265677
2026-04-04T12:25:17.809+05:30 DEBUG 4224 --- [CartOrderService] [DiscoveryClient-HeartbeatExecutor-0] [                                                 ] o.s.web.client.RestTemplate              : Accept=[application/json, application/*+json]
2026-04-04T12:25:17.819+05:30 DEBUG 4224 --- [CartOrderService] [DiscoveryClient-HeartbeatExecutor-0] [                                                 ] o.s.web.client.RestTemplate              : Response 200 OK
2026-04-04T12:25:25.002+05:30 DEBUG 4224 --- [CartOrderService] [DiscoveryClient-CacheRefreshExecutor-0] [                                                 ] o.s.web.client.RestTemplate              : HTTP GET http://localhost:8761/eureka/apps/delta
2026-04-04T12:25:25.002+05:30 DEBUG 4224 --- [CartOrderService] [DiscoveryClient-CacheRefreshExecutor-0] [                                                 ] o.s.web.client.RestTemplate              : Accept=[application/json, application/*+json]
2026-04-04T12:25:25.021+05:30 DEBUG 4224 --- [CartOrderService] [DiscoveryClient-CacheRefreshExecutor-0] [                                                 ] o.s.web.client.RestTemplate              : Response 200 OK
2026-04-04T12:25:25.021+05:30 DEBUG 4224 --- [CartOrderService] [DiscoveryClient-CacheRefreshExecutor-0] [                                                 ] o.s.web.client.RestTemplate              : Reading to [org.springframework.cloud.netflix.eureka.http.EurekaApplications]
2026-04-04T12:25:47.837+05:30 DEBUG 4224 --- [CartOrderService] [DiscoveryClient-HeartbeatExecutor-0] [                                                 ] o.s.web.client.RestTemplate              : HTTP PUT http://localhost:8761/eureka/apps/CARTORDERSERVICE/DESKTOP-ECRRR37.mshome.net:CartOrderService:8083?status=UP&lastDirtyTimestamp=1775285265677
2026-04-04T12:25:47.839+05:30 DEBUG 4224 --- [CartOrderService] [DiscoveryClient-HeartbeatExecutor-0] [                                                 ] o.s.web.client.RestTemplate              : Accept=[application/json, application/*+json]
2026-04-04T12:25:47.857+05:30 DEBUG 4224 --- [CartOrderService] [DiscoveryClient-HeartbeatExecutor-0] [                                                 ] o.s.web.client.RestTemplate              : Response 200 OK
2026-04-04T12:25:55.036+05:30 DEBUG 4224 --- [CartOrderService] [DiscoveryClient-CacheRefreshExecutor-0] [                                                 ] o.s.web.client.RestTemplate              : HTTP GET http://localhost:8761/eureka/apps/delta
2026-04-04T12:25:55.036+05:30 DEBUG 4224 --- [CartOrderService] [DiscoveryClient-CacheRefreshExecutor-0] [                                                 ] o.s.web.client.RestTemplate              : Accept=[application/json, application/*+json]
2026-04-04T12:25:55.054+05:30 DEBUG 4224 --- [CartOrderService] [DiscoveryClient-CacheRefreshExecutor-0] [                                                 ] o.s.web.client.RestTemplate              : Response 200 OK
2026-04-04T12:25:55.056+05:30 DEBUG 4224 --- [CartOrderService] [DiscoveryClient-CacheRefreshExecutor-0] [                                                 ] o.s.web.client.RestTemplate              : Reading to [org.springframework.cloud.netflix.eureka.http.EurekaApplications]
2026-04-04T12:26:17.865+05:30 DEBUG 4224 --- [CartOrderService] [DiscoveryClient-HeartbeatExecutor-0] [                                                 ] o.s.web.client.RestTemplate              : HTTP PUT http://localhost:8761/eureka/apps/CARTORDERSERVICE/DESKTOP-ECRRR37.mshome.net:CartOrderService:8083?status=UP&lastDirtyTimestamp=1775285265677
2026-04-04T12:26:17.866+05:30 DEBUG 4224 --- [CartOrderService] [DiscoveryClient-HeartbeatExecutor-0] [                                                 ] o.s.web.client.RestTemplate              : Accept=[application/json, application/*+json]
2026-04-04T12:26:17.886+05:30 DEBUG 4224 --- [CartOrderService] [DiscoveryClient-HeartbeatExecutor-0] [                                                 ] o.s.web.client.RestTemplate              : Response 200 OK
2026-04-04T12:26:25.063+05:30 DEBUG 4224 --- [CartOrderService] [DiscoveryClient-CacheRefreshExecutor-0] [                                                 ] o.s.web.client.RestTemplate              : HTTP GET http://localhost:8761/eureka/apps/delta
2026-04-04T12:26:25.066+05:30 DEBUG 4224 --- [CartOrderService] [DiscoveryClient-CacheRefreshExecutor-0] [                                                 ] o.s.web.client.RestTemplate              : Accept=[application/json, application/*+json]
2026-04-04T12:26:25.083+05:30 DEBUG 4224 --- [CartOrderService] [DiscoveryClient-CacheRefreshExecutor-0] [                                                 ] o.s.web.client.RestTemplate              : Response 200 OK
2026-04-04T12:26:25.084+05:30 DEBUG 4224 --- [CartOrderService] [DiscoveryClient-CacheRefreshExecutor-0] [                                                 ] o.s.web.client.RestTemplate              : Reading to [org.springframework.cloud.netflix.eureka.http.EurekaApplications]
2026-04-04T12:26:48.085+05:30 DEBUG 4224 --- [CartOrderService] [DiscoveryClient-HeartbeatExecutor-0] [                                                 ] o.s.web.client.RestTemplate              : HTTP PUT http://localhost:8761/eureka/apps/CARTORDERSERVICE/DESKTOP-ECRRR37.mshome.net:CartOrderService:8083?status=UP&lastDirtyTimestamp=1775285265677
2026-04-04T12:26:48.115+05:30 DEBUG 4224 --- [CartOrderService] [DiscoveryClient-HeartbeatExecutor-0] [                                                 ] o.s.web.client.RestTemplate              : Accept=[application/json, application/*+json]
2026-04-04T12:26:48.196+05:30 DEBUG 4224 --- [CartOrderService] [DiscoveryClient-HeartbeatExecutor-0] [                                                 ] o.s.web.client.RestTemplate              : Response 200 OK
2026-04-04T12:26:55.091+05:30 DEBUG 4224 --- [CartOrderService] [DiscoveryClient-CacheRefreshExecutor-0] [                                                 ] o.s.web.client.RestTemplate              : HTTP GET http://localhost:8761/eureka/apps/delta
2026-04-04T12:26:55.316+05:30 DEBUG 4224 --- [CartOrderService] [DiscoveryClient-CacheRefreshExecutor-0] [                                                 ] o.s.web.client.RestTemplate              : Accept=[application/json, application/*+json]
2026-04-04T12:26:55.518+05:30 DEBUG 4224 --- [CartOrderService] [DiscoveryClient-CacheRefreshExecutor-0] [                                                 ] o.s.web.client.RestTemplate              : Response 200 OK
2026-04-04T12:26:55.641+05:30 DEBUG 4224 --- [CartOrderService] [DiscoveryClient-CacheRefreshExecutor-0] [                                                 ] o.s.web.client.RestTemplate              : Reading to [org.springframework.cloud.netflix.eureka.http.EurekaApplications]
2026-04-04T12:27:18.257+05:30 DEBUG 4224 --- [CartOrderService] [DiscoveryClient-HeartbeatExecutor-0] [                                                 ] o.s.web.client.RestTemplate              : HTTP PUT http://localhost:8761/eureka/apps/CARTORDERSERVICE/DESKTOP-ECRRR37.mshome.net:CartOrderService:8083?status=UP&lastDirtyTimestamp=1775285265677
2026-04-04T12:27:18.259+05:30 DEBUG 4224 --- [CartOrderService] [DiscoveryClient-HeartbeatExecutor-0] [                                                 ] o.s.web.client.RestTemplate              : Accept=[application/json, application/*+json]
2026-04-04T12:27:18.413+05:30 DEBUG 4224 --- [CartOrderService] [DiscoveryClient-HeartbeatExecutor-0] [                                                 ] o.s.web.client.RestTemplate              : Response 200 OK
2026-04-04T12:27:28.191+05:30 DEBUG 4224 --- [CartOrderService] [DiscoveryClient-CacheRefreshExecutor-0] [                                                 ] o.s.web.client.RestTemplate              : HTTP GET http://localhost:8761/eureka/apps/delta
2026-04-04T12:27:28.205+05:30 DEBUG 4224 --- [CartOrderService] [DiscoveryClient-CacheRefreshExecutor-0] [                                                 ] o.s.web.client.RestTemplate              : Accept=[application/json, application/*+json]
2026-04-04T12:27:28.252+05:30 DEBUG 4224 --- [CartOrderService] [DiscoveryClient-CacheRefreshExecutor-0] [                                                 ] o.s.web.client.RestTemplate              : Response 200 OK
2026-04-04T12:27:28.253+05:30 DEBUG 4224 --- [CartOrderService] [DiscoveryClient-CacheRefreshExecutor-0] [                                                 ] o.s.web.client.RestTemplate              : Reading to [org.springframework.cloud.netflix.eureka.http.EurekaApplications]
2026-04-04T12:27:36.624+05:30  INFO 4224 --- [CartOrderService] [AsyncResolver-bootstrap-executor-0] [                                                 ] c.n.d.s.r.aws.ConfigClusterResolver      : Resolving eureka endpoints via configuration
2026-04-04T12:27:48.539+05:30 DEBUG 4224 --- [CartOrderService] [DiscoveryClient-HeartbeatExecutor-0] [                                                 ] o.s.web.client.RestTemplate              : HTTP PUT http://localhost:8761/eureka/apps/CARTORDERSERVICE/DESKTOP-ECRRR37.mshome.net:CartOrderService:8083?status=UP&lastDirtyTimestamp=1775285265677
2026-04-04T12:27:48.540+05:30 DEBUG 4224 --- [CartOrderService] [DiscoveryClient-HeartbeatExecutor-0] [                                                 ] o.s.web.client.RestTemplate              : Accept=[application/json, application/*+json]
2026-04-04T12:27:48.875+05:30 DEBUG 4224 --- [CartOrderService] [DiscoveryClient-HeartbeatExecutor-0] [                                                 ] o.s.web.client.RestTemplate              : Response 200 OK
2026-04-04T12:27:58.272+05:30 DEBUG 4224 --- [CartOrderService] [DiscoveryClient-CacheRefreshExecutor-0] [                                                 ] o.s.web.client.RestTemplate              : HTTP GET http://localhost:8761/eureka/apps/delta
2026-04-04T12:27:58.272+05:30 DEBUG 4224 --- [CartOrderService] [DiscoveryClient-CacheRefreshExecutor-0] [                                                 ] o.s.web.client.RestTemplate              : Accept=[application/json, application/*+json]
2026-04-04T12:27:58.289+05:30 DEBUG 4224 --- [CartOrderService] [DiscoveryClient-CacheRefreshExecutor-0] [                                                 ] o.s.web.client.RestTemplate              : Response 200 OK
2026-04-04T12:27:58.299+05:30 DEBUG 4224 --- [CartOrderService] [DiscoveryClient-CacheRefreshExecutor-0] [                                                 ] o.s.web.client.RestTemplate              : Reading to [org.springframework.cloud.netflix.eureka.http.EurekaApplications]
2026-04-04T12:28:19.127+05:30 DEBUG 4224 --- [CartOrderService] [DiscoveryClient-HeartbeatExecutor-0] [                                                 ] o.s.web.client.RestTemplate              : HTTP PUT http://localhost:8761/eureka/apps/CARTORDERSERVICE/DESKTOP-ECRRR37.mshome.net:CartOrderService:8083?status=UP&lastDirtyTimestamp=1775285265677
2026-04-04T12:28:19.128+05:30 DEBUG 4224 --- [CartOrderService] [DiscoveryClient-HeartbeatExecutor-0] [                                                 ] o.s.web.client.RestTemplate              : Accept=[application/json, application/*+json]
2026-04-04T12:28:19.154+05:30 DEBUG 4224 --- [CartOrderService] [DiscoveryClient-HeartbeatExecutor-0] [                                                 ] o.s.web.client.RestTemplate              : Response 200 OK
2026-04-04T12:28:28.328+05:30 DEBUG 4224 --- [CartOrderService] [DiscoveryClient-CacheRefreshExecutor-0] [                                                 ] o.s.web.client.RestTemplate              : HTTP GET http://localhost:8761/eureka/apps/delta
2026-04-04T12:28:28.329+05:30 DEBUG 4224 --- [CartOrderService] [DiscoveryClient-CacheRefreshExecutor-0] [                                                 ] o.s.web.client.RestTemplate              : Accept=[application/json, application/*+json]
2026-04-04T12:28:28.349+05:30 DEBUG 4224 --- [CartOrderService] [DiscoveryClient-CacheRefreshExecutor-0] [                                                 ] o.s.web.client.RestTemplate              : Response 200 OK
2026-04-04T12:28:28.349+05:30 DEBUG 4224 --- [CartOrderService] [DiscoveryClient-CacheRefreshExecutor-0] [                                                 ] o.s.web.client.RestTemplate              : Reading to [org.springframework.cloud.netflix.eureka.http.EurekaApplications]
2026-04-04T12:28:49.161+05:30 DEBUG 4224 --- [CartOrderService] [DiscoveryClient-HeartbeatExecutor-0] [                                                 ] o.s.web.client.RestTemplate              : HTTP PUT http://localhost:8761/eureka/apps/CARTORDERSERVICE/DESKTOP-ECRRR37.mshome.net:CartOrderService:8083?status=UP&lastDirtyTimestamp=1775285265677
2026-04-04T12:28:49.161+05:30 DEBUG 4224 --- [CartOrderService] [DiscoveryClient-HeartbeatExecutor-0] [                                                 ] o.s.web.client.RestTemplate              : Accept=[application/json, application/*+json]
2026-04-04T12:28:49.183+05:30 DEBUG 4224 --- [CartOrderService] [DiscoveryClient-HeartbeatExecutor-0] [                                                 ] o.s.web.client.RestTemplate              : Response 200 OK
2026-04-04T12:28:58.360+05:30 DEBUG 4224 --- [CartOrderService] [DiscoveryClient-CacheRefreshExecutor-0] [                                                 ] o.s.web.client.RestTemplate              : HTTP GET http://localhost:8761/eureka/apps/delta
2026-04-04T12:28:58.360+05:30 DEBUG 4224 --- [CartOrderService] [DiscoveryClient-CacheRefreshExecutor-0] [                                                 ] o.s.web.client.RestTemplate              : Accept=[application/json, application/*+json]
2026-04-04T12:28:58.381+05:30 DEBUG 4224 --- [CartOrderService] [DiscoveryClient-CacheRefreshExecutor-0] [                                                 ] o.s.web.client.RestTemplate              : Response 200 OK
2026-04-04T12:28:58.381+05:30 DEBUG 4224 --- [CartOrderService] [DiscoveryClient-CacheRefreshExecutor-0] [                                                 ] o.s.web.client.RestTemplate              : Reading to [org.springframework.cloud.netflix.eureka.http.EurekaApplications]
2026-04-04T12:29:09.897+05:30  INFO 4224 --- [CartOrderService] [http-nio-8083-exec-1] [                                                 ] o.a.c.c.C.[Tomcat].[localhost].[/]       : Initializing Spring DispatcherServlet 'dispatcherServlet'
2026-04-04T12:29:09.907+05:30  INFO 4224 --- [CartOrderService] [http-nio-8083-exec-1] [                                                 ] o.s.web.servlet.DispatcherServlet        : Initializing Servlet 'dispatcherServlet'
2026-04-04T12:29:10.272+05:30  INFO 4224 --- [CartOrderService] [http-nio-8083-exec-1] [                                                 ] o.s.web.servlet.DispatcherServlet        : Completed initialization in 353 ms
2026-04-04T12:29:17.637+05:30  WARN 4224 --- [CartOrderService] [http-nio-8083-exec-1] [69d0b6b9f00b5d2adece9104fb2c12e0-c088c916d50d705c] .m.m.a.ExceptionHandlerExceptionResolver : Resolved [com.example.cart_order_service.ExceptionHandlers.UserrelatedException.UserNotFoundException: User Not Found with ID: 3]
2026-04-04T12:29:18.914+05:30 DEBUG 4224 --- [CartOrderService] [AsyncReporter{org.springframework.boot.actuate.autoconfigure.tracing.zipkin.ZipkinRestTemplateSender@397b33d3}] [                                                 ] o.s.web.client.RestTemplate              : HTTP POST http://localhost:9411/api/v2/spans
2026-04-04T12:29:18.916+05:30 DEBUG 4224 --- [CartOrderService] [AsyncReporter{org.springframework.boot.actuate.autoconfigure.tracing.zipkin.ZipkinRestTemplateSender@397b33d3}] [                                                 ] o.s.web.client.RestTemplate              : Accept=[application/json, application/*+json]
2026-04-04T12:29:18.922+05:30 DEBUG 4224 --- [CartOrderService] [AsyncReporter{org.springframework.boot.actuate.autoconfigure.tracing.zipkin.ZipkinRestTemplateSender@397b33d3}] [                                                 ] o.s.web.client.RestTemplate              : Writing [[B@4cb31798] as "application/json"
2026-04-04T12:29:19.015+05:30 DEBUG 4224 --- [CartOrderService] [AsyncReporter{org.springframework.boot.actuate.autoconfigure.tracing.zipkin.ZipkinRestTemplateSender@397b33d3}] [                                                 ] o.s.web.client.RestTemplate              : Response 202 ACCEPTED
2026-04-04T12:29:19.209+05:30 DEBUG 4224 --- [CartOrderService] [DiscoveryClient-HeartbeatExecutor-0] [                                                 ] o.s.web.client.RestTemplate              : HTTP PUT http://localhost:8761/eureka/apps/CARTORDERSERVICE/DESKTOP-ECRRR37.mshome.net:CartOrderService:8083?status=UP&lastDirtyTimestamp=1775285265677
2026-04-04T12:29:19.211+05:30 DEBUG 4224 --- [CartOrderService] [DiscoveryClient-HeartbeatExecutor-0] [                                                 ] o.s.web.client.RestTemplate              : Accept=[application/json, application/*+json]
2026-04-04T12:29:19.357+05:30 DEBUG 4224 --- [CartOrderService] [DiscoveryClient-HeartbeatExecutor-0] [                                                 ] o.s.web.client.RestTemplate              : Response 200 OK
2026-04-04T12:29:27.819+05:30 DEBUG 4224 --- [CartOrderService] [http-nio-8083-exec-4] [69d0b6cf6a40120b9ae69b15823c7c45-ce1b4272c5441b74] o.s.web.client.DefaultRestClient         : Reading to [com.example.cart_order_service.DTOs.UserDTOs.UserResponseDTO]
2026-04-04T12:29:28.395+05:30 DEBUG 4224 --- [CartOrderService] [DiscoveryClient-CacheRefreshExecutor-0] [                                                 ] o.s.web.client.RestTemplate              : HTTP GET http://localhost:8761/eureka/apps/delta
2026-04-04T12:29:28.395+05:30 DEBUG 4224 --- [CartOrderService] [DiscoveryClient-CacheRefreshExecutor-0] [                                                 ] o.s.web.client.RestTemplate              : Accept=[application/json, application/*+json]
2026-04-04T12:29:28.420+05:30 DEBUG 4224 --- [CartOrderService] [DiscoveryClient-CacheRefreshExecutor-0] [                                                 ] o.s.web.client.RestTemplate              : Response 200 OK
2026-04-04T12:29:28.421+05:30 DEBUG 4224 --- [CartOrderService] [DiscoveryClient-CacheRefreshExecutor-0] [                                                 ] o.s.web.client.RestTemplate              : Reading to [org.springframework.cloud.netflix.eureka.http.EurekaApplications]
2026-04-04T12:29:28.494+05:30 DEBUG 4224 --- [CartOrderService] [http-nio-8083-exec-4] [69d0b6cf6a40120b9ae69b15823c7c45-ce1b4272c5441b74] o.s.web.client.DefaultRestClient         : Reading to [com.example.cart_order_service.DTOs.ProductsDTOs.ProductResponseDTO]
2026-04-04T12:29:31.141+05:30 DEBUG 4224 --- [CartOrderService] [AsyncReporter{org.springframework.boot.actuate.autoconfigure.tracing.zipkin.ZipkinRestTemplateSender@397b33d3}] [                                                 ] o.s.web.client.RestTemplate              : HTTP POST http://localhost:9411/api/v2/spans
2026-04-04T12:29:31.142+05:30 DEBUG 4224 --- [CartOrderService] [AsyncReporter{org.springframework.boot.actuate.autoconfigure.tracing.zipkin.ZipkinRestTemplateSender@397b33d3}] [                                                 ] o.s.web.client.RestTemplate              : Accept=[application/json, application/*+json]
2026-04-04T12:29:31.142+05:30 DEBUG 4224 --- [CartOrderService] [AsyncReporter{org.springframework.boot.actuate.autoconfigure.tracing.zipkin.ZipkinRestTemplateSender@397b33d3}] [                                                 ] o.s.web.client.RestTemplate              : Writing [[B@16671611] as "application/json"
2026-04-04T12:29:31.173+05:30 DEBUG 4224 --- [CartOrderService] [AsyncReporter{org.springframework.boot.actuate.autoconfigure.tracing.zipkin.ZipkinRestTemplateSender@397b33d3}] [                                                 ] o.s.web.client.RestTemplate              : Response 202 ACCEPTED
2026-04-04T12:29:49.374+05:30 DEBUG 4224 --- [CartOrderService] [DiscoveryClient-HeartbeatExecutor-0] [                                                 ] o.s.web.client.RestTemplate              : HTTP PUT http://localhost:8761/eureka/apps/CARTORDERSERVICE/DESKTOP-ECRRR37.mshome.net:CartOrderService:8083?status=UP&lastDirtyTimestamp=1775285265677
2026-04-04T12:29:49.374+05:30 DEBUG 4224 --- [CartOrderService] [DiscoveryClient-HeartbeatExecutor-0] [                                                 ] o.s.web.client.RestTemplate              : Accept=[application/json, application/*+json]
2026-04-04T12:29:49.391+05:30 DEBUG 4224 --- [CartOrderService] [DiscoveryClient-HeartbeatExecutor-0] [                                                 ] o.s.web.client.RestTemplate              : Response 200 OK
2026-04-04T12:29:58.433+05:30 DEBUG 4224 --- [CartOrderService] [DiscoveryClient-CacheRefreshExecutor-0] [                                                 ] o.s.web.client.RestTemplate              : HTTP GET http://localhost:8761/eureka/apps/delta
2026-04-04T12:29:58.434+05:30 DEBUG 4224 --- [CartOrderService] [DiscoveryClient-CacheRefreshExecutor-0] [                                                 ] o.s.web.client.RestTemplate              : Accept=[application/json, application/*+json]
2026-04-04T12:29:59.161+05:30 DEBUG 4224 --- [CartOrderService] [DiscoveryClient-CacheRefreshExecutor-0] [                                                 ] o.s.web.client.RestTemplate              : Response 200 OK
2026-04-04T12:29:59.162+05:30 DEBUG 4224 --- [CartOrderService] [DiscoveryClient-CacheRefreshExecutor-0] [                                                 ] o.s.web.client.RestTemplate              : Reading to [org.springframework.cloud.netflix.eureka.http.EurekaApplications]
2026-04-04T12:30:14.827+05:30 DEBUG 4224 --- [CartOrderService] [AsyncReporter{org.springframework.boot.actuate.autoconfigure.tracing.zipkin.ZipkinRestTemplateSender@397b33d3}] [                                                 ] o.s.web.client.RestTemplate              : HTTP POST http://localhost:9411/api/v2/spans
2026-04-04T12:30:14.828+05:30 DEBUG 4224 --- [CartOrderService] [AsyncReporter{org.springframework.boot.actuate.autoconfigure.tracing.zipkin.ZipkinRestTemplateSender@397b33d3}] [                                                 ] o.s.web.client.RestTemplate              : Accept=[application/json, application/*+json]
2026-04-04T12:30:14.828+05:30 DEBUG 4224 --- [CartOrderService] [AsyncReporter{org.springframework.boot.actuate.autoconfigure.tracing.zipkin.ZipkinRestTemplateSender@397b33d3}] [                                                 ] o.s.web.client.RestTemplate              : Writing [[B@4c39f1f5] as "application/json"
2026-04-04T12:30:14.845+05:30 DEBUG 4224 --- [CartOrderService] [AsyncReporter{org.springframework.boot.actuate.autoconfigure.tracing.zipkin.ZipkinRestTemplateSender@397b33d3}] [                                                 ] o.s.web.client.RestTemplate              : Response 202 ACCEPTED
2026-04-04T12:30:19.404+05:30 DEBUG 4224 --- [CartOrderService] [DiscoveryClient-HeartbeatExecutor-0] [                                                 ] o.s.web.client.RestTemplate              : HTTP PUT http://localhost:8761/eureka/apps/CARTORDERSERVICE/DESKTOP-ECRRR37.mshome.net:CartOrderService:8083?status=UP&lastDirtyTimestamp=1775285265677
2026-04-04T12:30:19.404+05:30 DEBUG 4224 --- [CartOrderService] [DiscoveryClient-HeartbeatExecutor-0] [                                                 ] o.s.web.client.RestTemplate              : Accept=[application/json, application/*+json]
2026-04-04T12:30:19.427+05:30 DEBUG 4224 --- [CartOrderService] [DiscoveryClient-HeartbeatExecutor-0] [                                                 ] o.s.web.client.RestTemplate              : Response 200 OK
2026-04-04T12:30:29.175+05:30 DEBUG 4224 --- [CartOrderService] [DiscoveryClient-CacheRefreshExecutor-0] [                                                 ] o.s.web.client.RestTemplate              : HTTP GET http://localhost:8761/eureka/apps/delta
2026-04-04T12:30:29.176+05:30 DEBUG 4224 --- [CartOrderService] [DiscoveryClient-CacheRefreshExecutor-0] [                                                 ] o.s.web.client.RestTemplate              : Accept=[application/json, application/*+json]
2026-04-04T12:30:29.194+05:30 DEBUG 4224 --- [CartOrderService] [DiscoveryClient-CacheRefreshExecutor-0] [                                                 ] o.s.web.client.RestTemplate              : Response 200 OK
2026-04-04T12:30:29.195+05:30 DEBUG 4224 --- [CartOrderService] [DiscoveryClient-CacheRefreshExecutor-0] [                                                 ] o.s.web.client.RestTemplate              : Reading to [org.springframework.cloud.netflix.eureka.http.EurekaApplications]
2026-04-04T12:30:49.464+05:30 DEBUG 4224 --- [CartOrderService] [DiscoveryClient-HeartbeatExecutor-0] [                                                 ] o.s.web.client.RestTemplate              : HTTP PUT http://localhost:8761/eureka/apps/CARTORDERSERVICE/DESKTOP-ECRRR37.mshome.net:CartOrderService:8083?status=UP&lastDirtyTimestamp=1775285265677
2026-04-04T12:30:49.465+05:30 DEBUG 4224 --- [CartOrderService] [DiscoveryClient-HeartbeatExecutor-0] [                                                 ] o.s.web.client.RestTemplate              : Accept=[application/json, application/*+json]
2026-04-04T12:30:49.513+05:30 DEBUG 4224 --- [CartOrderService] [DiscoveryClient-HeartbeatExecutor-0] [                                                 ] o.s.web.client.RestTemplate              : Response 200 OK
2026-04-04T12:30:51.728+05:30  INFO 4224 --- [CartOrderService] [http-nio-8083-exec-8] [69d0b7221449196418b7ced8c225f402-ffea26386e575eab] o.s.c.s.binder.DefaultBinderFactory      : Creating binder: kafka
2026-04-04T12:30:51.730+05:30  INFO 4224 --- [CartOrderService] [http-nio-8083-exec-8] [69d0b7221449196418b7ced8c225f402-ffea26386e575eab] o.s.c.s.binder.DefaultBinderFactory      : Constructing binder child context for kafka
2026-04-04T12:30:53.774+05:30  INFO 4224 --- [CartOrderService] [http-nio-8083-exec-8] [69d0b7221449196418b7ced8c225f402-ffea26386e575eab] o.s.c.s.binder.DefaultBinderFactory      : Caching the binder: kafka
2026-04-04T12:30:53.925+05:30  INFO 4224 --- [CartOrderService] [http-nio-8083-exec-8] [69d0b7221449196418b7ced8c225f402-ffea26386e575eab] o.s.c.s.b.k.p.KafkaTopicProvisioner      : Using kafka topic for outbound: order.exchange
2026-04-04T12:30:53.942+05:30  INFO 4224 --- [CartOrderService] [http-nio-8083-exec-8] [69d0b7221449196418b7ced8c225f402-ffea26386e575eab] o.a.k.clients.admin.AdminClientConfig    : AdminClientConfig values: 
	auto.include.jmx.reporter = true
	bootstrap.servers = [localhost:9092]
	client.dns.lookup = use_all_dns_ips
	client.id = 
	connections.max.idle.ms = 300000
	default.api.timeout.ms = 60000
	metadata.max.age.ms = 300000
	metric.reporters = []
	metrics.num.samples = 2
	metrics.recording.level = INFO
	metrics.sample.window.ms = 30000
	receive.buffer.bytes = 65536
	reconnect.backoff.max.ms = 1000
	reconnect.backoff.ms = 50
	request.timeout.ms = 30000
	retries = 2147483647
	retry.backoff.ms = 100
	sasl.client.callback.handler.class = null
	sasl.jaas.config = null
	sasl.kerberos.kinit.cmd = /usr/bin/kinit
	sasl.kerberos.min.time.before.relogin = 60000
	sasl.kerberos.service.name = null
	sasl.kerberos.ticket.renew.jitter = 0.05
	sasl.kerberos.ticket.renew.window.factor = 0.8
	sasl.login.callback.handler.class = null
	sasl.login.class = null
	sasl.login.connect.timeout.ms = null
	sasl.login.read.timeout.ms = null
	sasl.login.refresh.buffer.seconds = 300
	sasl.login.refresh.min.period.seconds = 60
	sasl.login.refresh.window.factor = 0.8
	sasl.login.refresh.window.jitter = 0.05
	sasl.login.retry.backoff.max.ms = 10000
	sasl.login.retry.backoff.ms = 100
	sasl.mechanism = GSSAPI
	sasl.oauthbearer.clock.skew.seconds = 30
	sasl.oauthbearer.expected.audience = null
	sasl.oauthbearer.expected.issuer = null
	sasl.oauthbearer.jwks.endpoint.refresh.ms = 3600000
	sasl.oauthbearer.jwks.endpoint.retry.backoff.max.ms = 10000
	sasl.oauthbearer.jwks.endpoint.retry.backoff.ms = 100
	sasl.oauthbearer.jwks.endpoint.url = null
	sasl.oauthbearer.scope.claim.name = scope
	sasl.oauthbearer.sub.claim.name = sub
	sasl.oauthbearer.token.endpoint.url = null
	security.protocol = PLAINTEXT
	security.providers = null
	send.buffer.bytes = 131072
	socket.connection.setup.timeout.max.ms = 30000
	socket.connection.setup.timeout.ms = 10000
	ssl.cipher.suites = null
	ssl.enabled.protocols = [TLSv1.2, TLSv1.3]
	ssl.endpoint.identification.algorithm = https
	ssl.engine.factory.class = null
	ssl.key.password = null
	ssl.keymanager.algorithm = SunX509
	ssl.keystore.certificate.chain = null
	ssl.keystore.key = null
	ssl.keystore.location = null
	ssl.keystore.password = null
	ssl.keystore.type = JKS
	ssl.protocol = TLSv1.3
	ssl.provider = null
	ssl.secure.random.implementation = null
	ssl.trustmanager.algorithm = PKIX
	ssl.truststore.certificates = null
	ssl.truststore.location = null
	ssl.truststore.password = null
	ssl.truststore.type = JKS

2026-04-04T12:30:54.711+05:30  INFO 4224 --- [CartOrderService] [http-nio-8083-exec-8] [69d0b7221449196418b7ced8c225f402-ffea26386e575eab] o.a.kafka.common.utils.AppInfoParser     : Kafka version: 3.6.1
2026-04-04T12:30:54.712+05:30  INFO 4224 --- [CartOrderService] [http-nio-8083-exec-8] [69d0b7221449196418b7ced8c225f402-ffea26386e575eab] o.a.kafka.common.utils.AppInfoParser     : Kafka commitId: 5e3c2b738d253ff5
2026-04-04T12:30:54.712+05:30  INFO 4224 --- [CartOrderService] [http-nio-8083-exec-8] [69d0b7221449196418b7ced8c225f402-ffea26386e575eab] o.a.kafka.common.utils.AppInfoParser     : Kafka startTimeMs: 1775286054540
2026-04-04T12:30:59.201+05:30 DEBUG 4224 --- [CartOrderService] [DiscoveryClient-CacheRefreshExecutor-0] [                                                 ] o.s.web.client.RestTemplate              : HTTP GET http://localhost:8761/eureka/apps/delta
2026-04-04T12:30:59.202+05:30 DEBUG 4224 --- [CartOrderService] [DiscoveryClient-CacheRefreshExecutor-0] [                                                 ] o.s.web.client.RestTemplate              : Accept=[application/json, application/*+json]
2026-04-04T12:30:59.228+05:30 DEBUG 4224 --- [CartOrderService] [DiscoveryClient-CacheRefreshExecutor-0] [                                                 ] o.s.web.client.RestTemplate              : Response 200 OK
2026-04-04T12:30:59.228+05:30 DEBUG 4224 --- [CartOrderService] [DiscoveryClient-CacheRefreshExecutor-0] [                                                 ] o.s.web.client.RestTemplate              : Reading to [org.springframework.cloud.netflix.eureka.http.EurekaApplications]
2026-04-04T12:31:00.164+05:30  INFO 4224 --- [CartOrderService] [kafka-admin-client-thread | adminclient-1] [                                                 ] o.a.kafka.common.utils.AppInfoParser     : App info kafka.admin.client for adminclient-1 unregistered
2026-04-04T12:31:00.172+05:30  INFO 4224 --- [CartOrderService] [kafka-admin-client-thread | adminclient-1] [                                                 ] o.apache.kafka.common.metrics.Metrics    : Metrics scheduler closed
2026-04-04T12:31:00.172+05:30  INFO 4224 --- [CartOrderService] [kafka-admin-client-thread | adminclient-1] [                                                 ] o.apache.kafka.common.metrics.Metrics    : Closing reporter org.apache.kafka.common.metrics.JmxReporter
2026-04-04T12:31:00.173+05:30  INFO 4224 --- [CartOrderService] [kafka-admin-client-thread | adminclient-1] [                                                 ] o.apache.kafka.common.metrics.Metrics    : Metrics reporters closed
2026-04-04T12:31:00.205+05:30  INFO 4224 --- [CartOrderService] [http-nio-8083-exec-8] [69d0b7221449196418b7ced8c225f402-ffea26386e575eab] o.a.k.clients.producer.ProducerConfig    : Idempotence will be disabled because acks is set to 1, not set to 'all'.
2026-04-04T12:31:00.206+05:30  INFO 4224 --- [CartOrderService] [http-nio-8083-exec-8] [69d0b7221449196418b7ced8c225f402-ffea26386e575eab] o.a.k.clients.producer.ProducerConfig    : ProducerConfig values: 
	acks = 1
	auto.include.jmx.reporter = true
	batch.size = 16384
	bootstrap.servers = [localhost:9092]
	buffer.memory = 33554432
	client.dns.lookup = use_all_dns_ips
	client.id = producer-1
	compression.type = none
	connections.max.idle.ms = 540000
	delivery.timeout.ms = 120000
	enable.idempotence = false
	interceptor.classes = []
	key.serializer = class org.apache.kafka.common.serialization.ByteArraySerializer
	linger.ms = 0
	max.block.ms = 60000
	max.in.flight.requests.per.connection = 5
	max.request.size = 1048576
	metadata.max.age.ms = 300000
	metadata.max.idle.ms = 300000
	metric.reporters = []
	metrics.num.samples = 2
	metrics.recording.level = INFO
	metrics.sample.window.ms = 30000
	partitioner.adaptive.partitioning.enable = true
	partitioner.availability.timeout.ms = 0
	partitioner.class = null
	partitioner.ignore.keys = false
	receive.buffer.bytes = 32768
	reconnect.backoff.max.ms = 1000
	reconnect.backoff.ms = 50
	request.timeout.ms = 30000
	retries = 2147483647
	retry.backoff.ms = 100
	sasl.client.callback.handler.class = null
	sasl.jaas.config = null
	sasl.kerberos.kinit.cmd = /usr/bin/kinit
	sasl.kerberos.min.time.before.relogin = 60000
	sasl.kerberos.service.name = null
	sasl.kerberos.ticket.renew.jitter = 0.05
	sasl.kerberos.ticket.renew.window.factor = 0.8
	sasl.login.callback.handler.class = null
	sasl.login.class = null
	sasl.login.connect.timeout.ms = null
	sasl.login.read.timeout.ms = null
	sasl.login.refresh.buffer.seconds = 300
	sasl.login.refresh.min.period.seconds = 60
	sasl.login.refresh.window.factor = 0.8
	sasl.login.refresh.window.jitter = 0.05
	sasl.login.retry.backoff.max.ms = 10000
	sasl.login.retry.backoff.ms = 100
	sasl.mechanism = GSSAPI
	sasl.oauthbearer.clock.skew.seconds = 30
	sasl.oauthbearer.expected.audience = null
	sasl.oauthbearer.expected.issuer = null
	sasl.oauthbearer.jwks.endpoint.refresh.ms = 3600000
	sasl.oauthbearer.jwks.endpoint.retry.backoff.max.ms = 10000
	sasl.oauthbearer.jwks.endpoint.retry.backoff.ms = 100
	sasl.oauthbearer.jwks.endpoint.url = null
	sasl.oauthbearer.scope.claim.name = scope
	sasl.oauthbearer.sub.claim.name = sub
	sasl.oauthbearer.token.endpoint.url = null
	security.protocol = PLAINTEXT
	security.providers = null
	send.buffer.bytes = 131072
	socket.connection.setup.timeout.max.ms = 30000
	socket.connection.setup.timeout.ms = 10000
	ssl.cipher.suites = null
	ssl.enabled.protocols = [TLSv1.2, TLSv1.3]
	ssl.endpoint.identification.algorithm = https
	ssl.engine.factory.class = null
	ssl.key.password = null
	ssl.keymanager.algorithm = SunX509
	ssl.keystore.certificate.chain = null
	ssl.keystore.key = null
	ssl.keystore.location = null
	ssl.keystore.password = null
	ssl.keystore.type = JKS
	ssl.protocol = TLSv1.3
	ssl.provider = null
	ssl.secure.random.implementation = null
	ssl.trustmanager.algorithm = PKIX
	ssl.truststore.certificates = null
	ssl.truststore.location = null
	ssl.truststore.password = null
	ssl.truststore.type = JKS
	transaction.timeout.ms = 60000
	transactional.id = null
	value.serializer = class org.apache.kafka.common.serialization.ByteArraySerializer

2026-04-04T12:31:00.254+05:30  INFO 4224 --- [CartOrderService] [http-nio-8083-exec-8] [69d0b7221449196418b7ced8c225f402-ffea26386e575eab] o.a.kafka.common.utils.AppInfoParser     : Kafka version: 3.6.1
2026-04-04T12:31:00.254+05:30  INFO 4224 --- [CartOrderService] [http-nio-8083-exec-8] [69d0b7221449196418b7ced8c225f402-ffea26386e575eab] o.a.kafka.common.utils.AppInfoParser     : Kafka commitId: 5e3c2b738d253ff5
2026-04-04T12:31:00.254+05:30  INFO 4224 --- [CartOrderService] [http-nio-8083-exec-8] [69d0b7221449196418b7ced8c225f402-ffea26386e575eab] o.a.kafka.common.utils.AppInfoParser     : Kafka startTimeMs: 1775286060254
2026-04-04T12:31:00.281+05:30  INFO 4224 --- [CartOrderService] [kafka-producer-network-thread | producer-1] [                                                 ] org.apache.kafka.clients.Metadata        : [Producer clientId=producer-1] Cluster ID: z_SrcpzETWSLf-KTpwP2Sg
2026-04-04T12:31:00.344+05:30  INFO 4224 --- [CartOrderService] [http-nio-8083-exec-8] [69d0b7221449196418b7ced8c225f402-ffea26386e575eab] o.s.c.s.m.DirectWithAttributesChannel    : Channel 'CartOrderService.createOrder-out-0' has 1 subscriber(s).
2026-04-04T12:31:01.358+05:30 DEBUG 4224 --- [CartOrderService] [AsyncReporter{org.springframework.boot.actuate.autoconfigure.tracing.zipkin.ZipkinRestTemplateSender@397b33d3}] [                                                 ] o.s.web.client.RestTemplate              : HTTP POST http://localhost:9411/api/v2/spans
2026-04-04T12:31:01.361+05:30 DEBUG 4224 --- [CartOrderService] [AsyncReporter{org.springframework.boot.actuate.autoconfigure.tracing.zipkin.ZipkinRestTemplateSender@397b33d3}] [                                                 ] o.s.web.client.RestTemplate              : Accept=[application/json, application/*+json]
2026-04-04T12:31:01.361+05:30 DEBUG 4224 --- [CartOrderService] [AsyncReporter{org.springframework.boot.actuate.autoconfigure.tracing.zipkin.ZipkinRestTemplateSender@397b33d3}] [                                                 ] o.s.web.client.RestTemplate              : Writing [[B@6ae69831] as "application/json"
2026-04-04T12:31:01.404+05:30 DEBUG 4224 --- [CartOrderService] [AsyncReporter{org.springframework.boot.actuate.autoconfigure.tracing.zipkin.ZipkinRestTemplateSender@397b33d3}] [                                                 ] o.s.web.client.RestTemplate              : Response 202 ACCEPTED
2026-04-04T12:31:19.746+05:30 DEBUG 4224 --- [CartOrderService] [DiscoveryClient-HeartbeatExecutor-0] [                                                 ] o.s.web.client.RestTemplate              : HTTP PUT http://localhost:8761/eureka/apps/CARTORDERSERVICE/DESKTOP-ECRRR37.mshome.net:CartOrderService:8083?status=UP&lastDirtyTimestamp=1775285265677
2026-04-04T12:31:19.751+05:30 DEBUG 4224 --- [CartOrderService] [DiscoveryClient-HeartbeatExecutor-0] [                                                 ] o.s.web.client.RestTemplate              : Accept=[application/json, application/*+json]
2026-04-04T12:31:19.789+05:30 DEBUG 4224 --- [CartOrderService] [DiscoveryClient-HeartbeatExecutor-0] [                                                 ] o.s.web.client.RestTemplate              : Response 200 OK
2026-04-04T12:31:29.242+05:30 DEBUG 4224 --- [CartOrderService] [DiscoveryClient-CacheRefreshExecutor-0] [                                                 ] o.s.web.client.RestTemplate              : HTTP GET http://localhost:8761/eureka/apps/delta
2026-04-04T12:31:29.244+05:30 DEBUG 4224 --- [CartOrderService] [DiscoveryClient-CacheRefreshExecutor-0] [                                                 ] o.s.web.client.RestTemplate              : Accept=[application/json, application/*+json]
2026-04-04T12:31:29.265+05:30 DEBUG 4224 --- [CartOrderService] [DiscoveryClient-CacheRefreshExecutor-0] [                                                 ] o.s.web.client.RestTemplate              : Response 200 OK
2026-04-04T12:31:29.266+05:30 DEBUG 4224 --- [CartOrderService] [DiscoveryClient-CacheRefreshExecutor-0] [                                                 ] o.s.web.client.RestTemplate              : Reading to [org.springframework.cloud.netflix.eureka.http.EurekaApplications]
2026-04-04T12:31:50.090+05:30 DEBUG 4224 --- [CartOrderService] [DiscoveryClient-HeartbeatExecutor-0] [                                                 ] o.s.web.client.RestTemplate              : HTTP PUT http://localhost:8761/eureka/apps/CARTORDERSERVICE/DESKTOP-ECRRR37.mshome.net:CartOrderService:8083?status=UP&lastDirtyTimestamp=1775285265677
2026-04-04T12:31:50.304+05:30 DEBUG 4224 --- [CartOrderService] [DiscoveryClient-HeartbeatExecutor-0] [                                                 ] o.s.web.client.RestTemplate              : Accept=[application/json, application/*+json]
2026-04-04T12:31:50.329+05:30 DEBUG 4224 --- [CartOrderService] [DiscoveryClient-HeartbeatExecutor-0] [                                                 ] o.s.web.client.RestTemplate              : Response 200 OK
2026-04-04T12:31:59.286+05:30 DEBUG 4224 --- [CartOrderService] [DiscoveryClient-CacheRefreshExecutor-0] [                                                 ] o.s.web.client.RestTemplate              : HTTP GET http://localhost:8761/eureka/apps/delta
2026-04-04T12:31:59.291+05:30 DEBUG 4224 --- [CartOrderService] [DiscoveryClient-CacheRefreshExecutor-0] [                                                 ] o.s.web.client.RestTemplate              : Accept=[application/json, application/*+json]
2026-04-04T12:31:59.313+05:30 DEBUG 4224 --- [CartOrderService] [DiscoveryClient-CacheRefreshExecutor-0] [                                                 ] o.s.web.client.RestTemplate              : Response 200 OK
2026-04-04T12:31:59.318+05:30 DEBUG 4224 --- [CartOrderService] [DiscoveryClient-CacheRefreshExecutor-0] [                                                 ] o.s.web.client.RestTemplate              : Reading to [org.springframework.cloud.netflix.eureka.http.EurekaApplications]
2026-04-04T12:32:20.421+05:30 DEBUG 4224 --- [CartOrderService] [DiscoveryClient-HeartbeatExecutor-0] [                                                 ] o.s.web.client.RestTemplate              : HTTP PUT http://localhost:8761/eureka/apps/CARTORDERSERVICE/DESKTOP-ECRRR37.mshome.net:CartOrderService:8083?status=UP&lastDirtyTimestamp=1775285265677
2026-04-04T12:32:20.424+05:30 DEBUG 4224 --- [CartOrderService] [DiscoveryClient-HeartbeatExecutor-0] [                                                 ] o.s.web.client.RestTemplate              : Accept=[application/json, application/*+json]
2026-04-04T12:32:20.491+05:30 DEBUG 4224 --- [CartOrderService] [DiscoveryClient-HeartbeatExecutor-0] [                                                 ] o.s.web.client.RestTemplate              : Response 200 OK
2026-04-04T12:32:29.364+05:30 DEBUG 4224 --- [CartOrderService] [DiscoveryClient-CacheRefreshExecutor-0] [                                                 ] o.s.web.client.RestTemplate              : HTTP GET http://localhost:8761/eureka/apps/delta
2026-04-04T12:32:29.366+05:30 DEBUG 4224 --- [CartOrderService] [DiscoveryClient-CacheRefreshExecutor-0] [                                                 ] o.s.web.client.RestTemplate              : Accept=[application/json, application/*+json]
2026-04-04T12:32:29.408+05:30 DEBUG 4224 --- [CartOrderService] [DiscoveryClient-CacheRefreshExecutor-0] [                                                 ] o.s.web.client.RestTemplate              : Response 200 OK
2026-04-04T12:32:29.412+05:30 DEBUG 4224 --- [CartOrderService] [DiscoveryClient-CacheRefreshExecutor-0] [                                                 ] o.s.web.client.RestTemplate              : Reading to [org.springframework.cloud.netflix.eureka.http.EurekaApplications]
2026-04-04T12:32:36.717+05:30  INFO 4224 --- [CartOrderService] [AsyncResolver-bootstrap-executor-0] [                                                 ] c.n.d.s.r.aws.ConfigClusterResolver      : Resolving eureka endpoints via configuration
2026-04-04T12:32:50.516+05:30 DEBUG 4224 --- [CartOrderService] [DiscoveryClient-HeartbeatExecutor-0] [                                                 ] o.s.web.client.RestTemplate              : HTTP PUT http://localhost:8761/eureka/apps/CARTORDERSERVICE/DESKTOP-ECRRR37.mshome.net:CartOrderService:8083?status=UP&lastDirtyTimestamp=1775285265677
2026-04-04T12:32:50.519+05:30 DEBUG 4224 --- [CartOrderService] [DiscoveryClient-HeartbeatExecutor-0] [                                                 ] o.s.web.client.RestTemplate              : Accept=[application/json, application/*+json]
2026-04-04T12:32:50.536+05:30 DEBUG 4224 --- [CartOrderService] [DiscoveryClient-HeartbeatExecutor-0] [                                                 ] o.s.web.client.RestTemplate              : Response 200 OK
2026-04-04T12:32:59.434+05:30 DEBUG 4224 --- [CartOrderService] [DiscoveryClient-CacheRefreshExecutor-0] [                                                 ] o.s.web.client.RestTemplate              : HTTP GET http://localhost:8761/eureka/apps/delta
2026-04-04T12:32:59.473+05:30 DEBUG 4224 --- [CartOrderService] [DiscoveryClient-CacheRefreshExecutor-0] [                                                 ] o.s.web.client.RestTemplate              : Accept=[application/json, application/*+json]
2026-04-04T12:32:59.501+05:30 DEBUG 4224 --- [CartOrderService] [DiscoveryClient-CacheRefreshExecutor-0] [                                                 ] o.s.web.client.RestTemplate              : Response 200 OK
2026-04-04T12:32:59.503+05:30 DEBUG 4224 --- [CartOrderService] [DiscoveryClient-CacheRefreshExecutor-0] [                                                 ] o.s.web.client.RestTemplate              : Reading to [org.springframework.cloud.netflix.eureka.http.EurekaApplications]
2026-04-04T12:33:20.661+05:30 DEBUG 4224 --- [CartOrderService] [DiscoveryClient-HeartbeatExecutor-0] [                                                 ] o.s.web.client.RestTemplate              : HTTP PUT http://localhost:8761/eureka/apps/CARTORDERSERVICE/DESKTOP-ECRRR37.mshome.net:CartOrderService:8083?status=UP&lastDirtyTimestamp=1775285265677
2026-04-04T12:33:21.206+05:30 DEBUG 4224 --- [CartOrderService] [DiscoveryClient-HeartbeatExecutor-0] [                                                 ] o.s.web.client.RestTemplate              : Accept=[application/json, application/*+json]
2026-04-04T12:33:23.000+05:30 DEBUG 4224 --- [CartOrderService] [DiscoveryClient-HeartbeatExecutor-0] [                                                 ] o.s.web.client.RestTemplate              : Response 200 OK
2026-04-04T12:33:33.501+05:30 DEBUG 4224 --- [CartOrderService] [DiscoveryClient-CacheRefreshExecutor-0] [                                                 ] o.s.web.client.RestTemplate              : HTTP GET http://localhost:8761/eureka/apps/delta
2026-04-04T12:33:33.764+05:30 DEBUG 4224 --- [CartOrderService] [DiscoveryClient-CacheRefreshExecutor-0] [                                                 ] o.s.web.client.RestTemplate              : Accept=[application/json, application/*+json]
2026-04-04T12:33:42.263+05:30 DEBUG 4224 --- [CartOrderService] [DiscoveryClient-CacheRefreshExecutor-0] [                                                 ] o.s.web.client.RestTemplate              : Response 200 OK
2026-04-04T12:33:42.312+05:30 DEBUG 4224 --- [CartOrderService] [DiscoveryClient-CacheRefreshExecutor-0] [                                                 ] o.s.web.client.RestTemplate              : Reading to [org.springframework.cloud.netflix.eureka.http.EurekaApplications]
2026-04-04T12:33:53.206+05:30 DEBUG 4224 --- [CartOrderService] [DiscoveryClient-HeartbeatExecutor-0] [                                                 ] o.s.web.client.RestTemplate              : HTTP PUT http://localhost:8761/eureka/apps/CARTORDERSERVICE/DESKTOP-ECRRR37.mshome.net:CartOrderService:8083?status=UP&lastDirtyTimestamp=1775285265677
2026-04-04T12:33:53.496+05:30 DEBUG 4224 --- [CartOrderService] [DiscoveryClient-HeartbeatExecutor-0] [                                                 ] o.s.web.client.RestTemplate              : Accept=[application/json, application/*+json]
2026-04-04T12:33:53.618+05:30 DEBUG 4224 --- [CartOrderService] [DiscoveryClient-HeartbeatExecutor-0] [                                                 ] o.s.web.client.RestTemplate              : Response 200 OK
2026-04-04T12:34:12.405+05:30 DEBUG 4224 --- [CartOrderService] [DiscoveryClient-CacheRefreshExecutor-0] [                                                 ] o.s.web.client.RestTemplate              : HTTP GET http://localhost:8761/eureka/apps/delta
2026-04-04T12:34:12.406+05:30 DEBUG 4224 --- [CartOrderService] [DiscoveryClient-CacheRefreshExecutor-0] [                                                 ] o.s.web.client.RestTemplate              : Accept=[application/json, application/*+json]
2026-04-04T12:34:13.247+05:30 DEBUG 4224 --- [CartOrderService] [DiscoveryClient-CacheRefreshExecutor-0] [                                                 ] o.s.web.client.RestTemplate              : Response 200 OK
2026-04-04T12:34:13.367+05:30 DEBUG 4224 --- [CartOrderService] [DiscoveryClient-CacheRefreshExecutor-0] [                                                 ] o.s.web.client.RestTemplate              : Reading to [org.springframework.cloud.netflix.eureka.http.EurekaApplications]
2026-04-04T12:34:23.629+05:30 DEBUG 4224 --- [CartOrderService] [DiscoveryClient-HeartbeatExecutor-0] [                                                 ] o.s.web.client.RestTemplate              : HTTP PUT http://localhost:8761/eureka/apps/CARTORDERSERVICE/DESKTOP-ECRRR37.mshome.net:CartOrderService:8083?status=UP&lastDirtyTimestamp=1775285265677
2026-04-04T12:34:23.630+05:30 DEBUG 4224 --- [CartOrderService] [DiscoveryClient-HeartbeatExecutor-0] [                                                 ] o.s.web.client.RestTemplate              : Accept=[application/json, application/*+json]
2026-04-04T12:34:23.652+05:30 DEBUG 4224 --- [CartOrderService] [DiscoveryClient-HeartbeatExecutor-0] [                                                 ] o.s.web.client.RestTemplate              : Response 200 OK
2026-04-04T12:34:43.461+05:30 DEBUG 4224 --- [CartOrderService] [DiscoveryClient-CacheRefreshExecutor-0] [                                                 ] o.s.web.client.RestTemplate              : HTTP GET http://localhost:8761/eureka/apps/delta
2026-04-04T12:34:43.463+05:30 DEBUG 4224 --- [CartOrderService] [DiscoveryClient-CacheRefreshExecutor-0] [                                                 ] o.s.web.client.RestTemplate              : Accept=[application/json, application/*+json]
2026-04-04T12:34:43.481+05:30 DEBUG 4224 --- [CartOrderService] [DiscoveryClient-CacheRefreshExecutor-0] [                                                 ] o.s.web.client.RestTemplate              : Response 200 OK
2026-04-04T12:34:43.490+05:30 DEBUG 4224 --- [CartOrderService] [DiscoveryClient-CacheRefreshExecutor-0] [                                                 ] o.s.web.client.RestTemplate              : Reading to [org.springframework.cloud.netflix.eureka.http.EurekaApplications]
2026-04-04T12:34:53.667+05:30 DEBUG 4224 --- [CartOrderService] [DiscoveryClient-HeartbeatExecutor-0] [                                                 ] o.s.web.client.RestTemplate              : HTTP PUT http://localhost:8761/eureka/apps/CARTORDERSERVICE/DESKTOP-ECRRR37.mshome.net:CartOrderService:8083?status=UP&lastDirtyTimestamp=1775285265677
2026-04-04T12:34:53.668+05:30 DEBUG 4224 --- [CartOrderService] [DiscoveryClient-HeartbeatExecutor-0] [                                                 ] o.s.web.client.RestTemplate              : Accept=[application/json, application/*+json]
2026-04-04T12:34:53.692+05:30 DEBUG 4224 --- [CartOrderService] [DiscoveryClient-HeartbeatExecutor-0] [                                                 ] o.s.web.client.RestTemplate              : Response 200 OK
2026-04-04T12:35:13.511+05:30 DEBUG 4224 --- [CartOrderService] [DiscoveryClient-CacheRefreshExecutor-0] [                                                 ] o.s.web.client.RestTemplate              : HTTP GET http://localhost:8761/eureka/apps/delta
2026-04-04T12:35:13.513+05:30 DEBUG 4224 --- [CartOrderService] [DiscoveryClient-CacheRefreshExecutor-0] [                                                 ] o.s.web.client.RestTemplate              : Accept=[application/json, application/*+json]
2026-04-04T12:35:13.525+05:30 DEBUG 4224 --- [CartOrderService] [DiscoveryClient-CacheRefreshExecutor-0] [                                                 ] o.s.web.client.RestTemplate              : Response 200 OK
2026-04-04T12:35:13.526+05:30 DEBUG 4224 --- [CartOrderService] [DiscoveryClient-CacheRefreshExecutor-0] [                                                 ] o.s.web.client.RestTemplate              : Reading to [org.springframework.cloud.netflix.eureka.http.EurekaApplications]
2026-04-04T12:35:23.704+05:30 DEBUG 4224 --- [CartOrderService] [DiscoveryClient-HeartbeatExecutor-0] [                                                 ] o.s.web.client.RestTemplate              : HTTP PUT http://localhost:8761/eureka/apps/CARTORDERSERVICE/DESKTOP-ECRRR37.mshome.net:CartOrderService:8083?status=UP&lastDirtyTimestamp=1775285265677
2026-04-04T12:35:23.706+05:30 DEBUG 4224 --- [CartOrderService] [DiscoveryClient-HeartbeatExecutor-0] [                                                 ] o.s.web.client.RestTemplate              : Accept=[application/json, application/*+json]
2026-04-04T12:35:23.753+05:30 DEBUG 4224 --- [CartOrderService] [DiscoveryClient-HeartbeatExecutor-0] [                                                 ] o.s.web.client.RestTemplate              : Response 200 OK
2026-04-04T12:35:43.535+05:30 DEBUG 4224 --- [CartOrderService] [DiscoveryClient-CacheRefreshExecutor-0] [                                                 ] o.s.web.client.RestTemplate              : HTTP GET http://localhost:8761/eureka/apps/delta
2026-04-04T12:35:43.537+05:30 DEBUG 4224 --- [CartOrderService] [DiscoveryClient-CacheRefreshExecutor-0] [                                                 ] o.s.web.client.RestTemplate              : Accept=[application/json, application/*+json]
2026-04-04T12:35:43.597+05:30 DEBUG 4224 --- [CartOrderService] [DiscoveryClient-CacheRefreshExecutor-0] [                                                 ] o.s.web.client.RestTemplate              : Response 200 OK
2026-04-04T12:35:43.598+05:30 DEBUG 4224 --- [CartOrderService] [DiscoveryClient-CacheRefreshExecutor-0] [                                                 ] o.s.web.client.RestTemplate              : Reading to [org.springframework.cloud.netflix.eureka.http.EurekaApplications]
2026-04-04T12:35:53.762+05:30 DEBUG 4224 --- [CartOrderService] [DiscoveryClient-HeartbeatExecutor-0] [                                                 ] o.s.web.client.RestTemplate              : HTTP PUT http://localhost:8761/eureka/apps/CARTORDERSERVICE/DESKTOP-ECRRR37.mshome.net:CartOrderService:8083?status=UP&lastDirtyTimestamp=1775285265677
2026-04-04T12:35:53.762+05:30 DEBUG 4224 --- [CartOrderService] [DiscoveryClient-HeartbeatExecutor-0] [                                                 ] o.s.web.client.RestTemplate              : Accept=[application/json, application/*+json]
2026-04-04T12:35:53.779+05:30 DEBUG 4224 --- [CartOrderService] [DiscoveryClient-HeartbeatExecutor-0] [                                                 ] o.s.web.client.RestTemplate              : Response 200 OK
2026-04-04T12:36:14.210+05:30 DEBUG 4224 --- [CartOrderService] [DiscoveryClient-CacheRefreshExecutor-0] [                                                 ] o.s.web.client.RestTemplate              : HTTP GET http://localhost:8761/eureka/apps/delta
2026-04-04T12:36:14.215+05:30 DEBUG 4224 --- [CartOrderService] [DiscoveryClient-CacheRefreshExecutor-0] [                                                 ] o.s.web.client.RestTemplate              : Accept=[application/json, application/*+json]
2026-04-04T12:36:14.233+05:30 DEBUG 4224 --- [CartOrderService] [DiscoveryClient-CacheRefreshExecutor-0] [                                                 ] o.s.web.client.RestTemplate              : Response 200 OK
2026-04-04T12:36:14.235+05:30 DEBUG 4224 --- [CartOrderService] [DiscoveryClient-CacheRefreshExecutor-0] [                                                 ] o.s.web.client.RestTemplate              : Reading to [org.springframework.cloud.netflix.eureka.http.EurekaApplications]
2026-04-04T12:36:23.797+05:30 DEBUG 4224 --- [CartOrderService] [DiscoveryClient-HeartbeatExecutor-0] [                                                 ] o.s.web.client.RestTemplate              : HTTP PUT http://localhost:8761/eureka/apps/CARTORDERSERVICE/DESKTOP-ECRRR37.mshome.net:CartOrderService:8083?status=UP&lastDirtyTimestamp=1775285265677
2026-04-04T12:36:23.799+05:30 DEBUG 4224 --- [CartOrderService] [DiscoveryClient-HeartbeatExecutor-0] [                                                 ] o.s.web.client.RestTemplate              : Accept=[application/json, application/*+json]
2026-04-04T12:36:23.813+05:30 DEBUG 4224 --- [CartOrderService] [DiscoveryClient-HeartbeatExecutor-0] [                                                 ] o.s.web.client.RestTemplate              : Response 200 OK
2026-04-04T12:36:44.265+05:30 DEBUG 4224 --- [CartOrderService] [DiscoveryClient-CacheRefreshExecutor-0] [                                                 ] o.s.web.client.RestTemplate              : HTTP GET http://localhost:8761/eureka/apps/delta
2026-04-04T12:36:44.266+05:30 DEBUG 4224 --- [CartOrderService] [DiscoveryClient-CacheRefreshExecutor-0] [                                                 ] o.s.web.client.RestTemplate              : Accept=[application/json, application/*+json]
2026-04-04T12:36:44.297+05:30 DEBUG 4224 --- [CartOrderService] [DiscoveryClient-CacheRefreshExecutor-0] [                                                 ] o.s.web.client.RestTemplate              : Response 200 OK
2026-04-04T12:36:44.298+05:30 DEBUG 4224 --- [CartOrderService] [DiscoveryClient-CacheRefreshExecutor-0] [                                                 ] o.s.web.client.RestTemplate              : Reading to [org.springframework.cloud.netflix.eureka.http.EurekaApplications]
2026-04-04T12:36:53.831+05:30 DEBUG 4224 --- [CartOrderService] [DiscoveryClient-HeartbeatExecutor-0] [                                                 ] o.s.web.client.RestTemplate              : HTTP PUT http://localhost:8761/eureka/apps/CARTORDERSERVICE/DESKTOP-ECRRR37.mshome.net:CartOrderService:8083?status=UP&lastDirtyTimestamp=1775285265677
2026-04-04T12:36:53.918+05:30 DEBUG 4224 --- [CartOrderService] [DiscoveryClient-HeartbeatExecutor-0] [                                                 ] o.s.web.client.RestTemplate              : Accept=[application/json, application/*+json]
2026-04-04T12:36:54.034+05:30 DEBUG 4224 --- [CartOrderService] [DiscoveryClient-HeartbeatExecutor-0] [                                                 ] o.s.web.client.RestTemplate              : Response 200 OK
2026-04-04T12:37:14.317+05:30 DEBUG 4224 --- [CartOrderService] [DiscoveryClient-CacheRefreshExecutor-0] [                                                 ] o.s.web.client.RestTemplate              : HTTP GET http://localhost:8761/eureka/apps/delta
2026-04-04T12:37:14.402+05:30 DEBUG 4224 --- [CartOrderService] [DiscoveryClient-CacheRefreshExecutor-0] [                                                 ] o.s.web.client.RestTemplate              : Accept=[application/json, application/*+json]
2026-04-04T12:37:14.510+05:30 DEBUG 4224 --- [CartOrderService] [DiscoveryClient-CacheRefreshExecutor-0] [                                                 ] o.s.web.client.RestTemplate              : Response 200 OK
2026-04-04T12:37:14.566+05:30 DEBUG 4224 --- [CartOrderService] [DiscoveryClient-CacheRefreshExecutor-0] [                                                 ] o.s.web.client.RestTemplate              : Reading to [org.springframework.cloud.netflix.eureka.http.EurekaApplications]
2026-04-04T12:37:24.048+05:30 DEBUG 4224 --- [CartOrderService] [DiscoveryClient-HeartbeatExecutor-0] [                                                 ] o.s.web.client.RestTemplate              : HTTP PUT http://localhost:8761/eureka/apps/CARTORDERSERVICE/DESKTOP-ECRRR37.mshome.net:CartOrderService:8083?status=UP&lastDirtyTimestamp=1775285265677
2026-04-04T12:37:24.048+05:30 DEBUG 4224 --- [CartOrderService] [DiscoveryClient-HeartbeatExecutor-0] [                                                 ] o.s.web.client.RestTemplate              : Accept=[application/json, application/*+json]
2026-04-04T12:37:24.065+05:30 DEBUG 4224 --- [CartOrderService] [DiscoveryClient-HeartbeatExecutor-0] [                                                 ] o.s.web.client.RestTemplate              : Response 200 OK
2026-04-04T12:37:36.749+05:30  INFO 4224 --- [CartOrderService] [AsyncResolver-bootstrap-executor-0] [                                                 ] c.n.d.s.r.aws.ConfigClusterResolver      : Resolving eureka endpoints via configuration
2026-04-04T12:37:45.113+05:30 DEBUG 4224 --- [CartOrderService] [DiscoveryClient-CacheRefreshExecutor-0] [                                                 ] o.s.web.client.RestTemplate              : HTTP GET http://localhost:8761/eureka/apps/delta
2026-04-04T12:37:45.114+05:30 DEBUG 4224 --- [CartOrderService] [DiscoveryClient-CacheRefreshExecutor-0] [                                                 ] o.s.web.client.RestTemplate              : Accept=[application/json, application/*+json]
2026-04-04T12:37:45.166+05:30 DEBUG 4224 --- [CartOrderService] [DiscoveryClient-CacheRefreshExecutor-0] [                                                 ] o.s.web.client.RestTemplate              : Response 200 OK
2026-04-04T12:37:45.167+05:30 DEBUG 4224 --- [CartOrderService] [DiscoveryClient-CacheRefreshExecutor-0] [                                                 ] o.s.web.client.RestTemplate              : Reading to [org.springframework.cloud.netflix.eureka.http.EurekaApplications]
2026-04-04T12:37:54.073+05:30 DEBUG 4224 --- [CartOrderService] [DiscoveryClient-HeartbeatExecutor-0] [                                                 ] o.s.web.client.RestTemplate              : HTTP PUT http://localhost:8761/eureka/apps/CARTORDERSERVICE/DESKTOP-ECRRR37.mshome.net:CartOrderService:8083?status=UP&lastDirtyTimestamp=1775285265677
2026-04-04T12:37:54.074+05:30 DEBUG 4224 --- [CartOrderService] [DiscoveryClient-HeartbeatExecutor-0] [                                                 ] o.s.web.client.RestTemplate              : Accept=[application/json, application/*+json]
2026-04-04T12:37:54.093+05:30 DEBUG 4224 --- [CartOrderService] [DiscoveryClient-HeartbeatExecutor-0] [                                                 ] o.s.web.client.RestTemplate              : Response 200 OK
2026-04-04T12:38:15.218+05:30 DEBUG 4224 --- [CartOrderService] [DiscoveryClient-CacheRefreshExecutor-0] [                                                 ] o.s.web.client.RestTemplate              : HTTP GET http://localhost:8761/eureka/apps/delta
2026-04-04T12:38:15.219+05:30 DEBUG 4224 --- [CartOrderService] [DiscoveryClient-CacheRefreshExecutor-0] [                                                 ] o.s.web.client.RestTemplate              : Accept=[application/json, application/*+json]
2026-04-04T12:38:15.236+05:30 DEBUG 4224 --- [CartOrderService] [DiscoveryClient-CacheRefreshExecutor-0] [                                                 ] o.s.web.client.RestTemplate              : Response 200 OK
2026-04-04T12:38:15.236+05:30 DEBUG 4224 --- [CartOrderService] [DiscoveryClient-CacheRefreshExecutor-0] [                                                 ] o.s.web.client.RestTemplate              : Reading to [org.springframework.cloud.netflix.eureka.http.EurekaApplications]
2026-04-04T12:38:24.474+05:30 DEBUG 4224 --- [CartOrderService] [DiscoveryClient-HeartbeatExecutor-0] [                                                 ] o.s.web.client.RestTemplate              : HTTP PUT http://localhost:8761/eureka/apps/CARTORDERSERVICE/DESKTOP-ECRRR37.mshome.net:CartOrderService:8083?status=UP&lastDirtyTimestamp=1775285265677
2026-04-04T12:38:24.475+05:30 DEBUG 4224 --- [CartOrderService] [DiscoveryClient-HeartbeatExecutor-0] [                                                 ] o.s.web.client.RestTemplate              : Accept=[application/json, application/*+json]
2026-04-04T12:38:26.415+05:30 DEBUG 4224 --- [CartOrderService] [DiscoveryClient-HeartbeatExecutor-0] [                                                 ] o.s.web.client.RestTemplate              : Response 200 OK
2026-04-04T12:38:45.245+05:30 DEBUG 4224 --- [CartOrderService] [DiscoveryClient-CacheRefreshExecutor-0] [                                                 ] o.s.web.client.RestTemplate              : HTTP GET http://localhost:8761/eureka/apps/delta
2026-04-04T12:38:45.246+05:30 DEBUG 4224 --- [CartOrderService] [DiscoveryClient-CacheRefreshExecutor-0] [                                                 ] o.s.web.client.RestTemplate              : Accept=[application/json, application/*+json]
2026-04-04T12:38:45.266+05:30 DEBUG 4224 --- [CartOrderService] [DiscoveryClient-CacheRefreshExecutor-0] [                                                 ] o.s.web.client.RestTemplate              : Response 200 OK
2026-04-04T12:38:45.266+05:30 DEBUG 4224 --- [CartOrderService] [DiscoveryClient-CacheRefreshExecutor-0] [                                                 ] o.s.web.client.RestTemplate              : Reading to [org.springframework.cloud.netflix.eureka.http.EurekaApplications]
2026-04-04T12:38:56.433+05:30 DEBUG 4224 --- [CartOrderService] [DiscoveryClient-HeartbeatExecutor-0] [                                                 ] o.s.web.client.RestTemplate              : HTTP PUT http://localhost:8761/eureka/apps/CARTORDERSERVICE/DESKTOP-ECRRR37.mshome.net:CartOrderService:8083?status=UP&lastDirtyTimestamp=1775285265677
2026-04-04T12:38:56.434+05:30 DEBUG 4224 --- [CartOrderService] [DiscoveryClient-HeartbeatExecutor-0] [                                                 ] o.s.web.client.RestTemplate              : Accept=[application/json, application/*+json]
2026-04-04T12:38:56.454+05:30 DEBUG 4224 --- [CartOrderService] [DiscoveryClient-HeartbeatExecutor-0] [                                                 ] o.s.web.client.RestTemplate              : Response 200 OK
2026-04-04T12:39:15.283+05:30 DEBUG 4224 --- [CartOrderService] [DiscoveryClient-CacheRefreshExecutor-0] [                                                 ] o.s.web.client.RestTemplate              : HTTP GET http://localhost:8761/eureka/apps/delta
2026-04-04T12:39:15.284+05:30 DEBUG 4224 --- [CartOrderService] [DiscoveryClient-CacheRefreshExecutor-0] [                                                 ] o.s.web.client.RestTemplate              : Accept=[application/json, application/*+json]
2026-04-04T12:39:15.304+05:30 DEBUG 4224 --- [CartOrderService] [DiscoveryClient-CacheRefreshExecutor-0] [                                                 ] o.s.web.client.RestTemplate              : Response 200 OK
2026-04-04T12:39:15.305+05:30 DEBUG 4224 --- [CartOrderService] [DiscoveryClient-CacheRefreshExecutor-0] [                                                 ] o.s.web.client.RestTemplate              : Reading to [org.springframework.cloud.netflix.eureka.http.EurekaApplications]
2026-04-04T12:39:26.478+05:30 DEBUG 4224 --- [CartOrderService] [DiscoveryClient-HeartbeatExecutor-0] [                                                 ] o.s.web.client.RestTemplate              : HTTP PUT http://localhost:8761/eureka/apps/CARTORDERSERVICE/DESKTOP-ECRRR37.mshome.net:CartOrderService:8083?status=UP&lastDirtyTimestamp=1775285265677
2026-04-04T12:39:26.479+05:30 DEBUG 4224 --- [CartOrderService] [DiscoveryClient-HeartbeatExecutor-0] [                                                 ] o.s.web.client.RestTemplate              : Accept=[application/json, application/*+json]
2026-04-04T12:39:26.501+05:30 DEBUG 4224 --- [CartOrderService] [DiscoveryClient-HeartbeatExecutor-0] [                                                 ] o.s.web.client.RestTemplate              : Response 200 OK
2026-04-04T12:39:45.316+05:30 DEBUG 4224 --- [CartOrderService] [DiscoveryClient-CacheRefreshExecutor-0] [                                                 ] o.s.web.client.RestTemplate              : HTTP GET http://localhost:8761/eureka/apps/delta
2026-04-04T12:39:45.318+05:30 DEBUG 4224 --- [CartOrderService] [DiscoveryClient-CacheRefreshExecutor-0] [                                                 ] o.s.web.client.RestTemplate              : Accept=[application/json, application/*+json]
2026-04-04T12:39:45.340+05:30 DEBUG 4224 --- [CartOrderService] [DiscoveryClient-CacheRefreshExecutor-0] [                                                 ] o.s.web.client.RestTemplate              : Response 200 OK
2026-04-04T12:39:45.341+05:30 DEBUG 4224 --- [CartOrderService] [DiscoveryClient-CacheRefreshExecutor-0] [                                                 ] o.s.web.client.RestTemplate              : Reading to [org.springframework.cloud.netflix.eureka.http.EurekaApplications]
2026-04-04T12:39:56.507+05:30 DEBUG 4224 --- [CartOrderService] [DiscoveryClient-HeartbeatExecutor-0] [                                                 ] o.s.web.client.RestTemplate              : HTTP PUT http://localhost:8761/eureka/apps/CARTORDERSERVICE/DESKTOP-ECRRR37.mshome.net:CartOrderService:8083?status=UP&lastDirtyTimestamp=1775285265677
2026-04-04T12:39:56.508+05:30 DEBUG 4224 --- [CartOrderService] [DiscoveryClient-HeartbeatExecutor-0] [                                                 ] o.s.web.client.RestTemplate              : Accept=[application/json, application/*+json]
2026-04-04T12:39:56.526+05:30 DEBUG 4224 --- [CartOrderService] [DiscoveryClient-HeartbeatExecutor-0] [                                                 ] o.s.web.client.RestTemplate              : Response 200 OK
2026-04-04T12:40:00.615+05:30  INFO 4224 --- [CartOrderService] [kafka-producer-network-thread | producer-1] [                                                 ] org.apache.kafka.clients.NetworkClient   : [Producer clientId=producer-1] Node -1 disconnected.
2026-04-04T12:40:15.352+05:30 DEBUG 4224 --- [CartOrderService] [DiscoveryClient-CacheRefreshExecutor-0] [                                                 ] o.s.web.client.RestTemplate              : HTTP GET http://localhost:8761/eureka/apps/delta
2026-04-04T12:40:15.352+05:30 DEBUG 4224 --- [CartOrderService] [DiscoveryClient-CacheRefreshExecutor-0] [                                                 ] o.s.web.client.RestTemplate              : Accept=[application/json, application/*+json]
2026-04-04T12:40:15.374+05:30 DEBUG 4224 --- [CartOrderService] [DiscoveryClient-CacheRefreshExecutor-0] [                                                 ] o.s.web.client.RestTemplate              : Response 200 OK
2026-04-04T12:40:15.375+05:30 DEBUG 4224 --- [CartOrderService] [DiscoveryClient-CacheRefreshExecutor-0] [                                                 ] o.s.web.client.RestTemplate              : Reading to [org.springframework.cloud.netflix.eureka.http.EurekaApplications]
2026-04-04T12:40:26.537+05:30 DEBUG 4224 --- [CartOrderService] [DiscoveryClient-HeartbeatExecutor-0] [                                                 ] o.s.web.client.RestTemplate              : HTTP PUT http://localhost:8761/eureka/apps/CARTORDERSERVICE/DESKTOP-ECRRR37.mshome.net:CartOrderService:8083?status=UP&lastDirtyTimestamp=1775285265677
2026-04-04T12:40:26.537+05:30 DEBUG 4224 --- [CartOrderService] [DiscoveryClient-HeartbeatExecutor-0] [                                                 ] o.s.web.client.RestTemplate              : Accept=[application/json, application/*+json]
2026-04-04T12:40:26.557+05:30 DEBUG 4224 --- [CartOrderService] [DiscoveryClient-HeartbeatExecutor-0] [                                                 ] o.s.web.client.RestTemplate              : Response 200 OK
2026-04-04T12:40:45.397+05:30 DEBUG 4224 --- [CartOrderService] [DiscoveryClient-CacheRefreshExecutor-0] [                                                 ] o.s.web.client.RestTemplate              : HTTP GET http://localhost:8761/eureka/apps/delta
2026-04-04T12:40:45.404+05:30 DEBUG 4224 --- [CartOrderService] [DiscoveryClient-CacheRefreshExecutor-0] [                                                 ] o.s.web.client.RestTemplate              : Accept=[application/json, application/*+json]
2026-04-04T12:40:45.466+05:30 DEBUG 4224 --- [CartOrderService] [DiscoveryClient-CacheRefreshExecutor-0] [                                                 ] o.s.web.client.RestTemplate              : Response 200 OK
2026-04-04T12:40:45.470+05:30 DEBUG 4224 --- [CartOrderService] [DiscoveryClient-CacheRefreshExecutor-0] [                                                 ] o.s.web.client.RestTemplate              : Reading to [org.springframework.cloud.netflix.eureka.http.EurekaApplications]
2026-04-04T12:40:56.816+05:30 DEBUG 4224 --- [CartOrderService] [DiscoveryClient-HeartbeatExecutor-0] [                                                 ] o.s.web.client.RestTemplate              : HTTP PUT http://localhost:8761/eureka/apps/CARTORDERSERVICE/DESKTOP-ECRRR37.mshome.net:CartOrderService:8083?status=UP&lastDirtyTimestamp=1775285265677
2026-04-04T12:40:56.830+05:30 DEBUG 4224 --- [CartOrderService] [DiscoveryClient-HeartbeatExecutor-0] [                                                 ] o.s.web.client.RestTemplate              : Accept=[application/json, application/*+json]
2026-04-04T12:40:56.873+05:30 DEBUG 4224 --- [CartOrderService] [DiscoveryClient-HeartbeatExecutor-0] [                                                 ] o.s.web.client.RestTemplate              : Response 200 OK
2026-04-04T12:41:15.493+05:30 DEBUG 4224 --- [CartOrderService] [DiscoveryClient-CacheRefreshExecutor-0] [                                                 ] o.s.web.client.RestTemplate              : HTTP GET http://localhost:8761/eureka/apps/delta
2026-04-04T12:41:15.494+05:30 DEBUG 4224 --- [CartOrderService] [DiscoveryClient-CacheRefreshExecutor-0] [                                                 ] o.s.web.client.RestTemplate              : Accept=[application/json, application/*+json]
2026-04-04T12:41:15.526+05:30 DEBUG 4224 --- [CartOrderService] [DiscoveryClient-CacheRefreshExecutor-0] [                                                 ] o.s.web.client.RestTemplate              : Response 200 OK
2026-04-04T12:41:15.527+05:30 DEBUG 4224 --- [CartOrderService] [DiscoveryClient-CacheRefreshExecutor-0] [                                                 ] o.s.web.client.RestTemplate              : Reading to [org.springframework.cloud.netflix.eureka.http.EurekaApplications]
2026-04-04T12:41:26.892+05:30 DEBUG 4224 --- [CartOrderService] [DiscoveryClient-HeartbeatExecutor-0] [                                                 ] o.s.web.client.RestTemplate              : HTTP PUT http://localhost:8761/eureka/apps/CARTORDERSERVICE/DESKTOP-ECRRR37.mshome.net:CartOrderService:8083?status=UP&lastDirtyTimestamp=1775285265677
2026-04-04T12:41:26.896+05:30 DEBUG 4224 --- [CartOrderService] [DiscoveryClient-HeartbeatExecutor-0] [                                                 ] o.s.web.client.RestTemplate              : Accept=[application/json, application/*+json]
2026-04-04T12:41:26.930+05:30 DEBUG 4224 --- [CartOrderService] [DiscoveryClient-HeartbeatExecutor-0] [                                                 ] o.s.web.client.RestTemplate              : Response 200 OK
2026-04-04T12:41:45.866+05:30 DEBUG 4224 --- [CartOrderService] [DiscoveryClient-CacheRefreshExecutor-0] [                                                 ] o.s.web.client.RestTemplate              : HTTP GET http://localhost:8761/eureka/apps/delta
2026-04-04T12:41:46.388+05:30 DEBUG 4224 --- [CartOrderService] [DiscoveryClient-CacheRefreshExecutor-0] [                                                 ] o.s.web.client.RestTemplate              : Accept=[application/json, application/*+json]
2026-04-04T12:41:46.668+05:30 DEBUG 4224 --- [CartOrderService] [DiscoveryClient-CacheRefreshExecutor-0] [                                                 ] o.s.web.client.RestTemplate              : Response 200 OK
2026-04-04T12:41:46.669+05:30 DEBUG 4224 --- [CartOrderService] [DiscoveryClient-CacheRefreshExecutor-0] [                                                 ] o.s.web.client.RestTemplate              : Reading to [org.springframework.cloud.netflix.eureka.http.EurekaApplications]
2026-04-04T12:41:56.963+05:30 DEBUG 4224 --- [CartOrderService] [DiscoveryClient-HeartbeatExecutor-0] [                                                 ] o.s.web.client.RestTemplate              : HTTP PUT http://localhost:8761/eureka/apps/CARTORDERSERVICE/DESKTOP-ECRRR37.mshome.net:CartOrderService:8083?status=UP&lastDirtyTimestamp=1775285265677
2026-04-04T12:41:56.981+05:30 DEBUG 4224 --- [CartOrderService] [DiscoveryClient-HeartbeatExecutor-0] [                                                 ] o.s.web.client.RestTemplate              : Accept=[application/json, application/*+json]
2026-04-04T12:41:56.998+05:30 DEBUG 4224 --- [CartOrderService] [DiscoveryClient-HeartbeatExecutor-0] [                                                 ] o.s.web.client.RestTemplate              : Response 200 OK
2026-04-04T12:42:16.813+05:30 DEBUG 4224 --- [CartOrderService] [DiscoveryClient-CacheRefreshExecutor-0] [                                                 ] o.s.web.client.RestTemplate              : HTTP GET http://localhost:8761/eureka/apps/delta
2026-04-04T12:42:17.092+05:30 DEBUG 4224 --- [CartOrderService] [DiscoveryClient-CacheRefreshExecutor-0] [                                                 ] o.s.web.client.RestTemplate              : Accept=[application/json, application/*+json]
2026-04-04T12:42:17.323+05:30 DEBUG 4224 --- [CartOrderService] [DiscoveryClient-CacheRefreshExecutor-0] [                                                 ] o.s.web.client.RestTemplate              : Response 200 OK
2026-04-04T12:42:17.384+05:30 DEBUG 4224 --- [CartOrderService] [DiscoveryClient-CacheRefreshExecutor-0] [                                                 ] o.s.web.client.RestTemplate              : Reading to [org.springframework.cloud.netflix.eureka.http.EurekaApplications]
2026-04-04T12:42:40.849+05:30  INFO 4224 --- [CartOrderService] [AsyncResolver-bootstrap-executor-0] [                                                 ] c.n.d.s.r.aws.ConfigClusterResolver      : Resolving eureka endpoints via configuration
2026-04-04T12:42:41.410+05:30 DEBUG 4224 --- [CartOrderService] [DiscoveryClient-HeartbeatExecutor-0] [                                                 ] o.s.web.client.RestTemplate              : HTTP PUT http://localhost:8761/eureka/apps/CARTORDERSERVICE/DESKTOP-ECRRR37.mshome.net:CartOrderService:8083?status=UP&lastDirtyTimestamp=1775285265677
2026-04-04T12:42:42.128+05:30 DEBUG 4224 --- [CartOrderService] [DiscoveryClient-HeartbeatExecutor-0] [                                                 ] o.s.web.client.RestTemplate              : Accept=[application/json, application/*+json]
2026-04-04T12:42:42.148+05:30 DEBUG 4224 --- [CartOrderService] [DiscoveryClient-HeartbeatExecutor-0] [                                                 ] o.s.web.client.RestTemplate              : Response 200 OK
2026-04-04T12:42:47.613+05:30 DEBUG 4224 --- [CartOrderService] [DiscoveryClient-CacheRefreshExecutor-0] [                                                 ] o.s.web.client.RestTemplate              : HTTP GET http://localhost:8761/eureka/apps/delta
2026-04-04T12:42:47.614+05:30 DEBUG 4224 --- [CartOrderService] [DiscoveryClient-CacheRefreshExecutor-0] [                                                 ] o.s.web.client.RestTemplate              : Accept=[application/json, application/*+json]
2026-04-04T12:42:48.575+05:30 DEBUG 4224 --- [CartOrderService] [DiscoveryClient-CacheRefreshExecutor-0] [                                                 ] o.s.web.client.RestTemplate              : Response 200 OK
2026-04-04T12:42:48.729+05:30 DEBUG 4224 --- [CartOrderService] [DiscoveryClient-CacheRefreshExecutor-0] [                                                 ] o.s.web.client.RestTemplate              : Reading to [org.springframework.cloud.netflix.eureka.http.EurekaApplications]
2026-04-04T12:43:12.161+05:30 DEBUG 4224 --- [CartOrderService] [DiscoveryClient-HeartbeatExecutor-0] [                                                 ] o.s.web.client.RestTemplate              : HTTP PUT http://localhost:8761/eureka/apps/CARTORDERSERVICE/DESKTOP-ECRRR37.mshome.net:CartOrderService:8083?status=UP&lastDirtyTimestamp=1775285265677
2026-04-04T12:43:12.161+05:30 DEBUG 4224 --- [CartOrderService] [DiscoveryClient-HeartbeatExecutor-0] [                                                 ] o.s.web.client.RestTemplate              : Accept=[application/json, application/*+json]
2026-04-04T12:43:13.043+05:30 DEBUG 4224 --- [CartOrderService] [DiscoveryClient-HeartbeatExecutor-0] [                                                 ] o.s.web.client.RestTemplate              : Response 200 OK
2026-04-04T12:43:18.737+05:30 DEBUG 4224 --- [CartOrderService] [DiscoveryClient-CacheRefreshExecutor-0] [                                                 ] o.s.web.client.RestTemplate              : HTTP GET http://localhost:8761/eureka/apps/delta
2026-04-04T12:43:18.746+05:30 DEBUG 4224 --- [CartOrderService] [DiscoveryClient-CacheRefreshExecutor-0] [                                                 ] o.s.web.client.RestTemplate              : Accept=[application/json, application/*+json]
2026-04-04T12:43:18.796+05:30 DEBUG 4224 --- [CartOrderService] [DiscoveryClient-CacheRefreshExecutor-0] [                                                 ] o.s.web.client.RestTemplate              : Response 200 OK
2026-04-04T12:43:18.796+05:30 DEBUG 4224 --- [CartOrderService] [DiscoveryClient-CacheRefreshExecutor-0] [                                                 ] o.s.web.client.RestTemplate              : Reading to [org.springframework.cloud.netflix.eureka.http.EurekaApplications]
2026-04-04T12:43:43.062+05:30 DEBUG 4224 --- [CartOrderService] [DiscoveryClient-HeartbeatExecutor-0] [                                                 ] o.s.web.client.RestTemplate              : HTTP PUT http://localhost:8761/eureka/apps/CARTORDERSERVICE/DESKTOP-ECRRR37.mshome.net:CartOrderService:8083?status=UP&lastDirtyTimestamp=1775285265677
2026-04-04T12:43:43.063+05:30 DEBUG 4224 --- [CartOrderService] [DiscoveryClient-HeartbeatExecutor-0] [                                                 ] o.s.web.client.RestTemplate              : Accept=[application/json, application/*+json]
2026-04-04T12:43:43.095+05:30 DEBUG 4224 --- [CartOrderService] [DiscoveryClient-HeartbeatExecutor-0] [                                                 ] o.s.web.client.RestTemplate              : Response 200 OK
2026-04-04T12:43:49.474+05:30 DEBUG 4224 --- [CartOrderService] [DiscoveryClient-CacheRefreshExecutor-0] [                                                 ] o.s.web.client.RestTemplate              : HTTP GET http://localhost:8761/eureka/apps/delta
2026-04-04T12:43:49.674+05:30 DEBUG 4224 --- [CartOrderService] [DiscoveryClient-CacheRefreshExecutor-0] [                                                 ] o.s.web.client.RestTemplate              : Accept=[application/json, application/*+json]
2026-04-04T12:43:49.688+05:30 DEBUG 4224 --- [CartOrderService] [DiscoveryClient-CacheRefreshExecutor-0] [                                                 ] o.s.web.client.RestTemplate              : Response 200 OK
2026-04-04T12:43:49.689+05:30 DEBUG 4224 --- [CartOrderService] [DiscoveryClient-CacheRefreshExecutor-0] [                                                 ] o.s.web.client.RestTemplate              : Reading to [org.springframework.cloud.netflix.eureka.http.EurekaApplications]
2026-04-04T12:44:13.662+05:30 DEBUG 4224 --- [CartOrderService] [DiscoveryClient-HeartbeatExecutor-0] [                                                 ] o.s.web.client.RestTemplate              : HTTP PUT http://localhost:8761/eureka/apps/CARTORDERSERVICE/DESKTOP-ECRRR37.mshome.net:CartOrderService:8083?status=UP&lastDirtyTimestamp=1775285265677
2026-04-04T12:44:14.029+05:30 DEBUG 4224 --- [CartOrderService] [DiscoveryClient-HeartbeatExecutor-0] [                                                 ] o.s.web.client.RestTemplate              : Accept=[application/json, application/*+json]
2026-04-04T12:44:14.130+05:30 DEBUG 4224 --- [CartOrderService] [DiscoveryClient-HeartbeatExecutor-0] [                                                 ] o.s.web.client.RestTemplate              : Response 200 OK
2026-04-04T12:44:19.702+05:30 DEBUG 4224 --- [CartOrderService] [DiscoveryClient-CacheRefreshExecutor-0] [                                                 ] o.s.web.client.RestTemplate              : HTTP GET http://localhost:8761/eureka/apps/delta
2026-04-04T12:44:19.754+05:30 DEBUG 4224 --- [CartOrderService] [DiscoveryClient-CacheRefreshExecutor-0] [                                                 ] o.s.web.client.RestTemplate              : Accept=[application/json, application/*+json]
2026-04-04T12:44:19.865+05:30 DEBUG 4224 --- [CartOrderService] [DiscoveryClient-CacheRefreshExecutor-0] [                                                 ] o.s.web.client.RestTemplate              : Response 200 OK
2026-04-04T12:44:19.882+05:30 DEBUG 4224 --- [CartOrderService] [DiscoveryClient-CacheRefreshExecutor-0] [                                                 ] o.s.web.client.RestTemplate              : Reading to [org.springframework.cloud.netflix.eureka.http.EurekaApplications]
2026-04-04T12:44:44.137+05:30 DEBUG 4224 --- [CartOrderService] [DiscoveryClient-HeartbeatExecutor-0] [                                                 ] o.s.web.client.RestTemplate              : HTTP PUT http://localhost:8761/eureka/apps/CARTORDERSERVICE/DESKTOP-ECRRR37.mshome.net:CartOrderService:8083?status=UP&lastDirtyTimestamp=1775285265677
2026-04-04T12:44:44.138+05:30 DEBUG 4224 --- [CartOrderService] [DiscoveryClient-HeartbeatExecutor-0] [                                                 ] o.s.web.client.RestTemplate              : Accept=[application/json, application/*+json]
2026-04-04T12:44:44.176+05:30 DEBUG 4224 --- [CartOrderService] [DiscoveryClient-HeartbeatExecutor-0] [                                                 ] o.s.web.client.RestTemplate              : Response 200 OK
2026-04-04T12:44:49.915+05:30 DEBUG 4224 --- [CartOrderService] [DiscoveryClient-CacheRefreshExecutor-0] [                                                 ] o.s.web.client.RestTemplate              : HTTP GET http://localhost:8761/eureka/apps/delta
2026-04-04T12:44:49.919+05:30 DEBUG 4224 --- [CartOrderService] [DiscoveryClient-CacheRefreshExecutor-0] [                                                 ] o.s.web.client.RestTemplate              : Accept=[application/json, application/*+json]
2026-04-04T12:44:49.965+05:30 DEBUG 4224 --- [CartOrderService] [DiscoveryClient-CacheRefreshExecutor-0] [                                                 ] o.s.web.client.RestTemplate              : Response 200 OK
2026-04-04T12:44:49.970+05:30 DEBUG 4224 --- [CartOrderService] [DiscoveryClient-CacheRefreshExecutor-0] [                                                 ] o.s.web.client.RestTemplate              : Reading to [org.springframework.cloud.netflix.eureka.http.EurekaApplications]
2026-04-04T12:45:14.194+05:30 DEBUG 4224 --- [CartOrderService] [DiscoveryClient-HeartbeatExecutor-0] [                                                 ] o.s.web.client.RestTemplate              : HTTP PUT http://localhost:8761/eureka/apps/CARTORDERSERVICE/DESKTOP-ECRRR37.mshome.net:CartOrderService:8083?status=UP&lastDirtyTimestamp=1775285265677
2026-04-04T12:45:14.204+05:30 DEBUG 4224 --- [CartOrderService] [DiscoveryClient-HeartbeatExecutor-0] [                                                 ] o.s.web.client.RestTemplate              : Accept=[application/json, application/*+json]
2026-04-04T12:45:14.246+05:30 DEBUG 4224 --- [CartOrderService] [DiscoveryClient-HeartbeatExecutor-0] [                                                 ] o.s.web.client.RestTemplate              : Response 200 OK
2026-04-04T12:45:20.008+05:30 DEBUG 4224 --- [CartOrderService] [DiscoveryClient-CacheRefreshExecutor-0] [                                                 ] o.s.web.client.RestTemplate              : HTTP GET http://localhost:8761/eureka/apps/delta
2026-04-04T12:45:20.012+05:30 DEBUG 4224 --- [CartOrderService] [DiscoveryClient-CacheRefreshExecutor-0] [                                                 ] o.s.web.client.RestTemplate              : Accept=[application/json, application/*+json]
2026-04-04T12:45:20.108+05:30 DEBUG 4224 --- [CartOrderService] [DiscoveryClient-CacheRefreshExecutor-0] [                                                 ] o.s.web.client.RestTemplate              : Response 200 OK
2026-04-04T12:45:20.283+05:30 DEBUG 4224 --- [CartOrderService] [DiscoveryClient-CacheRefreshExecutor-0] [                                                 ] o.s.web.client.RestTemplate              : Reading to [org.springframework.cloud.netflix.eureka.http.EurekaApplications]
2026-04-04T12:45:44.252+05:30 DEBUG 4224 --- [CartOrderService] [DiscoveryClient-HeartbeatExecutor-0] [                                                 ] o.s.web.client.RestTemplate              : HTTP PUT http://localhost:8761/eureka/apps/CARTORDERSERVICE/DESKTOP-ECRRR37.mshome.net:CartOrderService:8083?status=UP&lastDirtyTimestamp=1775285265677
2026-04-04T12:45:44.474+05:30 DEBUG 4224 --- [CartOrderService] [DiscoveryClient-HeartbeatExecutor-0] [                                                 ] o.s.web.client.RestTemplate              : Accept=[application/json, application/*+json]
2026-04-04T12:45:44.634+05:30 DEBUG 4224 --- [CartOrderService] [DiscoveryClient-HeartbeatExecutor-0] [                                                 ] o.s.web.client.RestTemplate              : Response 200 OK
2026-04-04T12:45:50.297+05:30 DEBUG 4224 --- [CartOrderService] [DiscoveryClient-CacheRefreshExecutor-0] [                                                 ] o.s.web.client.RestTemplate              : HTTP GET http://localhost:8761/eureka/apps/delta
2026-04-04T12:45:50.297+05:30 DEBUG 4224 --- [CartOrderService] [DiscoveryClient-CacheRefreshExecutor-0] [                                                 ] o.s.web.client.RestTemplate              : Accept=[application/json, application/*+json]
2026-04-04T12:45:52.569+05:30 DEBUG 4224 --- [CartOrderService] [DiscoveryClient-CacheRefreshExecutor-0] [                                                 ] o.s.web.client.RestTemplate              : Response 200 OK
2026-04-04T12:45:52.726+05:30 DEBUG 4224 --- [CartOrderService] [DiscoveryClient-CacheRefreshExecutor-0] [                                                 ] o.s.web.client.RestTemplate              : Reading to [org.springframework.cloud.netflix.eureka.http.EurekaApplications]
2026-04-04T12:46:14.642+05:30 DEBUG 4224 --- [CartOrderService] [DiscoveryClient-HeartbeatExecutor-0] [                                                 ] o.s.web.client.RestTemplate              : HTTP PUT http://localhost:8761/eureka/apps/CARTORDERSERVICE/DESKTOP-ECRRR37.mshome.net:CartOrderService:8083?status=UP&lastDirtyTimestamp=1775285265677
2026-04-04T12:46:14.642+05:30 DEBUG 4224 --- [CartOrderService] [DiscoveryClient-HeartbeatExecutor-0] [                                                 ] o.s.web.client.RestTemplate              : Accept=[application/json, application/*+json]
2026-04-04T12:46:14.664+05:30 DEBUG 4224 --- [CartOrderService] [DiscoveryClient-HeartbeatExecutor-0] [                                                 ] o.s.web.client.RestTemplate              : Response 200 OK
2026-04-04T12:46:22.740+05:30 DEBUG 4224 --- [CartOrderService] [DiscoveryClient-CacheRefreshExecutor-0] [                                                 ] o.s.web.client.RestTemplate              : HTTP GET http://localhost:8761/eureka/apps/delta
2026-04-04T12:46:22.741+05:30 DEBUG 4224 --- [CartOrderService] [DiscoveryClient-CacheRefreshExecutor-0] [                                                 ] o.s.web.client.RestTemplate              : Accept=[application/json, application/*+json]
2026-04-04T12:46:22.760+05:30 DEBUG 4224 --- [CartOrderService] [DiscoveryClient-CacheRefreshExecutor-0] [                                                 ] o.s.web.client.RestTemplate              : Response 200 OK
2026-04-04T12:46:22.761+05:30 DEBUG 4224 --- [CartOrderService] [DiscoveryClient-CacheRefreshExecutor-0] [                                                 ] o.s.web.client.RestTemplate              : Reading to [org.springframework.cloud.netflix.eureka.http.EurekaApplications]
2026-04-04T12:46:44.671+05:30 DEBUG 4224 --- [CartOrderService] [DiscoveryClient-HeartbeatExecutor-0] [                                                 ] o.s.web.client.RestTemplate              : HTTP PUT http://localhost:8761/eureka/apps/CARTORDERSERVICE/DESKTOP-ECRRR37.mshome.net:CartOrderService:8083?status=UP&lastDirtyTimestamp=1775285265677
2026-04-04T12:46:44.672+05:30 DEBUG 4224 --- [CartOrderService] [DiscoveryClient-HeartbeatExecutor-0] [                                                 ] o.s.web.client.RestTemplate              : Accept=[application/json, application/*+json]
2026-04-04T12:46:44.733+05:30 DEBUG 4224 --- [CartOrderService] [DiscoveryClient-HeartbeatExecutor-0] [                                                 ] o.s.web.client.RestTemplate              : Response 200 OK
2026-04-04T12:46:52.774+05:30 DEBUG 4224 --- [CartOrderService] [DiscoveryClient-CacheRefreshExecutor-0] [                                                 ] o.s.web.client.RestTemplate              : HTTP GET http://localhost:8761/eureka/apps/delta
2026-04-04T12:46:52.775+05:30 DEBUG 4224 --- [CartOrderService] [DiscoveryClient-CacheRefreshExecutor-0] [                                                 ] o.s.web.client.RestTemplate              : Accept=[application/json, application/*+json]
2026-04-04T12:46:52.794+05:30 DEBUG 4224 --- [CartOrderService] [DiscoveryClient-CacheRefreshExecutor-0] [                                                 ] o.s.web.client.RestTemplate              : Response 200 OK
2026-04-04T12:46:52.795+05:30 DEBUG 4224 --- [CartOrderService] [DiscoveryClient-CacheRefreshExecutor-0] [                                                 ] o.s.web.client.RestTemplate              : Reading to [org.springframework.cloud.netflix.eureka.http.EurekaApplications]
2026-04-04T12:47:14.740+05:30 DEBUG 4224 --- [CartOrderService] [DiscoveryClient-HeartbeatExecutor-0] [                                                 ] o.s.web.client.RestTemplate              : HTTP PUT http://localhost:8761/eureka/apps/CARTORDERSERVICE/DESKTOP-ECRRR37.mshome.net:CartOrderService:8083?status=UP&lastDirtyTimestamp=1775285265677
2026-04-04T12:47:14.743+05:30 DEBUG 4224 --- [CartOrderService] [DiscoveryClient-HeartbeatExecutor-0] [                                                 ] o.s.web.client.RestTemplate              : Accept=[application/json, application/*+json]
2026-04-04T12:47:14.758+05:30 DEBUG 4224 --- [CartOrderService] [DiscoveryClient-HeartbeatExecutor-0] [                                                 ] o.s.web.client.RestTemplate              : Response 200 OK
2026-04-04T12:47:22.802+05:30 DEBUG 4224 --- [CartOrderService] [DiscoveryClient-CacheRefreshExecutor-0] [                                                 ] o.s.web.client.RestTemplate              : HTTP GET http://localhost:8761/eureka/apps/delta
2026-04-04T12:47:22.804+05:30 DEBUG 4224 --- [CartOrderService] [DiscoveryClient-CacheRefreshExecutor-0] [                                                 ] o.s.web.client.RestTemplate              : Accept=[application/json, application/*+json]
2026-04-04T12:47:22.825+05:30 DEBUG 4224 --- [CartOrderService] [DiscoveryClient-CacheRefreshExecutor-0] [                                                 ] o.s.web.client.RestTemplate              : Response 200 OK
2026-04-04T12:47:22.826+05:30 DEBUG 4224 --- [CartOrderService] [DiscoveryClient-CacheRefreshExecutor-0] [                                                 ] o.s.web.client.RestTemplate              : Reading to [org.springframework.cloud.netflix.eureka.http.EurekaApplications]
2026-04-04T12:47:40.893+05:30  INFO 4224 --- [CartOrderService] [AsyncResolver-bootstrap-executor-0] [                                                 ] c.n.d.s.r.aws.ConfigClusterResolver      : Resolving eureka endpoints via configuration
2026-04-04T12:47:44.769+05:30 DEBUG 4224 --- [CartOrderService] [DiscoveryClient-HeartbeatExecutor-0] [                                                 ] o.s.web.client.RestTemplate              : HTTP PUT http://localhost:8761/eureka/apps/CARTORDERSERVICE/DESKTOP-ECRRR37.mshome.net:CartOrderService:8083?status=UP&lastDirtyTimestamp=1775285265677
2026-04-04T12:47:44.771+05:30 DEBUG 4224 --- [CartOrderService] [DiscoveryClient-HeartbeatExecutor-0] [                                                 ] o.s.web.client.RestTemplate              : Accept=[application/json, application/*+json]
2026-04-04T12:47:44.797+05:30 DEBUG 4224 --- [CartOrderService] [DiscoveryClient-HeartbeatExecutor-0] [                                                 ] o.s.web.client.RestTemplate              : Response 200 OK
2026-04-04T12:47:52.840+05:30 DEBUG 4224 --- [CartOrderService] [DiscoveryClient-CacheRefreshExecutor-0] [                                                 ] o.s.web.client.RestTemplate              : HTTP GET http://localhost:8761/eureka/apps/delta
2026-04-04T12:47:52.840+05:30 DEBUG 4224 --- [CartOrderService] [DiscoveryClient-CacheRefreshExecutor-0] [                                                 ] o.s.web.client.RestTemplate              : Accept=[application/json, application/*+json]
2026-04-04T12:47:52.859+05:30 DEBUG 4224 --- [CartOrderService] [DiscoveryClient-CacheRefreshExecutor-0] [                                                 ] o.s.web.client.RestTemplate              : Response 200 OK
2026-04-04T12:47:52.862+05:30 DEBUG 4224 --- [CartOrderService] [DiscoveryClient-CacheRefreshExecutor-0] [                                                 ] o.s.web.client.RestTemplate              : Reading to [org.springframework.cloud.netflix.eureka.http.EurekaApplications]
2026-04-04T12:48:14.805+05:30 DEBUG 4224 --- [CartOrderService] [DiscoveryClient-HeartbeatExecutor-0] [                                                 ] o.s.web.client.RestTemplate              : HTTP PUT http://localhost:8761/eureka/apps/CARTORDERSERVICE/DESKTOP-ECRRR37.mshome.net:CartOrderService:8083?status=UP&lastDirtyTimestamp=1775285265677
2026-04-04T12:48:14.806+05:30 DEBUG 4224 --- [CartOrderService] [DiscoveryClient-HeartbeatExecutor-0] [                                                 ] o.s.web.client.RestTemplate              : Accept=[application/json, application/*+json]
2026-04-04T12:48:14.823+05:30 DEBUG 4224 --- [CartOrderService] [DiscoveryClient-HeartbeatExecutor-0] [                                                 ] o.s.web.client.RestTemplate              : Response 200 OK
2026-04-04T12:48:22.873+05:30 DEBUG 4224 --- [CartOrderService] [DiscoveryClient-CacheRefreshExecutor-0] [                                                 ] o.s.web.client.RestTemplate              : HTTP GET http://localhost:8761/eureka/apps/delta
2026-04-04T12:48:22.874+05:30 DEBUG 4224 --- [CartOrderService] [DiscoveryClient-CacheRefreshExecutor-0] [                                                 ] o.s.web.client.RestTemplate              : Accept=[application/json, application/*+json]
2026-04-04T12:48:22.894+05:30 DEBUG 4224 --- [CartOrderService] [DiscoveryClient-CacheRefreshExecutor-0] [                                                 ] o.s.web.client.RestTemplate              : Response 200 OK
2026-04-04T12:48:22.896+05:30 DEBUG 4224 --- [CartOrderService] [DiscoveryClient-CacheRefreshExecutor-0] [                                                 ] o.s.web.client.RestTemplate              : Reading to [org.springframework.cloud.netflix.eureka.http.EurekaApplications]
2026-04-04T12:48:44.836+05:30 DEBUG 4224 --- [CartOrderService] [DiscoveryClient-HeartbeatExecutor-0] [                                                 ] o.s.web.client.RestTemplate              : HTTP PUT http://localhost:8761/eureka/apps/CARTORDERSERVICE/DESKTOP-ECRRR37.mshome.net:CartOrderService:8083?status=UP&lastDirtyTimestamp=1775285265677
2026-04-04T12:48:44.837+05:30 DEBUG 4224 --- [CartOrderService] [DiscoveryClient-HeartbeatExecutor-0] [                                                 ] o.s.web.client.RestTemplate              : Accept=[application/json, application/*+json]
2026-04-04T12:48:44.857+05:30 DEBUG 4224 --- [CartOrderService] [DiscoveryClient-HeartbeatExecutor-0] [                                                 ] o.s.web.client.RestTemplate              : Response 200 OK
2026-04-04T12:48:52.905+05:30 DEBUG 4224 --- [CartOrderService] [DiscoveryClient-CacheRefreshExecutor-0] [                                                 ] o.s.web.client.RestTemplate              : HTTP GET http://localhost:8761/eureka/apps/delta
2026-04-04T12:48:52.906+05:30 DEBUG 4224 --- [CartOrderService] [DiscoveryClient-CacheRefreshExecutor-0] [                                                 ] o.s.web.client.RestTemplate              : Accept=[application/json, application/*+json]
2026-04-04T12:48:53.033+05:30 DEBUG 4224 --- [CartOrderService] [DiscoveryClient-CacheRefreshExecutor-0] [                                                 ] o.s.web.client.RestTemplate              : Response 200 OK
2026-04-04T12:48:53.083+05:30 DEBUG 4224 --- [CartOrderService] [DiscoveryClient-CacheRefreshExecutor-0] [                                                 ] o.s.web.client.RestTemplate              : Reading to [org.springframework.cloud.netflix.eureka.http.EurekaApplications]
2026-04-04T12:49:14.871+05:30 DEBUG 4224 --- [CartOrderService] [DiscoveryClient-HeartbeatExecutor-0] [                                                 ] o.s.web.client.RestTemplate              : HTTP PUT http://localhost:8761/eureka/apps/CARTORDERSERVICE/DESKTOP-ECRRR37.mshome.net:CartOrderService:8083?status=UP&lastDirtyTimestamp=1775285265677
2026-04-04T12:49:14.872+05:30 DEBUG 4224 --- [CartOrderService] [DiscoveryClient-HeartbeatExecutor-0] [                                                 ] o.s.web.client.RestTemplate              : Accept=[application/json, application/*+json]
2026-04-04T12:49:14.895+05:30 DEBUG 4224 --- [CartOrderService] [DiscoveryClient-HeartbeatExecutor-0] [                                                 ] o.s.web.client.RestTemplate              : Response 200 OK
2026-04-04T12:49:23.095+05:30 DEBUG 4224 --- [CartOrderService] [DiscoveryClient-CacheRefreshExecutor-0] [                                                 ] o.s.web.client.RestTemplate              : HTTP GET http://localhost:8761/eureka/apps/delta
2026-04-04T12:49:23.096+05:30 DEBUG 4224 --- [CartOrderService] [DiscoveryClient-CacheRefreshExecutor-0] [                                                 ] o.s.web.client.RestTemplate              : Accept=[application/json, application/*+json]
2026-04-04T12:49:23.116+05:30 DEBUG 4224 --- [CartOrderService] [DiscoveryClient-CacheRefreshExecutor-0] [                                                 ] o.s.web.client.RestTemplate              : Response 200 OK
2026-04-04T12:49:23.117+05:30 DEBUG 4224 --- [CartOrderService] [DiscoveryClient-CacheRefreshExecutor-0] [                                                 ] o.s.web.client.RestTemplate              : Reading to [org.springframework.cloud.netflix.eureka.http.EurekaApplications]
2026-04-04T12:49:44.910+05:30 DEBUG 4224 --- [CartOrderService] [DiscoveryClient-HeartbeatExecutor-0] [                                                 ] o.s.web.client.RestTemplate              : HTTP PUT http://localhost:8761/eureka/apps/CARTORDERSERVICE/DESKTOP-ECRRR37.mshome.net:CartOrderService:8083?status=UP&lastDirtyTimestamp=1775285265677
2026-04-04T12:49:44.911+05:30 DEBUG 4224 --- [CartOrderService] [DiscoveryClient-HeartbeatExecutor-0] [                                                 ] o.s.web.client.RestTemplate              : Accept=[application/json, application/*+json]
2026-04-04T12:49:44.929+05:30 DEBUG 4224 --- [CartOrderService] [DiscoveryClient-HeartbeatExecutor-0] [                                                 ] o.s.web.client.RestTemplate              : Response 200 OK
2026-04-04T12:49:53.129+05:30 DEBUG 4224 --- [CartOrderService] [DiscoveryClient-CacheRefreshExecutor-0] [                                                 ] o.s.web.client.RestTemplate              : HTTP GET http://localhost:8761/eureka/apps/delta
2026-04-04T12:49:53.129+05:30 DEBUG 4224 --- [CartOrderService] [DiscoveryClient-CacheRefreshExecutor-0] [                                                 ] o.s.web.client.RestTemplate              : Accept=[application/json, application/*+json]
2026-04-04T12:49:53.148+05:30 DEBUG 4224 --- [CartOrderService] [DiscoveryClient-CacheRefreshExecutor-0] [                                                 ] o.s.web.client.RestTemplate              : Response 200 OK
2026-04-04T12:49:53.149+05:30 DEBUG 4224 --- [CartOrderService] [DiscoveryClient-CacheRefreshExecutor-0] [                                                 ] o.s.web.client.RestTemplate              : Reading to [org.springframework.cloud.netflix.eureka.http.EurekaApplications]
2026-04-04T12:50:14.932+05:30 DEBUG 4224 --- [CartOrderService] [DiscoveryClient-HeartbeatExecutor-0] [                                                 ] o.s.web.client.RestTemplate              : HTTP PUT http://localhost:8761/eureka/apps/CARTORDERSERVICE/DESKTOP-ECRRR37.mshome.net:CartOrderService:8083?status=UP&lastDirtyTimestamp=1775285265677
2026-04-04T12:50:15.293+05:30 DEBUG 4224 --- [CartOrderService] [DiscoveryClient-HeartbeatExecutor-0] [                                                 ] o.s.web.client.RestTemplate              : Accept=[application/json, application/*+json]
2026-04-04T12:50:15.691+05:30 DEBUG 4224 --- [CartOrderService] [DiscoveryClient-HeartbeatExecutor-0] [                                                 ] o.s.web.client.RestTemplate              : Response 200 OK
2026-04-04T12:50:23.157+05:30 DEBUG 4224 --- [CartOrderService] [DiscoveryClient-CacheRefreshExecutor-0] [                                                 ] o.s.web.client.RestTemplate              : HTTP GET http://localhost:8761/eureka/apps/delta
2026-04-04T12:50:23.158+05:30 DEBUG 4224 --- [CartOrderService] [DiscoveryClient-CacheRefreshExecutor-0] [                                                 ] o.s.web.client.RestTemplate              : Accept=[application/json, application/*+json]
2026-04-04T12:50:23.179+05:30 DEBUG 4224 --- [CartOrderService] [DiscoveryClient-CacheRefreshExecutor-0] [                                                 ] o.s.web.client.RestTemplate              : Response 200 OK
2026-04-04T12:50:23.181+05:30 DEBUG 4224 --- [CartOrderService] [DiscoveryClient-CacheRefreshExecutor-0] [                                                 ] o.s.web.client.RestTemplate              : Reading to [org.springframework.cloud.netflix.eureka.http.EurekaApplications]
2026-04-04T12:50:45.699+05:30 DEBUG 4224 --- [CartOrderService] [DiscoveryClient-HeartbeatExecutor-0] [                                                 ] o.s.web.client.RestTemplate              : HTTP PUT http://localhost:8761/eureka/apps/CARTORDERSERVICE/DESKTOP-ECRRR37.mshome.net:CartOrderService:8083?status=UP&lastDirtyTimestamp=1775285265677
2026-04-04T12:50:45.701+05:30 DEBUG 4224 --- [CartOrderService] [DiscoveryClient-HeartbeatExecutor-0] [                                                 ] o.s.web.client.RestTemplate              : Accept=[application/json, application/*+json]
2026-04-04T12:50:45.719+05:30 DEBUG 4224 --- [CartOrderService] [DiscoveryClient-HeartbeatExecutor-0] [                                                 ] o.s.web.client.RestTemplate              : Response 200 OK
2026-04-04T12:50:53.207+05:30 DEBUG 4224 --- [CartOrderService] [DiscoveryClient-CacheRefreshExecutor-0] [                                                 ] o.s.web.client.RestTemplate              : HTTP GET http://localhost:8761/eureka/apps/delta
2026-04-04T12:50:53.208+05:30 DEBUG 4224 --- [CartOrderService] [DiscoveryClient-CacheRefreshExecutor-0] [                                                 ] o.s.web.client.RestTemplate              : Accept=[application/json, application/*+json]
2026-04-04T12:50:53.301+05:30 DEBUG 4224 --- [CartOrderService] [DiscoveryClient-CacheRefreshExecutor-0] [                                                 ] o.s.web.client.RestTemplate              : Response 200 OK
2026-04-04T12:50:53.303+05:30 DEBUG 4224 --- [CartOrderService] [DiscoveryClient-CacheRefreshExecutor-0] [                                                 ] o.s.web.client.RestTemplate              : Reading to [org.springframework.cloud.netflix.eureka.http.EurekaApplications]
2026-04-04T12:51:15.726+05:30 DEBUG 4224 --- [CartOrderService] [DiscoveryClient-HeartbeatExecutor-0] [                                                 ] o.s.web.client.RestTemplate              : HTTP PUT http://localhost:8761/eureka/apps/CARTORDERSERVICE/DESKTOP-ECRRR37.mshome.net:CartOrderService:8083?status=UP&lastDirtyTimestamp=1775285265677
2026-04-04T12:51:15.820+05:30 DEBUG 4224 --- [CartOrderService] [DiscoveryClient-HeartbeatExecutor-0] [                                                 ] o.s.web.client.RestTemplate              : Accept=[application/json, application/*+json]
2026-04-04T12:51:17.580+05:30 DEBUG 4224 --- [CartOrderService] [DiscoveryClient-HeartbeatExecutor-0] [                                                 ] o.s.web.client.RestTemplate              : Response 200 OK
2026-04-04T12:51:23.329+05:30 DEBUG 4224 --- [CartOrderService] [DiscoveryClient-CacheRefreshExecutor-0] [                                                 ] o.s.web.client.RestTemplate              : HTTP GET http://localhost:8761/eureka/apps/delta
2026-04-04T12:51:23.330+05:30 DEBUG 4224 --- [CartOrderService] [DiscoveryClient-CacheRefreshExecutor-0] [                                                 ] o.s.web.client.RestTemplate              : Accept=[application/json, application/*+json]
2026-04-04T12:51:23.355+05:30 DEBUG 4224 --- [CartOrderService] [DiscoveryClient-CacheRefreshExecutor-0] [                                                 ] o.s.web.client.RestTemplate              : Response 200 OK
2026-04-04T12:51:23.356+05:30 DEBUG 4224 --- [CartOrderService] [DiscoveryClient-CacheRefreshExecutor-0] [                                                 ] o.s.web.client.RestTemplate              : Reading to [org.springframework.cloud.netflix.eureka.http.EurekaApplications]
2026-04-04T12:51:47.650+05:30 DEBUG 4224 --- [CartOrderService] [DiscoveryClient-HeartbeatExecutor-0] [                                                 ] o.s.web.client.RestTemplate              : HTTP PUT http://localhost:8761/eureka/apps/CARTORDERSERVICE/DESKTOP-ECRRR37.mshome.net:CartOrderService:8083?status=UP&lastDirtyTimestamp=1775285265677
2026-04-04T12:51:47.654+05:30 DEBUG 4224 --- [CartOrderService] [DiscoveryClient-HeartbeatExecutor-0] [                                                 ] o.s.web.client.RestTemplate              : Accept=[application/json, application/*+json]
2026-04-04T12:51:47.670+05:30 DEBUG 4224 --- [CartOrderService] [DiscoveryClient-HeartbeatExecutor-0] [                                                 ] o.s.web.client.RestTemplate              : Response 200 OK
2026-04-04T12:51:54.118+05:30 DEBUG 4224 --- [CartOrderService] [DiscoveryClient-CacheRefreshExecutor-0] [                                                 ] o.s.web.client.RestTemplate              : HTTP GET http://localhost:8761/eureka/apps/delta
2026-04-04T12:51:54.118+05:30 DEBUG 4224 --- [CartOrderService] [DiscoveryClient-CacheRefreshExecutor-0] [                                                 ] o.s.web.client.RestTemplate              : Accept=[application/json, application/*+json]
2026-04-04T12:51:54.599+05:30 DEBUG 4224 --- [CartOrderService] [DiscoveryClient-CacheRefreshExecutor-0] [                                                 ] o.s.web.client.RestTemplate              : Response 200 OK
2026-04-04T12:51:54.614+05:30 DEBUG 4224 --- [CartOrderService] [DiscoveryClient-CacheRefreshExecutor-0] [                                                 ] o.s.web.client.RestTemplate              : Reading to [org.springframework.cloud.netflix.eureka.http.EurekaApplications]
2026-04-04T12:52:18.681+05:30 DEBUG 4224 --- [CartOrderService] [DiscoveryClient-HeartbeatExecutor-0] [                                                 ] o.s.web.client.RestTemplate              : HTTP PUT http://localhost:8761/eureka/apps/CARTORDERSERVICE/DESKTOP-ECRRR37.mshome.net:CartOrderService:8083?status=UP&lastDirtyTimestamp=1775285265677
2026-04-04T12:52:19.083+05:30 DEBUG 4224 --- [CartOrderService] [DiscoveryClient-HeartbeatExecutor-0] [                                                 ] o.s.web.client.RestTemplate              : Accept=[application/json, application/*+json]
2026-04-04T12:52:19.090+05:30 DEBUG 4224 --- [CartOrderService] [DiscoveryClient-HeartbeatExecutor-0] [                                                 ] o.s.web.client.RestTemplate              : Response 200 OK
2026-04-04T12:52:24.893+05:30 DEBUG 4224 --- [CartOrderService] [DiscoveryClient-CacheRefreshExecutor-0] [                                                 ] o.s.web.client.RestTemplate              : HTTP GET http://localhost:8761/eureka/apps/delta
2026-04-04T12:52:24.960+05:30 DEBUG 4224 --- [CartOrderService] [DiscoveryClient-CacheRefreshExecutor-0] [                                                 ] o.s.web.client.RestTemplate              : Accept=[application/json, application/*+json]
2026-04-04T12:52:24.964+05:30 DEBUG 4224 --- [CartOrderService] [DiscoveryClient-CacheRefreshExecutor-0] [                                                 ] o.s.web.client.RestTemplate              : Response 200 OK
2026-04-04T12:52:24.985+05:30 DEBUG 4224 --- [CartOrderService] [DiscoveryClient-CacheRefreshExecutor-0] [                                                 ] o.s.web.client.RestTemplate              : Reading to [org.springframework.cloud.netflix.eureka.http.EurekaApplications]
2026-04-04T12:52:42.701+05:30  INFO 4224 --- [CartOrderService] [AsyncResolver-bootstrap-executor-0] [                                                 ] c.n.d.s.r.aws.ConfigClusterResolver      : Resolving eureka endpoints via configuration
2026-04-04T12:52:51.487+05:30 DEBUG 4224 --- [CartOrderService] [DiscoveryClient-HeartbeatExecutor-0] [                                                 ] o.s.web.client.RestTemplate              : HTTP PUT http://localhost:8761/eureka/apps/CARTORDERSERVICE/DESKTOP-ECRRR37.mshome.net:CartOrderService:8083?status=UP&lastDirtyTimestamp=1775285265677
2026-04-04T12:52:51.672+05:30 DEBUG 4224 --- [CartOrderService] [DiscoveryClient-HeartbeatExecutor-0] [                                                 ] o.s.web.client.RestTemplate              : Accept=[application/json, application/*+json]
2026-04-04T12:52:51.943+05:30 DEBUG 4224 --- [CartOrderService] [DiscoveryClient-HeartbeatExecutor-0] [                                                 ] o.s.web.client.RestTemplate              : Response 200 OK
2026-04-04T12:52:55.458+05:30 DEBUG 4224 --- [CartOrderService] [DiscoveryClient-CacheRefreshExecutor-0] [                                                 ] o.s.web.client.RestTemplate              : HTTP GET http://localhost:8761/eureka/apps/delta
2026-04-04T12:52:55.459+05:30 DEBUG 4224 --- [CartOrderService] [DiscoveryClient-CacheRefreshExecutor-0] [                                                 ] o.s.web.client.RestTemplate              : Accept=[application/json, application/*+json]
2026-04-04T12:52:55.466+05:30 DEBUG 4224 --- [CartOrderService] [DiscoveryClient-CacheRefreshExecutor-0] [                                                 ] o.s.web.client.RestTemplate              : Response 200 OK
2026-04-04T12:52:55.489+05:30 DEBUG 4224 --- [CartOrderService] [DiscoveryClient-CacheRefreshExecutor-0] [                                                 ] o.s.web.client.RestTemplate              : Reading to [org.springframework.cloud.netflix.eureka.http.EurekaApplications]
2026-04-04T12:53:21.951+05:30 DEBUG 4224 --- [CartOrderService] [DiscoveryClient-HeartbeatExecutor-0] [                                                 ] o.s.web.client.RestTemplate              : HTTP PUT http://localhost:8761/eureka/apps/CARTORDERSERVICE/DESKTOP-ECRRR37.mshome.net:CartOrderService:8083?status=UP&lastDirtyTimestamp=1775285265677
2026-04-04T12:53:21.953+05:30 DEBUG 4224 --- [CartOrderService] [DiscoveryClient-HeartbeatExecutor-0] [                                                 ] o.s.web.client.RestTemplate              : Accept=[application/json, application/*+json]
2026-04-04T12:53:21.970+05:30 DEBUG 4224 --- [CartOrderService] [DiscoveryClient-HeartbeatExecutor-0] [                                                 ] o.s.web.client.RestTemplate              : Response 200 OK
2026-04-04T12:53:25.499+05:30 DEBUG 4224 --- [CartOrderService] [DiscoveryClient-CacheRefreshExecutor-0] [                                                 ] o.s.web.client.RestTemplate              : HTTP GET http://localhost:8761/eureka/apps/delta
2026-04-04T12:53:25.500+05:30 DEBUG 4224 --- [CartOrderService] [DiscoveryClient-CacheRefreshExecutor-0] [                                                 ] o.s.web.client.RestTemplate              : Accept=[application/json, application/*+json]
2026-04-04T12:53:25.515+05:30 DEBUG 4224 --- [CartOrderService] [DiscoveryClient-CacheRefreshExecutor-0] [                                                 ] o.s.web.client.RestTemplate              : Response 200 OK
2026-04-04T12:53:25.517+05:30 DEBUG 4224 --- [CartOrderService] [DiscoveryClient-CacheRefreshExecutor-0] [                                                 ] o.s.web.client.RestTemplate              : Reading to [org.springframework.cloud.netflix.eureka.http.EurekaApplications]
2026-04-04T12:53:51.971+05:30 DEBUG 4224 --- [CartOrderService] [DiscoveryClient-HeartbeatExecutor-0] [                                                 ] o.s.web.client.RestTemplate              : HTTP PUT http://localhost:8761/eureka/apps/CARTORDERSERVICE/DESKTOP-ECRRR37.mshome.net:CartOrderService:8083?status=UP&lastDirtyTimestamp=1775285265677
2026-04-04T12:53:52.448+05:30 DEBUG 4224 --- [CartOrderService] [DiscoveryClient-HeartbeatExecutor-0] [                                                 ] o.s.web.client.RestTemplate              : Accept=[application/json, application/*+json]
2026-04-04T12:53:53.054+05:30 DEBUG 4224 --- [CartOrderService] [DiscoveryClient-HeartbeatExecutor-0] [                                                 ] o.s.web.client.RestTemplate              : Response 200 OK
2026-04-04T12:53:55.529+05:30 DEBUG 4224 --- [CartOrderService] [DiscoveryClient-CacheRefreshExecutor-0] [                                                 ] o.s.web.client.RestTemplate              : HTTP GET http://localhost:8761/eureka/apps/delta
2026-04-04T12:53:55.782+05:30 DEBUG 4224 --- [CartOrderService] [DiscoveryClient-CacheRefreshExecutor-0] [                                                 ] o.s.web.client.RestTemplate              : Accept=[application/json, application/*+json]
2026-04-04T12:53:55.863+05:30 DEBUG 4224 --- [CartOrderService] [DiscoveryClient-CacheRefreshExecutor-0] [                                                 ] o.s.web.client.RestTemplate              : Response 200 OK
2026-04-04T12:53:55.918+05:30 DEBUG 4224 --- [CartOrderService] [DiscoveryClient-CacheRefreshExecutor-0] [                                                 ] o.s.web.client.RestTemplate              : Reading to [org.springframework.cloud.netflix.eureka.http.EurekaApplications]
2026-04-04T12:54:23.058+05:30 DEBUG 4224 --- [CartOrderService] [DiscoveryClient-HeartbeatExecutor-0] [                                                 ] o.s.web.client.RestTemplate              : HTTP PUT http://localhost:8761/eureka/apps/CARTORDERSERVICE/DESKTOP-ECRRR37.mshome.net:CartOrderService:8083?status=UP&lastDirtyTimestamp=1775285265677
2026-04-04T12:54:23.059+05:30 DEBUG 4224 --- [CartOrderService] [DiscoveryClient-HeartbeatExecutor-0] [                                                 ] o.s.web.client.RestTemplate              : Accept=[application/json, application/*+json]
2026-04-04T12:54:23.077+05:30 DEBUG 4224 --- [CartOrderService] [DiscoveryClient-HeartbeatExecutor-0] [                                                 ] o.s.web.client.RestTemplate              : Response 200 OK
2026-04-04T12:54:25.928+05:30 DEBUG 4224 --- [CartOrderService] [DiscoveryClient-CacheRefreshExecutor-0] [                                                 ] o.s.web.client.RestTemplate              : HTTP GET http://localhost:8761/eureka/apps/delta
2026-04-04T12:54:25.972+05:30 DEBUG 4224 --- [CartOrderService] [DiscoveryClient-CacheRefreshExecutor-0] [                                                 ] o.s.web.client.RestTemplate              : Accept=[application/json, application/*+json]
2026-04-04T12:54:25.999+05:30 DEBUG 4224 --- [CartOrderService] [DiscoveryClient-CacheRefreshExecutor-0] [                                                 ] o.s.web.client.RestTemplate              : Response 200 OK
2026-04-04T12:54:26.000+05:30 DEBUG 4224 --- [CartOrderService] [DiscoveryClient-CacheRefreshExecutor-0] [                                                 ] o.s.web.client.RestTemplate              : Reading to [org.springframework.cloud.netflix.eureka.http.EurekaApplications]
2026-04-04T12:54:53.092+05:30 DEBUG 4224 --- [CartOrderService] [DiscoveryClient-HeartbeatExecutor-0] [                                                 ] o.s.web.client.RestTemplate              : HTTP PUT http://localhost:8761/eureka/apps/CARTORDERSERVICE/DESKTOP-ECRRR37.mshome.net:CartOrderService:8083?status=UP&lastDirtyTimestamp=1775285265677
2026-04-04T12:54:53.129+05:30 DEBUG 4224 --- [CartOrderService] [DiscoveryClient-HeartbeatExecutor-0] [                                                 ] o.s.web.client.RestTemplate              : Accept=[application/json, application/*+json]
2026-04-04T12:54:53.141+05:30 DEBUG 4224 --- [CartOrderService] [DiscoveryClient-HeartbeatExecutor-0] [                                                 ] o.s.web.client.RestTemplate              : Response 200 OK
2026-04-04T12:54:56.009+05:30 DEBUG 4224 --- [CartOrderService] [DiscoveryClient-CacheRefreshExecutor-0] [                                                 ] o.s.web.client.RestTemplate              : HTTP GET http://localhost:8761/eureka/apps/delta
2026-04-04T12:54:56.010+05:30 DEBUG 4224 --- [CartOrderService] [DiscoveryClient-CacheRefreshExecutor-0] [                                                 ] o.s.web.client.RestTemplate              : Accept=[application/json, application/*+json]
2026-04-04T12:54:56.227+05:30 DEBUG 4224 --- [CartOrderService] [DiscoveryClient-CacheRefreshExecutor-0] [                                                 ] o.s.web.client.RestTemplate              : Response 200 OK
2026-04-04T12:54:56.228+05:30 DEBUG 4224 --- [CartOrderService] [DiscoveryClient-CacheRefreshExecutor-0] [                                                 ] o.s.web.client.RestTemplate              : Reading to [org.springframework.cloud.netflix.eureka.http.EurekaApplications]
2026-04-04T12:55:23.151+05:30 DEBUG 4224 --- [CartOrderService] [DiscoveryClient-HeartbeatExecutor-0] [                                                 ] o.s.web.client.RestTemplate              : HTTP PUT http://localhost:8761/eureka/apps/CARTORDERSERVICE/DESKTOP-ECRRR37.mshome.net:CartOrderService:8083?status=UP&lastDirtyTimestamp=1775285265677
2026-04-04T12:55:23.152+05:30 DEBUG 4224 --- [CartOrderService] [DiscoveryClient-HeartbeatExecutor-0] [                                                 ] o.s.web.client.RestTemplate              : Accept=[application/json, application/*+json]
2026-04-04T12:55:23.176+05:30 DEBUG 4224 --- [CartOrderService] [DiscoveryClient-HeartbeatExecutor-0] [                                                 ] o.s.web.client.RestTemplate              : Response 200 OK
2026-04-04T12:55:26.239+05:30 DEBUG 4224 --- [CartOrderService] [DiscoveryClient-CacheRefreshExecutor-0] [                                                 ] o.s.web.client.RestTemplate              : HTTP GET http://localhost:8761/eureka/apps/delta
2026-04-04T12:55:26.240+05:30 DEBUG 4224 --- [CartOrderService] [DiscoveryClient-CacheRefreshExecutor-0] [                                                 ] o.s.web.client.RestTemplate              : Accept=[application/json, application/*+json]
2026-04-04T12:55:26.257+05:30 DEBUG 4224 --- [CartOrderService] [DiscoveryClient-CacheRefreshExecutor-0] [                                                 ] o.s.web.client.RestTemplate              : Response 200 OK
2026-04-04T12:55:26.257+05:30 DEBUG 4224 --- [CartOrderService] [DiscoveryClient-CacheRefreshExecutor-0] [                                                 ] o.s.web.client.RestTemplate              : Reading to [org.springframework.cloud.netflix.eureka.http.EurekaApplications]
2026-04-04T12:55:53.186+05:30 DEBUG 4224 --- [CartOrderService] [DiscoveryClient-HeartbeatExecutor-0] [                                                 ] o.s.web.client.RestTemplate              : HTTP PUT http://localhost:8761/eureka/apps/CARTORDERSERVICE/DESKTOP-ECRRR37.mshome.net:CartOrderService:8083?status=UP&lastDirtyTimestamp=1775285265677
2026-04-04T12:55:53.186+05:30 DEBUG 4224 --- [CartOrderService] [DiscoveryClient-HeartbeatExecutor-0] [                                                 ] o.s.web.client.RestTemplate              : Accept=[application/json, application/*+json]
2026-04-04T12:55:53.204+05:30 DEBUG 4224 --- [CartOrderService] [DiscoveryClient-HeartbeatExecutor-0] [                                                 ] o.s.web.client.RestTemplate              : Response 200 OK
2026-04-04T12:55:56.261+05:30 DEBUG 4224 --- [CartOrderService] [DiscoveryClient-CacheRefreshExecutor-0] [                                                 ] o.s.web.client.RestTemplate              : HTTP GET http://localhost:8761/eureka/apps/delta
2026-04-04T12:55:56.261+05:30 DEBUG 4224 --- [CartOrderService] [DiscoveryClient-CacheRefreshExecutor-0] [                                                 ] o.s.web.client.RestTemplate              : Accept=[application/json, application/*+json]
2026-04-04T12:55:56.282+05:30 DEBUG 4224 --- [CartOrderService] [DiscoveryClient-CacheRefreshExecutor-0] [                                                 ] o.s.web.client.RestTemplate              : Response 200 OK
2026-04-04T12:55:56.283+05:30 DEBUG 4224 --- [CartOrderService] [DiscoveryClient-CacheRefreshExecutor-0] [                                                 ] o.s.web.client.RestTemplate              : Reading to [org.springframework.cloud.netflix.eureka.http.EurekaApplications]
2026-04-04T12:56:23.236+05:30 DEBUG 4224 --- [CartOrderService] [DiscoveryClient-HeartbeatExecutor-0] [                                                 ] o.s.web.client.RestTemplate              : HTTP PUT http://localhost:8761/eureka/apps/CARTORDERSERVICE/DESKTOP-ECRRR37.mshome.net:CartOrderService:8083?status=UP&lastDirtyTimestamp=1775285265677
2026-04-04T12:56:23.254+05:30 DEBUG 4224 --- [CartOrderService] [DiscoveryClient-HeartbeatExecutor-0] [                                                 ] o.s.web.client.RestTemplate              : Accept=[application/json, application/*+json]
2026-04-04T12:56:23.535+05:30 DEBUG 4224 --- [CartOrderService] [DiscoveryClient-HeartbeatExecutor-0] [                                                 ] o.s.web.client.RestTemplate              : Response 200 OK
2026-04-04T12:56:26.304+05:30 DEBUG 4224 --- [CartOrderService] [DiscoveryClient-CacheRefreshExecutor-0] [                                                 ] o.s.web.client.RestTemplate              : HTTP GET http://localhost:8761/eureka/apps/delta
2026-04-04T12:56:26.321+05:30 DEBUG 4224 --- [CartOrderService] [DiscoveryClient-CacheRefreshExecutor-0] [                                                 ] o.s.web.client.RestTemplate              : Accept=[application/json, application/*+json]
2026-04-04T12:56:26.461+05:30 DEBUG 4224 --- [CartOrderService] [DiscoveryClient-CacheRefreshExecutor-0] [                                                 ] o.s.web.client.RestTemplate              : Response 200 OK
2026-04-04T12:56:26.465+05:30 DEBUG 4224 --- [CartOrderService] [DiscoveryClient-CacheRefreshExecutor-0] [                                                 ] o.s.web.client.RestTemplate              : Reading to [org.springframework.cloud.netflix.eureka.http.EurekaApplications]
2026-04-04T12:56:53.543+05:30 DEBUG 4224 --- [CartOrderService] [DiscoveryClient-HeartbeatExecutor-0] [                                                 ] o.s.web.client.RestTemplate              : HTTP PUT http://localhost:8761/eureka/apps/CARTORDERSERVICE/DESKTOP-ECRRR37.mshome.net:CartOrderService:8083?status=UP&lastDirtyTimestamp=1775285265677
2026-04-04T12:56:53.552+05:30 DEBUG 4224 --- [CartOrderService] [DiscoveryClient-HeartbeatExecutor-0] [                                                 ] o.s.web.client.RestTemplate              : Accept=[application/json, application/*+json]
2026-04-04T12:56:53.587+05:30 DEBUG 4224 --- [CartOrderService] [DiscoveryClient-HeartbeatExecutor-0] [                                                 ] o.s.web.client.RestTemplate              : Response 200 OK
2026-04-04T12:56:56.488+05:30 DEBUG 4224 --- [CartOrderService] [DiscoveryClient-CacheRefreshExecutor-0] [                                                 ] o.s.web.client.RestTemplate              : HTTP GET http://localhost:8761/eureka/apps/delta
2026-04-04T12:56:56.488+05:30 DEBUG 4224 --- [CartOrderService] [DiscoveryClient-CacheRefreshExecutor-0] [                                                 ] o.s.web.client.RestTemplate              : Accept=[application/json, application/*+json]
2026-04-04T12:56:56.595+05:30 DEBUG 4224 --- [CartOrderService] [DiscoveryClient-CacheRefreshExecutor-0] [                                                 ] o.s.web.client.RestTemplate              : Response 200 OK
2026-04-04T12:56:56.608+05:30 DEBUG 4224 --- [CartOrderService] [DiscoveryClient-CacheRefreshExecutor-0] [                                                 ] o.s.web.client.RestTemplate              : Reading to [org.springframework.cloud.netflix.eureka.http.EurekaApplications]
2026-04-04T12:57:24.230+05:30 DEBUG 4224 --- [CartOrderService] [DiscoveryClient-HeartbeatExecutor-0] [                                                 ] o.s.web.client.RestTemplate              : HTTP PUT http://localhost:8761/eureka/apps/CARTORDERSERVICE/DESKTOP-ECRRR37.mshome.net:CartOrderService:8083?status=UP&lastDirtyTimestamp=1775285265677
2026-04-04T12:57:24.651+05:30 DEBUG 4224 --- [CartOrderService] [DiscoveryClient-HeartbeatExecutor-0] [                                                 ] o.s.web.client.RestTemplate              : Accept=[application/json, application/*+json]
2026-04-04T12:57:24.747+05:30 DEBUG 4224 --- [CartOrderService] [DiscoveryClient-HeartbeatExecutor-0] [                                                 ] o.s.web.client.RestTemplate              : Response 200 OK
2026-04-04T12:57:26.856+05:30 DEBUG 4224 --- [CartOrderService] [DiscoveryClient-CacheRefreshExecutor-0] [                                                 ] o.s.web.client.RestTemplate              : HTTP GET http://localhost:8761/eureka/apps/delta
2026-04-04T12:57:27.033+05:30 DEBUG 4224 --- [CartOrderService] [DiscoveryClient-CacheRefreshExecutor-0] [                                                 ] o.s.web.client.RestTemplate              : Accept=[application/json, application/*+json]
2026-04-04T12:57:28.758+05:30 DEBUG 4224 --- [CartOrderService] [DiscoveryClient-CacheRefreshExecutor-0] [                                                 ] o.s.web.client.RestTemplate              : Response 200 OK
2026-04-04T12:57:28.759+05:30 DEBUG 4224 --- [CartOrderService] [DiscoveryClient-CacheRefreshExecutor-0] [                                                 ] o.s.web.client.RestTemplate              : Reading to [org.springframework.cloud.netflix.eureka.http.EurekaApplications]
2026-04-04T12:57:50.382+05:30  INFO 4224 --- [CartOrderService] [AsyncResolver-bootstrap-executor-0] [                                                 ] c.n.d.s.r.aws.ConfigClusterResolver      : Resolving eureka endpoints via configuration
2026-04-04T12:57:54.757+05:30 DEBUG 4224 --- [CartOrderService] [DiscoveryClient-HeartbeatExecutor-0] [                                                 ] o.s.web.client.RestTemplate              : HTTP PUT http://localhost:8761/eureka/apps/CARTORDERSERVICE/DESKTOP-ECRRR37.mshome.net:CartOrderService:8083?status=UP&lastDirtyTimestamp=1775285265677
2026-04-04T12:57:54.757+05:30 DEBUG 4224 --- [CartOrderService] [DiscoveryClient-HeartbeatExecutor-0] [                                                 ] o.s.web.client.RestTemplate              : Accept=[application/json, application/*+json]
2026-04-04T12:57:54.779+05:30 DEBUG 4224 --- [CartOrderService] [DiscoveryClient-HeartbeatExecutor-0] [                                                 ] o.s.web.client.RestTemplate              : Response 200 OK
2026-04-04T12:57:58.863+05:30 DEBUG 4224 --- [CartOrderService] [DiscoveryClient-CacheRefreshExecutor-0] [                                                 ] o.s.web.client.RestTemplate              : HTTP GET http://localhost:8761/eureka/apps/delta
2026-04-04T12:57:58.863+05:30 DEBUG 4224 --- [CartOrderService] [DiscoveryClient-CacheRefreshExecutor-0] [                                                 ] o.s.web.client.RestTemplate              : Accept=[application/json, application/*+json]
2026-04-04T12:57:58.880+05:30 DEBUG 4224 --- [CartOrderService] [DiscoveryClient-CacheRefreshExecutor-0] [                                                 ] o.s.web.client.RestTemplate              : Response 200 OK
2026-04-04T12:57:58.881+05:30 DEBUG 4224 --- [CartOrderService] [DiscoveryClient-CacheRefreshExecutor-0] [                                                 ] o.s.web.client.RestTemplate              : Reading to [org.springframework.cloud.netflix.eureka.http.EurekaApplications]
2026-04-04T12:58:24.786+05:30 DEBUG 4224 --- [CartOrderService] [DiscoveryClient-HeartbeatExecutor-0] [                                                 ] o.s.web.client.RestTemplate              : HTTP PUT http://localhost:8761/eureka/apps/CARTORDERSERVICE/DESKTOP-ECRRR37.mshome.net:CartOrderService:8083?status=UP&lastDirtyTimestamp=1775285265677
2026-04-04T12:58:24.788+05:30 DEBUG 4224 --- [CartOrderService] [DiscoveryClient-HeartbeatExecutor-0] [                                                 ] o.s.web.client.RestTemplate              : Accept=[application/json, application/*+json]
2026-04-04T12:58:24.811+05:30 DEBUG 4224 --- [CartOrderService] [DiscoveryClient-HeartbeatExecutor-0] [                                                 ] o.s.web.client.RestTemplate              : Response 200 OK
2026-04-04T12:58:28.888+05:30 DEBUG 4224 --- [CartOrderService] [DiscoveryClient-CacheRefreshExecutor-0] [                                                 ] o.s.web.client.RestTemplate              : HTTP GET http://localhost:8761/eureka/apps/delta
2026-04-04T12:58:28.889+05:30 DEBUG 4224 --- [CartOrderService] [DiscoveryClient-CacheRefreshExecutor-0] [                                                 ] o.s.web.client.RestTemplate              : Accept=[application/json, application/*+json]
2026-04-04T12:58:28.917+05:30 DEBUG 4224 --- [CartOrderService] [DiscoveryClient-CacheRefreshExecutor-0] [                                                 ] o.s.web.client.RestTemplate              : Response 200 OK
2026-04-04T12:58:28.918+05:30 DEBUG 4224 --- [CartOrderService] [DiscoveryClient-CacheRefreshExecutor-0] [                                                 ] o.s.web.client.RestTemplate              : Reading to [org.springframework.cloud.netflix.eureka.http.EurekaApplications]
2026-04-04T12:58:54.935+05:30 DEBUG 4224 --- [CartOrderService] [DiscoveryClient-HeartbeatExecutor-0] [                                                 ] o.s.web.client.RestTemplate              : HTTP PUT http://localhost:8761/eureka/apps/CARTORDERSERVICE/DESKTOP-ECRRR37.mshome.net:CartOrderService:8083?status=UP&lastDirtyTimestamp=1775285265677
2026-04-04T12:58:54.937+05:30 DEBUG 4224 --- [CartOrderService] [DiscoveryClient-HeartbeatExecutor-0] [                                                 ] o.s.web.client.RestTemplate              : Accept=[application/json, application/*+json]
2026-04-04T12:58:55.834+05:30 DEBUG 4224 --- [CartOrderService] [DiscoveryClient-HeartbeatExecutor-0] [                                                 ] o.s.web.client.RestTemplate              : Response 200 OK
2026-04-04T12:58:58.927+05:30 DEBUG 4224 --- [CartOrderService] [DiscoveryClient-CacheRefreshExecutor-0] [                                                 ] o.s.web.client.RestTemplate              : HTTP GET http://localhost:8761/eureka/apps/delta
2026-04-04T12:58:58.928+05:30 DEBUG 4224 --- [CartOrderService] [DiscoveryClient-CacheRefreshExecutor-0] [                                                 ] o.s.web.client.RestTemplate              : Accept=[application/json, application/*+json]
2026-04-04T12:58:58.951+05:30 DEBUG 4224 --- [CartOrderService] [DiscoveryClient-CacheRefreshExecutor-0] [                                                 ] o.s.web.client.RestTemplate              : Response 200 OK
2026-04-04T12:58:58.953+05:30 DEBUG 4224 --- [CartOrderService] [DiscoveryClient-CacheRefreshExecutor-0] [                                                 ] o.s.web.client.RestTemplate              : Reading to [org.springframework.cloud.netflix.eureka.http.EurekaApplications]
2026-04-04T12:59:26.323+05:30 DEBUG 4224 --- [CartOrderService] [DiscoveryClient-HeartbeatExecutor-0] [                                                 ] o.s.web.client.RestTemplate              : HTTP PUT http://localhost:8761/eureka/apps/CARTORDERSERVICE/DESKTOP-ECRRR37.mshome.net:CartOrderService:8083?status=UP&lastDirtyTimestamp=1775285265677
2026-04-04T12:59:26.449+05:30 DEBUG 4224 --- [CartOrderService] [DiscoveryClient-HeartbeatExecutor-0] [                                                 ] o.s.web.client.RestTemplate              : Accept=[application/json, application/*+json]
2026-04-04T12:59:26.654+05:30 DEBUG 4224 --- [CartOrderService] [DiscoveryClient-HeartbeatExecutor-0] [                                                 ] o.s.web.client.RestTemplate              : Response 200 OK
2026-04-04T12:59:29.004+05:30 DEBUG 4224 --- [CartOrderService] [DiscoveryClient-CacheRefreshExecutor-0] [                                                 ] o.s.web.client.RestTemplate              : HTTP GET http://localhost:8761/eureka/apps/delta
2026-04-04T12:59:29.055+05:30 DEBUG 4224 --- [CartOrderService] [DiscoveryClient-CacheRefreshExecutor-0] [                                                 ] o.s.web.client.RestTemplate              : Accept=[application/json, application/*+json]
2026-04-04T12:59:30.282+05:30 DEBUG 4224 --- [CartOrderService] [DiscoveryClient-CacheRefreshExecutor-0] [                                                 ] o.s.web.client.RestTemplate              : Response 200 OK
2026-04-04T12:59:30.313+05:30 DEBUG 4224 --- [CartOrderService] [DiscoveryClient-CacheRefreshExecutor-0] [                                                 ] o.s.web.client.RestTemplate              : Reading to [org.springframework.cloud.netflix.eureka.http.EurekaApplications]
2026-04-04T12:59:57.908+05:30 DEBUG 4224 --- [CartOrderService] [DiscoveryClient-HeartbeatExecutor-0] [                                                 ] o.s.web.client.RestTemplate              : HTTP PUT http://localhost:8761/eureka/apps/CARTORDERSERVICE/DESKTOP-ECRRR37.mshome.net:CartOrderService:8083?status=UP&lastDirtyTimestamp=1775285265677
2026-04-04T12:59:57.909+05:30 DEBUG 4224 --- [CartOrderService] [DiscoveryClient-HeartbeatExecutor-0] [                                                 ] o.s.web.client.RestTemplate              : Accept=[application/json, application/*+json]
2026-04-04T12:59:58.632+05:30 DEBUG 4224 --- [CartOrderService] [DiscoveryClient-HeartbeatExecutor-0] [                                                 ] o.s.web.client.RestTemplate              : Response 200 OK
2026-04-04T13:00:01.204+05:30 DEBUG 4224 --- [CartOrderService] [DiscoveryClient-CacheRefreshExecutor-0] [                                                 ] o.s.web.client.RestTemplate              : HTTP GET http://localhost:8761/eureka/apps/delta
2026-04-04T13:00:01.205+05:30 DEBUG 4224 --- [CartOrderService] [DiscoveryClient-CacheRefreshExecutor-0] [                                                 ] o.s.web.client.RestTemplate              : Accept=[application/json, application/*+json]
2026-04-04T13:00:01.383+05:30 DEBUG 4224 --- [CartOrderService] [DiscoveryClient-CacheRefreshExecutor-0] [                                                 ] o.s.web.client.RestTemplate              : Response 200 OK
2026-04-04T13:00:01.457+05:30 DEBUG 4224 --- [CartOrderService] [DiscoveryClient-CacheRefreshExecutor-0] [                                                 ] o.s.web.client.RestTemplate              : Reading to [org.springframework.cloud.netflix.eureka.http.EurekaApplications]
2026-04-04T13:00:28.836+05:30 DEBUG 4224 --- [CartOrderService] [DiscoveryClient-HeartbeatExecutor-0] [                                                 ] o.s.web.client.RestTemplate              : HTTP PUT http://localhost:8761/eureka/apps/CARTORDERSERVICE/DESKTOP-ECRRR37.mshome.net:CartOrderService:8083?status=UP&lastDirtyTimestamp=1775285265677
2026-04-04T13:00:28.840+05:30 DEBUG 4224 --- [CartOrderService] [DiscoveryClient-HeartbeatExecutor-0] [                                                 ] o.s.web.client.RestTemplate              : Accept=[application/json, application/*+json]
2026-04-04T13:00:28.871+05:30 DEBUG 4224 --- [CartOrderService] [DiscoveryClient-HeartbeatExecutor-0] [                                                 ] o.s.web.client.RestTemplate              : Response 200 OK
2026-04-04T13:00:33.467+05:30 DEBUG 4224 --- [CartOrderService] [DiscoveryClient-CacheRefreshExecutor-0] [                                                 ] o.s.web.client.RestTemplate              : HTTP GET http://localhost:8761/eureka/apps/delta
2026-04-04T13:00:33.467+05:30 DEBUG 4224 --- [CartOrderService] [DiscoveryClient-CacheRefreshExecutor-0] [                                                 ] o.s.web.client.RestTemplate              : Accept=[application/json, application/*+json]
2026-04-04T13:00:33.486+05:30 DEBUG 4224 --- [CartOrderService] [DiscoveryClient-CacheRefreshExecutor-0] [                                                 ] o.s.web.client.RestTemplate              : Response 200 OK
2026-04-04T13:00:33.487+05:30 DEBUG 4224 --- [CartOrderService] [DiscoveryClient-CacheRefreshExecutor-0] [                                                 ] o.s.web.client.RestTemplate              : Reading to [org.springframework.cloud.netflix.eureka.http.EurekaApplications]
2026-04-04T13:00:58.877+05:30 DEBUG 4224 --- [CartOrderService] [DiscoveryClient-HeartbeatExecutor-0] [                                                 ] o.s.web.client.RestTemplate              : HTTP PUT http://localhost:8761/eureka/apps/CARTORDERSERVICE/DESKTOP-ECRRR37.mshome.net:CartOrderService:8083?status=UP&lastDirtyTimestamp=1775285265677
2026-04-04T13:00:58.880+05:30 DEBUG 4224 --- [CartOrderService] [DiscoveryClient-HeartbeatExecutor-0] [                                                 ] o.s.web.client.RestTemplate              : Accept=[application/json, application/*+json]
2026-04-04T13:00:58.925+05:30 DEBUG 4224 --- [CartOrderService] [DiscoveryClient-HeartbeatExecutor-0] [                                                 ] o.s.web.client.RestTemplate              : Response 200 OK
2026-04-04T13:01:03.503+05:30 DEBUG 4224 --- [CartOrderService] [DiscoveryClient-CacheRefreshExecutor-0] [                                                 ] o.s.web.client.RestTemplate              : HTTP GET http://localhost:8761/eureka/apps/delta
2026-04-04T13:01:03.512+05:30 DEBUG 4224 --- [CartOrderService] [DiscoveryClient-CacheRefreshExecutor-0] [                                                 ] o.s.web.client.RestTemplate              : Accept=[application/json, application/*+json]
2026-04-04T13:01:03.519+05:30 DEBUG 4224 --- [CartOrderService] [DiscoveryClient-CacheRefreshExecutor-0] [                                                 ] o.s.web.client.RestTemplate              : Response 200 OK
2026-04-04T13:01:03.520+05:30 DEBUG 4224 --- [CartOrderService] [DiscoveryClient-CacheRefreshExecutor-0] [                                                 ] o.s.web.client.RestTemplate              : Reading to [org.springframework.cloud.netflix.eureka.http.EurekaApplications]
2026-04-04T13:01:28.940+05:30 DEBUG 4224 --- [CartOrderService] [DiscoveryClient-HeartbeatExecutor-0] [                                                 ] o.s.web.client.RestTemplate              : HTTP PUT http://localhost:8761/eureka/apps/CARTORDERSERVICE/DESKTOP-ECRRR37.mshome.net:CartOrderService:8083?status=UP&lastDirtyTimestamp=1775285265677
2026-04-04T13:01:29.300+05:30 DEBUG 4224 --- [CartOrderService] [DiscoveryClient-HeartbeatExecutor-0] [                                                 ] o.s.web.client.RestTemplate              : Accept=[application/json, application/*+json]
2026-04-04T13:01:30.282+05:30 DEBUG 4224 --- [CartOrderService] [DiscoveryClient-HeartbeatExecutor-0] [                                                 ] o.s.web.client.RestTemplate              : Response 200 OK
2026-04-04T13:01:33.524+05:30 DEBUG 4224 --- [CartOrderService] [DiscoveryClient-CacheRefreshExecutor-0] [                                                 ] o.s.web.client.RestTemplate              : HTTP GET http://localhost:8761/eureka/apps/delta
2026-04-04T13:01:33.524+05:30 DEBUG 4224 --- [CartOrderService] [DiscoveryClient-CacheRefreshExecutor-0] [                                                 ] o.s.web.client.RestTemplate              : Accept=[application/json, application/*+json]
2026-04-04T13:01:33.654+05:30 DEBUG 4224 --- [CartOrderService] [DiscoveryClient-CacheRefreshExecutor-0] [                                                 ] o.s.web.client.RestTemplate              : Response 200 OK
2026-04-04T13:01:33.654+05:30 DEBUG 4224 --- [CartOrderService] [DiscoveryClient-CacheRefreshExecutor-0] [                                                 ] o.s.web.client.RestTemplate              : Reading to [org.springframework.cloud.netflix.eureka.http.EurekaApplications]
2026-04-04T13:02:00.443+05:30 DEBUG 4224 --- [CartOrderService] [DiscoveryClient-HeartbeatExecutor-0] [                                                 ] o.s.web.client.RestTemplate              : HTTP PUT http://localhost:8761/eureka/apps/CARTORDERSERVICE/DESKTOP-ECRRR37.mshome.net:CartOrderService:8083?status=UP&lastDirtyTimestamp=1775285265677
2026-04-04T13:02:00.445+05:30 DEBUG 4224 --- [CartOrderService] [DiscoveryClient-HeartbeatExecutor-0] [                                                 ] o.s.web.client.RestTemplate              : Accept=[application/json, application/*+json]
2026-04-04T13:02:02.257+05:30 DEBUG 4224 --- [CartOrderService] [DiscoveryClient-HeartbeatExecutor-0] [                                                 ] o.s.web.client.RestTemplate              : Response 200 OK
2026-04-04T13:02:05.066+05:30 DEBUG 4224 --- [CartOrderService] [DiscoveryClient-CacheRefreshExecutor-0] [                                                 ] o.s.web.client.RestTemplate              : HTTP GET http://localhost:8761/eureka/apps/delta
2026-04-04T13:02:05.067+05:30 DEBUG 4224 --- [CartOrderService] [DiscoveryClient-CacheRefreshExecutor-0] [                                                 ] o.s.web.client.RestTemplate              : Accept=[application/json, application/*+json]
2026-04-04T13:02:05.319+05:30 DEBUG 4224 --- [CartOrderService] [DiscoveryClient-CacheRefreshExecutor-0] [                                                 ] o.s.web.client.RestTemplate              : Response 200 OK
2026-04-04T13:02:05.585+05:30 DEBUG 4224 --- [CartOrderService] [DiscoveryClient-CacheRefreshExecutor-0] [                                                 ] o.s.web.client.RestTemplate              : Reading to [org.springframework.cloud.netflix.eureka.http.EurekaApplications]
2026-04-04T13:02:32.395+05:30 DEBUG 4224 --- [CartOrderService] [DiscoveryClient-HeartbeatExecutor-0] [                                                 ] o.s.web.client.RestTemplate              : HTTP PUT http://localhost:8761/eureka/apps/CARTORDERSERVICE/DESKTOP-ECRRR37.mshome.net:CartOrderService:8083?status=UP&lastDirtyTimestamp=1775285265677
2026-04-04T13:02:32.522+05:30 DEBUG 4224 --- [CartOrderService] [DiscoveryClient-HeartbeatExecutor-0] [                                                 ] o.s.web.client.RestTemplate              : Accept=[application/json, application/*+json]
2026-04-04T13:02:33.237+05:30 DEBUG 4224 --- [CartOrderService] [DiscoveryClient-HeartbeatExecutor-0] [                                                 ] o.s.web.client.RestTemplate              : Response 200 OK
2026-04-04T13:02:36.004+05:30 DEBUG 4224 --- [CartOrderService] [DiscoveryClient-CacheRefreshExecutor-0] [                                                 ] o.s.web.client.RestTemplate              : HTTP GET http://localhost:8761/eureka/apps/delta
2026-04-04T13:02:36.005+05:30 DEBUG 4224 --- [CartOrderService] [DiscoveryClient-CacheRefreshExecutor-0] [                                                 ] o.s.web.client.RestTemplate              : Accept=[application/json, application/*+json]
2026-04-04T13:02:36.029+05:30 DEBUG 4224 --- [CartOrderService] [DiscoveryClient-CacheRefreshExecutor-0] [                                                 ] o.s.web.client.RestTemplate              : Response 200 OK
2026-04-04T13:02:36.030+05:30 DEBUG 4224 --- [CartOrderService] [DiscoveryClient-CacheRefreshExecutor-0] [                                                 ] o.s.web.client.RestTemplate              : Reading to [org.springframework.cloud.netflix.eureka.http.EurekaApplications]
2026-04-04T13:02:53.418+05:30  INFO 4224 --- [CartOrderService] [AsyncResolver-bootstrap-executor-0] [                                                 ] c.n.d.s.r.aws.ConfigClusterResolver      : Resolving eureka endpoints via configuration
2026-04-04T13:03:10.696+05:30 DEBUG 4224 --- [CartOrderService] [DiscoveryClient-CacheRefreshExecutor-0] [                                                 ] o.s.web.client.RestTemplate              : HTTP GET http://localhost:8761/eureka/apps/delta
2026-04-04T13:03:10.696+05:30 DEBUG 4224 --- [CartOrderService] [DiscoveryClient-CacheRefreshExecutor-0] [                                                 ] o.s.web.client.RestTemplate              : Accept=[application/json, application/*+json]
2026-04-04T13:03:10.860+05:30 DEBUG 4224 --- [CartOrderService] [DiscoveryClient-CacheRefreshExecutor-0] [                                                 ] o.s.web.client.RestTemplate              : Response 200 OK
2026-04-04T13:03:10.696+05:30 DEBUG 4224 --- [CartOrderService] [DiscoveryClient-HeartbeatExecutor-0] [                                                 ] o.s.web.client.RestTemplate              : HTTP PUT http://localhost:8761/eureka/apps/CARTORDERSERVICE/DESKTOP-ECRRR37.mshome.net:CartOrderService:8083?status=UP&lastDirtyTimestamp=1775285265677
2026-04-04T13:03:10.910+05:30 DEBUG 4224 --- [CartOrderService] [DiscoveryClient-HeartbeatExecutor-0] [                                                 ] o.s.web.client.RestTemplate              : Accept=[application/json, application/*+json]
2026-04-04T13:03:10.930+05:30 DEBUG 4224 --- [CartOrderService] [DiscoveryClient-CacheRefreshExecutor-0] [                                                 ] o.s.web.client.RestTemplate              : Reading to [org.springframework.cloud.netflix.eureka.http.EurekaApplications]
2026-04-04T13:03:11.068+05:30 DEBUG 4224 --- [CartOrderService] [DiscoveryClient-HeartbeatExecutor-0] [                                                 ] o.s.web.client.RestTemplate              : Response 200 OK
2026-04-04T13:03:40.972+05:30 DEBUG 4224 --- [CartOrderService] [DiscoveryClient-CacheRefreshExecutor-0] [                                                 ] o.s.web.client.RestTemplate              : HTTP GET http://localhost:8761/eureka/apps/delta
2026-04-04T13:03:40.973+05:30 DEBUG 4224 --- [CartOrderService] [DiscoveryClient-CacheRefreshExecutor-0] [                                                 ] o.s.web.client.RestTemplate              : Accept=[application/json, application/*+json]
2026-04-04T13:03:40.993+05:30 DEBUG 4224 --- [CartOrderService] [DiscoveryClient-CacheRefreshExecutor-0] [                                                 ] o.s.web.client.RestTemplate              : Response 200 OK
2026-04-04T13:03:40.993+05:30 DEBUG 4224 --- [CartOrderService] [DiscoveryClient-CacheRefreshExecutor-0] [                                                 ] o.s.web.client.RestTemplate              : Reading to [org.springframework.cloud.netflix.eureka.http.EurekaApplications]
2026-04-04T13:03:41.079+05:30 DEBUG 4224 --- [CartOrderService] [DiscoveryClient-HeartbeatExecutor-0] [                                                 ] o.s.web.client.RestTemplate              : HTTP PUT http://localhost:8761/eureka/apps/CARTORDERSERVICE/DESKTOP-ECRRR37.mshome.net:CartOrderService:8083?status=UP&lastDirtyTimestamp=1775285265677
2026-04-04T13:03:41.080+05:30 DEBUG 4224 --- [CartOrderService] [DiscoveryClient-HeartbeatExecutor-0] [                                                 ] o.s.web.client.RestTemplate              : Accept=[application/json, application/*+json]
2026-04-04T13:03:41.085+05:30 DEBUG 4224 --- [CartOrderService] [DiscoveryClient-HeartbeatExecutor-0] [                                                 ] o.s.web.client.RestTemplate              : Response 200 OK
2026-04-04T13:04:11.089+05:30 DEBUG 4224 --- [CartOrderService] [DiscoveryClient-HeartbeatExecutor-0] [                                                 ] o.s.web.client.RestTemplate              : HTTP PUT http://localhost:8761/eureka/apps/CARTORDERSERVICE/DESKTOP-ECRRR37.mshome.net:CartOrderService:8083?status=UP&lastDirtyTimestamp=1775285265677
2026-04-04T13:04:11.090+05:30 DEBUG 4224 --- [CartOrderService] [DiscoveryClient-HeartbeatExecutor-0] [                                                 ] o.s.web.client.RestTemplate              : Accept=[application/json, application/*+json]
2026-04-04T13:04:11.111+05:30 DEBUG 4224 --- [CartOrderService] [DiscoveryClient-HeartbeatExecutor-0] [                                                 ] o.s.web.client.RestTemplate              : Response 200 OK
2026-04-04T13:04:11.322+05:30 DEBUG 4224 --- [CartOrderService] [DiscoveryClient-CacheRefreshExecutor-0] [                                                 ] o.s.web.client.RestTemplate              : HTTP GET http://localhost:8761/eureka/apps/delta
2026-04-04T13:04:11.480+05:30 DEBUG 4224 --- [CartOrderService] [DiscoveryClient-CacheRefreshExecutor-0] [                                                 ] o.s.web.client.RestTemplate              : Accept=[application/json, application/*+json]
2026-04-04T13:04:11.490+05:30 DEBUG 4224 --- [CartOrderService] [DiscoveryClient-CacheRefreshExecutor-0] [                                                 ] o.s.web.client.RestTemplate              : Response 200 OK
2026-04-04T13:04:11.491+05:30 DEBUG 4224 --- [CartOrderService] [DiscoveryClient-CacheRefreshExecutor-0] [                                                 ] o.s.web.client.RestTemplate              : Reading to [org.springframework.cloud.netflix.eureka.http.EurekaApplications]
2026-04-04T13:04:41.114+05:30 DEBUG 4224 --- [CartOrderService] [DiscoveryClient-HeartbeatExecutor-0] [                                                 ] o.s.web.client.RestTemplate              : HTTP PUT http://localhost:8761/eureka/apps/CARTORDERSERVICE/DESKTOP-ECRRR37.mshome.net:CartOrderService:8083?status=UP&lastDirtyTimestamp=1775285265677
2026-04-04T13:04:41.115+05:30 DEBUG 4224 --- [CartOrderService] [DiscoveryClient-HeartbeatExecutor-0] [                                                 ] o.s.web.client.RestTemplate              : Accept=[application/json, application/*+json]
2026-04-04T13:04:41.134+05:30 DEBUG 4224 --- [CartOrderService] [DiscoveryClient-HeartbeatExecutor-0] [                                                 ] o.s.web.client.RestTemplate              : Response 200 OK
2026-04-04T13:04:41.500+05:30 DEBUG 4224 --- [CartOrderService] [DiscoveryClient-CacheRefreshExecutor-0] [                                                 ] o.s.web.client.RestTemplate              : HTTP GET http://localhost:8761/eureka/apps/delta
2026-04-04T13:04:41.500+05:30 DEBUG 4224 --- [CartOrderService] [DiscoveryClient-CacheRefreshExecutor-0] [                                                 ] o.s.web.client.RestTemplate              : Accept=[application/json, application/*+json]
2026-04-04T13:04:41.513+05:30 DEBUG 4224 --- [CartOrderService] [DiscoveryClient-CacheRefreshExecutor-0] [                                                 ] o.s.web.client.RestTemplate              : Response 200 OK
2026-04-04T13:04:41.518+05:30 DEBUG 4224 --- [CartOrderService] [DiscoveryClient-CacheRefreshExecutor-0] [                                                 ] o.s.web.client.RestTemplate              : Reading to [org.springframework.cloud.netflix.eureka.http.EurekaApplications]
2026-04-04T13:05:11.144+05:30 DEBUG 4224 --- [CartOrderService] [DiscoveryClient-HeartbeatExecutor-0] [                                                 ] o.s.web.client.RestTemplate              : HTTP PUT http://localhost:8761/eureka/apps/CARTORDERSERVICE/DESKTOP-ECRRR37.mshome.net:CartOrderService:8083?status=UP&lastDirtyTimestamp=1775285265677
2026-04-04T13:05:11.144+05:30 DEBUG 4224 --- [CartOrderService] [DiscoveryClient-HeartbeatExecutor-0] [                                                 ] o.s.web.client.RestTemplate              : Accept=[application/json, application/*+json]
2026-04-04T13:05:11.162+05:30 DEBUG 4224 --- [CartOrderService] [DiscoveryClient-HeartbeatExecutor-0] [                                                 ] o.s.web.client.RestTemplate              : Response 200 OK
2026-04-04T13:05:11.534+05:30 DEBUG 4224 --- [CartOrderService] [DiscoveryClient-CacheRefreshExecutor-0] [                                                 ] o.s.web.client.RestTemplate              : HTTP GET http://localhost:8761/eureka/apps/delta
2026-04-04T13:05:11.534+05:30 DEBUG 4224 --- [CartOrderService] [DiscoveryClient-CacheRefreshExecutor-0] [                                                 ] o.s.web.client.RestTemplate              : Accept=[application/json, application/*+json]
2026-04-04T13:05:11.539+05:30 DEBUG 4224 --- [CartOrderService] [DiscoveryClient-CacheRefreshExecutor-0] [                                                 ] o.s.web.client.RestTemplate              : Response 200 OK
2026-04-04T13:05:11.539+05:30 DEBUG 4224 --- [CartOrderService] [DiscoveryClient-CacheRefreshExecutor-0] [                                                 ] o.s.web.client.RestTemplate              : Reading to [org.springframework.cloud.netflix.eureka.http.EurekaApplications]
2026-04-04T13:05:41.167+05:30 DEBUG 4224 --- [CartOrderService] [DiscoveryClient-HeartbeatExecutor-0] [                                                 ] o.s.web.client.RestTemplate              : HTTP PUT http://localhost:8761/eureka/apps/CARTORDERSERVICE/DESKTOP-ECRRR37.mshome.net:CartOrderService:8083?status=UP&lastDirtyTimestamp=1775285265677
2026-04-04T13:05:41.167+05:30 DEBUG 4224 --- [CartOrderService] [DiscoveryClient-HeartbeatExecutor-0] [                                                 ] o.s.web.client.RestTemplate              : Accept=[application/json, application/*+json]
2026-04-04T13:05:41.185+05:30 DEBUG 4224 --- [CartOrderService] [DiscoveryClient-HeartbeatExecutor-0] [                                                 ] o.s.web.client.RestTemplate              : Response 200 OK
2026-04-04T13:05:41.554+05:30 DEBUG 4224 --- [CartOrderService] [DiscoveryClient-CacheRefreshExecutor-0] [                                                 ] o.s.web.client.RestTemplate              : HTTP GET http://localhost:8761/eureka/apps/delta
2026-04-04T13:05:41.555+05:30 DEBUG 4224 --- [CartOrderService] [DiscoveryClient-CacheRefreshExecutor-0] [                                                 ] o.s.web.client.RestTemplate              : Accept=[application/json, application/*+json]
2026-04-04T13:05:41.558+05:30 DEBUG 4224 --- [CartOrderService] [DiscoveryClient-CacheRefreshExecutor-0] [                                                 ] o.s.web.client.RestTemplate              : Response 200 OK
2026-04-04T13:05:41.558+05:30 DEBUG 4224 --- [CartOrderService] [DiscoveryClient-CacheRefreshExecutor-0] [                                                 ] o.s.web.client.RestTemplate              : Reading to [org.springframework.cloud.netflix.eureka.http.EurekaApplications]
2026-04-04T13:06:11.198+05:30 DEBUG 4224 --- [CartOrderService] [DiscoveryClient-HeartbeatExecutor-0] [                                                 ] o.s.web.client.RestTemplate              : HTTP PUT http://localhost:8761/eureka/apps/CARTORDERSERVICE/DESKTOP-ECRRR37.mshome.net:CartOrderService:8083?status=UP&lastDirtyTimestamp=1775285265677
2026-04-04T13:06:11.199+05:30 DEBUG 4224 --- [CartOrderService] [DiscoveryClient-HeartbeatExecutor-0] [                                                 ] o.s.web.client.RestTemplate              : Accept=[application/json, application/*+json]
2026-04-04T13:06:11.216+05:30 DEBUG 4224 --- [CartOrderService] [DiscoveryClient-HeartbeatExecutor-0] [                                                 ] o.s.web.client.RestTemplate              : Response 200 OK
2026-04-04T13:06:11.572+05:30 DEBUG 4224 --- [CartOrderService] [DiscoveryClient-CacheRefreshExecutor-0] [                                                 ] o.s.web.client.RestTemplate              : HTTP GET http://localhost:8761/eureka/apps/delta
2026-04-04T13:06:11.572+05:30 DEBUG 4224 --- [CartOrderService] [DiscoveryClient-CacheRefreshExecutor-0] [                                                 ] o.s.web.client.RestTemplate              : Accept=[application/json, application/*+json]
2026-04-04T13:06:11.575+05:30 DEBUG 4224 --- [CartOrderService] [DiscoveryClient-CacheRefreshExecutor-0] [                                                 ] o.s.web.client.RestTemplate              : Response 200 OK
2026-04-04T13:06:11.575+05:30 DEBUG 4224 --- [CartOrderService] [DiscoveryClient-CacheRefreshExecutor-0] [                                                 ] o.s.web.client.RestTemplate              : Reading to [org.springframework.cloud.netflix.eureka.http.EurekaApplications]
2026-04-04T13:06:41.232+05:30 DEBUG 4224 --- [CartOrderService] [DiscoveryClient-HeartbeatExecutor-0] [                                                 ] o.s.web.client.RestTemplate              : HTTP PUT http://localhost:8761/eureka/apps/CARTORDERSERVICE/DESKTOP-ECRRR37.mshome.net:CartOrderService:8083?status=UP&lastDirtyTimestamp=1775285265677
2026-04-04T13:06:41.233+05:30 DEBUG 4224 --- [CartOrderService] [DiscoveryClient-HeartbeatExecutor-0] [                                                 ] o.s.web.client.RestTemplate              : Accept=[application/json, application/*+json]
2026-04-04T13:06:41.263+05:30 DEBUG 4224 --- [CartOrderService] [DiscoveryClient-HeartbeatExecutor-0] [                                                 ] o.s.web.client.RestTemplate              : Response 200 OK
2026-04-04T13:06:41.591+05:30 DEBUG 4224 --- [CartOrderService] [DiscoveryClient-CacheRefreshExecutor-0] [                                                 ] o.s.web.client.RestTemplate              : HTTP GET http://localhost:8761/eureka/apps/delta
2026-04-04T13:06:41.591+05:30 DEBUG 4224 --- [CartOrderService] [DiscoveryClient-CacheRefreshExecutor-0] [                                                 ] o.s.web.client.RestTemplate              : Accept=[application/json, application/*+json]
2026-04-04T13:06:41.593+05:30 DEBUG 4224 --- [CartOrderService] [DiscoveryClient-CacheRefreshExecutor-0] [                                                 ] o.s.web.client.RestTemplate              : Response 200 OK
2026-04-04T13:06:41.594+05:30 DEBUG 4224 --- [CartOrderService] [DiscoveryClient-CacheRefreshExecutor-0] [                                                 ] o.s.web.client.RestTemplate              : Reading to [org.springframework.cloud.netflix.eureka.http.EurekaApplications]
2026-04-04T13:07:11.279+05:30 DEBUG 4224 --- [CartOrderService] [DiscoveryClient-HeartbeatExecutor-0] [                                                 ] o.s.web.client.RestTemplate              : HTTP PUT http://localhost:8761/eureka/apps/CARTORDERSERVICE/DESKTOP-ECRRR37.mshome.net:CartOrderService:8083?status=UP&lastDirtyTimestamp=1775285265677
2026-04-04T13:07:11.279+05:30 DEBUG 4224 --- [CartOrderService] [DiscoveryClient-HeartbeatExecutor-0] [                                                 ] o.s.web.client.RestTemplate              : Accept=[application/json, application/*+json]
2026-04-04T13:07:11.295+05:30 DEBUG 4224 --- [CartOrderService] [DiscoveryClient-HeartbeatExecutor-0] [                                                 ] o.s.web.client.RestTemplate              : Response 200 OK
2026-04-04T13:07:11.606+05:30 DEBUG 4224 --- [CartOrderService] [DiscoveryClient-CacheRefreshExecutor-0] [                                                 ] o.s.web.client.RestTemplate              : HTTP GET http://localhost:8761/eureka/apps/delta
2026-04-04T13:07:11.606+05:30 DEBUG 4224 --- [CartOrderService] [DiscoveryClient-CacheRefreshExecutor-0] [                                                 ] o.s.web.client.RestTemplate              : Accept=[application/json, application/*+json]
2026-04-04T13:07:11.609+05:30 DEBUG 4224 --- [CartOrderService] [DiscoveryClient-CacheRefreshExecutor-0] [                                                 ] o.s.web.client.RestTemplate              : Response 200 OK
2026-04-04T13:07:11.610+05:30 DEBUG 4224 --- [CartOrderService] [DiscoveryClient-CacheRefreshExecutor-0] [                                                 ] o.s.web.client.RestTemplate              : Reading to [org.springframework.cloud.netflix.eureka.http.EurekaApplications]
2026-04-04T13:07:41.298+05:30 DEBUG 4224 --- [CartOrderService] [DiscoveryClient-HeartbeatExecutor-0] [                                                 ] o.s.web.client.RestTemplate              : HTTP PUT http://localhost:8761/eureka/apps/CARTORDERSERVICE/DESKTOP-ECRRR37.mshome.net:CartOrderService:8083?status=UP&lastDirtyTimestamp=1775285265677
2026-04-04T13:07:41.298+05:30 DEBUG 4224 --- [CartOrderService] [DiscoveryClient-HeartbeatExecutor-0] [                                                 ] o.s.web.client.RestTemplate              : Accept=[application/json, application/*+json]
2026-04-04T13:07:41.333+05:30 DEBUG 4224 --- [CartOrderService] [DiscoveryClient-HeartbeatExecutor-0] [                                                 ] o.s.web.client.RestTemplate              : Response 200 OK
2026-04-04T13:07:41.624+05:30 DEBUG 4224 --- [CartOrderService] [DiscoveryClient-CacheRefreshExecutor-0] [                                                 ] o.s.web.client.RestTemplate              : HTTP GET http://localhost:8761/eureka/apps/delta
2026-04-04T13:07:41.624+05:30 DEBUG 4224 --- [CartOrderService] [DiscoveryClient-CacheRefreshExecutor-0] [                                                 ] o.s.web.client.RestTemplate              : Accept=[application/json, application/*+json]
2026-04-04T13:07:41.629+05:30 DEBUG 4224 --- [CartOrderService] [DiscoveryClient-CacheRefreshExecutor-0] [                                                 ] o.s.web.client.RestTemplate              : Response 200 OK
2026-04-04T13:07:41.630+05:30 DEBUG 4224 --- [CartOrderService] [DiscoveryClient-CacheRefreshExecutor-0] [                                                 ] o.s.web.client.RestTemplate              : Reading to [org.springframework.cloud.netflix.eureka.http.EurekaApplications]
2026-04-04T13:07:54.475+05:30  INFO 4224 --- [CartOrderService] [AsyncResolver-bootstrap-executor-0] [                                                 ] c.n.d.s.r.aws.ConfigClusterResolver      : Resolving eureka endpoints via configuration
2026-04-04T13:08:11.340+05:30 DEBUG 4224 --- [CartOrderService] [DiscoveryClient-HeartbeatExecutor-0] [                                                 ] o.s.web.client.RestTemplate              : HTTP PUT http://localhost:8761/eureka/apps/CARTORDERSERVICE/DESKTOP-ECRRR37.mshome.net:CartOrderService:8083?status=UP&lastDirtyTimestamp=1775285265677
2026-04-04T13:08:11.340+05:30 DEBUG 4224 --- [CartOrderService] [DiscoveryClient-HeartbeatExecutor-0] [                                                 ] o.s.web.client.RestTemplate              : Accept=[application/json, application/*+json]
2026-04-04T13:08:11.358+05:30 DEBUG 4224 --- [CartOrderService] [DiscoveryClient-HeartbeatExecutor-0] [                                                 ] o.s.web.client.RestTemplate              : Response 200 OK
2026-04-04T13:08:11.633+05:30 DEBUG 4224 --- [CartOrderService] [DiscoveryClient-CacheRefreshExecutor-0] [                                                 ] o.s.web.client.RestTemplate              : HTTP GET http://localhost:8761/eureka/apps/delta
2026-04-04T13:08:11.634+05:30 DEBUG 4224 --- [CartOrderService] [DiscoveryClient-CacheRefreshExecutor-0] [                                                 ] o.s.web.client.RestTemplate              : Accept=[application/json, application/*+json]
2026-04-04T13:08:11.637+05:30 DEBUG 4224 --- [CartOrderService] [DiscoveryClient-CacheRefreshExecutor-0] [                                                 ] o.s.web.client.RestTemplate              : Response 200 OK
2026-04-04T13:08:11.638+05:30 DEBUG 4224 --- [CartOrderService] [DiscoveryClient-CacheRefreshExecutor-0] [                                                 ] o.s.web.client.RestTemplate              : Reading to [org.springframework.cloud.netflix.eureka.http.EurekaApplications]
2026-04-04T13:08:41.368+05:30 DEBUG 4224 --- [CartOrderService] [DiscoveryClient-HeartbeatExecutor-0] [                                                 ] o.s.web.client.RestTemplate              : HTTP PUT http://localhost:8761/eureka/apps/CARTORDERSERVICE/DESKTOP-ECRRR37.mshome.net:CartOrderService:8083?status=UP&lastDirtyTimestamp=1775285265677
2026-04-04T13:08:41.369+05:30 DEBUG 4224 --- [CartOrderService] [DiscoveryClient-HeartbeatExecutor-0] [                                                 ] o.s.web.client.RestTemplate              : Accept=[application/json, application/*+json]
2026-04-04T13:08:41.385+05:30 DEBUG 4224 --- [CartOrderService] [DiscoveryClient-HeartbeatExecutor-0] [                                                 ] o.s.web.client.RestTemplate              : Response 200 OK
2026-04-04T13:08:41.643+05:30 DEBUG 4224 --- [CartOrderService] [DiscoveryClient-CacheRefreshExecutor-0] [                                                 ] o.s.web.client.RestTemplate              : HTTP GET http://localhost:8761/eureka/apps/delta
2026-04-04T13:08:41.643+05:30 DEBUG 4224 --- [CartOrderService] [DiscoveryClient-CacheRefreshExecutor-0] [                                                 ] o.s.web.client.RestTemplate              : Accept=[application/json, application/*+json]
2026-04-04T13:08:41.647+05:30 DEBUG 4224 --- [CartOrderService] [DiscoveryClient-CacheRefreshExecutor-0] [                                                 ] o.s.web.client.RestTemplate              : Response 200 OK
2026-04-04T13:08:41.649+05:30 DEBUG 4224 --- [CartOrderService] [DiscoveryClient-CacheRefreshExecutor-0] [                                                 ] o.s.web.client.RestTemplate              : Reading to [org.springframework.cloud.netflix.eureka.http.EurekaApplications]
2026-04-04T13:09:11.389+05:30 DEBUG 4224 --- [CartOrderService] [DiscoveryClient-HeartbeatExecutor-0] [                                                 ] o.s.web.client.RestTemplate              : HTTP PUT http://localhost:8761/eureka/apps/CARTORDERSERVICE/DESKTOP-ECRRR37.mshome.net:CartOrderService:8083?status=UP&lastDirtyTimestamp=1775285265677
2026-04-04T13:09:11.390+05:30 DEBUG 4224 --- [CartOrderService] [DiscoveryClient-HeartbeatExecutor-0] [                                                 ] o.s.web.client.RestTemplate              : Accept=[application/json, application/*+json]
2026-04-04T13:09:11.408+05:30 DEBUG 4224 --- [CartOrderService] [DiscoveryClient-HeartbeatExecutor-0] [                                                 ] o.s.web.client.RestTemplate              : Response 200 OK
2026-04-04T13:09:11.664+05:30 DEBUG 4224 --- [CartOrderService] [DiscoveryClient-CacheRefreshExecutor-0] [                                                 ] o.s.web.client.RestTemplate              : HTTP GET http://localhost:8761/eureka/apps/delta
2026-04-04T13:09:11.665+05:30 DEBUG 4224 --- [CartOrderService] [DiscoveryClient-CacheRefreshExecutor-0] [                                                 ] o.s.web.client.RestTemplate              : Accept=[application/json, application/*+json]
2026-04-04T13:09:11.669+05:30 DEBUG 4224 --- [CartOrderService] [DiscoveryClient-CacheRefreshExecutor-0] [                                                 ] o.s.web.client.RestTemplate              : Response 200 OK
2026-04-04T13:09:11.670+05:30 DEBUG 4224 --- [CartOrderService] [DiscoveryClient-CacheRefreshExecutor-0] [                                                 ] o.s.web.client.RestTemplate              : Reading to [org.springframework.cloud.netflix.eureka.http.EurekaApplications]
2026-04-04T13:09:41.436+05:30 DEBUG 4224 --- [CartOrderService] [DiscoveryClient-HeartbeatExecutor-0] [                                                 ] o.s.web.client.RestTemplate              : HTTP PUT http://localhost:8761/eureka/apps/CARTORDERSERVICE/DESKTOP-ECRRR37.mshome.net:CartOrderService:8083?status=UP&lastDirtyTimestamp=1775285265677
2026-04-04T13:09:41.446+05:30 DEBUG 4224 --- [CartOrderService] [DiscoveryClient-HeartbeatExecutor-0] [                                                 ] o.s.web.client.RestTemplate              : Accept=[application/json, application/*+json]
2026-04-04T13:09:41.471+05:30 DEBUG 4224 --- [CartOrderService] [DiscoveryClient-HeartbeatExecutor-0] [                                                 ] o.s.web.client.RestTemplate              : Response 200 OK
2026-04-04T13:09:41.692+05:30 DEBUG 4224 --- [CartOrderService] [DiscoveryClient-CacheRefreshExecutor-0] [                                                 ] o.s.web.client.RestTemplate              : HTTP GET http://localhost:8761/eureka/apps/delta
2026-04-04T13:09:41.692+05:30 DEBUG 4224 --- [CartOrderService] [DiscoveryClient-CacheRefreshExecutor-0] [                                                 ] o.s.web.client.RestTemplate              : Accept=[application/json, application/*+json]
2026-04-04T13:09:41.752+05:30 DEBUG 4224 --- [CartOrderService] [DiscoveryClient-CacheRefreshExecutor-0] [                                                 ] o.s.web.client.RestTemplate              : Response 200 OK
2026-04-04T13:09:42.019+05:30 DEBUG 4224 --- [CartOrderService] [DiscoveryClient-CacheRefreshExecutor-0] [                                                 ] o.s.web.client.RestTemplate              : Reading to [org.springframework.cloud.netflix.eureka.http.EurekaApplications]
2026-04-04T13:10:11.591+05:30 DEBUG 4224 --- [CartOrderService] [DiscoveryClient-HeartbeatExecutor-0] [                                                 ] o.s.web.client.RestTemplate              : HTTP PUT http://localhost:8761/eureka/apps/CARTORDERSERVICE/DESKTOP-ECRRR37.mshome.net:CartOrderService:8083?status=UP&lastDirtyTimestamp=1775285265677
2026-04-04T13:10:11.760+05:30 DEBUG 4224 --- [CartOrderService] [DiscoveryClient-HeartbeatExecutor-0] [                                                 ] o.s.web.client.RestTemplate              : Accept=[application/json, application/*+json]
2026-04-04T13:10:12.042+05:30 DEBUG 4224 --- [CartOrderService] [DiscoveryClient-CacheRefreshExecutor-0] [                                                 ] o.s.web.client.RestTemplate              : HTTP GET http://localhost:8761/eureka/apps/delta
2026-04-04T13:10:12.345+05:30 DEBUG 4224 --- [CartOrderService] [DiscoveryClient-CacheRefreshExecutor-0] [                                                 ] o.s.web.client.RestTemplate              : Accept=[application/json, application/*+json]
2026-04-04T13:10:14.095+05:30 DEBUG 4224 --- [CartOrderService] [DiscoveryClient-HeartbeatExecutor-0] [                                                 ] o.s.web.client.RestTemplate              : Response 200 OK
2026-04-04T13:10:14.264+05:30 DEBUG 4224 --- [CartOrderService] [DiscoveryClient-CacheRefreshExecutor-0] [                                                 ] o.s.web.client.RestTemplate              : Response 200 OK
2026-04-04T13:10:14.273+05:30 DEBUG 4224 --- [CartOrderService] [DiscoveryClient-CacheRefreshExecutor-0] [                                                 ] o.s.web.client.RestTemplate              : Reading to [org.springframework.cloud.netflix.eureka.http.EurekaApplications]
2026-04-04T13:10:44.130+05:30 DEBUG 4224 --- [CartOrderService] [DiscoveryClient-HeartbeatExecutor-0] [                                                 ] o.s.web.client.RestTemplate              : HTTP PUT http://localhost:8761/eureka/apps/CARTORDERSERVICE/DESKTOP-ECRRR37.mshome.net:CartOrderService:8083?status=UP&lastDirtyTimestamp=1775285265677
2026-04-04T13:10:44.417+05:30 DEBUG 4224 --- [CartOrderService] [DiscoveryClient-CacheRefreshExecutor-0] [                                                 ] o.s.web.client.RestTemplate              : HTTP GET http://localhost:8761/eureka/apps/delta
2026-04-04T13:10:44.418+05:30 DEBUG 4224 --- [CartOrderService] [DiscoveryClient-CacheRefreshExecutor-0] [                                                 ] o.s.web.client.RestTemplate              : Accept=[application/json, application/*+json]
2026-04-04T13:10:44.491+05:30 DEBUG 4224 --- [CartOrderService] [DiscoveryClient-CacheRefreshExecutor-0] [                                                 ] o.s.web.client.RestTemplate              : Response 200 OK
2026-04-04T13:10:44.546+05:30 DEBUG 4224 --- [CartOrderService] [DiscoveryClient-CacheRefreshExecutor-0] [                                                 ] o.s.web.client.RestTemplate              : Reading to [org.springframework.cloud.netflix.eureka.http.EurekaApplications]
2026-04-04T13:10:46.380+05:30 DEBUG 4224 --- [CartOrderService] [DiscoveryClient-HeartbeatExecutor-0] [                                                 ] o.s.web.client.RestTemplate              : Accept=[application/json, application/*+json]
2026-04-04T13:10:46.638+05:30 DEBUG 4224 --- [CartOrderService] [DiscoveryClient-HeartbeatExecutor-0] [                                                 ] o.s.web.client.RestTemplate              : Response 200 OK
2026-04-04T13:11:14.562+05:30 DEBUG 4224 --- [CartOrderService] [DiscoveryClient-CacheRefreshExecutor-0] [                                                 ] o.s.web.client.RestTemplate              : HTTP GET http://localhost:8761/eureka/apps/delta
2026-04-04T13:11:14.563+05:30 DEBUG 4224 --- [CartOrderService] [DiscoveryClient-CacheRefreshExecutor-0] [                                                 ] o.s.web.client.RestTemplate              : Accept=[application/json, application/*+json]
2026-04-04T13:11:14.580+05:30 DEBUG 4224 --- [CartOrderService] [DiscoveryClient-CacheRefreshExecutor-0] [                                                 ] o.s.web.client.RestTemplate              : Response 200 OK
2026-04-04T13:11:14.584+05:30 DEBUG 4224 --- [CartOrderService] [DiscoveryClient-CacheRefreshExecutor-0] [                                                 ] o.s.web.client.RestTemplate              : Reading to [org.springframework.cloud.netflix.eureka.http.EurekaApplications]
2026-04-04T13:11:16.646+05:30 DEBUG 4224 --- [CartOrderService] [DiscoveryClient-HeartbeatExecutor-0] [                                                 ] o.s.web.client.RestTemplate              : HTTP PUT http://localhost:8761/eureka/apps/CARTORDERSERVICE/DESKTOP-ECRRR37.mshome.net:CartOrderService:8083?status=UP&lastDirtyTimestamp=1775285265677
2026-04-04T13:11:16.646+05:30 DEBUG 4224 --- [CartOrderService] [DiscoveryClient-HeartbeatExecutor-0] [                                                 ] o.s.web.client.RestTemplate              : Accept=[application/json, application/*+json]
2026-04-04T13:11:16.664+05:30 DEBUG 4224 --- [CartOrderService] [DiscoveryClient-HeartbeatExecutor-0] [                                                 ] o.s.web.client.RestTemplate              : Response 200 OK
2026-04-04T13:11:44.597+05:30 DEBUG 4224 --- [CartOrderService] [DiscoveryClient-CacheRefreshExecutor-0] [                                                 ] o.s.web.client.RestTemplate              : HTTP GET http://localhost:8761/eureka/apps/delta
2026-04-04T13:11:44.597+05:30 DEBUG 4224 --- [CartOrderService] [DiscoveryClient-CacheRefreshExecutor-0] [                                                 ] o.s.web.client.RestTemplate              : Accept=[application/json, application/*+json]
2026-04-04T13:11:44.621+05:30 DEBUG 4224 --- [CartOrderService] [DiscoveryClient-CacheRefreshExecutor-0] [                                                 ] o.s.web.client.RestTemplate              : Response 200 OK
2026-04-04T13:11:44.622+05:30 DEBUG 4224 --- [CartOrderService] [DiscoveryClient-CacheRefreshExecutor-0] [                                                 ] o.s.web.client.RestTemplate              : Reading to [org.springframework.cloud.netflix.eureka.http.EurekaApplications]
2026-04-04T13:11:47.037+05:30 DEBUG 4224 --- [CartOrderService] [DiscoveryClient-HeartbeatExecutor-0] [                                                 ] o.s.web.client.RestTemplate              : HTTP PUT http://localhost:8761/eureka/apps/CARTORDERSERVICE/DESKTOP-ECRRR37.mshome.net:CartOrderService:8083?status=UP&lastDirtyTimestamp=1775285265677
2026-04-04T13:11:47.192+05:30 DEBUG 4224 --- [CartOrderService] [DiscoveryClient-HeartbeatExecutor-0] [                                                 ] o.s.web.client.RestTemplate              : Accept=[application/json, application/*+json]
2026-04-04T13:11:47.205+05:30 DEBUG 4224 --- [CartOrderService] [DiscoveryClient-HeartbeatExecutor-0] [                                                 ] o.s.web.client.RestTemplate              : Response 200 OK
2026-04-04T13:12:14.627+05:30 DEBUG 4224 --- [CartOrderService] [DiscoveryClient-CacheRefreshExecutor-0] [                                                 ] o.s.web.client.RestTemplate              : HTTP GET http://localhost:8761/eureka/apps/delta
2026-04-04T13:12:14.627+05:30 DEBUG 4224 --- [CartOrderService] [DiscoveryClient-CacheRefreshExecutor-0] [                                                 ] o.s.web.client.RestTemplate              : Accept=[application/json, application/*+json]
2026-04-04T13:12:14.661+05:30 DEBUG 4224 --- [CartOrderService] [DiscoveryClient-CacheRefreshExecutor-0] [                                                 ] o.s.web.client.RestTemplate              : Response 200 OK
2026-04-04T13:12:14.661+05:30 DEBUG 4224 --- [CartOrderService] [DiscoveryClient-CacheRefreshExecutor-0] [                                                 ] o.s.web.client.RestTemplate              : Reading to [org.springframework.cloud.netflix.eureka.http.EurekaApplications]
2026-04-04T13:12:17.210+05:30 DEBUG 4224 --- [CartOrderService] [DiscoveryClient-HeartbeatExecutor-0] [                                                 ] o.s.web.client.RestTemplate              : HTTP PUT http://localhost:8761/eureka/apps/CARTORDERSERVICE/DESKTOP-ECRRR37.mshome.net:CartOrderService:8083?status=UP&lastDirtyTimestamp=1775285265677
2026-04-04T13:12:17.211+05:30 DEBUG 4224 --- [CartOrderService] [DiscoveryClient-HeartbeatExecutor-0] [                                                 ] o.s.web.client.RestTemplate              : Accept=[application/json, application/*+json]
2026-04-04T13:12:17.228+05:30 DEBUG 4224 --- [CartOrderService] [DiscoveryClient-HeartbeatExecutor-0] [                                                 ] o.s.web.client.RestTemplate              : Response 200 OK
2026-04-04T13:12:44.678+05:30 DEBUG 4224 --- [CartOrderService] [DiscoveryClient-CacheRefreshExecutor-0] [                                                 ] o.s.web.client.RestTemplate              : HTTP GET http://localhost:8761/eureka/apps/delta
2026-04-04T13:12:44.679+05:30 DEBUG 4224 --- [CartOrderService] [DiscoveryClient-CacheRefreshExecutor-0] [                                                 ] o.s.web.client.RestTemplate              : Accept=[application/json, application/*+json]
2026-04-04T13:12:44.697+05:30 DEBUG 4224 --- [CartOrderService] [DiscoveryClient-CacheRefreshExecutor-0] [                                                 ] o.s.web.client.RestTemplate              : Response 200 OK
2026-04-04T13:12:44.697+05:30 DEBUG 4224 --- [CartOrderService] [DiscoveryClient-CacheRefreshExecutor-0] [                                                 ] o.s.web.client.RestTemplate              : Reading to [org.springframework.cloud.netflix.eureka.http.EurekaApplications]
2026-04-04T13:12:47.241+05:30 DEBUG 4224 --- [CartOrderService] [DiscoveryClient-HeartbeatExecutor-0] [                                                 ] o.s.web.client.RestTemplate              : HTTP PUT http://localhost:8761/eureka/apps/CARTORDERSERVICE/DESKTOP-ECRRR37.mshome.net:CartOrderService:8083?status=UP&lastDirtyTimestamp=1775285265677
2026-04-04T13:12:47.241+05:30 DEBUG 4224 --- [CartOrderService] [DiscoveryClient-HeartbeatExecutor-0] [                                                 ] o.s.web.client.RestTemplate              : Accept=[application/json, application/*+json]
2026-04-04T13:12:47.259+05:30 DEBUG 4224 --- [CartOrderService] [DiscoveryClient-HeartbeatExecutor-0] [                                                 ] o.s.web.client.RestTemplate              : Response 200 OK
2026-04-04T13:12:55.361+05:30  INFO 4224 --- [CartOrderService] [AsyncResolver-bootstrap-executor-0] [                                                 ] c.n.d.s.r.aws.ConfigClusterResolver      : Resolving eureka endpoints via configuration
2026-04-04T13:13:14.711+05:30 DEBUG 4224 --- [CartOrderService] [DiscoveryClient-CacheRefreshExecutor-0] [                                                 ] o.s.web.client.RestTemplate              : HTTP GET http://localhost:8761/eureka/apps/delta
2026-04-04T13:13:14.711+05:30 DEBUG 4224 --- [CartOrderService] [DiscoveryClient-CacheRefreshExecutor-0] [                                                 ] o.s.web.client.RestTemplate              : Accept=[application/json, application/*+json]
2026-04-04T13:13:14.741+05:30 DEBUG 4224 --- [CartOrderService] [DiscoveryClient-CacheRefreshExecutor-0] [                                                 ] o.s.web.client.RestTemplate              : Response 200 OK
2026-04-04T13:13:14.742+05:30 DEBUG 4224 --- [CartOrderService] [DiscoveryClient-CacheRefreshExecutor-0] [                                                 ] o.s.web.client.RestTemplate              : Reading to [org.springframework.cloud.netflix.eureka.http.EurekaApplications]
2026-04-04T13:13:17.270+05:30 DEBUG 4224 --- [CartOrderService] [DiscoveryClient-HeartbeatExecutor-0] [                                                 ] o.s.web.client.RestTemplate              : HTTP PUT http://localhost:8761/eureka/apps/CARTORDERSERVICE/DESKTOP-ECRRR37.mshome.net:CartOrderService:8083?status=UP&lastDirtyTimestamp=1775285265677
2026-04-04T13:13:17.270+05:30 DEBUG 4224 --- [CartOrderService] [DiscoveryClient-HeartbeatExecutor-0] [                                                 ] o.s.web.client.RestTemplate              : Accept=[application/json, application/*+json]
2026-04-04T13:13:17.290+05:30 DEBUG 4224 --- [CartOrderService] [DiscoveryClient-HeartbeatExecutor-0] [                                                 ] o.s.web.client.RestTemplate              : Response 200 OK
2026-04-04T13:13:44.752+05:30 DEBUG 4224 --- [CartOrderService] [DiscoveryClient-CacheRefreshExecutor-0] [                                                 ] o.s.web.client.RestTemplate              : HTTP GET http://localhost:8761/eureka/apps/delta
2026-04-04T13:13:44.752+05:30 DEBUG 4224 --- [CartOrderService] [DiscoveryClient-CacheRefreshExecutor-0] [                                                 ] o.s.web.client.RestTemplate              : Accept=[application/json, application/*+json]
2026-04-04T13:13:44.941+05:30 DEBUG 4224 --- [CartOrderService] [DiscoveryClient-CacheRefreshExecutor-0] [                                                 ] o.s.web.client.RestTemplate              : Response 200 OK
2026-04-04T13:13:44.941+05:30 DEBUG 4224 --- [CartOrderService] [DiscoveryClient-CacheRefreshExecutor-0] [                                                 ] o.s.web.client.RestTemplate              : Reading to [org.springframework.cloud.netflix.eureka.http.EurekaApplications]
2026-04-04T13:13:47.301+05:30 DEBUG 4224 --- [CartOrderService] [DiscoveryClient-HeartbeatExecutor-0] [                                                 ] o.s.web.client.RestTemplate              : HTTP PUT http://localhost:8761/eureka/apps/CARTORDERSERVICE/DESKTOP-ECRRR37.mshome.net:CartOrderService:8083?status=UP&lastDirtyTimestamp=1775285265677
2026-04-04T13:13:47.302+05:30 DEBUG 4224 --- [CartOrderService] [DiscoveryClient-HeartbeatExecutor-0] [                                                 ] o.s.web.client.RestTemplate              : Accept=[application/json, application/*+json]
2026-04-04T13:13:47.321+05:30 DEBUG 4224 --- [CartOrderService] [DiscoveryClient-HeartbeatExecutor-0] [                                                 ] o.s.web.client.RestTemplate              : Response 200 OK
2026-04-04T13:14:14.957+05:30 DEBUG 4224 --- [CartOrderService] [DiscoveryClient-CacheRefreshExecutor-0] [                                                 ] o.s.web.client.RestTemplate              : HTTP GET http://localhost:8761/eureka/apps/delta
2026-04-04T13:14:14.958+05:30 DEBUG 4224 --- [CartOrderService] [DiscoveryClient-CacheRefreshExecutor-0] [                                                 ] o.s.web.client.RestTemplate              : Accept=[application/json, application/*+json]
2026-04-04T13:14:15.426+05:30 DEBUG 4224 --- [CartOrderService] [DiscoveryClient-CacheRefreshExecutor-0] [                                                 ] o.s.web.client.RestTemplate              : Response 200 OK
2026-04-04T13:14:15.450+05:30 DEBUG 4224 --- [CartOrderService] [DiscoveryClient-CacheRefreshExecutor-0] [                                                 ] o.s.web.client.RestTemplate              : Reading to [org.springframework.cloud.netflix.eureka.http.EurekaApplications]
2026-04-04T13:14:17.386+05:30 DEBUG 4224 --- [CartOrderService] [DiscoveryClient-HeartbeatExecutor-0] [                                                 ] o.s.web.client.RestTemplate              : HTTP PUT http://localhost:8761/eureka/apps/CARTORDERSERVICE/DESKTOP-ECRRR37.mshome.net:CartOrderService:8083?status=UP&lastDirtyTimestamp=1775285265677
2026-04-04T13:14:17.386+05:30 DEBUG 4224 --- [CartOrderService] [DiscoveryClient-HeartbeatExecutor-0] [                                                 ] o.s.web.client.RestTemplate              : Accept=[application/json, application/*+json]
2026-04-04T13:14:17.445+05:30 DEBUG 4224 --- [CartOrderService] [DiscoveryClient-HeartbeatExecutor-0] [                                                 ] o.s.web.client.RestTemplate              : Response 200 OK
2026-04-04T13:14:45.463+05:30 DEBUG 4224 --- [CartOrderService] [DiscoveryClient-CacheRefreshExecutor-0] [                                                 ] o.s.web.client.RestTemplate              : HTTP GET http://localhost:8761/eureka/apps/delta
2026-04-04T13:14:45.463+05:30 DEBUG 4224 --- [CartOrderService] [DiscoveryClient-CacheRefreshExecutor-0] [                                                 ] o.s.web.client.RestTemplate              : Accept=[application/json, application/*+json]
2026-04-04T13:14:45.511+05:30 DEBUG 4224 --- [CartOrderService] [DiscoveryClient-CacheRefreshExecutor-0] [                                                 ] o.s.web.client.RestTemplate              : Response 200 OK
2026-04-04T13:14:45.511+05:30 DEBUG 4224 --- [CartOrderService] [DiscoveryClient-CacheRefreshExecutor-0] [                                                 ] o.s.web.client.RestTemplate              : Reading to [org.springframework.cloud.netflix.eureka.http.EurekaApplications]
2026-04-04T13:14:47.454+05:30 DEBUG 4224 --- [CartOrderService] [DiscoveryClient-HeartbeatExecutor-0] [                                                 ] o.s.web.client.RestTemplate              : HTTP PUT http://localhost:8761/eureka/apps/CARTORDERSERVICE/DESKTOP-ECRRR37.mshome.net:CartOrderService:8083?status=UP&lastDirtyTimestamp=1775285265677
2026-04-04T13:14:47.454+05:30 DEBUG 4224 --- [CartOrderService] [DiscoveryClient-HeartbeatExecutor-0] [                                                 ] o.s.web.client.RestTemplate              : Accept=[application/json, application/*+json]
2026-04-04T13:14:47.457+05:30 DEBUG 4224 --- [CartOrderService] [DiscoveryClient-HeartbeatExecutor-0] [                                                 ] o.s.web.client.RestTemplate              : Response 200 OK
2026-04-04T13:15:15.547+05:30 DEBUG 4224 --- [CartOrderService] [DiscoveryClient-CacheRefreshExecutor-0] [                                                 ] o.s.web.client.RestTemplate              : HTTP GET http://localhost:8761/eureka/apps/delta
2026-04-04T13:15:15.547+05:30 DEBUG 4224 --- [CartOrderService] [DiscoveryClient-CacheRefreshExecutor-0] [                                                 ] o.s.web.client.RestTemplate              : Accept=[application/json, application/*+json]
2026-04-04T13:15:15.568+05:30 DEBUG 4224 --- [CartOrderService] [DiscoveryClient-CacheRefreshExecutor-0] [                                                 ] o.s.web.client.RestTemplate              : Response 200 OK
2026-04-04T13:15:15.569+05:30 DEBUG 4224 --- [CartOrderService] [DiscoveryClient-CacheRefreshExecutor-0] [                                                 ] o.s.web.client.RestTemplate              : Reading to [org.springframework.cloud.netflix.eureka.http.EurekaApplications]
2026-04-04T13:15:17.473+05:30 DEBUG 4224 --- [CartOrderService] [DiscoveryClient-HeartbeatExecutor-0] [                                                 ] o.s.web.client.RestTemplate              : HTTP PUT http://localhost:8761/eureka/apps/CARTORDERSERVICE/DESKTOP-ECRRR37.mshome.net:CartOrderService:8083?status=UP&lastDirtyTimestamp=1775285265677
2026-04-04T13:15:17.473+05:30 DEBUG 4224 --- [CartOrderService] [DiscoveryClient-HeartbeatExecutor-0] [                                                 ] o.s.web.client.RestTemplate              : Accept=[application/json, application/*+json]
2026-04-04T13:15:17.529+05:30 DEBUG 4224 --- [CartOrderService] [DiscoveryClient-HeartbeatExecutor-0] [                                                 ] o.s.web.client.RestTemplate              : Response 200 OK
2026-04-04T13:15:45.573+05:30 DEBUG 4224 --- [CartOrderService] [DiscoveryClient-CacheRefreshExecutor-0] [                                                 ] o.s.web.client.RestTemplate              : HTTP GET http://localhost:8761/eureka/apps/delta
2026-04-04T13:15:45.573+05:30 DEBUG 4224 --- [CartOrderService] [DiscoveryClient-CacheRefreshExecutor-0] [                                                 ] o.s.web.client.RestTemplate              : Accept=[application/json, application/*+json]
2026-04-04T13:15:45.591+05:30 DEBUG 4224 --- [CartOrderService] [DiscoveryClient-CacheRefreshExecutor-0] [                                                 ] o.s.web.client.RestTemplate              : Response 200 OK
2026-04-04T13:15:45.591+05:30 DEBUG 4224 --- [CartOrderService] [DiscoveryClient-CacheRefreshExecutor-0] [                                                 ] o.s.web.client.RestTemplate              : Reading to [org.springframework.cloud.netflix.eureka.http.EurekaApplications]
2026-04-04T13:15:47.543+05:30 DEBUG 4224 --- [CartOrderService] [DiscoveryClient-HeartbeatExecutor-0] [                                                 ] o.s.web.client.RestTemplate              : HTTP PUT http://localhost:8761/eureka/apps/CARTORDERSERVICE/DESKTOP-ECRRR37.mshome.net:CartOrderService:8083?status=UP&lastDirtyTimestamp=1775285265677
2026-04-04T13:15:47.543+05:30 DEBUG 4224 --- [CartOrderService] [DiscoveryClient-HeartbeatExecutor-0] [                                                 ] o.s.web.client.RestTemplate              : Accept=[application/json, application/*+json]
2026-04-04T13:15:47.548+05:30 DEBUG 4224 --- [CartOrderService] [DiscoveryClient-HeartbeatExecutor-0] [                                                 ] o.s.web.client.RestTemplate              : Response 200 OK
2026-04-04T13:16:15.599+05:30 DEBUG 4224 --- [CartOrderService] [DiscoveryClient-CacheRefreshExecutor-0] [                                                 ] o.s.web.client.RestTemplate              : HTTP GET http://localhost:8761/eureka/apps/delta
2026-04-04T13:16:15.599+05:30 DEBUG 4224 --- [CartOrderService] [DiscoveryClient-CacheRefreshExecutor-0] [                                                 ] o.s.web.client.RestTemplate              : Accept=[application/json, application/*+json]
2026-04-04T13:16:15.844+05:30 DEBUG 4224 --- [CartOrderService] [DiscoveryClient-CacheRefreshExecutor-0] [                                                 ] o.s.web.client.RestTemplate              : Response 200 OK
2026-04-04T13:16:15.844+05:30 DEBUG 4224 --- [CartOrderService] [DiscoveryClient-CacheRefreshExecutor-0] [                                                 ] o.s.web.client.RestTemplate              : Reading to [org.springframework.cloud.netflix.eureka.http.EurekaApplications]
2026-04-04T13:16:17.564+05:30 DEBUG 4224 --- [CartOrderService] [DiscoveryClient-HeartbeatExecutor-0] [                                                 ] o.s.web.client.RestTemplate              : HTTP PUT http://localhost:8761/eureka/apps/CARTORDERSERVICE/DESKTOP-ECRRR37.mshome.net:CartOrderService:8083?status=UP&lastDirtyTimestamp=1775285265677
2026-04-04T13:16:17.655+05:30 DEBUG 4224 --- [CartOrderService] [DiscoveryClient-HeartbeatExecutor-0] [                                                 ] o.s.web.client.RestTemplate              : Accept=[application/json, application/*+json]
2026-04-04T13:16:17.692+05:30 DEBUG 4224 --- [CartOrderService] [DiscoveryClient-HeartbeatExecutor-0] [                                                 ] o.s.web.client.RestTemplate              : Response 200 OK
2026-04-04T13:16:46.992+05:30 DEBUG 4224 --- [CartOrderService] [DiscoveryClient-CacheRefreshExecutor-0] [                                                 ] o.s.web.client.RestTemplate              : HTTP GET http://localhost:8761/eureka/apps/delta
2026-04-04T13:16:46.993+05:30 DEBUG 4224 --- [CartOrderService] [DiscoveryClient-CacheRefreshExecutor-0] [                                                 ] o.s.web.client.RestTemplate              : Accept=[application/json, application/*+json]
2026-04-04T13:16:47.010+05:30 DEBUG 4224 --- [CartOrderService] [DiscoveryClient-CacheRefreshExecutor-0] [                                                 ] o.s.web.client.RestTemplate              : Response 200 OK
2026-04-04T13:16:47.011+05:30 DEBUG 4224 --- [CartOrderService] [DiscoveryClient-CacheRefreshExecutor-0] [                                                 ] o.s.web.client.RestTemplate              : Reading to [org.springframework.cloud.netflix.eureka.http.EurekaApplications]
2026-04-04T13:16:47.697+05:30 DEBUG 4224 --- [CartOrderService] [DiscoveryClient-HeartbeatExecutor-0] [                                                 ] o.s.web.client.RestTemplate              : HTTP PUT http://localhost:8761/eureka/apps/CARTORDERSERVICE/DESKTOP-ECRRR37.mshome.net:CartOrderService:8083?status=UP&lastDirtyTimestamp=1775285265677
2026-04-04T13:16:47.697+05:30 DEBUG 4224 --- [CartOrderService] [DiscoveryClient-HeartbeatExecutor-0] [                                                 ] o.s.web.client.RestTemplate              : Accept=[application/json, application/*+json]
2026-04-04T13:16:47.699+05:30 DEBUG 4224 --- [CartOrderService] [DiscoveryClient-HeartbeatExecutor-0] [                                                 ] o.s.web.client.RestTemplate              : Response 200 OK
2026-04-04T13:17:17.098+05:30 DEBUG 4224 --- [CartOrderService] [DiscoveryClient-CacheRefreshExecutor-0] [                                                 ] o.s.web.client.RestTemplate              : HTTP GET http://localhost:8761/eureka/apps/delta
2026-04-04T13:17:17.098+05:30 DEBUG 4224 --- [CartOrderService] [DiscoveryClient-CacheRefreshExecutor-0] [                                                 ] o.s.web.client.RestTemplate              : Accept=[application/json, application/*+json]
2026-04-04T13:17:17.334+05:30 DEBUG 4224 --- [CartOrderService] [DiscoveryClient-CacheRefreshExecutor-0] [                                                 ] o.s.web.client.RestTemplate              : Response 200 OK
2026-04-04T13:17:17.334+05:30 DEBUG 4224 --- [CartOrderService] [DiscoveryClient-CacheRefreshExecutor-0] [                                                 ] o.s.web.client.RestTemplate              : Reading to [org.springframework.cloud.netflix.eureka.http.EurekaApplications]
2026-04-04T13:17:17.706+05:30 DEBUG 4224 --- [CartOrderService] [DiscoveryClient-HeartbeatExecutor-0] [                                                 ] o.s.web.client.RestTemplate              : HTTP PUT http://localhost:8761/eureka/apps/CARTORDERSERVICE/DESKTOP-ECRRR37.mshome.net:CartOrderService:8083?status=UP&lastDirtyTimestamp=1775285265677
2026-04-04T13:17:17.814+05:30 DEBUG 4224 --- [CartOrderService] [DiscoveryClient-HeartbeatExecutor-0] [                                                 ] o.s.web.client.RestTemplate              : Accept=[application/json, application/*+json]
2026-04-04T13:17:17.817+05:30 DEBUG 4224 --- [CartOrderService] [DiscoveryClient-HeartbeatExecutor-0] [                                                 ] o.s.web.client.RestTemplate              : Response 200 OK
2026-04-04T13:17:47.346+05:30 DEBUG 4224 --- [CartOrderService] [DiscoveryClient-CacheRefreshExecutor-0] [                                                 ] o.s.web.client.RestTemplate              : HTTP GET http://localhost:8761/eureka/apps/delta
2026-04-04T13:17:47.347+05:30 DEBUG 4224 --- [CartOrderService] [DiscoveryClient-CacheRefreshExecutor-0] [                                                 ] o.s.web.client.RestTemplate              : Accept=[application/json, application/*+json]
2026-04-04T13:17:47.378+05:30 DEBUG 4224 --- [CartOrderService] [DiscoveryClient-CacheRefreshExecutor-0] [                                                 ] o.s.web.client.RestTemplate              : Response 200 OK
2026-04-04T13:17:47.420+05:30 DEBUG 4224 --- [CartOrderService] [DiscoveryClient-CacheRefreshExecutor-0] [                                                 ] o.s.web.client.RestTemplate              : Reading to [org.springframework.cloud.netflix.eureka.http.EurekaApplications]
2026-04-04T13:17:47.828+05:30 DEBUG 4224 --- [CartOrderService] [DiscoveryClient-HeartbeatExecutor-0] [                                                 ] o.s.web.client.RestTemplate              : HTTP PUT http://localhost:8761/eureka/apps/CARTORDERSERVICE/DESKTOP-ECRRR37.mshome.net:CartOrderService:8083?status=UP&lastDirtyTimestamp=1775285265677
2026-04-04T13:17:47.828+05:30 DEBUG 4224 --- [CartOrderService] [DiscoveryClient-HeartbeatExecutor-0] [                                                 ] o.s.web.client.RestTemplate              : Accept=[application/json, application/*+json]
2026-04-04T13:17:47.837+05:30 DEBUG 4224 --- [CartOrderService] [DiscoveryClient-HeartbeatExecutor-0] [                                                 ] o.s.web.client.RestTemplate              : Response 200 OK
2026-04-04T13:17:55.440+05:30  INFO 4224 --- [CartOrderService] [AsyncResolver-bootstrap-executor-0] [                                                 ] c.n.d.s.r.aws.ConfigClusterResolver      : Resolving eureka endpoints via configuration
2026-04-04T13:18:17.435+05:30 DEBUG 4224 --- [CartOrderService] [DiscoveryClient-CacheRefreshExecutor-0] [                                                 ] o.s.web.client.RestTemplate              : HTTP GET http://localhost:8761/eureka/apps/delta
2026-04-04T13:18:17.435+05:30 DEBUG 4224 --- [CartOrderService] [DiscoveryClient-CacheRefreshExecutor-0] [                                                 ] o.s.web.client.RestTemplate              : Accept=[application/json, application/*+json]
2026-04-04T13:18:17.451+05:30 DEBUG 4224 --- [CartOrderService] [DiscoveryClient-CacheRefreshExecutor-0] [                                                 ] o.s.web.client.RestTemplate              : Response 200 OK
2026-04-04T13:18:17.452+05:30 DEBUG 4224 --- [CartOrderService] [DiscoveryClient-CacheRefreshExecutor-0] [                                                 ] o.s.web.client.RestTemplate              : Reading to [org.springframework.cloud.netflix.eureka.http.EurekaApplications]
2026-04-04T13:18:17.852+05:30 DEBUG 4224 --- [CartOrderService] [DiscoveryClient-HeartbeatExecutor-0] [                                                 ] o.s.web.client.RestTemplate              : HTTP PUT http://localhost:8761/eureka/apps/CARTORDERSERVICE/DESKTOP-ECRRR37.mshome.net:CartOrderService:8083?status=UP&lastDirtyTimestamp=1775285265677
2026-04-04T13:18:17.853+05:30 DEBUG 4224 --- [CartOrderService] [DiscoveryClient-HeartbeatExecutor-0] [                                                 ] o.s.web.client.RestTemplate              : Accept=[application/json, application/*+json]
2026-04-04T13:18:17.856+05:30 DEBUG 4224 --- [CartOrderService] [DiscoveryClient-HeartbeatExecutor-0] [                                                 ] o.s.web.client.RestTemplate              : Response 200 OK
2026-04-04T13:18:47.454+05:30 DEBUG 4224 --- [CartOrderService] [DiscoveryClient-CacheRefreshExecutor-0] [                                                 ] o.s.web.client.RestTemplate              : HTTP GET http://localhost:8761/eureka/apps/delta
2026-04-04T13:18:47.456+05:30 DEBUG 4224 --- [CartOrderService] [DiscoveryClient-CacheRefreshExecutor-0] [                                                 ] o.s.web.client.RestTemplate              : Accept=[application/json, application/*+json]
2026-04-04T13:18:47.483+05:30 DEBUG 4224 --- [CartOrderService] [DiscoveryClient-CacheRefreshExecutor-0] [                                                 ] o.s.web.client.RestTemplate              : Response 200 OK
2026-04-04T13:18:47.484+05:30 DEBUG 4224 --- [CartOrderService] [DiscoveryClient-CacheRefreshExecutor-0] [                                                 ] o.s.web.client.RestTemplate              : Reading to [org.springframework.cloud.netflix.eureka.http.EurekaApplications]
2026-04-04T13:18:47.869+05:30 DEBUG 4224 --- [CartOrderService] [DiscoveryClient-HeartbeatExecutor-0] [                                                 ] o.s.web.client.RestTemplate              : HTTP PUT http://localhost:8761/eureka/apps/CARTORDERSERVICE/DESKTOP-ECRRR37.mshome.net:CartOrderService:8083?status=UP&lastDirtyTimestamp=1775285265677
2026-04-04T13:18:47.869+05:30 DEBUG 4224 --- [CartOrderService] [DiscoveryClient-HeartbeatExecutor-0] [                                                 ] o.s.web.client.RestTemplate              : Accept=[application/json, application/*+json]
2026-04-04T13:18:47.876+05:30 DEBUG 4224 --- [CartOrderService] [DiscoveryClient-HeartbeatExecutor-0] [                                                 ] o.s.web.client.RestTemplate              : Response 200 OK
2026-04-04T13:19:17.502+05:30 DEBUG 4224 --- [CartOrderService] [DiscoveryClient-CacheRefreshExecutor-0] [                                                 ] o.s.web.client.RestTemplate              : HTTP GET http://localhost:8761/eureka/apps/delta
2026-04-04T13:19:17.502+05:30 DEBUG 4224 --- [CartOrderService] [DiscoveryClient-CacheRefreshExecutor-0] [                                                 ] o.s.web.client.RestTemplate              : Accept=[application/json, application/*+json]
2026-04-04T13:19:17.519+05:30 DEBUG 4224 --- [CartOrderService] [DiscoveryClient-CacheRefreshExecutor-0] [                                                 ] o.s.web.client.RestTemplate              : Response 200 OK
2026-04-04T13:19:17.519+05:30 DEBUG 4224 --- [CartOrderService] [DiscoveryClient-CacheRefreshExecutor-0] [                                                 ] o.s.web.client.RestTemplate              : Reading to [org.springframework.cloud.netflix.eureka.http.EurekaApplications]
2026-04-04T13:19:17.888+05:30 DEBUG 4224 --- [CartOrderService] [DiscoveryClient-HeartbeatExecutor-0] [                                                 ] o.s.web.client.RestTemplate              : HTTP PUT http://localhost:8761/eureka/apps/CARTORDERSERVICE/DESKTOP-ECRRR37.mshome.net:CartOrderService:8083?status=UP&lastDirtyTimestamp=1775285265677
2026-04-04T13:19:17.888+05:30 DEBUG 4224 --- [CartOrderService] [DiscoveryClient-HeartbeatExecutor-0] [                                                 ] o.s.web.client.RestTemplate              : Accept=[application/json, application/*+json]
2026-04-04T13:19:17.891+05:30 DEBUG 4224 --- [CartOrderService] [DiscoveryClient-HeartbeatExecutor-0] [                                                 ] o.s.web.client.RestTemplate              : Response 200 OK
2026-04-04T13:19:47.527+05:30 DEBUG 4224 --- [CartOrderService] [DiscoveryClient-CacheRefreshExecutor-0] [                                                 ] o.s.web.client.RestTemplate              : HTTP GET http://localhost:8761/eureka/apps/delta
2026-04-04T13:19:47.528+05:30 DEBUG 4224 --- [CartOrderService] [DiscoveryClient-CacheRefreshExecutor-0] [                                                 ] o.s.web.client.RestTemplate              : Accept=[application/json, application/*+json]
2026-04-04T13:19:47.545+05:30 DEBUG 4224 --- [CartOrderService] [DiscoveryClient-CacheRefreshExecutor-0] [                                                 ] o.s.web.client.RestTemplate              : Response 200 OK
2026-04-04T13:19:47.546+05:30 DEBUG 4224 --- [CartOrderService] [DiscoveryClient-CacheRefreshExecutor-0] [                                                 ] o.s.web.client.RestTemplate              : Reading to [org.springframework.cloud.netflix.eureka.http.EurekaApplications]
2026-04-04T13:19:47.901+05:30 DEBUG 4224 --- [CartOrderService] [DiscoveryClient-HeartbeatExecutor-0] [                                                 ] o.s.web.client.RestTemplate              : HTTP PUT http://localhost:8761/eureka/apps/CARTORDERSERVICE/DESKTOP-ECRRR37.mshome.net:CartOrderService:8083?status=UP&lastDirtyTimestamp=1775285265677
2026-04-04T13:19:47.902+05:30 DEBUG 4224 --- [CartOrderService] [DiscoveryClient-HeartbeatExecutor-0] [                                                 ] o.s.web.client.RestTemplate              : Accept=[application/json, application/*+json]
2026-04-04T13:19:47.905+05:30 DEBUG 4224 --- [CartOrderService] [DiscoveryClient-HeartbeatExecutor-0] [                                                 ] o.s.web.client.RestTemplate              : Response 200 OK
2026-04-04T13:20:17.554+05:30 DEBUG 4224 --- [CartOrderService] [DiscoveryClient-CacheRefreshExecutor-0] [                                                 ] o.s.web.client.RestTemplate              : HTTP GET http://localhost:8761/eureka/apps/delta
2026-04-04T13:20:17.554+05:30 DEBUG 4224 --- [CartOrderService] [DiscoveryClient-CacheRefreshExecutor-0] [                                                 ] o.s.web.client.RestTemplate              : Accept=[application/json, application/*+json]
2026-04-04T13:20:17.574+05:30 DEBUG 4224 --- [CartOrderService] [DiscoveryClient-CacheRefreshExecutor-0] [                                                 ] o.s.web.client.RestTemplate              : Response 200 OK
2026-04-04T13:20:17.575+05:30 DEBUG 4224 --- [CartOrderService] [DiscoveryClient-CacheRefreshExecutor-0] [                                                 ] o.s.web.client.RestTemplate              : Reading to [org.springframework.cloud.netflix.eureka.http.EurekaApplications]
2026-04-04T13:20:17.909+05:30 DEBUG 4224 --- [CartOrderService] [DiscoveryClient-HeartbeatExecutor-0] [                                                 ] o.s.web.client.RestTemplate              : HTTP PUT http://localhost:8761/eureka/apps/CARTORDERSERVICE/DESKTOP-ECRRR37.mshome.net:CartOrderService:8083?status=UP&lastDirtyTimestamp=1775285265677
2026-04-04T13:20:17.910+05:30 DEBUG 4224 --- [CartOrderService] [DiscoveryClient-HeartbeatExecutor-0] [                                                 ] o.s.web.client.RestTemplate              : Accept=[application/json, application/*+json]
2026-04-04T13:20:17.912+05:30 DEBUG 4224 --- [CartOrderService] [DiscoveryClient-HeartbeatExecutor-0] [                                                 ] o.s.web.client.RestTemplate              : Response 200 OK
2026-04-04T13:20:47.818+05:30 DEBUG 4224 --- [CartOrderService] [DiscoveryClient-CacheRefreshExecutor-0] [                                                 ] o.s.web.client.RestTemplate              : HTTP GET http://localhost:8761/eureka/apps/delta
2026-04-04T13:20:47.915+05:30 DEBUG 4224 --- [CartOrderService] [DiscoveryClient-HeartbeatExecutor-0] [                                                 ] o.s.web.client.RestTemplate              : HTTP PUT http://localhost:8761/eureka/apps/CARTORDERSERVICE/DESKTOP-ECRRR37.mshome.net:CartOrderService:8083?status=UP&lastDirtyTimestamp=1775285265677
2026-04-04T13:20:47.916+05:30 DEBUG 4224 --- [CartOrderService] [DiscoveryClient-HeartbeatExecutor-0] [                                                 ] o.s.web.client.RestTemplate              : Accept=[application/json, application/*+json]
2026-04-04T13:20:47.933+05:30 DEBUG 4224 --- [CartOrderService] [DiscoveryClient-HeartbeatExecutor-0] [                                                 ] o.s.web.client.RestTemplate              : Response 200 OK
2026-04-04T13:20:47.949+05:30 DEBUG 4224 --- [CartOrderService] [DiscoveryClient-CacheRefreshExecutor-0] [                                                 ] o.s.web.client.RestTemplate              : Accept=[application/json, application/*+json]
2026-04-04T13:20:47.951+05:30 DEBUG 4224 --- [CartOrderService] [DiscoveryClient-CacheRefreshExecutor-0] [                                                 ] o.s.web.client.RestTemplate              : Response 200 OK
2026-04-04T13:20:47.952+05:30 DEBUG 4224 --- [CartOrderService] [DiscoveryClient-CacheRefreshExecutor-0] [                                                 ] o.s.web.client.RestTemplate              : Reading to [org.springframework.cloud.netflix.eureka.http.EurekaApplications]
2026-04-04T13:21:17.939+05:30 DEBUG 4224 --- [CartOrderService] [DiscoveryClient-HeartbeatExecutor-0] [                                                 ] o.s.web.client.RestTemplate              : HTTP PUT http://localhost:8761/eureka/apps/CARTORDERSERVICE/DESKTOP-ECRRR37.mshome.net:CartOrderService:8083?status=UP&lastDirtyTimestamp=1775285265677
2026-04-04T13:21:17.940+05:30 DEBUG 4224 --- [CartOrderService] [DiscoveryClient-HeartbeatExecutor-0] [                                                 ] o.s.web.client.RestTemplate              : Accept=[application/json, application/*+json]
2026-04-04T13:21:17.959+05:30 DEBUG 4224 --- [CartOrderService] [DiscoveryClient-HeartbeatExecutor-0] [                                                 ] o.s.web.client.RestTemplate              : Response 200 OK
2026-04-04T13:21:17.960+05:30 DEBUG 4224 --- [CartOrderService] [DiscoveryClient-CacheRefreshExecutor-0] [                                                 ] o.s.web.client.RestTemplate              : HTTP GET http://localhost:8761/eureka/apps/delta
2026-04-04T13:21:17.960+05:30 DEBUG 4224 --- [CartOrderService] [DiscoveryClient-CacheRefreshExecutor-0] [                                                 ] o.s.web.client.RestTemplate              : Accept=[application/json, application/*+json]
2026-04-04T13:21:17.963+05:30 DEBUG 4224 --- [CartOrderService] [DiscoveryClient-CacheRefreshExecutor-0] [                                                 ] o.s.web.client.RestTemplate              : Response 200 OK
2026-04-04T13:21:17.966+05:30 DEBUG 4224 --- [CartOrderService] [DiscoveryClient-CacheRefreshExecutor-0] [                                                 ] o.s.web.client.RestTemplate              : Reading to [org.springframework.cloud.netflix.eureka.http.EurekaApplications]
2026-04-04T13:21:47.960+05:30 DEBUG 4224 --- [CartOrderService] [DiscoveryClient-HeartbeatExecutor-0] [                                                 ] o.s.web.client.RestTemplate              : HTTP PUT http://localhost:8761/eureka/apps/CARTORDERSERVICE/DESKTOP-ECRRR37.mshome.net:CartOrderService:8083?status=UP&lastDirtyTimestamp=1775285265677
2026-04-04T13:21:47.961+05:30 DEBUG 4224 --- [CartOrderService] [DiscoveryClient-HeartbeatExecutor-0] [                                                 ] o.s.web.client.RestTemplate              : Accept=[application/json, application/*+json]
2026-04-04T13:21:47.975+05:30 DEBUG 4224 --- [CartOrderService] [DiscoveryClient-CacheRefreshExecutor-0] [                                                 ] o.s.web.client.RestTemplate              : HTTP GET http://localhost:8761/eureka/apps/delta
2026-04-04T13:21:47.977+05:30 DEBUG 4224 --- [CartOrderService] [DiscoveryClient-CacheRefreshExecutor-0] [                                                 ] o.s.web.client.RestTemplate              : Accept=[application/json, application/*+json]
2026-04-04T13:21:47.981+05:30 DEBUG 4224 --- [CartOrderService] [DiscoveryClient-HeartbeatExecutor-0] [                                                 ] o.s.web.client.RestTemplate              : Response 200 OK
2026-04-04T13:21:47.992+05:30 DEBUG 4224 --- [CartOrderService] [DiscoveryClient-CacheRefreshExecutor-0] [                                                 ] o.s.web.client.RestTemplate              : Response 200 OK
2026-04-04T13:21:47.993+05:30 DEBUG 4224 --- [CartOrderService] [DiscoveryClient-CacheRefreshExecutor-0] [                                                 ] o.s.web.client.RestTemplate              : Reading to [org.springframework.cloud.netflix.eureka.http.EurekaApplications]
2026-04-04T13:22:17.983+05:30 DEBUG 4224 --- [CartOrderService] [DiscoveryClient-HeartbeatExecutor-0] [                                                 ] o.s.web.client.RestTemplate              : HTTP PUT http://localhost:8761/eureka/apps/CARTORDERSERVICE/DESKTOP-ECRRR37.mshome.net:CartOrderService:8083?status=UP&lastDirtyTimestamp=1775285265677
2026-04-04T13:22:17.984+05:30 DEBUG 4224 --- [CartOrderService] [DiscoveryClient-HeartbeatExecutor-0] [                                                 ] o.s.web.client.RestTemplate              : Accept=[application/json, application/*+json]
2026-04-04T13:22:17.999+05:30 DEBUG 4224 --- [CartOrderService] [DiscoveryClient-CacheRefreshExecutor-0] [                                                 ] o.s.web.client.RestTemplate              : HTTP GET http://localhost:8761/eureka/apps/delta
2026-04-04T13:22:18.000+05:30 DEBUG 4224 --- [CartOrderService] [DiscoveryClient-CacheRefreshExecutor-0] [                                                 ] o.s.web.client.RestTemplate              : Accept=[application/json, application/*+json]
2026-04-04T13:22:18.245+05:30 DEBUG 4224 --- [CartOrderService] [DiscoveryClient-CacheRefreshExecutor-0] [                                                 ] o.s.web.client.RestTemplate              : Response 200 OK
2026-04-04T13:22:18.337+05:30 DEBUG 4224 --- [CartOrderService] [DiscoveryClient-CacheRefreshExecutor-0] [                                                 ] o.s.web.client.RestTemplate              : Reading to [org.springframework.cloud.netflix.eureka.http.EurekaApplications]
2026-04-04T13:22:19.428+05:30 DEBUG 4224 --- [CartOrderService] [DiscoveryClient-HeartbeatExecutor-0] [                                                 ] o.s.web.client.RestTemplate              : Response 200 OK
2026-04-04T13:22:49.435+05:30 DEBUG 4224 --- [CartOrderService] [DiscoveryClient-HeartbeatExecutor-0] [                                                 ] o.s.web.client.RestTemplate              : HTTP PUT http://localhost:8761/eureka/apps/CARTORDERSERVICE/DESKTOP-ECRRR37.mshome.net:CartOrderService:8083?status=UP&lastDirtyTimestamp=1775285265677
2026-04-04T13:22:49.436+05:30 DEBUG 4224 --- [CartOrderService] [DiscoveryClient-HeartbeatExecutor-0] [                                                 ] o.s.web.client.RestTemplate              : Accept=[application/json, application/*+json]
2026-04-04T13:22:49.452+05:30 DEBUG 4224 --- [CartOrderService] [DiscoveryClient-HeartbeatExecutor-0] [                                                 ] o.s.web.client.RestTemplate              : Response 200 OK
2026-04-04T13:22:49.453+05:30 DEBUG 4224 --- [CartOrderService] [DiscoveryClient-CacheRefreshExecutor-0] [                                                 ] o.s.web.client.RestTemplate              : HTTP GET http://localhost:8761/eureka/apps/delta
2026-04-04T13:22:49.453+05:30 DEBUG 4224 --- [CartOrderService] [DiscoveryClient-CacheRefreshExecutor-0] [                                                 ] o.s.web.client.RestTemplate              : Accept=[application/json, application/*+json]
2026-04-04T13:22:49.457+05:30 DEBUG 4224 --- [CartOrderService] [DiscoveryClient-CacheRefreshExecutor-0] [                                                 ] o.s.web.client.RestTemplate              : Response 200 OK
2026-04-04T13:22:49.457+05:30 DEBUG 4224 --- [CartOrderService] [DiscoveryClient-CacheRefreshExecutor-0] [                                                 ] o.s.web.client.RestTemplate              : Reading to [org.springframework.cloud.netflix.eureka.http.EurekaApplications]
2026-04-04T13:22:55.461+05:30  INFO 4224 --- [CartOrderService] [AsyncResolver-bootstrap-executor-0] [                                                 ] c.n.d.s.r.aws.ConfigClusterResolver      : Resolving eureka endpoints via configuration
2026-04-04T13:23:19.471+05:30 DEBUG 4224 --- [CartOrderService] [DiscoveryClient-CacheRefreshExecutor-0] [                                                 ] o.s.web.client.RestTemplate              : HTTP GET http://localhost:8761/eureka/apps/delta
2026-04-04T13:23:19.471+05:30 DEBUG 4224 --- [CartOrderService] [DiscoveryClient-HeartbeatExecutor-0] [                                                 ] o.s.web.client.RestTemplate              : HTTP PUT http://localhost:8761/eureka/apps/CARTORDERSERVICE/DESKTOP-ECRRR37.mshome.net:CartOrderService:8083?status=UP&lastDirtyTimestamp=1775285265677
2026-04-04T13:23:19.473+05:30 DEBUG 4224 --- [CartOrderService] [DiscoveryClient-CacheRefreshExecutor-0] [                                                 ] o.s.web.client.RestTemplate              : Accept=[application/json, application/*+json]
2026-04-04T13:23:19.473+05:30 DEBUG 4224 --- [CartOrderService] [DiscoveryClient-HeartbeatExecutor-0] [                                                 ] o.s.web.client.RestTemplate              : Accept=[application/json, application/*+json]
2026-04-04T13:23:19.491+05:30 DEBUG 4224 --- [CartOrderService] [DiscoveryClient-CacheRefreshExecutor-0] [                                                 ] o.s.web.client.RestTemplate              : Response 200 OK
2026-04-04T13:23:19.494+05:30 DEBUG 4224 --- [CartOrderService] [DiscoveryClient-CacheRefreshExecutor-0] [                                                 ] o.s.web.client.RestTemplate              : Reading to [org.springframework.cloud.netflix.eureka.http.EurekaApplications]
2026-04-04T13:23:19.549+05:30 DEBUG 4224 --- [CartOrderService] [DiscoveryClient-HeartbeatExecutor-0] [                                                 ] o.s.web.client.RestTemplate              : Response 200 OK
2026-04-04T13:23:49.694+05:30 DEBUG 4224 --- [CartOrderService] [DiscoveryClient-CacheRefreshExecutor-0] [                                                 ] o.s.web.client.RestTemplate              : HTTP GET http://localhost:8761/eureka/apps/delta
2026-04-04T13:23:49.770+05:30 DEBUG 4224 --- [CartOrderService] [DiscoveryClient-CacheRefreshExecutor-0] [                                                 ] o.s.web.client.RestTemplate              : Accept=[application/json, application/*+json]
2026-04-04T13:23:49.784+05:30 DEBUG 4224 --- [CartOrderService] [DiscoveryClient-HeartbeatExecutor-0] [                                                 ] o.s.web.client.RestTemplate              : HTTP PUT http://localhost:8761/eureka/apps/CARTORDERSERVICE/DESKTOP-ECRRR37.mshome.net:CartOrderService:8083?status=UP&lastDirtyTimestamp=1775285265677
2026-04-04T13:23:49.784+05:30 DEBUG 4224 --- [CartOrderService] [DiscoveryClient-HeartbeatExecutor-0] [                                                 ] o.s.web.client.RestTemplate              : Accept=[application/json, application/*+json]
2026-04-04T13:23:50.723+05:30 DEBUG 4224 --- [CartOrderService] [DiscoveryClient-CacheRefreshExecutor-0] [                                                 ] o.s.web.client.RestTemplate              : Response 200 OK
2026-04-04T13:23:50.808+05:30 DEBUG 4224 --- [CartOrderService] [DiscoveryClient-CacheRefreshExecutor-0] [                                                 ] o.s.web.client.RestTemplate              : Reading to [org.springframework.cloud.netflix.eureka.http.EurekaApplications]
2026-04-04T13:23:50.900+05:30 DEBUG 4224 --- [CartOrderService] [DiscoveryClient-HeartbeatExecutor-0] [                                                 ] o.s.web.client.RestTemplate              : Response 200 OK
2026-04-04T13:24:20.820+05:30 DEBUG 4224 --- [CartOrderService] [DiscoveryClient-CacheRefreshExecutor-0] [                                                 ] o.s.web.client.RestTemplate              : HTTP GET http://localhost:8761/eureka/apps/delta
2026-04-04T13:24:20.821+05:30 DEBUG 4224 --- [CartOrderService] [DiscoveryClient-CacheRefreshExecutor-0] [                                                 ] o.s.web.client.RestTemplate              : Accept=[application/json, application/*+json]
2026-04-04T13:24:20.838+05:30 DEBUG 4224 --- [CartOrderService] [DiscoveryClient-CacheRefreshExecutor-0] [                                                 ] o.s.web.client.RestTemplate              : Response 200 OK
2026-04-04T13:24:20.839+05:30 DEBUG 4224 --- [CartOrderService] [DiscoveryClient-CacheRefreshExecutor-0] [                                                 ] o.s.web.client.RestTemplate              : Reading to [org.springframework.cloud.netflix.eureka.http.EurekaApplications]
2026-04-04T13:24:20.913+05:30 DEBUG 4224 --- [CartOrderService] [DiscoveryClient-HeartbeatExecutor-0] [                                                 ] o.s.web.client.RestTemplate              : HTTP PUT http://localhost:8761/eureka/apps/CARTORDERSERVICE/DESKTOP-ECRRR37.mshome.net:CartOrderService:8083?status=UP&lastDirtyTimestamp=1775285265677
2026-04-04T13:24:20.913+05:30 DEBUG 4224 --- [CartOrderService] [DiscoveryClient-HeartbeatExecutor-0] [                                                 ] o.s.web.client.RestTemplate              : Accept=[application/json, application/*+json]
2026-04-04T13:24:20.918+05:30 DEBUG 4224 --- [CartOrderService] [DiscoveryClient-HeartbeatExecutor-0] [                                                 ] o.s.web.client.RestTemplate              : Response 200 OK
2026-04-04T13:24:50.849+05:30 DEBUG 4224 --- [CartOrderService] [DiscoveryClient-CacheRefreshExecutor-0] [                                                 ] o.s.web.client.RestTemplate              : HTTP GET http://localhost:8761/eureka/apps/delta
2026-04-04T13:24:50.849+05:30 DEBUG 4224 --- [CartOrderService] [DiscoveryClient-CacheRefreshExecutor-0] [                                                 ] o.s.web.client.RestTemplate              : Accept=[application/json, application/*+json]
2026-04-04T13:24:50.867+05:30 DEBUG 4224 --- [CartOrderService] [DiscoveryClient-CacheRefreshExecutor-0] [                                                 ] o.s.web.client.RestTemplate              : Response 200 OK
2026-04-04T13:24:50.868+05:30 DEBUG 4224 --- [CartOrderService] [DiscoveryClient-CacheRefreshExecutor-0] [                                                 ] o.s.web.client.RestTemplate              : Reading to [org.springframework.cloud.netflix.eureka.http.EurekaApplications]
2026-04-04T13:24:50.927+05:30 DEBUG 4224 --- [CartOrderService] [DiscoveryClient-HeartbeatExecutor-0] [                                                 ] o.s.web.client.RestTemplate              : HTTP PUT http://localhost:8761/eureka/apps/CARTORDERSERVICE/DESKTOP-ECRRR37.mshome.net:CartOrderService:8083?status=UP&lastDirtyTimestamp=1775285265677
2026-04-04T13:24:50.928+05:30 DEBUG 4224 --- [CartOrderService] [DiscoveryClient-HeartbeatExecutor-0] [                                                 ] o.s.web.client.RestTemplate              : Accept=[application/json, application/*+json]
2026-04-04T13:24:50.932+05:30 DEBUG 4224 --- [CartOrderService] [DiscoveryClient-HeartbeatExecutor-0] [                                                 ] o.s.web.client.RestTemplate              : Response 200 OK
2026-04-04T13:25:20.883+05:30 DEBUG 4224 --- [CartOrderService] [DiscoveryClient-CacheRefreshExecutor-0] [                                                 ] o.s.web.client.RestTemplate              : HTTP GET http://localhost:8761/eureka/apps/delta
2026-04-04T13:25:20.884+05:30 DEBUG 4224 --- [CartOrderService] [DiscoveryClient-CacheRefreshExecutor-0] [                                                 ] o.s.web.client.RestTemplate              : Accept=[application/json, application/*+json]
2026-04-04T13:25:20.901+05:30 DEBUG 4224 --- [CartOrderService] [DiscoveryClient-CacheRefreshExecutor-0] [                                                 ] o.s.web.client.RestTemplate              : Response 200 OK
2026-04-04T13:25:20.902+05:30 DEBUG 4224 --- [CartOrderService] [DiscoveryClient-CacheRefreshExecutor-0] [                                                 ] o.s.web.client.RestTemplate              : Reading to [org.springframework.cloud.netflix.eureka.http.EurekaApplications]
2026-04-04T13:25:20.945+05:30 DEBUG 4224 --- [CartOrderService] [DiscoveryClient-HeartbeatExecutor-0] [                                                 ] o.s.web.client.RestTemplate              : HTTP PUT http://localhost:8761/eureka/apps/CARTORDERSERVICE/DESKTOP-ECRRR37.mshome.net:CartOrderService:8083?status=UP&lastDirtyTimestamp=1775285265677
2026-04-04T13:25:20.946+05:30 DEBUG 4224 --- [CartOrderService] [DiscoveryClient-HeartbeatExecutor-0] [                                                 ] o.s.web.client.RestTemplate              : Accept=[application/json, application/*+json]
2026-04-04T13:25:20.949+05:30 DEBUG 4224 --- [CartOrderService] [DiscoveryClient-HeartbeatExecutor-0] [                                                 ] o.s.web.client.RestTemplate              : Response 200 OK
2026-04-04T13:25:50.918+05:30 DEBUG 4224 --- [CartOrderService] [DiscoveryClient-CacheRefreshExecutor-0] [                                                 ] o.s.web.client.RestTemplate              : HTTP GET http://localhost:8761/eureka/apps/delta
2026-04-04T13:25:50.919+05:30 DEBUG 4224 --- [CartOrderService] [DiscoveryClient-CacheRefreshExecutor-0] [                                                 ] o.s.web.client.RestTemplate              : Accept=[application/json, application/*+json]
2026-04-04T13:25:50.936+05:30 DEBUG 4224 --- [CartOrderService] [DiscoveryClient-CacheRefreshExecutor-0] [                                                 ] o.s.web.client.RestTemplate              : Response 200 OK
2026-04-04T13:25:50.937+05:30 DEBUG 4224 --- [CartOrderService] [DiscoveryClient-CacheRefreshExecutor-0] [                                                 ] o.s.web.client.RestTemplate              : Reading to [org.springframework.cloud.netflix.eureka.http.EurekaApplications]
2026-04-04T13:25:50.965+05:30 DEBUG 4224 --- [CartOrderService] [DiscoveryClient-HeartbeatExecutor-0] [                                                 ] o.s.web.client.RestTemplate              : HTTP PUT http://localhost:8761/eureka/apps/CARTORDERSERVICE/DESKTOP-ECRRR37.mshome.net:CartOrderService:8083?status=UP&lastDirtyTimestamp=1775285265677
2026-04-04T13:25:50.966+05:30 DEBUG 4224 --- [CartOrderService] [DiscoveryClient-HeartbeatExecutor-0] [                                                 ] o.s.web.client.RestTemplate              : Accept=[application/json, application/*+json]
2026-04-04T13:25:50.970+05:30 DEBUG 4224 --- [CartOrderService] [DiscoveryClient-HeartbeatExecutor-0] [                                                 ] o.s.web.client.RestTemplate              : Response 200 OK
2026-04-04T13:26:21.183+05:30 DEBUG 4224 --- [CartOrderService] [DiscoveryClient-CacheRefreshExecutor-0] [                                                 ] o.s.web.client.RestTemplate              : HTTP GET http://localhost:8761/eureka/apps/delta
2026-04-04T13:26:21.254+05:30 DEBUG 4224 --- [CartOrderService] [DiscoveryClient-HeartbeatExecutor-0] [                                                 ] o.s.web.client.RestTemplate              : HTTP PUT http://localhost:8761/eureka/apps/CARTORDERSERVICE/DESKTOP-ECRRR37.mshome.net:CartOrderService:8083?status=UP&lastDirtyTimestamp=1775285265677
2026-04-04T13:26:21.255+05:30 DEBUG 4224 --- [CartOrderService] [DiscoveryClient-CacheRefreshExecutor-0] [                                                 ] o.s.web.client.RestTemplate              : Accept=[application/json, application/*+json]
2026-04-04T13:26:21.255+05:30 DEBUG 4224 --- [CartOrderService] [DiscoveryClient-HeartbeatExecutor-0] [                                                 ] o.s.web.client.RestTemplate              : Accept=[application/json, application/*+json]
2026-04-04T13:26:24.568+05:30 DEBUG 4224 --- [CartOrderService] [DiscoveryClient-HeartbeatExecutor-0] [                                                 ] o.s.web.client.RestTemplate              : Response 200 OK
2026-04-04T13:26:26.514+05:30 DEBUG 4224 --- [CartOrderService] [DiscoveryClient-CacheRefreshExecutor-0] [                                                 ] o.s.web.client.RestTemplate              : Response 200 OK
2026-04-04T13:26:26.518+05:30 DEBUG 4224 --- [CartOrderService] [DiscoveryClient-CacheRefreshExecutor-0] [                                                 ] o.s.web.client.RestTemplate              : Reading to [org.springframework.cloud.netflix.eureka.http.EurekaApplications]
2026-04-04T13:26:54.576+05:30 DEBUG 4224 --- [CartOrderService] [DiscoveryClient-HeartbeatExecutor-0] [                                                 ] o.s.web.client.RestTemplate              : HTTP PUT http://localhost:8761/eureka/apps/CARTORDERSERVICE/DESKTOP-ECRRR37.mshome.net:CartOrderService:8083?status=UP&lastDirtyTimestamp=1775285265677
2026-04-04T13:26:54.578+05:30 DEBUG 4224 --- [CartOrderService] [DiscoveryClient-HeartbeatExecutor-0] [                                                 ] o.s.web.client.RestTemplate              : Accept=[application/json, application/*+json]
2026-04-04T13:26:54.595+05:30 DEBUG 4224 --- [CartOrderService] [DiscoveryClient-HeartbeatExecutor-0] [                                                 ] o.s.web.client.RestTemplate              : Response 200 OK
2026-04-04T13:26:56.532+05:30 DEBUG 4224 --- [CartOrderService] [DiscoveryClient-CacheRefreshExecutor-0] [                                                 ] o.s.web.client.RestTemplate              : HTTP GET http://localhost:8761/eureka/apps/delta
2026-04-04T13:26:56.532+05:30 DEBUG 4224 --- [CartOrderService] [DiscoveryClient-CacheRefreshExecutor-0] [                                                 ] o.s.web.client.RestTemplate              : Accept=[application/json, application/*+json]
2026-04-04T13:26:56.537+05:30 DEBUG 4224 --- [CartOrderService] [DiscoveryClient-CacheRefreshExecutor-0] [                                                 ] o.s.web.client.RestTemplate              : Response 200 OK
2026-04-04T13:26:56.538+05:30 DEBUG 4224 --- [CartOrderService] [DiscoveryClient-CacheRefreshExecutor-0] [                                                 ] o.s.web.client.RestTemplate              : Reading to [org.springframework.cloud.netflix.eureka.http.EurekaApplications]
2026-04-04T13:27:24.603+05:30 DEBUG 4224 --- [CartOrderService] [DiscoveryClient-HeartbeatExecutor-0] [                                                 ] o.s.web.client.RestTemplate              : HTTP PUT http://localhost:8761/eureka/apps/CARTORDERSERVICE/DESKTOP-ECRRR37.mshome.net:CartOrderService:8083?status=UP&lastDirtyTimestamp=1775285265677
2026-04-04T13:27:24.603+05:30 DEBUG 4224 --- [CartOrderService] [DiscoveryClient-HeartbeatExecutor-0] [                                                 ] o.s.web.client.RestTemplate              : Accept=[application/json, application/*+json]
2026-04-04T13:27:24.734+05:30 DEBUG 4224 --- [CartOrderService] [DiscoveryClient-HeartbeatExecutor-0] [                                                 ] o.s.web.client.RestTemplate              : Response 200 OK
2026-04-04T13:27:26.868+05:30 DEBUG 4224 --- [CartOrderService] [DiscoveryClient-CacheRefreshExecutor-0] [                                                 ] o.s.web.client.RestTemplate              : HTTP GET http://localhost:8761/eureka/apps/delta
2026-04-04T13:27:26.868+05:30 DEBUG 4224 --- [CartOrderService] [DiscoveryClient-CacheRefreshExecutor-0] [                                                 ] o.s.web.client.RestTemplate              : Accept=[application/json, application/*+json]
2026-04-04T13:27:27.271+05:30 DEBUG 4224 --- [CartOrderService] [DiscoveryClient-CacheRefreshExecutor-0] [                                                 ] o.s.web.client.RestTemplate              : Response 200 OK
2026-04-04T13:27:27.271+05:30 DEBUG 4224 --- [CartOrderService] [DiscoveryClient-CacheRefreshExecutor-0] [                                                 ] o.s.web.client.RestTemplate              : Reading to [org.springframework.cloud.netflix.eureka.http.EurekaApplications]
2026-04-04T13:27:54.744+05:30 DEBUG 4224 --- [CartOrderService] [DiscoveryClient-HeartbeatExecutor-0] [                                                 ] o.s.web.client.RestTemplate              : HTTP PUT http://localhost:8761/eureka/apps/CARTORDERSERVICE/DESKTOP-ECRRR37.mshome.net:CartOrderService:8083?status=UP&lastDirtyTimestamp=1775285265677
2026-04-04T13:27:54.746+05:30 DEBUG 4224 --- [CartOrderService] [DiscoveryClient-HeartbeatExecutor-0] [                                                 ] o.s.web.client.RestTemplate              : Accept=[application/json, application/*+json]
2026-04-04T13:27:54.776+05:30 DEBUG 4224 --- [CartOrderService] [DiscoveryClient-HeartbeatExecutor-0] [                                                 ] o.s.web.client.RestTemplate              : Response 200 OK
2026-04-04T13:27:55.499+05:30  INFO 4224 --- [CartOrderService] [AsyncResolver-bootstrap-executor-0] [                                                 ] c.n.d.s.r.aws.ConfigClusterResolver      : Resolving eureka endpoints via configuration
2026-04-04T13:27:57.281+05:30 DEBUG 4224 --- [CartOrderService] [DiscoveryClient-CacheRefreshExecutor-0] [                                                 ] o.s.web.client.RestTemplate              : HTTP GET http://localhost:8761/eureka/apps/delta
2026-04-04T13:27:57.471+05:30 DEBUG 4224 --- [CartOrderService] [DiscoveryClient-CacheRefreshExecutor-0] [                                                 ] o.s.web.client.RestTemplate              : Accept=[application/json, application/*+json]
2026-04-04T13:27:57.495+05:30 DEBUG 4224 --- [CartOrderService] [DiscoveryClient-CacheRefreshExecutor-0] [                                                 ] o.s.web.client.RestTemplate              : Response 200 OK
2026-04-04T13:27:57.495+05:30 DEBUG 4224 --- [CartOrderService] [DiscoveryClient-CacheRefreshExecutor-0] [                                                 ] o.s.web.client.RestTemplate              : Reading to [org.springframework.cloud.netflix.eureka.http.EurekaApplications]
2026-04-04T13:28:24.787+05:30 DEBUG 4224 --- [CartOrderService] [DiscoveryClient-HeartbeatExecutor-0] [                                                 ] o.s.web.client.RestTemplate              : HTTP PUT http://localhost:8761/eureka/apps/CARTORDERSERVICE/DESKTOP-ECRRR37.mshome.net:CartOrderService:8083?status=UP&lastDirtyTimestamp=1775285265677
2026-04-04T13:28:24.787+05:30 DEBUG 4224 --- [CartOrderService] [DiscoveryClient-HeartbeatExecutor-0] [                                                 ] o.s.web.client.RestTemplate              : Accept=[application/json, application/*+json]
2026-04-04T13:28:24.804+05:30 DEBUG 4224 --- [CartOrderService] [DiscoveryClient-HeartbeatExecutor-0] [                                                 ] o.s.web.client.RestTemplate              : Response 200 OK
2026-04-04T13:28:27.513+05:30 DEBUG 4224 --- [CartOrderService] [DiscoveryClient-CacheRefreshExecutor-0] [                                                 ] o.s.web.client.RestTemplate              : HTTP GET http://localhost:8761/eureka/apps/delta
2026-04-04T13:28:27.514+05:30 DEBUG 4224 --- [CartOrderService] [DiscoveryClient-CacheRefreshExecutor-0] [                                                 ] o.s.web.client.RestTemplate              : Accept=[application/json, application/*+json]
2026-04-04T13:28:27.533+05:30 DEBUG 4224 --- [CartOrderService] [DiscoveryClient-CacheRefreshExecutor-0] [                                                 ] o.s.web.client.RestTemplate              : Response 200 OK
2026-04-04T13:28:27.533+05:30 DEBUG 4224 --- [CartOrderService] [DiscoveryClient-CacheRefreshExecutor-0] [                                                 ] o.s.web.client.RestTemplate              : Reading to [org.springframework.cloud.netflix.eureka.http.EurekaApplications]
2026-04-04T13:28:54.817+05:30 DEBUG 4224 --- [CartOrderService] [DiscoveryClient-HeartbeatExecutor-0] [                                                 ] o.s.web.client.RestTemplate              : HTTP PUT http://localhost:8761/eureka/apps/CARTORDERSERVICE/DESKTOP-ECRRR37.mshome.net:CartOrderService:8083?status=UP&lastDirtyTimestamp=1775285265677
2026-04-04T13:28:54.818+05:30 DEBUG 4224 --- [CartOrderService] [DiscoveryClient-HeartbeatExecutor-0] [                                                 ] o.s.web.client.RestTemplate              : Accept=[application/json, application/*+json]
2026-04-04T13:28:54.828+05:30 DEBUG 4224 --- [CartOrderService] [DiscoveryClient-HeartbeatExecutor-0] [                                                 ] o.s.web.client.RestTemplate              : Response 200 OK
2026-04-04T13:28:57.555+05:30 DEBUG 4224 --- [CartOrderService] [DiscoveryClient-CacheRefreshExecutor-0] [                                                 ] o.s.web.client.RestTemplate              : HTTP GET http://localhost:8761/eureka/apps/delta
2026-04-04T13:28:57.556+05:30 DEBUG 4224 --- [CartOrderService] [DiscoveryClient-CacheRefreshExecutor-0] [                                                 ] o.s.web.client.RestTemplate              : Accept=[application/json, application/*+json]
2026-04-04T13:28:57.579+05:30 DEBUG 4224 --- [CartOrderService] [DiscoveryClient-CacheRefreshExecutor-0] [                                                 ] o.s.web.client.RestTemplate              : Response 200 OK
2026-04-04T13:28:57.580+05:30 DEBUG 4224 --- [CartOrderService] [DiscoveryClient-CacheRefreshExecutor-0] [                                                 ] o.s.web.client.RestTemplate              : Reading to [org.springframework.cloud.netflix.eureka.http.EurekaApplications]
2026-04-04T13:29:24.840+05:30 DEBUG 4224 --- [CartOrderService] [DiscoveryClient-HeartbeatExecutor-0] [                                                 ] o.s.web.client.RestTemplate              : HTTP PUT http://localhost:8761/eureka/apps/CARTORDERSERVICE/DESKTOP-ECRRR37.mshome.net:CartOrderService:8083?status=UP&lastDirtyTimestamp=1775285265677
2026-04-04T13:29:24.842+05:30 DEBUG 4224 --- [CartOrderService] [DiscoveryClient-HeartbeatExecutor-0] [                                                 ] o.s.web.client.RestTemplate              : Accept=[application/json, application/*+json]
2026-04-04T13:29:24.858+05:30 DEBUG 4224 --- [CartOrderService] [DiscoveryClient-HeartbeatExecutor-0] [                                                 ] o.s.web.client.RestTemplate              : Response 200 OK
2026-04-04T13:29:27.594+05:30 DEBUG 4224 --- [CartOrderService] [DiscoveryClient-CacheRefreshExecutor-0] [                                                 ] o.s.web.client.RestTemplate              : HTTP GET http://localhost:8761/eureka/apps/delta
2026-04-04T13:29:27.596+05:30 DEBUG 4224 --- [CartOrderService] [DiscoveryClient-CacheRefreshExecutor-0] [                                                 ] o.s.web.client.RestTemplate              : Accept=[application/json, application/*+json]
2026-04-04T13:29:27.611+05:30 DEBUG 4224 --- [CartOrderService] [DiscoveryClient-CacheRefreshExecutor-0] [                                                 ] o.s.web.client.RestTemplate              : Response 200 OK
2026-04-04T13:29:27.612+05:30 DEBUG 4224 --- [CartOrderService] [DiscoveryClient-CacheRefreshExecutor-0] [                                                 ] o.s.web.client.RestTemplate              : Reading to [org.springframework.cloud.netflix.eureka.http.EurekaApplications]
2026-04-04T13:29:54.917+05:30 DEBUG 4224 --- [CartOrderService] [DiscoveryClient-HeartbeatExecutor-0] [                                                 ] o.s.web.client.RestTemplate              : HTTP PUT http://localhost:8761/eureka/apps/CARTORDERSERVICE/DESKTOP-ECRRR37.mshome.net:CartOrderService:8083?status=UP&lastDirtyTimestamp=1775285265677
2026-04-04T13:29:54.953+05:30 DEBUG 4224 --- [CartOrderService] [DiscoveryClient-HeartbeatExecutor-0] [                                                 ] o.s.web.client.RestTemplate              : Accept=[application/json, application/*+json]
2026-04-04T13:29:55.079+05:30 DEBUG 4224 --- [CartOrderService] [DiscoveryClient-HeartbeatExecutor-0] [                                                 ] o.s.web.client.RestTemplate              : Response 200 OK
2026-04-04T13:29:57.634+05:30 DEBUG 4224 --- [CartOrderService] [DiscoveryClient-CacheRefreshExecutor-0] [                                                 ] o.s.web.client.RestTemplate              : HTTP GET http://localhost:8761/eureka/apps/delta
2026-04-04T13:29:57.863+05:30 DEBUG 4224 --- [CartOrderService] [DiscoveryClient-CacheRefreshExecutor-0] [                                                 ] o.s.web.client.RestTemplate              : Accept=[application/json, application/*+json]
2026-04-04T13:29:58.654+05:30 DEBUG 4224 --- [CartOrderService] [DiscoveryClient-CacheRefreshExecutor-0] [                                                 ] o.s.web.client.RestTemplate              : Response 200 OK
2026-04-04T13:29:58.659+05:30 DEBUG 4224 --- [CartOrderService] [DiscoveryClient-CacheRefreshExecutor-0] [                                                 ] o.s.web.client.RestTemplate              : Reading to [org.springframework.cloud.netflix.eureka.http.EurekaApplications]
2026-04-04T13:30:25.103+05:30 DEBUG 4224 --- [CartOrderService] [DiscoveryClient-HeartbeatExecutor-0] [                                                 ] o.s.web.client.RestTemplate              : HTTP PUT http://localhost:8761/eureka/apps/CARTORDERSERVICE/DESKTOP-ECRRR37.mshome.net:CartOrderService:8083?status=UP&lastDirtyTimestamp=1775285265677
2026-04-04T13:30:25.104+05:30 DEBUG 4224 --- [CartOrderService] [DiscoveryClient-HeartbeatExecutor-0] [                                                 ] o.s.web.client.RestTemplate              : Accept=[application/json, application/*+json]
2026-04-04T13:30:25.121+05:30 DEBUG 4224 --- [CartOrderService] [DiscoveryClient-HeartbeatExecutor-0] [                                                 ] o.s.web.client.RestTemplate              : Response 200 OK
2026-04-04T13:30:28.669+05:30 DEBUG 4224 --- [CartOrderService] [DiscoveryClient-CacheRefreshExecutor-0] [                                                 ] o.s.web.client.RestTemplate              : HTTP GET http://localhost:8761/eureka/apps/delta
2026-04-04T13:30:28.670+05:30 DEBUG 4224 --- [CartOrderService] [DiscoveryClient-CacheRefreshExecutor-0] [                                                 ] o.s.web.client.RestTemplate              : Accept=[application/json, application/*+json]
2026-04-04T13:30:28.692+05:30 DEBUG 4224 --- [CartOrderService] [DiscoveryClient-CacheRefreshExecutor-0] [                                                 ] o.s.web.client.RestTemplate              : Response 200 OK
2026-04-04T13:30:28.693+05:30 DEBUG 4224 --- [CartOrderService] [DiscoveryClient-CacheRefreshExecutor-0] [                                                 ] o.s.web.client.RestTemplate              : Reading to [org.springframework.cloud.netflix.eureka.http.EurekaApplications]
2026-04-04T13:30:55.129+05:30 DEBUG 4224 --- [CartOrderService] [DiscoveryClient-HeartbeatExecutor-0] [                                                 ] o.s.web.client.RestTemplate              : HTTP PUT http://localhost:8761/eureka/apps/CARTORDERSERVICE/DESKTOP-ECRRR37.mshome.net:CartOrderService:8083?status=UP&lastDirtyTimestamp=1775285265677
2026-04-04T13:30:55.308+05:30 DEBUG 4224 --- [CartOrderService] [DiscoveryClient-HeartbeatExecutor-0] [                                                 ] o.s.web.client.RestTemplate              : Accept=[application/json, application/*+json]
2026-04-04T13:30:58.706+05:30 DEBUG 4224 --- [CartOrderService] [DiscoveryClient-CacheRefreshExecutor-0] [                                                 ] o.s.web.client.RestTemplate              : HTTP GET http://localhost:8761/eureka/apps/delta
2026-04-04T13:30:58.706+05:30 DEBUG 4224 --- [CartOrderService] [DiscoveryClient-CacheRefreshExecutor-0] [                                                 ] o.s.web.client.RestTemplate              : Accept=[application/json, application/*+json]
2026-04-04T13:31:00.594+05:30 DEBUG 4224 --- [CartOrderService] [DiscoveryClient-HeartbeatExecutor-0] [                                                 ] o.s.web.client.RestTemplate              : Response 200 OK
2026-04-04T13:31:04.287+05:30 DEBUG 4224 --- [CartOrderService] [DiscoveryClient-CacheRefreshExecutor-0] [                                                 ] o.s.web.client.RestTemplate              : Response 200 OK
2026-04-04T13:31:04.379+05:30 DEBUG 4224 --- [CartOrderService] [DiscoveryClient-CacheRefreshExecutor-0] [                                                 ] o.s.web.client.RestTemplate              : Reading to [org.springframework.cloud.netflix.eureka.http.EurekaApplications]
2026-04-04T13:31:30.672+05:30 DEBUG 4224 --- [CartOrderService] [DiscoveryClient-HeartbeatExecutor-0] [                                                 ] o.s.web.client.RestTemplate              : HTTP PUT http://localhost:8761/eureka/apps/CARTORDERSERVICE/DESKTOP-ECRRR37.mshome.net:CartOrderService:8083?status=UP&lastDirtyTimestamp=1775285265677
2026-04-04T13:31:30.705+05:30 DEBUG 4224 --- [CartOrderService] [DiscoveryClient-HeartbeatExecutor-0] [                                                 ] o.s.web.client.RestTemplate              : Accept=[application/json, application/*+json]
2026-04-04T13:31:30.948+05:30 DEBUG 4224 --- [CartOrderService] [DiscoveryClient-HeartbeatExecutor-0] [                                                 ] o.s.web.client.RestTemplate              : Response 200 OK
2026-04-04T13:31:34.391+05:30 DEBUG 4224 --- [CartOrderService] [DiscoveryClient-CacheRefreshExecutor-0] [                                                 ] o.s.web.client.RestTemplate              : HTTP GET http://localhost:8761/eureka/apps/delta
2026-04-04T13:31:34.392+05:30 DEBUG 4224 --- [CartOrderService] [DiscoveryClient-CacheRefreshExecutor-0] [                                                 ] o.s.web.client.RestTemplate              : Accept=[application/json, application/*+json]
2026-04-04T13:31:34.418+05:30 DEBUG 4224 --- [CartOrderService] [DiscoveryClient-CacheRefreshExecutor-0] [                                                 ] o.s.web.client.RestTemplate              : Response 200 OK
2026-04-04T13:31:34.420+05:30 DEBUG 4224 --- [CartOrderService] [DiscoveryClient-CacheRefreshExecutor-0] [                                                 ] o.s.web.client.RestTemplate              : Reading to [org.springframework.cloud.netflix.eureka.http.EurekaApplications]
2026-04-04T13:32:00.958+05:30 DEBUG 4224 --- [CartOrderService] [DiscoveryClient-HeartbeatExecutor-0] [                                                 ] o.s.web.client.RestTemplate              : HTTP PUT http://localhost:8761/eureka/apps/CARTORDERSERVICE/DESKTOP-ECRRR37.mshome.net:CartOrderService:8083?status=UP&lastDirtyTimestamp=1775285265677
2026-04-04T13:32:00.963+05:30 DEBUG 4224 --- [CartOrderService] [DiscoveryClient-HeartbeatExecutor-0] [                                                 ] o.s.web.client.RestTemplate              : Accept=[application/json, application/*+json]
2026-04-04T13:32:01.012+05:30 DEBUG 4224 --- [CartOrderService] [DiscoveryClient-HeartbeatExecutor-0] [                                                 ] o.s.web.client.RestTemplate              : Response 200 OK
2026-04-04T13:32:04.450+05:30 DEBUG 4224 --- [CartOrderService] [DiscoveryClient-CacheRefreshExecutor-0] [                                                 ] o.s.web.client.RestTemplate              : HTTP GET http://localhost:8761/eureka/apps/delta
2026-04-04T13:32:04.494+05:30 DEBUG 4224 --- [CartOrderService] [DiscoveryClient-CacheRefreshExecutor-0] [                                                 ] o.s.web.client.RestTemplate              : Accept=[application/json, application/*+json]
2026-04-04T13:32:04.566+05:30 DEBUG 4224 --- [CartOrderService] [DiscoveryClient-CacheRefreshExecutor-0] [                                                 ] o.s.web.client.RestTemplate              : Response 200 OK
2026-04-04T13:32:04.570+05:30 DEBUG 4224 --- [CartOrderService] [DiscoveryClient-CacheRefreshExecutor-0] [                                                 ] o.s.web.client.RestTemplate              : Reading to [org.springframework.cloud.netflix.eureka.http.EurekaApplications]
2026-04-04T13:32:31.074+05:30 DEBUG 4224 --- [CartOrderService] [DiscoveryClient-HeartbeatExecutor-0] [                                                 ] o.s.web.client.RestTemplate              : HTTP PUT http://localhost:8761/eureka/apps/CARTORDERSERVICE/DESKTOP-ECRRR37.mshome.net:CartOrderService:8083?status=UP&lastDirtyTimestamp=1775285265677
2026-04-04T13:32:31.077+05:30 DEBUG 4224 --- [CartOrderService] [DiscoveryClient-HeartbeatExecutor-0] [                                                 ] o.s.web.client.RestTemplate              : Accept=[application/json, application/*+json]
2026-04-04T13:32:31.096+05:30 DEBUG 4224 --- [CartOrderService] [DiscoveryClient-HeartbeatExecutor-0] [                                                 ] o.s.web.client.RestTemplate              : Response 200 OK
2026-04-04T13:32:34.643+05:30 DEBUG 4224 --- [CartOrderService] [DiscoveryClient-CacheRefreshExecutor-0] [                                                 ] o.s.web.client.RestTemplate              : HTTP GET http://localhost:8761/eureka/apps/delta
2026-04-04T13:32:34.643+05:30 DEBUG 4224 --- [CartOrderService] [DiscoveryClient-CacheRefreshExecutor-0] [                                                 ] o.s.web.client.RestTemplate              : Accept=[application/json, application/*+json]
2026-04-04T13:32:34.725+05:30 DEBUG 4224 --- [CartOrderService] [DiscoveryClient-CacheRefreshExecutor-0] [                                                 ] o.s.web.client.RestTemplate              : Response 200 OK
2026-04-04T13:32:34.833+05:30 DEBUG 4224 --- [CartOrderService] [DiscoveryClient-CacheRefreshExecutor-0] [                                                 ] o.s.web.client.RestTemplate              : Reading to [org.springframework.cloud.netflix.eureka.http.EurekaApplications]
2026-04-04T13:32:55.558+05:30  INFO 4224 --- [CartOrderService] [AsyncResolver-bootstrap-executor-0] [                                                 ] c.n.d.s.r.aws.ConfigClusterResolver      : Resolving eureka endpoints via configuration
2026-04-04T13:33:01.127+05:30 DEBUG 4224 --- [CartOrderService] [DiscoveryClient-HeartbeatExecutor-0] [                                                 ] o.s.web.client.RestTemplate              : HTTP PUT http://localhost:8761/eureka/apps/CARTORDERSERVICE/DESKTOP-ECRRR37.mshome.net:CartOrderService:8083?status=UP&lastDirtyTimestamp=1775285265677
2026-04-04T13:33:01.153+05:30 DEBUG 4224 --- [CartOrderService] [DiscoveryClient-HeartbeatExecutor-0] [                                                 ] o.s.web.client.RestTemplate              : Accept=[application/json, application/*+json]
2026-04-04T13:33:01.422+05:30 DEBUG 4224 --- [CartOrderService] [DiscoveryClient-HeartbeatExecutor-0] [                                                 ] o.s.web.client.RestTemplate              : Response 200 OK
2026-04-04T13:33:05.329+05:30 DEBUG 4224 --- [CartOrderService] [DiscoveryClient-CacheRefreshExecutor-0] [                                                 ] o.s.web.client.RestTemplate              : HTTP GET http://localhost:8761/eureka/apps/delta
2026-04-04T13:33:05.332+05:30 DEBUG 4224 --- [CartOrderService] [DiscoveryClient-CacheRefreshExecutor-0] [                                                 ] o.s.web.client.RestTemplate              : Accept=[application/json, application/*+json]
2026-04-04T13:33:05.568+05:30 DEBUG 4224 --- [CartOrderService] [DiscoveryClient-CacheRefreshExecutor-0] [                                                 ] o.s.web.client.RestTemplate              : Response 200 OK
2026-04-04T13:33:05.582+05:30 DEBUG 4224 --- [CartOrderService] [DiscoveryClient-CacheRefreshExecutor-0] [                                                 ] o.s.web.client.RestTemplate              : Reading to [org.springframework.cloud.netflix.eureka.http.EurekaApplications]
2026-04-04T13:33:31.607+05:30 DEBUG 4224 --- [CartOrderService] [DiscoveryClient-HeartbeatExecutor-0] [                                                 ] o.s.web.client.RestTemplate              : HTTP PUT http://localhost:8761/eureka/apps/CARTORDERSERVICE/DESKTOP-ECRRR37.mshome.net:CartOrderService:8083?status=UP&lastDirtyTimestamp=1775285265677
2026-04-04T13:33:31.687+05:30 DEBUG 4224 --- [CartOrderService] [DiscoveryClient-HeartbeatExecutor-0] [                                                 ] o.s.web.client.RestTemplate              : Accept=[application/json, application/*+json]
2026-04-04T13:33:32.458+05:30 DEBUG 4224 --- [CartOrderService] [DiscoveryClient-HeartbeatExecutor-0] [                                                 ] o.s.web.client.RestTemplate              : Response 200 OK
2026-04-04T13:33:36.801+05:30 DEBUG 4224 --- [CartOrderService] [DiscoveryClient-CacheRefreshExecutor-0] [                                                 ] o.s.web.client.RestTemplate              : HTTP GET http://localhost:8761/eureka/apps/delta
2026-04-04T13:33:36.818+05:30 DEBUG 4224 --- [CartOrderService] [DiscoveryClient-CacheRefreshExecutor-0] [                                                 ] o.s.web.client.RestTemplate              : Accept=[application/json, application/*+json]
2026-04-04T13:33:36.942+05:30 DEBUG 4224 --- [CartOrderService] [DiscoveryClient-CacheRefreshExecutor-0] [                                                 ] o.s.web.client.RestTemplate              : Response 200 OK
2026-04-04T13:33:36.952+05:30 DEBUG 4224 --- [CartOrderService] [DiscoveryClient-CacheRefreshExecutor-0] [                                                 ] o.s.web.client.RestTemplate              : Reading to [org.springframework.cloud.netflix.eureka.http.EurekaApplications]
2026-04-04T13:34:02.477+05:30 DEBUG 4224 --- [CartOrderService] [DiscoveryClient-HeartbeatExecutor-0] [                                                 ] o.s.web.client.RestTemplate              : HTTP PUT http://localhost:8761/eureka/apps/CARTORDERSERVICE/DESKTOP-ECRRR37.mshome.net:CartOrderService:8083?status=UP&lastDirtyTimestamp=1775285265677
2026-04-04T13:34:02.487+05:30 DEBUG 4224 --- [CartOrderService] [DiscoveryClient-HeartbeatExecutor-0] [                                                 ] o.s.web.client.RestTemplate              : Accept=[application/json, application/*+json]
2026-04-04T13:34:02.517+05:30 DEBUG 4224 --- [CartOrderService] [DiscoveryClient-HeartbeatExecutor-0] [                                                 ] o.s.web.client.RestTemplate              : Response 200 OK
2026-04-04T13:34:07.075+05:30 DEBUG 4224 --- [CartOrderService] [DiscoveryClient-CacheRefreshExecutor-0] [                                                 ] o.s.web.client.RestTemplate              : HTTP GET http://localhost:8761/eureka/apps/delta
2026-04-04T13:34:07.228+05:30 DEBUG 4224 --- [CartOrderService] [DiscoveryClient-CacheRefreshExecutor-0] [                                                 ] o.s.web.client.RestTemplate              : Accept=[application/json, application/*+json]
2026-04-04T13:34:08.166+05:30 DEBUG 4224 --- [CartOrderService] [DiscoveryClient-CacheRefreshExecutor-0] [                                                 ] o.s.web.client.RestTemplate              : Response 200 OK
2026-04-04T13:34:10.691+05:30 DEBUG 4224 --- [CartOrderService] [DiscoveryClient-CacheRefreshExecutor-0] [                                                 ] o.s.web.client.RestTemplate              : Reading to [org.springframework.cloud.netflix.eureka.http.EurekaApplications]
2026-04-04T13:34:32.535+05:30 DEBUG 4224 --- [CartOrderService] [DiscoveryClient-HeartbeatExecutor-0] [                                                 ] o.s.web.client.RestTemplate              : HTTP PUT http://localhost:8761/eureka/apps/CARTORDERSERVICE/DESKTOP-ECRRR37.mshome.net:CartOrderService:8083?status=UP&lastDirtyTimestamp=1775285265677
2026-04-04T13:34:32.537+05:30 DEBUG 4224 --- [CartOrderService] [DiscoveryClient-HeartbeatExecutor-0] [                                                 ] o.s.web.client.RestTemplate              : Accept=[application/json, application/*+json]
2026-04-04T13:34:32.611+05:30 DEBUG 4224 --- [CartOrderService] [DiscoveryClient-HeartbeatExecutor-0] [                                                 ] o.s.web.client.RestTemplate              : Response 200 OK
2026-04-04T13:34:40.957+05:30 DEBUG 4224 --- [CartOrderService] [DiscoveryClient-CacheRefreshExecutor-0] [                                                 ] o.s.web.client.RestTemplate              : HTTP GET http://localhost:8761/eureka/apps/delta
2026-04-04T13:34:40.959+05:30 DEBUG 4224 --- [CartOrderService] [DiscoveryClient-CacheRefreshExecutor-0] [                                                 ] o.s.web.client.RestTemplate              : Accept=[application/json, application/*+json]
2026-04-04T13:34:40.980+05:30 DEBUG 4224 --- [CartOrderService] [DiscoveryClient-CacheRefreshExecutor-0] [                                                 ] o.s.web.client.RestTemplate              : Response 200 OK
2026-04-04T13:34:40.982+05:30 DEBUG 4224 --- [CartOrderService] [DiscoveryClient-CacheRefreshExecutor-0] [                                                 ] o.s.web.client.RestTemplate              : Reading to [org.springframework.cloud.netflix.eureka.http.EurekaApplications]
2026-04-04T13:35:02.615+05:30 DEBUG 4224 --- [CartOrderService] [DiscoveryClient-HeartbeatExecutor-0] [                                                 ] o.s.web.client.RestTemplate              : HTTP PUT http://localhost:8761/eureka/apps/CARTORDERSERVICE/DESKTOP-ECRRR37.mshome.net:CartOrderService:8083?status=UP&lastDirtyTimestamp=1775285265677
2026-04-04T13:35:03.844+05:30 DEBUG 4224 --- [CartOrderService] [DiscoveryClient-HeartbeatExecutor-0] [                                                 ] o.s.web.client.RestTemplate              : Accept=[application/json, application/*+json]
2026-04-04T13:35:05.152+05:30 DEBUG 4224 --- [CartOrderService] [DiscoveryClient-HeartbeatExecutor-0] [                                                 ] o.s.web.client.RestTemplate              : Response 200 OK
2026-04-04T13:35:11.014+05:30 DEBUG 4224 --- [CartOrderService] [DiscoveryClient-CacheRefreshExecutor-0] [                                                 ] o.s.web.client.RestTemplate              : HTTP GET http://localhost:8761/eureka/apps/delta
2026-04-04T13:35:11.015+05:30 DEBUG 4224 --- [CartOrderService] [DiscoveryClient-CacheRefreshExecutor-0] [                                                 ] o.s.web.client.RestTemplate              : Accept=[application/json, application/*+json]
2026-04-04T13:35:11.033+05:30 DEBUG 4224 --- [CartOrderService] [DiscoveryClient-CacheRefreshExecutor-0] [                                                 ] o.s.web.client.RestTemplate              : Response 200 OK
2026-04-04T13:35:11.034+05:30 DEBUG 4224 --- [CartOrderService] [DiscoveryClient-CacheRefreshExecutor-0] [                                                 ] o.s.web.client.RestTemplate              : Reading to [org.springframework.cloud.netflix.eureka.http.EurekaApplications]
2026-04-04T13:35:35.225+05:30 DEBUG 4224 --- [CartOrderService] [DiscoveryClient-HeartbeatExecutor-0] [                                                 ] o.s.web.client.RestTemplate              : HTTP PUT http://localhost:8761/eureka/apps/CARTORDERSERVICE/DESKTOP-ECRRR37.mshome.net:CartOrderService:8083?status=UP&lastDirtyTimestamp=1775285265677
2026-04-04T13:35:35.227+05:30 DEBUG 4224 --- [CartOrderService] [DiscoveryClient-HeartbeatExecutor-0] [                                                 ] o.s.web.client.RestTemplate              : Accept=[application/json, application/*+json]
2026-04-04T13:35:35.899+05:30 DEBUG 4224 --- [CartOrderService] [DiscoveryClient-HeartbeatExecutor-0] [                                                 ] o.s.web.client.RestTemplate              : Response 200 OK
2026-04-04T13:35:41.054+05:30 DEBUG 4224 --- [CartOrderService] [DiscoveryClient-CacheRefreshExecutor-0] [                                                 ] o.s.web.client.RestTemplate              : HTTP GET http://localhost:8761/eureka/apps/delta
2026-04-04T13:35:41.055+05:30 DEBUG 4224 --- [CartOrderService] [DiscoveryClient-CacheRefreshExecutor-0] [                                                 ] o.s.web.client.RestTemplate              : Accept=[application/json, application/*+json]
2026-04-04T13:35:41.137+05:30 DEBUG 4224 --- [CartOrderService] [DiscoveryClient-CacheRefreshExecutor-0] [                                                 ] o.s.web.client.RestTemplate              : Response 200 OK
2026-04-04T13:35:41.138+05:30 DEBUG 4224 --- [CartOrderService] [DiscoveryClient-CacheRefreshExecutor-0] [                                                 ] o.s.web.client.RestTemplate              : Reading to [org.springframework.cloud.netflix.eureka.http.EurekaApplications]
2026-04-04T13:36:05.920+05:30 DEBUG 4224 --- [CartOrderService] [DiscoveryClient-HeartbeatExecutor-0] [                                                 ] o.s.web.client.RestTemplate              : HTTP PUT http://localhost:8761/eureka/apps/CARTORDERSERVICE/DESKTOP-ECRRR37.mshome.net:CartOrderService:8083?status=UP&lastDirtyTimestamp=1775285265677
2026-04-04T13:36:05.989+05:30 DEBUG 4224 --- [CartOrderService] [DiscoveryClient-HeartbeatExecutor-0] [                                                 ] o.s.web.client.RestTemplate              : Accept=[application/json, application/*+json]
2026-04-04T13:36:06.306+05:30 DEBUG 4224 --- [CartOrderService] [DiscoveryClient-HeartbeatExecutor-0] [                                                 ] o.s.web.client.RestTemplate              : Response 200 OK
2026-04-04T13:36:11.158+05:30 DEBUG 4224 --- [CartOrderService] [DiscoveryClient-CacheRefreshExecutor-0] [                                                 ] o.s.web.client.RestTemplate              : HTTP GET http://localhost:8761/eureka/apps/delta
2026-04-04T13:36:11.159+05:30 DEBUG 4224 --- [CartOrderService] [DiscoveryClient-CacheRefreshExecutor-0] [                                                 ] o.s.web.client.RestTemplate              : Accept=[application/json, application/*+json]
2026-04-04T13:36:11.204+05:30 DEBUG 4224 --- [CartOrderService] [DiscoveryClient-CacheRefreshExecutor-0] [                                                 ] o.s.web.client.RestTemplate              : Response 200 OK
2026-04-04T13:36:11.205+05:30 DEBUG 4224 --- [CartOrderService] [DiscoveryClient-CacheRefreshExecutor-0] [                                                 ] o.s.web.client.RestTemplate              : Reading to [org.springframework.cloud.netflix.eureka.http.EurekaApplications]
2026-04-04T13:36:36.320+05:30 DEBUG 4224 --- [CartOrderService] [DiscoveryClient-HeartbeatExecutor-0] [                                                 ] o.s.web.client.RestTemplate              : HTTP PUT http://localhost:8761/eureka/apps/CARTORDERSERVICE/DESKTOP-ECRRR37.mshome.net:CartOrderService:8083?status=UP&lastDirtyTimestamp=1775285265677
2026-04-04T13:36:36.325+05:30 DEBUG 4224 --- [CartOrderService] [DiscoveryClient-HeartbeatExecutor-0] [                                                 ] o.s.web.client.RestTemplate              : Accept=[application/json, application/*+json]
2026-04-04T13:36:37.167+05:30 DEBUG 4224 --- [CartOrderService] [DiscoveryClient-HeartbeatExecutor-0] [                                                 ] o.s.web.client.RestTemplate              : Response 200 OK
2026-04-04T13:36:41.238+05:30 DEBUG 4224 --- [CartOrderService] [DiscoveryClient-CacheRefreshExecutor-0] [                                                 ] o.s.web.client.RestTemplate              : HTTP GET http://localhost:8761/eureka/apps/delta
2026-04-04T13:36:41.454+05:30 DEBUG 4224 --- [CartOrderService] [DiscoveryClient-CacheRefreshExecutor-0] [                                                 ] o.s.web.client.RestTemplate              : Accept=[application/json, application/*+json]
2026-04-04T13:36:41.983+05:30 DEBUG 4224 --- [CartOrderService] [DiscoveryClient-CacheRefreshExecutor-0] [                                                 ] o.s.web.client.RestTemplate              : Response 200 OK
2026-04-04T13:36:41.984+05:30 DEBUG 4224 --- [CartOrderService] [DiscoveryClient-CacheRefreshExecutor-0] [                                                 ] o.s.web.client.RestTemplate              : Reading to [org.springframework.cloud.netflix.eureka.http.EurekaApplications]
2026-04-04T13:37:07.176+05:30 DEBUG 4224 --- [CartOrderService] [DiscoveryClient-HeartbeatExecutor-0] [                                                 ] o.s.web.client.RestTemplate              : HTTP PUT http://localhost:8761/eureka/apps/CARTORDERSERVICE/DESKTOP-ECRRR37.mshome.net:CartOrderService:8083?status=UP&lastDirtyTimestamp=1775285265677
2026-04-04T13:37:07.176+05:30 DEBUG 4224 --- [CartOrderService] [DiscoveryClient-HeartbeatExecutor-0] [                                                 ] o.s.web.client.RestTemplate              : Accept=[application/json, application/*+json]
2026-04-04T13:37:07.197+05:30 DEBUG 4224 --- [CartOrderService] [DiscoveryClient-HeartbeatExecutor-0] [                                                 ] o.s.web.client.RestTemplate              : Response 200 OK
2026-04-04T13:37:12.121+05:30 DEBUG 4224 --- [CartOrderService] [DiscoveryClient-CacheRefreshExecutor-0] [                                                 ] o.s.web.client.RestTemplate              : HTTP GET http://localhost:8761/eureka/apps/delta
2026-04-04T13:37:12.122+05:30 DEBUG 4224 --- [CartOrderService] [DiscoveryClient-CacheRefreshExecutor-0] [                                                 ] o.s.web.client.RestTemplate              : Accept=[application/json, application/*+json]
2026-04-04T13:37:12.139+05:30 DEBUG 4224 --- [CartOrderService] [DiscoveryClient-CacheRefreshExecutor-0] [                                                 ] o.s.web.client.RestTemplate              : Response 200 OK
2026-04-04T13:37:12.141+05:30 DEBUG 4224 --- [CartOrderService] [DiscoveryClient-CacheRefreshExecutor-0] [                                                 ] o.s.web.client.RestTemplate              : Reading to [org.springframework.cloud.netflix.eureka.http.EurekaApplications]
2026-04-04T13:37:37.269+05:30 DEBUG 4224 --- [CartOrderService] [DiscoveryClient-HeartbeatExecutor-0] [                                                 ] o.s.web.client.RestTemplate              : HTTP PUT http://localhost:8761/eureka/apps/CARTORDERSERVICE/DESKTOP-ECRRR37.mshome.net:CartOrderService:8083?status=UP&lastDirtyTimestamp=1775285265677
2026-04-04T13:37:37.588+05:30 DEBUG 4224 --- [CartOrderService] [DiscoveryClient-HeartbeatExecutor-0] [                                                 ] o.s.web.client.RestTemplate              : Accept=[application/json, application/*+json]
2026-04-04T13:37:37.751+05:30 DEBUG 4224 --- [CartOrderService] [DiscoveryClient-HeartbeatExecutor-0] [                                                 ] o.s.web.client.RestTemplate              : Response 200 OK
2026-04-04T13:37:42.159+05:30 DEBUG 4224 --- [CartOrderService] [DiscoveryClient-CacheRefreshExecutor-0] [                                                 ] o.s.web.client.RestTemplate              : HTTP GET http://localhost:8761/eureka/apps/delta
2026-04-04T13:37:42.160+05:30 DEBUG 4224 --- [CartOrderService] [DiscoveryClient-CacheRefreshExecutor-0] [                                                 ] o.s.web.client.RestTemplate              : Accept=[application/json, application/*+json]
2026-04-04T13:37:42.657+05:30 DEBUG 4224 --- [CartOrderService] [DiscoveryClient-CacheRefreshExecutor-0] [                                                 ] o.s.web.client.RestTemplate              : Response 200 OK
2026-04-04T13:37:42.657+05:30 DEBUG 4224 --- [CartOrderService] [DiscoveryClient-CacheRefreshExecutor-0] [                                                 ] o.s.web.client.RestTemplate              : Reading to [org.springframework.cloud.netflix.eureka.http.EurekaApplications]
2026-04-04T13:37:55.907+05:30  INFO 4224 --- [CartOrderService] [AsyncResolver-bootstrap-executor-0] [                                                 ] c.n.d.s.r.aws.ConfigClusterResolver      : Resolving eureka endpoints via configuration
2026-04-04T13:38:07.759+05:30 DEBUG 4224 --- [CartOrderService] [DiscoveryClient-HeartbeatExecutor-0] [                                                 ] o.s.web.client.RestTemplate              : HTTP PUT http://localhost:8761/eureka/apps/CARTORDERSERVICE/DESKTOP-ECRRR37.mshome.net:CartOrderService:8083?status=UP&lastDirtyTimestamp=1775285265677
2026-04-04T13:38:08.340+05:30 DEBUG 4224 --- [CartOrderService] [DiscoveryClient-HeartbeatExecutor-0] [                                                 ] o.s.web.client.RestTemplate              : Accept=[application/json, application/*+json]
2026-04-04T13:38:13.331+05:30 DEBUG 4224 --- [CartOrderService] [DiscoveryClient-HeartbeatExecutor-0] [                                                 ] o.s.web.client.RestTemplate              : Response 200 OK
2026-04-04T13:38:21.334+05:30 DEBUG 4224 --- [CartOrderService] [DiscoveryClient-CacheRefreshExecutor-0] [                                                 ] o.s.web.client.RestTemplate              : HTTP GET http://localhost:8761/eureka/apps/delta
2026-04-04T13:38:22.892+05:30 DEBUG 4224 --- [CartOrderService] [DiscoveryClient-CacheRefreshExecutor-0] [                                                 ] o.s.web.client.RestTemplate              : Accept=[application/json, application/*+json]
2026-04-04T13:38:22.907+05:30 DEBUG 4224 --- [CartOrderService] [DiscoveryClient-CacheRefreshExecutor-0] [                                                 ] o.s.web.client.RestTemplate              : Response 200 OK
2026-04-04T13:38:22.912+05:30 DEBUG 4224 --- [CartOrderService] [DiscoveryClient-CacheRefreshExecutor-0] [                                                 ] o.s.web.client.RestTemplate              : Reading to [org.springframework.cloud.netflix.eureka.http.EurekaApplications]
2026-04-04T13:38:43.342+05:30 DEBUG 4224 --- [CartOrderService] [DiscoveryClient-HeartbeatExecutor-0] [                                                 ] o.s.web.client.RestTemplate              : HTTP PUT http://localhost:8761/eureka/apps/CARTORDERSERVICE/DESKTOP-ECRRR37.mshome.net:CartOrderService:8083?status=UP&lastDirtyTimestamp=1775285265677
2026-04-04T13:38:43.344+05:30 DEBUG 4224 --- [CartOrderService] [DiscoveryClient-HeartbeatExecutor-0] [                                                 ] o.s.web.client.RestTemplate              : Accept=[application/json, application/*+json]
2026-04-04T13:38:43.607+05:30 DEBUG 4224 --- [CartOrderService] [DiscoveryClient-HeartbeatExecutor-0] [                                                 ] o.s.web.client.RestTemplate              : Response 200 OK
2026-04-04T13:38:52.933+05:30 DEBUG 4224 --- [CartOrderService] [DiscoveryClient-CacheRefreshExecutor-0] [                                                 ] o.s.web.client.RestTemplate              : HTTP GET http://localhost:8761/eureka/apps/delta
2026-04-04T13:38:52.933+05:30 DEBUG 4224 --- [CartOrderService] [DiscoveryClient-CacheRefreshExecutor-0] [                                                 ] o.s.web.client.RestTemplate              : Accept=[application/json, application/*+json]
2026-04-04T13:38:52.948+05:30 DEBUG 4224 --- [CartOrderService] [DiscoveryClient-CacheRefreshExecutor-0] [                                                 ] o.s.web.client.RestTemplate              : Response 200 OK
2026-04-04T13:38:52.948+05:30 DEBUG 4224 --- [CartOrderService] [DiscoveryClient-CacheRefreshExecutor-0] [                                                 ] o.s.web.client.RestTemplate              : Reading to [org.springframework.cloud.netflix.eureka.http.EurekaApplications]
2026-04-04T13:39:13.618+05:30 DEBUG 4224 --- [CartOrderService] [DiscoveryClient-HeartbeatExecutor-0] [                                                 ] o.s.web.client.RestTemplate              : HTTP PUT http://localhost:8761/eureka/apps/CARTORDERSERVICE/DESKTOP-ECRRR37.mshome.net:CartOrderService:8083?status=UP&lastDirtyTimestamp=1775285265677
2026-04-04T13:39:13.618+05:30 DEBUG 4224 --- [CartOrderService] [DiscoveryClient-HeartbeatExecutor-0] [                                                 ] o.s.web.client.RestTemplate              : Accept=[application/json, application/*+json]
2026-04-04T13:39:13.652+05:30 DEBUG 4224 --- [CartOrderService] [DiscoveryClient-HeartbeatExecutor-0] [                                                 ] o.s.web.client.RestTemplate              : Response 200 OK
2026-04-04T13:39:22.954+05:30 DEBUG 4224 --- [CartOrderService] [DiscoveryClient-CacheRefreshExecutor-0] [                                                 ] o.s.web.client.RestTemplate              : HTTP GET http://localhost:8761/eureka/apps/delta
2026-04-04T13:39:22.954+05:30 DEBUG 4224 --- [CartOrderService] [DiscoveryClient-CacheRefreshExecutor-0] [                                                 ] o.s.web.client.RestTemplate              : Accept=[application/json, application/*+json]
2026-04-04T13:39:22.973+05:30 DEBUG 4224 --- [CartOrderService] [DiscoveryClient-CacheRefreshExecutor-0] [                                                 ] o.s.web.client.RestTemplate              : Response 200 OK
2026-04-04T13:39:22.973+05:30 DEBUG 4224 --- [CartOrderService] [DiscoveryClient-CacheRefreshExecutor-0] [                                                 ] o.s.web.client.RestTemplate              : Reading to [org.springframework.cloud.netflix.eureka.http.EurekaApplications]
2026-04-04T13:39:43.689+05:30 DEBUG 4224 --- [CartOrderService] [DiscoveryClient-HeartbeatExecutor-0] [                                                 ] o.s.web.client.RestTemplate              : HTTP PUT http://localhost:8761/eureka/apps/CARTORDERSERVICE/DESKTOP-ECRRR37.mshome.net:CartOrderService:8083?status=UP&lastDirtyTimestamp=1775285265677
2026-04-04T13:39:43.689+05:30 DEBUG 4224 --- [CartOrderService] [DiscoveryClient-HeartbeatExecutor-0] [                                                 ] o.s.web.client.RestTemplate              : Accept=[application/json, application/*+json]
2026-04-04T13:39:43.704+05:30 DEBUG 4224 --- [CartOrderService] [DiscoveryClient-HeartbeatExecutor-0] [                                                 ] o.s.web.client.RestTemplate              : Response 200 OK
2026-04-04T13:39:52.979+05:30 DEBUG 4224 --- [CartOrderService] [DiscoveryClient-CacheRefreshExecutor-0] [                                                 ] o.s.web.client.RestTemplate              : HTTP GET http://localhost:8761/eureka/apps/delta
2026-04-04T13:39:52.979+05:30 DEBUG 4224 --- [CartOrderService] [DiscoveryClient-CacheRefreshExecutor-0] [                                                 ] o.s.web.client.RestTemplate              : Accept=[application/json, application/*+json]
2026-04-04T13:39:52.997+05:30 DEBUG 4224 --- [CartOrderService] [DiscoveryClient-CacheRefreshExecutor-0] [                                                 ] o.s.web.client.RestTemplate              : Response 200 OK
2026-04-04T13:39:52.998+05:30 DEBUG 4224 --- [CartOrderService] [DiscoveryClient-CacheRefreshExecutor-0] [                                                 ] o.s.web.client.RestTemplate              : Reading to [org.springframework.cloud.netflix.eureka.http.EurekaApplications]
2026-04-04T13:40:20.803+05:30 DEBUG 4224 --- [CartOrderService] [DiscoveryClient-HeartbeatExecutor-0] [                                                 ] o.s.web.client.RestTemplate              : HTTP PUT http://localhost:8761/eureka/apps/CARTORDERSERVICE/DESKTOP-ECRRR37.mshome.net:CartOrderService:8083?status=UP&lastDirtyTimestamp=1775285265677
2026-04-04T13:40:20.833+05:30 DEBUG 4224 --- [CartOrderService] [DiscoveryClient-HeartbeatExecutor-0] [                                                 ] o.s.web.client.RestTemplate              : Accept=[application/json, application/*+json]
2026-04-04T13:40:20.846+05:30 DEBUG 4224 --- [CartOrderService] [DiscoveryClient-HeartbeatExecutor-0] [                                                 ] o.s.web.client.RestTemplate              : Response 200 OK
2026-04-04T13:40:23.006+05:30 DEBUG 4224 --- [CartOrderService] [DiscoveryClient-CacheRefreshExecutor-0] [                                                 ] o.s.web.client.RestTemplate              : HTTP GET http://localhost:8761/eureka/apps/delta
2026-04-04T13:40:23.007+05:30 DEBUG 4224 --- [CartOrderService] [DiscoveryClient-CacheRefreshExecutor-0] [                                                 ] o.s.web.client.RestTemplate              : Accept=[application/json, application/*+json]
2026-04-04T13:40:23.029+05:30 DEBUG 4224 --- [CartOrderService] [DiscoveryClient-CacheRefreshExecutor-0] [                                                 ] o.s.web.client.RestTemplate              : Response 200 OK
2026-04-04T13:40:23.029+05:30 DEBUG 4224 --- [CartOrderService] [DiscoveryClient-CacheRefreshExecutor-0] [                                                 ] o.s.web.client.RestTemplate              : Reading to [org.springframework.cloud.netflix.eureka.http.EurekaApplications]
2026-04-04T13:40:50.858+05:30 DEBUG 4224 --- [CartOrderService] [DiscoveryClient-HeartbeatExecutor-0] [                                                 ] o.s.web.client.RestTemplate              : HTTP PUT http://localhost:8761/eureka/apps/CARTORDERSERVICE/DESKTOP-ECRRR37.mshome.net:CartOrderService:8083?status=UP&lastDirtyTimestamp=1775285265677
2026-04-04T13:40:50.858+05:30 DEBUG 4224 --- [CartOrderService] [DiscoveryClient-HeartbeatExecutor-0] [                                                 ] o.s.web.client.RestTemplate              : Accept=[application/json, application/*+json]
2026-04-04T13:40:50.875+05:30 DEBUG 4224 --- [CartOrderService] [DiscoveryClient-HeartbeatExecutor-0] [                                                 ] o.s.web.client.RestTemplate              : Response 200 OK
2026-04-04T13:40:53.035+05:30 DEBUG 4224 --- [CartOrderService] [DiscoveryClient-CacheRefreshExecutor-0] [                                                 ] o.s.web.client.RestTemplate              : HTTP GET http://localhost:8761/eureka/apps/delta
2026-04-04T13:40:53.035+05:30 DEBUG 4224 --- [CartOrderService] [DiscoveryClient-CacheRefreshExecutor-0] [                                                 ] o.s.web.client.RestTemplate              : Accept=[application/json, application/*+json]
2026-04-04T13:40:53.052+05:30 DEBUG 4224 --- [CartOrderService] [DiscoveryClient-CacheRefreshExecutor-0] [                                                 ] o.s.web.client.RestTemplate              : Response 200 OK
2026-04-04T13:40:53.064+05:30 DEBUG 4224 --- [CartOrderService] [DiscoveryClient-CacheRefreshExecutor-0] [                                                 ] o.s.web.client.RestTemplate              : Reading to [org.springframework.cloud.netflix.eureka.http.EurekaApplications]
2026-04-04T13:41:20.887+05:30 DEBUG 4224 --- [CartOrderService] [DiscoveryClient-HeartbeatExecutor-0] [                                                 ] o.s.web.client.RestTemplate              : HTTP PUT http://localhost:8761/eureka/apps/CARTORDERSERVICE/DESKTOP-ECRRR37.mshome.net:CartOrderService:8083?status=UP&lastDirtyTimestamp=1775285265677
2026-04-04T13:41:20.887+05:30 DEBUG 4224 --- [CartOrderService] [DiscoveryClient-HeartbeatExecutor-0] [                                                 ] o.s.web.client.RestTemplate              : Accept=[application/json, application/*+json]
2026-04-04T13:41:20.904+05:30 DEBUG 4224 --- [CartOrderService] [DiscoveryClient-HeartbeatExecutor-0] [                                                 ] o.s.web.client.RestTemplate              : Response 200 OK
2026-04-04T13:41:23.078+05:30 DEBUG 4224 --- [CartOrderService] [DiscoveryClient-CacheRefreshExecutor-0] [                                                 ] o.s.web.client.RestTemplate              : HTTP GET http://localhost:8761/eureka/apps/delta
2026-04-04T13:41:23.078+05:30 DEBUG 4224 --- [CartOrderService] [DiscoveryClient-CacheRefreshExecutor-0] [                                                 ] o.s.web.client.RestTemplate              : Accept=[application/json, application/*+json]
2026-04-04T13:41:23.094+05:30 DEBUG 4224 --- [CartOrderService] [DiscoveryClient-CacheRefreshExecutor-0] [                                                 ] o.s.web.client.RestTemplate              : Response 200 OK
2026-04-04T13:41:23.095+05:30 DEBUG 4224 --- [CartOrderService] [DiscoveryClient-CacheRefreshExecutor-0] [                                                 ] o.s.web.client.RestTemplate              : Reading to [org.springframework.cloud.netflix.eureka.http.EurekaApplications]
2026-04-04T13:41:50.915+05:30 DEBUG 4224 --- [CartOrderService] [DiscoveryClient-HeartbeatExecutor-0] [                                                 ] o.s.web.client.RestTemplate              : HTTP PUT http://localhost:8761/eureka/apps/CARTORDERSERVICE/DESKTOP-ECRRR37.mshome.net:CartOrderService:8083?status=UP&lastDirtyTimestamp=1775285265677
2026-04-04T13:41:50.916+05:30 DEBUG 4224 --- [CartOrderService] [DiscoveryClient-HeartbeatExecutor-0] [                                                 ] o.s.web.client.RestTemplate              : Accept=[application/json, application/*+json]
2026-04-04T13:41:50.933+05:30 DEBUG 4224 --- [CartOrderService] [DiscoveryClient-HeartbeatExecutor-0] [                                                 ] o.s.web.client.RestTemplate              : Response 200 OK
2026-04-04T13:41:53.106+05:30 DEBUG 4224 --- [CartOrderService] [DiscoveryClient-CacheRefreshExecutor-0] [                                                 ] o.s.web.client.RestTemplate              : HTTP GET http://localhost:8761/eureka/apps/delta
2026-04-04T13:41:53.106+05:30 DEBUG 4224 --- [CartOrderService] [DiscoveryClient-CacheRefreshExecutor-0] [                                                 ] o.s.web.client.RestTemplate              : Accept=[application/json, application/*+json]
2026-04-04T13:41:53.124+05:30 DEBUG 4224 --- [CartOrderService] [DiscoveryClient-CacheRefreshExecutor-0] [                                                 ] o.s.web.client.RestTemplate              : Response 200 OK
2026-04-04T13:41:53.124+05:30 DEBUG 4224 --- [CartOrderService] [DiscoveryClient-CacheRefreshExecutor-0] [                                                 ] o.s.web.client.RestTemplate              : Reading to [org.springframework.cloud.netflix.eureka.http.EurekaApplications]
2026-04-04T13:42:20.940+05:30 DEBUG 4224 --- [CartOrderService] [DiscoveryClient-HeartbeatExecutor-0] [                                                 ] o.s.web.client.RestTemplate              : HTTP PUT http://localhost:8761/eureka/apps/CARTORDERSERVICE/DESKTOP-ECRRR37.mshome.net:CartOrderService:8083?status=UP&lastDirtyTimestamp=1775285265677
2026-04-04T13:42:20.941+05:30 DEBUG 4224 --- [CartOrderService] [DiscoveryClient-HeartbeatExecutor-0] [                                                 ] o.s.web.client.RestTemplate              : Accept=[application/json, application/*+json]
2026-04-04T13:42:20.972+05:30 DEBUG 4224 --- [CartOrderService] [DiscoveryClient-HeartbeatExecutor-0] [                                                 ] o.s.web.client.RestTemplate              : Response 200 OK
2026-04-04T13:42:23.128+05:30 DEBUG 4224 --- [CartOrderService] [DiscoveryClient-CacheRefreshExecutor-0] [                                                 ] o.s.web.client.RestTemplate              : HTTP GET http://localhost:8761/eureka/apps/delta
2026-04-04T13:42:23.128+05:30 DEBUG 4224 --- [CartOrderService] [DiscoveryClient-CacheRefreshExecutor-0] [                                                 ] o.s.web.client.RestTemplate              : Accept=[application/json, application/*+json]
2026-04-04T13:42:23.181+05:30 DEBUG 4224 --- [CartOrderService] [DiscoveryClient-CacheRefreshExecutor-0] [                                                 ] o.s.web.client.RestTemplate              : Response 200 OK
2026-04-04T13:42:23.182+05:30 DEBUG 4224 --- [CartOrderService] [DiscoveryClient-CacheRefreshExecutor-0] [                                                 ] o.s.web.client.RestTemplate              : Reading to [org.springframework.cloud.netflix.eureka.http.EurekaApplications]
2026-04-04T13:42:50.978+05:30 DEBUG 4224 --- [CartOrderService] [DiscoveryClient-HeartbeatExecutor-0] [                                                 ] o.s.web.client.RestTemplate              : HTTP PUT http://localhost:8761/eureka/apps/CARTORDERSERVICE/DESKTOP-ECRRR37.mshome.net:CartOrderService:8083?status=UP&lastDirtyTimestamp=1775285265677
2026-04-04T13:42:50.978+05:30 DEBUG 4224 --- [CartOrderService] [DiscoveryClient-HeartbeatExecutor-0] [                                                 ] o.s.web.client.RestTemplate              : Accept=[application/json, application/*+json]
2026-04-04T13:42:50.994+05:30 DEBUG 4224 --- [CartOrderService] [DiscoveryClient-HeartbeatExecutor-0] [                                                 ] o.s.web.client.RestTemplate              : Response 200 OK
2026-04-04T13:42:53.197+05:30 DEBUG 4224 --- [CartOrderService] [DiscoveryClient-CacheRefreshExecutor-0] [                                                 ] o.s.web.client.RestTemplate              : HTTP GET http://localhost:8761/eureka/apps/delta
2026-04-04T13:42:53.197+05:30 DEBUG 4224 --- [CartOrderService] [DiscoveryClient-CacheRefreshExecutor-0] [                                                 ] o.s.web.client.RestTemplate              : Accept=[application/json, application/*+json]
2026-04-04T13:42:53.214+05:30 DEBUG 4224 --- [CartOrderService] [DiscoveryClient-CacheRefreshExecutor-0] [                                                 ] o.s.web.client.RestTemplate              : Response 200 OK
2026-04-04T13:42:53.215+05:30 DEBUG 4224 --- [CartOrderService] [DiscoveryClient-CacheRefreshExecutor-0] [                                                 ] o.s.web.client.RestTemplate              : Reading to [org.springframework.cloud.netflix.eureka.http.EurekaApplications]
2026-04-04T13:42:55.969+05:30  INFO 4224 --- [CartOrderService] [AsyncResolver-bootstrap-executor-0] [                                                 ] c.n.d.s.r.aws.ConfigClusterResolver      : Resolving eureka endpoints via configuration
2026-04-04T13:43:21.005+05:30 DEBUG 4224 --- [CartOrderService] [DiscoveryClient-HeartbeatExecutor-0] [                                                 ] o.s.web.client.RestTemplate              : HTTP PUT http://localhost:8761/eureka/apps/CARTORDERSERVICE/DESKTOP-ECRRR37.mshome.net:CartOrderService:8083?status=UP&lastDirtyTimestamp=1775285265677
2026-04-04T13:43:21.008+05:30 DEBUG 4224 --- [CartOrderService] [DiscoveryClient-HeartbeatExecutor-0] [                                                 ] o.s.web.client.RestTemplate              : Accept=[application/json, application/*+json]
2026-04-04T13:43:21.022+05:30 DEBUG 4224 --- [CartOrderService] [DiscoveryClient-HeartbeatExecutor-0] [                                                 ] o.s.web.client.RestTemplate              : Response 200 OK
2026-04-04T13:43:23.226+05:30 DEBUG 4224 --- [CartOrderService] [DiscoveryClient-CacheRefreshExecutor-0] [                                                 ] o.s.web.client.RestTemplate              : HTTP GET http://localhost:8761/eureka/apps/delta
2026-04-04T13:43:23.226+05:30 DEBUG 4224 --- [CartOrderService] [DiscoveryClient-CacheRefreshExecutor-0] [                                                 ] o.s.web.client.RestTemplate              : Accept=[application/json, application/*+json]
2026-04-04T13:43:23.243+05:30 DEBUG 4224 --- [CartOrderService] [DiscoveryClient-CacheRefreshExecutor-0] [                                                 ] o.s.web.client.RestTemplate              : Response 200 OK
2026-04-04T13:43:23.243+05:30 DEBUG 4224 --- [CartOrderService] [DiscoveryClient-CacheRefreshExecutor-0] [                                                 ] o.s.web.client.RestTemplate              : Reading to [org.springframework.cloud.netflix.eureka.http.EurekaApplications]
2026-04-04T13:43:51.040+05:30 DEBUG 4224 --- [CartOrderService] [DiscoveryClient-HeartbeatExecutor-0] [                                                 ] o.s.web.client.RestTemplate              : HTTP PUT http://localhost:8761/eureka/apps/CARTORDERSERVICE/DESKTOP-ECRRR37.mshome.net:CartOrderService:8083?status=UP&lastDirtyTimestamp=1775285265677
2026-04-04T13:43:51.040+05:30 DEBUG 4224 --- [CartOrderService] [DiscoveryClient-HeartbeatExecutor-0] [                                                 ] o.s.web.client.RestTemplate              : Accept=[application/json, application/*+json]
2026-04-04T13:43:51.991+05:30 DEBUG 4224 --- [CartOrderService] [DiscoveryClient-HeartbeatExecutor-0] [                                                 ] o.s.web.client.RestTemplate              : Response 200 OK
2026-04-04T13:43:53.258+05:30 DEBUG 4224 --- [CartOrderService] [DiscoveryClient-CacheRefreshExecutor-0] [                                                 ] o.s.web.client.RestTemplate              : HTTP GET http://localhost:8761/eureka/apps/delta
2026-04-04T13:43:53.372+05:30 DEBUG 4224 --- [CartOrderService] [DiscoveryClient-CacheRefreshExecutor-0] [                                                 ] o.s.web.client.RestTemplate              : Accept=[application/json, application/*+json]
2026-04-04T13:43:53.587+05:30 DEBUG 4224 --- [CartOrderService] [DiscoveryClient-CacheRefreshExecutor-0] [                                                 ] o.s.web.client.RestTemplate              : Response 200 OK
2026-04-04T13:43:53.588+05:30 DEBUG 4224 --- [CartOrderService] [DiscoveryClient-CacheRefreshExecutor-0] [                                                 ] o.s.web.client.RestTemplate              : Reading to [org.springframework.cloud.netflix.eureka.http.EurekaApplications]
2026-04-04T13:44:22.003+05:30 DEBUG 4224 --- [CartOrderService] [DiscoveryClient-HeartbeatExecutor-0] [                                                 ] o.s.web.client.RestTemplate              : HTTP PUT http://localhost:8761/eureka/apps/CARTORDERSERVICE/DESKTOP-ECRRR37.mshome.net:CartOrderService:8083?status=UP&lastDirtyTimestamp=1775285265677
2026-04-04T13:44:22.005+05:30 DEBUG 4224 --- [CartOrderService] [DiscoveryClient-HeartbeatExecutor-0] [                                                 ] o.s.web.client.RestTemplate              : Accept=[application/json, application/*+json]
2026-04-04T13:44:22.021+05:30 DEBUG 4224 --- [CartOrderService] [DiscoveryClient-HeartbeatExecutor-0] [                                                 ] o.s.web.client.RestTemplate              : Response 200 OK
2026-04-04T13:44:23.854+05:30 DEBUG 4224 --- [CartOrderService] [DiscoveryClient-CacheRefreshExecutor-0] [                                                 ] o.s.web.client.RestTemplate              : HTTP GET http://localhost:8761/eureka/apps/delta
2026-04-04T13:44:23.855+05:30 DEBUG 4224 --- [CartOrderService] [DiscoveryClient-CacheRefreshExecutor-0] [                                                 ] o.s.web.client.RestTemplate              : Accept=[application/json, application/*+json]
2026-04-04T13:44:23.859+05:30 DEBUG 4224 --- [CartOrderService] [DiscoveryClient-CacheRefreshExecutor-0] [                                                 ] o.s.web.client.RestTemplate              : Response 200 OK
2026-04-04T13:44:23.860+05:30 DEBUG 4224 --- [CartOrderService] [DiscoveryClient-CacheRefreshExecutor-0] [                                                 ] o.s.web.client.RestTemplate              : Reading to [org.springframework.cloud.netflix.eureka.http.EurekaApplications]
2026-04-04T13:44:52.024+05:30 DEBUG 4224 --- [CartOrderService] [DiscoveryClient-HeartbeatExecutor-0] [                                                 ] o.s.web.client.RestTemplate              : HTTP PUT http://localhost:8761/eureka/apps/CARTORDERSERVICE/DESKTOP-ECRRR37.mshome.net:CartOrderService:8083?status=UP&lastDirtyTimestamp=1775285265677
2026-04-04T13:44:52.025+05:30 DEBUG 4224 --- [CartOrderService] [DiscoveryClient-HeartbeatExecutor-0] [                                                 ] o.s.web.client.RestTemplate              : Accept=[application/json, application/*+json]
2026-04-04T13:44:52.335+05:30 DEBUG 4224 --- [CartOrderService] [DiscoveryClient-HeartbeatExecutor-0] [                                                 ] o.s.web.client.RestTemplate              : Response 200 OK
2026-04-04T13:44:53.863+05:30 DEBUG 4224 --- [CartOrderService] [DiscoveryClient-CacheRefreshExecutor-0] [                                                 ] o.s.web.client.RestTemplate              : HTTP GET http://localhost:8761/eureka/apps/delta
2026-04-04T13:44:53.863+05:30 DEBUG 4224 --- [CartOrderService] [DiscoveryClient-CacheRefreshExecutor-0] [                                                 ] o.s.web.client.RestTemplate              : Accept=[application/json, application/*+json]
2026-04-04T13:44:53.868+05:30 DEBUG 4224 --- [CartOrderService] [DiscoveryClient-CacheRefreshExecutor-0] [                                                 ] o.s.web.client.RestTemplate              : Response 200 OK
2026-04-04T13:44:53.869+05:30 DEBUG 4224 --- [CartOrderService] [DiscoveryClient-CacheRefreshExecutor-0] [                                                 ] o.s.web.client.RestTemplate              : Reading to [org.springframework.cloud.netflix.eureka.http.EurekaApplications]
2026-04-04T13:45:22.339+05:30 DEBUG 4224 --- [CartOrderService] [DiscoveryClient-HeartbeatExecutor-0] [                                                 ] o.s.web.client.RestTemplate              : HTTP PUT http://localhost:8761/eureka/apps/CARTORDERSERVICE/DESKTOP-ECRRR37.mshome.net:CartOrderService:8083?status=UP&lastDirtyTimestamp=1775285265677
2026-04-04T13:45:22.341+05:30 DEBUG 4224 --- [CartOrderService] [DiscoveryClient-HeartbeatExecutor-0] [                                                 ] o.s.web.client.RestTemplate              : Accept=[application/json, application/*+json]
2026-04-04T13:45:22.357+05:30 DEBUG 4224 --- [CartOrderService] [DiscoveryClient-HeartbeatExecutor-0] [                                                 ] o.s.web.client.RestTemplate              : Response 200 OK
2026-04-04T13:45:23.874+05:30 DEBUG 4224 --- [CartOrderService] [DiscoveryClient-CacheRefreshExecutor-0] [                                                 ] o.s.web.client.RestTemplate              : HTTP GET http://localhost:8761/eureka/apps/delta
2026-04-04T13:45:23.875+05:30 DEBUG 4224 --- [CartOrderService] [DiscoveryClient-CacheRefreshExecutor-0] [                                                 ] o.s.web.client.RestTemplate              : Accept=[application/json, application/*+json]
2026-04-04T13:45:23.919+05:30 DEBUG 4224 --- [CartOrderService] [DiscoveryClient-CacheRefreshExecutor-0] [                                                 ] o.s.web.client.RestTemplate              : Response 200 OK
2026-04-04T13:45:23.919+05:30 DEBUG 4224 --- [CartOrderService] [DiscoveryClient-CacheRefreshExecutor-0] [                                                 ] o.s.web.client.RestTemplate              : Reading to [org.springframework.cloud.netflix.eureka.http.EurekaApplications]
2026-04-04T13:45:52.367+05:30 DEBUG 4224 --- [CartOrderService] [DiscoveryClient-HeartbeatExecutor-0] [                                                 ] o.s.web.client.RestTemplate              : HTTP PUT http://localhost:8761/eureka/apps/CARTORDERSERVICE/DESKTOP-ECRRR37.mshome.net:CartOrderService:8083?status=UP&lastDirtyTimestamp=1775285265677
2026-04-04T13:45:52.368+05:30 DEBUG 4224 --- [CartOrderService] [DiscoveryClient-HeartbeatExecutor-0] [                                                 ] o.s.web.client.RestTemplate              : Accept=[application/json, application/*+json]
2026-04-04T13:45:52.384+05:30 DEBUG 4224 --- [CartOrderService] [DiscoveryClient-HeartbeatExecutor-0] [                                                 ] o.s.web.client.RestTemplate              : Response 200 OK
2026-04-04T13:45:53.926+05:30 DEBUG 4224 --- [CartOrderService] [DiscoveryClient-CacheRefreshExecutor-0] [                                                 ] o.s.web.client.RestTemplate              : HTTP GET http://localhost:8761/eureka/apps/delta
2026-04-04T13:45:53.926+05:30 DEBUG 4224 --- [CartOrderService] [DiscoveryClient-CacheRefreshExecutor-0] [                                                 ] o.s.web.client.RestTemplate              : Accept=[application/json, application/*+json]
2026-04-04T13:45:53.929+05:30 DEBUG 4224 --- [CartOrderService] [DiscoveryClient-CacheRefreshExecutor-0] [                                                 ] o.s.web.client.RestTemplate              : Response 200 OK
2026-04-04T13:45:53.929+05:30 DEBUG 4224 --- [CartOrderService] [DiscoveryClient-CacheRefreshExecutor-0] [                                                 ] o.s.web.client.RestTemplate              : Reading to [org.springframework.cloud.netflix.eureka.http.EurekaApplications]
2026-04-04T13:46:22.400+05:30 DEBUG 4224 --- [CartOrderService] [DiscoveryClient-HeartbeatExecutor-0] [                                                 ] o.s.web.client.RestTemplate              : HTTP PUT http://localhost:8761/eureka/apps/CARTORDERSERVICE/DESKTOP-ECRRR37.mshome.net:CartOrderService:8083?status=UP&lastDirtyTimestamp=1775285265677
2026-04-04T13:46:22.401+05:30 DEBUG 4224 --- [CartOrderService] [DiscoveryClient-HeartbeatExecutor-0] [                                                 ] o.s.web.client.RestTemplate              : Accept=[application/json, application/*+json]
2026-04-04T13:46:22.417+05:30 DEBUG 4224 --- [CartOrderService] [DiscoveryClient-HeartbeatExecutor-0] [                                                 ] o.s.web.client.RestTemplate              : Response 200 OK
2026-04-04T13:46:23.934+05:30 DEBUG 4224 --- [CartOrderService] [DiscoveryClient-CacheRefreshExecutor-0] [                                                 ] o.s.web.client.RestTemplate              : HTTP GET http://localhost:8761/eureka/apps/delta
2026-04-04T13:46:23.935+05:30 DEBUG 4224 --- [CartOrderService] [DiscoveryClient-CacheRefreshExecutor-0] [                                                 ] o.s.web.client.RestTemplate              : Accept=[application/json, application/*+json]
2026-04-04T13:46:23.938+05:30 DEBUG 4224 --- [CartOrderService] [DiscoveryClient-CacheRefreshExecutor-0] [                                                 ] o.s.web.client.RestTemplate              : Response 200 OK
2026-04-04T13:46:23.938+05:30 DEBUG 4224 --- [CartOrderService] [DiscoveryClient-CacheRefreshExecutor-0] [                                                 ] o.s.web.client.RestTemplate              : Reading to [org.springframework.cloud.netflix.eureka.http.EurekaApplications]
2026-04-04T13:46:52.419+05:30 DEBUG 4224 --- [CartOrderService] [DiscoveryClient-HeartbeatExecutor-0] [                                                 ] o.s.web.client.RestTemplate              : HTTP PUT http://localhost:8761/eureka/apps/CARTORDERSERVICE/DESKTOP-ECRRR37.mshome.net:CartOrderService:8083?status=UP&lastDirtyTimestamp=1775285265677
2026-04-04T13:46:52.419+05:30 DEBUG 4224 --- [CartOrderService] [DiscoveryClient-HeartbeatExecutor-0] [                                                 ] o.s.web.client.RestTemplate              : Accept=[application/json, application/*+json]
2026-04-04T13:46:52.437+05:30 DEBUG 4224 --- [CartOrderService] [DiscoveryClient-HeartbeatExecutor-0] [                                                 ] o.s.web.client.RestTemplate              : Response 200 OK
2026-04-04T13:46:53.998+05:30 DEBUG 4224 --- [CartOrderService] [DiscoveryClient-CacheRefreshExecutor-0] [                                                 ] o.s.web.client.RestTemplate              : HTTP GET http://localhost:8761/eureka/apps/delta
2026-04-04T13:46:53.999+05:30 DEBUG 4224 --- [CartOrderService] [DiscoveryClient-CacheRefreshExecutor-0] [                                                 ] o.s.web.client.RestTemplate              : Accept=[application/json, application/*+json]
2026-04-04T13:46:54.002+05:30 DEBUG 4224 --- [CartOrderService] [DiscoveryClient-CacheRefreshExecutor-0] [                                                 ] o.s.web.client.RestTemplate              : Response 200 OK
2026-04-04T13:46:54.002+05:30 DEBUG 4224 --- [CartOrderService] [DiscoveryClient-CacheRefreshExecutor-0] [                                                 ] o.s.web.client.RestTemplate              : Reading to [org.springframework.cloud.netflix.eureka.http.EurekaApplications]
2026-04-04T13:47:22.448+05:30 DEBUG 4224 --- [CartOrderService] [DiscoveryClient-HeartbeatExecutor-0] [                                                 ] o.s.web.client.RestTemplate              : HTTP PUT http://localhost:8761/eureka/apps/CARTORDERSERVICE/DESKTOP-ECRRR37.mshome.net:CartOrderService:8083?status=UP&lastDirtyTimestamp=1775285265677
2026-04-04T13:47:22.787+05:30 DEBUG 4224 --- [CartOrderService] [DiscoveryClient-HeartbeatExecutor-0] [                                                 ] o.s.web.client.RestTemplate              : Accept=[application/json, application/*+json]
2026-04-04T13:47:24.062+05:30 DEBUG 4224 --- [CartOrderService] [DiscoveryClient-CacheRefreshExecutor-0] [                                                 ] o.s.web.client.RestTemplate              : HTTP GET http://localhost:8761/eureka/apps/delta
2026-04-04T13:47:24.063+05:30 DEBUG 4224 --- [CartOrderService] [DiscoveryClient-CacheRefreshExecutor-0] [                                                 ] o.s.web.client.RestTemplate              : Accept=[application/json, application/*+json]
2026-04-04T13:47:29.307+05:30 DEBUG 4224 --- [CartOrderService] [DiscoveryClient-HeartbeatExecutor-0] [                                                 ] o.s.web.client.RestTemplate              : Response 200 OK
2026-04-04T13:47:31.046+05:30 DEBUG 4224 --- [CartOrderService] [DiscoveryClient-CacheRefreshExecutor-0] [                                                 ] o.s.web.client.RestTemplate              : Response 200 OK
2026-04-04T13:47:31.047+05:30 DEBUG 4224 --- [CartOrderService] [DiscoveryClient-CacheRefreshExecutor-0] [                                                 ] o.s.web.client.RestTemplate              : Reading to [org.springframework.cloud.netflix.eureka.http.EurekaApplications]
2026-04-04T13:47:55.989+05:30  INFO 4224 --- [CartOrderService] [AsyncResolver-bootstrap-executor-0] [                                                 ] c.n.d.s.r.aws.ConfigClusterResolver      : Resolving eureka endpoints via configuration
2026-04-04T13:47:59.330+05:30 DEBUG 4224 --- [CartOrderService] [DiscoveryClient-HeartbeatExecutor-0] [                                                 ] o.s.web.client.RestTemplate              : HTTP PUT http://localhost:8761/eureka/apps/CARTORDERSERVICE/DESKTOP-ECRRR37.mshome.net:CartOrderService:8083?status=UP&lastDirtyTimestamp=1775285265677
2026-04-04T13:47:59.330+05:30 DEBUG 4224 --- [CartOrderService] [DiscoveryClient-HeartbeatExecutor-0] [                                                 ] o.s.web.client.RestTemplate              : Accept=[application/json, application/*+json]
2026-04-04T13:47:59.348+05:30 DEBUG 4224 --- [CartOrderService] [DiscoveryClient-HeartbeatExecutor-0] [                                                 ] o.s.web.client.RestTemplate              : Response 200 OK
2026-04-04T13:48:01.054+05:30 DEBUG 4224 --- [CartOrderService] [DiscoveryClient-CacheRefreshExecutor-0] [                                                 ] o.s.web.client.RestTemplate              : HTTP GET http://localhost:8761/eureka/apps/delta
2026-04-04T13:48:01.054+05:30 DEBUG 4224 --- [CartOrderService] [DiscoveryClient-CacheRefreshExecutor-0] [                                                 ] o.s.web.client.RestTemplate              : Accept=[application/json, application/*+json]
2026-04-04T13:48:01.089+05:30 DEBUG 4224 --- [CartOrderService] [DiscoveryClient-CacheRefreshExecutor-0] [                                                 ] o.s.web.client.RestTemplate              : Response 200 OK
2026-04-04T13:48:01.090+05:30 DEBUG 4224 --- [CartOrderService] [DiscoveryClient-CacheRefreshExecutor-0] [                                                 ] o.s.web.client.RestTemplate              : Reading to [org.springframework.cloud.netflix.eureka.http.EurekaApplications]
2026-04-04T13:48:29.363+05:30 DEBUG 4224 --- [CartOrderService] [DiscoveryClient-HeartbeatExecutor-0] [                                                 ] o.s.web.client.RestTemplate              : HTTP PUT http://localhost:8761/eureka/apps/CARTORDERSERVICE/DESKTOP-ECRRR37.mshome.net:CartOrderService:8083?status=UP&lastDirtyTimestamp=1775285265677
2026-04-04T13:48:29.364+05:30 DEBUG 4224 --- [CartOrderService] [DiscoveryClient-HeartbeatExecutor-0] [                                                 ] o.s.web.client.RestTemplate              : Accept=[application/json, application/*+json]
2026-04-04T13:48:29.380+05:30 DEBUG 4224 --- [CartOrderService] [DiscoveryClient-HeartbeatExecutor-0] [                                                 ] o.s.web.client.RestTemplate              : Response 200 OK
2026-04-04T13:48:31.102+05:30 DEBUG 4224 --- [CartOrderService] [DiscoveryClient-CacheRefreshExecutor-0] [                                                 ] o.s.web.client.RestTemplate              : HTTP GET http://localhost:8761/eureka/apps/delta
2026-04-04T13:48:31.103+05:30 DEBUG 4224 --- [CartOrderService] [DiscoveryClient-CacheRefreshExecutor-0] [                                                 ] o.s.web.client.RestTemplate              : Accept=[application/json, application/*+json]
2026-04-04T13:48:31.105+05:30 DEBUG 4224 --- [CartOrderService] [DiscoveryClient-CacheRefreshExecutor-0] [                                                 ] o.s.web.client.RestTemplate              : Response 200 OK
2026-04-04T13:48:31.105+05:30 DEBUG 4224 --- [CartOrderService] [DiscoveryClient-CacheRefreshExecutor-0] [                                                 ] o.s.web.client.RestTemplate              : Reading to [org.springframework.cloud.netflix.eureka.http.EurekaApplications]
2026-04-04T13:48:59.392+05:30 DEBUG 4224 --- [CartOrderService] [DiscoveryClient-HeartbeatExecutor-0] [                                                 ] o.s.web.client.RestTemplate              : HTTP PUT http://localhost:8761/eureka/apps/CARTORDERSERVICE/DESKTOP-ECRRR37.mshome.net:CartOrderService:8083?status=UP&lastDirtyTimestamp=1775285265677
2026-04-04T13:48:59.393+05:30 DEBUG 4224 --- [CartOrderService] [DiscoveryClient-HeartbeatExecutor-0] [                                                 ] o.s.web.client.RestTemplate              : Accept=[application/json, application/*+json]
2026-04-04T13:48:59.409+05:30 DEBUG 4224 --- [CartOrderService] [DiscoveryClient-HeartbeatExecutor-0] [                                                 ] o.s.web.client.RestTemplate              : Response 200 OK
2026-04-04T13:49:01.113+05:30 DEBUG 4224 --- [CartOrderService] [DiscoveryClient-CacheRefreshExecutor-0] [                                                 ] o.s.web.client.RestTemplate              : HTTP GET http://localhost:8761/eureka/apps/delta
2026-04-04T13:49:01.113+05:30 DEBUG 4224 --- [CartOrderService] [DiscoveryClient-CacheRefreshExecutor-0] [                                                 ] o.s.web.client.RestTemplate              : Accept=[application/json, application/*+json]
2026-04-04T13:49:01.115+05:30 DEBUG 4224 --- [CartOrderService] [DiscoveryClient-CacheRefreshExecutor-0] [                                                 ] o.s.web.client.RestTemplate              : Response 200 OK
2026-04-04T13:49:01.115+05:30 DEBUG 4224 --- [CartOrderService] [DiscoveryClient-CacheRefreshExecutor-0] [                                                 ] o.s.web.client.RestTemplate              : Reading to [org.springframework.cloud.netflix.eureka.http.EurekaApplications]
2026-04-04T13:49:29.413+05:30 DEBUG 4224 --- [CartOrderService] [DiscoveryClient-HeartbeatExecutor-0] [                                                 ] o.s.web.client.RestTemplate              : HTTP PUT http://localhost:8761/eureka/apps/CARTORDERSERVICE/DESKTOP-ECRRR37.mshome.net:CartOrderService:8083?status=UP&lastDirtyTimestamp=1775285265677
2026-04-04T13:49:29.414+05:30 DEBUG 4224 --- [CartOrderService] [DiscoveryClient-HeartbeatExecutor-0] [                                                 ] o.s.web.client.RestTemplate              : Accept=[application/json, application/*+json]
2026-04-04T13:49:29.431+05:30 DEBUG 4224 --- [CartOrderService] [DiscoveryClient-HeartbeatExecutor-0] [                                                 ] o.s.web.client.RestTemplate              : Response 200 OK
2026-04-04T13:49:31.121+05:30 DEBUG 4224 --- [CartOrderService] [DiscoveryClient-CacheRefreshExecutor-0] [                                                 ] o.s.web.client.RestTemplate              : HTTP GET http://localhost:8761/eureka/apps/delta
2026-04-04T13:49:31.122+05:30 DEBUG 4224 --- [CartOrderService] [DiscoveryClient-CacheRefreshExecutor-0] [                                                 ] o.s.web.client.RestTemplate              : Accept=[application/json, application/*+json]
2026-04-04T13:49:31.126+05:30 DEBUG 4224 --- [CartOrderService] [DiscoveryClient-CacheRefreshExecutor-0] [                                                 ] o.s.web.client.RestTemplate              : Response 200 OK
2026-04-04T13:49:31.126+05:30 DEBUG 4224 --- [CartOrderService] [DiscoveryClient-CacheRefreshExecutor-0] [                                                 ] o.s.web.client.RestTemplate              : Reading to [org.springframework.cloud.netflix.eureka.http.EurekaApplications]
2026-04-04T13:49:59.433+05:30 DEBUG 4224 --- [CartOrderService] [DiscoveryClient-HeartbeatExecutor-0] [                                                 ] o.s.web.client.RestTemplate              : HTTP PUT http://localhost:8761/eureka/apps/CARTORDERSERVICE/DESKTOP-ECRRR37.mshome.net:CartOrderService:8083?status=UP&lastDirtyTimestamp=1775285265677
2026-04-04T13:49:59.434+05:30 DEBUG 4224 --- [CartOrderService] [DiscoveryClient-HeartbeatExecutor-0] [                                                 ] o.s.web.client.RestTemplate              : Accept=[application/json, application/*+json]
2026-04-04T13:49:59.451+05:30 DEBUG 4224 --- [CartOrderService] [DiscoveryClient-HeartbeatExecutor-0] [                                                 ] o.s.web.client.RestTemplate              : Response 200 OK
2026-04-04T13:50:01.144+05:30 DEBUG 4224 --- [CartOrderService] [DiscoveryClient-CacheRefreshExecutor-0] [                                                 ] o.s.web.client.RestTemplate              : HTTP GET http://localhost:8761/eureka/apps/delta
2026-04-04T13:50:01.145+05:30 DEBUG 4224 --- [CartOrderService] [DiscoveryClient-CacheRefreshExecutor-0] [                                                 ] o.s.web.client.RestTemplate              : Accept=[application/json, application/*+json]
2026-04-04T13:50:01.147+05:30 DEBUG 4224 --- [CartOrderService] [DiscoveryClient-CacheRefreshExecutor-0] [                                                 ] o.s.web.client.RestTemplate              : Response 200 OK
2026-04-04T13:50:01.148+05:30 DEBUG 4224 --- [CartOrderService] [DiscoveryClient-CacheRefreshExecutor-0] [                                                 ] o.s.web.client.RestTemplate              : Reading to [org.springframework.cloud.netflix.eureka.http.EurekaApplications]
2026-04-04T13:50:29.460+05:30 DEBUG 4224 --- [CartOrderService] [DiscoveryClient-HeartbeatExecutor-0] [                                                 ] o.s.web.client.RestTemplate              : HTTP PUT http://localhost:8761/eureka/apps/CARTORDERSERVICE/DESKTOP-ECRRR37.mshome.net:CartOrderService:8083?status=UP&lastDirtyTimestamp=1775285265677
2026-04-04T13:50:29.460+05:30 DEBUG 4224 --- [CartOrderService] [DiscoveryClient-HeartbeatExecutor-0] [                                                 ] o.s.web.client.RestTemplate              : Accept=[application/json, application/*+json]
2026-04-04T13:50:29.476+05:30 DEBUG 4224 --- [CartOrderService] [DiscoveryClient-HeartbeatExecutor-0] [                                                 ] o.s.web.client.RestTemplate              : Response 200 OK
2026-04-04T13:50:31.156+05:30 DEBUG 4224 --- [CartOrderService] [DiscoveryClient-CacheRefreshExecutor-0] [                                                 ] o.s.web.client.RestTemplate              : HTTP GET http://localhost:8761/eureka/apps/delta
2026-04-04T13:50:31.156+05:30 DEBUG 4224 --- [CartOrderService] [DiscoveryClient-CacheRefreshExecutor-0] [                                                 ] o.s.web.client.RestTemplate              : Accept=[application/json, application/*+json]
2026-04-04T13:50:31.158+05:30 DEBUG 4224 --- [CartOrderService] [DiscoveryClient-CacheRefreshExecutor-0] [                                                 ] o.s.web.client.RestTemplate              : Response 200 OK
2026-04-04T13:50:31.158+05:30 DEBUG 4224 --- [CartOrderService] [DiscoveryClient-CacheRefreshExecutor-0] [                                                 ] o.s.web.client.RestTemplate              : Reading to [org.springframework.cloud.netflix.eureka.http.EurekaApplications]
2026-04-04T13:50:59.833+05:30 DEBUG 4224 --- [CartOrderService] [DiscoveryClient-HeartbeatExecutor-0] [                                                 ] o.s.web.client.RestTemplate              : HTTP PUT http://localhost:8761/eureka/apps/CARTORDERSERVICE/DESKTOP-ECRRR37.mshome.net:CartOrderService:8083?status=UP&lastDirtyTimestamp=1775285265677
2026-04-04T13:50:59.834+05:30 DEBUG 4224 --- [CartOrderService] [DiscoveryClient-HeartbeatExecutor-0] [                                                 ] o.s.web.client.RestTemplate              : Accept=[application/json, application/*+json]
2026-04-04T13:51:01.247+05:30 DEBUG 4224 --- [CartOrderService] [DiscoveryClient-CacheRefreshExecutor-0] [                                                 ] o.s.web.client.RestTemplate              : HTTP GET http://localhost:8761/eureka/apps/delta
2026-04-04T13:51:01.247+05:30 DEBUG 4224 --- [CartOrderService] [DiscoveryClient-HeartbeatExecutor-0] [                                                 ] o.s.web.client.RestTemplate              : Response 200 OK
2026-04-04T13:51:01.247+05:30 DEBUG 4224 --- [CartOrderService] [DiscoveryClient-CacheRefreshExecutor-0] [                                                 ] o.s.web.client.RestTemplate              : Accept=[application/json, application/*+json]
2026-04-04T13:51:01.250+05:30 DEBUG 4224 --- [CartOrderService] [DiscoveryClient-CacheRefreshExecutor-0] [                                                 ] o.s.web.client.RestTemplate              : Response 200 OK
2026-04-04T13:51:01.303+05:30 DEBUG 4224 --- [CartOrderService] [DiscoveryClient-CacheRefreshExecutor-0] [                                                 ] o.s.web.client.RestTemplate              : Reading to [org.springframework.cloud.netflix.eureka.http.EurekaApplications]
2026-04-04T13:51:31.262+05:30 DEBUG 4224 --- [CartOrderService] [DiscoveryClient-HeartbeatExecutor-0] [                                                 ] o.s.web.client.RestTemplate              : HTTP PUT http://localhost:8761/eureka/apps/CARTORDERSERVICE/DESKTOP-ECRRR37.mshome.net:CartOrderService:8083?status=UP&lastDirtyTimestamp=1775285265677
2026-04-04T13:51:31.263+05:30 DEBUG 4224 --- [CartOrderService] [DiscoveryClient-HeartbeatExecutor-0] [                                                 ] o.s.web.client.RestTemplate              : Accept=[application/json, application/*+json]
2026-04-04T13:51:31.278+05:30 DEBUG 4224 --- [CartOrderService] [DiscoveryClient-HeartbeatExecutor-0] [                                                 ] o.s.web.client.RestTemplate              : Response 200 OK
2026-04-04T13:51:31.308+05:30 DEBUG 4224 --- [CartOrderService] [DiscoveryClient-CacheRefreshExecutor-0] [                                                 ] o.s.web.client.RestTemplate              : HTTP GET http://localhost:8761/eureka/apps/delta
2026-04-04T13:51:31.308+05:30 DEBUG 4224 --- [CartOrderService] [DiscoveryClient-CacheRefreshExecutor-0] [                                                 ] o.s.web.client.RestTemplate              : Accept=[application/json, application/*+json]
2026-04-04T13:51:31.310+05:30 DEBUG 4224 --- [CartOrderService] [DiscoveryClient-CacheRefreshExecutor-0] [                                                 ] o.s.web.client.RestTemplate              : Response 200 OK
2026-04-04T13:51:31.311+05:30 DEBUG 4224 --- [CartOrderService] [DiscoveryClient-CacheRefreshExecutor-0] [                                                 ] o.s.web.client.RestTemplate              : Reading to [org.springframework.cloud.netflix.eureka.http.EurekaApplications]
2026-04-04T13:52:01.289+05:30 DEBUG 4224 --- [CartOrderService] [DiscoveryClient-HeartbeatExecutor-0] [                                                 ] o.s.web.client.RestTemplate              : HTTP PUT http://localhost:8761/eureka/apps/CARTORDERSERVICE/DESKTOP-ECRRR37.mshome.net:CartOrderService:8083?status=UP&lastDirtyTimestamp=1775285265677
2026-04-04T13:52:01.289+05:30 DEBUG 4224 --- [CartOrderService] [DiscoveryClient-HeartbeatExecutor-0] [                                                 ] o.s.web.client.RestTemplate              : Accept=[application/json, application/*+json]
2026-04-04T13:52:01.307+05:30 DEBUG 4224 --- [CartOrderService] [DiscoveryClient-HeartbeatExecutor-0] [                                                 ] o.s.web.client.RestTemplate              : Response 200 OK
2026-04-04T13:52:01.319+05:30 DEBUG 4224 --- [CartOrderService] [DiscoveryClient-CacheRefreshExecutor-0] [                                                 ] o.s.web.client.RestTemplate              : HTTP GET http://localhost:8761/eureka/apps/delta
2026-04-04T13:52:01.320+05:30 DEBUG 4224 --- [CartOrderService] [DiscoveryClient-CacheRefreshExecutor-0] [                                                 ] o.s.web.client.RestTemplate              : Accept=[application/json, application/*+json]
2026-04-04T13:52:01.324+05:30 DEBUG 4224 --- [CartOrderService] [DiscoveryClient-CacheRefreshExecutor-0] [                                                 ] o.s.web.client.RestTemplate              : Response 200 OK
2026-04-04T13:52:01.324+05:30 DEBUG 4224 --- [CartOrderService] [DiscoveryClient-CacheRefreshExecutor-0] [                                                 ] o.s.web.client.RestTemplate              : Reading to [org.springframework.cloud.netflix.eureka.http.EurekaApplications]
2026-04-04T13:52:31.310+05:30 DEBUG 4224 --- [CartOrderService] [DiscoveryClient-HeartbeatExecutor-0] [                                                 ] o.s.web.client.RestTemplate              : HTTP PUT http://localhost:8761/eureka/apps/CARTORDERSERVICE/DESKTOP-ECRRR37.mshome.net:CartOrderService:8083?status=UP&lastDirtyTimestamp=1775285265677
2026-04-04T13:52:31.310+05:30 DEBUG 4224 --- [CartOrderService] [DiscoveryClient-HeartbeatExecutor-0] [                                                 ] o.s.web.client.RestTemplate              : Accept=[application/json, application/*+json]
2026-04-04T13:52:31.327+05:30 DEBUG 4224 --- [CartOrderService] [DiscoveryClient-HeartbeatExecutor-0] [                                                 ] o.s.web.client.RestTemplate              : Response 200 OK
2026-04-04T13:52:31.623+05:30 DEBUG 4224 --- [CartOrderService] [DiscoveryClient-CacheRefreshExecutor-0] [                                                 ] o.s.web.client.RestTemplate              : HTTP GET http://localhost:8761/eureka/apps/delta
2026-04-04T13:52:31.807+05:30 DEBUG 4224 --- [CartOrderService] [DiscoveryClient-CacheRefreshExecutor-0] [                                                 ] o.s.web.client.RestTemplate              : Accept=[application/json, application/*+json]
2026-04-04T13:52:31.809+05:30 DEBUG 4224 --- [CartOrderService] [DiscoveryClient-CacheRefreshExecutor-0] [                                                 ] o.s.web.client.RestTemplate              : Response 200 OK
2026-04-04T13:52:31.810+05:30 DEBUG 4224 --- [CartOrderService] [DiscoveryClient-CacheRefreshExecutor-0] [                                                 ] o.s.web.client.RestTemplate              : Reading to [org.springframework.cloud.netflix.eureka.http.EurekaApplications]
2026-04-04T13:52:56.014+05:30  INFO 4224 --- [CartOrderService] [AsyncResolver-bootstrap-executor-0] [                                                 ] c.n.d.s.r.aws.ConfigClusterResolver      : Resolving eureka endpoints via configuration
2026-04-04T13:53:01.338+05:30 DEBUG 4224 --- [CartOrderService] [DiscoveryClient-HeartbeatExecutor-0] [                                                 ] o.s.web.client.RestTemplate              : HTTP PUT http://localhost:8761/eureka/apps/CARTORDERSERVICE/DESKTOP-ECRRR37.mshome.net:CartOrderService:8083?status=UP&lastDirtyTimestamp=1775285265677
2026-04-04T13:53:01.340+05:30 DEBUG 4224 --- [CartOrderService] [DiscoveryClient-HeartbeatExecutor-0] [                                                 ] o.s.web.client.RestTemplate              : Accept=[application/json, application/*+json]
2026-04-04T13:53:01.357+05:30 DEBUG 4224 --- [CartOrderService] [DiscoveryClient-HeartbeatExecutor-0] [                                                 ] o.s.web.client.RestTemplate              : Response 200 OK
2026-04-04T13:53:01.819+05:30 DEBUG 4224 --- [CartOrderService] [DiscoveryClient-CacheRefreshExecutor-0] [                                                 ] o.s.web.client.RestTemplate              : HTTP GET http://localhost:8761/eureka/apps/delta
2026-04-04T13:53:01.819+05:30 DEBUG 4224 --- [CartOrderService] [DiscoveryClient-CacheRefreshExecutor-0] [                                                 ] o.s.web.client.RestTemplate              : Accept=[application/json, application/*+json]
2026-04-04T13:53:01.822+05:30 DEBUG 4224 --- [CartOrderService] [DiscoveryClient-CacheRefreshExecutor-0] [                                                 ] o.s.web.client.RestTemplate              : Response 200 OK
2026-04-04T13:53:01.822+05:30 DEBUG 4224 --- [CartOrderService] [DiscoveryClient-CacheRefreshExecutor-0] [                                                 ] o.s.web.client.RestTemplate              : Reading to [org.springframework.cloud.netflix.eureka.http.EurekaApplications]
2026-04-04T13:53:31.364+05:30 DEBUG 4224 --- [CartOrderService] [DiscoveryClient-HeartbeatExecutor-0] [                                                 ] o.s.web.client.RestTemplate              : HTTP PUT http://localhost:8761/eureka/apps/CARTORDERSERVICE/DESKTOP-ECRRR37.mshome.net:CartOrderService:8083?status=UP&lastDirtyTimestamp=1775285265677
2026-04-04T13:53:31.365+05:30 DEBUG 4224 --- [CartOrderService] [DiscoveryClient-HeartbeatExecutor-0] [                                                 ] o.s.web.client.RestTemplate              : Accept=[application/json, application/*+json]
2026-04-04T13:53:31.380+05:30 DEBUG 4224 --- [CartOrderService] [DiscoveryClient-HeartbeatExecutor-0] [                                                 ] o.s.web.client.RestTemplate              : Response 200 OK
2026-04-04T13:53:31.831+05:30 DEBUG 4224 --- [CartOrderService] [DiscoveryClient-CacheRefreshExecutor-0] [                                                 ] o.s.web.client.RestTemplate              : HTTP GET http://localhost:8761/eureka/apps/delta
2026-04-04T13:53:31.831+05:30 DEBUG 4224 --- [CartOrderService] [DiscoveryClient-CacheRefreshExecutor-0] [                                                 ] o.s.web.client.RestTemplate              : Accept=[application/json, application/*+json]
2026-04-04T13:53:31.835+05:30 DEBUG 4224 --- [CartOrderService] [DiscoveryClient-CacheRefreshExecutor-0] [                                                 ] o.s.web.client.RestTemplate              : Response 200 OK
2026-04-04T13:53:31.836+05:30 DEBUG 4224 --- [CartOrderService] [DiscoveryClient-CacheRefreshExecutor-0] [                                                 ] o.s.web.client.RestTemplate              : Reading to [org.springframework.cloud.netflix.eureka.http.EurekaApplications]
2026-04-04T13:54:01.395+05:30 DEBUG 4224 --- [CartOrderService] [DiscoveryClient-HeartbeatExecutor-0] [                                                 ] o.s.web.client.RestTemplate              : HTTP PUT http://localhost:8761/eureka/apps/CARTORDERSERVICE/DESKTOP-ECRRR37.mshome.net:CartOrderService:8083?status=UP&lastDirtyTimestamp=1775285265677
2026-04-04T13:54:01.396+05:30 DEBUG 4224 --- [CartOrderService] [DiscoveryClient-HeartbeatExecutor-0] [                                                 ] o.s.web.client.RestTemplate              : Accept=[application/json, application/*+json]
2026-04-04T13:54:01.414+05:30 DEBUG 4224 --- [CartOrderService] [DiscoveryClient-HeartbeatExecutor-0] [                                                 ] o.s.web.client.RestTemplate              : Response 200 OK
2026-04-04T13:54:01.848+05:30 DEBUG 4224 --- [CartOrderService] [DiscoveryClient-CacheRefreshExecutor-0] [                                                 ] o.s.web.client.RestTemplate              : HTTP GET http://localhost:8761/eureka/apps/delta
2026-04-04T13:54:01.848+05:30 DEBUG 4224 --- [CartOrderService] [DiscoveryClient-CacheRefreshExecutor-0] [                                                 ] o.s.web.client.RestTemplate              : Accept=[application/json, application/*+json]
2026-04-04T13:54:01.851+05:30 DEBUG 4224 --- [CartOrderService] [DiscoveryClient-CacheRefreshExecutor-0] [                                                 ] o.s.web.client.RestTemplate              : Response 200 OK
2026-04-04T13:54:01.851+05:30 DEBUG 4224 --- [CartOrderService] [DiscoveryClient-CacheRefreshExecutor-0] [                                                 ] o.s.web.client.RestTemplate              : Reading to [org.springframework.cloud.netflix.eureka.http.EurekaApplications]
2026-04-04T13:54:31.420+05:30 DEBUG 4224 --- [CartOrderService] [DiscoveryClient-HeartbeatExecutor-0] [                                                 ] o.s.web.client.RestTemplate              : HTTP PUT http://localhost:8761/eureka/apps/CARTORDERSERVICE/DESKTOP-ECRRR37.mshome.net:CartOrderService:8083?status=UP&lastDirtyTimestamp=1775285265677
2026-04-04T13:54:31.420+05:30 DEBUG 4224 --- [CartOrderService] [DiscoveryClient-HeartbeatExecutor-0] [                                                 ] o.s.web.client.RestTemplate              : Accept=[application/json, application/*+json]
2026-04-04T13:54:31.453+05:30 DEBUG 4224 --- [CartOrderService] [DiscoveryClient-HeartbeatExecutor-0] [                                                 ] o.s.web.client.RestTemplate              : Response 200 OK
2026-04-04T13:54:31.854+05:30 DEBUG 4224 --- [CartOrderService] [DiscoveryClient-CacheRefreshExecutor-0] [                                                 ] o.s.web.client.RestTemplate              : HTTP GET http://localhost:8761/eureka/apps/delta
2026-04-04T13:54:31.854+05:30 DEBUG 4224 --- [CartOrderService] [DiscoveryClient-CacheRefreshExecutor-0] [                                                 ] o.s.web.client.RestTemplate              : Accept=[application/json, application/*+json]
2026-04-04T13:54:31.857+05:30 DEBUG 4224 --- [CartOrderService] [DiscoveryClient-CacheRefreshExecutor-0] [                                                 ] o.s.web.client.RestTemplate              : Response 200 OK
2026-04-04T13:54:31.857+05:30 DEBUG 4224 --- [CartOrderService] [DiscoveryClient-CacheRefreshExecutor-0] [                                                 ] o.s.web.client.RestTemplate              : Reading to [org.springframework.cloud.netflix.eureka.http.EurekaApplications]
2026-04-04T13:55:01.459+05:30 DEBUG 4224 --- [CartOrderService] [DiscoveryClient-HeartbeatExecutor-0] [                                                 ] o.s.web.client.RestTemplate              : HTTP PUT http://localhost:8761/eureka/apps/CARTORDERSERVICE/DESKTOP-ECRRR37.mshome.net:CartOrderService:8083?status=UP&lastDirtyTimestamp=1775285265677
2026-04-04T13:55:01.459+05:30 DEBUG 4224 --- [CartOrderService] [DiscoveryClient-HeartbeatExecutor-0] [                                                 ] o.s.web.client.RestTemplate              : Accept=[application/json, application/*+json]
2026-04-04T13:55:01.476+05:30 DEBUG 4224 --- [CartOrderService] [DiscoveryClient-HeartbeatExecutor-0] [                                                 ] o.s.web.client.RestTemplate              : Response 200 OK
2026-04-04T13:55:01.862+05:30 DEBUG 4224 --- [CartOrderService] [DiscoveryClient-CacheRefreshExecutor-0] [                                                 ] o.s.web.client.RestTemplate              : HTTP GET http://localhost:8761/eureka/apps/delta
2026-04-04T13:55:01.862+05:30 DEBUG 4224 --- [CartOrderService] [DiscoveryClient-CacheRefreshExecutor-0] [                                                 ] o.s.web.client.RestTemplate              : Accept=[application/json, application/*+json]
2026-04-04T13:55:01.866+05:30 DEBUG 4224 --- [CartOrderService] [DiscoveryClient-CacheRefreshExecutor-0] [                                                 ] o.s.web.client.RestTemplate              : Response 200 OK
2026-04-04T13:55:01.866+05:30 DEBUG 4224 --- [CartOrderService] [DiscoveryClient-CacheRefreshExecutor-0] [                                                 ] o.s.web.client.RestTemplate              : Reading to [org.springframework.cloud.netflix.eureka.http.EurekaApplications]
2026-04-04T13:55:31.490+05:30 DEBUG 4224 --- [CartOrderService] [DiscoveryClient-HeartbeatExecutor-0] [                                                 ] o.s.web.client.RestTemplate              : HTTP PUT http://localhost:8761/eureka/apps/CARTORDERSERVICE/DESKTOP-ECRRR37.mshome.net:CartOrderService:8083?status=UP&lastDirtyTimestamp=1775285265677
2026-04-04T13:55:31.491+05:30 DEBUG 4224 --- [CartOrderService] [DiscoveryClient-HeartbeatExecutor-0] [                                                 ] o.s.web.client.RestTemplate              : Accept=[application/json, application/*+json]
2026-04-04T13:55:31.544+05:30 DEBUG 4224 --- [CartOrderService] [DiscoveryClient-HeartbeatExecutor-0] [                                                 ] o.s.web.client.RestTemplate              : Response 200 OK
2026-04-04T13:55:31.880+05:30 DEBUG 4224 --- [CartOrderService] [DiscoveryClient-CacheRefreshExecutor-0] [                                                 ] o.s.web.client.RestTemplate              : HTTP GET http://localhost:8761/eureka/apps/delta
2026-04-04T13:55:31.881+05:30 DEBUG 4224 --- [CartOrderService] [DiscoveryClient-CacheRefreshExecutor-0] [                                                 ] o.s.web.client.RestTemplate              : Accept=[application/json, application/*+json]
2026-04-04T13:55:31.886+05:30 DEBUG 4224 --- [CartOrderService] [DiscoveryClient-CacheRefreshExecutor-0] [                                                 ] o.s.web.client.RestTemplate              : Response 200 OK
2026-04-04T13:55:31.887+05:30 DEBUG 4224 --- [CartOrderService] [DiscoveryClient-CacheRefreshExecutor-0] [                                                 ] o.s.web.client.RestTemplate              : Reading to [org.springframework.cloud.netflix.eureka.http.EurekaApplications]
2026-04-04T13:56:01.559+05:30 DEBUG 4224 --- [CartOrderService] [DiscoveryClient-HeartbeatExecutor-0] [                                                 ] o.s.web.client.RestTemplate              : HTTP PUT http://localhost:8761/eureka/apps/CARTORDERSERVICE/DESKTOP-ECRRR37.mshome.net:CartOrderService:8083?status=UP&lastDirtyTimestamp=1775285265677
2026-04-04T13:56:01.561+05:30 DEBUG 4224 --- [CartOrderService] [DiscoveryClient-HeartbeatExecutor-0] [                                                 ] o.s.web.client.RestTemplate              : Accept=[application/json, application/*+json]
2026-04-04T13:56:01.704+05:30 DEBUG 4224 --- [CartOrderService] [DiscoveryClient-HeartbeatExecutor-0] [                                                 ] o.s.web.client.RestTemplate              : Response 200 OK
2026-04-04T13:56:01.891+05:30 DEBUG 4224 --- [CartOrderService] [DiscoveryClient-CacheRefreshExecutor-0] [                                                 ] o.s.web.client.RestTemplate              : HTTP GET http://localhost:8761/eureka/apps/delta
2026-04-04T13:56:01.891+05:30 DEBUG 4224 --- [CartOrderService] [DiscoveryClient-CacheRefreshExecutor-0] [                                                 ] o.s.web.client.RestTemplate              : Accept=[application/json, application/*+json]
2026-04-04T13:56:01.964+05:30 DEBUG 4224 --- [CartOrderService] [DiscoveryClient-CacheRefreshExecutor-0] [                                                 ] o.s.web.client.RestTemplate              : Response 200 OK
2026-04-04T13:56:01.965+05:30 DEBUG 4224 --- [CartOrderService] [DiscoveryClient-CacheRefreshExecutor-0] [                                                 ] o.s.web.client.RestTemplate              : Reading to [org.springframework.cloud.netflix.eureka.http.EurekaApplications]
2026-04-04T13:56:31.715+05:30 DEBUG 4224 --- [CartOrderService] [DiscoveryClient-HeartbeatExecutor-0] [                                                 ] o.s.web.client.RestTemplate              : HTTP PUT http://localhost:8761/eureka/apps/CARTORDERSERVICE/DESKTOP-ECRRR37.mshome.net:CartOrderService:8083?status=UP&lastDirtyTimestamp=1775285265677
2026-04-04T13:56:31.717+05:30 DEBUG 4224 --- [CartOrderService] [DiscoveryClient-HeartbeatExecutor-0] [                                                 ] o.s.web.client.RestTemplate              : Accept=[application/json, application/*+json]
2026-04-04T13:56:31.732+05:30 DEBUG 4224 --- [CartOrderService] [DiscoveryClient-HeartbeatExecutor-0] [                                                 ] o.s.web.client.RestTemplate              : Response 200 OK
2026-04-04T13:56:31.977+05:30 DEBUG 4224 --- [CartOrderService] [DiscoveryClient-CacheRefreshExecutor-0] [                                                 ] o.s.web.client.RestTemplate              : HTTP GET http://localhost:8761/eureka/apps/delta
2026-04-04T13:56:31.978+05:30 DEBUG 4224 --- [CartOrderService] [DiscoveryClient-CacheRefreshExecutor-0] [                                                 ] o.s.web.client.RestTemplate              : Accept=[application/json, application/*+json]
2026-04-04T13:56:31.982+05:30 DEBUG 4224 --- [CartOrderService] [DiscoveryClient-CacheRefreshExecutor-0] [                                                 ] o.s.web.client.RestTemplate              : Response 200 OK
2026-04-04T13:56:31.983+05:30 DEBUG 4224 --- [CartOrderService] [DiscoveryClient-CacheRefreshExecutor-0] [                                                 ] o.s.web.client.RestTemplate              : Reading to [org.springframework.cloud.netflix.eureka.http.EurekaApplications]
2026-04-04T13:57:01.743+05:30 DEBUG 4224 --- [CartOrderService] [DiscoveryClient-HeartbeatExecutor-0] [                                                 ] o.s.web.client.RestTemplate              : HTTP PUT http://localhost:8761/eureka/apps/CARTORDERSERVICE/DESKTOP-ECRRR37.mshome.net:CartOrderService:8083?status=UP&lastDirtyTimestamp=1775285265677
2026-04-04T13:57:01.746+05:30 DEBUG 4224 --- [CartOrderService] [DiscoveryClient-HeartbeatExecutor-0] [                                                 ] o.s.web.client.RestTemplate              : Accept=[application/json, application/*+json]
2026-04-04T13:57:01.845+05:30 DEBUG 4224 --- [CartOrderService] [DiscoveryClient-HeartbeatExecutor-0] [                                                 ] o.s.web.client.RestTemplate              : Response 200 OK
2026-04-04T13:57:01.990+05:30 DEBUG 4224 --- [CartOrderService] [DiscoveryClient-CacheRefreshExecutor-0] [                                                 ] o.s.web.client.RestTemplate              : HTTP GET http://localhost:8761/eureka/apps/delta
2026-04-04T13:57:01.999+05:30 DEBUG 4224 --- [CartOrderService] [DiscoveryClient-CacheRefreshExecutor-0] [                                                 ] o.s.web.client.RestTemplate              : Accept=[application/json, application/*+json]
2026-04-04T13:57:02.041+05:30 DEBUG 4224 --- [CartOrderService] [DiscoveryClient-CacheRefreshExecutor-0] [                                                 ] o.s.web.client.RestTemplate              : Response 200 OK
2026-04-04T13:57:02.044+05:30 DEBUG 4224 --- [CartOrderService] [DiscoveryClient-CacheRefreshExecutor-0] [                                                 ] o.s.web.client.RestTemplate              : Reading to [org.springframework.cloud.netflix.eureka.http.EurekaApplications]
2026-04-04T13:57:31.876+05:30 DEBUG 4224 --- [CartOrderService] [DiscoveryClient-HeartbeatExecutor-0] [                                                 ] o.s.web.client.RestTemplate              : HTTP PUT http://localhost:8761/eureka/apps/CARTORDERSERVICE/DESKTOP-ECRRR37.mshome.net:CartOrderService:8083?status=UP&lastDirtyTimestamp=1775285265677
2026-04-04T13:57:31.882+05:30 DEBUG 4224 --- [CartOrderService] [DiscoveryClient-HeartbeatExecutor-0] [                                                 ] o.s.web.client.RestTemplate              : Accept=[application/json, application/*+json]
2026-04-04T13:57:31.905+05:30 DEBUG 4224 --- [CartOrderService] [DiscoveryClient-HeartbeatExecutor-0] [                                                 ] o.s.web.client.RestTemplate              : Response 200 OK
2026-04-04T13:57:33.209+05:30 DEBUG 4224 --- [CartOrderService] [DiscoveryClient-CacheRefreshExecutor-0] [                                                 ] o.s.web.client.RestTemplate              : HTTP GET http://localhost:8761/eureka/apps/delta
2026-04-04T13:57:33.210+05:30 DEBUG 4224 --- [CartOrderService] [DiscoveryClient-CacheRefreshExecutor-0] [                                                 ] o.s.web.client.RestTemplate              : Accept=[application/json, application/*+json]
2026-04-04T13:57:33.215+05:30 DEBUG 4224 --- [CartOrderService] [DiscoveryClient-CacheRefreshExecutor-0] [                                                 ] o.s.web.client.RestTemplate              : Response 200 OK
2026-04-04T13:57:33.218+05:30 DEBUG 4224 --- [CartOrderService] [DiscoveryClient-CacheRefreshExecutor-0] [                                                 ] o.s.web.client.RestTemplate              : Reading to [org.springframework.cloud.netflix.eureka.http.EurekaApplications]
2026-04-04T13:58:00.111+05:30  INFO 4224 --- [CartOrderService] [AsyncResolver-bootstrap-executor-0] [                                                 ] c.n.d.s.r.aws.ConfigClusterResolver      : Resolving eureka endpoints via configuration
2026-04-04T13:58:01.915+05:30 DEBUG 4224 --- [CartOrderService] [DiscoveryClient-HeartbeatExecutor-0] [                                                 ] o.s.web.client.RestTemplate              : HTTP PUT http://localhost:8761/eureka/apps/CARTORDERSERVICE/DESKTOP-ECRRR37.mshome.net:CartOrderService:8083?status=UP&lastDirtyTimestamp=1775285265677
2026-04-04T13:58:01.917+05:30 DEBUG 4224 --- [CartOrderService] [DiscoveryClient-HeartbeatExecutor-0] [                                                 ] o.s.web.client.RestTemplate              : Accept=[application/json, application/*+json]
2026-04-04T13:58:01.931+05:30 DEBUG 4224 --- [CartOrderService] [DiscoveryClient-HeartbeatExecutor-0] [                                                 ] o.s.web.client.RestTemplate              : Response 200 OK
2026-04-04T13:58:03.251+05:30 DEBUG 4224 --- [CartOrderService] [DiscoveryClient-CacheRefreshExecutor-0] [                                                 ] o.s.web.client.RestTemplate              : HTTP GET http://localhost:8761/eureka/apps/delta
2026-04-04T13:58:03.252+05:30 DEBUG 4224 --- [CartOrderService] [DiscoveryClient-CacheRefreshExecutor-0] [                                                 ] o.s.web.client.RestTemplate              : Accept=[application/json, application/*+json]
2026-04-04T13:58:03.264+05:30 DEBUG 4224 --- [CartOrderService] [DiscoveryClient-CacheRefreshExecutor-0] [                                                 ] o.s.web.client.RestTemplate              : Response 200 OK
2026-04-04T13:58:03.268+05:30 DEBUG 4224 --- [CartOrderService] [DiscoveryClient-CacheRefreshExecutor-0] [                                                 ] o.s.web.client.RestTemplate              : Reading to [org.springframework.cloud.netflix.eureka.http.EurekaApplications]
2026-04-04T13:58:32.218+05:30 DEBUG 4224 --- [CartOrderService] [DiscoveryClient-HeartbeatExecutor-0] [                                                 ] o.s.web.client.RestTemplate              : HTTP PUT http://localhost:8761/eureka/apps/CARTORDERSERVICE/DESKTOP-ECRRR37.mshome.net:CartOrderService:8083?status=UP&lastDirtyTimestamp=1775285265677
2026-04-04T13:58:32.251+05:30 DEBUG 4224 --- [CartOrderService] [DiscoveryClient-HeartbeatExecutor-0] [                                                 ] o.s.web.client.RestTemplate              : Accept=[application/json, application/*+json]
2026-04-04T13:58:32.287+05:30 DEBUG 4224 --- [CartOrderService] [DiscoveryClient-HeartbeatExecutor-0] [                                                 ] o.s.web.client.RestTemplate              : Response 200 OK
2026-04-04T13:58:33.296+05:30 DEBUG 4224 --- [CartOrderService] [DiscoveryClient-CacheRefreshExecutor-0] [                                                 ] o.s.web.client.RestTemplate              : HTTP GET http://localhost:8761/eureka/apps/delta
2026-04-04T13:58:33.344+05:30 DEBUG 4224 --- [CartOrderService] [DiscoveryClient-CacheRefreshExecutor-0] [                                                 ] o.s.web.client.RestTemplate              : Accept=[application/json, application/*+json]
2026-04-04T13:58:33.374+05:30 DEBUG 4224 --- [CartOrderService] [DiscoveryClient-CacheRefreshExecutor-0] [                                                 ] o.s.web.client.RestTemplate              : Response 200 OK
2026-04-04T13:58:33.380+05:30 DEBUG 4224 --- [CartOrderService] [DiscoveryClient-CacheRefreshExecutor-0] [                                                 ] o.s.web.client.RestTemplate              : Reading to [org.springframework.cloud.netflix.eureka.http.EurekaApplications]
2026-04-04T13:59:02.300+05:30 DEBUG 4224 --- [CartOrderService] [DiscoveryClient-HeartbeatExecutor-0] [                                                 ] o.s.web.client.RestTemplate              : HTTP PUT http://localhost:8761/eureka/apps/CARTORDERSERVICE/DESKTOP-ECRRR37.mshome.net:CartOrderService:8083?status=UP&lastDirtyTimestamp=1775285265677
2026-04-04T13:59:02.301+05:30 DEBUG 4224 --- [CartOrderService] [DiscoveryClient-HeartbeatExecutor-0] [                                                 ] o.s.web.client.RestTemplate              : Accept=[application/json, application/*+json]
2026-04-04T13:59:02.316+05:30 DEBUG 4224 --- [CartOrderService] [DiscoveryClient-HeartbeatExecutor-0] [                                                 ] o.s.web.client.RestTemplate              : Response 200 OK
2026-04-04T13:59:03.417+05:30 DEBUG 4224 --- [CartOrderService] [DiscoveryClient-CacheRefreshExecutor-0] [                                                 ] o.s.web.client.RestTemplate              : HTTP GET http://localhost:8761/eureka/apps/delta
2026-04-04T13:59:03.418+05:30 DEBUG 4224 --- [CartOrderService] [DiscoveryClient-CacheRefreshExecutor-0] [                                                 ] o.s.web.client.RestTemplate              : Accept=[application/json, application/*+json]
2026-04-04T13:59:03.420+05:30 DEBUG 4224 --- [CartOrderService] [DiscoveryClient-CacheRefreshExecutor-0] [                                                 ] o.s.web.client.RestTemplate              : Response 200 OK
2026-04-04T13:59:03.420+05:30 DEBUG 4224 --- [CartOrderService] [DiscoveryClient-CacheRefreshExecutor-0] [                                                 ] o.s.web.client.RestTemplate              : Reading to [org.springframework.cloud.netflix.eureka.http.EurekaApplications]
2026-04-04T13:59:32.317+05:30 DEBUG 4224 --- [CartOrderService] [DiscoveryClient-HeartbeatExecutor-0] [                                                 ] o.s.web.client.RestTemplate              : HTTP PUT http://localhost:8761/eureka/apps/CARTORDERSERVICE/DESKTOP-ECRRR37.mshome.net:CartOrderService:8083?status=UP&lastDirtyTimestamp=1775285265677
2026-04-04T13:59:32.318+05:30 DEBUG 4224 --- [CartOrderService] [DiscoveryClient-HeartbeatExecutor-0] [                                                 ] o.s.web.client.RestTemplate              : Accept=[application/json, application/*+json]
2026-04-04T13:59:32.330+05:30 DEBUG 4224 --- [CartOrderService] [DiscoveryClient-HeartbeatExecutor-0] [                                                 ] o.s.web.client.RestTemplate              : Response 200 OK
2026-04-04T13:59:33.429+05:30 DEBUG 4224 --- [CartOrderService] [DiscoveryClient-CacheRefreshExecutor-0] [                                                 ] o.s.web.client.RestTemplate              : HTTP GET http://localhost:8761/eureka/apps/delta
2026-04-04T13:59:33.430+05:30 DEBUG 4224 --- [CartOrderService] [DiscoveryClient-CacheRefreshExecutor-0] [                                                 ] o.s.web.client.RestTemplate              : Accept=[application/json, application/*+json]
2026-04-04T13:59:33.435+05:30 DEBUG 4224 --- [CartOrderService] [DiscoveryClient-CacheRefreshExecutor-0] [                                                 ] o.s.web.client.RestTemplate              : Response 200 OK
2026-04-04T13:59:33.437+05:30 DEBUG 4224 --- [CartOrderService] [DiscoveryClient-CacheRefreshExecutor-0] [                                                 ] o.s.web.client.RestTemplate              : Reading to [org.springframework.cloud.netflix.eureka.http.EurekaApplications]
2026-04-04T14:00:02.344+05:30 DEBUG 4224 --- [CartOrderService] [DiscoveryClient-HeartbeatExecutor-0] [                                                 ] o.s.web.client.RestTemplate              : HTTP PUT http://localhost:8761/eureka/apps/CARTORDERSERVICE/DESKTOP-ECRRR37.mshome.net:CartOrderService:8083?status=UP&lastDirtyTimestamp=1775285265677
2026-04-04T14:00:02.345+05:30 DEBUG 4224 --- [CartOrderService] [DiscoveryClient-HeartbeatExecutor-0] [                                                 ] o.s.web.client.RestTemplate              : Accept=[application/json, application/*+json]
2026-04-04T14:00:02.361+05:30 DEBUG 4224 --- [CartOrderService] [DiscoveryClient-HeartbeatExecutor-0] [                                                 ] o.s.web.client.RestTemplate              : Response 200 OK
2026-04-04T14:00:03.443+05:30 DEBUG 4224 --- [CartOrderService] [DiscoveryClient-CacheRefreshExecutor-0] [                                                 ] o.s.web.client.RestTemplate              : HTTP GET http://localhost:8761/eureka/apps/delta
2026-04-04T14:00:03.443+05:30 DEBUG 4224 --- [CartOrderService] [DiscoveryClient-CacheRefreshExecutor-0] [                                                 ] o.s.web.client.RestTemplate              : Accept=[application/json, application/*+json]
2026-04-04T14:00:03.445+05:30 DEBUG 4224 --- [CartOrderService] [DiscoveryClient-CacheRefreshExecutor-0] [                                                 ] o.s.web.client.RestTemplate              : Response 200 OK
2026-04-04T14:00:03.446+05:30 DEBUG 4224 --- [CartOrderService] [DiscoveryClient-CacheRefreshExecutor-0] [                                                 ] o.s.web.client.RestTemplate              : Reading to [org.springframework.cloud.netflix.eureka.http.EurekaApplications]
2026-04-04T14:00:32.368+05:30 DEBUG 4224 --- [CartOrderService] [DiscoveryClient-HeartbeatExecutor-0] [                                                 ] o.s.web.client.RestTemplate              : HTTP PUT http://localhost:8761/eureka/apps/CARTORDERSERVICE/DESKTOP-ECRRR37.mshome.net:CartOrderService:8083?status=UP&lastDirtyTimestamp=1775285265677
2026-04-04T14:00:32.375+05:30 DEBUG 4224 --- [CartOrderService] [DiscoveryClient-HeartbeatExecutor-0] [                                                 ] o.s.web.client.RestTemplate              : Accept=[application/json, application/*+json]
2026-04-04T14:00:32.405+05:30 DEBUG 4224 --- [CartOrderService] [DiscoveryClient-HeartbeatExecutor-0] [                                                 ] o.s.web.client.RestTemplate              : Response 200 OK
2026-04-04T14:00:33.467+05:30 DEBUG 4224 --- [CartOrderService] [DiscoveryClient-CacheRefreshExecutor-0] [                                                 ] o.s.web.client.RestTemplate              : HTTP GET http://localhost:8761/eureka/apps/delta
2026-04-04T14:00:33.476+05:30 DEBUG 4224 --- [CartOrderService] [DiscoveryClient-CacheRefreshExecutor-0] [                                                 ] o.s.web.client.RestTemplate              : Accept=[application/json, application/*+json]
2026-04-04T14:00:33.621+05:30 DEBUG 4224 --- [CartOrderService] [DiscoveryClient-CacheRefreshExecutor-0] [                                                 ] o.s.web.client.RestTemplate              : Response 200 OK
2026-04-04T14:00:33.654+05:30 DEBUG 4224 --- [CartOrderService] [DiscoveryClient-CacheRefreshExecutor-0] [                                                 ] o.s.web.client.RestTemplate              : Reading to [org.springframework.cloud.netflix.eureka.http.EurekaApplications]
2026-04-04T14:01:02.413+05:30 DEBUG 4224 --- [CartOrderService] [DiscoveryClient-HeartbeatExecutor-0] [                                                 ] o.s.web.client.RestTemplate              : HTTP PUT http://localhost:8761/eureka/apps/CARTORDERSERVICE/DESKTOP-ECRRR37.mshome.net:CartOrderService:8083?status=UP&lastDirtyTimestamp=1775285265677
2026-04-04T14:01:02.434+05:30 DEBUG 4224 --- [CartOrderService] [DiscoveryClient-HeartbeatExecutor-0] [                                                 ] o.s.web.client.RestTemplate              : Accept=[application/json, application/*+json]
2026-04-04T14:01:02.574+05:30 DEBUG 4224 --- [CartOrderService] [DiscoveryClient-HeartbeatExecutor-0] [                                                 ] o.s.web.client.RestTemplate              : Response 200 OK
2026-04-04T14:01:03.735+05:30 DEBUG 4224 --- [CartOrderService] [DiscoveryClient-CacheRefreshExecutor-0] [                                                 ] o.s.web.client.RestTemplate              : HTTP GET http://localhost:8761/eureka/apps/delta
2026-04-04T14:01:03.742+05:30 DEBUG 4224 --- [CartOrderService] [DiscoveryClient-CacheRefreshExecutor-0] [                                                 ] o.s.web.client.RestTemplate              : Accept=[application/json, application/*+json]
2026-04-04T14:01:03.763+05:30 DEBUG 4224 --- [CartOrderService] [DiscoveryClient-CacheRefreshExecutor-0] [                                                 ] o.s.web.client.RestTemplate              : Response 200 OK
2026-04-04T14:01:03.766+05:30 DEBUG 4224 --- [CartOrderService] [DiscoveryClient-CacheRefreshExecutor-0] [                                                 ] o.s.web.client.RestTemplate              : Reading to [org.springframework.cloud.netflix.eureka.http.EurekaApplications]
2026-04-04T14:01:32.592+05:30 DEBUG 4224 --- [CartOrderService] [DiscoveryClient-HeartbeatExecutor-0] [                                                 ] o.s.web.client.RestTemplate              : HTTP PUT http://localhost:8761/eureka/apps/CARTORDERSERVICE/DESKTOP-ECRRR37.mshome.net:CartOrderService:8083?status=UP&lastDirtyTimestamp=1775285265677
2026-04-04T14:01:32.593+05:30 DEBUG 4224 --- [CartOrderService] [DiscoveryClient-HeartbeatExecutor-0] [                                                 ] o.s.web.client.RestTemplate              : Accept=[application/json, application/*+json]
2026-04-04T14:01:32.610+05:30 DEBUG 4224 --- [CartOrderService] [DiscoveryClient-HeartbeatExecutor-0] [                                                 ] o.s.web.client.RestTemplate              : Response 200 OK
2026-04-04T14:01:33.883+05:30 DEBUG 4224 --- [CartOrderService] [DiscoveryClient-CacheRefreshExecutor-0] [                                                 ] o.s.web.client.RestTemplate              : HTTP GET http://localhost:8761/eureka/apps/delta
2026-04-04T14:01:33.885+05:30 DEBUG 4224 --- [CartOrderService] [DiscoveryClient-CacheRefreshExecutor-0] [                                                 ] o.s.web.client.RestTemplate              : Accept=[application/json, application/*+json]
2026-04-04T14:01:33.890+05:30 DEBUG 4224 --- [CartOrderService] [DiscoveryClient-CacheRefreshExecutor-0] [                                                 ] o.s.web.client.RestTemplate              : Response 200 OK
2026-04-04T14:01:33.891+05:30 DEBUG 4224 --- [CartOrderService] [DiscoveryClient-CacheRefreshExecutor-0] [                                                 ] o.s.web.client.RestTemplate              : Reading to [org.springframework.cloud.netflix.eureka.http.EurekaApplications]
2026-04-04T14:02:02.626+05:30 DEBUG 4224 --- [CartOrderService] [DiscoveryClient-HeartbeatExecutor-0] [                                                 ] o.s.web.client.RestTemplate              : HTTP PUT http://localhost:8761/eureka/apps/CARTORDERSERVICE/DESKTOP-ECRRR37.mshome.net:CartOrderService:8083?status=UP&lastDirtyTimestamp=1775285265677
2026-04-04T14:02:02.911+05:30 DEBUG 4224 --- [CartOrderService] [DiscoveryClient-HeartbeatExecutor-0] [                                                 ] o.s.web.client.RestTemplate              : Accept=[application/json, application/*+json]
2026-04-04T14:02:03.222+05:30 DEBUG 4224 --- [CartOrderService] [DiscoveryClient-HeartbeatExecutor-0] [                                                 ] o.s.web.client.RestTemplate              : Response 200 OK
2026-04-04T14:02:04.407+05:30 DEBUG 4224 --- [CartOrderService] [DiscoveryClient-CacheRefreshExecutor-0] [                                                 ] o.s.web.client.RestTemplate              : HTTP GET http://localhost:8761/eureka/apps/delta
2026-04-04T14:02:04.408+05:30 DEBUG 4224 --- [CartOrderService] [DiscoveryClient-CacheRefreshExecutor-0] [                                                 ] o.s.web.client.RestTemplate              : Accept=[application/json, application/*+json]
2026-04-04T14:02:05.531+05:30 DEBUG 4224 --- [CartOrderService] [DiscoveryClient-CacheRefreshExecutor-0] [                                                 ] o.s.web.client.RestTemplate              : Response 200 OK
2026-04-04T14:02:05.533+05:30 DEBUG 4224 --- [CartOrderService] [DiscoveryClient-CacheRefreshExecutor-0] [                                                 ] o.s.web.client.RestTemplate              : Reading to [org.springframework.cloud.netflix.eureka.http.EurekaApplications]
2026-04-04T14:02:33.231+05:30 DEBUG 4224 --- [CartOrderService] [DiscoveryClient-HeartbeatExecutor-0] [                                                 ] o.s.web.client.RestTemplate              : HTTP PUT http://localhost:8761/eureka/apps/CARTORDERSERVICE/DESKTOP-ECRRR37.mshome.net:CartOrderService:8083?status=UP&lastDirtyTimestamp=1775285265677
2026-04-04T14:02:33.233+05:30 DEBUG 4224 --- [CartOrderService] [DiscoveryClient-HeartbeatExecutor-0] [                                                 ] o.s.web.client.RestTemplate              : Accept=[application/json, application/*+json]
2026-04-04T14:02:33.247+05:30 DEBUG 4224 --- [CartOrderService] [DiscoveryClient-HeartbeatExecutor-0] [                                                 ] o.s.web.client.RestTemplate              : Response 200 OK
2026-04-04T14:02:35.572+05:30 DEBUG 4224 --- [CartOrderService] [DiscoveryClient-CacheRefreshExecutor-0] [                                                 ] o.s.web.client.RestTemplate              : HTTP GET http://localhost:8761/eureka/apps/delta
2026-04-04T14:02:35.574+05:30 DEBUG 4224 --- [CartOrderService] [DiscoveryClient-CacheRefreshExecutor-0] [                                                 ] o.s.web.client.RestTemplate              : Accept=[application/json, application/*+json]
2026-04-04T14:02:35.592+05:30 DEBUG 4224 --- [CartOrderService] [DiscoveryClient-CacheRefreshExecutor-0] [                                                 ] o.s.web.client.RestTemplate              : Response 200 OK
2026-04-04T14:02:35.593+05:30 DEBUG 4224 --- [CartOrderService] [DiscoveryClient-CacheRefreshExecutor-0] [                                                 ] o.s.web.client.RestTemplate              : Reading to [org.springframework.cloud.netflix.eureka.http.EurekaApplications]
2026-04-04T14:03:00.583+05:30  INFO 4224 --- [CartOrderService] [AsyncResolver-bootstrap-executor-0] [                                                 ] c.n.d.s.r.aws.ConfigClusterResolver      : Resolving eureka endpoints via configuration
2026-04-04T14:03:03.366+05:30 DEBUG 4224 --- [CartOrderService] [DiscoveryClient-HeartbeatExecutor-0] [                                                 ] o.s.web.client.RestTemplate              : HTTP PUT http://localhost:8761/eureka/apps/CARTORDERSERVICE/DESKTOP-ECRRR37.mshome.net:CartOrderService:8083?status=UP&lastDirtyTimestamp=1775285265677
2026-04-04T14:03:04.251+05:30 DEBUG 4224 --- [CartOrderService] [DiscoveryClient-HeartbeatExecutor-0] [                                                 ] o.s.web.client.RestTemplate              : Accept=[application/json, application/*+json]
2026-04-04T14:03:06.031+05:30 DEBUG 4224 --- [CartOrderService] [DiscoveryClient-HeartbeatExecutor-0] [                                                 ] o.s.web.client.RestTemplate              : Response 200 OK
2026-04-04T14:03:08.029+05:30 DEBUG 4224 --- [CartOrderService] [DiscoveryClient-CacheRefreshExecutor-0] [                                                 ] o.s.web.client.RestTemplate              : HTTP GET http://localhost:8761/eureka/apps/delta
2026-04-04T14:03:08.280+05:30 DEBUG 4224 --- [CartOrderService] [DiscoveryClient-CacheRefreshExecutor-0] [                                                 ] o.s.web.client.RestTemplate              : Accept=[application/json, application/*+json]
2026-04-04T14:03:09.335+05:30 DEBUG 4224 --- [CartOrderService] [DiscoveryClient-CacheRefreshExecutor-0] [                                                 ] o.s.web.client.RestTemplate              : Response 200 OK
2026-04-04T14:03:09.342+05:30 DEBUG 4224 --- [CartOrderService] [DiscoveryClient-CacheRefreshExecutor-0] [                                                 ] o.s.web.client.RestTemplate              : Reading to [org.springframework.cloud.netflix.eureka.http.EurekaApplications]
2026-04-04T14:03:36.705+05:30 DEBUG 4224 --- [CartOrderService] [DiscoveryClient-HeartbeatExecutor-0] [                                                 ] o.s.web.client.RestTemplate              : HTTP PUT http://localhost:8761/eureka/apps/CARTORDERSERVICE/DESKTOP-ECRRR37.mshome.net:CartOrderService:8083?status=UP&lastDirtyTimestamp=1775285265677
2026-04-04T14:03:36.771+05:30 DEBUG 4224 --- [CartOrderService] [DiscoveryClient-HeartbeatExecutor-0] [                                                 ] o.s.web.client.RestTemplate              : Accept=[application/json, application/*+json]
2026-04-04T14:03:37.071+05:30 DEBUG 4224 --- [CartOrderService] [DiscoveryClient-HeartbeatExecutor-0] [                                                 ] o.s.web.client.RestTemplate              : Response 200 OK
2026-04-04T14:03:39.407+05:30 DEBUG 4224 --- [CartOrderService] [DiscoveryClient-CacheRefreshExecutor-0] [                                                 ] o.s.web.client.RestTemplate              : HTTP GET http://localhost:8761/eureka/apps/delta
2026-04-04T14:03:39.408+05:30 DEBUG 4224 --- [CartOrderService] [DiscoveryClient-CacheRefreshExecutor-0] [                                                 ] o.s.web.client.RestTemplate              : Accept=[application/json, application/*+json]
2026-04-04T14:03:39.453+05:30 DEBUG 4224 --- [CartOrderService] [DiscoveryClient-CacheRefreshExecutor-0] [                                                 ] o.s.web.client.RestTemplate              : Response 200 OK
2026-04-04T14:03:39.453+05:30 DEBUG 4224 --- [CartOrderService] [DiscoveryClient-CacheRefreshExecutor-0] [                                                 ] o.s.web.client.RestTemplate              : Reading to [org.springframework.cloud.netflix.eureka.http.EurekaApplications]
2026-04-04T14:04:07.195+05:30 DEBUG 4224 --- [CartOrderService] [DiscoveryClient-HeartbeatExecutor-0] [                                                 ] o.s.web.client.RestTemplate              : HTTP PUT http://localhost:8761/eureka/apps/CARTORDERSERVICE/DESKTOP-ECRRR37.mshome.net:CartOrderService:8083?status=UP&lastDirtyTimestamp=1775285265677
2026-04-04T14:04:07.196+05:30 DEBUG 4224 --- [CartOrderService] [DiscoveryClient-HeartbeatExecutor-0] [                                                 ] o.s.web.client.RestTemplate              : Accept=[application/json, application/*+json]
2026-04-04T14:04:07.214+05:30 DEBUG 4224 --- [CartOrderService] [DiscoveryClient-HeartbeatExecutor-0] [                                                 ] o.s.web.client.RestTemplate              : Response 200 OK
2026-04-04T14:04:09.466+05:30 DEBUG 4224 --- [CartOrderService] [DiscoveryClient-CacheRefreshExecutor-0] [                                                 ] o.s.web.client.RestTemplate              : HTTP GET http://localhost:8761/eureka/apps/delta
2026-04-04T14:04:09.466+05:30 DEBUG 4224 --- [CartOrderService] [DiscoveryClient-CacheRefreshExecutor-0] [                                                 ] o.s.web.client.RestTemplate              : Accept=[application/json, application/*+json]
2026-04-04T14:04:09.507+05:30 DEBUG 4224 --- [CartOrderService] [DiscoveryClient-CacheRefreshExecutor-0] [                                                 ] o.s.web.client.RestTemplate              : Response 200 OK
2026-04-04T14:04:09.507+05:30 DEBUG 4224 --- [CartOrderService] [DiscoveryClient-CacheRefreshExecutor-0] [                                                 ] o.s.web.client.RestTemplate              : Reading to [org.springframework.cloud.netflix.eureka.http.EurekaApplications]
2026-04-04T14:04:37.218+05:30 DEBUG 4224 --- [CartOrderService] [DiscoveryClient-HeartbeatExecutor-0] [                                                 ] o.s.web.client.RestTemplate              : HTTP PUT http://localhost:8761/eureka/apps/CARTORDERSERVICE/DESKTOP-ECRRR37.mshome.net:CartOrderService:8083?status=UP&lastDirtyTimestamp=1775285265677
2026-04-04T14:04:37.777+05:30 DEBUG 4224 --- [CartOrderService] [DiscoveryClient-HeartbeatExecutor-0] [                                                 ] o.s.web.client.RestTemplate              : Accept=[application/json, application/*+json]
2026-04-04T14:04:39.733+05:30 DEBUG 4224 --- [CartOrderService] [DiscoveryClient-HeartbeatExecutor-0] [                                                 ] o.s.web.client.RestTemplate              : Response 200 OK
2026-04-04T14:04:39.732+05:30 DEBUG 4224 --- [CartOrderService] [DiscoveryClient-CacheRefreshExecutor-0] [                                                 ] o.s.web.client.RestTemplate              : HTTP GET http://localhost:8761/eureka/apps/delta
2026-04-04T14:04:39.825+05:30 DEBUG 4224 --- [CartOrderService] [DiscoveryClient-CacheRefreshExecutor-0] [                                                 ] o.s.web.client.RestTemplate              : Accept=[application/json, application/*+json]
2026-04-04T14:04:42.050+05:30 DEBUG 4224 --- [CartOrderService] [DiscoveryClient-CacheRefreshExecutor-0] [                                                 ] o.s.web.client.RestTemplate              : Response 200 OK
2026-04-04T14:04:42.172+05:30 DEBUG 4224 --- [CartOrderService] [DiscoveryClient-CacheRefreshExecutor-0] [                                                 ] o.s.web.client.RestTemplate              : Reading to [org.springframework.cloud.netflix.eureka.http.EurekaApplications]
2026-04-04T14:05:10.562+05:30 DEBUG 4224 --- [CartOrderService] [DiscoveryClient-HeartbeatExecutor-0] [                                                 ] o.s.web.client.RestTemplate              : HTTP PUT http://localhost:8761/eureka/apps/CARTORDERSERVICE/DESKTOP-ECRRR37.mshome.net:CartOrderService:8083?status=UP&lastDirtyTimestamp=1775285265677
2026-04-04T14:05:11.060+05:30 DEBUG 4224 --- [CartOrderService] [DiscoveryClient-HeartbeatExecutor-0] [                                                 ] o.s.web.client.RestTemplate              : Accept=[application/json, application/*+json]
2026-04-04T14:05:11.475+05:30 DEBUG 4224 --- [CartOrderService] [DiscoveryClient-HeartbeatExecutor-0] [                                                 ] o.s.web.client.RestTemplate              : Response 200 OK
2026-04-04T14:05:12.265+05:30 DEBUG 4224 --- [CartOrderService] [DiscoveryClient-CacheRefreshExecutor-0] [                                                 ] o.s.web.client.RestTemplate              : HTTP GET http://localhost:8761/eureka/apps/delta
2026-04-04T14:05:12.280+05:30 DEBUG 4224 --- [CartOrderService] [DiscoveryClient-CacheRefreshExecutor-0] [                                                 ] o.s.web.client.RestTemplate              : Accept=[application/json, application/*+json]
2026-04-04T14:05:12.323+05:30 DEBUG 4224 --- [CartOrderService] [DiscoveryClient-CacheRefreshExecutor-0] [                                                 ] o.s.web.client.RestTemplate              : Response 200 OK
2026-04-04T14:05:12.349+05:30 DEBUG 4224 --- [CartOrderService] [DiscoveryClient-CacheRefreshExecutor-0] [                                                 ] o.s.web.client.RestTemplate              : Reading to [org.springframework.cloud.netflix.eureka.http.EurekaApplications]
2026-04-04T14:05:41.576+05:30 DEBUG 4224 --- [CartOrderService] [DiscoveryClient-HeartbeatExecutor-0] [                                                 ] o.s.web.client.RestTemplate              : HTTP PUT http://localhost:8761/eureka/apps/CARTORDERSERVICE/DESKTOP-ECRRR37.mshome.net:CartOrderService:8083?status=UP&lastDirtyTimestamp=1775285265677
2026-04-04T14:05:41.595+05:30 DEBUG 4224 --- [CartOrderService] [DiscoveryClient-HeartbeatExecutor-0] [                                                 ] o.s.web.client.RestTemplate              : Accept=[application/json, application/*+json]
2026-04-04T14:05:42.524+05:30 DEBUG 4224 --- [CartOrderService] [DiscoveryClient-CacheRefreshExecutor-0] [                                                 ] o.s.web.client.RestTemplate              : HTTP GET http://localhost:8761/eureka/apps/delta
2026-04-04T14:05:42.525+05:30 DEBUG 4224 --- [CartOrderService] [DiscoveryClient-CacheRefreshExecutor-0] [                                                 ] o.s.web.client.RestTemplate              : Accept=[application/json, application/*+json]
2026-04-04T14:05:43.408+05:30 DEBUG 4224 --- [CartOrderService] [DiscoveryClient-HeartbeatExecutor-0] [                                                 ] o.s.web.client.RestTemplate              : Response 200 OK
2026-04-04T14:05:43.437+05:30 DEBUG 4224 --- [CartOrderService] [DiscoveryClient-CacheRefreshExecutor-0] [                                                 ] o.s.web.client.RestTemplate              : Response 200 OK
2026-04-04T14:05:43.441+05:30 DEBUG 4224 --- [CartOrderService] [DiscoveryClient-CacheRefreshExecutor-0] [                                                 ] o.s.web.client.RestTemplate              : Reading to [org.springframework.cloud.netflix.eureka.http.EurekaApplications]
2026-04-04T14:06:13.757+05:30 DEBUG 4224 --- [CartOrderService] [DiscoveryClient-HeartbeatExecutor-0] [                                                 ] o.s.web.client.RestTemplate              : HTTP PUT http://localhost:8761/eureka/apps/CARTORDERSERVICE/DESKTOP-ECRRR37.mshome.net:CartOrderService:8083?status=UP&lastDirtyTimestamp=1775285265677
2026-04-04T14:06:13.759+05:30 DEBUG 4224 --- [CartOrderService] [DiscoveryClient-HeartbeatExecutor-0] [                                                 ] o.s.web.client.RestTemplate              : Accept=[application/json, application/*+json]
2026-04-04T14:06:14.805+05:30 DEBUG 4224 --- [CartOrderService] [DiscoveryClient-HeartbeatExecutor-0] [                                                 ] o.s.web.client.RestTemplate              : Response 200 OK
2026-04-04T14:06:30.945+05:30 DEBUG 4224 --- [CartOrderService] [DiscoveryClient-CacheRefreshExecutor-0] [                                                 ] o.s.web.client.RestTemplate              : HTTP GET http://localhost:8761/eureka/apps/delta
2026-04-04T14:06:31.358+05:30 DEBUG 4224 --- [CartOrderService] [DiscoveryClient-CacheRefreshExecutor-0] [                                                 ] o.s.web.client.RestTemplate              : Accept=[application/json, application/*+json]
2026-04-04T14:06:31.374+05:30 DEBUG 4224 --- [CartOrderService] [DiscoveryClient-CacheRefreshExecutor-0] [                                                 ] o.s.web.client.RestTemplate              : Response 200 OK
2026-04-04T14:06:31.383+05:30 DEBUG 4224 --- [CartOrderService] [DiscoveryClient-CacheRefreshExecutor-0] [                                                 ] o.s.web.client.RestTemplate              : Reading to [org.springframework.cloud.netflix.eureka.http.EurekaApplications]
2026-04-04T14:06:45.090+05:30 DEBUG 4224 --- [CartOrderService] [DiscoveryClient-HeartbeatExecutor-0] [                                                 ] o.s.web.client.RestTemplate              : HTTP PUT http://localhost:8761/eureka/apps/CARTORDERSERVICE/DESKTOP-ECRRR37.mshome.net:CartOrderService:8083?status=UP&lastDirtyTimestamp=1775285265677
2026-04-04T14:06:45.111+05:30 DEBUG 4224 --- [CartOrderService] [DiscoveryClient-HeartbeatExecutor-0] [                                                 ] o.s.web.client.RestTemplate              : Accept=[application/json, application/*+json]
2026-04-04T14:06:45.125+05:30 DEBUG 4224 --- [CartOrderService] [DiscoveryClient-HeartbeatExecutor-0] [                                                 ] o.s.web.client.RestTemplate              : Response 200 OK
2026-04-04T14:07:01.404+05:30 DEBUG 4224 --- [CartOrderService] [DiscoveryClient-CacheRefreshExecutor-0] [                                                 ] o.s.web.client.RestTemplate              : HTTP GET http://localhost:8761/eureka/apps/delta
2026-04-04T14:07:01.407+05:30 DEBUG 4224 --- [CartOrderService] [DiscoveryClient-CacheRefreshExecutor-0] [                                                 ] o.s.web.client.RestTemplate              : Accept=[application/json, application/*+json]
2026-04-04T14:07:01.415+05:30 DEBUG 4224 --- [CartOrderService] [DiscoveryClient-CacheRefreshExecutor-0] [                                                 ] o.s.web.client.RestTemplate              : Response 200 OK
2026-04-04T14:07:01.415+05:30 DEBUG 4224 --- [CartOrderService] [DiscoveryClient-CacheRefreshExecutor-0] [                                                 ] o.s.web.client.RestTemplate              : Reading to [org.springframework.cloud.netflix.eureka.http.EurekaApplications]
2026-04-04T14:07:15.129+05:30 DEBUG 4224 --- [CartOrderService] [DiscoveryClient-HeartbeatExecutor-0] [                                                 ] o.s.web.client.RestTemplate              : HTTP PUT http://localhost:8761/eureka/apps/CARTORDERSERVICE/DESKTOP-ECRRR37.mshome.net:CartOrderService:8083?status=UP&lastDirtyTimestamp=1775285265677
2026-04-04T14:07:15.130+05:30 DEBUG 4224 --- [CartOrderService] [DiscoveryClient-HeartbeatExecutor-0] [                                                 ] o.s.web.client.RestTemplate              : Accept=[application/json, application/*+json]
2026-04-04T14:07:15.147+05:30 DEBUG 4224 --- [CartOrderService] [DiscoveryClient-HeartbeatExecutor-0] [                                                 ] o.s.web.client.RestTemplate              : Response 200 OK
2026-04-04T14:07:31.420+05:30 DEBUG 4224 --- [CartOrderService] [DiscoveryClient-CacheRefreshExecutor-0] [                                                 ] o.s.web.client.RestTemplate              : HTTP GET http://localhost:8761/eureka/apps/delta
2026-04-04T14:07:31.421+05:30 DEBUG 4224 --- [CartOrderService] [DiscoveryClient-CacheRefreshExecutor-0] [                                                 ] o.s.web.client.RestTemplate              : Accept=[application/json, application/*+json]
2026-04-04T14:07:31.437+05:30 DEBUG 4224 --- [CartOrderService] [DiscoveryClient-CacheRefreshExecutor-0] [                                                 ] o.s.web.client.RestTemplate              : Response 200 OK
2026-04-04T14:07:31.438+05:30 DEBUG 4224 --- [CartOrderService] [DiscoveryClient-CacheRefreshExecutor-0] [                                                 ] o.s.web.client.RestTemplate              : Reading to [org.springframework.cloud.netflix.eureka.http.EurekaApplications]
2026-04-04T14:07:45.157+05:30 DEBUG 4224 --- [CartOrderService] [DiscoveryClient-HeartbeatExecutor-0] [                                                 ] o.s.web.client.RestTemplate              : HTTP PUT http://localhost:8761/eureka/apps/CARTORDERSERVICE/DESKTOP-ECRRR37.mshome.net:CartOrderService:8083?status=UP&lastDirtyTimestamp=1775285265677
2026-04-04T14:07:45.162+05:30 DEBUG 4224 --- [CartOrderService] [DiscoveryClient-HeartbeatExecutor-0] [                                                 ] o.s.web.client.RestTemplate              : Accept=[application/json, application/*+json]
2026-04-04T14:07:45.175+05:30 DEBUG 4224 --- [CartOrderService] [DiscoveryClient-HeartbeatExecutor-0] [                                                 ] o.s.web.client.RestTemplate              : Response 200 OK
2026-04-04T14:08:01.628+05:30 DEBUG 4224 --- [CartOrderService] [DiscoveryClient-CacheRefreshExecutor-0] [                                                 ] o.s.web.client.RestTemplate              : HTTP GET http://localhost:8761/eureka/apps/delta
2026-04-04T14:08:01.948+05:30 DEBUG 4224 --- [CartOrderService] [DiscoveryClient-CacheRefreshExecutor-0] [                                                 ] o.s.web.client.RestTemplate              : Accept=[application/json, application/*+json]
2026-04-04T14:08:02.468+05:30 DEBUG 4224 --- [CartOrderService] [DiscoveryClient-CacheRefreshExecutor-0] [                                                 ] o.s.web.client.RestTemplate              : Response 200 OK
2026-04-04T14:08:02.815+05:30 DEBUG 4224 --- [CartOrderService] [DiscoveryClient-CacheRefreshExecutor-0] [                                                 ] o.s.web.client.RestTemplate              : Reading to [org.springframework.cloud.netflix.eureka.http.EurekaApplications]
2026-04-04T14:08:03.587+05:30  INFO 4224 --- [CartOrderService] [AsyncResolver-bootstrap-executor-0] [                                                 ] c.n.d.s.r.aws.ConfigClusterResolver      : Resolving eureka endpoints via configuration
2026-04-04T14:08:15.224+05:30 DEBUG 4224 --- [CartOrderService] [DiscoveryClient-HeartbeatExecutor-0] [                                                 ] o.s.web.client.RestTemplate              : HTTP PUT http://localhost:8761/eureka/apps/CARTORDERSERVICE/DESKTOP-ECRRR37.mshome.net:CartOrderService:8083?status=UP&lastDirtyTimestamp=1775285265677
2026-04-04T14:08:15.225+05:30 DEBUG 4224 --- [CartOrderService] [DiscoveryClient-HeartbeatExecutor-0] [                                                 ] o.s.web.client.RestTemplate              : Accept=[application/json, application/*+json]
2026-04-04T14:08:15.289+05:30 DEBUG 4224 --- [CartOrderService] [DiscoveryClient-HeartbeatExecutor-0] [                                                 ] o.s.web.client.RestTemplate              : Response 200 OK
2026-04-04T14:08:33.054+05:30 DEBUG 4224 --- [CartOrderService] [DiscoveryClient-CacheRefreshExecutor-0] [                                                 ] o.s.web.client.RestTemplate              : HTTP GET http://localhost:8761/eureka/apps/delta
2026-04-04T14:08:33.054+05:30 DEBUG 4224 --- [CartOrderService] [DiscoveryClient-CacheRefreshExecutor-0] [                                                 ] o.s.web.client.RestTemplate              : Accept=[application/json, application/*+json]
2026-04-04T14:08:33.078+05:30 DEBUG 4224 --- [CartOrderService] [DiscoveryClient-CacheRefreshExecutor-0] [                                                 ] o.s.web.client.RestTemplate              : Response 200 OK
2026-04-04T14:08:33.078+05:30 DEBUG 4224 --- [CartOrderService] [DiscoveryClient-CacheRefreshExecutor-0] [                                                 ] o.s.web.client.RestTemplate              : Reading to [org.springframework.cloud.netflix.eureka.http.EurekaApplications]
2026-04-04T14:08:45.300+05:30 DEBUG 4224 --- [CartOrderService] [DiscoveryClient-HeartbeatExecutor-0] [                                                 ] o.s.web.client.RestTemplate              : HTTP PUT http://localhost:8761/eureka/apps/CARTORDERSERVICE/DESKTOP-ECRRR37.mshome.net:CartOrderService:8083?status=UP&lastDirtyTimestamp=1775285265677
2026-04-04T14:08:45.309+05:30 DEBUG 4224 --- [CartOrderService] [DiscoveryClient-HeartbeatExecutor-0] [                                                 ] o.s.web.client.RestTemplate              : Accept=[application/json, application/*+json]
2026-04-04T14:08:45.326+05:30 DEBUG 4224 --- [CartOrderService] [DiscoveryClient-HeartbeatExecutor-0] [                                                 ] o.s.web.client.RestTemplate              : Response 200 OK
2026-04-04T14:09:03.565+05:30 DEBUG 4224 --- [CartOrderService] [DiscoveryClient-CacheRefreshExecutor-0] [                                                 ] o.s.web.client.RestTemplate              : HTTP GET http://localhost:8761/eureka/apps/delta
2026-04-04T14:09:03.793+05:30 DEBUG 4224 --- [CartOrderService] [DiscoveryClient-CacheRefreshExecutor-0] [                                                 ] o.s.web.client.RestTemplate              : Accept=[application/json, application/*+json]
2026-04-04T14:09:03.806+05:30 DEBUG 4224 --- [CartOrderService] [DiscoveryClient-CacheRefreshExecutor-0] [                                                 ] o.s.web.client.RestTemplate              : Response 200 OK
2026-04-04T14:09:03.807+05:30 DEBUG 4224 --- [CartOrderService] [DiscoveryClient-CacheRefreshExecutor-0] [                                                 ] o.s.web.client.RestTemplate              : Reading to [org.springframework.cloud.netflix.eureka.http.EurekaApplications]
2026-04-04T14:09:15.338+05:30 DEBUG 4224 --- [CartOrderService] [DiscoveryClient-HeartbeatExecutor-0] [                                                 ] o.s.web.client.RestTemplate              : HTTP PUT http://localhost:8761/eureka/apps/CARTORDERSERVICE/DESKTOP-ECRRR37.mshome.net:CartOrderService:8083?status=UP&lastDirtyTimestamp=1775285265677
2026-04-04T14:09:15.338+05:30 DEBUG 4224 --- [CartOrderService] [DiscoveryClient-HeartbeatExecutor-0] [                                                 ] o.s.web.client.RestTemplate              : Accept=[application/json, application/*+json]
2026-04-04T14:09:15.355+05:30 DEBUG 4224 --- [CartOrderService] [DiscoveryClient-HeartbeatExecutor-0] [                                                 ] o.s.web.client.RestTemplate              : Response 200 OK
2026-04-04T14:09:33.938+05:30 DEBUG 4224 --- [CartOrderService] [DiscoveryClient-CacheRefreshExecutor-0] [                                                 ] o.s.web.client.RestTemplate              : HTTP GET http://localhost:8761/eureka/apps/delta
2026-04-04T14:09:33.939+05:30 DEBUG 4224 --- [CartOrderService] [DiscoveryClient-CacheRefreshExecutor-0] [                                                 ] o.s.web.client.RestTemplate              : Accept=[application/json, application/*+json]
2026-04-04T14:09:33.963+05:30 DEBUG 4224 --- [CartOrderService] [DiscoveryClient-CacheRefreshExecutor-0] [                                                 ] o.s.web.client.RestTemplate              : Response 200 OK
2026-04-04T14:09:33.964+05:30 DEBUG 4224 --- [CartOrderService] [DiscoveryClient-CacheRefreshExecutor-0] [                                                 ] o.s.web.client.RestTemplate              : Reading to [org.springframework.cloud.netflix.eureka.http.EurekaApplications]
2026-04-04T14:09:45.365+05:30 DEBUG 4224 --- [CartOrderService] [DiscoveryClient-HeartbeatExecutor-0] [                                                 ] o.s.web.client.RestTemplate              : HTTP PUT http://localhost:8761/eureka/apps/CARTORDERSERVICE/DESKTOP-ECRRR37.mshome.net:CartOrderService:8083?status=UP&lastDirtyTimestamp=1775285265677
2026-04-04T14:09:45.366+05:30 DEBUG 4224 --- [CartOrderService] [DiscoveryClient-HeartbeatExecutor-0] [                                                 ] o.s.web.client.RestTemplate              : Accept=[application/json, application/*+json]
2026-04-04T14:09:45.384+05:30 DEBUG 4224 --- [CartOrderService] [DiscoveryClient-HeartbeatExecutor-0] [                                                 ] o.s.web.client.RestTemplate              : Response 200 OK
2026-04-04T14:10:03.978+05:30 DEBUG 4224 --- [CartOrderService] [DiscoveryClient-CacheRefreshExecutor-0] [                                                 ] o.s.web.client.RestTemplate              : HTTP GET http://localhost:8761/eureka/apps/delta
2026-04-04T14:10:03.979+05:30 DEBUG 4224 --- [CartOrderService] [DiscoveryClient-CacheRefreshExecutor-0] [                                                 ] o.s.web.client.RestTemplate              : Accept=[application/json, application/*+json]
2026-04-04T14:10:03.996+05:30 DEBUG 4224 --- [CartOrderService] [DiscoveryClient-CacheRefreshExecutor-0] [                                                 ] o.s.web.client.RestTemplate              : Response 200 OK
2026-04-04T14:10:03.996+05:30 DEBUG 4224 --- [CartOrderService] [DiscoveryClient-CacheRefreshExecutor-0] [                                                 ] o.s.web.client.RestTemplate              : Reading to [org.springframework.cloud.netflix.eureka.http.EurekaApplications]
2026-04-04T14:10:15.396+05:30 DEBUG 4224 --- [CartOrderService] [DiscoveryClient-HeartbeatExecutor-0] [                                                 ] o.s.web.client.RestTemplate              : HTTP PUT http://localhost:8761/eureka/apps/CARTORDERSERVICE/DESKTOP-ECRRR37.mshome.net:CartOrderService:8083?status=UP&lastDirtyTimestamp=1775285265677
2026-04-04T14:10:15.396+05:30 DEBUG 4224 --- [CartOrderService] [DiscoveryClient-HeartbeatExecutor-0] [                                                 ] o.s.web.client.RestTemplate              : Accept=[application/json, application/*+json]
2026-04-04T14:10:15.410+05:30 DEBUG 4224 --- [CartOrderService] [DiscoveryClient-HeartbeatExecutor-0] [                                                 ] o.s.web.client.RestTemplate              : Response 200 OK
2026-04-04T14:10:34.013+05:30 DEBUG 4224 --- [CartOrderService] [DiscoveryClient-CacheRefreshExecutor-0] [                                                 ] o.s.web.client.RestTemplate              : HTTP GET http://localhost:8761/eureka/apps/delta
2026-04-04T14:10:34.014+05:30 DEBUG 4224 --- [CartOrderService] [DiscoveryClient-CacheRefreshExecutor-0] [                                                 ] o.s.web.client.RestTemplate              : Accept=[application/json, application/*+json]
2026-04-04T14:10:34.030+05:30 DEBUG 4224 --- [CartOrderService] [DiscoveryClient-CacheRefreshExecutor-0] [                                                 ] o.s.web.client.RestTemplate              : Response 200 OK
2026-04-04T14:10:34.030+05:30 DEBUG 4224 --- [CartOrderService] [DiscoveryClient-CacheRefreshExecutor-0] [                                                 ] o.s.web.client.RestTemplate              : Reading to [org.springframework.cloud.netflix.eureka.http.EurekaApplications]
2026-04-04T14:10:45.443+05:30 DEBUG 4224 --- [CartOrderService] [DiscoveryClient-HeartbeatExecutor-0] [                                                 ] o.s.web.client.RestTemplate              : HTTP PUT http://localhost:8761/eureka/apps/CARTORDERSERVICE/DESKTOP-ECRRR37.mshome.net:CartOrderService:8083?status=UP&lastDirtyTimestamp=1775285265677
2026-04-04T14:10:45.445+05:30 DEBUG 4224 --- [CartOrderService] [DiscoveryClient-HeartbeatExecutor-0] [                                                 ] o.s.web.client.RestTemplate              : Accept=[application/json, application/*+json]
2026-04-04T14:10:45.460+05:30 DEBUG 4224 --- [CartOrderService] [DiscoveryClient-HeartbeatExecutor-0] [                                                 ] o.s.web.client.RestTemplate              : Response 200 OK
2026-04-04T14:11:04.049+05:30 DEBUG 4224 --- [CartOrderService] [DiscoveryClient-CacheRefreshExecutor-0] [                                                 ] o.s.web.client.RestTemplate              : HTTP GET http://localhost:8761/eureka/apps/delta
2026-04-04T14:11:04.051+05:30 DEBUG 4224 --- [CartOrderService] [DiscoveryClient-CacheRefreshExecutor-0] [                                                 ] o.s.web.client.RestTemplate              : Accept=[application/json, application/*+json]
2026-04-04T14:11:04.702+05:30 DEBUG 4224 --- [CartOrderService] [DiscoveryClient-CacheRefreshExecutor-0] [                                                 ] o.s.web.client.RestTemplate              : Response 200 OK
2026-04-04T14:11:04.973+05:30 DEBUG 4224 --- [CartOrderService] [DiscoveryClient-CacheRefreshExecutor-0] [                                                 ] o.s.web.client.RestTemplate              : Reading to [org.springframework.cloud.netflix.eureka.http.EurekaApplications]
2026-04-04T14:11:15.475+05:30 DEBUG 4224 --- [CartOrderService] [DiscoveryClient-HeartbeatExecutor-0] [                                                 ] o.s.web.client.RestTemplate              : HTTP PUT http://localhost:8761/eureka/apps/CARTORDERSERVICE/DESKTOP-ECRRR37.mshome.net:CartOrderService:8083?status=UP&lastDirtyTimestamp=1775285265677
2026-04-04T14:11:15.480+05:30 DEBUG 4224 --- [CartOrderService] [DiscoveryClient-HeartbeatExecutor-0] [                                                 ] o.s.web.client.RestTemplate              : Accept=[application/json, application/*+json]
2026-04-04T14:11:15.488+05:30 DEBUG 4224 --- [CartOrderService] [DiscoveryClient-HeartbeatExecutor-0] [                                                 ] o.s.web.client.RestTemplate              : Response 200 OK
2026-04-04T14:11:35.026+05:30 DEBUG 4224 --- [CartOrderService] [DiscoveryClient-CacheRefreshExecutor-0] [                                                 ] o.s.web.client.RestTemplate              : HTTP GET http://localhost:8761/eureka/apps/delta
2026-04-04T14:11:35.028+05:30 DEBUG 4224 --- [CartOrderService] [DiscoveryClient-CacheRefreshExecutor-0] [                                                 ] o.s.web.client.RestTemplate              : Accept=[application/json, application/*+json]
2026-04-04T14:11:35.043+05:30 DEBUG 4224 --- [CartOrderService] [DiscoveryClient-CacheRefreshExecutor-0] [                                                 ] o.s.web.client.RestTemplate              : Response 200 OK
2026-04-04T14:11:35.057+05:30 DEBUG 4224 --- [CartOrderService] [DiscoveryClient-CacheRefreshExecutor-0] [                                                 ] o.s.web.client.RestTemplate              : Reading to [org.springframework.cloud.netflix.eureka.http.EurekaApplications]
2026-04-04T14:11:45.502+05:30 DEBUG 4224 --- [CartOrderService] [DiscoveryClient-HeartbeatExecutor-0] [                                                 ] o.s.web.client.RestTemplate              : HTTP PUT http://localhost:8761/eureka/apps/CARTORDERSERVICE/DESKTOP-ECRRR37.mshome.net:CartOrderService:8083?status=UP&lastDirtyTimestamp=1775285265677
2026-04-04T14:11:45.814+05:30 DEBUG 4224 --- [CartOrderService] [DiscoveryClient-HeartbeatExecutor-0] [                                                 ] o.s.web.client.RestTemplate              : Accept=[application/json, application/*+json]
2026-04-04T14:11:46.513+05:30 DEBUG 4224 --- [CartOrderService] [DiscoveryClient-HeartbeatExecutor-0] [                                                 ] o.s.web.client.RestTemplate              : Response 200 OK
2026-04-04T14:12:05.147+05:30 DEBUG 4224 --- [CartOrderService] [DiscoveryClient-CacheRefreshExecutor-0] [                                                 ] o.s.web.client.RestTemplate              : HTTP GET http://localhost:8761/eureka/apps/delta
2026-04-04T14:12:05.149+05:30 DEBUG 4224 --- [CartOrderService] [DiscoveryClient-CacheRefreshExecutor-0] [                                                 ] o.s.web.client.RestTemplate              : Accept=[application/json, application/*+json]
2026-04-04T14:12:05.419+05:30 DEBUG 4224 --- [CartOrderService] [DiscoveryClient-CacheRefreshExecutor-0] [                                                 ] o.s.web.client.RestTemplate              : Response 200 OK
2026-04-04T14:12:06.266+05:30 DEBUG 4224 --- [CartOrderService] [DiscoveryClient-CacheRefreshExecutor-0] [                                                 ] o.s.web.client.RestTemplate              : Reading to [org.springframework.cloud.netflix.eureka.http.EurekaApplications]
2026-04-04T14:12:16.521+05:30 DEBUG 4224 --- [CartOrderService] [DiscoveryClient-HeartbeatExecutor-0] [                                                 ] o.s.web.client.RestTemplate              : HTTP PUT http://localhost:8761/eureka/apps/CARTORDERSERVICE/DESKTOP-ECRRR37.mshome.net:CartOrderService:8083?status=UP&lastDirtyTimestamp=1775285265677
2026-04-04T14:12:16.522+05:30 DEBUG 4224 --- [CartOrderService] [DiscoveryClient-HeartbeatExecutor-0] [                                                 ] o.s.web.client.RestTemplate              : Accept=[application/json, application/*+json]
2026-04-04T14:12:16.538+05:30 DEBUG 4224 --- [CartOrderService] [DiscoveryClient-HeartbeatExecutor-0] [                                                 ] o.s.web.client.RestTemplate              : Response 200 OK
2026-04-04T14:12:36.362+05:30 DEBUG 4224 --- [CartOrderService] [DiscoveryClient-CacheRefreshExecutor-0] [                                                 ] o.s.web.client.RestTemplate              : HTTP GET http://localhost:8761/eureka/apps/delta
2026-04-04T14:12:36.362+05:30 DEBUG 4224 --- [CartOrderService] [DiscoveryClient-CacheRefreshExecutor-0] [                                                 ] o.s.web.client.RestTemplate              : Accept=[application/json, application/*+json]
2026-04-04T14:12:36.432+05:30 DEBUG 4224 --- [CartOrderService] [DiscoveryClient-CacheRefreshExecutor-0] [                                                 ] o.s.web.client.RestTemplate              : Response 200 OK
2026-04-04T14:12:36.433+05:30 DEBUG 4224 --- [CartOrderService] [DiscoveryClient-CacheRefreshExecutor-0] [                                                 ] o.s.web.client.RestTemplate              : Reading to [org.springframework.cloud.netflix.eureka.http.EurekaApplications]
2026-04-04T14:12:46.541+05:30 DEBUG 4224 --- [CartOrderService] [DiscoveryClient-HeartbeatExecutor-0] [                                                 ] o.s.web.client.RestTemplate              : HTTP PUT http://localhost:8761/eureka/apps/CARTORDERSERVICE/DESKTOP-ECRRR37.mshome.net:CartOrderService:8083?status=UP&lastDirtyTimestamp=1775285265677
2026-04-04T14:12:46.543+05:30 DEBUG 4224 --- [CartOrderService] [DiscoveryClient-HeartbeatExecutor-0] [                                                 ] o.s.web.client.RestTemplate              : Accept=[application/json, application/*+json]
2026-04-04T14:12:46.557+05:30 DEBUG 4224 --- [CartOrderService] [DiscoveryClient-HeartbeatExecutor-0] [                                                 ] o.s.web.client.RestTemplate              : Response 200 OK
2026-04-04T14:13:06.537+05:30 DEBUG 4224 --- [CartOrderService] [DiscoveryClient-CacheRefreshExecutor-0] [                                                 ] o.s.web.client.RestTemplate              : HTTP GET http://localhost:8761/eureka/apps/delta
2026-04-04T14:13:06.539+05:30 DEBUG 4224 --- [CartOrderService] [DiscoveryClient-CacheRefreshExecutor-0] [                                                 ] o.s.web.client.RestTemplate              : Accept=[application/json, application/*+json]
2026-04-04T14:13:06.598+05:30 DEBUG 4224 --- [CartOrderService] [DiscoveryClient-CacheRefreshExecutor-0] [                                                 ] o.s.web.client.RestTemplate              : Response 200 OK
2026-04-04T14:13:06.600+05:30 DEBUG 4224 --- [CartOrderService] [DiscoveryClient-CacheRefreshExecutor-0] [                                                 ] o.s.web.client.RestTemplate              : Reading to [org.springframework.cloud.netflix.eureka.http.EurekaApplications]
2026-04-04T14:13:08.252+05:30  INFO 4224 --- [CartOrderService] [AsyncResolver-bootstrap-executor-0] [                                                 ] c.n.d.s.r.aws.ConfigClusterResolver      : Resolving eureka endpoints via configuration
2026-04-04T14:13:16.570+05:30 DEBUG 4224 --- [CartOrderService] [DiscoveryClient-HeartbeatExecutor-0] [                                                 ] o.s.web.client.RestTemplate              : HTTP PUT http://localhost:8761/eureka/apps/CARTORDERSERVICE/DESKTOP-ECRRR37.mshome.net:CartOrderService:8083?status=UP&lastDirtyTimestamp=1775285265677
2026-04-04T14:13:16.570+05:30 DEBUG 4224 --- [CartOrderService] [DiscoveryClient-HeartbeatExecutor-0] [                                                 ] o.s.web.client.RestTemplate              : Accept=[application/json, application/*+json]
2026-04-04T14:13:16.585+05:30 DEBUG 4224 --- [CartOrderService] [DiscoveryClient-HeartbeatExecutor-0] [                                                 ] o.s.web.client.RestTemplate              : Response 200 OK
2026-04-04T14:13:36.611+05:30 DEBUG 4224 --- [CartOrderService] [DiscoveryClient-CacheRefreshExecutor-0] [                                                 ] o.s.web.client.RestTemplate              : HTTP GET http://localhost:8761/eureka/apps/delta
2026-04-04T14:13:36.612+05:30 DEBUG 4224 --- [CartOrderService] [DiscoveryClient-CacheRefreshExecutor-0] [                                                 ] o.s.web.client.RestTemplate              : Accept=[application/json, application/*+json]
2026-04-04T14:13:36.658+05:30 DEBUG 4224 --- [CartOrderService] [DiscoveryClient-CacheRefreshExecutor-0] [                                                 ] o.s.web.client.RestTemplate              : Response 200 OK
2026-04-04T14:13:36.658+05:30 DEBUG 4224 --- [CartOrderService] [DiscoveryClient-CacheRefreshExecutor-0] [                                                 ] o.s.web.client.RestTemplate              : Reading to [org.springframework.cloud.netflix.eureka.http.EurekaApplications]
2026-04-04T14:13:46.603+05:30 DEBUG 4224 --- [CartOrderService] [DiscoveryClient-HeartbeatExecutor-0] [                                                 ] o.s.web.client.RestTemplate              : HTTP PUT http://localhost:8761/eureka/apps/CARTORDERSERVICE/DESKTOP-ECRRR37.mshome.net:CartOrderService:8083?status=UP&lastDirtyTimestamp=1775285265677
2026-04-04T14:13:46.604+05:30 DEBUG 4224 --- [CartOrderService] [DiscoveryClient-HeartbeatExecutor-0] [                                                 ] o.s.web.client.RestTemplate              : Accept=[application/json, application/*+json]
2026-04-04T14:13:46.618+05:30 DEBUG 4224 --- [CartOrderService] [DiscoveryClient-HeartbeatExecutor-0] [                                                 ] o.s.web.client.RestTemplate              : Response 200 OK
2026-04-04T14:14:06.673+05:30 DEBUG 4224 --- [CartOrderService] [DiscoveryClient-CacheRefreshExecutor-0] [                                                 ] o.s.web.client.RestTemplate              : HTTP GET http://localhost:8761/eureka/apps/delta
2026-04-04T14:14:06.674+05:30 DEBUG 4224 --- [CartOrderService] [DiscoveryClient-CacheRefreshExecutor-0] [                                                 ] o.s.web.client.RestTemplate              : Accept=[application/json, application/*+json]
2026-04-04T14:14:06.690+05:30 DEBUG 4224 --- [CartOrderService] [DiscoveryClient-CacheRefreshExecutor-0] [                                                 ] o.s.web.client.RestTemplate              : Response 200 OK
2026-04-04T14:14:06.692+05:30 DEBUG 4224 --- [CartOrderService] [DiscoveryClient-CacheRefreshExecutor-0] [                                                 ] o.s.web.client.RestTemplate              : Reading to [org.springframework.cloud.netflix.eureka.http.EurekaApplications]
2026-04-04T14:14:16.634+05:30 DEBUG 4224 --- [CartOrderService] [DiscoveryClient-HeartbeatExecutor-0] [                                                 ] o.s.web.client.RestTemplate              : HTTP PUT http://localhost:8761/eureka/apps/CARTORDERSERVICE/DESKTOP-ECRRR37.mshome.net:CartOrderService:8083?status=UP&lastDirtyTimestamp=1775285265677
2026-04-04T14:14:16.634+05:30 DEBUG 4224 --- [CartOrderService] [DiscoveryClient-HeartbeatExecutor-0] [                                                 ] o.s.web.client.RestTemplate              : Accept=[application/json, application/*+json]
2026-04-04T14:14:16.656+05:30 DEBUG 4224 --- [CartOrderService] [DiscoveryClient-HeartbeatExecutor-0] [                                                 ] o.s.web.client.RestTemplate              : Response 200 OK
2026-04-04T14:14:36.709+05:30 DEBUG 4224 --- [CartOrderService] [DiscoveryClient-CacheRefreshExecutor-0] [                                                 ] o.s.web.client.RestTemplate              : HTTP GET http://localhost:8761/eureka/apps/delta
2026-04-04T14:14:36.710+05:30 DEBUG 4224 --- [CartOrderService] [DiscoveryClient-CacheRefreshExecutor-0] [                                                 ] o.s.web.client.RestTemplate              : Accept=[application/json, application/*+json]
2026-04-04T14:14:36.723+05:30 DEBUG 4224 --- [CartOrderService] [DiscoveryClient-CacheRefreshExecutor-0] [                                                 ] o.s.web.client.RestTemplate              : Response 200 OK
2026-04-04T14:14:36.725+05:30 DEBUG 4224 --- [CartOrderService] [DiscoveryClient-CacheRefreshExecutor-0] [                                                 ] o.s.web.client.RestTemplate              : Reading to [org.springframework.cloud.netflix.eureka.http.EurekaApplications]
2026-04-04T14:14:46.669+05:30 DEBUG 4224 --- [CartOrderService] [DiscoveryClient-HeartbeatExecutor-0] [                                                 ] o.s.web.client.RestTemplate              : HTTP PUT http://localhost:8761/eureka/apps/CARTORDERSERVICE/DESKTOP-ECRRR37.mshome.net:CartOrderService:8083?status=UP&lastDirtyTimestamp=1775285265677
2026-04-04T14:14:46.681+05:30 DEBUG 4224 --- [CartOrderService] [DiscoveryClient-HeartbeatExecutor-0] [                                                 ] o.s.web.client.RestTemplate              : Accept=[application/json, application/*+json]
2026-04-04T14:14:46.705+05:30 DEBUG 4224 --- [CartOrderService] [DiscoveryClient-HeartbeatExecutor-0] [                                                 ] o.s.web.client.RestTemplate              : Response 200 OK
2026-04-04T14:15:06.730+05:30 DEBUG 4224 --- [CartOrderService] [DiscoveryClient-CacheRefreshExecutor-0] [                                                 ] o.s.web.client.RestTemplate              : HTTP GET http://localhost:8761/eureka/apps/delta
2026-04-04T14:15:06.730+05:30 DEBUG 4224 --- [CartOrderService] [DiscoveryClient-CacheRefreshExecutor-0] [                                                 ] o.s.web.client.RestTemplate              : Accept=[application/json, application/*+json]
2026-04-04T14:15:06.746+05:30 DEBUG 4224 --- [CartOrderService] [DiscoveryClient-CacheRefreshExecutor-0] [                                                 ] o.s.web.client.RestTemplate              : Response 200 OK
2026-04-04T14:15:06.852+05:30 DEBUG 4224 --- [CartOrderService] [DiscoveryClient-CacheRefreshExecutor-0] [                                                 ] o.s.web.client.RestTemplate              : Reading to [org.springframework.cloud.netflix.eureka.http.EurekaApplications]
2026-04-04T14:15:16.711+05:30 DEBUG 4224 --- [CartOrderService] [DiscoveryClient-HeartbeatExecutor-0] [                                                 ] o.s.web.client.RestTemplate              : HTTP PUT http://localhost:8761/eureka/apps/CARTORDERSERVICE/DESKTOP-ECRRR37.mshome.net:CartOrderService:8083?status=UP&lastDirtyTimestamp=1775285265677
2026-04-04T14:15:16.711+05:30 DEBUG 4224 --- [CartOrderService] [DiscoveryClient-HeartbeatExecutor-0] [                                                 ] o.s.web.client.RestTemplate              : Accept=[application/json, application/*+json]
2026-04-04T14:15:16.728+05:30 DEBUG 4224 --- [CartOrderService] [DiscoveryClient-HeartbeatExecutor-0] [                                                 ] o.s.web.client.RestTemplate              : Response 200 OK
2026-04-04T14:15:36.861+05:30 DEBUG 4224 --- [CartOrderService] [DiscoveryClient-CacheRefreshExecutor-0] [                                                 ] o.s.web.client.RestTemplate              : HTTP GET http://localhost:8761/eureka/apps/delta
2026-04-04T14:15:36.861+05:30 DEBUG 4224 --- [CartOrderService] [DiscoveryClient-CacheRefreshExecutor-0] [                                                 ] o.s.web.client.RestTemplate              : Accept=[application/json, application/*+json]
2026-04-04T14:15:36.879+05:30 DEBUG 4224 --- [CartOrderService] [DiscoveryClient-CacheRefreshExecutor-0] [                                                 ] o.s.web.client.RestTemplate              : Response 200 OK
2026-04-04T14:15:36.879+05:30 DEBUG 4224 --- [CartOrderService] [DiscoveryClient-CacheRefreshExecutor-0] [                                                 ] o.s.web.client.RestTemplate              : Reading to [org.springframework.cloud.netflix.eureka.http.EurekaApplications]
2026-04-04T14:15:46.827+05:30 DEBUG 4224 --- [CartOrderService] [DiscoveryClient-HeartbeatExecutor-0] [                                                 ] o.s.web.client.RestTemplate              : HTTP PUT http://localhost:8761/eureka/apps/CARTORDERSERVICE/DESKTOP-ECRRR37.mshome.net:CartOrderService:8083?status=UP&lastDirtyTimestamp=1775285265677
2026-04-04T14:15:46.827+05:30 DEBUG 4224 --- [CartOrderService] [DiscoveryClient-HeartbeatExecutor-0] [                                                 ] o.s.web.client.RestTemplate              : Accept=[application/json, application/*+json]
2026-04-04T14:15:46.843+05:30 DEBUG 4224 --- [CartOrderService] [DiscoveryClient-HeartbeatExecutor-0] [                                                 ] o.s.web.client.RestTemplate              : Response 200 OK
2026-04-04T14:16:06.896+05:30 DEBUG 4224 --- [CartOrderService] [DiscoveryClient-CacheRefreshExecutor-0] [                                                 ] o.s.web.client.RestTemplate              : HTTP GET http://localhost:8761/eureka/apps/delta
2026-04-04T14:16:06.897+05:30 DEBUG 4224 --- [CartOrderService] [DiscoveryClient-CacheRefreshExecutor-0] [                                                 ] o.s.web.client.RestTemplate              : Accept=[application/json, application/*+json]
2026-04-04T14:16:06.915+05:30 DEBUG 4224 --- [CartOrderService] [DiscoveryClient-CacheRefreshExecutor-0] [                                                 ] o.s.web.client.RestTemplate              : Response 200 OK
2026-04-04T14:16:06.918+05:30 DEBUG 4224 --- [CartOrderService] [DiscoveryClient-CacheRefreshExecutor-0] [                                                 ] o.s.web.client.RestTemplate              : Reading to [org.springframework.cloud.netflix.eureka.http.EurekaApplications]
2026-04-04T14:16:16.845+05:30 DEBUG 4224 --- [CartOrderService] [DiscoveryClient-HeartbeatExecutor-0] [                                                 ] o.s.web.client.RestTemplate              : HTTP PUT http://localhost:8761/eureka/apps/CARTORDERSERVICE/DESKTOP-ECRRR37.mshome.net:CartOrderService:8083?status=UP&lastDirtyTimestamp=1775285265677
2026-04-04T14:16:16.846+05:30 DEBUG 4224 --- [CartOrderService] [DiscoveryClient-HeartbeatExecutor-0] [                                                 ] o.s.web.client.RestTemplate              : Accept=[application/json, application/*+json]
2026-04-04T14:16:16.862+05:30 DEBUG 4224 --- [CartOrderService] [DiscoveryClient-HeartbeatExecutor-0] [                                                 ] o.s.web.client.RestTemplate              : Response 200 OK
2026-04-04T14:16:36.972+05:30 DEBUG 4224 --- [CartOrderService] [DiscoveryClient-CacheRefreshExecutor-0] [                                                 ] o.s.web.client.RestTemplate              : HTTP GET http://localhost:8761/eureka/apps/delta
2026-04-04T14:16:37.326+05:30 DEBUG 4224 --- [CartOrderService] [DiscoveryClient-CacheRefreshExecutor-0] [                                                 ] o.s.web.client.RestTemplate              : Accept=[application/json, application/*+json]
2026-04-04T14:16:37.505+05:30 DEBUG 4224 --- [CartOrderService] [DiscoveryClient-CacheRefreshExecutor-0] [                                                 ] o.s.web.client.RestTemplate              : Response 200 OK
2026-04-04T14:16:37.505+05:30 DEBUG 4224 --- [CartOrderService] [DiscoveryClient-CacheRefreshExecutor-0] [                                                 ] o.s.web.client.RestTemplate              : Reading to [org.springframework.cloud.netflix.eureka.http.EurekaApplications]
2026-04-04T14:16:46.871+05:30 DEBUG 4224 --- [CartOrderService] [DiscoveryClient-HeartbeatExecutor-0] [                                                 ] o.s.web.client.RestTemplate              : HTTP PUT http://localhost:8761/eureka/apps/CARTORDERSERVICE/DESKTOP-ECRRR37.mshome.net:CartOrderService:8083?status=UP&lastDirtyTimestamp=1775285265677
2026-04-04T14:16:46.874+05:30 DEBUG 4224 --- [CartOrderService] [DiscoveryClient-HeartbeatExecutor-0] [                                                 ] o.s.web.client.RestTemplate              : Accept=[application/json, application/*+json]
2026-04-04T14:16:46.891+05:30 DEBUG 4224 --- [CartOrderService] [DiscoveryClient-HeartbeatExecutor-0] [                                                 ] o.s.web.client.RestTemplate              : Response 200 OK
2026-04-04T14:17:07.649+05:30 DEBUG 4224 --- [CartOrderService] [DiscoveryClient-CacheRefreshExecutor-0] [                                                 ] o.s.web.client.RestTemplate              : HTTP GET http://localhost:8761/eureka/apps/delta
2026-04-04T14:17:07.652+05:30 DEBUG 4224 --- [CartOrderService] [DiscoveryClient-CacheRefreshExecutor-0] [                                                 ] o.s.web.client.RestTemplate              : Accept=[application/json, application/*+json]
2026-04-04T14:17:07.666+05:30 DEBUG 4224 --- [CartOrderService] [DiscoveryClient-CacheRefreshExecutor-0] [                                                 ] o.s.web.client.RestTemplate              : Response 200 OK
2026-04-04T14:17:07.666+05:30 DEBUG 4224 --- [CartOrderService] [DiscoveryClient-CacheRefreshExecutor-0] [                                                 ] o.s.web.client.RestTemplate              : Reading to [org.springframework.cloud.netflix.eureka.http.EurekaApplications]
2026-04-04T14:17:16.902+05:30 DEBUG 4224 --- [CartOrderService] [DiscoveryClient-HeartbeatExecutor-0] [                                                 ] o.s.web.client.RestTemplate              : HTTP PUT http://localhost:8761/eureka/apps/CARTORDERSERVICE/DESKTOP-ECRRR37.mshome.net:CartOrderService:8083?status=UP&lastDirtyTimestamp=1775285265677
2026-04-04T14:17:16.907+05:30 DEBUG 4224 --- [CartOrderService] [DiscoveryClient-HeartbeatExecutor-0] [                                                 ] o.s.web.client.RestTemplate              : Accept=[application/json, application/*+json]
2026-04-04T14:17:16.921+05:30 DEBUG 4224 --- [CartOrderService] [DiscoveryClient-HeartbeatExecutor-0] [                                                 ] o.s.web.client.RestTemplate              : Response 200 OK
2026-04-04T14:17:37.670+05:30 DEBUG 4224 --- [CartOrderService] [DiscoveryClient-CacheRefreshExecutor-0] [                                                 ] o.s.web.client.RestTemplate              : HTTP GET http://localhost:8761/eureka/apps/delta
2026-04-04T14:17:37.671+05:30 DEBUG 4224 --- [CartOrderService] [DiscoveryClient-CacheRefreshExecutor-0] [                                                 ] o.s.web.client.RestTemplate              : Accept=[application/json, application/*+json]
2026-04-04T14:17:37.685+05:30 DEBUG 4224 --- [CartOrderService] [DiscoveryClient-CacheRefreshExecutor-0] [                                                 ] o.s.web.client.RestTemplate              : Response 200 OK
2026-04-04T14:17:37.697+05:30 DEBUG 4224 --- [CartOrderService] [DiscoveryClient-CacheRefreshExecutor-0] [                                                 ] o.s.web.client.RestTemplate              : Reading to [org.springframework.cloud.netflix.eureka.http.EurekaApplications]
2026-04-04T14:17:46.924+05:30 DEBUG 4224 --- [CartOrderService] [DiscoveryClient-HeartbeatExecutor-0] [                                                 ] o.s.web.client.RestTemplate              : HTTP PUT http://localhost:8761/eureka/apps/CARTORDERSERVICE/DESKTOP-ECRRR37.mshome.net:CartOrderService:8083?status=UP&lastDirtyTimestamp=1775285265677
2026-04-04T14:17:46.946+05:30 DEBUG 4224 --- [CartOrderService] [DiscoveryClient-HeartbeatExecutor-0] [                                                 ] o.s.web.client.RestTemplate              : Accept=[application/json, application/*+json]
2026-04-04T14:17:46.956+05:30 DEBUG 4224 --- [CartOrderService] [DiscoveryClient-HeartbeatExecutor-0] [                                                 ] o.s.web.client.RestTemplate              : Response 200 OK
2026-04-04T14:18:07.705+05:30 DEBUG 4224 --- [CartOrderService] [DiscoveryClient-CacheRefreshExecutor-0] [                                                 ] o.s.web.client.RestTemplate              : HTTP GET http://localhost:8761/eureka/apps/delta
2026-04-04T14:18:07.706+05:30 DEBUG 4224 --- [CartOrderService] [DiscoveryClient-CacheRefreshExecutor-0] [                                                 ] o.s.web.client.RestTemplate              : Accept=[application/json, application/*+json]
2026-04-04T14:18:07.722+05:30 DEBUG 4224 --- [CartOrderService] [DiscoveryClient-CacheRefreshExecutor-0] [                                                 ] o.s.web.client.RestTemplate              : Response 200 OK
2026-04-04T14:18:07.722+05:30 DEBUG 4224 --- [CartOrderService] [DiscoveryClient-CacheRefreshExecutor-0] [                                                 ] o.s.web.client.RestTemplate              : Reading to [org.springframework.cloud.netflix.eureka.http.EurekaApplications]
2026-04-04T14:18:08.312+05:30  INFO 4224 --- [CartOrderService] [AsyncResolver-bootstrap-executor-0] [                                                 ] c.n.d.s.r.aws.ConfigClusterResolver      : Resolving eureka endpoints via configuration
2026-04-04T14:18:16.977+05:30 DEBUG 4224 --- [CartOrderService] [DiscoveryClient-HeartbeatExecutor-0] [                                                 ] o.s.web.client.RestTemplate              : HTTP PUT http://localhost:8761/eureka/apps/CARTORDERSERVICE/DESKTOP-ECRRR37.mshome.net:CartOrderService:8083?status=UP&lastDirtyTimestamp=1775285265677
2026-04-04T14:18:16.978+05:30 DEBUG 4224 --- [CartOrderService] [DiscoveryClient-HeartbeatExecutor-0] [                                                 ] o.s.web.client.RestTemplate              : Accept=[application/json, application/*+json]
2026-04-04T14:18:16.994+05:30 DEBUG 4224 --- [CartOrderService] [DiscoveryClient-HeartbeatExecutor-0] [                                                 ] o.s.web.client.RestTemplate              : Response 200 OK
2026-04-04T14:18:37.727+05:30 DEBUG 4224 --- [CartOrderService] [DiscoveryClient-CacheRefreshExecutor-0] [                                                 ] o.s.web.client.RestTemplate              : HTTP GET http://localhost:8761/eureka/apps/delta
2026-04-04T14:18:37.728+05:30 DEBUG 4224 --- [CartOrderService] [DiscoveryClient-CacheRefreshExecutor-0] [                                                 ] o.s.web.client.RestTemplate              : Accept=[application/json, application/*+json]
2026-04-04T14:18:37.747+05:30 DEBUG 4224 --- [CartOrderService] [DiscoveryClient-CacheRefreshExecutor-0] [                                                 ] o.s.web.client.RestTemplate              : Response 200 OK
2026-04-04T14:18:37.747+05:30 DEBUG 4224 --- [CartOrderService] [DiscoveryClient-CacheRefreshExecutor-0] [                                                 ] o.s.web.client.RestTemplate              : Reading to [org.springframework.cloud.netflix.eureka.http.EurekaApplications]
2026-04-04T14:18:47.001+05:30 DEBUG 4224 --- [CartOrderService] [DiscoveryClient-HeartbeatExecutor-0] [                                                 ] o.s.web.client.RestTemplate              : HTTP PUT http://localhost:8761/eureka/apps/CARTORDERSERVICE/DESKTOP-ECRRR37.mshome.net:CartOrderService:8083?status=UP&lastDirtyTimestamp=1775285265677
2026-04-04T14:18:47.002+05:30 DEBUG 4224 --- [CartOrderService] [DiscoveryClient-HeartbeatExecutor-0] [                                                 ] o.s.web.client.RestTemplate              : Accept=[application/json, application/*+json]
2026-04-04T14:18:47.020+05:30 DEBUG 4224 --- [CartOrderService] [DiscoveryClient-HeartbeatExecutor-0] [                                                 ] o.s.web.client.RestTemplate              : Response 200 OK
2026-04-04T14:19:07.751+05:30 DEBUG 4224 --- [CartOrderService] [DiscoveryClient-CacheRefreshExecutor-0] [                                                 ] o.s.web.client.RestTemplate              : HTTP GET http://localhost:8761/eureka/apps/delta
2026-04-04T14:19:07.752+05:30 DEBUG 4224 --- [CartOrderService] [DiscoveryClient-CacheRefreshExecutor-0] [                                                 ] o.s.web.client.RestTemplate              : Accept=[application/json, application/*+json]
2026-04-04T14:19:07.770+05:30 DEBUG 4224 --- [CartOrderService] [DiscoveryClient-CacheRefreshExecutor-0] [                                                 ] o.s.web.client.RestTemplate              : Response 200 OK
2026-04-04T14:19:07.770+05:30 DEBUG 4224 --- [CartOrderService] [DiscoveryClient-CacheRefreshExecutor-0] [                                                 ] o.s.web.client.RestTemplate              : Reading to [org.springframework.cloud.netflix.eureka.http.EurekaApplications]
2026-04-04T14:19:17.024+05:30 DEBUG 4224 --- [CartOrderService] [DiscoveryClient-HeartbeatExecutor-0] [                                                 ] o.s.web.client.RestTemplate              : HTTP PUT http://localhost:8761/eureka/apps/CARTORDERSERVICE/DESKTOP-ECRRR37.mshome.net:CartOrderService:8083?status=UP&lastDirtyTimestamp=1775285265677
2026-04-04T14:19:17.025+05:30 DEBUG 4224 --- [CartOrderService] [DiscoveryClient-HeartbeatExecutor-0] [                                                 ] o.s.web.client.RestTemplate              : Accept=[application/json, application/*+json]
2026-04-04T14:19:17.043+05:30 DEBUG 4224 --- [CartOrderService] [DiscoveryClient-HeartbeatExecutor-0] [                                                 ] o.s.web.client.RestTemplate              : Response 200 OK
2026-04-04T14:19:37.774+05:30 DEBUG 4224 --- [CartOrderService] [DiscoveryClient-CacheRefreshExecutor-0] [                                                 ] o.s.web.client.RestTemplate              : HTTP GET http://localhost:8761/eureka/apps/delta
2026-04-04T14:19:37.774+05:30 DEBUG 4224 --- [CartOrderService] [DiscoveryClient-CacheRefreshExecutor-0] [                                                 ] o.s.web.client.RestTemplate              : Accept=[application/json, application/*+json]
2026-04-04T14:19:37.791+05:30 DEBUG 4224 --- [CartOrderService] [DiscoveryClient-CacheRefreshExecutor-0] [                                                 ] o.s.web.client.RestTemplate              : Response 200 OK
2026-04-04T14:19:37.791+05:30 DEBUG 4224 --- [CartOrderService] [DiscoveryClient-CacheRefreshExecutor-0] [                                                 ] o.s.web.client.RestTemplate              : Reading to [org.springframework.cloud.netflix.eureka.http.EurekaApplications]
2026-04-04T14:19:47.058+05:30 DEBUG 4224 --- [CartOrderService] [DiscoveryClient-HeartbeatExecutor-0] [                                                 ] o.s.web.client.RestTemplate              : HTTP PUT http://localhost:8761/eureka/apps/CARTORDERSERVICE/DESKTOP-ECRRR37.mshome.net:CartOrderService:8083?status=UP&lastDirtyTimestamp=1775285265677
2026-04-04T14:19:47.058+05:30 DEBUG 4224 --- [CartOrderService] [DiscoveryClient-HeartbeatExecutor-0] [                                                 ] o.s.web.client.RestTemplate              : Accept=[application/json, application/*+json]
2026-04-04T14:19:47.076+05:30 DEBUG 4224 --- [CartOrderService] [DiscoveryClient-HeartbeatExecutor-0] [                                                 ] o.s.web.client.RestTemplate              : Response 200 OK
2026-04-04T14:20:07.817+05:30 DEBUG 4224 --- [CartOrderService] [DiscoveryClient-CacheRefreshExecutor-0] [                                                 ] o.s.web.client.RestTemplate              : HTTP GET http://localhost:8761/eureka/apps/delta
2026-04-04T14:20:07.818+05:30 DEBUG 4224 --- [CartOrderService] [DiscoveryClient-CacheRefreshExecutor-0] [                                                 ] o.s.web.client.RestTemplate              : Accept=[application/json, application/*+json]
2026-04-04T14:20:07.847+05:30 DEBUG 4224 --- [CartOrderService] [DiscoveryClient-CacheRefreshExecutor-0] [                                                 ] o.s.web.client.RestTemplate              : Response 200 OK
2026-04-04T14:20:07.848+05:30 DEBUG 4224 --- [CartOrderService] [DiscoveryClient-CacheRefreshExecutor-0] [                                                 ] o.s.web.client.RestTemplate              : Reading to [org.springframework.cloud.netflix.eureka.http.EurekaApplications]
2026-04-04T14:20:17.120+05:30 DEBUG 4224 --- [CartOrderService] [DiscoveryClient-HeartbeatExecutor-0] [                                                 ] o.s.web.client.RestTemplate              : HTTP PUT http://localhost:8761/eureka/apps/CARTORDERSERVICE/DESKTOP-ECRRR37.mshome.net:CartOrderService:8083?status=UP&lastDirtyTimestamp=1775285265677
2026-04-04T14:20:17.120+05:30 DEBUG 4224 --- [CartOrderService] [DiscoveryClient-HeartbeatExecutor-0] [                                                 ] o.s.web.client.RestTemplate              : Accept=[application/json, application/*+json]
2026-04-04T14:20:28.117+05:30 DEBUG 4224 --- [CartOrderService] [DiscoveryClient-HeartbeatExecutor-0] [                                                 ] o.s.web.client.RestTemplate              : Response 200 OK
2026-04-04T14:20:37.855+05:30 DEBUG 4224 --- [CartOrderService] [DiscoveryClient-CacheRefreshExecutor-0] [                                                 ] o.s.web.client.RestTemplate              : HTTP GET http://localhost:8761/eureka/apps/delta
2026-04-04T14:20:37.855+05:30 DEBUG 4224 --- [CartOrderService] [DiscoveryClient-CacheRefreshExecutor-0] [                                                 ] o.s.web.client.RestTemplate              : Accept=[application/json, application/*+json]
2026-04-04T14:20:37.872+05:30 DEBUG 4224 --- [CartOrderService] [DiscoveryClient-CacheRefreshExecutor-0] [                                                 ] o.s.web.client.RestTemplate              : Response 200 OK
2026-04-04T14:20:37.872+05:30 DEBUG 4224 --- [CartOrderService] [DiscoveryClient-CacheRefreshExecutor-0] [                                                 ] o.s.web.client.RestTemplate              : Reading to [org.springframework.cloud.netflix.eureka.http.EurekaApplications]
2026-04-04T14:20:58.129+05:30 DEBUG 4224 --- [CartOrderService] [DiscoveryClient-HeartbeatExecutor-0] [                                                 ] o.s.web.client.RestTemplate              : HTTP PUT http://localhost:8761/eureka/apps/CARTORDERSERVICE/DESKTOP-ECRRR37.mshome.net:CartOrderService:8083?status=UP&lastDirtyTimestamp=1775285265677
2026-04-04T14:20:58.134+05:30 DEBUG 4224 --- [CartOrderService] [DiscoveryClient-HeartbeatExecutor-0] [                                                 ] o.s.web.client.RestTemplate              : Accept=[application/json, application/*+json]
2026-04-04T14:20:58.168+05:30 DEBUG 4224 --- [CartOrderService] [DiscoveryClient-HeartbeatExecutor-0] [                                                 ] o.s.web.client.RestTemplate              : Response 200 OK
2026-04-04T14:21:07.881+05:30 DEBUG 4224 --- [CartOrderService] [DiscoveryClient-CacheRefreshExecutor-0] [                                                 ] o.s.web.client.RestTemplate              : HTTP GET http://localhost:8761/eureka/apps/delta
2026-04-04T14:21:07.883+05:30 DEBUG 4224 --- [CartOrderService] [DiscoveryClient-CacheRefreshExecutor-0] [                                                 ] o.s.web.client.RestTemplate              : Accept=[application/json, application/*+json]
2026-04-04T14:21:07.899+05:30 DEBUG 4224 --- [CartOrderService] [DiscoveryClient-CacheRefreshExecutor-0] [                                                 ] o.s.web.client.RestTemplate              : Response 200 OK
2026-04-04T14:21:07.902+05:30 DEBUG 4224 --- [CartOrderService] [DiscoveryClient-CacheRefreshExecutor-0] [                                                 ] o.s.web.client.RestTemplate              : Reading to [org.springframework.cloud.netflix.eureka.http.EurekaApplications]
2026-04-04T14:21:28.176+05:30 DEBUG 4224 --- [CartOrderService] [DiscoveryClient-HeartbeatExecutor-0] [                                                 ] o.s.web.client.RestTemplate              : HTTP PUT http://localhost:8761/eureka/apps/CARTORDERSERVICE/DESKTOP-ECRRR37.mshome.net:CartOrderService:8083?status=UP&lastDirtyTimestamp=1775285265677
2026-04-04T14:21:28.177+05:30 DEBUG 4224 --- [CartOrderService] [DiscoveryClient-HeartbeatExecutor-0] [                                                 ] o.s.web.client.RestTemplate              : Accept=[application/json, application/*+json]
2026-04-04T14:21:28.196+05:30 DEBUG 4224 --- [CartOrderService] [DiscoveryClient-HeartbeatExecutor-0] [                                                 ] o.s.web.client.RestTemplate              : Response 200 OK
2026-04-04T14:21:37.926+05:30 DEBUG 4224 --- [CartOrderService] [DiscoveryClient-CacheRefreshExecutor-0] [                                                 ] o.s.web.client.RestTemplate              : HTTP GET http://localhost:8761/eureka/apps/delta
2026-04-04T14:21:37.927+05:30 DEBUG 4224 --- [CartOrderService] [DiscoveryClient-CacheRefreshExecutor-0] [                                                 ] o.s.web.client.RestTemplate              : Accept=[application/json, application/*+json]
2026-04-04T14:21:37.944+05:30 DEBUG 4224 --- [CartOrderService] [DiscoveryClient-CacheRefreshExecutor-0] [                                                 ] o.s.web.client.RestTemplate              : Response 200 OK
2026-04-04T14:21:37.945+05:30 DEBUG 4224 --- [CartOrderService] [DiscoveryClient-CacheRefreshExecutor-0] [                                                 ] o.s.web.client.RestTemplate              : Reading to [org.springframework.cloud.netflix.eureka.http.EurekaApplications]
2026-04-04T14:21:58.310+05:30 DEBUG 4224 --- [CartOrderService] [DiscoveryClient-HeartbeatExecutor-0] [                                                 ] o.s.web.client.RestTemplate              : HTTP PUT http://localhost:8761/eureka/apps/CARTORDERSERVICE/DESKTOP-ECRRR37.mshome.net:CartOrderService:8083?status=UP&lastDirtyTimestamp=1775285265677
2026-04-04T14:21:58.317+05:30 DEBUG 4224 --- [CartOrderService] [DiscoveryClient-HeartbeatExecutor-0] [                                                 ] o.s.web.client.RestTemplate              : Accept=[application/json, application/*+json]
2026-04-04T14:22:01.981+05:30 DEBUG 4224 --- [CartOrderService] [DiscoveryClient-HeartbeatExecutor-0] [                                                 ] o.s.web.client.RestTemplate              : Response 200 OK
2026-04-04T14:22:09.776+05:30 DEBUG 4224 --- [CartOrderService] [DiscoveryClient-CacheRefreshExecutor-0] [                                                 ] o.s.web.client.RestTemplate              : HTTP GET http://localhost:8761/eureka/apps/delta
2026-04-04T14:22:09.842+05:30 DEBUG 4224 --- [CartOrderService] [DiscoveryClient-CacheRefreshExecutor-0] [                                                 ] o.s.web.client.RestTemplate              : Accept=[application/json, application/*+json]
2026-04-04T14:22:09.847+05:30 DEBUG 4224 --- [CartOrderService] [DiscoveryClient-CacheRefreshExecutor-0] [                                                 ] o.s.web.client.RestTemplate              : Response 200 OK
2026-04-04T14:22:09.847+05:30 DEBUG 4224 --- [CartOrderService] [DiscoveryClient-CacheRefreshExecutor-0] [                                                 ] o.s.web.client.RestTemplate              : Reading to [org.springframework.cloud.netflix.eureka.http.EurekaApplications]
2026-04-04T14:22:33.239+05:30 DEBUG 4224 --- [CartOrderService] [DiscoveryClient-HeartbeatExecutor-0] [                                                 ] o.s.web.client.RestTemplate              : HTTP PUT http://localhost:8761/eureka/apps/CARTORDERSERVICE/DESKTOP-ECRRR37.mshome.net:CartOrderService:8083?status=UP&lastDirtyTimestamp=1775285265677
2026-04-04T14:22:33.240+05:30 DEBUG 4224 --- [CartOrderService] [DiscoveryClient-HeartbeatExecutor-0] [                                                 ] o.s.web.client.RestTemplate              : Accept=[application/json, application/*+json]
2026-04-04T14:22:33.412+05:30 DEBUG 4224 --- [CartOrderService] [DiscoveryClient-HeartbeatExecutor-0] [                                                 ] o.s.web.client.RestTemplate              : Response 200 OK
2026-04-04T14:22:40.330+05:30 DEBUG 4224 --- [CartOrderService] [DiscoveryClient-CacheRefreshExecutor-0] [                                                 ] o.s.web.client.RestTemplate              : HTTP GET http://localhost:8761/eureka/apps/delta
2026-04-04T14:22:40.630+05:30 DEBUG 4224 --- [CartOrderService] [DiscoveryClient-CacheRefreshExecutor-0] [                                                 ] o.s.web.client.RestTemplate              : Accept=[application/json, application/*+json]
2026-04-04T14:22:41.601+05:30 DEBUG 4224 --- [CartOrderService] [DiscoveryClient-CacheRefreshExecutor-0] [                                                 ] o.s.web.client.RestTemplate              : Response 200 OK
2026-04-04T14:22:41.602+05:30 DEBUG 4224 --- [CartOrderService] [DiscoveryClient-CacheRefreshExecutor-0] [                                                 ] o.s.web.client.RestTemplate              : Reading to [org.springframework.cloud.netflix.eureka.http.EurekaApplications]
2026-04-04T14:23:03.672+05:30 DEBUG 4224 --- [CartOrderService] [DiscoveryClient-HeartbeatExecutor-0] [                                                 ] o.s.web.client.RestTemplate              : HTTP PUT http://localhost:8761/eureka/apps/CARTORDERSERVICE/DESKTOP-ECRRR37.mshome.net:CartOrderService:8083?status=UP&lastDirtyTimestamp=1775285265677
2026-04-04T14:23:03.673+05:30 DEBUG 4224 --- [CartOrderService] [DiscoveryClient-HeartbeatExecutor-0] [                                                 ] o.s.web.client.RestTemplate              : Accept=[application/json, application/*+json]
2026-04-04T14:23:03.688+05:30 DEBUG 4224 --- [CartOrderService] [DiscoveryClient-HeartbeatExecutor-0] [                                                 ] o.s.web.client.RestTemplate              : Response 200 OK
2026-04-04T14:23:10.745+05:30  INFO 4224 --- [CartOrderService] [AsyncResolver-bootstrap-executor-0] [                                                 ] c.n.d.s.r.aws.ConfigClusterResolver      : Resolving eureka endpoints via configuration
2026-04-04T14:23:11.843+05:30 DEBUG 4224 --- [CartOrderService] [DiscoveryClient-CacheRefreshExecutor-0] [                                                 ] o.s.web.client.RestTemplate              : HTTP GET http://localhost:8761/eureka/apps/delta
2026-04-04T14:23:11.843+05:30 DEBUG 4224 --- [CartOrderService] [DiscoveryClient-CacheRefreshExecutor-0] [                                                 ] o.s.web.client.RestTemplate              : Accept=[application/json, application/*+json]
2026-04-04T14:23:14.564+05:30 DEBUG 4224 --- [CartOrderService] [DiscoveryClient-CacheRefreshExecutor-0] [                                                 ] o.s.web.client.RestTemplate              : Response 200 OK
2026-04-04T14:23:14.662+05:30 DEBUG 4224 --- [CartOrderService] [DiscoveryClient-CacheRefreshExecutor-0] [                                                 ] o.s.web.client.RestTemplate              : Reading to [org.springframework.cloud.netflix.eureka.http.EurekaApplications]
2026-04-04T14:23:33.701+05:30 DEBUG 4224 --- [CartOrderService] [DiscoveryClient-HeartbeatExecutor-0] [                                                 ] o.s.web.client.RestTemplate              : HTTP PUT http://localhost:8761/eureka/apps/CARTORDERSERVICE/DESKTOP-ECRRR37.mshome.net:CartOrderService:8083?status=UP&lastDirtyTimestamp=1775285265677
2026-04-04T14:23:33.701+05:30 DEBUG 4224 --- [CartOrderService] [DiscoveryClient-HeartbeatExecutor-0] [                                                 ] o.s.web.client.RestTemplate              : Accept=[application/json, application/*+json]
2026-04-04T14:23:33.717+05:30 DEBUG 4224 --- [CartOrderService] [DiscoveryClient-HeartbeatExecutor-0] [                                                 ] o.s.web.client.RestTemplate              : Response 200 OK
2026-04-04T14:23:44.757+05:30 DEBUG 4224 --- [CartOrderService] [DiscoveryClient-CacheRefreshExecutor-0] [                                                 ] o.s.web.client.RestTemplate              : HTTP GET http://localhost:8761/eureka/apps/delta
2026-04-04T14:23:44.757+05:30 DEBUG 4224 --- [CartOrderService] [DiscoveryClient-CacheRefreshExecutor-0] [                                                 ] o.s.web.client.RestTemplate              : Accept=[application/json, application/*+json]
2026-04-04T14:23:44.773+05:30 DEBUG 4224 --- [CartOrderService] [DiscoveryClient-CacheRefreshExecutor-0] [                                                 ] o.s.web.client.RestTemplate              : Response 200 OK
2026-04-04T14:23:44.774+05:30 DEBUG 4224 --- [CartOrderService] [DiscoveryClient-CacheRefreshExecutor-0] [                                                 ] o.s.web.client.RestTemplate              : Reading to [org.springframework.cloud.netflix.eureka.http.EurekaApplications]
2026-04-04T14:24:03.724+05:30 DEBUG 4224 --- [CartOrderService] [DiscoveryClient-HeartbeatExecutor-0] [                                                 ] o.s.web.client.RestTemplate              : HTTP PUT http://localhost:8761/eureka/apps/CARTORDERSERVICE/DESKTOP-ECRRR37.mshome.net:CartOrderService:8083?status=UP&lastDirtyTimestamp=1775285265677
2026-04-04T14:24:03.729+05:30 DEBUG 4224 --- [CartOrderService] [DiscoveryClient-HeartbeatExecutor-0] [                                                 ] o.s.web.client.RestTemplate              : Accept=[application/json, application/*+json]
2026-04-04T14:24:03.741+05:30 DEBUG 4224 --- [CartOrderService] [DiscoveryClient-HeartbeatExecutor-0] [                                                 ] o.s.web.client.RestTemplate              : Response 200 OK
2026-04-04T14:24:14.786+05:30 DEBUG 4224 --- [CartOrderService] [DiscoveryClient-CacheRefreshExecutor-0] [                                                 ] o.s.web.client.RestTemplate              : HTTP GET http://localhost:8761/eureka/apps/delta
2026-04-04T14:24:14.790+05:30 DEBUG 4224 --- [CartOrderService] [DiscoveryClient-CacheRefreshExecutor-0] [                                                 ] o.s.web.client.RestTemplate              : Accept=[application/json, application/*+json]
2026-04-04T14:24:14.804+05:30 DEBUG 4224 --- [CartOrderService] [DiscoveryClient-CacheRefreshExecutor-0] [                                                 ] o.s.web.client.RestTemplate              : Response 200 OK
2026-04-04T14:24:14.804+05:30 DEBUG 4224 --- [CartOrderService] [DiscoveryClient-CacheRefreshExecutor-0] [                                                 ] o.s.web.client.RestTemplate              : Reading to [org.springframework.cloud.netflix.eureka.http.EurekaApplications]
2026-04-04T14:24:33.753+05:30 DEBUG 4224 --- [CartOrderService] [DiscoveryClient-HeartbeatExecutor-0] [                                                 ] o.s.web.client.RestTemplate              : HTTP PUT http://localhost:8761/eureka/apps/CARTORDERSERVICE/DESKTOP-ECRRR37.mshome.net:CartOrderService:8083?status=UP&lastDirtyTimestamp=1775285265677
2026-04-04T14:24:33.753+05:30 DEBUG 4224 --- [CartOrderService] [DiscoveryClient-HeartbeatExecutor-0] [                                                 ] o.s.web.client.RestTemplate              : Accept=[application/json, application/*+json]
2026-04-04T14:24:33.770+05:30 DEBUG 4224 --- [CartOrderService] [DiscoveryClient-HeartbeatExecutor-0] [                                                 ] o.s.web.client.RestTemplate              : Response 200 OK
2026-04-04T14:24:44.819+05:30 DEBUG 4224 --- [CartOrderService] [DiscoveryClient-CacheRefreshExecutor-0] [                                                 ] o.s.web.client.RestTemplate              : HTTP GET http://localhost:8761/eureka/apps/delta
2026-04-04T14:24:44.819+05:30 DEBUG 4224 --- [CartOrderService] [DiscoveryClient-CacheRefreshExecutor-0] [                                                 ] o.s.web.client.RestTemplate              : Accept=[application/json, application/*+json]
2026-04-04T14:24:44.837+05:30 DEBUG 4224 --- [CartOrderService] [DiscoveryClient-CacheRefreshExecutor-0] [                                                 ] o.s.web.client.RestTemplate              : Response 200 OK
2026-04-04T14:24:44.838+05:30 DEBUG 4224 --- [CartOrderService] [DiscoveryClient-CacheRefreshExecutor-0] [                                                 ] o.s.web.client.RestTemplate              : Reading to [org.springframework.cloud.netflix.eureka.http.EurekaApplications]
2026-04-04T14:25:04.468+05:30 DEBUG 4224 --- [CartOrderService] [DiscoveryClient-HeartbeatExecutor-0] [                                                 ] o.s.web.client.RestTemplate              : HTTP PUT http://localhost:8761/eureka/apps/CARTORDERSERVICE/DESKTOP-ECRRR37.mshome.net:CartOrderService:8083?status=UP&lastDirtyTimestamp=1775285265677
2026-04-04T14:25:04.879+05:30 DEBUG 4224 --- [CartOrderService] [DiscoveryClient-HeartbeatExecutor-0] [                                                 ] o.s.web.client.RestTemplate              : Accept=[application/json, application/*+json]
2026-04-04T14:25:04.890+05:30 DEBUG 4224 --- [CartOrderService] [DiscoveryClient-HeartbeatExecutor-0] [                                                 ] o.s.web.client.RestTemplate              : Response 200 OK
2026-04-04T14:25:14.849+05:30 DEBUG 4224 --- [CartOrderService] [DiscoveryClient-CacheRefreshExecutor-0] [                                                 ] o.s.web.client.RestTemplate              : HTTP GET http://localhost:8761/eureka/apps/delta
2026-04-04T14:25:14.850+05:30 DEBUG 4224 --- [CartOrderService] [DiscoveryClient-CacheRefreshExecutor-0] [                                                 ] o.s.web.client.RestTemplate              : Accept=[application/json, application/*+json]
2026-04-04T14:25:14.866+05:30 DEBUG 4224 --- [CartOrderService] [DiscoveryClient-CacheRefreshExecutor-0] [                                                 ] o.s.web.client.RestTemplate              : Response 200 OK
2026-04-04T14:25:14.867+05:30 DEBUG 4224 --- [CartOrderService] [DiscoveryClient-CacheRefreshExecutor-0] [                                                 ] o.s.web.client.RestTemplate              : Reading to [org.springframework.cloud.netflix.eureka.http.EurekaApplications]
2026-04-04T14:25:34.909+05:30 DEBUG 4224 --- [CartOrderService] [DiscoveryClient-HeartbeatExecutor-0] [                                                 ] o.s.web.client.RestTemplate              : HTTP PUT http://localhost:8761/eureka/apps/CARTORDERSERVICE/DESKTOP-ECRRR37.mshome.net:CartOrderService:8083?status=UP&lastDirtyTimestamp=1775285265677
2026-04-04T14:25:34.910+05:30 DEBUG 4224 --- [CartOrderService] [DiscoveryClient-HeartbeatExecutor-0] [                                                 ] o.s.web.client.RestTemplate              : Accept=[application/json, application/*+json]
2026-04-04T14:25:34.920+05:30 DEBUG 4224 --- [CartOrderService] [DiscoveryClient-HeartbeatExecutor-0] [                                                 ] o.s.web.client.RestTemplate              : Response 200 OK
2026-04-04T14:25:44.891+05:30 DEBUG 4224 --- [CartOrderService] [DiscoveryClient-CacheRefreshExecutor-0] [                                                 ] o.s.web.client.RestTemplate              : HTTP GET http://localhost:8761/eureka/apps/delta
2026-04-04T14:25:44.892+05:30 DEBUG 4224 --- [CartOrderService] [DiscoveryClient-CacheRefreshExecutor-0] [                                                 ] o.s.web.client.RestTemplate              : Accept=[application/json, application/*+json]
2026-04-04T14:25:44.944+05:30 DEBUG 4224 --- [CartOrderService] [DiscoveryClient-CacheRefreshExecutor-0] [                                                 ] o.s.web.client.RestTemplate              : Response 200 OK
2026-04-04T14:25:44.971+05:30 DEBUG 4224 --- [CartOrderService] [DiscoveryClient-CacheRefreshExecutor-0] [                                                 ] o.s.web.client.RestTemplate              : Reading to [org.springframework.cloud.netflix.eureka.http.EurekaApplications]
2026-04-04T14:26:04.955+05:30 DEBUG 4224 --- [CartOrderService] [DiscoveryClient-HeartbeatExecutor-0] [                                                 ] o.s.web.client.RestTemplate              : HTTP PUT http://localhost:8761/eureka/apps/CARTORDERSERVICE/DESKTOP-ECRRR37.mshome.net:CartOrderService:8083?status=UP&lastDirtyTimestamp=1775285265677
2026-04-04T14:26:04.961+05:30 DEBUG 4224 --- [CartOrderService] [DiscoveryClient-HeartbeatExecutor-0] [                                                 ] o.s.web.client.RestTemplate              : Accept=[application/json, application/*+json]
2026-04-04T14:26:05.000+05:30 DEBUG 4224 --- [CartOrderService] [DiscoveryClient-HeartbeatExecutor-0] [                                                 ] o.s.web.client.RestTemplate              : Response 200 OK
2026-04-04T14:26:14.994+05:30 DEBUG 4224 --- [CartOrderService] [DiscoveryClient-CacheRefreshExecutor-0] [                                                 ] o.s.web.client.RestTemplate              : HTTP GET http://localhost:8761/eureka/apps/delta
2026-04-04T14:26:14.996+05:30 DEBUG 4224 --- [CartOrderService] [DiscoveryClient-CacheRefreshExecutor-0] [                                                 ] o.s.web.client.RestTemplate              : Accept=[application/json, application/*+json]
2026-04-04T14:26:15.012+05:30 DEBUG 4224 --- [CartOrderService] [DiscoveryClient-CacheRefreshExecutor-0] [                                                 ] o.s.web.client.RestTemplate              : Response 200 OK
2026-04-04T14:26:15.017+05:30 DEBUG 4224 --- [CartOrderService] [DiscoveryClient-CacheRefreshExecutor-0] [                                                 ] o.s.web.client.RestTemplate              : Reading to [org.springframework.cloud.netflix.eureka.http.EurekaApplications]
2026-04-04T14:26:35.018+05:30 DEBUG 4224 --- [CartOrderService] [DiscoveryClient-HeartbeatExecutor-0] [                                                 ] o.s.web.client.RestTemplate              : HTTP PUT http://localhost:8761/eureka/apps/CARTORDERSERVICE/DESKTOP-ECRRR37.mshome.net:CartOrderService:8083?status=UP&lastDirtyTimestamp=1775285265677
2026-04-04T14:26:35.020+05:30 DEBUG 4224 --- [CartOrderService] [DiscoveryClient-HeartbeatExecutor-0] [                                                 ] o.s.web.client.RestTemplate              : Accept=[application/json, application/*+json]
2026-04-04T14:26:35.034+05:30 DEBUG 4224 --- [CartOrderService] [DiscoveryClient-HeartbeatExecutor-0] [                                                 ] o.s.web.client.RestTemplate              : Response 200 OK
2026-04-04T14:26:45.032+05:30 DEBUG 4224 --- [CartOrderService] [DiscoveryClient-CacheRefreshExecutor-0] [                                                 ] o.s.web.client.RestTemplate              : HTTP GET http://localhost:8761/eureka/apps/delta
2026-04-04T14:26:45.033+05:30 DEBUG 4224 --- [CartOrderService] [DiscoveryClient-CacheRefreshExecutor-0] [                                                 ] o.s.web.client.RestTemplate              : Accept=[application/json, application/*+json]
2026-04-04T14:26:45.048+05:30 DEBUG 4224 --- [CartOrderService] [DiscoveryClient-CacheRefreshExecutor-0] [                                                 ] o.s.web.client.RestTemplate              : Response 200 OK
2026-04-04T14:26:45.049+05:30 DEBUG 4224 --- [CartOrderService] [DiscoveryClient-CacheRefreshExecutor-0] [                                                 ] o.s.web.client.RestTemplate              : Reading to [org.springframework.cloud.netflix.eureka.http.EurekaApplications]
2026-04-04T14:27:05.038+05:30 DEBUG 4224 --- [CartOrderService] [DiscoveryClient-HeartbeatExecutor-0] [                                                 ] o.s.web.client.RestTemplate              : HTTP PUT http://localhost:8761/eureka/apps/CARTORDERSERVICE/DESKTOP-ECRRR37.mshome.net:CartOrderService:8083?status=UP&lastDirtyTimestamp=1775285265677
2026-04-04T14:27:05.040+05:30 DEBUG 4224 --- [CartOrderService] [DiscoveryClient-HeartbeatExecutor-0] [                                                 ] o.s.web.client.RestTemplate              : Accept=[application/json, application/*+json]
2026-04-04T14:27:05.054+05:30 DEBUG 4224 --- [CartOrderService] [DiscoveryClient-HeartbeatExecutor-0] [                                                 ] o.s.web.client.RestTemplate              : Response 200 OK
2026-04-04T14:27:15.063+05:30 DEBUG 4224 --- [CartOrderService] [DiscoveryClient-CacheRefreshExecutor-0] [                                                 ] o.s.web.client.RestTemplate              : HTTP GET http://localhost:8761/eureka/apps/delta
2026-04-04T14:27:15.064+05:30 DEBUG 4224 --- [CartOrderService] [DiscoveryClient-CacheRefreshExecutor-0] [                                                 ] o.s.web.client.RestTemplate              : Accept=[application/json, application/*+json]
2026-04-04T14:27:15.080+05:30 DEBUG 4224 --- [CartOrderService] [DiscoveryClient-CacheRefreshExecutor-0] [                                                 ] o.s.web.client.RestTemplate              : Response 200 OK
2026-04-04T14:27:15.082+05:30 DEBUG 4224 --- [CartOrderService] [DiscoveryClient-CacheRefreshExecutor-0] [                                                 ] o.s.web.client.RestTemplate              : Reading to [org.springframework.cloud.netflix.eureka.http.EurekaApplications]
2026-04-04T14:27:35.063+05:30 DEBUG 4224 --- [CartOrderService] [DiscoveryClient-HeartbeatExecutor-0] [                                                 ] o.s.web.client.RestTemplate              : HTTP PUT http://localhost:8761/eureka/apps/CARTORDERSERVICE/DESKTOP-ECRRR37.mshome.net:CartOrderService:8083?status=UP&lastDirtyTimestamp=1775285265677
2026-04-04T14:27:35.063+05:30 DEBUG 4224 --- [CartOrderService] [DiscoveryClient-HeartbeatExecutor-0] [                                                 ] o.s.web.client.RestTemplate              : Accept=[application/json, application/*+json]
2026-04-04T14:27:35.767+05:30 DEBUG 4224 --- [CartOrderService] [DiscoveryClient-HeartbeatExecutor-0] [                                                 ] o.s.web.client.RestTemplate              : Response 200 OK
2026-04-04T14:27:45.091+05:30 DEBUG 4224 --- [CartOrderService] [DiscoveryClient-CacheRefreshExecutor-0] [                                                 ] o.s.web.client.RestTemplate              : HTTP GET http://localhost:8761/eureka/apps/delta
2026-04-04T14:27:45.091+05:30 DEBUG 4224 --- [CartOrderService] [DiscoveryClient-CacheRefreshExecutor-0] [                                                 ] o.s.web.client.RestTemplate              : Accept=[application/json, application/*+json]
2026-04-04T14:27:45.109+05:30 DEBUG 4224 --- [CartOrderService] [DiscoveryClient-CacheRefreshExecutor-0] [                                                 ] o.s.web.client.RestTemplate              : Response 200 OK
2026-04-04T14:27:45.110+05:30 DEBUG 4224 --- [CartOrderService] [DiscoveryClient-CacheRefreshExecutor-0] [                                                 ] o.s.web.client.RestTemplate              : Reading to [org.springframework.cloud.netflix.eureka.http.EurekaApplications]
2026-04-04T14:28:05.924+05:30 DEBUG 4224 --- [CartOrderService] [DiscoveryClient-HeartbeatExecutor-0] [                                                 ] o.s.web.client.RestTemplate              : HTTP PUT http://localhost:8761/eureka/apps/CARTORDERSERVICE/DESKTOP-ECRRR37.mshome.net:CartOrderService:8083?status=UP&lastDirtyTimestamp=1775285265677
2026-04-04T14:28:06.097+05:30 DEBUG 4224 --- [CartOrderService] [DiscoveryClient-HeartbeatExecutor-0] [                                                 ] o.s.web.client.RestTemplate              : Accept=[application/json, application/*+json]
2026-04-04T14:28:06.388+05:30 DEBUG 4224 --- [CartOrderService] [DiscoveryClient-HeartbeatExecutor-0] [                                                 ] o.s.web.client.RestTemplate              : Response 200 OK
2026-04-04T14:28:14.887+05:30  INFO 4224 --- [CartOrderService] [AsyncResolver-bootstrap-executor-0] [                                                 ] c.n.d.s.r.aws.ConfigClusterResolver      : Resolving eureka endpoints via configuration
2026-04-04T14:28:15.124+05:30 DEBUG 4224 --- [CartOrderService] [DiscoveryClient-CacheRefreshExecutor-0] [                                                 ] o.s.web.client.RestTemplate              : HTTP GET http://localhost:8761/eureka/apps/delta
2026-04-04T14:28:15.125+05:30 DEBUG 4224 --- [CartOrderService] [DiscoveryClient-CacheRefreshExecutor-0] [                                                 ] o.s.web.client.RestTemplate              : Accept=[application/json, application/*+json]
2026-04-04T14:28:15.143+05:30 DEBUG 4224 --- [CartOrderService] [DiscoveryClient-CacheRefreshExecutor-0] [                                                 ] o.s.web.client.RestTemplate              : Response 200 OK
2026-04-04T14:28:15.144+05:30 DEBUG 4224 --- [CartOrderService] [DiscoveryClient-CacheRefreshExecutor-0] [                                                 ] o.s.web.client.RestTemplate              : Reading to [org.springframework.cloud.netflix.eureka.http.EurekaApplications]
2026-04-04T14:28:36.431+05:30 DEBUG 4224 --- [CartOrderService] [DiscoveryClient-HeartbeatExecutor-0] [                                                 ] o.s.web.client.RestTemplate              : HTTP PUT http://localhost:8761/eureka/apps/CARTORDERSERVICE/DESKTOP-ECRRR37.mshome.net:CartOrderService:8083?status=UP&lastDirtyTimestamp=1775285265677
2026-04-04T14:28:36.431+05:30 DEBUG 4224 --- [CartOrderService] [DiscoveryClient-HeartbeatExecutor-0] [                                                 ] o.s.web.client.RestTemplate              : Accept=[application/json, application/*+json]
2026-04-04T14:28:36.450+05:30 DEBUG 4224 --- [CartOrderService] [DiscoveryClient-HeartbeatExecutor-0] [                                                 ] o.s.web.client.RestTemplate              : Response 200 OK
2026-04-04T14:28:45.152+05:30 DEBUG 4224 --- [CartOrderService] [DiscoveryClient-CacheRefreshExecutor-0] [                                                 ] o.s.web.client.RestTemplate              : HTTP GET http://localhost:8761/eureka/apps/delta
2026-04-04T14:28:45.154+05:30 DEBUG 4224 --- [CartOrderService] [DiscoveryClient-CacheRefreshExecutor-0] [                                                 ] o.s.web.client.RestTemplate              : Accept=[application/json, application/*+json]
2026-04-04T14:28:45.170+05:30 DEBUG 4224 --- [CartOrderService] [DiscoveryClient-CacheRefreshExecutor-0] [                                                 ] o.s.web.client.RestTemplate              : Response 200 OK
2026-04-04T14:28:45.174+05:30 DEBUG 4224 --- [CartOrderService] [DiscoveryClient-CacheRefreshExecutor-0] [                                                 ] o.s.web.client.RestTemplate              : Reading to [org.springframework.cloud.netflix.eureka.http.EurekaApplications]
2026-04-04T14:29:06.456+05:30 DEBUG 4224 --- [CartOrderService] [DiscoveryClient-HeartbeatExecutor-0] [                                                 ] o.s.web.client.RestTemplate              : HTTP PUT http://localhost:8761/eureka/apps/CARTORDERSERVICE/DESKTOP-ECRRR37.mshome.net:CartOrderService:8083?status=UP&lastDirtyTimestamp=1775285265677
2026-04-04T14:29:06.464+05:30 DEBUG 4224 --- [CartOrderService] [DiscoveryClient-HeartbeatExecutor-0] [                                                 ] o.s.web.client.RestTemplate              : Accept=[application/json, application/*+json]
2026-04-04T14:29:06.473+05:30 DEBUG 4224 --- [CartOrderService] [DiscoveryClient-HeartbeatExecutor-0] [                                                 ] o.s.web.client.RestTemplate              : Response 200 OK
2026-04-04T14:29:15.192+05:30 DEBUG 4224 --- [CartOrderService] [DiscoveryClient-CacheRefreshExecutor-0] [                                                 ] o.s.web.client.RestTemplate              : HTTP GET http://localhost:8761/eureka/apps/delta
2026-04-04T14:29:15.197+05:30 DEBUG 4224 --- [CartOrderService] [DiscoveryClient-CacheRefreshExecutor-0] [                                                 ] o.s.web.client.RestTemplate              : Accept=[application/json, application/*+json]
2026-04-04T14:29:15.211+05:30 DEBUG 4224 --- [CartOrderService] [DiscoveryClient-CacheRefreshExecutor-0] [                                                 ] o.s.web.client.RestTemplate              : Response 200 OK
2026-04-04T14:29:15.230+05:30 DEBUG 4224 --- [CartOrderService] [DiscoveryClient-CacheRefreshExecutor-0] [                                                 ] o.s.web.client.RestTemplate              : Reading to [org.springframework.cloud.netflix.eureka.http.EurekaApplications]
2026-04-04T14:29:36.480+05:30 DEBUG 4224 --- [CartOrderService] [DiscoveryClient-HeartbeatExecutor-0] [                                                 ] o.s.web.client.RestTemplate              : HTTP PUT http://localhost:8761/eureka/apps/CARTORDERSERVICE/DESKTOP-ECRRR37.mshome.net:CartOrderService:8083?status=UP&lastDirtyTimestamp=1775285265677
2026-04-04T14:29:36.480+05:30 DEBUG 4224 --- [CartOrderService] [DiscoveryClient-HeartbeatExecutor-0] [                                                 ] o.s.web.client.RestTemplate              : Accept=[application/json, application/*+json]
2026-04-04T14:29:36.498+05:30 DEBUG 4224 --- [CartOrderService] [DiscoveryClient-HeartbeatExecutor-0] [                                                 ] o.s.web.client.RestTemplate              : Response 200 OK
2026-04-04T14:29:45.278+05:30 DEBUG 4224 --- [CartOrderService] [DiscoveryClient-CacheRefreshExecutor-0] [                                                 ] o.s.web.client.RestTemplate              : HTTP GET http://localhost:8761/eureka/apps/delta
2026-04-04T14:29:45.278+05:30 DEBUG 4224 --- [CartOrderService] [DiscoveryClient-CacheRefreshExecutor-0] [                                                 ] o.s.web.client.RestTemplate              : Accept=[application/json, application/*+json]
2026-04-04T14:29:45.295+05:30 DEBUG 4224 --- [CartOrderService] [DiscoveryClient-CacheRefreshExecutor-0] [                                                 ] o.s.web.client.RestTemplate              : Response 200 OK
2026-04-04T14:29:45.295+05:30 DEBUG 4224 --- [CartOrderService] [DiscoveryClient-CacheRefreshExecutor-0] [                                                 ] o.s.web.client.RestTemplate              : Reading to [org.springframework.cloud.netflix.eureka.http.EurekaApplications]
2026-04-04T14:30:06.526+05:30 DEBUG 4224 --- [CartOrderService] [DiscoveryClient-HeartbeatExecutor-0] [                                                 ] o.s.web.client.RestTemplate              : HTTP PUT http://localhost:8761/eureka/apps/CARTORDERSERVICE/DESKTOP-ECRRR37.mshome.net:CartOrderService:8083?status=UP&lastDirtyTimestamp=1775285265677
2026-04-04T14:30:06.533+05:30 DEBUG 4224 --- [CartOrderService] [DiscoveryClient-HeartbeatExecutor-0] [                                                 ] o.s.web.client.RestTemplate              : Accept=[application/json, application/*+json]
2026-04-04T14:30:06.557+05:30 DEBUG 4224 --- [CartOrderService] [DiscoveryClient-HeartbeatExecutor-0] [                                                 ] o.s.web.client.RestTemplate              : Response 200 OK
2026-04-04T14:30:15.309+05:30 DEBUG 4224 --- [CartOrderService] [DiscoveryClient-CacheRefreshExecutor-0] [                                                 ] o.s.web.client.RestTemplate              : HTTP GET http://localhost:8761/eureka/apps/delta
2026-04-04T14:30:15.310+05:30 DEBUG 4224 --- [CartOrderService] [DiscoveryClient-CacheRefreshExecutor-0] [                                                 ] o.s.web.client.RestTemplate              : Accept=[application/json, application/*+json]
2026-04-04T14:30:15.322+05:30 DEBUG 4224 --- [CartOrderService] [DiscoveryClient-CacheRefreshExecutor-0] [                                                 ] o.s.web.client.RestTemplate              : Response 200 OK
2026-04-04T14:30:15.324+05:30 DEBUG 4224 --- [CartOrderService] [DiscoveryClient-CacheRefreshExecutor-0] [                                                 ] o.s.web.client.RestTemplate              : Reading to [org.springframework.cloud.netflix.eureka.http.EurekaApplications]
2026-04-04T14:30:36.573+05:30 DEBUG 4224 --- [CartOrderService] [DiscoveryClient-HeartbeatExecutor-0] [                                                 ] o.s.web.client.RestTemplate              : HTTP PUT http://localhost:8761/eureka/apps/CARTORDERSERVICE/DESKTOP-ECRRR37.mshome.net:CartOrderService:8083?status=UP&lastDirtyTimestamp=1775285265677
2026-04-04T14:30:36.576+05:30 DEBUG 4224 --- [CartOrderService] [DiscoveryClient-HeartbeatExecutor-0] [                                                 ] o.s.web.client.RestTemplate              : Accept=[application/json, application/*+json]
2026-04-04T14:30:36.591+05:30 DEBUG 4224 --- [CartOrderService] [DiscoveryClient-HeartbeatExecutor-0] [                                                 ] o.s.web.client.RestTemplate              : Response 200 OK
2026-04-04T14:30:45.364+05:30 DEBUG 4224 --- [CartOrderService] [DiscoveryClient-CacheRefreshExecutor-0] [                                                 ] o.s.web.client.RestTemplate              : HTTP GET http://localhost:8761/eureka/apps/delta
2026-04-04T14:30:45.365+05:30 DEBUG 4224 --- [CartOrderService] [DiscoveryClient-CacheRefreshExecutor-0] [                                                 ] o.s.web.client.RestTemplate              : Accept=[application/json, application/*+json]
2026-04-04T14:30:46.648+05:30 DEBUG 4224 --- [CartOrderService] [DiscoveryClient-CacheRefreshExecutor-0] [                                                 ] o.s.web.client.RestTemplate              : Response 200 OK
2026-04-04T14:30:46.875+05:30 DEBUG 4224 --- [CartOrderService] [DiscoveryClient-CacheRefreshExecutor-0] [                                                 ] o.s.web.client.RestTemplate              : Reading to [org.springframework.cloud.netflix.eureka.http.EurekaApplications]
2026-04-04T14:31:06.610+05:30 DEBUG 4224 --- [CartOrderService] [DiscoveryClient-HeartbeatExecutor-0] [                                                 ] o.s.web.client.RestTemplate              : HTTP PUT http://localhost:8761/eureka/apps/CARTORDERSERVICE/DESKTOP-ECRRR37.mshome.net:CartOrderService:8083?status=UP&lastDirtyTimestamp=1775285265677
2026-04-04T14:31:06.625+05:30 DEBUG 4224 --- [CartOrderService] [DiscoveryClient-HeartbeatExecutor-0] [                                                 ] o.s.web.client.RestTemplate              : Accept=[application/json, application/*+json]
2026-04-04T14:31:06.679+05:30 DEBUG 4224 --- [CartOrderService] [DiscoveryClient-HeartbeatExecutor-0] [                                                 ] o.s.web.client.RestTemplate              : Response 200 OK
2026-04-04T14:31:17.085+05:30 DEBUG 4224 --- [CartOrderService] [DiscoveryClient-CacheRefreshExecutor-0] [                                                 ] o.s.web.client.RestTemplate              : HTTP GET http://localhost:8761/eureka/apps/delta
2026-04-04T14:31:17.089+05:30 DEBUG 4224 --- [CartOrderService] [DiscoveryClient-CacheRefreshExecutor-0] [                                                 ] o.s.web.client.RestTemplate              : Accept=[application/json, application/*+json]
2026-04-04T14:31:17.301+05:30 DEBUG 4224 --- [CartOrderService] [DiscoveryClient-CacheRefreshExecutor-0] [                                                 ] o.s.web.client.RestTemplate              : Response 200 OK
2026-04-04T14:31:17.303+05:30 DEBUG 4224 --- [CartOrderService] [DiscoveryClient-CacheRefreshExecutor-0] [                                                 ] o.s.web.client.RestTemplate              : Reading to [org.springframework.cloud.netflix.eureka.http.EurekaApplications]
2026-04-04T14:31:36.684+05:30 DEBUG 4224 --- [CartOrderService] [DiscoveryClient-HeartbeatExecutor-0] [                                                 ] o.s.web.client.RestTemplate              : HTTP PUT http://localhost:8761/eureka/apps/CARTORDERSERVICE/DESKTOP-ECRRR37.mshome.net:CartOrderService:8083?status=UP&lastDirtyTimestamp=1775285265677
2026-04-04T14:31:37.198+05:30 DEBUG 4224 --- [CartOrderService] [DiscoveryClient-HeartbeatExecutor-0] [                                                 ] o.s.web.client.RestTemplate              : Accept=[application/json, application/*+json]
2026-04-04T14:31:38.324+05:30 DEBUG 4224 --- [CartOrderService] [DiscoveryClient-HeartbeatExecutor-0] [                                                 ] o.s.web.client.RestTemplate              : Response 200 OK
2026-04-04T14:31:47.344+05:30 DEBUG 4224 --- [CartOrderService] [DiscoveryClient-CacheRefreshExecutor-0] [                                                 ] o.s.web.client.RestTemplate              : HTTP GET http://localhost:8761/eureka/apps/delta
2026-04-04T14:31:47.345+05:30 DEBUG 4224 --- [CartOrderService] [DiscoveryClient-CacheRefreshExecutor-0] [                                                 ] o.s.web.client.RestTemplate              : Accept=[application/json, application/*+json]
2026-04-04T14:31:47.364+05:30 DEBUG 4224 --- [CartOrderService] [DiscoveryClient-CacheRefreshExecutor-0] [                                                 ] o.s.web.client.RestTemplate              : Response 200 OK
2026-04-04T14:31:47.368+05:30 DEBUG 4224 --- [CartOrderService] [DiscoveryClient-CacheRefreshExecutor-0] [                                                 ] o.s.web.client.RestTemplate              : Reading to [org.springframework.cloud.netflix.eureka.http.EurekaApplications]
2026-04-04T14:32:08.345+05:30 DEBUG 4224 --- [CartOrderService] [DiscoveryClient-HeartbeatExecutor-0] [                                                 ] o.s.web.client.RestTemplate              : HTTP PUT http://localhost:8761/eureka/apps/CARTORDERSERVICE/DESKTOP-ECRRR37.mshome.net:CartOrderService:8083?status=UP&lastDirtyTimestamp=1775285265677
2026-04-04T14:32:08.355+05:30 DEBUG 4224 --- [CartOrderService] [DiscoveryClient-HeartbeatExecutor-0] [                                                 ] o.s.web.client.RestTemplate              : Accept=[application/json, application/*+json]
2026-04-04T14:32:08.649+05:30 DEBUG 4224 --- [CartOrderService] [DiscoveryClient-HeartbeatExecutor-0] [                                                 ] o.s.web.client.RestTemplate              : Response 200 OK
2026-04-04T14:32:17.393+05:30 DEBUG 4224 --- [CartOrderService] [DiscoveryClient-CacheRefreshExecutor-0] [                                                 ] o.s.web.client.RestTemplate              : HTTP GET http://localhost:8761/eureka/apps/delta
2026-04-04T14:32:17.399+05:30 DEBUG 4224 --- [CartOrderService] [DiscoveryClient-CacheRefreshExecutor-0] [                                                 ] o.s.web.client.RestTemplate              : Accept=[application/json, application/*+json]
2026-04-04T14:32:17.438+05:30 DEBUG 4224 --- [CartOrderService] [DiscoveryClient-CacheRefreshExecutor-0] [                                                 ] o.s.web.client.RestTemplate              : Response 200 OK
2026-04-04T14:32:17.444+05:30 DEBUG 4224 --- [CartOrderService] [DiscoveryClient-CacheRefreshExecutor-0] [                                                 ] o.s.web.client.RestTemplate              : Reading to [org.springframework.cloud.netflix.eureka.http.EurekaApplications]
2026-04-04T14:32:38.662+05:30 DEBUG 4224 --- [CartOrderService] [DiscoveryClient-HeartbeatExecutor-0] [                                                 ] o.s.web.client.RestTemplate              : HTTP PUT http://localhost:8761/eureka/apps/CARTORDERSERVICE/DESKTOP-ECRRR37.mshome.net:CartOrderService:8083?status=UP&lastDirtyTimestamp=1775285265677
2026-04-04T14:32:38.667+05:30 DEBUG 4224 --- [CartOrderService] [DiscoveryClient-HeartbeatExecutor-0] [                                                 ] o.s.web.client.RestTemplate              : Accept=[application/json, application/*+json]
2026-04-04T14:32:38.703+05:30 DEBUG 4224 --- [CartOrderService] [DiscoveryClient-HeartbeatExecutor-0] [                                                 ] o.s.web.client.RestTemplate              : Response 200 OK
2026-04-04T14:32:47.668+05:30 DEBUG 4224 --- [CartOrderService] [DiscoveryClient-CacheRefreshExecutor-0] [                                                 ] o.s.web.client.RestTemplate              : HTTP GET http://localhost:8761/eureka/apps/delta
2026-04-04T14:32:47.671+05:30 DEBUG 4224 --- [CartOrderService] [DiscoveryClient-CacheRefreshExecutor-0] [                                                 ] o.s.web.client.RestTemplate              : Accept=[application/json, application/*+json]
2026-04-04T14:32:47.896+05:30 DEBUG 4224 --- [CartOrderService] [DiscoveryClient-CacheRefreshExecutor-0] [                                                 ] o.s.web.client.RestTemplate              : Response 200 OK
2026-04-04T14:32:48.044+05:30 DEBUG 4224 --- [CartOrderService] [DiscoveryClient-CacheRefreshExecutor-0] [                                                 ] o.s.web.client.RestTemplate              : Reading to [org.springframework.cloud.netflix.eureka.http.EurekaApplications]
2026-04-04T14:33:08.985+05:30 DEBUG 4224 --- [CartOrderService] [DiscoveryClient-HeartbeatExecutor-0] [                                                 ] o.s.web.client.RestTemplate              : HTTP PUT http://localhost:8761/eureka/apps/CARTORDERSERVICE/DESKTOP-ECRRR37.mshome.net:CartOrderService:8083?status=UP&lastDirtyTimestamp=1775285265677
2026-04-04T14:33:09.199+05:30 DEBUG 4224 --- [CartOrderService] [DiscoveryClient-HeartbeatExecutor-0] [                                                 ] o.s.web.client.RestTemplate              : Accept=[application/json, application/*+json]
2026-04-04T14:33:09.427+05:30 DEBUG 4224 --- [CartOrderService] [DiscoveryClient-HeartbeatExecutor-0] [                                                 ] o.s.web.client.RestTemplate              : Response 200 OK
2026-04-04T14:33:14.950+05:30  INFO 4224 --- [CartOrderService] [AsyncResolver-bootstrap-executor-0] [                                                 ] c.n.d.s.r.aws.ConfigClusterResolver      : Resolving eureka endpoints via configuration
2026-04-04T14:33:18.360+05:30 DEBUG 4224 --- [CartOrderService] [DiscoveryClient-CacheRefreshExecutor-0] [                                                 ] o.s.web.client.RestTemplate              : HTTP GET http://localhost:8761/eureka/apps/delta
2026-04-04T14:33:18.365+05:30 DEBUG 4224 --- [CartOrderService] [DiscoveryClient-CacheRefreshExecutor-0] [                                                 ] o.s.web.client.RestTemplate              : Accept=[application/json, application/*+json]
2026-04-04T14:33:18.389+05:30 DEBUG 4224 --- [CartOrderService] [DiscoveryClient-CacheRefreshExecutor-0] [                                                 ] o.s.web.client.RestTemplate              : Response 200 OK
2026-04-04T14:33:18.396+05:30 DEBUG 4224 --- [CartOrderService] [DiscoveryClient-CacheRefreshExecutor-0] [                                                 ] o.s.web.client.RestTemplate              : Reading to [org.springframework.cloud.netflix.eureka.http.EurekaApplications]
2026-04-04T14:33:39.473+05:30 DEBUG 4224 --- [CartOrderService] [DiscoveryClient-HeartbeatExecutor-0] [                                                 ] o.s.web.client.RestTemplate              : HTTP PUT http://localhost:8761/eureka/apps/CARTORDERSERVICE/DESKTOP-ECRRR37.mshome.net:CartOrderService:8083?status=UP&lastDirtyTimestamp=1775285265677
2026-04-04T14:33:39.497+05:30 DEBUG 4224 --- [CartOrderService] [DiscoveryClient-HeartbeatExecutor-0] [                                                 ] o.s.web.client.RestTemplate              : Accept=[application/json, application/*+json]
2026-04-04T14:33:39.534+05:30 DEBUG 4224 --- [CartOrderService] [DiscoveryClient-HeartbeatExecutor-0] [                                                 ] o.s.web.client.RestTemplate              : Response 200 OK
2026-04-04T14:33:48.547+05:30 DEBUG 4224 --- [CartOrderService] [DiscoveryClient-CacheRefreshExecutor-0] [                                                 ] o.s.web.client.RestTemplate              : HTTP GET http://localhost:8761/eureka/apps/delta
2026-04-04T14:33:48.725+05:30 DEBUG 4224 --- [CartOrderService] [DiscoveryClient-CacheRefreshExecutor-0] [                                                 ] o.s.web.client.RestTemplate              : Accept=[application/json, application/*+json]
2026-04-04T14:33:48.743+05:30 DEBUG 4224 --- [CartOrderService] [DiscoveryClient-CacheRefreshExecutor-0] [                                                 ] o.s.web.client.RestTemplate              : Response 200 OK
2026-04-04T14:33:48.743+05:30 DEBUG 4224 --- [CartOrderService] [DiscoveryClient-CacheRefreshExecutor-0] [                                                 ] o.s.web.client.RestTemplate              : Reading to [org.springframework.cloud.netflix.eureka.http.EurekaApplications]
2026-04-04T14:33:56.510+05:30  INFO 4224 --- [CartOrderService] [kafka-producer-network-thread | producer-1] [                                                 ] org.apache.kafka.clients.NetworkClient   : [Producer clientId=producer-1] Node 1 disconnected.
2026-04-04T14:33:56.677+05:30  INFO 4224 --- [CartOrderService] [kafka-producer-network-thread | producer-1] [                                                 ] org.apache.kafka.clients.NetworkClient   : [Producer clientId=producer-1] Node 1 disconnected.
2026-04-04T14:33:56.690+05:30  INFO 4224 --- [CartOrderService] [kafka-producer-network-thread | producer-1] [                                                 ] org.apache.kafka.clients.NetworkClient   : [Producer clientId=producer-1] Cancelled in-flight API_VERSIONS request with correlation id 29 due to node 1 being disconnected (elapsed time since creation: 51ms, elapsed time since send: 51ms, request timeout: 30000ms)
2026-04-04T14:33:56.835+05:30  INFO 4224 --- [CartOrderService] [kafka-producer-network-thread | producer-1] [                                                 ] org.apache.kafka.clients.NetworkClient   : [Producer clientId=producer-1] Node 1 disconnected.
2026-04-04T14:33:56.836+05:30  INFO 4224 --- [CartOrderService] [kafka-producer-network-thread | producer-1] [                                                 ] org.apache.kafka.clients.NetworkClient   : [Producer clientId=producer-1] Cancelled in-flight API_VERSIONS request with correlation id 30 due to node 1 being disconnected (elapsed time since creation: 27ms, elapsed time since send: 27ms, request timeout: 30000ms)
2026-04-04T14:33:57.106+05:30  INFO 4224 --- [CartOrderService] [kafka-producer-network-thread | producer-1] [                                                 ] org.apache.kafka.clients.NetworkClient   : [Producer clientId=producer-1] Node 1 disconnected.
2026-04-04T14:33:57.107+05:30  INFO 4224 --- [CartOrderService] [kafka-producer-network-thread | producer-1] [                                                 ] org.apache.kafka.clients.NetworkClient   : [Producer clientId=producer-1] Cancelled in-flight API_VERSIONS request with correlation id 31 due to node 1 being disconnected (elapsed time since creation: 22ms, elapsed time since send: 22ms, request timeout: 30000ms)
2026-04-04T14:33:57.609+05:30  INFO 4224 --- [CartOrderService] [kafka-producer-network-thread | producer-1] [                                                 ] org.apache.kafka.clients.NetworkClient   : [Producer clientId=producer-1] Node 1 disconnected.
2026-04-04T14:33:57.610+05:30  INFO 4224 --- [CartOrderService] [kafka-producer-network-thread | producer-1] [                                                 ] org.apache.kafka.clients.NetworkClient   : [Producer clientId=producer-1] Cancelled in-flight API_VERSIONS request with correlation id 32 due to node 1 being disconnected (elapsed time since creation: 10ms, elapsed time since send: 10ms, request timeout: 30000ms)
2026-04-04T14:33:58.690+05:30  INFO 4224 --- [CartOrderService] [kafka-producer-network-thread | producer-1] [                                                 ] org.apache.kafka.clients.NetworkClient   : [Producer clientId=producer-1] Node 1 disconnected.
2026-04-04T14:33:58.692+05:30  INFO 4224 --- [CartOrderService] [kafka-producer-network-thread | producer-1] [                                                 ] org.apache.kafka.clients.NetworkClient   : [Producer clientId=producer-1] Cancelled in-flight API_VERSIONS request with correlation id 33 due to node 1 being disconnected (elapsed time since creation: 155ms, elapsed time since send: 155ms, request timeout: 30000ms)
2026-04-04T14:33:59.886+05:30  INFO 4224 --- [CartOrderService] [kafka-producer-network-thread | producer-1] [                                                 ] org.apache.kafka.clients.NetworkClient   : [Producer clientId=producer-1] Node 1 disconnected.
2026-04-04T14:33:59.891+05:30  INFO 4224 --- [CartOrderService] [kafka-producer-network-thread | producer-1] [                                                 ] org.apache.kafka.clients.NetworkClient   : [Producer clientId=producer-1] Cancelled in-flight API_VERSIONS request with correlation id 34 due to node 1 being disconnected (elapsed time since creation: 48ms, elapsed time since send: 48ms, request timeout: 30000ms)
2026-04-04T14:34:00.809+05:30  INFO 4224 --- [CartOrderService] [kafka-producer-network-thread | producer-1] [                                                 ] org.apache.kafka.clients.NetworkClient   : [Producer clientId=producer-1] Node 1 disconnected.
2026-04-04T14:34:00.810+05:30  INFO 4224 --- [CartOrderService] [kafka-producer-network-thread | producer-1] [                                                 ] org.apache.kafka.clients.NetworkClient   : [Producer clientId=producer-1] Cancelled in-flight API_VERSIONS request with correlation id 35 due to node 1 being disconnected (elapsed time since creation: 14ms, elapsed time since send: 14ms, request timeout: 30000ms)
2026-04-04T14:34:01.877+05:30  INFO 4224 --- [CartOrderService] [kafka-producer-network-thread | producer-1] [                                                 ] org.apache.kafka.clients.NetworkClient   : [Producer clientId=producer-1] Node 1 disconnected.
2026-04-04T14:34:01.890+05:30  INFO 4224 --- [CartOrderService] [kafka-producer-network-thread | producer-1] [                                                 ] org.apache.kafka.clients.NetworkClient   : [Producer clientId=producer-1] Cancelled in-flight API_VERSIONS request with correlation id 36 due to node 1 being disconnected (elapsed time since creation: 22ms, elapsed time since send: 22ms, request timeout: 30000ms)
2026-04-04T14:34:03.104+05:30  INFO 4224 --- [CartOrderService] [kafka-producer-network-thread | producer-1] [                                                 ] org.apache.kafka.clients.NetworkClient   : [Producer clientId=producer-1] Node 1 disconnected.
2026-04-04T14:34:03.113+05:30  INFO 4224 --- [CartOrderService] [kafka-producer-network-thread | producer-1] [                                                 ] org.apache.kafka.clients.NetworkClient   : [Producer clientId=producer-1] Cancelled in-flight API_VERSIONS request with correlation id 37 due to node 1 being disconnected (elapsed time since creation: 15ms, elapsed time since send: 15ms, request timeout: 30000ms)
2026-04-04T14:34:09.577+05:30 DEBUG 4224 --- [CartOrderService] [DiscoveryClient-HeartbeatExecutor-0] [                                                 ] o.s.web.client.RestTemplate              : HTTP PUT http://localhost:8761/eureka/apps/CARTORDERSERVICE/DESKTOP-ECRRR37.mshome.net:CartOrderService:8083?status=UP&lastDirtyTimestamp=1775285265677
2026-04-04T14:34:09.598+05:30 DEBUG 4224 --- [CartOrderService] [DiscoveryClient-HeartbeatExecutor-0] [                                                 ] o.s.web.client.RestTemplate              : Accept=[application/json, application/*+json]
2026-04-04T14:34:09.819+05:30 DEBUG 4224 --- [CartOrderService] [DiscoveryClient-HeartbeatExecutor-0] [                                                 ] o.s.web.client.RestTemplate              : Response 200 OK
2026-04-04T14:34:18.959+05:30 DEBUG 4224 --- [CartOrderService] [DiscoveryClient-CacheRefreshExecutor-0] [                                                 ] o.s.web.client.RestTemplate              : HTTP GET http://localhost:8761/eureka/apps/delta
2026-04-04T14:34:18.960+05:30 DEBUG 4224 --- [CartOrderService] [DiscoveryClient-CacheRefreshExecutor-0] [                                                 ] o.s.web.client.RestTemplate              : Accept=[application/json, application/*+json]
2026-04-04T14:34:19.018+05:30 DEBUG 4224 --- [CartOrderService] [DiscoveryClient-CacheRefreshExecutor-0] [                                                 ] o.s.web.client.RestTemplate              : Response 200 OK
2026-04-04T14:34:19.019+05:30 DEBUG 4224 --- [CartOrderService] [DiscoveryClient-CacheRefreshExecutor-0] [                                                 ] o.s.web.client.RestTemplate              : Reading to [org.springframework.cloud.netflix.eureka.http.EurekaApplications]
2026-04-04T14:34:23.973+05:30  INFO 4224 --- [CartOrderService] [kafka-producer-network-thread | producer-1] [                                                 ] org.apache.kafka.clients.NetworkClient   : [Producer clientId=producer-1] Node 1 disconnected.
2026-04-04T14:34:23.974+05:30  INFO 4224 --- [CartOrderService] [kafka-producer-network-thread | producer-1] [                                                 ] org.apache.kafka.clients.NetworkClient   : [Producer clientId=producer-1] Cancelled in-flight API_VERSIONS request with correlation id 38 due to node 1 being disconnected (elapsed time since creation: 19716ms, elapsed time since send: 19716ms, request timeout: 30000ms)
2026-04-04T14:34:24.880+05:30  INFO 4224 --- [CartOrderService] [kafka-producer-network-thread | producer-1] [                                                 ] org.apache.kafka.clients.NetworkClient   : [Producer clientId=producer-1] Node 1 disconnected.
2026-04-04T14:34:24.884+05:30  WARN 4224 --- [CartOrderService] [kafka-producer-network-thread | producer-1] [                                                 ] org.apache.kafka.clients.NetworkClient   : [Producer clientId=producer-1] Connection to node 1 (localhost/127.0.0.1:9092) could not be established. Broker may not be available.
2026-04-04T14:34:26.052+05:30  INFO 4224 --- [CartOrderService] [kafka-producer-network-thread | producer-1] [                                                 ] org.apache.kafka.clients.NetworkClient   : [Producer clientId=producer-1] Node 1 disconnected.
2026-04-04T14:34:26.054+05:30  WARN 4224 --- [CartOrderService] [kafka-producer-network-thread | producer-1] [                                                 ] org.apache.kafka.clients.NetworkClient   : [Producer clientId=producer-1] Connection to node 1 (localhost/127.0.0.1:9092) could not be established. Broker may not be available.
2026-04-04T14:34:26.923+05:30  INFO 4224 --- [CartOrderService] [kafka-producer-network-thread | producer-1] [                                                 ] org.apache.kafka.clients.NetworkClient   : [Producer clientId=producer-1] Node 1 disconnected.
2026-04-04T14:34:26.924+05:30  WARN 4224 --- [CartOrderService] [kafka-producer-network-thread | producer-1] [                                                 ] org.apache.kafka.clients.NetworkClient   : [Producer clientId=producer-1] Connection to node 1 (localhost/127.0.0.1:9092) could not be established. Broker may not be available.
2026-04-04T14:34:27.790+05:30  INFO 4224 --- [CartOrderService] [kafka-producer-network-thread | producer-1] [                                                 ] org.apache.kafka.clients.NetworkClient   : [Producer clientId=producer-1] Node 1 disconnected.
2026-04-04T14:34:27.792+05:30  WARN 4224 --- [CartOrderService] [kafka-producer-network-thread | producer-1] [                                                 ] org.apache.kafka.clients.NetworkClient   : [Producer clientId=producer-1] Connection to node 1 (localhost/127.0.0.1:9092) could not be established. Broker may not be available.
2026-04-04T14:34:28.903+05:30  INFO 4224 --- [CartOrderService] [kafka-producer-network-thread | producer-1] [                                                 ] org.apache.kafka.clients.NetworkClient   : [Producer clientId=producer-1] Node 1 disconnected.
2026-04-04T14:34:28.904+05:30  WARN 4224 --- [CartOrderService] [kafka-producer-network-thread | producer-1] [                                                 ] org.apache.kafka.clients.NetworkClient   : [Producer clientId=producer-1] Connection to node 1 (localhost/127.0.0.1:9092) could not be established. Broker may not be available.
2026-04-04T14:34:29.947+05:30  INFO 4224 --- [CartOrderService] [kafka-producer-network-thread | producer-1] [                                                 ] org.apache.kafka.clients.NetworkClient   : [Producer clientId=producer-1] Node 1 disconnected.
2026-04-04T14:34:29.949+05:30  WARN 4224 --- [CartOrderService] [kafka-producer-network-thread | producer-1] [                                                 ] org.apache.kafka.clients.NetworkClient   : [Producer clientId=producer-1] Connection to node 1 (localhost/127.0.0.1:9092) could not be established. Broker may not be available.
2026-04-04T14:34:31.125+05:30  INFO 4224 --- [CartOrderService] [kafka-producer-network-thread | producer-1] [                                                 ] org.apache.kafka.clients.NetworkClient   : [Producer clientId=producer-1] Node 1 disconnected.
2026-04-04T14:34:31.128+05:30  WARN 4224 --- [CartOrderService] [kafka-producer-network-thread | producer-1] [                                                 ] org.apache.kafka.clients.NetworkClient   : [Producer clientId=producer-1] Connection to node 1 (localhost/127.0.0.1:9092) could not be established. Broker may not be available.
2026-04-04T14:34:32.304+05:30  INFO 4224 --- [CartOrderService] [kafka-producer-network-thread | producer-1] [                                                 ] org.apache.kafka.clients.NetworkClient   : [Producer clientId=producer-1] Node 1 disconnected.
2026-04-04T14:34:32.304+05:30  WARN 4224 --- [CartOrderService] [kafka-producer-network-thread | producer-1] [                                                 ] org.apache.kafka.clients.NetworkClient   : [Producer clientId=producer-1] Connection to node 1 (localhost/127.0.0.1:9092) could not be established. Broker may not be available.
2026-04-04T14:34:33.465+05:30  INFO 4224 --- [CartOrderService] [kafka-producer-network-thread | producer-1] [                                                 ] org.apache.kafka.clients.NetworkClient   : [Producer clientId=producer-1] Node 1 disconnected.
2026-04-04T14:34:33.466+05:30  WARN 4224 --- [CartOrderService] [kafka-producer-network-thread | producer-1] [                                                 ] org.apache.kafka.clients.NetworkClient   : [Producer clientId=producer-1] Connection to node 1 (localhost/127.0.0.1:9092) could not be established. Broker may not be available.
2026-04-04T14:34:34.548+05:30  INFO 4224 --- [CartOrderService] [kafka-producer-network-thread | producer-1] [                                                 ] org.apache.kafka.clients.NetworkClient   : [Producer clientId=producer-1] Node 1 disconnected.
2026-04-04T14:34:34.549+05:30  WARN 4224 --- [CartOrderService] [kafka-producer-network-thread | producer-1] [                                                 ] org.apache.kafka.clients.NetworkClient   : [Producer clientId=producer-1] Connection to node 1 (localhost/127.0.0.1:9092) could not be established. Broker may not be available.
2026-04-04T14:34:35.585+05:30  INFO 4224 --- [CartOrderService] [kafka-producer-network-thread | producer-1] [                                                 ] org.apache.kafka.clients.NetworkClient   : [Producer clientId=producer-1] Node 1 disconnected.
2026-04-04T14:34:35.585+05:30  WARN 4224 --- [CartOrderService] [kafka-producer-network-thread | producer-1] [                                                 ] org.apache.kafka.clients.NetworkClient   : [Producer clientId=producer-1] Connection to node 1 (localhost/127.0.0.1:9092) could not be established. Broker may not be available.
2026-04-04T14:34:36.592+05:30  INFO 4224 --- [CartOrderService] [kafka-producer-network-thread | producer-1] [                                                 ] org.apache.kafka.clients.NetworkClient   : [Producer clientId=producer-1] Node 1 disconnected.
2026-04-04T14:34:36.597+05:30  WARN 4224 --- [CartOrderService] [kafka-producer-network-thread | producer-1] [                                                 ] org.apache.kafka.clients.NetworkClient   : [Producer clientId=producer-1] Connection to node 1 (localhost/127.0.0.1:9092) could not be established. Broker may not be available.
2026-04-04T14:34:37.842+05:30  INFO 4224 --- [CartOrderService] [kafka-producer-network-thread | producer-1] [                                                 ] org.apache.kafka.clients.NetworkClient   : [Producer clientId=producer-1] Node 1 disconnected.
2026-04-04T14:34:37.843+05:30  WARN 4224 --- [CartOrderService] [kafka-producer-network-thread | producer-1] [                                                 ] org.apache.kafka.clients.NetworkClient   : [Producer clientId=producer-1] Connection to node 1 (localhost/127.0.0.1:9092) could not be established. Broker may not be available.
2026-04-04T14:34:38.753+05:30  INFO 4224 --- [CartOrderService] [kafka-producer-network-thread | producer-1] [                                                 ] org.apache.kafka.clients.NetworkClient   : [Producer clientId=producer-1] Node 1 disconnected.
2026-04-04T14:34:38.754+05:30  WARN 4224 --- [CartOrderService] [kafka-producer-network-thread | producer-1] [                                                 ] org.apache.kafka.clients.NetworkClient   : [Producer clientId=producer-1] Connection to node 1 (localhost/127.0.0.1:9092) could not be established. Broker may not be available.
2026-04-04T14:34:39.800+05:30  INFO 4224 --- [CartOrderService] [kafka-producer-network-thread | producer-1] [                                                 ] org.apache.kafka.clients.NetworkClient   : [Producer clientId=producer-1] Node 1 disconnected.
2026-04-04T14:34:39.800+05:30  WARN 4224 --- [CartOrderService] [kafka-producer-network-thread | producer-1] [                                                 ] org.apache.kafka.clients.NetworkClient   : [Producer clientId=producer-1] Connection to node 1 (localhost/127.0.0.1:9092) could not be established. Broker may not be available.
2026-04-04T14:34:39.844+05:30 DEBUG 4224 --- [CartOrderService] [DiscoveryClient-HeartbeatExecutor-0] [                                                 ] o.s.web.client.RestTemplate              : HTTP PUT http://localhost:8761/eureka/apps/CARTORDERSERVICE/DESKTOP-ECRRR37.mshome.net:CartOrderService:8083?status=UP&lastDirtyTimestamp=1775285265677
2026-04-04T14:34:39.844+05:30 DEBUG 4224 --- [CartOrderService] [DiscoveryClient-HeartbeatExecutor-0] [                                                 ] o.s.web.client.RestTemplate              : Accept=[application/json, application/*+json]
2026-04-04T14:34:39.878+05:30 DEBUG 4224 --- [CartOrderService] [DiscoveryClient-HeartbeatExecutor-0] [                                                 ] o.s.web.client.RestTemplate              : Response 200 OK
2026-04-04T14:34:40.965+05:30  INFO 4224 --- [CartOrderService] [kafka-producer-network-thread | producer-1] [                                                 ] org.apache.kafka.clients.NetworkClient   : [Producer clientId=producer-1] Node 1 disconnected.
2026-04-04T14:34:40.966+05:30  WARN 4224 --- [CartOrderService] [kafka-producer-network-thread | producer-1] [                                                 ] org.apache.kafka.clients.NetworkClient   : [Producer clientId=producer-1] Connection to node 1 (localhost/127.0.0.1:9092) could not be established. Broker may not be available.
2026-04-04T14:34:42.069+05:30  INFO 4224 --- [CartOrderService] [kafka-producer-network-thread | producer-1] [                                                 ] org.apache.kafka.clients.NetworkClient   : [Producer clientId=producer-1] Node 1 disconnected.
2026-04-04T14:34:42.070+05:30  WARN 4224 --- [CartOrderService] [kafka-producer-network-thread | producer-1] [                                                 ] org.apache.kafka.clients.NetworkClient   : [Producer clientId=producer-1] Connection to node 1 (localhost/127.0.0.1:9092) could not be established. Broker may not be available.
2026-04-04T14:34:42.989+05:30  INFO 4224 --- [CartOrderService] [kafka-producer-network-thread | producer-1] [                                                 ] org.apache.kafka.clients.NetworkClient   : [Producer clientId=producer-1] Node 1 disconnected.
2026-04-04T14:34:42.990+05:30  WARN 4224 --- [CartOrderService] [kafka-producer-network-thread | producer-1] [                                                 ] org.apache.kafka.clients.NetworkClient   : [Producer clientId=producer-1] Connection to node 1 (localhost/127.0.0.1:9092) could not be established. Broker may not be available.
2026-04-04T14:34:43.854+05:30  INFO 4224 --- [CartOrderService] [kafka-producer-network-thread | producer-1] [                                                 ] org.apache.kafka.clients.NetworkClient   : [Producer clientId=producer-1] Node 1 disconnected.
2026-04-04T14:34:43.861+05:30  WARN 4224 --- [CartOrderService] [kafka-producer-network-thread | producer-1] [                                                 ] org.apache.kafka.clients.NetworkClient   : [Producer clientId=producer-1] Connection to node 1 (localhost/127.0.0.1:9092) could not be established. Broker may not be available.
2026-04-04T14:34:44.778+05:30  INFO 4224 --- [CartOrderService] [kafka-producer-network-thread | producer-1] [                                                 ] org.apache.kafka.clients.NetworkClient   : [Producer clientId=producer-1] Node 1 disconnected.
2026-04-04T14:34:44.778+05:30  WARN 4224 --- [CartOrderService] [kafka-producer-network-thread | producer-1] [                                                 ] org.apache.kafka.clients.NetworkClient   : [Producer clientId=producer-1] Connection to node 1 (localhost/127.0.0.1:9092) could not be established. Broker may not be available.
2026-04-04T14:34:45.747+05:30  INFO 4224 --- [CartOrderService] [kafka-producer-network-thread | producer-1] [                                                 ] org.apache.kafka.clients.NetworkClient   : [Producer clientId=producer-1] Node 1 disconnected.
2026-04-04T14:34:45.747+05:30  WARN 4224 --- [CartOrderService] [kafka-producer-network-thread | producer-1] [                                                 ] org.apache.kafka.clients.NetworkClient   : [Producer clientId=producer-1] Connection to node 1 (localhost/127.0.0.1:9092) could not be established. Broker may not be available.
2026-04-04T14:34:46.668+05:30  INFO 4224 --- [CartOrderService] [kafka-producer-network-thread | producer-1] [                                                 ] org.apache.kafka.clients.NetworkClient   : [Producer clientId=producer-1] Node 1 disconnected.
2026-04-04T14:34:46.668+05:30  WARN 4224 --- [CartOrderService] [kafka-producer-network-thread | producer-1] [                                                 ] org.apache.kafka.clients.NetworkClient   : [Producer clientId=producer-1] Connection to node 1 (localhost/127.0.0.1:9092) could not be established. Broker may not be available.
2026-04-04T14:34:47.772+05:30  INFO 4224 --- [CartOrderService] [kafka-producer-network-thread | producer-1] [                                                 ] org.apache.kafka.clients.NetworkClient   : [Producer clientId=producer-1] Node 1 disconnected.
2026-04-04T14:34:47.773+05:30  WARN 4224 --- [CartOrderService] [kafka-producer-network-thread | producer-1] [                                                 ] org.apache.kafka.clients.NetworkClient   : [Producer clientId=producer-1] Connection to node 1 (localhost/127.0.0.1:9092) could not be established. Broker may not be available.
2026-04-04T14:34:49.002+05:30  INFO 4224 --- [CartOrderService] [kafka-producer-network-thread | producer-1] [                                                 ] org.apache.kafka.clients.NetworkClient   : [Producer clientId=producer-1] Node 1 disconnected.
2026-04-04T14:34:49.008+05:30  WARN 4224 --- [CartOrderService] [kafka-producer-network-thread | producer-1] [                                                 ] org.apache.kafka.clients.NetworkClient   : [Producer clientId=producer-1] Connection to node 1 (localhost/127.0.0.1:9092) could not be established. Broker may not be available.
2026-04-04T14:34:49.057+05:30 DEBUG 4224 --- [CartOrderService] [DiscoveryClient-CacheRefreshExecutor-0] [                                                 ] o.s.web.client.RestTemplate              : HTTP GET http://localhost:8761/eureka/apps/delta
2026-04-04T14:34:49.057+05:30 DEBUG 4224 --- [CartOrderService] [DiscoveryClient-CacheRefreshExecutor-0] [                                                 ] o.s.web.client.RestTemplate              : Accept=[application/json, application/*+json]
2026-04-04T14:34:49.078+05:30 DEBUG 4224 --- [CartOrderService] [DiscoveryClient-CacheRefreshExecutor-0] [                                                 ] o.s.web.client.RestTemplate              : Response 200 OK
2026-04-04T14:34:49.079+05:30 DEBUG 4224 --- [CartOrderService] [DiscoveryClient-CacheRefreshExecutor-0] [                                                 ] o.s.web.client.RestTemplate              : Reading to [org.springframework.cloud.netflix.eureka.http.EurekaApplications]
2026-04-04T14:34:50.172+05:30  INFO 4224 --- [CartOrderService] [kafka-producer-network-thread | producer-1] [                                                 ] org.apache.kafka.clients.NetworkClient   : [Producer clientId=producer-1] Node 1 disconnected.
2026-04-04T14:34:50.173+05:30  WARN 4224 --- [CartOrderService] [kafka-producer-network-thread | producer-1] [                                                 ] org.apache.kafka.clients.NetworkClient   : [Producer clientId=producer-1] Connection to node 1 (localhost/127.0.0.1:9092) could not be established. Broker may not be available.
2026-04-04T14:34:51.333+05:30  INFO 4224 --- [CartOrderService] [kafka-producer-network-thread | producer-1] [                                                 ] org.apache.kafka.clients.NetworkClient   : [Producer clientId=producer-1] Node 1 disconnected.
2026-04-04T14:34:51.333+05:30  WARN 4224 --- [CartOrderService] [kafka-producer-network-thread | producer-1] [                                                 ] org.apache.kafka.clients.NetworkClient   : [Producer clientId=producer-1] Connection to node 1 (localhost/127.0.0.1:9092) could not be established. Broker may not be available.
2026-04-04T14:34:52.243+05:30  INFO 4224 --- [CartOrderService] [kafka-producer-network-thread | producer-1] [                                                 ] org.apache.kafka.clients.NetworkClient   : [Producer clientId=producer-1] Node 1 disconnected.
2026-04-04T14:34:52.243+05:30  WARN 4224 --- [CartOrderService] [kafka-producer-network-thread | producer-1] [                                                 ] org.apache.kafka.clients.NetworkClient   : [Producer clientId=producer-1] Connection to node 1 (localhost/127.0.0.1:9092) could not be established. Broker may not be available.
2026-04-04T14:34:53.180+05:30  INFO 4224 --- [CartOrderService] [kafka-producer-network-thread | producer-1] [                                                 ] org.apache.kafka.clients.NetworkClient   : [Producer clientId=producer-1] Node 1 disconnected.
2026-04-04T14:34:53.181+05:30  WARN 4224 --- [CartOrderService] [kafka-producer-network-thread | producer-1] [                                                 ] org.apache.kafka.clients.NetworkClient   : [Producer clientId=producer-1] Connection to node 1 (localhost/127.0.0.1:9092) could not be established. Broker may not be available.
2026-04-04T14:34:54.215+05:30  INFO 4224 --- [CartOrderService] [kafka-producer-network-thread | producer-1] [                                                 ] org.apache.kafka.clients.NetworkClient   : [Producer clientId=producer-1] Node 1 disconnected.
2026-04-04T14:34:54.215+05:30  WARN 4224 --- [CartOrderService] [kafka-producer-network-thread | producer-1] [                                                 ] org.apache.kafka.clients.NetworkClient   : [Producer clientId=producer-1] Connection to node 1 (localhost/127.0.0.1:9092) could not be established. Broker may not be available.
2026-04-04T14:34:55.245+05:30  INFO 4224 --- [CartOrderService] [kafka-producer-network-thread | producer-1] [                                                 ] org.apache.kafka.clients.NetworkClient   : [Producer clientId=producer-1] Node 1 disconnected.
2026-04-04T14:34:55.246+05:30  WARN 4224 --- [CartOrderService] [kafka-producer-network-thread | producer-1] [                                                 ] org.apache.kafka.clients.NetworkClient   : [Producer clientId=producer-1] Connection to node 1 (localhost/127.0.0.1:9092) could not be established. Broker may not be available.
2026-04-04T14:34:56.212+05:30  INFO 4224 --- [CartOrderService] [kafka-producer-network-thread | producer-1] [                                                 ] org.apache.kafka.clients.NetworkClient   : [Producer clientId=producer-1] Node 1 disconnected.
2026-04-04T14:34:56.212+05:30  WARN 4224 --- [CartOrderService] [kafka-producer-network-thread | producer-1] [                                                 ] org.apache.kafka.clients.NetworkClient   : [Producer clientId=producer-1] Connection to node 1 (localhost/127.0.0.1:9092) could not be established. Broker may not be available.
2026-04-04T14:34:57.435+05:30  INFO 4224 --- [CartOrderService] [kafka-producer-network-thread | producer-1] [                                                 ] org.apache.kafka.clients.NetworkClient   : [Producer clientId=producer-1] Node 1 disconnected.
2026-04-04T14:34:57.436+05:30  WARN 4224 --- [CartOrderService] [kafka-producer-network-thread | producer-1] [                                                 ] org.apache.kafka.clients.NetworkClient   : [Producer clientId=producer-1] Connection to node 1 (localhost/127.0.0.1:9092) could not be established. Broker may not be available.
2026-04-04T14:34:58.403+05:30  INFO 4224 --- [CartOrderService] [kafka-producer-network-thread | producer-1] [                                                 ] org.apache.kafka.clients.NetworkClient   : [Producer clientId=producer-1] Node 1 disconnected.
2026-04-04T14:34:58.403+05:30  WARN 4224 --- [CartOrderService] [kafka-producer-network-thread | producer-1] [                                                 ] org.apache.kafka.clients.NetworkClient   : [Producer clientId=producer-1] Connection to node 1 (localhost/127.0.0.1:9092) could not be established. Broker may not be available.
2026-04-04T14:34:59.613+05:30  INFO 4224 --- [CartOrderService] [kafka-producer-network-thread | producer-1] [                                                 ] org.apache.kafka.clients.NetworkClient   : [Producer clientId=producer-1] Node 1 disconnected.
2026-04-04T14:34:59.613+05:30  WARN 4224 --- [CartOrderService] [kafka-producer-network-thread | producer-1] [                                                 ] org.apache.kafka.clients.NetworkClient   : [Producer clientId=producer-1] Connection to node 1 (localhost/127.0.0.1:9092) could not be established. Broker may not be available.
2026-04-04T14:35:00.639+05:30  INFO 4224 --- [CartOrderService] [kafka-producer-network-thread | producer-1] [                                                 ] org.apache.kafka.clients.NetworkClient   : [Producer clientId=producer-1] Node 1 disconnected.
2026-04-04T14:35:00.639+05:30  WARN 4224 --- [CartOrderService] [kafka-producer-network-thread | producer-1] [                                                 ] org.apache.kafka.clients.NetworkClient   : [Producer clientId=producer-1] Connection to node 1 (localhost/127.0.0.1:9092) could not be established. Broker may not be available.
2026-04-04T14:35:01.854+05:30  INFO 4224 --- [CartOrderService] [kafka-producer-network-thread | producer-1] [                                                 ] org.apache.kafka.clients.NetworkClient   : [Producer clientId=producer-1] Node 1 disconnected.
2026-04-04T14:35:01.854+05:30  WARN 4224 --- [CartOrderService] [kafka-producer-network-thread | producer-1] [                                                 ] org.apache.kafka.clients.NetworkClient   : [Producer clientId=producer-1] Connection to node 1 (localhost/127.0.0.1:9092) could not be established. Broker may not be available.
2026-04-04T14:35:03.015+05:30  INFO 4224 --- [CartOrderService] [kafka-producer-network-thread | producer-1] [                                                 ] org.apache.kafka.clients.NetworkClient   : [Producer clientId=producer-1] Node 1 disconnected.
2026-04-04T14:35:03.016+05:30  WARN 4224 --- [CartOrderService] [kafka-producer-network-thread | producer-1] [                                                 ] org.apache.kafka.clients.NetworkClient   : [Producer clientId=producer-1] Connection to node 1 (localhost/127.0.0.1:9092) could not be established. Broker may not be available.
2026-04-04T14:35:04.103+05:30  INFO 4224 --- [CartOrderService] [kafka-producer-network-thread | producer-1] [                                                 ] org.apache.kafka.clients.NetworkClient   : [Producer clientId=producer-1] Node 1 disconnected.
2026-04-04T14:35:04.104+05:30  WARN 4224 --- [CartOrderService] [kafka-producer-network-thread | producer-1] [                                                 ] org.apache.kafka.clients.NetworkClient   : [Producer clientId=producer-1] Connection to node 1 (localhost/127.0.0.1:9092) could not be established. Broker may not be available.
2026-04-04T14:35:05.130+05:30  INFO 4224 --- [CartOrderService] [kafka-producer-network-thread | producer-1] [                                                 ] org.apache.kafka.clients.NetworkClient   : [Producer clientId=producer-1] Node 1 disconnected.
2026-04-04T14:35:05.131+05:30  WARN 4224 --- [CartOrderService] [kafka-producer-network-thread | producer-1] [                                                 ] org.apache.kafka.clients.NetworkClient   : [Producer clientId=producer-1] Connection to node 1 (localhost/127.0.0.1:9092) could not be established. Broker may not be available.
2026-04-04T14:35:06.328+05:30  INFO 4224 --- [CartOrderService] [kafka-producer-network-thread | producer-1] [                                                 ] org.apache.kafka.clients.NetworkClient   : [Producer clientId=producer-1] Node 1 disconnected.
2026-04-04T14:35:06.328+05:30  WARN 4224 --- [CartOrderService] [kafka-producer-network-thread | producer-1] [                                                 ] org.apache.kafka.clients.NetworkClient   : [Producer clientId=producer-1] Connection to node 1 (localhost/127.0.0.1:9092) could not be established. Broker may not be available.
2026-04-04T14:35:07.184+05:30  INFO 4224 --- [CartOrderService] [kafka-producer-network-thread | producer-1] [                                                 ] org.apache.kafka.clients.NetworkClient   : [Producer clientId=producer-1] Node 1 disconnected.
2026-04-04T14:35:07.185+05:30  WARN 4224 --- [CartOrderService] [kafka-producer-network-thread | producer-1] [                                                 ] org.apache.kafka.clients.NetworkClient   : [Producer clientId=producer-1] Connection to node 1 (localhost/127.0.0.1:9092) could not be established. Broker may not be available.
2026-04-04T14:35:08.035+05:30  INFO 4224 --- [CartOrderService] [kafka-producer-network-thread | producer-1] [                                                 ] org.apache.kafka.clients.NetworkClient   : [Producer clientId=producer-1] Node 1 disconnected.
2026-04-04T14:35:08.036+05:30  WARN 4224 --- [CartOrderService] [kafka-producer-network-thread | producer-1] [                                                 ] org.apache.kafka.clients.NetworkClient   : [Producer clientId=producer-1] Connection to node 1 (localhost/127.0.0.1:9092) could not be established. Broker may not be available.
2026-04-04T14:35:09.034+05:30  INFO 4224 --- [CartOrderService] [kafka-producer-network-thread | producer-1] [                                                 ] org.apache.kafka.clients.NetworkClient   : [Producer clientId=producer-1] Node 1 disconnected.
2026-04-04T14:35:09.035+05:30  WARN 4224 --- [CartOrderService] [kafka-producer-network-thread | producer-1] [                                                 ] org.apache.kafka.clients.NetworkClient   : [Producer clientId=producer-1] Connection to node 1 (localhost/127.0.0.1:9092) could not be established. Broker may not be available.
2026-04-04T14:35:09.894+05:30 DEBUG 4224 --- [CartOrderService] [DiscoveryClient-HeartbeatExecutor-0] [                                                 ] o.s.web.client.RestTemplate              : HTTP PUT http://localhost:8761/eureka/apps/CARTORDERSERVICE/DESKTOP-ECRRR37.mshome.net:CartOrderService:8083?status=UP&lastDirtyTimestamp=1775285265677
2026-04-04T14:35:09.895+05:30 DEBUG 4224 --- [CartOrderService] [DiscoveryClient-HeartbeatExecutor-0] [                                                 ] o.s.web.client.RestTemplate              : Accept=[application/json, application/*+json]
2026-04-04T14:35:09.996+05:30  INFO 4224 --- [CartOrderService] [kafka-producer-network-thread | producer-1] [                                                 ] org.apache.kafka.clients.NetworkClient   : [Producer clientId=producer-1] Node 1 disconnected.
2026-04-04T14:35:09.998+05:30  WARN 4224 --- [CartOrderService] [kafka-producer-network-thread | producer-1] [                                                 ] org.apache.kafka.clients.NetworkClient   : [Producer clientId=producer-1] Connection to node 1 (localhost/127.0.0.1:9092) could not be established. Broker may not be available.
2026-04-04T14:35:10.016+05:30  INFO 4224 --- [CartOrderService] [DiscoveryClient-HeartbeatExecutor-0] [                                                 ] c.n.d.s.t.d.RedirectingEurekaHttpClient  : Request execution error. endpoint=DefaultEndpoint{ serviceUrl='http://localhost:8761/eureka/} exception=I/O error on PUT request for "http://localhost:8761/eureka/apps/CARTORDERSERVICE/DESKTOP-ECRRR37.mshome.net:CartOrderService:8083": Connect to http://localhost:8761 [localhost/127.0.0.1, localhost/0:0:0:0:0:0:0:1] failed: Connection refused: getsockopt stacktrace=org.springframework.web.client.ResourceAccessException: I/O error on PUT request for "http://localhost:8761/eureka/apps/CARTORDERSERVICE/DESKTOP-ECRRR37.mshome.net:CartOrderService:8083": Connect to http://localhost:8761 [localhost/127.0.0.1, localhost/0:0:0:0:0:0:0:1] failed: Connection refused: getsockopt
	at org.springframework.web.client.RestTemplate.createResourceAccessException(RestTemplate.java:905)
	at org.springframework.web.client.RestTemplate.doExecute(RestTemplate.java:885)
	at org.springframework.web.client.RestTemplate.execute(RestTemplate.java:781)
	at org.springframework.web.client.RestTemplate.exchange(RestTemplate.java:663)
	at org.springframework.cloud.netflix.eureka.http.RestTemplateEurekaHttpClient.sendHeartBeat(RestTemplateEurekaHttpClient.java:99)
	at com.netflix.discovery.shared.transport.decorator.EurekaHttpClientDecorator$3.execute(EurekaHttpClientDecorator.java:92)
	at com.netflix.discovery.shared.transport.decorator.RedirectingEurekaHttpClient.execute(RedirectingEurekaHttpClient.java:91)
	at com.netflix.discovery.shared.transport.decorator.EurekaHttpClientDecorator.sendHeartBeat(EurekaHttpClientDecorator.java:89)
	at com.netflix.discovery.shared.transport.decorator.EurekaHttpClientDecorator$3.execute(EurekaHttpClientDecorator.java:92)
	at com.netflix.discovery.shared.transport.decorator.RetryableEurekaHttpClient.execute(RetryableEurekaHttpClient.java:120)
	at com.netflix.discovery.shared.transport.decorator.EurekaHttpClientDecorator.sendHeartBeat(EurekaHttpClientDecorator.java:89)
	at com.netflix.discovery.shared.transport.decorator.EurekaHttpClientDecorator$3.execute(EurekaHttpClientDecorator.java:92)
	at com.netflix.discovery.shared.transport.decorator.SessionedEurekaHttpClient.execute(SessionedEurekaHttpClient.java:77)
	at com.netflix.discovery.shared.transport.decorator.EurekaHttpClientDecorator.sendHeartBeat(EurekaHttpClientDecorator.java:89)
	at com.netflix.discovery.DiscoveryClient.renew(DiscoveryClient.java:837)
	at com.netflix.discovery.DiscoveryClient$HeartbeatThread.run(DiscoveryClient.java:1401)
	at java.base/java.util.concurrent.Executors$RunnableAdapter.call(Executors.java:572)
	at java.base/java.util.concurrent.FutureTask.run(FutureTask.java:317)
	at java.base/java.util.concurrent.ThreadPoolExecutor.runWorker(ThreadPoolExecutor.java:1144)
	at java.base/java.util.concurrent.ThreadPoolExecutor$Worker.run(ThreadPoolExecutor.java:642)
	at java.base/java.lang.Thread.run(Thread.java:1583)
Caused by: org.apache.hc.client5.http.HttpHostConnectException: Connect to http://localhost:8761 [localhost/127.0.0.1, localhost/0:0:0:0:0:0:0:1] failed: Connection refused: getsockopt
	at java.base/sun.nio.ch.Net.pollConnect(Native Method)
	at java.base/sun.nio.ch.Net.pollConnectNow(Net.java:682)
	at java.base/sun.nio.ch.NioSocketImpl.timedFinishConnect(NioSocketImpl.java:542)
	at java.base/sun.nio.ch.NioSocketImpl.connect(NioSocketImpl.java:592)
	at java.base/java.net.SocksSocketImpl.connect(SocksSocketImpl.java:327)
	at java.base/java.net.Socket.connect(Socket.java:751)
	at org.apache.hc.client5.http.socket.PlainConnectionSocketFactory.lambda$connectSocket$0(PlainConnectionSocketFactory.java:91)
	at java.base/java.security.AccessController.doPrivileged(AccessController.java:571)
	at org.apache.hc.client5.http.socket.PlainConnectionSocketFactory.connectSocket(PlainConnectionSocketFactory.java:90)
	at org.apache.hc.client5.http.socket.ConnectionSocketFactory.connectSocket(ConnectionSocketFactory.java:123)
	at org.apache.hc.client5.http.impl.io.DefaultHttpClientConnectionOperator.connect(DefaultHttpClientConnectionOperator.java:184)
	at org.apache.hc.client5.http.impl.io.PoolingHttpClientConnectionManager.connect(PoolingHttpClientConnectionManager.java:447)
	at org.apache.hc.client5.http.impl.classic.InternalExecRuntime.connectEndpoint(InternalExecRuntime.java:162)
	at org.apache.hc.client5.http.impl.classic.InternalExecRuntime.connectEndpoint(InternalExecRuntime.java:172)
	at org.apache.hc.client5.http.impl.classic.ConnectExec.execute(ConnectExec.java:142)
	at org.apache.hc.client5.http.impl.classic.ExecChainElement.execute(ExecChainElement.java:51)
	at org.apache.hc.client5.http.impl.classic.ProtocolExec.execute(ProtocolExec.java:192)
	at org.apache.hc.client5.http.impl.classic.ExecChainElement.execute(ExecChainElement.java:51)
	at org.apache.hc.client5.http.impl.classic.HttpRequestRetryExec.execute(HttpRequestRetryExec.java:96)
	at org.apache.hc.client5.http.impl.classic.ExecChainElement.execute(ExecChainElement.java:51)
	at org.apache.hc.client5.http.impl.classic.ContentCompressionExec.execute(ContentCompressionExec.java:152)
	at org.apache.hc.client5.http.impl.classic.ExecChainElement.execute(ExecChainElement.java:51)
	at org.apache.hc.client5.http.impl.classic.RedirectExec.execute(RedirectExec.java:115)
	at org.apache.hc.client5.http.impl.classic.ExecChainElement.execute(ExecChainElement.java:51)
	at org.apache.hc.client5.http.impl.classic.InternalHttpClient.doExecute(InternalHttpClient.java:170)
	at org.apache.hc.client5.http.impl.classic.CloseableHttpClient.execute(CloseableHttpClient.java:87)
	at org.apache.hc.client5.http.impl.classic.CloseableHttpClient.execute(CloseableHttpClient.java:55)
	at org.apache.hc.client5.http.classic.HttpClient.executeOpen(HttpClient.java:183)
	at org.springframework.http.client.HttpComponentsClientHttpRequest.executeInternal(HttpComponentsClientHttpRequest.java:95)
	at org.springframework.http.client.AbstractStreamingClientHttpRequest.executeInternal(AbstractStreamingClientHttpRequest.java:70)
	at org.springframework.http.client.AbstractClientHttpRequest.execute(AbstractClientHttpRequest.java:66)
	at org.springframework.http.client.InterceptingClientHttpRequest$InterceptingRequestExecution.execute(InterceptingClientHttpRequest.java:101)
	at org.springframework.cloud.netflix.eureka.http.RestTemplateTransportClientFactory.lambda$restTemplate$0(RestTemplateTransportClientFactory.java:143)
	at org.springframework.http.client.InterceptingClientHttpRequest$InterceptingRequestExecution.execute(InterceptingClientHttpRequest.java:87)
	at org.springframework.http.client.InterceptingClientHttpRequest.executeInternal(InterceptingClientHttpRequest.java:71)
	at org.springframework.http.client.AbstractBufferingClientHttpRequest.executeInternal(AbstractBufferingClientHttpRequest.java:48)
	at org.springframework.http.client.AbstractClientHttpRequest.execute(AbstractClientHttpRequest.java:66)
	at org.springframework.web.client.RestTemplate.doExecute(RestTemplate.java:879)
	... 19 more

2026-04-04T14:35:10.017+05:30  WARN 4224 --- [CartOrderService] [DiscoveryClient-HeartbeatExecutor-0] [                                                 ] c.n.d.s.t.d.RetryableEurekaHttpClient    : Request execution failed with message: I/O error on PUT request for "http://localhost:8761/eureka/apps/CARTORDERSERVICE/DESKTOP-ECRRR37.mshome.net:CartOrderService:8083": Connect to http://localhost:8761 [localhost/127.0.0.1, localhost/0:0:0:0:0:0:0:1] failed: Connection refused: getsockopt
2026-04-04T14:35:10.274+05:30 DEBUG 4224 --- [CartOrderService] [DiscoveryClient-HeartbeatExecutor-0] [                                                 ] o.s.web.client.RestTemplate              : HTTP PUT http://localhost:8761/eureka/apps/CARTORDERSERVICE/DESKTOP-ECRRR37.mshome.net:CartOrderService:8083?status=UP&lastDirtyTimestamp=1775285265677
2026-04-04T14:35:10.401+05:30 DEBUG 4224 --- [CartOrderService] [DiscoveryClient-HeartbeatExecutor-0] [                                                 ] o.s.web.client.RestTemplate              : Accept=[application/json, application/*+json]
2026-04-04T14:35:10.433+05:30  INFO 4224 --- [CartOrderService] [DiscoveryClient-HeartbeatExecutor-0] [                                                 ] c.n.d.s.t.d.RedirectingEurekaHttpClient  : Request execution error. endpoint=DefaultEndpoint{ serviceUrl='http://localhost:8761/eureka/}, exception=I/O error on PUT request for "http://localhost:8761/eureka/apps/CARTORDERSERVICE/DESKTOP-ECRRR37.mshome.net:CartOrderService:8083": Connect to http://localhost:8761 [localhost/127.0.0.1, localhost/0:0:0:0:0:0:0:1] failed: Connection refused: getsockopt stacktrace=org.springframework.web.client.ResourceAccessException: I/O error on PUT request for "http://localhost:8761/eureka/apps/CARTORDERSERVICE/DESKTOP-ECRRR37.mshome.net:CartOrderService:8083": Connect to http://localhost:8761 [localhost/127.0.0.1, localhost/0:0:0:0:0:0:0:1] failed: Connection refused: getsockopt
	at org.springframework.web.client.RestTemplate.createResourceAccessException(RestTemplate.java:905)
	at org.springframework.web.client.RestTemplate.doExecute(RestTemplate.java:885)
	at org.springframework.web.client.RestTemplate.execute(RestTemplate.java:781)
	at org.springframework.web.client.RestTemplate.exchange(RestTemplate.java:663)
	at org.springframework.cloud.netflix.eureka.http.RestTemplateEurekaHttpClient.sendHeartBeat(RestTemplateEurekaHttpClient.java:99)
	at com.netflix.discovery.shared.transport.decorator.EurekaHttpClientDecorator$3.execute(EurekaHttpClientDecorator.java:92)
	at com.netflix.discovery.shared.transport.decorator.RedirectingEurekaHttpClient.executeOnNewServer(RedirectingEurekaHttpClient.java:121)
	at com.netflix.discovery.shared.transport.decorator.RedirectingEurekaHttpClient.execute(RedirectingEurekaHttpClient.java:80)
	at com.netflix.discovery.shared.transport.decorator.EurekaHttpClientDecorator.sendHeartBeat(EurekaHttpClientDecorator.java:89)
	at com.netflix.discovery.shared.transport.decorator.EurekaHttpClientDecorator$3.execute(EurekaHttpClientDecorator.java:92)
	at com.netflix.discovery.shared.transport.decorator.RetryableEurekaHttpClient.execute(RetryableEurekaHttpClient.java:120)
	at com.netflix.discovery.shared.transport.decorator.EurekaHttpClientDecorator.sendHeartBeat(EurekaHttpClientDecorator.java:89)
	at com.netflix.discovery.shared.transport.decorator.EurekaHttpClientDecorator$3.execute(EurekaHttpClientDecorator.java:92)
	at com.netflix.discovery.shared.transport.decorator.SessionedEurekaHttpClient.execute(SessionedEurekaHttpClient.java:77)
	at com.netflix.discovery.shared.transport.decorator.EurekaHttpClientDecorator.sendHeartBeat(EurekaHttpClientDecorator.java:89)
	at com.netflix.discovery.DiscoveryClient.renew(DiscoveryClient.java:837)
	at com.netflix.discovery.DiscoveryClient$HeartbeatThread.run(DiscoveryClient.java:1401)
	at java.base/java.util.concurrent.Executors$RunnableAdapter.call(Executors.java:572)
	at java.base/java.util.concurrent.FutureTask.run(FutureTask.java:317)
	at java.base/java.util.concurrent.ThreadPoolExecutor.runWorker(ThreadPoolExecutor.java:1144)
	at java.base/java.util.concurrent.ThreadPoolExecutor$Worker.run(ThreadPoolExecutor.java:642)
	at java.base/java.lang.Thread.run(Thread.java:1583)
Caused by: org.apache.hc.client5.http.HttpHostConnectException: Connect to http://localhost:8761 [localhost/127.0.0.1, localhost/0:0:0:0:0:0:0:1] failed: Connection refused: getsockopt
	at java.base/sun.nio.ch.Net.pollConnect(Native Method)
	at java.base/sun.nio.ch.Net.pollConnectNow(Net.java:682)
	at java.base/sun.nio.ch.NioSocketImpl.timedFinishConnect(NioSocketImpl.java:542)
	at java.base/sun.nio.ch.NioSocketImpl.connect(NioSocketImpl.java:592)
	at java.base/java.net.SocksSocketImpl.connect(SocksSocketImpl.java:327)
	at java.base/java.net.Socket.connect(Socket.java:751)
	at org.apache.hc.client5.http.socket.PlainConnectionSocketFactory.lambda$connectSocket$0(PlainConnectionSocketFactory.java:91)
	at java.base/java.security.AccessController.doPrivileged(AccessController.java:571)
	at org.apache.hc.client5.http.socket.PlainConnectionSocketFactory.connectSocket(PlainConnectionSocketFactory.java:90)
	at org.apache.hc.client5.http.socket.ConnectionSocketFactory.connectSocket(ConnectionSocketFactory.java:123)
	at org.apache.hc.client5.http.impl.io.DefaultHttpClientConnectionOperator.connect(DefaultHttpClientConnectionOperator.java:184)
	at org.apache.hc.client5.http.impl.io.PoolingHttpClientConnectionManager.connect(PoolingHttpClientConnectionManager.java:447)
	at org.apache.hc.client5.http.impl.classic.InternalExecRuntime.connectEndpoint(InternalExecRuntime.java:162)
	at org.apache.hc.client5.http.impl.classic.InternalExecRuntime.connectEndpoint(InternalExecRuntime.java:172)
	at org.apache.hc.client5.http.impl.classic.ConnectExec.execute(ConnectExec.java:142)
	at org.apache.hc.client5.http.impl.classic.ExecChainElement.execute(ExecChainElement.java:51)
	at org.apache.hc.client5.http.impl.classic.ProtocolExec.execute(ProtocolExec.java:192)
	at org.apache.hc.client5.http.impl.classic.ExecChainElement.execute(ExecChainElement.java:51)
	at org.apache.hc.client5.http.impl.classic.HttpRequestRetryExec.execute(HttpRequestRetryExec.java:96)
	at org.apache.hc.client5.http.impl.classic.ExecChainElement.execute(ExecChainElement.java:51)
	at org.apache.hc.client5.http.impl.classic.ContentCompressionExec.execute(ContentCompressionExec.java:152)
	at org.apache.hc.client5.http.impl.classic.ExecChainElement.execute(ExecChainElement.java:51)
	at org.apache.hc.client5.http.impl.classic.RedirectExec.execute(RedirectExec.java:115)
	at org.apache.hc.client5.http.impl.classic.ExecChainElement.execute(ExecChainElement.java:51)
	at org.apache.hc.client5.http.impl.classic.InternalHttpClient.doExecute(InternalHttpClient.java:170)
	at org.apache.hc.client5.http.impl.classic.CloseableHttpClient.execute(CloseableHttpClient.java:87)
	at org.apache.hc.client5.http.impl.classic.CloseableHttpClient.execute(CloseableHttpClient.java:55)
	at org.apache.hc.client5.http.classic.HttpClient.executeOpen(HttpClient.java:183)
	at org.springframework.http.client.HttpComponentsClientHttpRequest.executeInternal(HttpComponentsClientHttpRequest.java:95)
	at org.springframework.http.client.AbstractStreamingClientHttpRequest.executeInternal(AbstractStreamingClientHttpRequest.java:70)
	at org.springframework.http.client.AbstractClientHttpRequest.execute(AbstractClientHttpRequest.java:66)
	at org.springframework.http.client.InterceptingClientHttpRequest$InterceptingRequestExecution.execute(InterceptingClientHttpRequest.java:101)
	at org.springframework.cloud.netflix.eureka.http.RestTemplateTransportClientFactory.lambda$restTemplate$0(RestTemplateTransportClientFactory.java:143)
	at org.springframework.http.client.InterceptingClientHttpRequest$InterceptingRequestExecution.execute(InterceptingClientHttpRequest.java:87)
	at org.springframework.http.client.InterceptingClientHttpRequest.executeInternal(InterceptingClientHttpRequest.java:71)
	at org.springframework.http.client.AbstractBufferingClientHttpRequest.executeInternal(AbstractBufferingClientHttpRequest.java:48)
	at org.springframework.http.client.AbstractClientHttpRequest.execute(AbstractClientHttpRequest.java:66)
	at org.springframework.web.client.RestTemplate.doExecute(RestTemplate.java:879)
	... 20 more

2026-04-04T14:35:10.434+05:30  WARN 4224 --- [CartOrderService] [DiscoveryClient-HeartbeatExecutor-0] [                                                 ] c.n.d.s.t.d.RetryableEurekaHttpClient    : Request execution failed with message: I/O error on PUT request for "http://localhost:8761/eureka/apps/CARTORDERSERVICE/DESKTOP-ECRRR37.mshome.net:CartOrderService:8083": Connect to http://localhost:8761 [localhost/127.0.0.1, localhost/0:0:0:0:0:0:0:1] failed: Connection refused: getsockopt
2026-04-04T14:35:10.434+05:30 ERROR 4224 --- [CartOrderService] [DiscoveryClient-HeartbeatExecutor-0] [                                                 ] com.netflix.discovery.DiscoveryClient    : DiscoveryClient_CARTORDERSERVICE/DESKTOP-ECRRR37.mshome.net:CartOrderService:8083 - was unable to send heartbeat!

com.netflix.discovery.shared.transport.TransportException: Cannot execute request on any known server
	at com.netflix.discovery.shared.transport.decorator.RetryableEurekaHttpClient.execute(RetryableEurekaHttpClient.java:112) ~[eureka-client-2.0.2.jar:2.0.2]
	at com.netflix.discovery.shared.transport.decorator.EurekaHttpClientDecorator.sendHeartBeat(EurekaHttpClientDecorator.java:89) ~[eureka-client-2.0.2.jar:2.0.2]
	at com.netflix.discovery.shared.transport.decorator.EurekaHttpClientDecorator$3.execute(EurekaHttpClientDecorator.java:92) ~[eureka-client-2.0.2.jar:2.0.2]
	at com.netflix.discovery.shared.transport.decorator.SessionedEurekaHttpClient.execute(SessionedEurekaHttpClient.java:77) ~[eureka-client-2.0.2.jar:2.0.2]
	at com.netflix.discovery.shared.transport.decorator.EurekaHttpClientDecorator.sendHeartBeat(EurekaHttpClientDecorator.java:89) ~[eureka-client-2.0.2.jar:2.0.2]
	at com.netflix.discovery.DiscoveryClient.renew(DiscoveryClient.java:837) ~[eureka-client-2.0.2.jar:2.0.2]
	at com.netflix.discovery.DiscoveryClient$HeartbeatThread.run(DiscoveryClient.java:1401) ~[eureka-client-2.0.2.jar:2.0.2]
	at java.base/java.util.concurrent.Executors$RunnableAdapter.call(Executors.java:572) ~[na:na]
	at java.base/java.util.concurrent.FutureTask.run(FutureTask.java:317) ~[na:na]
	at java.base/java.util.concurrent.ThreadPoolExecutor.runWorker(ThreadPoolExecutor.java:1144) ~[na:na]
	at java.base/java.util.concurrent.ThreadPoolExecutor$Worker.run(ThreadPoolExecutor.java:642) ~[na:na]
	at java.base/java.lang.Thread.run(Thread.java:1583) ~[na:na]

2026-04-04T14:35:11.067+05:30  INFO 4224 --- [CartOrderService] [kafka-producer-network-thread | producer-1] [                                                 ] org.apache.kafka.clients.NetworkClient   : [Producer clientId=producer-1] Node 1 disconnected.
2026-04-04T14:35:11.067+05:30  WARN 4224 --- [CartOrderService] [kafka-producer-network-thread | producer-1] [                                                 ] org.apache.kafka.clients.NetworkClient   : [Producer clientId=producer-1] Connection to node 1 (localhost/127.0.0.1:9092) could not be established. Broker may not be available.
2026-04-04T14:35:12.180+05:30  INFO 4224 --- [CartOrderService] [kafka-producer-network-thread | producer-1] [                                                 ] org.apache.kafka.clients.NetworkClient   : [Producer clientId=producer-1] Node 1 disconnected.
2026-04-04T14:35:12.180+05:30  WARN 4224 --- [CartOrderService] [kafka-producer-network-thread | producer-1] [                                                 ] org.apache.kafka.clients.NetworkClient   : [Producer clientId=producer-1] Connection to node 1 (localhost/127.0.0.1:9092) could not be established. Broker may not be available.
2026-04-04T14:35:13.039+05:30  INFO 4224 --- [CartOrderService] [kafka-producer-network-thread | producer-1] [                                                 ] org.apache.kafka.clients.NetworkClient   : [Producer clientId=producer-1] Node 1 disconnected.
2026-04-04T14:35:13.039+05:30  WARN 4224 --- [CartOrderService] [kafka-producer-network-thread | producer-1] [                                                 ] org.apache.kafka.clients.NetworkClient   : [Producer clientId=producer-1] Connection to node 1 (localhost/127.0.0.1:9092) could not be established. Broker may not be available.
2026-04-04T14:35:14.003+05:30  INFO 4224 --- [CartOrderService] [kafka-producer-network-thread | producer-1] [                                                 ] org.apache.kafka.clients.NetworkClient   : [Producer clientId=producer-1] Node 1 disconnected.
2026-04-04T14:35:14.003+05:30  WARN 4224 --- [CartOrderService] [kafka-producer-network-thread | producer-1] [                                                 ] org.apache.kafka.clients.NetworkClient   : [Producer clientId=producer-1] Connection to node 1 (localhost/127.0.0.1:9092) could not be established. Broker may not be available.
2026-04-04T14:35:14.915+05:30  INFO 4224 --- [CartOrderService] [kafka-producer-network-thread | producer-1] [                                                 ] org.apache.kafka.clients.NetworkClient   : [Producer clientId=producer-1] Node 1 disconnected.
2026-04-04T14:35:14.915+05:30  WARN 4224 --- [CartOrderService] [kafka-producer-network-thread | producer-1] [                                                 ] org.apache.kafka.clients.NetworkClient   : [Producer clientId=producer-1] Connection to node 1 (localhost/127.0.0.1:9092) could not be established. Broker may not be available.
2026-04-04T14:35:15.774+05:30  INFO 4224 --- [CartOrderService] [kafka-producer-network-thread | producer-1] [                                                 ] org.apache.kafka.clients.NetworkClient   : [Producer clientId=producer-1] Node 1 disconnected.
2026-04-04T14:35:15.774+05:30  WARN 4224 --- [CartOrderService] [kafka-producer-network-thread | producer-1] [                                                 ] org.apache.kafka.clients.NetworkClient   : [Producer clientId=producer-1] Connection to node 1 (localhost/127.0.0.1:9092) could not be established. Broker may not be available.
2026-04-04T14:35:16.834+05:30  INFO 4224 --- [CartOrderService] [kafka-producer-network-thread | producer-1] [                                                 ] org.apache.kafka.clients.NetworkClient   : [Producer clientId=producer-1] Node 1 disconnected.
2026-04-04T14:35:16.834+05:30  WARN 4224 --- [CartOrderService] [kafka-producer-network-thread | producer-1] [                                                 ] org.apache.kafka.clients.NetworkClient   : [Producer clientId=producer-1] Connection to node 1 (localhost/127.0.0.1:9092) could not be established. Broker may not be available.
2026-04-04T14:35:17.841+05:30  INFO 4224 --- [CartOrderService] [kafka-producer-network-thread | producer-1] [                                                 ] org.apache.kafka.clients.NetworkClient   : [Producer clientId=producer-1] Node 1 disconnected.
2026-04-04T14:35:17.841+05:30  WARN 4224 --- [CartOrderService] [kafka-producer-network-thread | producer-1] [                                                 ] org.apache.kafka.clients.NetworkClient   : [Producer clientId=producer-1] Connection to node 1 (localhost/127.0.0.1:9092) could not be established. Broker may not be available.
2026-04-04T14:35:18.966+05:30  INFO 4224 --- [CartOrderService] [kafka-producer-network-thread | producer-1] [                                                 ] org.apache.kafka.clients.NetworkClient   : [Producer clientId=producer-1] Node 1 disconnected.
2026-04-04T14:35:18.966+05:30  WARN 4224 --- [CartOrderService] [kafka-producer-network-thread | producer-1] [                                                 ] org.apache.kafka.clients.NetworkClient   : [Producer clientId=producer-1] Connection to node 1 (localhost/127.0.0.1:9092) could not be established. Broker may not be available.
2026-04-04T14:35:19.084+05:30 DEBUG 4224 --- [CartOrderService] [DiscoveryClient-CacheRefreshExecutor-0] [                                                 ] o.s.web.client.RestTemplate              : HTTP GET http://localhost:8761/eureka/apps/delta
2026-04-04T14:35:19.085+05:30 DEBUG 4224 --- [CartOrderService] [DiscoveryClient-CacheRefreshExecutor-0] [                                                 ] o.s.web.client.RestTemplate              : Accept=[application/json, application/*+json]
2026-04-04T14:35:19.460+05:30  INFO 4224 --- [CartOrderService] [DiscoveryClient-CacheRefreshExecutor-0] [                                                 ] c.n.d.s.t.d.RedirectingEurekaHttpClient  : Request execution error. endpoint=DefaultEndpoint{ serviceUrl='http://localhost:8761/eureka/} exception=I/O error on GET request for "http://localhost:8761/eureka/apps/delta": Connect to http://localhost:8761 [localhost/127.0.0.1, localhost/0:0:0:0:0:0:0:1] failed: Connection refused: getsockopt stacktrace=org.springframework.web.client.ResourceAccessException: I/O error on GET request for "http://localhost:8761/eureka/apps/delta": Connect to http://localhost:8761 [localhost/127.0.0.1, localhost/0:0:0:0:0:0:0:1] failed: Connection refused: getsockopt
	at org.springframework.web.client.RestTemplate.createResourceAccessException(RestTemplate.java:905)
	at org.springframework.web.client.RestTemplate.doExecute(RestTemplate.java:885)
	at org.springframework.web.client.RestTemplate.execute(RestTemplate.java:781)
	at org.springframework.web.client.RestTemplate.exchange(RestTemplate.java:663)
	at org.springframework.cloud.netflix.eureka.http.RestTemplateEurekaHttpClient.getApplicationsInternal(RestTemplateEurekaHttpClient.java:145)
	at org.springframework.cloud.netflix.eureka.http.RestTemplateEurekaHttpClient.getDelta(RestTemplateEurekaHttpClient.java:155)
	at com.netflix.discovery.shared.transport.decorator.EurekaHttpClientDecorator$7.execute(EurekaHttpClientDecorator.java:152)
	at com.netflix.discovery.shared.transport.decorator.RedirectingEurekaHttpClient.execute(RedirectingEurekaHttpClient.java:91)
	at com.netflix.discovery.shared.transport.decorator.EurekaHttpClientDecorator.getDelta(EurekaHttpClientDecorator.java:149)
	at com.netflix.discovery.shared.transport.decorator.EurekaHttpClientDecorator$7.execute(EurekaHttpClientDecorator.java:152)
	at com.netflix.discovery.shared.transport.decorator.RetryableEurekaHttpClient.execute(RetryableEurekaHttpClient.java:120)
	at com.netflix.discovery.shared.transport.decorator.EurekaHttpClientDecorator.getDelta(EurekaHttpClientDecorator.java:149)
	at com.netflix.discovery.shared.transport.decorator.EurekaHttpClientDecorator$7.execute(EurekaHttpClientDecorator.java:152)
	at com.netflix.discovery.shared.transport.decorator.SessionedEurekaHttpClient.execute(SessionedEurekaHttpClient.java:77)
	at com.netflix.discovery.shared.transport.decorator.EurekaHttpClientDecorator.getDelta(EurekaHttpClientDecorator.java:149)
	at com.netflix.discovery.DiscoveryClient.getAndUpdateDelta(DiscoveryClient.java:1079)
	at com.netflix.discovery.DiscoveryClient.fetchRegistry(DiscoveryClient.java:960)
	at com.netflix.discovery.DiscoveryClient.refreshRegistry(DiscoveryClient.java:1475)
	at com.netflix.discovery.DiscoveryClient$CacheRefreshThread.run(DiscoveryClient.java:1442)
	at java.base/java.util.concurrent.Executors$RunnableAdapter.call(Executors.java:572)
	at java.base/java.util.concurrent.FutureTask.run(FutureTask.java:317)
	at java.base/java.util.concurrent.ThreadPoolExecutor.runWorker(ThreadPoolExecutor.java:1144)
	at java.base/java.util.concurrent.ThreadPoolExecutor$Worker.run(ThreadPoolExecutor.java:642)
	at java.base/java.lang.Thread.run(Thread.java:1583)
Caused by: org.apache.hc.client5.http.HttpHostConnectException: Connect to http://localhost:8761 [localhost/127.0.0.1, localhost/0:0:0:0:0:0:0:1] failed: Connection refused: getsockopt
	at java.base/sun.nio.ch.Net.pollConnect(Native Method)
	at java.base/sun.nio.ch.Net.pollConnectNow(Net.java:682)
	at java.base/sun.nio.ch.NioSocketImpl.timedFinishConnect(NioSocketImpl.java:542)
	at java.base/sun.nio.ch.NioSocketImpl.connect(NioSocketImpl.java:592)
	at java.base/java.net.SocksSocketImpl.connect(SocksSocketImpl.java:327)
	at java.base/java.net.Socket.connect(Socket.java:751)
	at org.apache.hc.client5.http.socket.PlainConnectionSocketFactory.lambda$connectSocket$0(PlainConnectionSocketFactory.java:91)
	at java.base/java.security.AccessController.doPrivileged(AccessController.java:571)
	at org.apache.hc.client5.http.socket.PlainConnectionSocketFactory.connectSocket(PlainConnectionSocketFactory.java:90)
	at org.apache.hc.client5.http.socket.ConnectionSocketFactory.connectSocket(ConnectionSocketFactory.java:123)
	at org.apache.hc.client5.http.impl.io.DefaultHttpClientConnectionOperator.connect(DefaultHttpClientConnectionOperator.java:184)
	at org.apache.hc.client5.http.impl.io.PoolingHttpClientConnectionManager.connect(PoolingHttpClientConnectionManager.java:447)
	at org.apache.hc.client5.http.impl.classic.InternalExecRuntime.connectEndpoint(InternalExecRuntime.java:162)
	at org.apache.hc.client5.http.impl.classic.InternalExecRuntime.connectEndpoint(InternalExecRuntime.java:172)
	at org.apache.hc.client5.http.impl.classic.ConnectExec.execute(ConnectExec.java:142)
	at org.apache.hc.client5.http.impl.classic.ExecChainElement.execute(ExecChainElement.java:51)
	at org.apache.hc.client5.http.impl.classic.ProtocolExec.execute(ProtocolExec.java:192)
	at org.apache.hc.client5.http.impl.classic.ExecChainElement.execute(ExecChainElement.java:51)
	at org.apache.hc.client5.http.impl.classic.HttpRequestRetryExec.execute(HttpRequestRetryExec.java:96)
	at org.apache.hc.client5.http.impl.classic.ExecChainElement.execute(ExecChainElement.java:51)
	at org.apache.hc.client5.http.impl.classic.ContentCompressionExec.execute(ContentCompressionExec.java:152)
	at org.apache.hc.client5.http.impl.classic.ExecChainElement.execute(ExecChainElement.java:51)
	at org.apache.hc.client5.http.impl.classic.RedirectExec.execute(RedirectExec.java:115)
	at org.apache.hc.client5.http.impl.classic.ExecChainElement.execute(ExecChainElement.java:51)
	at org.apache.hc.client5.http.impl.classic.InternalHttpClient.doExecute(InternalHttpClient.java:170)
	at org.apache.hc.client5.http.impl.classic.CloseableHttpClient.execute(CloseableHttpClient.java:87)
	at org.apache.hc.client5.http.impl.classic.CloseableHttpClient.execute(CloseableHttpClient.java:55)
	at org.apache.hc.client5.http.classic.HttpClient.executeOpen(HttpClient.java:183)
	at org.springframework.http.client.HttpComponentsClientHttpRequest.executeInternal(HttpComponentsClientHttpRequest.java:95)
	at org.springframework.http.client.AbstractStreamingClientHttpRequest.executeInternal(AbstractStreamingClientHttpRequest.java:70)
	at org.springframework.http.client.AbstractClientHttpRequest.execute(AbstractClientHttpRequest.java:66)
	at org.springframework.http.client.InterceptingClientHttpRequest$InterceptingRequestExecution.execute(InterceptingClientHttpRequest.java:101)
	at org.springframework.cloud.netflix.eureka.http.RestTemplateTransportClientFactory.lambda$restTemplate$0(RestTemplateTransportClientFactory.java:143)
	at org.springframework.http.client.InterceptingClientHttpRequest$InterceptingRequestExecution.execute(InterceptingClientHttpRequest.java:87)
	at org.springframework.http.client.InterceptingClientHttpRequest.executeInternal(InterceptingClientHttpRequest.java:71)
	at org.springframework.http.client.AbstractBufferingClientHttpRequest.executeInternal(AbstractBufferingClientHttpRequest.java:48)
	at org.springframework.http.client.AbstractClientHttpRequest.execute(AbstractClientHttpRequest.java:66)
	at org.springframework.web.client.RestTemplate.doExecute(RestTemplate.java:879)
	... 22 more

2026-04-04T14:35:19.461+05:30  WARN 4224 --- [CartOrderService] [DiscoveryClient-CacheRefreshExecutor-0] [                                                 ] c.n.d.s.t.d.RetryableEurekaHttpClient    : Request execution failed with message: I/O error on GET request for "http://localhost:8761/eureka/apps/delta": Connect to http://localhost:8761 [localhost/127.0.0.1, localhost/0:0:0:0:0:0:0:1] failed: Connection refused: getsockopt
2026-04-04T14:35:19.863+05:30  INFO 4224 --- [CartOrderService] [kafka-producer-network-thread | producer-1] [                                                 ] org.apache.kafka.clients.NetworkClient   : [Producer clientId=producer-1] Node 1 disconnected.
2026-04-04T14:35:19.864+05:30  WARN 4224 --- [CartOrderService] [kafka-producer-network-thread | producer-1] [                                                 ] org.apache.kafka.clients.NetworkClient   : [Producer clientId=producer-1] Connection to node 1 (localhost/127.0.0.1:9092) could not be established. Broker may not be available.
2026-04-04T14:35:21.088+05:30  INFO 4224 --- [CartOrderService] [kafka-producer-network-thread | producer-1] [                                                 ] org.apache.kafka.clients.NetworkClient   : [Producer clientId=producer-1] Node 1 disconnected.
2026-04-04T14:35:21.088+05:30  WARN 4224 --- [CartOrderService] [kafka-producer-network-thread | producer-1] [                                                 ] org.apache.kafka.clients.NetworkClient   : [Producer clientId=producer-1] Connection to node 1 (localhost/127.0.0.1:9092) could not be established. Broker may not be available.
2026-04-04T14:35:22.151+05:30  INFO 4224 --- [CartOrderService] [kafka-producer-network-thread | producer-1] [                                                 ] org.apache.kafka.clients.NetworkClient   : [Producer clientId=producer-1] Node 1 disconnected.
2026-04-04T14:35:22.154+05:30  WARN 4224 --- [CartOrderService] [kafka-producer-network-thread | producer-1] [                                                 ] org.apache.kafka.clients.NetworkClient   : [Producer clientId=producer-1] Connection to node 1 (localhost/127.0.0.1:9092) could not be established. Broker may not be available.
2026-04-04T14:35:22.562+05:30 DEBUG 4224 --- [CartOrderService] [DiscoveryClient-CacheRefreshExecutor-0] [                                                 ] o.s.web.client.RestTemplate              : HTTP GET http://localhost:8761/eureka/apps/delta
2026-04-04T14:35:23.156+05:30  INFO 4224 --- [CartOrderService] [kafka-producer-network-thread | producer-1] [                                                 ] org.apache.kafka.clients.NetworkClient   : [Producer clientId=producer-1] Node 1 disconnected.
2026-04-04T14:35:23.157+05:30  WARN 4224 --- [CartOrderService] [kafka-producer-network-thread | producer-1] [                                                 ] org.apache.kafka.clients.NetworkClient   : [Producer clientId=producer-1] Connection to node 1 (localhost/127.0.0.1:9092) could not be established. Broker may not be available.
2026-04-04T14:35:23.743+05:30 DEBUG 4224 --- [CartOrderService] [DiscoveryClient-CacheRefreshExecutor-0] [                                                 ] o.s.web.client.RestTemplate              : Accept=[application/json, application/*+json]
2026-04-04T14:35:23.831+05:30  INFO 4224 --- [CartOrderService] [DiscoveryClient-CacheRefreshExecutor-0] [                                                 ] c.n.d.s.t.d.RedirectingEurekaHttpClient  : Request execution error. endpoint=DefaultEndpoint{ serviceUrl='http://localhost:8761/eureka/}, exception=I/O error on GET request for "http://localhost:8761/eureka/apps/delta": Connect to http://localhost:8761 [localhost/127.0.0.1, localhost/0:0:0:0:0:0:0:1] failed: Connection refused: getsockopt stacktrace=org.springframework.web.client.ResourceAccessException: I/O error on GET request for "http://localhost:8761/eureka/apps/delta": Connect to http://localhost:8761 [localhost/127.0.0.1, localhost/0:0:0:0:0:0:0:1] failed: Connection refused: getsockopt
	at org.springframework.web.client.RestTemplate.createResourceAccessException(RestTemplate.java:905)
	at org.springframework.web.client.RestTemplate.doExecute(RestTemplate.java:885)
	at org.springframework.web.client.RestTemplate.execute(RestTemplate.java:781)
	at org.springframework.web.client.RestTemplate.exchange(RestTemplate.java:663)
	at org.springframework.cloud.netflix.eureka.http.RestTemplateEurekaHttpClient.getApplicationsInternal(RestTemplateEurekaHttpClient.java:145)
	at org.springframework.cloud.netflix.eureka.http.RestTemplateEurekaHttpClient.getDelta(RestTemplateEurekaHttpClient.java:155)
	at com.netflix.discovery.shared.transport.decorator.EurekaHttpClientDecorator$7.execute(EurekaHttpClientDecorator.java:152)
	at com.netflix.discovery.shared.transport.decorator.RedirectingEurekaHttpClient.executeOnNewServer(RedirectingEurekaHttpClient.java:121)
	at com.netflix.discovery.shared.transport.decorator.RedirectingEurekaHttpClient.execute(RedirectingEurekaHttpClient.java:80)
	at com.netflix.discovery.shared.transport.decorator.EurekaHttpClientDecorator.getDelta(EurekaHttpClientDecorator.java:149)
	at com.netflix.discovery.shared.transport.decorator.EurekaHttpClientDecorator$7.execute(EurekaHttpClientDecorator.java:152)
	at com.netflix.discovery.shared.transport.decorator.RetryableEurekaHttpClient.execute(RetryableEurekaHttpClient.java:120)
	at com.netflix.discovery.shared.transport.decorator.EurekaHttpClientDecorator.getDelta(EurekaHttpClientDecorator.java:149)
	at com.netflix.discovery.shared.transport.decorator.EurekaHttpClientDecorator$7.execute(EurekaHttpClientDecorator.java:152)
	at com.netflix.discovery.shared.transport.decorator.SessionedEurekaHttpClient.execute(SessionedEurekaHttpClient.java:77)
	at com.netflix.discovery.shared.transport.decorator.EurekaHttpClientDecorator.getDelta(EurekaHttpClientDecorator.java:149)
	at com.netflix.discovery.DiscoveryClient.getAndUpdateDelta(DiscoveryClient.java:1079)
	at com.netflix.discovery.DiscoveryClient.fetchRegistry(DiscoveryClient.java:960)
	at com.netflix.discovery.DiscoveryClient.refreshRegistry(DiscoveryClient.java:1475)
	at com.netflix.discovery.DiscoveryClient$CacheRefreshThread.run(DiscoveryClient.java:1442)
	at java.base/java.util.concurrent.Executors$RunnableAdapter.call(Executors.java:572)
	at java.base/java.util.concurrent.FutureTask.run(FutureTask.java:317)
	at java.base/java.util.concurrent.ThreadPoolExecutor.runWorker(ThreadPoolExecutor.java:1144)
	at java.base/java.util.concurrent.ThreadPoolExecutor$Worker.run(ThreadPoolExecutor.java:642)
	at java.base/java.lang.Thread.run(Thread.java:1583)
Caused by: org.apache.hc.client5.http.HttpHostConnectException: Connect to http://localhost:8761 [localhost/127.0.0.1, localhost/0:0:0:0:0:0:0:1] failed: Connection refused: getsockopt
	at java.base/sun.nio.ch.Net.pollConnect(Native Method)
	at java.base/sun.nio.ch.Net.pollConnectNow(Net.java:682)
	at java.base/sun.nio.ch.NioSocketImpl.timedFinishConnect(NioSocketImpl.java:542)
	at java.base/sun.nio.ch.NioSocketImpl.connect(NioSocketImpl.java:592)
	at java.base/java.net.SocksSocketImpl.connect(SocksSocketImpl.java:327)
	at java.base/java.net.Socket.connect(Socket.java:751)
	at org.apache.hc.client5.http.socket.PlainConnectionSocketFactory.lambda$connectSocket$0(PlainConnectionSocketFactory.java:91)
	at java.base/java.security.AccessController.doPrivileged(AccessController.java:571)
	at org.apache.hc.client5.http.socket.PlainConnectionSocketFactory.connectSocket(PlainConnectionSocketFactory.java:90)
	at org.apache.hc.client5.http.socket.ConnectionSocketFactory.connectSocket(ConnectionSocketFactory.java:123)
	at org.apache.hc.client5.http.impl.io.DefaultHttpClientConnectionOperator.connect(DefaultHttpClientConnectionOperator.java:184)
	at org.apache.hc.client5.http.impl.io.PoolingHttpClientConnectionManager.connect(PoolingHttpClientConnectionManager.java:447)
	at org.apache.hc.client5.http.impl.classic.InternalExecRuntime.connectEndpoint(InternalExecRuntime.java:162)
	at org.apache.hc.client5.http.impl.classic.InternalExecRuntime.connectEndpoint(InternalExecRuntime.java:172)
	at org.apache.hc.client5.http.impl.classic.ConnectExec.execute(ConnectExec.java:142)
	at org.apache.hc.client5.http.impl.classic.ExecChainElement.execute(ExecChainElement.java:51)
	at org.apache.hc.client5.http.impl.classic.ProtocolExec.execute(ProtocolExec.java:192)
	at org.apache.hc.client5.http.impl.classic.ExecChainElement.execute(ExecChainElement.java:51)
	at org.apache.hc.client5.http.impl.classic.HttpRequestRetryExec.execute(HttpRequestRetryExec.java:96)
	at org.apache.hc.client5.http.impl.classic.ExecChainElement.execute(ExecChainElement.java:51)
	at org.apache.hc.client5.http.impl.classic.ContentCompressionExec.execute(ContentCompressionExec.java:152)
	at org.apache.hc.client5.http.impl.classic.ExecChainElement.execute(ExecChainElement.java:51)
	at org.apache.hc.client5.http.impl.classic.RedirectExec.execute(RedirectExec.java:115)
	at org.apache.hc.client5.http.impl.classic.ExecChainElement.execute(ExecChainElement.java:51)
	at org.apache.hc.client5.http.impl.classic.InternalHttpClient.doExecute(InternalHttpClient.java:170)
	at org.apache.hc.client5.http.impl.classic.CloseableHttpClient.execute(CloseableHttpClient.java:87)
	at org.apache.hc.client5.http.impl.classic.CloseableHttpClient.execute(CloseableHttpClient.java:55)
	at org.apache.hc.client5.http.classic.HttpClient.executeOpen(HttpClient.java:183)
	at org.springframework.http.client.HttpComponentsClientHttpRequest.executeInternal(HttpComponentsClientHttpRequest.java:95)
	at org.springframework.http.client.AbstractStreamingClientHttpRequest.executeInternal(AbstractStreamingClientHttpRequest.java:70)
	at org.springframework.http.client.AbstractClientHttpRequest.execute(AbstractClientHttpRequest.java:66)
	at org.springframework.http.client.InterceptingClientHttpRequest$InterceptingRequestExecution.execute(InterceptingClientHttpRequest.java:101)
	at org.springframework.cloud.netflix.eureka.http.RestTemplateTransportClientFactory.lambda$restTemplate$0(RestTemplateTransportClientFactory.java:143)
	at org.springframework.http.client.InterceptingClientHttpRequest$InterceptingRequestExecution.execute(InterceptingClientHttpRequest.java:87)
	at org.springframework.http.client.InterceptingClientHttpRequest.executeInternal(InterceptingClientHttpRequest.java:71)
	at org.springframework.http.client.AbstractBufferingClientHttpRequest.executeInternal(AbstractBufferingClientHttpRequest.java:48)
	at org.springframework.http.client.AbstractClientHttpRequest.execute(AbstractClientHttpRequest.java:66)
	at org.springframework.web.client.RestTemplate.doExecute(RestTemplate.java:879)
	... 23 more

2026-04-04T14:35:23.888+05:30  WARN 4224 --- [CartOrderService] [DiscoveryClient-CacheRefreshExecutor-0] [                                                 ] c.n.d.s.t.d.RetryableEurekaHttpClient    : Request execution failed with message: I/O error on GET request for "http://localhost:8761/eureka/apps/delta": Connect to http://localhost:8761 [localhost/127.0.0.1, localhost/0:0:0:0:0:0:0:1] failed: Connection refused: getsockopt
2026-04-04T14:35:23.888+05:30  INFO 4224 --- [CartOrderService] [DiscoveryClient-CacheRefreshExecutor-0] [                                                 ] com.netflix.discovery.DiscoveryClient    : DiscoveryClient_CARTORDERSERVICE/DESKTOP-ECRRR37.mshome.net:CartOrderService:8083 - was unable to refresh its cache! This periodic background refresh will be retried in 30 seconds. status = Cannot execute request on any known server stacktrace = com.netflix.discovery.shared.transport.TransportException: Cannot execute request on any known server
	at com.netflix.discovery.shared.transport.decorator.RetryableEurekaHttpClient.execute(RetryableEurekaHttpClient.java:112)
	at com.netflix.discovery.shared.transport.decorator.EurekaHttpClientDecorator.getDelta(EurekaHttpClientDecorator.java:149)
	at com.netflix.discovery.shared.transport.decorator.EurekaHttpClientDecorator$7.execute(EurekaHttpClientDecorator.java:152)
	at com.netflix.discovery.shared.transport.decorator.SessionedEurekaHttpClient.execute(SessionedEurekaHttpClient.java:77)
	at com.netflix.discovery.shared.transport.decorator.EurekaHttpClientDecorator.getDelta(EurekaHttpClientDecorator.java:149)
	at com.netflix.discovery.DiscoveryClient.getAndUpdateDelta(DiscoveryClient.java:1079)
	at com.netflix.discovery.DiscoveryClient.fetchRegistry(DiscoveryClient.java:960)
	at com.netflix.discovery.DiscoveryClient.refreshRegistry(DiscoveryClient.java:1475)
	at com.netflix.discovery.DiscoveryClient$CacheRefreshThread.run(DiscoveryClient.java:1442)
	at java.base/java.util.concurrent.Executors$RunnableAdapter.call(Executors.java:572)
	at java.base/java.util.concurrent.FutureTask.run(FutureTask.java:317)
	at java.base/java.util.concurrent.ThreadPoolExecutor.runWorker(ThreadPoolExecutor.java:1144)
	at java.base/java.util.concurrent.ThreadPoolExecutor$Worker.run(ThreadPoolExecutor.java:642)
	at java.base/java.lang.Thread.run(Thread.java:1583)

2026-04-04T14:35:24.117+05:30  INFO 4224 --- [CartOrderService] [kafka-producer-network-thread | producer-1] [                                                 ] org.apache.kafka.clients.NetworkClient   : [Producer clientId=producer-1] Node 1 disconnected.
2026-04-04T14:35:24.117+05:30  WARN 4224 --- [CartOrderService] [kafka-producer-network-thread | producer-1] [                                                 ] org.apache.kafka.clients.NetworkClient   : [Producer clientId=producer-1] Connection to node 1 (localhost/127.0.0.1:9092) could not be established. Broker may not be available.
2026-04-04T14:35:25.079+05:30  INFO 4224 --- [CartOrderService] [kafka-producer-network-thread | producer-1] [                                                 ] org.apache.kafka.clients.NetworkClient   : [Producer clientId=producer-1] Node 1 disconnected.
2026-04-04T14:35:25.108+05:30  WARN 4224 --- [CartOrderService] [kafka-producer-network-thread | producer-1] [                                                 ] org.apache.kafka.clients.NetworkClient   : [Producer clientId=producer-1] Connection to node 1 (localhost/127.0.0.1:9092) could not be established. Broker may not be available.
2026-04-04T14:35:26.139+05:30  INFO 4224 --- [CartOrderService] [kafka-producer-network-thread | producer-1] [                                                 ] org.apache.kafka.clients.NetworkClient   : [Producer clientId=producer-1] Node 1 disconnected.
2026-04-04T14:35:26.140+05:30  WARN 4224 --- [CartOrderService] [kafka-producer-network-thread | producer-1] [                                                 ] org.apache.kafka.clients.NetworkClient   : [Producer clientId=producer-1] Connection to node 1 (localhost/127.0.0.1:9092) could not be established. Broker may not be available.
2026-04-04T14:35:27.163+05:30  INFO 4224 --- [CartOrderService] [SpringApplicationShutdownHook] [                                                 ] o.s.c.n.e.s.EurekaServiceRegistry        : Unregistering application CARTORDERSERVICE with eureka with status DOWN
2026-04-04T14:35:27.165+05:30  INFO 4224 --- [CartOrderService] [SpringApplicationShutdownHook] [                                                 ] com.netflix.discovery.DiscoveryClient    : Saw local status change event StatusChangeEvent [timestamp=1775293527165, current=DOWN, previous=UP]
2026-04-04T14:35:27.170+05:30  INFO 4224 --- [CartOrderService] [DiscoveryClient-InstanceInfoReplicator-0] [                                                 ] com.netflix.discovery.DiscoveryClient    : DiscoveryClient_CARTORDERSERVICE/DESKTOP-ECRRR37.mshome.net:CartOrderService:8083: registering service...
2026-04-04T14:35:27.188+05:30 DEBUG 4224 --- [CartOrderService] [DiscoveryClient-InstanceInfoReplicator-0] [                                                 ] o.s.web.client.RestTemplate              : HTTP POST http://localhost:8761/eureka/apps/CARTORDERSERVICE
2026-04-04T14:35:27.190+05:30 DEBUG 4224 --- [CartOrderService] [DiscoveryClient-InstanceInfoReplicator-0] [                                                 ] o.s.web.client.RestTemplate              : Accept=[application/json, application/*+json]
2026-04-04T14:35:27.313+05:30  INFO 4224 --- [CartOrderService] [kafka-producer-network-thread | producer-1] [                                                 ] org.apache.kafka.clients.NetworkClient   : [Producer clientId=producer-1] Node 1 disconnected.
2026-04-04T14:35:27.313+05:30  WARN 4224 --- [CartOrderService] [kafka-producer-network-thread | producer-1] [                                                 ] org.apache.kafka.clients.NetworkClient   : [Producer clientId=producer-1] Connection to node 1 (localhost/127.0.0.1:9092) could not be established. Broker may not be available.
2026-04-04T14:35:28.109+05:30 DEBUG 4224 --- [CartOrderService] [DiscoveryClient-InstanceInfoReplicator-0] [                                                 ] o.s.web.client.RestTemplate              : Writing [InstanceInfo [instanceId = DESKTOP-ECRRR37.mshome.net:CartOrderService:8083, appName = CARTORDERSERVICE, hostName = 192.168.176.1, status = DOWN, ipAddr = 192.168.176.1, port = 8083, securePort = 443, dataCenterInfo = com.netflix.appinfo.MyDataCenterInfo@5c621870] as "application/json"
2026-04-04T14:35:28.225+05:30  INFO 4224 --- [CartOrderService] [kafka-producer-network-thread | producer-1] [                                                 ] org.apache.kafka.clients.NetworkClient   : [Producer clientId=producer-1] Node 1 disconnected.
2026-04-04T14:35:28.226+05:30  WARN 4224 --- [CartOrderService] [kafka-producer-network-thread | producer-1] [                                                 ] org.apache.kafka.clients.NetworkClient   : [Producer clientId=producer-1] Connection to node 1 (localhost/127.0.0.1:9092) could not be established. Broker may not be available.
2026-04-04T14:35:28.218+05:30  INFO 4224 --- [CartOrderService] [DiscoveryClient-InstanceInfoReplicator-0] [                                                 ] c.n.d.s.t.d.RedirectingEurekaHttpClient  : Request execution error. endpoint=DefaultEndpoint{ serviceUrl='http://localhost:8761/eureka/}, exception=I/O error on POST request for "http://localhost:8761/eureka/apps/CARTORDERSERVICE": Connect to http://localhost:8761 [localhost/127.0.0.1, localhost/0:0:0:0:0:0:0:1] failed: Connection refused: getsockopt stacktrace=org.springframework.web.client.ResourceAccessException: I/O error on POST request for "http://localhost:8761/eureka/apps/CARTORDERSERVICE": Connect to http://localhost:8761 [localhost/127.0.0.1, localhost/0:0:0:0:0:0:0:1] failed: Connection refused: getsockopt
	at org.springframework.web.client.RestTemplate.createResourceAccessException(RestTemplate.java:905)
	at org.springframework.web.client.RestTemplate.doExecute(RestTemplate.java:885)
	at org.springframework.web.client.RestTemplate.execute(RestTemplate.java:781)
	at org.springframework.web.client.RestTemplate.exchange(RestTemplate.java:663)
	at org.springframework.cloud.netflix.eureka.http.RestTemplateEurekaHttpClient.register(RestTemplateEurekaHttpClient.java:77)
	at com.netflix.discovery.shared.transport.decorator.EurekaHttpClientDecorator$1.execute(EurekaHttpClientDecorator.java:59)
	at com.netflix.discovery.shared.transport.decorator.RedirectingEurekaHttpClient.executeOnNewServer(RedirectingEurekaHttpClient.java:121)
	at com.netflix.discovery.shared.transport.decorator.RedirectingEurekaHttpClient.execute(RedirectingEurekaHttpClient.java:80)
	at com.netflix.discovery.shared.transport.decorator.EurekaHttpClientDecorator.register(EurekaHttpClientDecorator.java:56)
	at com.netflix.discovery.shared.transport.decorator.EurekaHttpClientDecorator$1.execute(EurekaHttpClientDecorator.java:59)
	at com.netflix.discovery.shared.transport.decorator.RetryableEurekaHttpClient.execute(RetryableEurekaHttpClient.java:120)
	at com.netflix.discovery.shared.transport.decorator.EurekaHttpClientDecorator.register(EurekaHttpClientDecorator.java:56)
	at com.netflix.discovery.shared.transport.decorator.EurekaHttpClientDecorator$1.execute(EurekaHttpClientDecorator.java:59)
	at com.netflix.discovery.shared.transport.decorator.SessionedEurekaHttpClient.execute(SessionedEurekaHttpClient.java:77)
	at com.netflix.discovery.shared.transport.decorator.EurekaHttpClientDecorator.register(EurekaHttpClientDecorator.java:56)
	at com.netflix.discovery.DiscoveryClient.register(DiscoveryClient.java:820)
	at com.netflix.discovery.InstanceInfoReplicator.run(InstanceInfoReplicator.java:121)
	at com.netflix.discovery.InstanceInfoReplicator$1.run(InstanceInfoReplicator.java:101)
	at java.base/java.util.concurrent.Executors$RunnableAdapter.call(Executors.java:572)
	at java.base/java.util.concurrent.FutureTask.run(FutureTask.java:317)
	at java.base/java.util.concurrent.ScheduledThreadPoolExecutor$ScheduledFutureTask.run(ScheduledThreadPoolExecutor.java:304)
	at java.base/java.util.concurrent.ThreadPoolExecutor.runWorker(ThreadPoolExecutor.java:1144)
	at java.base/java.util.concurrent.ThreadPoolExecutor$Worker.run(ThreadPoolExecutor.java:642)
	at java.base/java.lang.Thread.run(Thread.java:1583)
Caused by: org.apache.hc.client5.http.HttpHostConnectException: Connect to http://localhost:8761 [localhost/127.0.0.1, localhost/0:0:0:0:0:0:0:1] failed: Connection refused: getsockopt
	at java.base/sun.nio.ch.Net.pollConnect(Native Method)
	at java.base/sun.nio.ch.Net.pollConnectNow(Net.java:682)
	at java.base/sun.nio.ch.NioSocketImpl.timedFinishConnect(NioSocketImpl.java:542)
	at java.base/sun.nio.ch.NioSocketImpl.connect(NioSocketImpl.java:592)
	at java.base/java.net.SocksSocketImpl.connect(SocksSocketImpl.java:327)
	at java.base/java.net.Socket.connect(Socket.java:751)
	at org.apache.hc.client5.http.socket.PlainConnectionSocketFactory.lambda$connectSocket$0(PlainConnectionSocketFactory.java:91)
	at java.base/java.security.AccessController.doPrivileged(AccessController.java:571)
	at org.apache.hc.client5.http.socket.PlainConnectionSocketFactory.connectSocket(PlainConnectionSocketFactory.java:90)
	at org.apache.hc.client5.http.socket.ConnectionSocketFactory.connectSocket(ConnectionSocketFactory.java:123)
	at org.apache.hc.client5.http.impl.io.DefaultHttpClientConnectionOperator.connect(DefaultHttpClientConnectionOperator.java:184)
	at org.apache.hc.client5.http.impl.io.PoolingHttpClientConnectionManager.connect(PoolingHttpClientConnectionManager.java:447)
	at org.apache.hc.client5.http.impl.classic.InternalExecRuntime.connectEndpoint(InternalExecRuntime.java:162)
	at org.apache.hc.client5.http.impl.classic.InternalExecRuntime.connectEndpoint(InternalExecRuntime.java:172)
	at org.apache.hc.client5.http.impl.classic.ConnectExec.execute(ConnectExec.java:142)
	at org.apache.hc.client5.http.impl.classic.ExecChainElement.execute(ExecChainElement.java:51)
	at org.apache.hc.client5.http.impl.classic.ProtocolExec.execute(ProtocolExec.java:192)
	at org.apache.hc.client5.http.impl.classic.ExecChainElement.execute(ExecChainElement.java:51)
	at org.apache.hc.client5.http.impl.classic.HttpRequestRetryExec.execute(HttpRequestRetryExec.java:96)
	at org.apache.hc.client5.http.impl.classic.ExecChainElement.execute(ExecChainElement.java:51)
	at org.apache.hc.client5.http.impl.classic.ContentCompressionExec.execute(ContentCompressionExec.java:152)
	at org.apache.hc.client5.http.impl.classic.ExecChainElement.execute(ExecChainElement.java:51)
	at org.apache.hc.client5.http.impl.classic.RedirectExec.execute(RedirectExec.java:115)
	at org.apache.hc.client5.http.impl.classic.ExecChainElement.execute(ExecChainElement.java:51)
	at org.apache.hc.client5.http.impl.classic.InternalHttpClient.doExecute(InternalHttpClient.java:170)
	at org.apache.hc.client5.http.impl.classic.CloseableHttpClient.execute(CloseableHttpClient.java:87)
	at org.apache.hc.client5.http.impl.classic.CloseableHttpClient.execute(CloseableHttpClient.java:55)
	at org.apache.hc.client5.http.classic.HttpClient.executeOpen(HttpClient.java:183)
	at org.springframework.http.client.HttpComponentsClientHttpRequest.executeInternal(HttpComponentsClientHttpRequest.java:95)
	at org.springframework.http.client.AbstractStreamingClientHttpRequest.executeInternal(AbstractStreamingClientHttpRequest.java:70)
	at org.springframework.http.client.AbstractClientHttpRequest.execute(AbstractClientHttpRequest.java:66)
	at org.springframework.http.client.InterceptingClientHttpRequest$InterceptingRequestExecution.execute(InterceptingClientHttpRequest.java:101)
	at org.springframework.cloud.netflix.eureka.http.RestTemplateTransportClientFactory.lambda$restTemplate$0(RestTemplateTransportClientFactory.java:143)
	at org.springframework.http.client.InterceptingClientHttpRequest$InterceptingRequestExecution.execute(InterceptingClientHttpRequest.java:87)
	at org.springframework.http.client.InterceptingClientHttpRequest.executeInternal(InterceptingClientHttpRequest.java:71)
	at org.springframework.http.client.AbstractBufferingClientHttpRequest.executeInternal(AbstractBufferingClientHttpRequest.java:48)
	at org.springframework.http.client.AbstractClientHttpRequest.execute(AbstractClientHttpRequest.java:66)
	at org.springframework.web.client.RestTemplate.doExecute(RestTemplate.java:879)
	... 22 more

2026-04-04T14:35:28.229+05:30  WARN 4224 --- [CartOrderService] [DiscoveryClient-InstanceInfoReplicator-0] [                                                 ] c.n.d.s.t.d.RetryableEurekaHttpClient    : Request execution failed with message: I/O error on POST request for "http://localhost:8761/eureka/apps/CARTORDERSERVICE": Connect to http://localhost:8761 [localhost/127.0.0.1, localhost/0:0:0:0:0:0:0:1] failed: Connection refused: getsockopt
2026-04-04T14:35:28.230+05:30  WARN 4224 --- [CartOrderService] [DiscoveryClient-InstanceInfoReplicator-0] [                                                 ] com.netflix.discovery.DiscoveryClient    : DiscoveryClient_CARTORDERSERVICE/DESKTOP-ECRRR37.mshome.net:CartOrderService:8083 - registration failed Cannot execute request on any known server

com.netflix.discovery.shared.transport.TransportException: Cannot execute request on any known server
	at com.netflix.discovery.shared.transport.decorator.RetryableEurekaHttpClient.execute(RetryableEurekaHttpClient.java:112) ~[eureka-client-2.0.2.jar:2.0.2]
	at com.netflix.discovery.shared.transport.decorator.EurekaHttpClientDecorator.register(EurekaHttpClientDecorator.java:56) ~[eureka-client-2.0.2.jar:2.0.2]
	at com.netflix.discovery.shared.transport.decorator.EurekaHttpClientDecorator$1.execute(EurekaHttpClientDecorator.java:59) ~[eureka-client-2.0.2.jar:2.0.2]
	at com.netflix.discovery.shared.transport.decorator.SessionedEurekaHttpClient.execute(SessionedEurekaHttpClient.java:77) ~[eureka-client-2.0.2.jar:2.0.2]
	at com.netflix.discovery.shared.transport.decorator.EurekaHttpClientDecorator.register(EurekaHttpClientDecorator.java:56) ~[eureka-client-2.0.2.jar:2.0.2]
	at com.netflix.discovery.DiscoveryClient.register(DiscoveryClient.java:820) ~[eureka-client-2.0.2.jar:2.0.2]
	at com.netflix.discovery.InstanceInfoReplicator.run(InstanceInfoReplicator.java:121) ~[eureka-client-2.0.2.jar:2.0.2]
	at com.netflix.discovery.InstanceInfoReplicator$1.run(InstanceInfoReplicator.java:101) ~[eureka-client-2.0.2.jar:2.0.2]
	at java.base/java.util.concurrent.Executors$RunnableAdapter.call(Executors.java:572) ~[na:na]
	at java.base/java.util.concurrent.FutureTask.run(FutureTask.java:317) ~[na:na]
	at java.base/java.util.concurrent.ScheduledThreadPoolExecutor$ScheduledFutureTask.run(ScheduledThreadPoolExecutor.java:304) ~[na:na]
	at java.base/java.util.concurrent.ThreadPoolExecutor.runWorker(ThreadPoolExecutor.java:1144) ~[na:na]
	at java.base/java.util.concurrent.ThreadPoolExecutor$Worker.run(ThreadPoolExecutor.java:642) ~[na:na]
	at java.base/java.lang.Thread.run(Thread.java:1583) ~[na:na]

2026-04-04T14:35:28.237+05:30  WARN 4224 --- [CartOrderService] [DiscoveryClient-InstanceInfoReplicator-0] [                                                 ] c.n.discovery.InstanceInfoReplicator     : There was a problem with the instance info replicator

com.netflix.discovery.shared.transport.TransportException: Cannot execute request on any known server
	at com.netflix.discovery.shared.transport.decorator.RetryableEurekaHttpClient.execute(RetryableEurekaHttpClient.java:112) ~[eureka-client-2.0.2.jar:2.0.2]
	at com.netflix.discovery.shared.transport.decorator.EurekaHttpClientDecorator.register(EurekaHttpClientDecorator.java:56) ~[eureka-client-2.0.2.jar:2.0.2]
	at com.netflix.discovery.shared.transport.decorator.EurekaHttpClientDecorator$1.execute(EurekaHttpClientDecorator.java:59) ~[eureka-client-2.0.2.jar:2.0.2]
	at com.netflix.discovery.shared.transport.decorator.SessionedEurekaHttpClient.execute(SessionedEurekaHttpClient.java:77) ~[eureka-client-2.0.2.jar:2.0.2]
	at com.netflix.discovery.shared.transport.decorator.EurekaHttpClientDecorator.register(EurekaHttpClientDecorator.java:56) ~[eureka-client-2.0.2.jar:2.0.2]
	at com.netflix.discovery.DiscoveryClient.register(DiscoveryClient.java:820) ~[eureka-client-2.0.2.jar:2.0.2]
	at com.netflix.discovery.InstanceInfoReplicator.run(InstanceInfoReplicator.java:121) ~[eureka-client-2.0.2.jar:2.0.2]
	at com.netflix.discovery.InstanceInfoReplicator$1.run(InstanceInfoReplicator.java:101) ~[eureka-client-2.0.2.jar:2.0.2]
	at java.base/java.util.concurrent.Executors$RunnableAdapter.call(Executors.java:572) ~[na:na]
	at java.base/java.util.concurrent.FutureTask.run(FutureTask.java:317) ~[na:na]
	at java.base/java.util.concurrent.ScheduledThreadPoolExecutor$ScheduledFutureTask.run(ScheduledThreadPoolExecutor.java:304) ~[na:na]
	at java.base/java.util.concurrent.ThreadPoolExecutor.runWorker(ThreadPoolExecutor.java:1144) ~[na:na]
	at java.base/java.util.concurrent.ThreadPoolExecutor$Worker.run(ThreadPoolExecutor.java:642) ~[na:na]
	at java.base/java.lang.Thread.run(Thread.java:1583) ~[na:na]

2026-04-04T14:35:28.554+05:30  INFO 4224 --- [CartOrderService] [SpringApplicationShutdownHook] [                                                 ] o.s.i.endpoint.EventDrivenConsumer       : Removing {logging-channel-adapter:_org.springframework.integration.errorLogger} as a subscriber to the 'errorChannel' channel
2026-04-04T14:35:28.560+05:30  INFO 4224 --- [CartOrderService] [SpringApplicationShutdownHook] [                                                 ] o.s.i.channel.PublishSubscribeChannel    : Channel 'CartOrderService.errorChannel' has 0 subscriber(s).
2026-04-04T14:35:28.575+05:30  INFO 4224 --- [CartOrderService] [SpringApplicationShutdownHook] [                                                 ] o.s.i.endpoint.EventDrivenConsumer       : stopped bean '_org.springframework.integration.errorLogger'
2026-04-04T14:35:28.754+05:30  INFO 4224 --- [CartOrderService] [SpringApplicationShutdownHook] [                                                 ] o.a.k.clients.producer.KafkaProducer     : [Producer clientId=producer-1] Closing the Kafka producer with timeoutMillis = 30000 ms.
2026-04-04T14:35:28.785+05:30  INFO 4224 --- [CartOrderService] [SpringApplicationShutdownHook] [                                                 ] o.apache.kafka.common.metrics.Metrics    : Metrics scheduler closed
2026-04-04T14:35:28.786+05:30  INFO 4224 --- [CartOrderService] [SpringApplicationShutdownHook] [                                                 ] o.apache.kafka.common.metrics.Metrics    : Closing reporter org.apache.kafka.common.metrics.JmxReporter
2026-04-04T14:35:28.786+05:30  INFO 4224 --- [CartOrderService] [SpringApplicationShutdownHook] [                                                 ] o.apache.kafka.common.metrics.Metrics    : Metrics reporters closed
2026-04-04T14:35:28.790+05:30  INFO 4224 --- [CartOrderService] [SpringApplicationShutdownHook] [                                                 ] o.a.kafka.common.utils.AppInfoParser     : App info kafka.producer for producer-1 unregistered
2026-04-04T14:35:28.890+05:30  INFO 4224 --- [CartOrderService] [SpringApplicationShutdownHook] [                                                 ] j.LocalContainerEntityManagerFactoryBean : Closing JPA EntityManagerFactory for persistence unit 'default'
2026-04-04T14:35:29.091+05:30  INFO 4224 --- [CartOrderService] [SpringApplicationShutdownHook] [                                                 ] com.zaxxer.hikari.HikariDataSource       : HikariPool-1 - Shutdown initiated...
2026-04-04T14:35:29.181+05:30  INFO 4224 --- [CartOrderService] [SpringApplicationShutdownHook] [                                                 ] com.zaxxer.hikari.HikariDataSource       : HikariPool-1 - Shutdown completed.
2026-04-04T14:35:29.255+05:30 DEBUG 4224 --- [CartOrderService] [AsyncReporter{org.springframework.boot.actuate.autoconfigure.tracing.zipkin.ZipkinRestTemplateSender@397b33d3}] [                                                 ] o.s.web.client.RestTemplate              : HTTP POST http://localhost:9411/api/v2/spans
2026-04-04T14:35:29.256+05:30 DEBUG 4224 --- [CartOrderService] [AsyncReporter{org.springframework.boot.actuate.autoconfigure.tracing.zipkin.ZipkinRestTemplateSender@397b33d3}] [                                                 ] o.s.web.client.RestTemplate              : Accept=[application/json, application/*+json]
2026-04-04T14:35:29.256+05:30 DEBUG 4224 --- [CartOrderService] [AsyncReporter{org.springframework.boot.actuate.autoconfigure.tracing.zipkin.ZipkinRestTemplateSender@397b33d3}] [                                                 ] o.s.web.client.RestTemplate              : Writing [[B@2ff5d6f3] as "application/json"
2026-04-04T14:35:29.289+05:30  INFO 4224 --- [CartOrderService] [SpringApplicationShutdownHook] [                                                 ] com.netflix.discovery.DiscoveryClient    : Shutting down DiscoveryClient ...
2026-04-04T14:35:32.319+05:30  INFO 4224 --- [CartOrderService] [SpringApplicationShutdownHook] [                                                 ] com.netflix.discovery.DiscoveryClient    : Unregistering ...
2026-04-04T14:35:32.386+05:30 DEBUG 4224 --- [CartOrderService] [SpringApplicationShutdownHook] [                                                 ] o.s.web.client.RestTemplate              : HTTP DELETE http://localhost:8761/eureka/apps/CARTORDERSERVICE/DESKTOP-ECRRR37.mshome.net:CartOrderService:8083
2026-04-04T14:35:32.387+05:30 DEBUG 4224 --- [CartOrderService] [SpringApplicationShutdownHook] [                                                 ] o.s.web.client.RestTemplate              : Accept=[application/json, application/*+json]
2026-04-04T14:35:32.414+05:30  INFO 4224 --- [CartOrderService] [SpringApplicationShutdownHook] [                                                 ] c.n.d.s.t.d.RedirectingEurekaHttpClient  : Request execution error. endpoint=DefaultEndpoint{ serviceUrl='http://localhost:8761/eureka/}, exception=Connection pool shut down stacktrace=java.lang.IllegalStateException: Connection pool shut down
	at org.apache.hc.core5.util.Asserts.check(Asserts.java:38)
	at org.apache.hc.core5.pool.StrictConnPool.lease(StrictConnPool.java:176)
	at org.apache.hc.client5.http.impl.io.PoolingHttpClientConnectionManager.lease(PoolingHttpClientConnectionManager.java:298)
	at org.apache.hc.client5.http.impl.classic.InternalExecRuntime.acquireEndpoint(InternalExecRuntime.java:103)
	at org.apache.hc.client5.http.impl.classic.ConnectExec.execute(ConnectExec.java:125)
	at org.apache.hc.client5.http.impl.classic.ExecChainElement.execute(ExecChainElement.java:51)
	at org.apache.hc.client5.http.impl.classic.ProtocolExec.execute(ProtocolExec.java:192)
	at org.apache.hc.client5.http.impl.classic.ExecChainElement.execute(ExecChainElement.java:51)
	at org.apache.hc.client5.http.impl.classic.HttpRequestRetryExec.execute(HttpRequestRetryExec.java:96)
	at org.apache.hc.client5.http.impl.classic.ExecChainElement.execute(ExecChainElement.java:51)
	at org.apache.hc.client5.http.impl.classic.ContentCompressionExec.execute(ContentCompressionExec.java:152)
	at org.apache.hc.client5.http.impl.classic.ExecChainElement.execute(ExecChainElement.java:51)
	at org.apache.hc.client5.http.impl.classic.RedirectExec.execute(RedirectExec.java:115)
	at org.apache.hc.client5.http.impl.classic.ExecChainElement.execute(ExecChainElement.java:51)
	at org.apache.hc.client5.http.impl.classic.InternalHttpClient.doExecute(InternalHttpClient.java:170)
	at org.apache.hc.client5.http.impl.classic.CloseableHttpClient.execute(CloseableHttpClient.java:87)
	at org.apache.hc.client5.http.impl.classic.CloseableHttpClient.execute(CloseableHttpClient.java:55)
	at org.apache.hc.client5.http.classic.HttpClient.executeOpen(HttpClient.java:183)
	at org.springframework.http.client.HttpComponentsClientHttpRequest.executeInternal(HttpComponentsClientHttpRequest.java:95)
	at org.springframework.http.client.AbstractStreamingClientHttpRequest.executeInternal(AbstractStreamingClientHttpRequest.java:70)
	at org.springframework.http.client.AbstractClientHttpRequest.execute(AbstractClientHttpRequest.java:66)
	at org.springframework.http.client.InterceptingClientHttpRequest$InterceptingRequestExecution.execute(InterceptingClientHttpRequest.java:101)
	at org.springframework.cloud.netflix.eureka.http.RestTemplateTransportClientFactory.lambda$restTemplate$0(RestTemplateTransportClientFactory.java:143)
	at org.springframework.http.client.InterceptingClientHttpRequest$InterceptingRequestExecution.execute(InterceptingClientHttpRequest.java:87)
	at org.springframework.http.client.InterceptingClientHttpRequest.executeInternal(InterceptingClientHttpRequest.java:71)
	at org.springframework.http.client.AbstractBufferingClientHttpRequest.executeInternal(AbstractBufferingClientHttpRequest.java:48)
	at org.springframework.http.client.AbstractClientHttpRequest.execute(AbstractClientHttpRequest.java:66)
	at org.springframework.web.client.RestTemplate.doExecute(RestTemplate.java:879)
	at org.springframework.web.client.RestTemplate.execute(RestTemplate.java:781)
	at org.springframework.web.client.RestTemplate.exchange(RestTemplate.java:663)
	at org.springframework.cloud.netflix.eureka.http.RestTemplateEurekaHttpClient.cancel(RestTemplateEurekaHttpClient.java:87)
	at com.netflix.discovery.shared.transport.decorator.EurekaHttpClientDecorator$2.execute(EurekaHttpClientDecorator.java:74)
	at com.netflix.discovery.shared.transport.decorator.RedirectingEurekaHttpClient.executeOnNewServer(RedirectingEurekaHttpClient.java:121)
	at com.netflix.discovery.shared.transport.decorator.RedirectingEurekaHttpClient.execute(RedirectingEurekaHttpClient.java:80)
	at com.netflix.discovery.shared.transport.decorator.EurekaHttpClientDecorator.cancel(EurekaHttpClientDecorator.java:71)
	at com.netflix.discovery.shared.transport.decorator.EurekaHttpClientDecorator$2.execute(EurekaHttpClientDecorator.java:74)
	at com.netflix.discovery.shared.transport.decorator.RetryableEurekaHttpClient.execute(RetryableEurekaHttpClient.java:120)
	at com.netflix.discovery.shared.transport.decorator.EurekaHttpClientDecorator.cancel(EurekaHttpClientDecorator.java:71)
	at com.netflix.discovery.shared.transport.decorator.EurekaHttpClientDecorator$2.execute(EurekaHttpClientDecorator.java:74)
	at com.netflix.discovery.shared.transport.decorator.SessionedEurekaHttpClient.execute(SessionedEurekaHttpClient.java:77)
	at com.netflix.discovery.shared.transport.decorator.EurekaHttpClientDecorator.cancel(EurekaHttpClientDecorator.java:71)
	at com.netflix.discovery.DiscoveryClient.unregister(DiscoveryClient.java:916)
	at com.netflix.discovery.DiscoveryClient.shutdown(DiscoveryClient.java:892)
	at java.base/jdk.internal.reflect.DirectMethodHandleAccessor.invoke(DirectMethodHandleAccessor.java:103)
	at java.base/java.lang.reflect.Method.invoke(Method.java:580)
	at org.springframework.beans.factory.annotation.InitDestroyAnnotationBeanPostProcessor$LifecycleMethod.invoke(InitDestroyAnnotationBeanPostProcessor.java:457)
	at org.springframework.beans.factory.annotation.InitDestroyAnnotationBeanPostProcessor$LifecycleMetadata.invokeDestroyMethods(InitDestroyAnnotationBeanPostProcessor.java:415)
	at org.springframework.beans.factory.annotation.InitDestroyAnnotationBeanPostProcessor.postProcessBeforeDestruction(InitDestroyAnnotationBeanPostProcessor.java:239)
	at org.springframework.beans.factory.support.DisposableBeanAdapter.destroy(DisposableBeanAdapter.java:202)
	at org.springframework.beans.factory.support.DisposableBeanAdapter.run(DisposableBeanAdapter.java:195)
	at org.springframework.cloud.context.scope.GenericScope$BeanLifecycleWrapper.destroy(GenericScope.java:389)
	at org.springframework.cloud.context.scope.GenericScope.destroy(GenericScope.java:136)
	at org.springframework.beans.factory.support.DisposableBeanAdapter.destroy(DisposableBeanAdapter.java:211)
	at org.springframework.beans.factory.support.DefaultSingletonBeanRegistry.destroyBean(DefaultSingletonBeanRegistry.java:587)
	at org.springframework.beans.factory.support.DefaultSingletonBeanRegistry.destroySingleton(DefaultSingletonBeanRegistry.java:559)
	at org.springframework.beans.factory.support.DefaultListableBeanFactory.destroySingleton(DefaultListableBeanFactory.java:1202)
	at org.springframework.beans.factory.support.DefaultSingletonBeanRegistry.destroySingletons(DefaultSingletonBeanRegistry.java:520)
	at org.springframework.beans.factory.support.DefaultListableBeanFactory.destroySingletons(DefaultListableBeanFactory.java:1195)
	at org.springframework.context.support.AbstractApplicationContext.destroyBeans(AbstractApplicationContext.java:1183)
	at org.springframework.context.support.AbstractApplicationContext.doClose(AbstractApplicationContext.java:1144)
	at org.springframework.boot.web.servlet.context.ServletWebServerApplicationContext.doClose(ServletWebServerApplicationContext.java:174)
	at org.springframework.context.support.AbstractApplicationContext.close(AbstractApplicationContext.java:1090)
	at org.springframework.boot.SpringApplicationShutdownHook.closeAndWait(SpringApplicationShutdownHook.java:145)
	at java.base/java.lang.Iterable.forEach(Iterable.java:75)
	at org.springframework.boot.SpringApplicationShutdownHook.run(SpringApplicationShutdownHook.java:114)
	at java.base/java.lang.Thread.run(Thread.java:1583)

2026-04-04T14:35:32.414+05:30  WARN 4224 --- [CartOrderService] [SpringApplicationShutdownHook] [                                                 ] c.n.d.s.t.d.RetryableEurekaHttpClient    : Request execution failed with message: Connection pool shut down
2026-04-04T14:35:32.415+05:30 ERROR 4224 --- [CartOrderService] [SpringApplicationShutdownHook] [                                                 ] com.netflix.discovery.DiscoveryClient    : DiscoveryClient_CARTORDERSERVICE/DESKTOP-ECRRR37.mshome.net:CartOrderService:8083 - de-registration failedCannot execute request on any known server

com.netflix.discovery.shared.transport.TransportException: Cannot execute request on any known server
	at com.netflix.discovery.shared.transport.decorator.RetryableEurekaHttpClient.execute(RetryableEurekaHttpClient.java:112) ~[eureka-client-2.0.2.jar:2.0.2]
	at com.netflix.discovery.shared.transport.decorator.EurekaHttpClientDecorator.cancel(EurekaHttpClientDecorator.java:71) ~[eureka-client-2.0.2.jar:2.0.2]
	at com.netflix.discovery.shared.transport.decorator.EurekaHttpClientDecorator$2.execute(EurekaHttpClientDecorator.java:74) ~[eureka-client-2.0.2.jar:2.0.2]
	at com.netflix.discovery.shared.transport.decorator.SessionedEurekaHttpClient.execute(SessionedEurekaHttpClient.java:77) ~[eureka-client-2.0.2.jar:2.0.2]
	at com.netflix.discovery.shared.transport.decorator.EurekaHttpClientDecorator.cancel(EurekaHttpClientDecorator.java:71) ~[eureka-client-2.0.2.jar:2.0.2]
	at com.netflix.discovery.DiscoveryClient.unregister(DiscoveryClient.java:916) ~[eureka-client-2.0.2.jar:2.0.2]
	at com.netflix.discovery.DiscoveryClient.shutdown(DiscoveryClient.java:892) ~[eureka-client-2.0.2.jar:2.0.2]
	at java.base/jdk.internal.reflect.DirectMethodHandleAccessor.invoke(DirectMethodHandleAccessor.java:103) ~[na:na]
	at java.base/java.lang.reflect.Method.invoke(Method.java:580) ~[na:na]
	at org.springframework.beans.factory.annotation.InitDestroyAnnotationBeanPostProcessor$LifecycleMethod.invoke(InitDestroyAnnotationBeanPostProcessor.java:457) ~[spring-beans-6.1.3.jar:6.1.3]
	at org.springframework.beans.factory.annotation.InitDestroyAnnotationBeanPostProcessor$LifecycleMetadata.invokeDestroyMethods(InitDestroyAnnotationBeanPostProcessor.java:415) ~[spring-beans-6.1.3.jar:6.1.3]
	at org.springframework.beans.factory.annotation.InitDestroyAnnotationBeanPostProcessor.postProcessBeforeDestruction(InitDestroyAnnotationBeanPostProcessor.java:239) ~[spring-beans-6.1.3.jar:6.1.3]
	at org.springframework.beans.factory.support.DisposableBeanAdapter.destroy(DisposableBeanAdapter.java:202) ~[spring-beans-6.1.3.jar:6.1.3]
	at org.springframework.beans.factory.support.DisposableBeanAdapter.run(DisposableBeanAdapter.java:195) ~[spring-beans-6.1.3.jar:6.1.3]
	at org.springframework.cloud.context.scope.GenericScope$BeanLifecycleWrapper.destroy(GenericScope.java:389) ~[spring-cloud-context-4.1.2.jar:4.1.2]
	at org.springframework.cloud.context.scope.GenericScope.destroy(GenericScope.java:136) ~[spring-cloud-context-4.1.2.jar:4.1.2]
	at org.springframework.beans.factory.support.DisposableBeanAdapter.destroy(DisposableBeanAdapter.java:211) ~[spring-beans-6.1.3.jar:6.1.3]
	at org.springframework.beans.factory.support.DefaultSingletonBeanRegistry.destroyBean(DefaultSingletonBeanRegistry.java:587) ~[spring-beans-6.1.3.jar:6.1.3]
	at org.springframework.beans.factory.support.DefaultSingletonBeanRegistry.destroySingleton(DefaultSingletonBeanRegistry.java:559) ~[spring-beans-6.1.3.jar:6.1.3]
	at org.springframework.beans.factory.support.DefaultListableBeanFactory.destroySingleton(DefaultListableBeanFactory.java:1202) ~[spring-beans-6.1.3.jar:6.1.3]
	at org.springframework.beans.factory.support.DefaultSingletonBeanRegistry.destroySingletons(DefaultSingletonBeanRegistry.java:520) ~[spring-beans-6.1.3.jar:6.1.3]
	at org.springframework.beans.factory.support.DefaultListableBeanFactory.destroySingletons(DefaultListableBeanFactory.java:1195) ~[spring-beans-6.1.3.jar:6.1.3]
	at org.springframework.context.support.AbstractApplicationContext.destroyBeans(AbstractApplicationContext.java:1183) ~[spring-context-6.1.3.jar:6.1.3]
	at org.springframework.context.support.AbstractApplicationContext.doClose(AbstractApplicationContext.java:1144) ~[spring-context-6.1.3.jar:6.1.3]
	at org.springframework.boot.web.servlet.context.ServletWebServerApplicationContext.doClose(ServletWebServerApplicationContext.java:174) ~[spring-boot-3.2.2.jar:3.2.2]
	at org.springframework.context.support.AbstractApplicationContext.close(AbstractApplicationContext.java:1090) ~[spring-context-6.1.3.jar:6.1.3]
	at org.springframework.boot.SpringApplicationShutdownHook.closeAndWait(SpringApplicationShutdownHook.java:145) ~[spring-boot-3.2.2.jar:3.2.2]
	at java.base/java.lang.Iterable.forEach(Iterable.java:75) ~[na:na]
	at org.springframework.boot.SpringApplicationShutdownHook.run(SpringApplicationShutdownHook.java:114) ~[spring-boot-3.2.2.jar:3.2.2]
	at java.base/java.lang.Thread.run(Thread.java:1583) ~[na:na]

2026-04-04T14:35:32.541+05:30  INFO 4224 --- [CartOrderService] [SpringApplicationShutdownHook] [                                                 ] com.netflix.discovery.DiscoveryClient    : Completed shut down of DiscoveryClient
