2026-03-02T20:31:02.428+05:30  INFO 4028 --- [productService] [main] [                                                 ] c.e.p.ProductServiceApplication          : Starting ProductServiceApplication using Java 21.0.2 with PID 4028 (D:\SpringBoot_Microservices\E_Commerece_Project_Backend\Microservices\Microservices_Project\ProductService\Product_Service\target\classes started by CH HEMANTH KUMAR in D:\SpringBoot_Microservices\E_Commerece_Project_Backend\Microservices\Microservices_Project)
2026-03-02T20:31:02.479+05:30  INFO 4028 --- [productService] [main] [                                                 ] c.e.p.ProductServiceApplication          : No active profile set, falling back to 1 default profile: "default"
2026-03-02T20:31:02.649+05:30  INFO 4028 --- [productService] [main] [                                                 ] o.s.c.c.c.ConfigServerConfigDataLoader   : Fetching config from server at : http://localhost:8888
2026-03-02T20:31:02.651+05:30  INFO 4028 --- [productService] [main] [                                                 ] o.s.c.c.c.ConfigServerConfigDataLoader   : Located environment: name=productService, profiles=[default], label=null, version=dd917610efe0706bc3bd8e7eadd118a818be148e, state=
2026-03-02T20:31:05.028+05:30  INFO 4028 --- [productService] [main] [                                                 ] .s.d.r.c.RepositoryConfigurationDelegate : Bootstrapping Spring Data JPA repositories in DEFAULT mode.
2026-03-02T20:31:05.443+05:30  INFO 4028 --- [productService] [main] [                                                 ] .s.d.r.c.RepositoryConfigurationDelegate : Finished Spring Data repository scanning in 392 ms. Found 2 JPA repository interfaces.
2026-03-02T20:31:05.997+05:30  INFO 4028 --- [productService] [main] [                                                 ] o.s.cloud.context.scope.GenericScope     : BeanFactory id=79b9fa0e-96e7-32ce-8138-92c03888c707
2026-03-02T20:31:06.385+05:30  WARN 4028 --- [productService] [main] [                                                 ] trationDelegate$BeanPostProcessorChecker : Bean 'org.springframework.cloud.client.loadbalancer.LoadBalancerAutoConfiguration$DeferringLoadBalancerInterceptorConfig' of type [org.springframework.cloud.client.loadbalancer.LoadBalancerAutoConfiguration$DeferringLoadBalancerInterceptorConfig] is not eligible for getting processed by all BeanPostProcessors (for example: not eligible for auto-proxying). The currently created BeanPostProcessor [lbRestClientPostProcessor] is declared through a non-static factory method on that class; consider declaring it as static instead.
2026-03-02T20:31:06.391+05:30  WARN 4028 --- [productService] [main] [                                                 ] trationDelegate$BeanPostProcessorChecker : Bean 'deferringLoadBalancerInterceptor' of type [org.springframework.cloud.client.loadbalancer.DeferringLoadBalancerInterceptor] is not eligible for getting processed by all BeanPostProcessors (for example: not eligible for auto-proxying). Is this bean getting eagerly injected into a currently created BeanPostProcessor [lbRestClientPostProcessor]? Check the corresponding BeanPostProcessor declaration and its dependencies.
2026-03-02T20:31:06.898+05:30  INFO 4028 --- [productService] [main] [                                                 ] o.s.b.w.embedded.tomcat.TomcatWebServer  : Tomcat initialized with port 8082 (http)
2026-03-02T20:31:06.914+05:30  INFO 4028 --- [productService] [main] [                                                 ] o.apache.catalina.core.StandardService   : Starting service [Tomcat]
2026-03-02T20:31:06.915+05:30  INFO 4028 --- [productService] [main] [                                                 ] o.apache.catalina.core.StandardEngine    : Starting Servlet engine: [Apache Tomcat/10.1.18]
2026-03-02T20:31:07.173+05:30  INFO 4028 --- [productService] [main] [                                                 ] o.a.c.c.C.[Tomcat].[localhost].[/]       : Initializing Spring embedded WebApplicationContext
2026-03-02T20:31:07.174+05:30  INFO 4028 --- [productService] [main] [                                                 ] w.s.c.ServletWebServerApplicationContext : Root WebApplicationContext: initialization completed in 4515 ms
2026-03-02T20:31:10.456+05:30  INFO 4028 --- [productService] [main] [                                                 ] o.hibernate.jpa.internal.util.LogHelper  : HHH000204: Processing PersistenceUnitInfo [name: default]
2026-03-02T20:31:11.170+05:30  INFO 4028 --- [productService] [main] [                                                 ] org.hibernate.Version                    : HHH000412: Hibernate ORM core version 6.4.1.Final
2026-03-02T20:31:11.422+05:30  INFO 4028 --- [productService] [main] [                                                 ] o.h.c.internal.RegionFactoryInitiator    : HHH000026: Second-level cache disabled
2026-03-02T20:31:13.439+05:30  INFO 4028 --- [productService] [main] [                                                 ] o.s.o.j.p.SpringPersistenceUnitInfo      : No LoadTimeWeaver setup: ignoring JPA class transformer
2026-03-02T20:31:13.782+05:30  INFO 4028 --- [productService] [main] [                                                 ] com.zaxxer.hikari.HikariDataSource       : HikariPool-1 - Starting...
2026-03-02T20:31:23.821+05:30  INFO 4028 --- [productService] [main] [                                                 ] com.zaxxer.hikari.pool.HikariPool        : HikariPool-1 - Added connection org.postgresql.jdbc.PgConnection@1239c268
2026-03-02T20:31:23.825+05:30  INFO 4028 --- [productService] [main] [                                                 ] com.zaxxer.hikari.HikariDataSource       : HikariPool-1 - Start completed.
2026-03-02T20:31:24.104+05:30  WARN 4028 --- [productService] [main] [                                                 ] org.hibernate.orm.deprecation            : HHH90000025: PostgreSQLDialect does not need to be specified explicitly using 'hibernate.dialect' (remove the property setting and it will be selected by default)
2026-03-02T20:31:27.059+05:30  INFO 4028 --- [productService] [main] [                                                 ] o.h.e.t.j.p.i.JtaPlatformInitiator       : HHH000489: No JTA platform available (set 'hibernate.transaction.jta.platform' to enable JTA platform integration)
2026-03-02T20:31:27.593+05:30  INFO 4028 --- [productService] [main] [                                                 ] j.LocalContainerEntityManagerFactoryBean : Initialized JPA EntityManagerFactory for persistence unit 'default'
2026-03-02T20:31:28.356+05:30  INFO 4028 --- [productService] [main] [                                                 ] o.s.d.j.r.query.QueryEnhancerFactory     : Hibernate is in classpath; If applicable, HQL parser will be used.
2026-03-02T20:31:30.074+05:30  WARN 4028 --- [productService] [main] [                                                 ] JpaBaseConfiguration$JpaWebConfiguration : spring.jpa.open-in-view is enabled by default. Therefore, database queries may be performed during view rendering. Explicitly configure spring.jpa.open-in-view to disable this warning
2026-03-02T20:31:32.933+05:30  INFO 4028 --- [productService] [main] [                                                 ] DiscoveryClientOptionalArgsConfiguration : Eureka HTTP Client uses RestTemplate.
2026-03-02T20:31:33.227+05:30  WARN 4028 --- [productService] [main] [                                                 ] iguration$LoadBalancerCaffeineWarnLogger : Spring Cloud LoadBalancer is currently working with the default cache. While this cache implementation is useful for development and tests, it's recommended to use Caffeine cache in production.You can switch to using Caffeine cache, by adding it and org.springframework.cache.caffeine.CaffeineCacheManager to the classpath.
2026-03-02T20:31:33.246+05:30  INFO 4028 --- [productService] [main] [                                                 ] o.s.b.a.e.web.EndpointLinksResolver      : Exposing 17 endpoint(s) beneath base path '/actuator'
2026-03-02T20:31:34.086+05:30  INFO 4028 --- [productService] [main] [                                                 ] o.s.c.n.eureka.InstanceInfoFactory       : Setting initial instance status as: STARTING
2026-03-02T20:31:34.289+05:30  INFO 4028 --- [productService] [main] [                                                 ] com.netflix.discovery.DiscoveryClient    : Initializing Eureka in region us-east-1
2026-03-02T20:31:34.438+05:30  INFO 4028 --- [productService] [main] [                                                 ] c.n.d.s.r.aws.ConfigClusterResolver      : Resolving eureka endpoints via configuration
2026-03-02T20:31:34.638+05:30  INFO 4028 --- [productService] [main] [                                                 ] com.netflix.discovery.DiscoveryClient    : Disable delta property : false
2026-03-02T20:31:34.638+05:30  INFO 4028 --- [productService] [main] [                                                 ] com.netflix.discovery.DiscoveryClient    : Single vip registry refresh property : null
2026-03-02T20:31:34.638+05:30  INFO 4028 --- [productService] [main] [                                                 ] com.netflix.discovery.DiscoveryClient    : Force full registry fetch : false
2026-03-02T20:31:34.638+05:30  INFO 4028 --- [productService] [main] [                                                 ] com.netflix.discovery.DiscoveryClient    : Application is null : false
2026-03-02T20:31:34.639+05:30  INFO 4028 --- [productService] [main] [                                                 ] com.netflix.discovery.DiscoveryClient    : Registered Applications size is zero : true
2026-03-02T20:31:34.640+05:30  INFO 4028 --- [productService] [main] [                                                 ] com.netflix.discovery.DiscoveryClient    : Application version is -1: true
2026-03-02T20:31:34.640+05:30  INFO 4028 --- [productService] [main] [                                                 ] com.netflix.discovery.DiscoveryClient    : Getting all instance registry info from the eureka server
2026-03-02T20:31:34.725+05:30 DEBUG 4028 --- [productService] [main] [                                                 ] o.s.web.client.RestTemplate              : HTTP GET http://localhost:8761/eureka/apps/
2026-03-02T20:31:34.889+05:30 DEBUG 4028 --- [productService] [main] [                                                 ] o.s.web.client.RestTemplate              : Accept=[application/json, application/*+json]
2026-03-02T20:31:35.074+05:30 DEBUG 4028 --- [productService] [main] [                                                 ] o.s.web.client.RestTemplate              : Response 200 OK
2026-03-02T20:31:35.077+05:30 DEBUG 4028 --- [productService] [main] [                                                 ] o.s.web.client.RestTemplate              : Reading to [org.springframework.cloud.netflix.eureka.http.EurekaApplications]
2026-03-02T20:31:35.133+05:30  INFO 4028 --- [productService] [main] [                                                 ] com.netflix.discovery.DiscoveryClient    : The response status is 200
2026-03-02T20:31:35.155+05:30  INFO 4028 --- [productService] [main] [                                                 ] com.netflix.discovery.DiscoveryClient    : Starting heartbeat executor: renew interval is: 30
2026-03-02T20:31:35.160+05:30  INFO 4028 --- [productService] [main] [                                                 ] c.n.discovery.InstanceInfoReplicator     : InstanceInfoReplicator onDemand update allowed rate per min is 4
2026-03-02T20:31:35.172+05:30  INFO 4028 --- [productService] [main] [                                                 ] com.netflix.discovery.DiscoveryClient    : Discovery Client initialized at timestamp 1772463695171 with initial instances count: 2
2026-03-02T20:31:35.184+05:30  INFO 4028 --- [productService] [main] [                                                 ] o.s.c.n.e.s.EurekaServiceRegistry        : Registering application PRODUCTSERVICE with eureka with status UP
2026-03-02T20:31:35.185+05:30  INFO 4028 --- [productService] [main] [                                                 ] com.netflix.discovery.DiscoveryClient    : Saw local status change event StatusChangeEvent [timestamp=1772463695185, current=UP, previous=STARTING]
2026-03-02T20:31:35.194+05:30  INFO 4028 --- [productService] [DiscoveryClient-InstanceInfoReplicator-0] [                                                 ] com.netflix.discovery.DiscoveryClient    : DiscoveryClient_PRODUCTSERVICE/DESKTOP-ECRRR37.mshome.net:productService:8082: registering service...
2026-03-02T20:31:35.202+05:30 DEBUG 4028 --- [productService] [DiscoveryClient-InstanceInfoReplicator-0] [                                                 ] o.s.web.client.RestTemplate              : HTTP POST http://localhost:8761/eureka/apps/PRODUCTSERVICE
2026-03-02T20:31:35.206+05:30 DEBUG 4028 --- [productService] [DiscoveryClient-InstanceInfoReplicator-0] [                                                 ] o.s.web.client.RestTemplate              : Accept=[application/json, application/*+json]
2026-03-02T20:31:35.254+05:30 DEBUG 4028 --- [productService] [DiscoveryClient-InstanceInfoReplicator-0] [                                                 ] o.s.web.client.RestTemplate              : Writing [InstanceInfo [instanceId = DESKTOP-ECRRR37.mshome.net:productService:8082, appName = PRODUCTSERVICE, hostName = 192.168.176.1, status = UP, ipAddr = 192.168.176.1, port = 8082, securePort = 443, dataCenterInfo = com.netflix.appinfo.MyDataCenterInfo@2dd631c5] as "application/json"
2026-03-02T20:31:35.315+05:30 DEBUG 4028 --- [productService] [DiscoveryClient-InstanceInfoReplicator-0] [                                                 ] o.s.web.client.RestTemplate              : Response 204 NO_CONTENT
2026-03-02T20:31:35.316+05:30  INFO 4028 --- [productService] [DiscoveryClient-InstanceInfoReplicator-0] [                                                 ] com.netflix.discovery.DiscoveryClient    : DiscoveryClient_PRODUCTSERVICE/DESKTOP-ECRRR37.mshome.net:productService:8082 - registration status: 204
2026-03-02T20:31:35.351+05:30  INFO 4028 --- [productService] [main] [                                                 ] o.s.b.w.embedded.tomcat.TomcatWebServer  : Tomcat started on port 8082 (http) with context path ''
2026-03-02T20:31:35.353+05:30  INFO 4028 --- [productService] [main] [                                                 ] .s.c.n.e.s.EurekaAutoServiceRegistration : Updating port to 8082
2026-03-02T20:31:35.500+05:30  INFO 4028 --- [productService] [main] [                                                 ] c.e.p.ProductServiceApplication          : Started ProductServiceApplication in 35.712 seconds (process running for 38.13)
2026-03-02T20:31:36.300+05:30  INFO 4028 --- [productService] [RMI TCP Connection(5)-192.168.1.103] [                                                 ] o.a.c.c.C.[Tomcat].[localhost].[/]       : Initializing Spring DispatcherServlet 'dispatcherServlet'
2026-03-02T20:31:36.301+05:30  INFO 4028 --- [productService] [RMI TCP Connection(5)-192.168.1.103] [                                                 ] o.s.web.servlet.DispatcherServlet        : Initializing Servlet 'dispatcherServlet'
2026-03-02T20:31:36.312+05:30  INFO 4028 --- [productService] [RMI TCP Connection(5)-192.168.1.103] [                                                 ] o.s.web.servlet.DispatcherServlet        : Completed initialization in 11 ms
2026-03-02T20:32:05.174+05:30 DEBUG 4028 --- [productService] [DiscoveryClient-CacheRefreshExecutor-0] [                                                 ] o.s.web.client.RestTemplate              : HTTP GET http://localhost:8761/eureka/apps/delta
2026-03-02T20:32:05.177+05:30 DEBUG 4028 --- [productService] [DiscoveryClient-HeartbeatExecutor-0] [                                                 ] o.s.web.client.RestTemplate              : HTTP PUT http://localhost:8761/eureka/apps/PRODUCTSERVICE/DESKTOP-ECRRR37.mshome.net:productService:8082?status=UP&lastDirtyTimestamp=1772463695185
2026-03-02T20:32:05.178+05:30 DEBUG 4028 --- [productService] [DiscoveryClient-CacheRefreshExecutor-0] [                                                 ] o.s.web.client.RestTemplate              : Accept=[application/json, application/*+json]
2026-03-02T20:32:05.198+05:30 DEBUG 4028 --- [productService] [DiscoveryClient-HeartbeatExecutor-0] [                                                 ] o.s.web.client.RestTemplate              : Accept=[application/json, application/*+json]
2026-03-02T20:32:06.041+05:30 DEBUG 4028 --- [productService] [DiscoveryClient-CacheRefreshExecutor-0] [                                                 ] o.s.web.client.RestTemplate              : Response 200 OK
2026-03-02T20:32:06.042+05:30 DEBUG 4028 --- [productService] [DiscoveryClient-CacheRefreshExecutor-0] [                                                 ] o.s.web.client.RestTemplate              : Reading to [org.springframework.cloud.netflix.eureka.http.EurekaApplications]
2026-03-02T20:32:11.604+05:30 DEBUG 4028 --- [productService] [DiscoveryClient-HeartbeatExecutor-0] [                                                 ] o.s.web.client.RestTemplate              : Response 200 OK
2026-03-02T20:32:36.060+05:30 DEBUG 4028 --- [productService] [DiscoveryClient-CacheRefreshExecutor-0] [                                                 ] o.s.web.client.RestTemplate              : HTTP GET http://localhost:8761/eureka/apps/delta
2026-03-02T20:32:36.060+05:30 DEBUG 4028 --- [productService] [DiscoveryClient-CacheRefreshExecutor-0] [                                                 ] o.s.web.client.RestTemplate              : Accept=[application/json, application/*+json]
2026-03-02T20:32:36.080+05:30 DEBUG 4028 --- [productService] [DiscoveryClient-CacheRefreshExecutor-0] [                                                 ] o.s.web.client.RestTemplate              : Response 200 OK
2026-03-02T20:32:36.081+05:30 DEBUG 4028 --- [productService] [DiscoveryClient-CacheRefreshExecutor-0] [                                                 ] o.s.web.client.RestTemplate              : Reading to [org.springframework.cloud.netflix.eureka.http.EurekaApplications]
2026-03-02T20:32:41.621+05:30 DEBUG 4028 --- [productService] [DiscoveryClient-HeartbeatExecutor-0] [                                                 ] o.s.web.client.RestTemplate              : HTTP PUT http://localhost:8761/eureka/apps/PRODUCTSERVICE/DESKTOP-ECRRR37.mshome.net:productService:8082?status=UP&lastDirtyTimestamp=1772463695185
2026-03-02T20:32:41.748+05:30 DEBUG 4028 --- [productService] [DiscoveryClient-HeartbeatExecutor-0] [                                                 ] o.s.web.client.RestTemplate              : Accept=[application/json, application/*+json]
2026-03-02T20:32:41.766+05:30 DEBUG 4028 --- [productService] [DiscoveryClient-HeartbeatExecutor-0] [                                                 ] o.s.web.client.RestTemplate              : Response 200 OK
2026-03-02T20:33:06.103+05:30 DEBUG 4028 --- [productService] [DiscoveryClient-CacheRefreshExecutor-0] [                                                 ] o.s.web.client.RestTemplate              : HTTP GET http://localhost:8761/eureka/apps/delta
2026-03-02T20:33:06.106+05:30 DEBUG 4028 --- [productService] [DiscoveryClient-CacheRefreshExecutor-0] [                                                 ] o.s.web.client.RestTemplate              : Accept=[application/json, application/*+json]
2026-03-02T20:33:06.126+05:30 DEBUG 4028 --- [productService] [DiscoveryClient-CacheRefreshExecutor-0] [                                                 ] o.s.web.client.RestTemplate              : Response 200 OK
2026-03-02T20:33:06.128+05:30 DEBUG 4028 --- [productService] [DiscoveryClient-CacheRefreshExecutor-0] [                                                 ] o.s.web.client.RestTemplate              : Reading to [org.springframework.cloud.netflix.eureka.http.EurekaApplications]
2026-03-02T20:33:11.787+05:30 DEBUG 4028 --- [productService] [DiscoveryClient-HeartbeatExecutor-0] [                                                 ] o.s.web.client.RestTemplate              : HTTP PUT http://localhost:8761/eureka/apps/PRODUCTSERVICE/DESKTOP-ECRRR37.mshome.net:productService:8082?status=UP&lastDirtyTimestamp=1772463695185
2026-03-02T20:33:11.788+05:30 DEBUG 4028 --- [productService] [DiscoveryClient-HeartbeatExecutor-0] [                                                 ] o.s.web.client.RestTemplate              : Accept=[application/json, application/*+json]
2026-03-02T20:33:11.933+05:30 DEBUG 4028 --- [productService] [DiscoveryClient-HeartbeatExecutor-0] [                                                 ] o.s.web.client.RestTemplate              : Response 200 OK
2026-03-02T20:33:36.139+05:30 DEBUG 4028 --- [productService] [DiscoveryClient-CacheRefreshExecutor-0] [                                                 ] o.s.web.client.RestTemplate              : HTTP GET http://localhost:8761/eureka/apps/delta
2026-03-02T20:33:36.142+05:30 DEBUG 4028 --- [productService] [DiscoveryClient-CacheRefreshExecutor-0] [                                                 ] o.s.web.client.RestTemplate              : Accept=[application/json, application/*+json]
2026-03-02T20:33:36.164+05:30 DEBUG 4028 --- [productService] [DiscoveryClient-CacheRefreshExecutor-0] [                                                 ] o.s.web.client.RestTemplate              : Response 200 OK
2026-03-02T20:33:36.166+05:30 DEBUG 4028 --- [productService] [DiscoveryClient-CacheRefreshExecutor-0] [                                                 ] o.s.web.client.RestTemplate              : Reading to [org.springframework.cloud.netflix.eureka.http.EurekaApplications]
2026-03-02T20:33:41.948+05:30 DEBUG 4028 --- [productService] [DiscoveryClient-HeartbeatExecutor-0] [                                                 ] o.s.web.client.RestTemplate              : HTTP PUT http://localhost:8761/eureka/apps/PRODUCTSERVICE/DESKTOP-ECRRR37.mshome.net:productService:8082?status=UP&lastDirtyTimestamp=1772463695185
2026-03-02T20:33:41.964+05:30 DEBUG 4028 --- [productService] [DiscoveryClient-HeartbeatExecutor-0] [                                                 ] o.s.web.client.RestTemplate              : Accept=[application/json, application/*+json]
2026-03-02T20:33:41.992+05:30 DEBUG 4028 --- [productService] [DiscoveryClient-HeartbeatExecutor-0] [                                                 ] o.s.web.client.RestTemplate              : Response 200 OK
2026-03-02T20:34:06.186+05:30 DEBUG 4028 --- [productService] [DiscoveryClient-CacheRefreshExecutor-0] [                                                 ] o.s.web.client.RestTemplate              : HTTP GET http://localhost:8761/eureka/apps/delta
2026-03-02T20:34:06.196+05:30 DEBUG 4028 --- [productService] [DiscoveryClient-CacheRefreshExecutor-0] [                                                 ] o.s.web.client.RestTemplate              : Accept=[application/json, application/*+json]
2026-03-02T20:34:06.216+05:30 DEBUG 4028 --- [productService] [DiscoveryClient-CacheRefreshExecutor-0] [                                                 ] o.s.web.client.RestTemplate              : Response 200 OK
2026-03-02T20:34:06.218+05:30 DEBUG 4028 --- [productService] [DiscoveryClient-CacheRefreshExecutor-0] [                                                 ] o.s.web.client.RestTemplate              : Reading to [org.springframework.cloud.netflix.eureka.http.EurekaApplications]
2026-03-02T20:34:12.070+05:30 DEBUG 4028 --- [productService] [DiscoveryClient-HeartbeatExecutor-0] [                                                 ] o.s.web.client.RestTemplate              : HTTP PUT http://localhost:8761/eureka/apps/PRODUCTSERVICE/DESKTOP-ECRRR37.mshome.net:productService:8082?status=UP&lastDirtyTimestamp=1772463695185
2026-03-02T20:34:12.073+05:30 DEBUG 4028 --- [productService] [DiscoveryClient-HeartbeatExecutor-0] [                                                 ] o.s.web.client.RestTemplate              : Accept=[application/json, application/*+json]
2026-03-02T20:34:12.136+05:30 DEBUG 4028 --- [productService] [DiscoveryClient-HeartbeatExecutor-0] [                                                 ] o.s.web.client.RestTemplate              : Response 200 OK
2026-03-02T20:34:36.239+05:30 DEBUG 4028 --- [productService] [DiscoveryClient-CacheRefreshExecutor-0] [                                                 ] o.s.web.client.RestTemplate              : HTTP GET http://localhost:8761/eureka/apps/delta
2026-03-02T20:34:36.243+05:30 DEBUG 4028 --- [productService] [DiscoveryClient-CacheRefreshExecutor-0] [                                                 ] o.s.web.client.RestTemplate              : Accept=[application/json, application/*+json]
2026-03-02T20:34:36.532+05:30 DEBUG 4028 --- [productService] [DiscoveryClient-CacheRefreshExecutor-0] [                                                 ] o.s.web.client.RestTemplate              : Response 200 OK
2026-03-02T20:34:36.536+05:30 DEBUG 4028 --- [productService] [DiscoveryClient-CacheRefreshExecutor-0] [                                                 ] o.s.web.client.RestTemplate              : Reading to [org.springframework.cloud.netflix.eureka.http.EurekaApplications]
2026-03-02T20:34:42.343+05:30 DEBUG 4028 --- [productService] [DiscoveryClient-HeartbeatExecutor-0] [                                                 ] o.s.web.client.RestTemplate              : HTTP PUT http://localhost:8761/eureka/apps/PRODUCTSERVICE/DESKTOP-ECRRR37.mshome.net:productService:8082?status=UP&lastDirtyTimestamp=1772463695185
2026-03-02T20:34:42.476+05:30 DEBUG 4028 --- [productService] [DiscoveryClient-HeartbeatExecutor-0] [                                                 ] o.s.web.client.RestTemplate              : Accept=[application/json, application/*+json]
2026-03-02T20:34:43.733+05:30 DEBUG 4028 --- [productService] [DiscoveryClient-HeartbeatExecutor-0] [                                                 ] o.s.web.client.RestTemplate              : Response 200 OK
2026-03-02T20:35:06.598+05:30 DEBUG 4028 --- [productService] [DiscoveryClient-CacheRefreshExecutor-0] [                                                 ] o.s.web.client.RestTemplate              : HTTP GET http://localhost:8761/eureka/apps/delta
2026-03-02T20:35:06.614+05:30 DEBUG 4028 --- [productService] [DiscoveryClient-CacheRefreshExecutor-0] [                                                 ] o.s.web.client.RestTemplate              : Accept=[application/json, application/*+json]
2026-03-02T20:35:06.639+05:30 DEBUG 4028 --- [productService] [DiscoveryClient-CacheRefreshExecutor-0] [                                                 ] o.s.web.client.RestTemplate              : Response 200 OK
2026-03-02T20:35:06.643+05:30 DEBUG 4028 --- [productService] [DiscoveryClient-CacheRefreshExecutor-0] [                                                 ] o.s.web.client.RestTemplate              : Reading to [org.springframework.cloud.netflix.eureka.http.EurekaApplications]
2026-03-02T20:35:13.749+05:30 DEBUG 4028 --- [productService] [DiscoveryClient-HeartbeatExecutor-0] [                                                 ] o.s.web.client.RestTemplate              : HTTP PUT http://localhost:8761/eureka/apps/PRODUCTSERVICE/DESKTOP-ECRRR37.mshome.net:productService:8082?status=UP&lastDirtyTimestamp=1772463695185
2026-03-02T20:35:13.752+05:30 DEBUG 4028 --- [productService] [DiscoveryClient-HeartbeatExecutor-0] [                                                 ] o.s.web.client.RestTemplate              : Accept=[application/json, application/*+json]
2026-03-02T20:35:13.777+05:30 DEBUG 4028 --- [productService] [DiscoveryClient-HeartbeatExecutor-0] [                                                 ] o.s.web.client.RestTemplate              : Response 200 OK
2026-03-02T20:35:36.668+05:30 DEBUG 4028 --- [productService] [DiscoveryClient-CacheRefreshExecutor-0] [                                                 ] o.s.web.client.RestTemplate              : HTTP GET http://localhost:8761/eureka/apps/delta
2026-03-02T20:35:36.668+05:30 DEBUG 4028 --- [productService] [DiscoveryClient-CacheRefreshExecutor-0] [                                                 ] o.s.web.client.RestTemplate              : Accept=[application/json, application/*+json]
2026-03-02T20:35:36.686+05:30 DEBUG 4028 --- [productService] [DiscoveryClient-CacheRefreshExecutor-0] [                                                 ] o.s.web.client.RestTemplate              : Response 200 OK
2026-03-02T20:35:36.686+05:30 DEBUG 4028 --- [productService] [DiscoveryClient-CacheRefreshExecutor-0] [                                                 ] o.s.web.client.RestTemplate              : Reading to [org.springframework.cloud.netflix.eureka.http.EurekaApplications]
2026-03-02T20:35:43.869+05:30 DEBUG 4028 --- [productService] [DiscoveryClient-HeartbeatExecutor-0] [                                                 ] o.s.web.client.RestTemplate              : HTTP PUT http://localhost:8761/eureka/apps/PRODUCTSERVICE/DESKTOP-ECRRR37.mshome.net:productService:8082?status=UP&lastDirtyTimestamp=1772463695185
2026-03-02T20:35:43.870+05:30 DEBUG 4028 --- [productService] [DiscoveryClient-HeartbeatExecutor-0] [                                                 ] o.s.web.client.RestTemplate              : Accept=[application/json, application/*+json]
2026-03-02T20:35:44.466+05:30 DEBUG 4028 --- [productService] [DiscoveryClient-HeartbeatExecutor-0] [                                                 ] o.s.web.client.RestTemplate              : Response 200 OK
2026-03-02T20:36:07.018+05:30 DEBUG 4028 --- [productService] [DiscoveryClient-CacheRefreshExecutor-0] [                                                 ] o.s.web.client.RestTemplate              : HTTP GET http://localhost:8761/eureka/apps/delta
2026-03-02T20:36:07.022+05:30 DEBUG 4028 --- [productService] [DiscoveryClient-CacheRefreshExecutor-0] [                                                 ] o.s.web.client.RestTemplate              : Accept=[application/json, application/*+json]
2026-03-02T20:36:07.043+05:30 DEBUG 4028 --- [productService] [DiscoveryClient-CacheRefreshExecutor-0] [                                                 ] o.s.web.client.RestTemplate              : Response 200 OK
2026-03-02T20:36:07.046+05:30 DEBUG 4028 --- [productService] [DiscoveryClient-CacheRefreshExecutor-0] [                                                 ] o.s.web.client.RestTemplate              : Reading to [org.springframework.cloud.netflix.eureka.http.EurekaApplications]
2026-03-02T20:36:14.611+05:30 DEBUG 4028 --- [productService] [DiscoveryClient-HeartbeatExecutor-0] [                                                 ] o.s.web.client.RestTemplate              : HTTP PUT http://localhost:8761/eureka/apps/PRODUCTSERVICE/DESKTOP-ECRRR37.mshome.net:productService:8082?status=UP&lastDirtyTimestamp=1772463695185
2026-03-02T20:36:14.613+05:30 DEBUG 4028 --- [productService] [DiscoveryClient-HeartbeatExecutor-0] [                                                 ] o.s.web.client.RestTemplate              : Accept=[application/json, application/*+json]
2026-03-02T20:36:14.635+05:30 DEBUG 4028 --- [productService] [DiscoveryClient-HeartbeatExecutor-0] [                                                 ] o.s.web.client.RestTemplate              : Response 200 OK
2026-03-02T20:36:34.689+05:30  INFO 4028 --- [productService] [AsyncResolver-bootstrap-executor-0] [                                                 ] c.n.d.s.r.aws.ConfigClusterResolver      : Resolving eureka endpoints via configuration
2026-03-02T20:36:37.054+05:30 DEBUG 4028 --- [productService] [DiscoveryClient-CacheRefreshExecutor-0] [                                                 ] o.s.web.client.RestTemplate              : HTTP GET http://localhost:8761/eureka/apps/delta
2026-03-02T20:36:37.057+05:30 DEBUG 4028 --- [productService] [DiscoveryClient-CacheRefreshExecutor-0] [                                                 ] o.s.web.client.RestTemplate              : Accept=[application/json, application/*+json]
2026-03-02T20:36:37.082+05:30 DEBUG 4028 --- [productService] [DiscoveryClient-CacheRefreshExecutor-0] [                                                 ] o.s.web.client.RestTemplate              : Response 200 OK
2026-03-02T20:36:37.084+05:30 DEBUG 4028 --- [productService] [DiscoveryClient-CacheRefreshExecutor-0] [                                                 ] o.s.web.client.RestTemplate              : Reading to [org.springframework.cloud.netflix.eureka.http.EurekaApplications]
2026-03-02T20:36:44.661+05:30 DEBUG 4028 --- [productService] [DiscoveryClient-HeartbeatExecutor-0] [                                                 ] o.s.web.client.RestTemplate              : HTTP PUT http://localhost:8761/eureka/apps/PRODUCTSERVICE/DESKTOP-ECRRR37.mshome.net:productService:8082?status=UP&lastDirtyTimestamp=1772463695185
2026-03-02T20:36:44.666+05:30 DEBUG 4028 --- [productService] [DiscoveryClient-HeartbeatExecutor-0] [                                                 ] o.s.web.client.RestTemplate              : Accept=[application/json, application/*+json]
2026-03-02T20:36:44.764+05:30 DEBUG 4028 --- [productService] [DiscoveryClient-HeartbeatExecutor-0] [                                                 ] o.s.web.client.RestTemplate              : Response 200 OK
2026-03-02T20:37:07.120+05:30 DEBUG 4028 --- [productService] [DiscoveryClient-CacheRefreshExecutor-0] [                                                 ] o.s.web.client.RestTemplate              : HTTP GET http://localhost:8761/eureka/apps/delta
2026-03-02T20:37:07.164+05:30 DEBUG 4028 --- [productService] [DiscoveryClient-CacheRefreshExecutor-0] [                                                 ] o.s.web.client.RestTemplate              : Accept=[application/json, application/*+json]
2026-03-02T20:37:07.216+05:30 DEBUG 4028 --- [productService] [DiscoveryClient-CacheRefreshExecutor-0] [                                                 ] o.s.web.client.RestTemplate              : Response 200 OK
2026-03-02T20:37:07.227+05:30 DEBUG 4028 --- [productService] [DiscoveryClient-CacheRefreshExecutor-0] [                                                 ] o.s.web.client.RestTemplate              : Reading to [org.springframework.cloud.netflix.eureka.http.EurekaApplications]
2026-03-02T20:37:14.779+05:30 DEBUG 4028 --- [productService] [DiscoveryClient-HeartbeatExecutor-0] [                                                 ] o.s.web.client.RestTemplate              : HTTP PUT http://localhost:8761/eureka/apps/PRODUCTSERVICE/DESKTOP-ECRRR37.mshome.net:productService:8082?status=UP&lastDirtyTimestamp=1772463695185
2026-03-02T20:37:14.780+05:30 DEBUG 4028 --- [productService] [DiscoveryClient-HeartbeatExecutor-0] [                                                 ] o.s.web.client.RestTemplate              : Accept=[application/json, application/*+json]
2026-03-02T20:37:15.283+05:30 DEBUG 4028 --- [productService] [DiscoveryClient-HeartbeatExecutor-0] [                                                 ] o.s.web.client.RestTemplate              : Response 200 OK
2026-03-02T20:37:37.486+05:30 DEBUG 4028 --- [productService] [DiscoveryClient-CacheRefreshExecutor-0] [                                                 ] o.s.web.client.RestTemplate              : HTTP GET http://localhost:8761/eureka/apps/delta
2026-03-02T20:37:37.648+05:30 DEBUG 4028 --- [productService] [DiscoveryClient-CacheRefreshExecutor-0] [                                                 ] o.s.web.client.RestTemplate              : Accept=[application/json, application/*+json]
2026-03-02T20:37:37.755+05:30 DEBUG 4028 --- [productService] [DiscoveryClient-CacheRefreshExecutor-0] [                                                 ] o.s.web.client.RestTemplate              : Response 200 OK
2026-03-02T20:37:37.756+05:30 DEBUG 4028 --- [productService] [DiscoveryClient-CacheRefreshExecutor-0] [                                                 ] o.s.web.client.RestTemplate              : Reading to [org.springframework.cloud.netflix.eureka.http.EurekaApplications]
2026-03-02T20:37:45.710+05:30 DEBUG 4028 --- [productService] [DiscoveryClient-HeartbeatExecutor-0] [                                                 ] o.s.web.client.RestTemplate              : HTTP PUT http://localhost:8761/eureka/apps/PRODUCTSERVICE/DESKTOP-ECRRR37.mshome.net:productService:8082?status=UP&lastDirtyTimestamp=1772463695185
2026-03-02T20:37:45.713+05:30 DEBUG 4028 --- [productService] [DiscoveryClient-HeartbeatExecutor-0] [                                                 ] o.s.web.client.RestTemplate              : Accept=[application/json, application/*+json]
2026-03-02T20:37:45.744+05:30 DEBUG 4028 --- [productService] [DiscoveryClient-HeartbeatExecutor-0] [                                                 ] o.s.web.client.RestTemplate              : Response 200 OK
2026-03-02T20:38:08.221+05:30 DEBUG 4028 --- [productService] [DiscoveryClient-CacheRefreshExecutor-0] [                                                 ] o.s.web.client.RestTemplate              : HTTP GET http://localhost:8761/eureka/apps/delta
2026-03-02T20:38:08.222+05:30 DEBUG 4028 --- [productService] [DiscoveryClient-CacheRefreshExecutor-0] [                                                 ] o.s.web.client.RestTemplate              : Accept=[application/json, application/*+json]
2026-03-02T20:38:08.882+05:30 DEBUG 4028 --- [productService] [DiscoveryClient-CacheRefreshExecutor-0] [                                                 ] o.s.web.client.RestTemplate              : Response 200 OK
2026-03-02T20:38:09.045+05:30 DEBUG 4028 --- [productService] [DiscoveryClient-CacheRefreshExecutor-0] [                                                 ] o.s.web.client.RestTemplate              : Reading to [org.springframework.cloud.netflix.eureka.http.EurekaApplications]
2026-03-02T20:38:15.751+05:30 DEBUG 4028 --- [productService] [DiscoveryClient-HeartbeatExecutor-0] [                                                 ] o.s.web.client.RestTemplate              : HTTP PUT http://localhost:8761/eureka/apps/PRODUCTSERVICE/DESKTOP-ECRRR37.mshome.net:productService:8082?status=UP&lastDirtyTimestamp=1772463695185
2026-03-02T20:38:15.895+05:30 DEBUG 4028 --- [productService] [DiscoveryClient-HeartbeatExecutor-0] [                                                 ] o.s.web.client.RestTemplate              : Accept=[application/json, application/*+json]
2026-03-02T20:38:15.997+05:30 DEBUG 4028 --- [productService] [DiscoveryClient-HeartbeatExecutor-0] [                                                 ] o.s.web.client.RestTemplate              : Response 200 OK
2026-03-02T20:38:39.178+05:30 DEBUG 4028 --- [productService] [DiscoveryClient-CacheRefreshExecutor-0] [                                                 ] o.s.web.client.RestTemplate              : HTTP GET http://localhost:8761/eureka/apps/delta
2026-03-02T20:38:39.179+05:30 DEBUG 4028 --- [productService] [DiscoveryClient-CacheRefreshExecutor-0] [                                                 ] o.s.web.client.RestTemplate              : Accept=[application/json, application/*+json]
2026-03-02T20:38:39.202+05:30 DEBUG 4028 --- [productService] [DiscoveryClient-CacheRefreshExecutor-0] [                                                 ] o.s.web.client.RestTemplate              : Response 200 OK
2026-03-02T20:38:39.204+05:30 DEBUG 4028 --- [productService] [DiscoveryClient-CacheRefreshExecutor-0] [                                                 ] o.s.web.client.RestTemplate              : Reading to [org.springframework.cloud.netflix.eureka.http.EurekaApplications]
2026-03-02T20:38:46.330+05:30 DEBUG 4028 --- [productService] [DiscoveryClient-HeartbeatExecutor-0] [                                                 ] o.s.web.client.RestTemplate              : HTTP PUT http://localhost:8761/eureka/apps/PRODUCTSERVICE/DESKTOP-ECRRR37.mshome.net:productService:8082?status=UP&lastDirtyTimestamp=1772463695185
2026-03-02T20:38:46.648+05:30 DEBUG 4028 --- [productService] [DiscoveryClient-HeartbeatExecutor-0] [                                                 ] o.s.web.client.RestTemplate              : Accept=[application/json, application/*+json]
2026-03-02T20:38:46.776+05:30 DEBUG 4028 --- [productService] [DiscoveryClient-HeartbeatExecutor-0] [                                                 ] o.s.web.client.RestTemplate              : Response 200 OK
2026-03-02T20:39:09.216+05:30 DEBUG 4028 --- [productService] [DiscoveryClient-CacheRefreshExecutor-0] [                                                 ] o.s.web.client.RestTemplate              : HTTP GET http://localhost:8761/eureka/apps/delta
2026-03-02T20:39:09.218+05:30 DEBUG 4028 --- [productService] [DiscoveryClient-CacheRefreshExecutor-0] [                                                 ] o.s.web.client.RestTemplate              : Accept=[application/json, application/*+json]
2026-03-02T20:39:09.240+05:30 DEBUG 4028 --- [productService] [DiscoveryClient-CacheRefreshExecutor-0] [                                                 ] o.s.web.client.RestTemplate              : Response 200 OK
2026-03-02T20:39:09.241+05:30 DEBUG 4028 --- [productService] [DiscoveryClient-CacheRefreshExecutor-0] [                                                 ] o.s.web.client.RestTemplate              : Reading to [org.springframework.cloud.netflix.eureka.http.EurekaApplications]
2026-03-02T20:39:16.779+05:30 DEBUG 4028 --- [productService] [DiscoveryClient-HeartbeatExecutor-0] [                                                 ] o.s.web.client.RestTemplate              : HTTP PUT http://localhost:8761/eureka/apps/PRODUCTSERVICE/DESKTOP-ECRRR37.mshome.net:productService:8082?status=UP&lastDirtyTimestamp=1772463695185
2026-03-02T20:39:16.780+05:30 DEBUG 4028 --- [productService] [DiscoveryClient-HeartbeatExecutor-0] [                                                 ] o.s.web.client.RestTemplate              : Accept=[application/json, application/*+json]
2026-03-02T20:39:16.969+05:30 DEBUG 4028 --- [productService] [DiscoveryClient-HeartbeatExecutor-0] [                                                 ] o.s.web.client.RestTemplate              : Response 200 OK
2026-03-02T20:39:39.260+05:30 DEBUG 4028 --- [productService] [DiscoveryClient-CacheRefreshExecutor-0] [                                                 ] o.s.web.client.RestTemplate              : HTTP GET http://localhost:8761/eureka/apps/delta
2026-03-02T20:39:39.422+05:30 DEBUG 4028 --- [productService] [DiscoveryClient-CacheRefreshExecutor-0] [                                                 ] o.s.web.client.RestTemplate              : Accept=[application/json, application/*+json]
2026-03-02T20:39:39.601+05:30 DEBUG 4028 --- [productService] [DiscoveryClient-CacheRefreshExecutor-0] [                                                 ] o.s.web.client.RestTemplate              : Response 200 OK
2026-03-02T20:39:39.603+05:30 DEBUG 4028 --- [productService] [DiscoveryClient-CacheRefreshExecutor-0] [                                                 ] o.s.web.client.RestTemplate              : Reading to [org.springframework.cloud.netflix.eureka.http.EurekaApplications]
2026-03-02T20:39:46.985+05:30 DEBUG 4028 --- [productService] [DiscoveryClient-HeartbeatExecutor-0] [                                                 ] o.s.web.client.RestTemplate              : HTTP PUT http://localhost:8761/eureka/apps/PRODUCTSERVICE/DESKTOP-ECRRR37.mshome.net:productService:8082?status=UP&lastDirtyTimestamp=1772463695185
2026-03-02T20:39:47.167+05:30 DEBUG 4028 --- [productService] [DiscoveryClient-HeartbeatExecutor-0] [                                                 ] o.s.web.client.RestTemplate              : Accept=[application/json, application/*+json]
2026-03-02T20:39:47.463+05:30 DEBUG 4028 --- [productService] [DiscoveryClient-HeartbeatExecutor-0] [                                                 ] o.s.web.client.RestTemplate              : Response 200 OK
2026-03-02T20:40:09.620+05:30 DEBUG 4028 --- [productService] [DiscoveryClient-CacheRefreshExecutor-0] [                                                 ] o.s.web.client.RestTemplate              : HTTP GET http://localhost:8761/eureka/apps/delta
2026-03-02T20:40:09.632+05:30 DEBUG 4028 --- [productService] [DiscoveryClient-CacheRefreshExecutor-0] [                                                 ] o.s.web.client.RestTemplate              : Accept=[application/json, application/*+json]
2026-03-02T20:40:09.675+05:30 DEBUG 4028 --- [productService] [DiscoveryClient-CacheRefreshExecutor-0] [                                                 ] o.s.web.client.RestTemplate              : Response 200 OK
2026-03-02T20:40:09.704+05:30 DEBUG 4028 --- [productService] [DiscoveryClient-CacheRefreshExecutor-0] [                                                 ] o.s.web.client.RestTemplate              : Reading to [org.springframework.cloud.netflix.eureka.http.EurekaApplications]
2026-03-02T20:40:17.596+05:30 DEBUG 4028 --- [productService] [DiscoveryClient-HeartbeatExecutor-0] [                                                 ] o.s.web.client.RestTemplate              : HTTP PUT http://localhost:8761/eureka/apps/PRODUCTSERVICE/DESKTOP-ECRRR37.mshome.net:productService:8082?status=UP&lastDirtyTimestamp=1772463695185
2026-03-02T20:40:17.644+05:30 DEBUG 4028 --- [productService] [DiscoveryClient-HeartbeatExecutor-0] [                                                 ] o.s.web.client.RestTemplate              : Accept=[application/json, application/*+json]
2026-03-02T20:40:17.704+05:30 DEBUG 4028 --- [productService] [DiscoveryClient-HeartbeatExecutor-0] [                                                 ] o.s.web.client.RestTemplate              : Response 200 OK
2026-03-02T20:40:39.906+05:30 DEBUG 4028 --- [productService] [DiscoveryClient-CacheRefreshExecutor-0] [                                                 ] o.s.web.client.RestTemplate              : HTTP GET http://localhost:8761/eureka/apps/delta
2026-03-02T20:40:39.976+05:30 DEBUG 4028 --- [productService] [DiscoveryClient-CacheRefreshExecutor-0] [                                                 ] o.s.web.client.RestTemplate              : Accept=[application/json, application/*+json]
2026-03-02T20:40:40.146+05:30 DEBUG 4028 --- [productService] [DiscoveryClient-CacheRefreshExecutor-0] [                                                 ] o.s.web.client.RestTemplate              : Response 200 OK
2026-03-02T20:40:40.149+05:30 DEBUG 4028 --- [productService] [DiscoveryClient-CacheRefreshExecutor-0] [                                                 ] o.s.web.client.RestTemplate              : Reading to [org.springframework.cloud.netflix.eureka.http.EurekaApplications]
2026-03-02T20:40:47.856+05:30 DEBUG 4028 --- [productService] [DiscoveryClient-HeartbeatExecutor-0] [                                                 ] o.s.web.client.RestTemplate              : HTTP PUT http://localhost:8761/eureka/apps/PRODUCTSERVICE/DESKTOP-ECRRR37.mshome.net:productService:8082?status=UP&lastDirtyTimestamp=1772463695185
2026-03-02T20:40:47.875+05:30 DEBUG 4028 --- [productService] [DiscoveryClient-HeartbeatExecutor-0] [                                                 ] o.s.web.client.RestTemplate              : Accept=[application/json, application/*+json]
2026-03-02T20:40:47.980+05:30 DEBUG 4028 --- [productService] [DiscoveryClient-HeartbeatExecutor-0] [                                                 ] o.s.web.client.RestTemplate              : Response 200 OK
2026-03-02T20:41:10.202+05:30 DEBUG 4028 --- [productService] [DiscoveryClient-CacheRefreshExecutor-0] [                                                 ] o.s.web.client.RestTemplate              : HTTP GET http://localhost:8761/eureka/apps/delta
2026-03-02T20:41:10.220+05:30 DEBUG 4028 --- [productService] [DiscoveryClient-CacheRefreshExecutor-0] [                                                 ] o.s.web.client.RestTemplate              : Accept=[application/json, application/*+json]
2026-03-02T20:41:10.282+05:30 DEBUG 4028 --- [productService] [DiscoveryClient-CacheRefreshExecutor-0] [                                                 ] o.s.web.client.RestTemplate              : Response 200 OK
2026-03-02T20:41:10.297+05:30 DEBUG 4028 --- [productService] [DiscoveryClient-CacheRefreshExecutor-0] [                                                 ] o.s.web.client.RestTemplate              : Reading to [org.springframework.cloud.netflix.eureka.http.EurekaApplications]
2026-03-02T20:41:18.046+05:30 DEBUG 4028 --- [productService] [DiscoveryClient-HeartbeatExecutor-0] [                                                 ] o.s.web.client.RestTemplate              : HTTP PUT http://localhost:8761/eureka/apps/PRODUCTSERVICE/DESKTOP-ECRRR37.mshome.net:productService:8082?status=UP&lastDirtyTimestamp=1772463695185
2026-03-02T20:41:18.047+05:30 DEBUG 4028 --- [productService] [DiscoveryClient-HeartbeatExecutor-0] [                                                 ] o.s.web.client.RestTemplate              : Accept=[application/json, application/*+json]
2026-03-02T20:41:18.087+05:30 DEBUG 4028 --- [productService] [DiscoveryClient-HeartbeatExecutor-0] [                                                 ] o.s.web.client.RestTemplate              : Response 200 OK
2026-03-02T20:41:36.315+05:30  INFO 4028 --- [productService] [AsyncResolver-bootstrap-executor-0] [                                                 ] c.n.d.s.r.aws.ConfigClusterResolver      : Resolving eureka endpoints via configuration
2026-03-02T20:41:40.323+05:30 DEBUG 4028 --- [productService] [DiscoveryClient-CacheRefreshExecutor-0] [                                                 ] o.s.web.client.RestTemplate              : HTTP GET http://localhost:8761/eureka/apps/delta
2026-03-02T20:41:40.325+05:30 DEBUG 4028 --- [productService] [DiscoveryClient-CacheRefreshExecutor-0] [                                                 ] o.s.web.client.RestTemplate              : Accept=[application/json, application/*+json]
2026-03-02T20:41:40.377+05:30 DEBUG 4028 --- [productService] [DiscoveryClient-CacheRefreshExecutor-0] [                                                 ] o.s.web.client.RestTemplate              : Response 200 OK
2026-03-02T20:41:40.378+05:30 DEBUG 4028 --- [productService] [DiscoveryClient-CacheRefreshExecutor-0] [                                                 ] o.s.web.client.RestTemplate              : Reading to [org.springframework.cloud.netflix.eureka.http.EurekaApplications]
2026-03-02T20:41:48.100+05:30 DEBUG 4028 --- [productService] [DiscoveryClient-HeartbeatExecutor-0] [                                                 ] o.s.web.client.RestTemplate              : HTTP PUT http://localhost:8761/eureka/apps/PRODUCTSERVICE/DESKTOP-ECRRR37.mshome.net:productService:8082?status=UP&lastDirtyTimestamp=1772463695185
2026-03-02T20:41:48.102+05:30 DEBUG 4028 --- [productService] [DiscoveryClient-HeartbeatExecutor-0] [                                                 ] o.s.web.client.RestTemplate              : Accept=[application/json, application/*+json]
2026-03-02T20:41:48.125+05:30 DEBUG 4028 --- [productService] [DiscoveryClient-HeartbeatExecutor-0] [                                                 ] o.s.web.client.RestTemplate              : Response 200 OK
2026-03-02T20:42:10.383+05:30 DEBUG 4028 --- [productService] [DiscoveryClient-CacheRefreshExecutor-0] [                                                 ] o.s.web.client.RestTemplate              : HTTP GET http://localhost:8761/eureka/apps/delta
2026-03-02T20:42:10.392+05:30 DEBUG 4028 --- [productService] [DiscoveryClient-CacheRefreshExecutor-0] [                                                 ] o.s.web.client.RestTemplate              : Accept=[application/json, application/*+json]
2026-03-02T20:42:10.404+05:30 DEBUG 4028 --- [productService] [DiscoveryClient-CacheRefreshExecutor-0] [                                                 ] o.s.web.client.RestTemplate              : Response 200 OK
2026-03-02T20:42:10.406+05:30 DEBUG 4028 --- [productService] [DiscoveryClient-CacheRefreshExecutor-0] [                                                 ] o.s.web.client.RestTemplate              : Reading to [org.springframework.cloud.netflix.eureka.http.EurekaApplications]
2026-03-02T20:42:18.258+05:30 DEBUG 4028 --- [productService] [DiscoveryClient-HeartbeatExecutor-0] [                                                 ] o.s.web.client.RestTemplate              : HTTP PUT http://localhost:8761/eureka/apps/PRODUCTSERVICE/DESKTOP-ECRRR37.mshome.net:productService:8082?status=UP&lastDirtyTimestamp=1772463695185
2026-03-02T20:42:18.259+05:30 DEBUG 4028 --- [productService] [DiscoveryClient-HeartbeatExecutor-0] [                                                 ] o.s.web.client.RestTemplate              : Accept=[application/json, application/*+json]
2026-03-02T20:42:18.800+05:30 DEBUG 4028 --- [productService] [DiscoveryClient-HeartbeatExecutor-0] [                                                 ] o.s.web.client.RestTemplate              : Response 200 OK
2026-03-02T20:42:40.418+05:30 DEBUG 4028 --- [productService] [DiscoveryClient-CacheRefreshExecutor-0] [                                                 ] o.s.web.client.RestTemplate              : HTTP GET http://localhost:8761/eureka/apps/delta
2026-03-02T20:42:40.424+05:30 DEBUG 4028 --- [productService] [DiscoveryClient-CacheRefreshExecutor-0] [                                                 ] o.s.web.client.RestTemplate              : Accept=[application/json, application/*+json]
2026-03-02T20:42:40.436+05:30 DEBUG 4028 --- [productService] [DiscoveryClient-CacheRefreshExecutor-0] [                                                 ] o.s.web.client.RestTemplate              : Response 200 OK
2026-03-02T20:42:40.437+05:30 DEBUG 4028 --- [productService] [DiscoveryClient-CacheRefreshExecutor-0] [                                                 ] o.s.web.client.RestTemplate              : Reading to [org.springframework.cloud.netflix.eureka.http.EurekaApplications]
2026-03-02T20:42:48.983+05:30 DEBUG 4028 --- [productService] [DiscoveryClient-HeartbeatExecutor-0] [                                                 ] o.s.web.client.RestTemplate              : HTTP PUT http://localhost:8761/eureka/apps/PRODUCTSERVICE/DESKTOP-ECRRR37.mshome.net:productService:8082?status=UP&lastDirtyTimestamp=1772463695185
2026-03-02T20:42:48.984+05:30 DEBUG 4028 --- [productService] [DiscoveryClient-HeartbeatExecutor-0] [                                                 ] o.s.web.client.RestTemplate              : Accept=[application/json, application/*+json]
2026-03-02T20:42:49.004+05:30 DEBUG 4028 --- [productService] [DiscoveryClient-HeartbeatExecutor-0] [                                                 ] o.s.web.client.RestTemplate              : Response 200 OK
2026-03-02T20:43:10.620+05:30 DEBUG 4028 --- [productService] [DiscoveryClient-CacheRefreshExecutor-0] [                                                 ] o.s.web.client.RestTemplate              : HTTP GET http://localhost:8761/eureka/apps/delta
2026-03-02T20:43:10.621+05:30 DEBUG 4028 --- [productService] [DiscoveryClient-CacheRefreshExecutor-0] [                                                 ] o.s.web.client.RestTemplate              : Accept=[application/json, application/*+json]
2026-03-02T20:43:11.100+05:30 DEBUG 4028 --- [productService] [DiscoveryClient-CacheRefreshExecutor-0] [                                                 ] o.s.web.client.RestTemplate              : Response 200 OK
2026-03-02T20:43:11.184+05:30 DEBUG 4028 --- [productService] [DiscoveryClient-CacheRefreshExecutor-0] [                                                 ] o.s.web.client.RestTemplate              : Reading to [org.springframework.cloud.netflix.eureka.http.EurekaApplications]
2026-03-02T20:43:19.149+05:30 DEBUG 4028 --- [productService] [DiscoveryClient-HeartbeatExecutor-0] [                                                 ] o.s.web.client.RestTemplate              : HTTP PUT http://localhost:8761/eureka/apps/PRODUCTSERVICE/DESKTOP-ECRRR37.mshome.net:productService:8082?status=UP&lastDirtyTimestamp=1772463695185
2026-03-02T20:43:19.151+05:30 DEBUG 4028 --- [productService] [DiscoveryClient-HeartbeatExecutor-0] [                                                 ] o.s.web.client.RestTemplate              : Accept=[application/json, application/*+json]
2026-03-02T20:43:19.188+05:30 DEBUG 4028 --- [productService] [DiscoveryClient-HeartbeatExecutor-0] [                                                 ] o.s.web.client.RestTemplate              : Response 200 OK
2026-03-02T20:43:41.196+05:30 DEBUG 4028 --- [productService] [DiscoveryClient-CacheRefreshExecutor-0] [                                                 ] o.s.web.client.RestTemplate              : HTTP GET http://localhost:8761/eureka/apps/delta
2026-03-02T20:43:41.200+05:30 DEBUG 4028 --- [productService] [DiscoveryClient-CacheRefreshExecutor-0] [                                                 ] o.s.web.client.RestTemplate              : Accept=[application/json, application/*+json]
2026-03-02T20:43:41.223+05:30 DEBUG 4028 --- [productService] [DiscoveryClient-CacheRefreshExecutor-0] [                                                 ] o.s.web.client.RestTemplate              : Response 200 OK
2026-03-02T20:43:41.225+05:30 DEBUG 4028 --- [productService] [DiscoveryClient-CacheRefreshExecutor-0] [                                                 ] o.s.web.client.RestTemplate              : Reading to [org.springframework.cloud.netflix.eureka.http.EurekaApplications]
2026-03-02T20:43:49.204+05:30 DEBUG 4028 --- [productService] [DiscoveryClient-HeartbeatExecutor-0] [                                                 ] o.s.web.client.RestTemplate              : HTTP PUT http://localhost:8761/eureka/apps/PRODUCTSERVICE/DESKTOP-ECRRR37.mshome.net:productService:8082?status=UP&lastDirtyTimestamp=1772463695185
2026-03-02T20:43:49.207+05:30 DEBUG 4028 --- [productService] [DiscoveryClient-HeartbeatExecutor-0] [                                                 ] o.s.web.client.RestTemplate              : Accept=[application/json, application/*+json]
2026-03-02T20:43:49.225+05:30 DEBUG 4028 --- [productService] [DiscoveryClient-HeartbeatExecutor-0] [                                                 ] o.s.web.client.RestTemplate              : Response 200 OK
2026-03-02T20:44:11.235+05:30 DEBUG 4028 --- [productService] [DiscoveryClient-CacheRefreshExecutor-0] [                                                 ] o.s.web.client.RestTemplate              : HTTP GET http://localhost:8761/eureka/apps/delta
2026-03-02T20:44:11.244+05:30 DEBUG 4028 --- [productService] [DiscoveryClient-CacheRefreshExecutor-0] [                                                 ] o.s.web.client.RestTemplate              : Accept=[application/json, application/*+json]
2026-03-02T20:44:11.254+05:30 DEBUG 4028 --- [productService] [DiscoveryClient-CacheRefreshExecutor-0] [                                                 ] o.s.web.client.RestTemplate              : Response 200 OK
2026-03-02T20:44:11.255+05:30 DEBUG 4028 --- [productService] [DiscoveryClient-CacheRefreshExecutor-0] [                                                 ] o.s.web.client.RestTemplate              : Reading to [org.springframework.cloud.netflix.eureka.http.EurekaApplications]
2026-03-02T20:44:19.237+05:30 DEBUG 4028 --- [productService] [DiscoveryClient-HeartbeatExecutor-0] [                                                 ] o.s.web.client.RestTemplate              : HTTP PUT http://localhost:8761/eureka/apps/PRODUCTSERVICE/DESKTOP-ECRRR37.mshome.net:productService:8082?status=UP&lastDirtyTimestamp=1772463695185
2026-03-02T20:44:19.237+05:30 DEBUG 4028 --- [productService] [DiscoveryClient-HeartbeatExecutor-0] [                                                 ] o.s.web.client.RestTemplate              : Accept=[application/json, application/*+json]
2026-03-02T20:44:19.259+05:30 DEBUG 4028 --- [productService] [DiscoveryClient-HeartbeatExecutor-0] [                                                 ] o.s.web.client.RestTemplate              : Response 200 OK
2026-03-02T20:44:41.265+05:30 DEBUG 4028 --- [productService] [DiscoveryClient-CacheRefreshExecutor-0] [                                                 ] o.s.web.client.RestTemplate              : HTTP GET http://localhost:8761/eureka/apps/delta
2026-03-02T20:44:41.266+05:30 DEBUG 4028 --- [productService] [DiscoveryClient-CacheRefreshExecutor-0] [                                                 ] o.s.web.client.RestTemplate              : Accept=[application/json, application/*+json]
2026-03-02T20:44:41.284+05:30 DEBUG 4028 --- [productService] [DiscoveryClient-CacheRefreshExecutor-0] [                                                 ] o.s.web.client.RestTemplate              : Response 200 OK
2026-03-02T20:44:41.285+05:30 DEBUG 4028 --- [productService] [DiscoveryClient-CacheRefreshExecutor-0] [                                                 ] o.s.web.client.RestTemplate              : Reading to [org.springframework.cloud.netflix.eureka.http.EurekaApplications]
2026-03-02T20:44:49.269+05:30 DEBUG 4028 --- [productService] [DiscoveryClient-HeartbeatExecutor-0] [                                                 ] o.s.web.client.RestTemplate              : HTTP PUT http://localhost:8761/eureka/apps/PRODUCTSERVICE/DESKTOP-ECRRR37.mshome.net:productService:8082?status=UP&lastDirtyTimestamp=1772463695185
2026-03-02T20:44:49.272+05:30 DEBUG 4028 --- [productService] [DiscoveryClient-HeartbeatExecutor-0] [                                                 ] o.s.web.client.RestTemplate              : Accept=[application/json, application/*+json]
2026-03-02T20:44:49.291+05:30 DEBUG 4028 --- [productService] [DiscoveryClient-HeartbeatExecutor-0] [                                                 ] o.s.web.client.RestTemplate              : Response 200 OK
2026-03-02T20:45:11.292+05:30 DEBUG 4028 --- [productService] [DiscoveryClient-CacheRefreshExecutor-0] [                                                 ] o.s.web.client.RestTemplate              : HTTP GET http://localhost:8761/eureka/apps/delta
2026-03-02T20:45:11.384+05:30 DEBUG 4028 --- [productService] [DiscoveryClient-CacheRefreshExecutor-0] [                                                 ] o.s.web.client.RestTemplate              : Accept=[application/json, application/*+json]
2026-03-02T20:45:12.149+05:30 DEBUG 4028 --- [productService] [DiscoveryClient-CacheRefreshExecutor-0] [                                                 ] o.s.web.client.RestTemplate              : Response 200 OK
2026-03-02T20:45:12.150+05:30 DEBUG 4028 --- [productService] [DiscoveryClient-CacheRefreshExecutor-0] [                                                 ] o.s.web.client.RestTemplate              : Reading to [org.springframework.cloud.netflix.eureka.http.EurekaApplications]
2026-03-02T20:45:19.305+05:30 DEBUG 4028 --- [productService] [DiscoveryClient-HeartbeatExecutor-0] [                                                 ] o.s.web.client.RestTemplate              : HTTP PUT http://localhost:8761/eureka/apps/PRODUCTSERVICE/DESKTOP-ECRRR37.mshome.net:productService:8082?status=UP&lastDirtyTimestamp=1772463695185
2026-03-02T20:45:19.305+05:30 DEBUG 4028 --- [productService] [DiscoveryClient-HeartbeatExecutor-0] [                                                 ] o.s.web.client.RestTemplate              : Accept=[application/json, application/*+json]
2026-03-02T20:45:19.322+05:30 DEBUG 4028 --- [productService] [DiscoveryClient-HeartbeatExecutor-0] [                                                 ] o.s.web.client.RestTemplate              : Response 200 OK
2026-03-02T20:45:42.154+05:30 DEBUG 4028 --- [productService] [DiscoveryClient-CacheRefreshExecutor-0] [                                                 ] o.s.web.client.RestTemplate              : HTTP GET http://localhost:8761/eureka/apps/delta
2026-03-02T20:45:42.154+05:30 DEBUG 4028 --- [productService] [DiscoveryClient-CacheRefreshExecutor-0] [                                                 ] o.s.web.client.RestTemplate              : Accept=[application/json, application/*+json]
2026-03-02T20:45:42.179+05:30 DEBUG 4028 --- [productService] [DiscoveryClient-CacheRefreshExecutor-0] [                                                 ] o.s.web.client.RestTemplate              : Response 200 OK
2026-03-02T20:45:42.180+05:30 DEBUG 4028 --- [productService] [DiscoveryClient-CacheRefreshExecutor-0] [                                                 ] o.s.web.client.RestTemplate              : Reading to [org.springframework.cloud.netflix.eureka.http.EurekaApplications]
2026-03-02T20:45:49.334+05:30 DEBUG 4028 --- [productService] [DiscoveryClient-HeartbeatExecutor-0] [                                                 ] o.s.web.client.RestTemplate              : HTTP PUT http://localhost:8761/eureka/apps/PRODUCTSERVICE/DESKTOP-ECRRR37.mshome.net:productService:8082?status=UP&lastDirtyTimestamp=1772463695185
2026-03-02T20:45:49.344+05:30 DEBUG 4028 --- [productService] [DiscoveryClient-HeartbeatExecutor-0] [                                                 ] o.s.web.client.RestTemplate              : Accept=[application/json, application/*+json]
2026-03-02T20:45:49.377+05:30 DEBUG 4028 --- [productService] [DiscoveryClient-HeartbeatExecutor-0] [                                                 ] o.s.web.client.RestTemplate              : Response 200 OK
2026-03-02T20:46:12.197+05:30 DEBUG 4028 --- [productService] [DiscoveryClient-CacheRefreshExecutor-0] [                                                 ] o.s.web.client.RestTemplate              : HTTP GET http://localhost:8761/eureka/apps/delta
2026-03-02T20:46:12.198+05:30 DEBUG 4028 --- [productService] [DiscoveryClient-CacheRefreshExecutor-0] [                                                 ] o.s.web.client.RestTemplate              : Accept=[application/json, application/*+json]
2026-03-02T20:46:12.216+05:30 DEBUG 4028 --- [productService] [DiscoveryClient-CacheRefreshExecutor-0] [                                                 ] o.s.web.client.RestTemplate              : Response 200 OK
2026-03-02T20:46:12.216+05:30 DEBUG 4028 --- [productService] [DiscoveryClient-CacheRefreshExecutor-0] [                                                 ] o.s.web.client.RestTemplate              : Reading to [org.springframework.cloud.netflix.eureka.http.EurekaApplications]
2026-03-02T20:46:19.507+05:30 DEBUG 4028 --- [productService] [DiscoveryClient-HeartbeatExecutor-0] [                                                 ] o.s.web.client.RestTemplate              : HTTP PUT http://localhost:8761/eureka/apps/PRODUCTSERVICE/DESKTOP-ECRRR37.mshome.net:productService:8082?status=UP&lastDirtyTimestamp=1772463695185
2026-03-02T20:46:19.508+05:30 DEBUG 4028 --- [productService] [DiscoveryClient-HeartbeatExecutor-0] [                                                 ] o.s.web.client.RestTemplate              : Accept=[application/json, application/*+json]
2026-03-02T20:46:20.124+05:30 DEBUG 4028 --- [productService] [DiscoveryClient-HeartbeatExecutor-0] [                                                 ] o.s.web.client.RestTemplate              : Response 200 OK
2026-03-02T20:46:39.400+05:30  INFO 4028 --- [productService] [AsyncResolver-bootstrap-executor-0] [                                                 ] c.n.d.s.r.aws.ConfigClusterResolver      : Resolving eureka endpoints via configuration
2026-03-02T20:46:42.234+05:30 DEBUG 4028 --- [productService] [DiscoveryClient-CacheRefreshExecutor-0] [                                                 ] o.s.web.client.RestTemplate              : HTTP GET http://localhost:8761/eureka/apps/delta
2026-03-02T20:46:42.234+05:30 DEBUG 4028 --- [productService] [DiscoveryClient-CacheRefreshExecutor-0] [                                                 ] o.s.web.client.RestTemplate              : Accept=[application/json, application/*+json]
2026-03-02T20:46:42.265+05:30 DEBUG 4028 --- [productService] [DiscoveryClient-CacheRefreshExecutor-0] [                                                 ] o.s.web.client.RestTemplate              : Response 200 OK
2026-03-02T20:46:42.266+05:30 DEBUG 4028 --- [productService] [DiscoveryClient-CacheRefreshExecutor-0] [                                                 ] o.s.web.client.RestTemplate              : Reading to [org.springframework.cloud.netflix.eureka.http.EurekaApplications]
2026-03-02T20:46:50.134+05:30 DEBUG 4028 --- [productService] [DiscoveryClient-HeartbeatExecutor-0] [                                                 ] o.s.web.client.RestTemplate              : HTTP PUT http://localhost:8761/eureka/apps/PRODUCTSERVICE/DESKTOP-ECRRR37.mshome.net:productService:8082?status=UP&lastDirtyTimestamp=1772463695185
2026-03-02T20:46:50.134+05:30 DEBUG 4028 --- [productService] [DiscoveryClient-HeartbeatExecutor-0] [                                                 ] o.s.web.client.RestTemplate              : Accept=[application/json, application/*+json]
2026-03-02T20:46:50.150+05:30 DEBUG 4028 --- [productService] [DiscoveryClient-HeartbeatExecutor-0] [                                                 ] o.s.web.client.RestTemplate              : Response 200 OK
2026-03-02T20:47:12.278+05:30 DEBUG 4028 --- [productService] [DiscoveryClient-CacheRefreshExecutor-0] [                                                 ] o.s.web.client.RestTemplate              : HTTP GET http://localhost:8761/eureka/apps/delta
2026-03-02T20:47:12.279+05:30 DEBUG 4028 --- [productService] [DiscoveryClient-CacheRefreshExecutor-0] [                                                 ] o.s.web.client.RestTemplate              : Accept=[application/json, application/*+json]
2026-03-02T20:47:12.296+05:30 DEBUG 4028 --- [productService] [DiscoveryClient-CacheRefreshExecutor-0] [                                                 ] o.s.web.client.RestTemplate              : Response 200 OK
2026-03-02T20:47:12.296+05:30 DEBUG 4028 --- [productService] [DiscoveryClient-CacheRefreshExecutor-0] [                                                 ] o.s.web.client.RestTemplate              : Reading to [org.springframework.cloud.netflix.eureka.http.EurekaApplications]
2026-03-02T20:47:20.162+05:30 DEBUG 4028 --- [productService] [DiscoveryClient-HeartbeatExecutor-0] [                                                 ] o.s.web.client.RestTemplate              : HTTP PUT http://localhost:8761/eureka/apps/PRODUCTSERVICE/DESKTOP-ECRRR37.mshome.net:productService:8082?status=UP&lastDirtyTimestamp=1772463695185
2026-03-02T20:47:20.163+05:30 DEBUG 4028 --- [productService] [DiscoveryClient-HeartbeatExecutor-0] [                                                 ] o.s.web.client.RestTemplate              : Accept=[application/json, application/*+json]
2026-03-02T20:47:20.184+05:30 DEBUG 4028 --- [productService] [DiscoveryClient-HeartbeatExecutor-0] [                                                 ] o.s.web.client.RestTemplate              : Response 200 OK
2026-03-02T20:47:42.314+05:30 DEBUG 4028 --- [productService] [DiscoveryClient-CacheRefreshExecutor-0] [                                                 ] o.s.web.client.RestTemplate              : HTTP GET http://localhost:8761/eureka/apps/delta
2026-03-02T20:47:42.317+05:30 DEBUG 4028 --- [productService] [DiscoveryClient-CacheRefreshExecutor-0] [                                                 ] o.s.web.client.RestTemplate              : Accept=[application/json, application/*+json]
2026-03-02T20:47:42.336+05:30 DEBUG 4028 --- [productService] [DiscoveryClient-CacheRefreshExecutor-0] [                                                 ] o.s.web.client.RestTemplate              : Response 200 OK
2026-03-02T20:47:42.337+05:30 DEBUG 4028 --- [productService] [DiscoveryClient-CacheRefreshExecutor-0] [                                                 ] o.s.web.client.RestTemplate              : Reading to [org.springframework.cloud.netflix.eureka.http.EurekaApplications]
2026-03-02T20:47:50.208+05:30 DEBUG 4028 --- [productService] [DiscoveryClient-HeartbeatExecutor-0] [                                                 ] o.s.web.client.RestTemplate              : HTTP PUT http://localhost:8761/eureka/apps/PRODUCTSERVICE/DESKTOP-ECRRR37.mshome.net:productService:8082?status=UP&lastDirtyTimestamp=1772463695185
2026-03-02T20:47:50.208+05:30 DEBUG 4028 --- [productService] [DiscoveryClient-HeartbeatExecutor-0] [                                                 ] o.s.web.client.RestTemplate              : Accept=[application/json, application/*+json]
2026-03-02T20:47:50.220+05:30 DEBUG 4028 --- [productService] [DiscoveryClient-HeartbeatExecutor-0] [                                                 ] o.s.web.client.RestTemplate              : Response 200 OK
2026-03-02T20:48:12.347+05:30 DEBUG 4028 --- [productService] [DiscoveryClient-CacheRefreshExecutor-0] [                                                 ] o.s.web.client.RestTemplate              : HTTP GET http://localhost:8761/eureka/apps/delta
2026-03-02T20:48:12.348+05:30 DEBUG 4028 --- [productService] [DiscoveryClient-CacheRefreshExecutor-0] [                                                 ] o.s.web.client.RestTemplate              : Accept=[application/json, application/*+json]
2026-03-02T20:48:12.362+05:30 DEBUG 4028 --- [productService] [DiscoveryClient-CacheRefreshExecutor-0] [                                                 ] o.s.web.client.RestTemplate              : Response 200 OK
2026-03-02T20:48:12.366+05:30 DEBUG 4028 --- [productService] [DiscoveryClient-CacheRefreshExecutor-0] [                                                 ] o.s.web.client.RestTemplate              : Reading to [org.springframework.cloud.netflix.eureka.http.EurekaApplications]
2026-03-02T20:48:20.357+05:30 DEBUG 4028 --- [productService] [DiscoveryClient-HeartbeatExecutor-0] [                                                 ] o.s.web.client.RestTemplate              : HTTP PUT http://localhost:8761/eureka/apps/PRODUCTSERVICE/DESKTOP-ECRRR37.mshome.net:productService:8082?status=UP&lastDirtyTimestamp=1772463695185
2026-03-02T20:48:20.381+05:30 DEBUG 4028 --- [productService] [DiscoveryClient-HeartbeatExecutor-0] [                                                 ] o.s.web.client.RestTemplate              : Accept=[application/json, application/*+json]
2026-03-02T20:48:20.808+05:30 DEBUG 4028 --- [productService] [DiscoveryClient-HeartbeatExecutor-0] [                                                 ] o.s.web.client.RestTemplate              : Response 200 OK
2026-03-02T20:48:42.370+05:30 DEBUG 4028 --- [productService] [DiscoveryClient-CacheRefreshExecutor-0] [                                                 ] o.s.web.client.RestTemplate              : HTTP GET http://localhost:8761/eureka/apps/delta
2026-03-02T20:48:42.372+05:30 DEBUG 4028 --- [productService] [DiscoveryClient-CacheRefreshExecutor-0] [                                                 ] o.s.web.client.RestTemplate              : Accept=[application/json, application/*+json]
2026-03-02T20:48:42.586+05:30 DEBUG 4028 --- [productService] [DiscoveryClient-CacheRefreshExecutor-0] [                                                 ] o.s.web.client.RestTemplate              : Response 200 OK
2026-03-02T20:48:42.586+05:30 DEBUG 4028 --- [productService] [DiscoveryClient-CacheRefreshExecutor-0] [                                                 ] o.s.web.client.RestTemplate              : Reading to [org.springframework.cloud.netflix.eureka.http.EurekaApplications]
2026-03-02T20:48:50.912+05:30 DEBUG 4028 --- [productService] [DiscoveryClient-HeartbeatExecutor-0] [                                                 ] o.s.web.client.RestTemplate              : HTTP PUT http://localhost:8761/eureka/apps/PRODUCTSERVICE/DESKTOP-ECRRR37.mshome.net:productService:8082?status=UP&lastDirtyTimestamp=1772463695185
2026-03-02T20:48:50.914+05:30 DEBUG 4028 --- [productService] [DiscoveryClient-HeartbeatExecutor-0] [                                                 ] o.s.web.client.RestTemplate              : Accept=[application/json, application/*+json]
2026-03-02T20:48:52.007+05:30 DEBUG 4028 --- [productService] [DiscoveryClient-HeartbeatExecutor-0] [                                                 ] o.s.web.client.RestTemplate              : Response 200 OK
2026-03-02T20:49:12.590+05:30 DEBUG 4028 --- [productService] [DiscoveryClient-CacheRefreshExecutor-0] [                                                 ] o.s.web.client.RestTemplate              : HTTP GET http://localhost:8761/eureka/apps/delta
2026-03-02T20:49:12.594+05:30 DEBUG 4028 --- [productService] [DiscoveryClient-CacheRefreshExecutor-0] [                                                 ] o.s.web.client.RestTemplate              : Accept=[application/json, application/*+json]
2026-03-02T20:49:12.611+05:30 DEBUG 4028 --- [productService] [DiscoveryClient-CacheRefreshExecutor-0] [                                                 ] o.s.web.client.RestTemplate              : Response 200 OK
2026-03-02T20:49:12.612+05:30 DEBUG 4028 --- [productService] [DiscoveryClient-CacheRefreshExecutor-0] [                                                 ] o.s.web.client.RestTemplate              : Reading to [org.springframework.cloud.netflix.eureka.http.EurekaApplications]
2026-03-02T20:49:22.021+05:30 DEBUG 4028 --- [productService] [DiscoveryClient-HeartbeatExecutor-0] [                                                 ] o.s.web.client.RestTemplate              : HTTP PUT http://localhost:8761/eureka/apps/PRODUCTSERVICE/DESKTOP-ECRRR37.mshome.net:productService:8082?status=UP&lastDirtyTimestamp=1772463695185
2026-03-02T20:49:22.022+05:30 DEBUG 4028 --- [productService] [DiscoveryClient-HeartbeatExecutor-0] [                                                 ] o.s.web.client.RestTemplate              : Accept=[application/json, application/*+json]
2026-03-02T20:49:22.039+05:30 DEBUG 4028 --- [productService] [DiscoveryClient-HeartbeatExecutor-0] [                                                 ] o.s.web.client.RestTemplate              : Response 200 OK
2026-03-02T20:49:42.628+05:30 DEBUG 4028 --- [productService] [DiscoveryClient-CacheRefreshExecutor-0] [                                                 ] o.s.web.client.RestTemplate              : HTTP GET http://localhost:8761/eureka/apps/delta
2026-03-02T20:49:42.628+05:30 DEBUG 4028 --- [productService] [DiscoveryClient-CacheRefreshExecutor-0] [                                                 ] o.s.web.client.RestTemplate              : Accept=[application/json, application/*+json]
2026-03-02T20:49:42.643+05:30 DEBUG 4028 --- [productService] [DiscoveryClient-CacheRefreshExecutor-0] [                                                 ] o.s.web.client.RestTemplate              : Response 200 OK
2026-03-02T20:49:42.644+05:30 DEBUG 4028 --- [productService] [DiscoveryClient-CacheRefreshExecutor-0] [                                                 ] o.s.web.client.RestTemplate              : Reading to [org.springframework.cloud.netflix.eureka.http.EurekaApplications]
2026-03-02T20:49:52.050+05:30 DEBUG 4028 --- [productService] [DiscoveryClient-HeartbeatExecutor-0] [                                                 ] o.s.web.client.RestTemplate              : HTTP PUT http://localhost:8761/eureka/apps/PRODUCTSERVICE/DESKTOP-ECRRR37.mshome.net:productService:8082?status=UP&lastDirtyTimestamp=1772463695185
2026-03-02T20:49:52.051+05:30 DEBUG 4028 --- [productService] [DiscoveryClient-HeartbeatExecutor-0] [                                                 ] o.s.web.client.RestTemplate              : Accept=[application/json, application/*+json]
2026-03-02T20:49:52.071+05:30 DEBUG 4028 --- [productService] [DiscoveryClient-HeartbeatExecutor-0] [                                                 ] o.s.web.client.RestTemplate              : Response 200 OK
2026-03-02T20:50:12.647+05:30 DEBUG 4028 --- [productService] [DiscoveryClient-CacheRefreshExecutor-0] [                                                 ] o.s.web.client.RestTemplate              : HTTP GET http://localhost:8761/eureka/apps/delta
2026-03-02T20:50:12.648+05:30 DEBUG 4028 --- [productService] [DiscoveryClient-CacheRefreshExecutor-0] [                                                 ] o.s.web.client.RestTemplate              : Accept=[application/json, application/*+json]
2026-03-02T20:50:12.664+05:30 DEBUG 4028 --- [productService] [DiscoveryClient-CacheRefreshExecutor-0] [                                                 ] o.s.web.client.RestTemplate              : Response 200 OK
2026-03-02T20:50:12.665+05:30 DEBUG 4028 --- [productService] [DiscoveryClient-CacheRefreshExecutor-0] [                                                 ] o.s.web.client.RestTemplate              : Reading to [org.springframework.cloud.netflix.eureka.http.EurekaApplications]
2026-03-02T20:50:22.077+05:30 DEBUG 4028 --- [productService] [DiscoveryClient-HeartbeatExecutor-0] [                                                 ] o.s.web.client.RestTemplate              : HTTP PUT http://localhost:8761/eureka/apps/PRODUCTSERVICE/DESKTOP-ECRRR37.mshome.net:productService:8082?status=UP&lastDirtyTimestamp=1772463695185
2026-03-02T20:50:22.077+05:30 DEBUG 4028 --- [productService] [DiscoveryClient-HeartbeatExecutor-0] [                                                 ] o.s.web.client.RestTemplate              : Accept=[application/json, application/*+json]
2026-03-02T20:50:22.094+05:30 DEBUG 4028 --- [productService] [DiscoveryClient-HeartbeatExecutor-0] [                                                 ] o.s.web.client.RestTemplate              : Response 200 OK
2026-03-02T20:50:42.670+05:30 DEBUG 4028 --- [productService] [DiscoveryClient-CacheRefreshExecutor-0] [                                                 ] o.s.web.client.RestTemplate              : HTTP GET http://localhost:8761/eureka/apps/delta
2026-03-02T20:50:42.671+05:30 DEBUG 4028 --- [productService] [DiscoveryClient-CacheRefreshExecutor-0] [                                                 ] o.s.web.client.RestTemplate              : Accept=[application/json, application/*+json]
2026-03-02T20:50:42.691+05:30 DEBUG 4028 --- [productService] [DiscoveryClient-CacheRefreshExecutor-0] [                                                 ] o.s.web.client.RestTemplate              : Response 200 OK
2026-03-02T20:50:42.693+05:30 DEBUG 4028 --- [productService] [DiscoveryClient-CacheRefreshExecutor-0] [                                                 ] o.s.web.client.RestTemplate              : Reading to [org.springframework.cloud.netflix.eureka.http.EurekaApplications]
2026-03-02T20:50:52.447+05:30 DEBUG 4028 --- [productService] [DiscoveryClient-HeartbeatExecutor-0] [                                                 ] o.s.web.client.RestTemplate              : HTTP PUT http://localhost:8761/eureka/apps/PRODUCTSERVICE/DESKTOP-ECRRR37.mshome.net:productService:8082?status=UP&lastDirtyTimestamp=1772463695185
2026-03-02T20:50:52.591+05:30 DEBUG 4028 --- [productService] [DiscoveryClient-HeartbeatExecutor-0] [                                                 ] o.s.web.client.RestTemplate              : Accept=[application/json, application/*+json]
2026-03-02T20:50:52.597+05:30 DEBUG 4028 --- [productService] [DiscoveryClient-HeartbeatExecutor-0] [                                                 ] o.s.web.client.RestTemplate              : Response 200 OK
2026-03-02T20:51:12.709+05:30 DEBUG 4028 --- [productService] [DiscoveryClient-CacheRefreshExecutor-0] [                                                 ] o.s.web.client.RestTemplate              : HTTP GET http://localhost:8761/eureka/apps/delta
2026-03-02T20:51:12.710+05:30 DEBUG 4028 --- [productService] [DiscoveryClient-CacheRefreshExecutor-0] [                                                 ] o.s.web.client.RestTemplate              : Accept=[application/json, application/*+json]
2026-03-02T20:51:12.727+05:30 DEBUG 4028 --- [productService] [DiscoveryClient-CacheRefreshExecutor-0] [                                                 ] o.s.web.client.RestTemplate              : Response 200 OK
2026-03-02T20:51:12.727+05:30 DEBUG 4028 --- [productService] [DiscoveryClient-CacheRefreshExecutor-0] [                                                 ] o.s.web.client.RestTemplate              : Reading to [org.springframework.cloud.netflix.eureka.http.EurekaApplications]
2026-03-02T20:51:22.615+05:30 DEBUG 4028 --- [productService] [DiscoveryClient-HeartbeatExecutor-0] [                                                 ] o.s.web.client.RestTemplate              : HTTP PUT http://localhost:8761/eureka/apps/PRODUCTSERVICE/DESKTOP-ECRRR37.mshome.net:productService:8082?status=UP&lastDirtyTimestamp=1772463695185
2026-03-02T20:51:22.615+05:30 DEBUG 4028 --- [productService] [DiscoveryClient-HeartbeatExecutor-0] [                                                 ] o.s.web.client.RestTemplate              : Accept=[application/json, application/*+json]
2026-03-02T20:51:22.632+05:30 DEBUG 4028 --- [productService] [DiscoveryClient-HeartbeatExecutor-0] [                                                 ] o.s.web.client.RestTemplate              : Response 200 OK
2026-03-02T20:51:39.413+05:30  INFO 4028 --- [productService] [AsyncResolver-bootstrap-executor-0] [                                                 ] c.n.d.s.r.aws.ConfigClusterResolver      : Resolving eureka endpoints via configuration
2026-03-02T20:51:42.860+05:30 DEBUG 4028 --- [productService] [DiscoveryClient-CacheRefreshExecutor-0] [                                                 ] o.s.web.client.RestTemplate              : HTTP GET http://localhost:8761/eureka/apps/delta
2026-03-02T20:51:42.860+05:30 DEBUG 4028 --- [productService] [DiscoveryClient-CacheRefreshExecutor-0] [                                                 ] o.s.web.client.RestTemplate              : Accept=[application/json, application/*+json]
2026-03-02T20:51:43.011+05:30 DEBUG 4028 --- [productService] [DiscoveryClient-CacheRefreshExecutor-0] [                                                 ] o.s.web.client.RestTemplate              : Response 200 OK
2026-03-02T20:51:43.012+05:30 DEBUG 4028 --- [productService] [DiscoveryClient-CacheRefreshExecutor-0] [                                                 ] o.s.web.client.RestTemplate              : Reading to [org.springframework.cloud.netflix.eureka.http.EurekaApplications]
2026-03-02T20:51:52.642+05:30 DEBUG 4028 --- [productService] [DiscoveryClient-HeartbeatExecutor-0] [                                                 ] o.s.web.client.RestTemplate              : HTTP PUT http://localhost:8761/eureka/apps/PRODUCTSERVICE/DESKTOP-ECRRR37.mshome.net:productService:8082?status=UP&lastDirtyTimestamp=1772463695185
2026-03-02T20:51:52.643+05:30 DEBUG 4028 --- [productService] [DiscoveryClient-HeartbeatExecutor-0] [                                                 ] o.s.web.client.RestTemplate              : Accept=[application/json, application/*+json]
2026-03-02T20:51:52.658+05:30 DEBUG 4028 --- [productService] [DiscoveryClient-HeartbeatExecutor-0] [                                                 ] o.s.web.client.RestTemplate              : Response 200 OK
2026-03-02T20:52:13.169+05:30 DEBUG 4028 --- [productService] [DiscoveryClient-CacheRefreshExecutor-0] [                                                 ] o.s.web.client.RestTemplate              : HTTP GET http://localhost:8761/eureka/apps/delta
2026-03-02T20:52:13.170+05:30 DEBUG 4028 --- [productService] [DiscoveryClient-CacheRefreshExecutor-0] [                                                 ] o.s.web.client.RestTemplate              : Accept=[application/json, application/*+json]
2026-03-02T20:52:13.189+05:30 DEBUG 4028 --- [productService] [DiscoveryClient-CacheRefreshExecutor-0] [                                                 ] o.s.web.client.RestTemplate              : Response 200 OK
2026-03-02T20:52:13.192+05:30 DEBUG 4028 --- [productService] [DiscoveryClient-CacheRefreshExecutor-0] [                                                 ] o.s.web.client.RestTemplate              : Reading to [org.springframework.cloud.netflix.eureka.http.EurekaApplications]
2026-03-02T20:52:22.671+05:30 DEBUG 4028 --- [productService] [DiscoveryClient-HeartbeatExecutor-0] [                                                 ] o.s.web.client.RestTemplate              : HTTP PUT http://localhost:8761/eureka/apps/PRODUCTSERVICE/DESKTOP-ECRRR37.mshome.net:productService:8082?status=UP&lastDirtyTimestamp=1772463695185
2026-03-02T20:52:22.672+05:30 DEBUG 4028 --- [productService] [DiscoveryClient-HeartbeatExecutor-0] [                                                 ] o.s.web.client.RestTemplate              : Accept=[application/json, application/*+json]
2026-03-02T20:52:22.693+05:30 DEBUG 4028 --- [productService] [DiscoveryClient-HeartbeatExecutor-0] [                                                 ] o.s.web.client.RestTemplate              : Response 200 OK
2026-03-02T20:52:43.201+05:30 DEBUG 4028 --- [productService] [DiscoveryClient-CacheRefreshExecutor-0] [                                                 ] o.s.web.client.RestTemplate              : HTTP GET http://localhost:8761/eureka/apps/delta
2026-03-02T20:52:43.224+05:30 DEBUG 4028 --- [productService] [DiscoveryClient-CacheRefreshExecutor-0] [                                                 ] o.s.web.client.RestTemplate              : Accept=[application/json, application/*+json]
2026-03-02T20:52:43.238+05:30 DEBUG 4028 --- [productService] [DiscoveryClient-CacheRefreshExecutor-0] [                                                 ] o.s.web.client.RestTemplate              : Response 200 OK
2026-03-02T20:52:43.238+05:30 DEBUG 4028 --- [productService] [DiscoveryClient-CacheRefreshExecutor-0] [                                                 ] o.s.web.client.RestTemplate              : Reading to [org.springframework.cloud.netflix.eureka.http.EurekaApplications]
2026-03-02T20:52:52.694+05:30 DEBUG 4028 --- [productService] [DiscoveryClient-HeartbeatExecutor-0] [                                                 ] o.s.web.client.RestTemplate              : HTTP PUT http://localhost:8761/eureka/apps/PRODUCTSERVICE/DESKTOP-ECRRR37.mshome.net:productService:8082?status=UP&lastDirtyTimestamp=1772463695185
2026-03-02T20:52:52.694+05:30 DEBUG 4028 --- [productService] [DiscoveryClient-HeartbeatExecutor-0] [                                                 ] o.s.web.client.RestTemplate              : Accept=[application/json, application/*+json]
2026-03-02T20:52:52.713+05:30 DEBUG 4028 --- [productService] [DiscoveryClient-HeartbeatExecutor-0] [                                                 ] o.s.web.client.RestTemplate              : Response 200 OK
2026-03-02T20:53:13.321+05:30 DEBUG 4028 --- [productService] [DiscoveryClient-CacheRefreshExecutor-0] [                                                 ] o.s.web.client.RestTemplate              : HTTP GET http://localhost:8761/eureka/apps/delta
2026-03-02T20:53:13.321+05:30 DEBUG 4028 --- [productService] [DiscoveryClient-CacheRefreshExecutor-0] [                                                 ] o.s.web.client.RestTemplate              : Accept=[application/json, application/*+json]
2026-03-02T20:53:13.339+05:30 DEBUG 4028 --- [productService] [DiscoveryClient-CacheRefreshExecutor-0] [                                                 ] o.s.web.client.RestTemplate              : Response 200 OK
2026-03-02T20:53:13.339+05:30 DEBUG 4028 --- [productService] [DiscoveryClient-CacheRefreshExecutor-0] [                                                 ] o.s.web.client.RestTemplate              : Reading to [org.springframework.cloud.netflix.eureka.http.EurekaApplications]
2026-03-02T20:53:22.718+05:30 DEBUG 4028 --- [productService] [DiscoveryClient-HeartbeatExecutor-0] [                                                 ] o.s.web.client.RestTemplate              : HTTP PUT http://localhost:8761/eureka/apps/PRODUCTSERVICE/DESKTOP-ECRRR37.mshome.net:productService:8082?status=UP&lastDirtyTimestamp=1772463695185
2026-03-02T20:53:22.719+05:30 DEBUG 4028 --- [productService] [DiscoveryClient-HeartbeatExecutor-0] [                                                 ] o.s.web.client.RestTemplate              : Accept=[application/json, application/*+json]
2026-03-02T20:53:22.735+05:30 DEBUG 4028 --- [productService] [DiscoveryClient-HeartbeatExecutor-0] [                                                 ] o.s.web.client.RestTemplate              : Response 200 OK
2026-03-02T20:53:43.350+05:30 DEBUG 4028 --- [productService] [DiscoveryClient-CacheRefreshExecutor-0] [                                                 ] o.s.web.client.RestTemplate              : HTTP GET http://localhost:8761/eureka/apps/delta
2026-03-02T20:53:43.351+05:30 DEBUG 4028 --- [productService] [DiscoveryClient-CacheRefreshExecutor-0] [                                                 ] o.s.web.client.RestTemplate              : Accept=[application/json, application/*+json]
2026-03-02T20:53:43.368+05:30 DEBUG 4028 --- [productService] [DiscoveryClient-CacheRefreshExecutor-0] [                                                 ] o.s.web.client.RestTemplate              : Response 200 OK
2026-03-02T20:53:43.369+05:30 DEBUG 4028 --- [productService] [DiscoveryClient-CacheRefreshExecutor-0] [                                                 ] o.s.web.client.RestTemplate              : Reading to [org.springframework.cloud.netflix.eureka.http.EurekaApplications]
2026-03-02T20:53:52.750+05:30 DEBUG 4028 --- [productService] [DiscoveryClient-HeartbeatExecutor-0] [                                                 ] o.s.web.client.RestTemplate              : HTTP PUT http://localhost:8761/eureka/apps/PRODUCTSERVICE/DESKTOP-ECRRR37.mshome.net:productService:8082?status=UP&lastDirtyTimestamp=1772463695185
2026-03-02T20:53:52.752+05:30 DEBUG 4028 --- [productService] [DiscoveryClient-HeartbeatExecutor-0] [                                                 ] o.s.web.client.RestTemplate              : Accept=[application/json, application/*+json]
2026-03-02T20:53:52.775+05:30 DEBUG 4028 --- [productService] [DiscoveryClient-HeartbeatExecutor-0] [                                                 ] o.s.web.client.RestTemplate              : Response 200 OK
2026-03-02T20:54:13.464+05:30 DEBUG 4028 --- [productService] [DiscoveryClient-CacheRefreshExecutor-0] [                                                 ] o.s.web.client.RestTemplate              : HTTP GET http://localhost:8761/eureka/apps/delta
2026-03-02T20:54:13.616+05:30 DEBUG 4028 --- [productService] [DiscoveryClient-CacheRefreshExecutor-0] [                                                 ] o.s.web.client.RestTemplate              : Accept=[application/json, application/*+json]
2026-03-02T20:54:13.665+05:30 DEBUG 4028 --- [productService] [DiscoveryClient-CacheRefreshExecutor-0] [                                                 ] o.s.web.client.RestTemplate              : Response 200 OK
2026-03-02T20:54:13.667+05:30 DEBUG 4028 --- [productService] [DiscoveryClient-CacheRefreshExecutor-0] [                                                 ] o.s.web.client.RestTemplate              : Reading to [org.springframework.cloud.netflix.eureka.http.EurekaApplications]
2026-03-02T20:54:22.780+05:30 DEBUG 4028 --- [productService] [DiscoveryClient-HeartbeatExecutor-0] [                                                 ] o.s.web.client.RestTemplate              : HTTP PUT http://localhost:8761/eureka/apps/PRODUCTSERVICE/DESKTOP-ECRRR37.mshome.net:productService:8082?status=UP&lastDirtyTimestamp=1772463695185
2026-03-02T20:54:22.781+05:30 DEBUG 4028 --- [productService] [DiscoveryClient-HeartbeatExecutor-0] [                                                 ] o.s.web.client.RestTemplate              : Accept=[application/json, application/*+json]
2026-03-02T20:54:22.799+05:30 DEBUG 4028 --- [productService] [DiscoveryClient-HeartbeatExecutor-0] [                                                 ] o.s.web.client.RestTemplate              : Response 200 OK
2026-03-02T20:54:43.684+05:30 DEBUG 4028 --- [productService] [DiscoveryClient-CacheRefreshExecutor-0] [                                                 ] o.s.web.client.RestTemplate              : HTTP GET http://localhost:8761/eureka/apps/delta
2026-03-02T20:54:43.685+05:30 DEBUG 4028 --- [productService] [DiscoveryClient-CacheRefreshExecutor-0] [                                                 ] o.s.web.client.RestTemplate              : Accept=[application/json, application/*+json]
2026-03-02T20:54:43.696+05:30 DEBUG 4028 --- [productService] [DiscoveryClient-CacheRefreshExecutor-0] [                                                 ] o.s.web.client.RestTemplate              : Response 200 OK
2026-03-02T20:54:43.696+05:30 DEBUG 4028 --- [productService] [DiscoveryClient-CacheRefreshExecutor-0] [                                                 ] o.s.web.client.RestTemplate              : Reading to [org.springframework.cloud.netflix.eureka.http.EurekaApplications]
2026-03-02T20:54:52.804+05:30 DEBUG 4028 --- [productService] [DiscoveryClient-HeartbeatExecutor-0] [                                                 ] o.s.web.client.RestTemplate              : HTTP PUT http://localhost:8761/eureka/apps/PRODUCTSERVICE/DESKTOP-ECRRR37.mshome.net:productService:8082?status=UP&lastDirtyTimestamp=1772463695185
2026-03-02T20:54:52.805+05:30 DEBUG 4028 --- [productService] [DiscoveryClient-HeartbeatExecutor-0] [                                                 ] o.s.web.client.RestTemplate              : Accept=[application/json, application/*+json]
2026-03-02T20:54:52.826+05:30 DEBUG 4028 --- [productService] [DiscoveryClient-HeartbeatExecutor-0] [                                                 ] o.s.web.client.RestTemplate              : Response 200 OK
2026-03-02T20:55:13.716+05:30 DEBUG 4028 --- [productService] [DiscoveryClient-CacheRefreshExecutor-0] [                                                 ] o.s.web.client.RestTemplate              : HTTP GET http://localhost:8761/eureka/apps/delta
2026-03-02T20:55:13.717+05:30 DEBUG 4028 --- [productService] [DiscoveryClient-CacheRefreshExecutor-0] [                                                 ] o.s.web.client.RestTemplate              : Accept=[application/json, application/*+json]
2026-03-02T20:55:13.734+05:30 DEBUG 4028 --- [productService] [DiscoveryClient-CacheRefreshExecutor-0] [                                                 ] o.s.web.client.RestTemplate              : Response 200 OK
2026-03-02T20:55:13.735+05:30 DEBUG 4028 --- [productService] [DiscoveryClient-CacheRefreshExecutor-0] [                                                 ] o.s.web.client.RestTemplate              : Reading to [org.springframework.cloud.netflix.eureka.http.EurekaApplications]
2026-03-02T20:55:22.829+05:30 DEBUG 4028 --- [productService] [DiscoveryClient-HeartbeatExecutor-0] [                                                 ] o.s.web.client.RestTemplate              : HTTP PUT http://localhost:8761/eureka/apps/PRODUCTSERVICE/DESKTOP-ECRRR37.mshome.net:productService:8082?status=UP&lastDirtyTimestamp=1772463695185
2026-03-02T20:55:22.830+05:30 DEBUG 4028 --- [productService] [DiscoveryClient-HeartbeatExecutor-0] [                                                 ] o.s.web.client.RestTemplate              : Accept=[application/json, application/*+json]
2026-03-02T20:55:22.854+05:30 DEBUG 4028 --- [productService] [DiscoveryClient-HeartbeatExecutor-0] [                                                 ] o.s.web.client.RestTemplate              : Response 200 OK
2026-03-02T20:55:43.751+05:30 DEBUG 4028 --- [productService] [DiscoveryClient-CacheRefreshExecutor-0] [                                                 ] o.s.web.client.RestTemplate              : HTTP GET http://localhost:8761/eureka/apps/delta
2026-03-02T20:55:43.752+05:30 DEBUG 4028 --- [productService] [DiscoveryClient-CacheRefreshExecutor-0] [                                                 ] o.s.web.client.RestTemplate              : Accept=[application/json, application/*+json]
2026-03-02T20:55:43.768+05:30 DEBUG 4028 --- [productService] [DiscoveryClient-CacheRefreshExecutor-0] [                                                 ] o.s.web.client.RestTemplate              : Response 200 OK
2026-03-02T20:55:43.768+05:30 DEBUG 4028 --- [productService] [DiscoveryClient-CacheRefreshExecutor-0] [                                                 ] o.s.web.client.RestTemplate              : Reading to [org.springframework.cloud.netflix.eureka.http.EurekaApplications]
2026-03-02T20:55:52.872+05:30 DEBUG 4028 --- [productService] [DiscoveryClient-HeartbeatExecutor-0] [                                                 ] o.s.web.client.RestTemplate              : HTTP PUT http://localhost:8761/eureka/apps/PRODUCTSERVICE/DESKTOP-ECRRR37.mshome.net:productService:8082?status=UP&lastDirtyTimestamp=1772463695185
2026-03-02T20:55:52.872+05:30 DEBUG 4028 --- [productService] [DiscoveryClient-HeartbeatExecutor-0] [                                                 ] o.s.web.client.RestTemplate              : Accept=[application/json, application/*+json]
2026-03-02T20:55:52.885+05:30 DEBUG 4028 --- [productService] [DiscoveryClient-HeartbeatExecutor-0] [                                                 ] o.s.web.client.RestTemplate              : Response 200 OK
2026-03-02T20:56:13.785+05:30 DEBUG 4028 --- [productService] [DiscoveryClient-CacheRefreshExecutor-0] [                                                 ] o.s.web.client.RestTemplate              : HTTP GET http://localhost:8761/eureka/apps/delta
2026-03-02T20:56:13.787+05:30 DEBUG 4028 --- [productService] [DiscoveryClient-CacheRefreshExecutor-0] [                                                 ] o.s.web.client.RestTemplate              : Accept=[application/json, application/*+json]
2026-03-02T20:56:13.804+05:30 DEBUG 4028 --- [productService] [DiscoveryClient-CacheRefreshExecutor-0] [                                                 ] o.s.web.client.RestTemplate              : Response 200 OK
2026-03-02T20:56:13.805+05:30 DEBUG 4028 --- [productService] [DiscoveryClient-CacheRefreshExecutor-0] [                                                 ] o.s.web.client.RestTemplate              : Reading to [org.springframework.cloud.netflix.eureka.http.EurekaApplications]
2026-03-02T20:56:22.905+05:30 DEBUG 4028 --- [productService] [DiscoveryClient-HeartbeatExecutor-0] [                                                 ] o.s.web.client.RestTemplate              : HTTP PUT http://localhost:8761/eureka/apps/PRODUCTSERVICE/DESKTOP-ECRRR37.mshome.net:productService:8082?status=UP&lastDirtyTimestamp=1772463695185
2026-03-02T20:56:22.906+05:30 DEBUG 4028 --- [productService] [DiscoveryClient-HeartbeatExecutor-0] [                                                 ] o.s.web.client.RestTemplate              : Accept=[application/json, application/*+json]
2026-03-02T20:56:22.923+05:30 DEBUG 4028 --- [productService] [DiscoveryClient-HeartbeatExecutor-0] [                                                 ] o.s.web.client.RestTemplate              : Response 200 OK
2026-03-02T20:56:39.428+05:30  INFO 4028 --- [productService] [AsyncResolver-bootstrap-executor-0] [                                                 ] c.n.d.s.r.aws.ConfigClusterResolver      : Resolving eureka endpoints via configuration
2026-03-02T20:56:43.818+05:30 DEBUG 4028 --- [productService] [DiscoveryClient-CacheRefreshExecutor-0] [                                                 ] o.s.web.client.RestTemplate              : HTTP GET http://localhost:8761/eureka/apps/delta
2026-03-02T20:56:43.820+05:30 DEBUG 4028 --- [productService] [DiscoveryClient-CacheRefreshExecutor-0] [                                                 ] o.s.web.client.RestTemplate              : Accept=[application/json, application/*+json]
2026-03-02T20:56:43.837+05:30 DEBUG 4028 --- [productService] [DiscoveryClient-CacheRefreshExecutor-0] [                                                 ] o.s.web.client.RestTemplate              : Response 200 OK
2026-03-02T20:56:43.837+05:30 DEBUG 4028 --- [productService] [DiscoveryClient-CacheRefreshExecutor-0] [                                                 ] o.s.web.client.RestTemplate              : Reading to [org.springframework.cloud.netflix.eureka.http.EurekaApplications]
2026-03-02T20:56:52.931+05:30 DEBUG 4028 --- [productService] [DiscoveryClient-HeartbeatExecutor-0] [                                                 ] o.s.web.client.RestTemplate              : HTTP PUT http://localhost:8761/eureka/apps/PRODUCTSERVICE/DESKTOP-ECRRR37.mshome.net:productService:8082?status=UP&lastDirtyTimestamp=1772463695185
2026-03-02T20:56:52.939+05:30 DEBUG 4028 --- [productService] [DiscoveryClient-HeartbeatExecutor-0] [                                                 ] o.s.web.client.RestTemplate              : Accept=[application/json, application/*+json]
2026-03-02T20:56:52.948+05:30 DEBUG 4028 --- [productService] [DiscoveryClient-HeartbeatExecutor-0] [                                                 ] o.s.web.client.RestTemplate              : Response 200 OK
2026-03-02T20:57:13.851+05:30 DEBUG 4028 --- [productService] [DiscoveryClient-CacheRefreshExecutor-0] [                                                 ] o.s.web.client.RestTemplate              : HTTP GET http://localhost:8761/eureka/apps/delta
2026-03-02T20:57:13.852+05:30 DEBUG 4028 --- [productService] [DiscoveryClient-CacheRefreshExecutor-0] [                                                 ] o.s.web.client.RestTemplate              : Accept=[application/json, application/*+json]
2026-03-02T20:57:13.869+05:30 DEBUG 4028 --- [productService] [DiscoveryClient-CacheRefreshExecutor-0] [                                                 ] o.s.web.client.RestTemplate              : Response 200 OK
2026-03-02T20:57:13.871+05:30 DEBUG 4028 --- [productService] [DiscoveryClient-CacheRefreshExecutor-0] [                                                 ] o.s.web.client.RestTemplate              : Reading to [org.springframework.cloud.netflix.eureka.http.EurekaApplications]
2026-03-02T20:57:22.953+05:30 DEBUG 4028 --- [productService] [DiscoveryClient-HeartbeatExecutor-0] [                                                 ] o.s.web.client.RestTemplate              : HTTP PUT http://localhost:8761/eureka/apps/PRODUCTSERVICE/DESKTOP-ECRRR37.mshome.net:productService:8082?status=UP&lastDirtyTimestamp=1772463695185
2026-03-02T20:57:22.954+05:30 DEBUG 4028 --- [productService] [DiscoveryClient-HeartbeatExecutor-0] [                                                 ] o.s.web.client.RestTemplate              : Accept=[application/json, application/*+json]
2026-03-02T20:57:22.996+05:30 DEBUG 4028 --- [productService] [DiscoveryClient-HeartbeatExecutor-0] [                                                 ] o.s.web.client.RestTemplate              : Response 200 OK
2026-03-02T20:57:43.966+05:30 DEBUG 4028 --- [productService] [DiscoveryClient-CacheRefreshExecutor-0] [                                                 ] o.s.web.client.RestTemplate              : HTTP GET http://localhost:8761/eureka/apps/delta
2026-03-02T20:57:43.966+05:30 DEBUG 4028 --- [productService] [DiscoveryClient-CacheRefreshExecutor-0] [                                                 ] o.s.web.client.RestTemplate              : Accept=[application/json, application/*+json]
2026-03-02T20:57:43.985+05:30 DEBUG 4028 --- [productService] [DiscoveryClient-CacheRefreshExecutor-0] [                                                 ] o.s.web.client.RestTemplate              : Response 200 OK
2026-03-02T20:57:43.986+05:30 DEBUG 4028 --- [productService] [DiscoveryClient-CacheRefreshExecutor-0] [                                                 ] o.s.web.client.RestTemplate              : Reading to [org.springframework.cloud.netflix.eureka.http.EurekaApplications]
2026-03-02T20:57:53.008+05:30 DEBUG 4028 --- [productService] [DiscoveryClient-HeartbeatExecutor-0] [                                                 ] o.s.web.client.RestTemplate              : HTTP PUT http://localhost:8761/eureka/apps/PRODUCTSERVICE/DESKTOP-ECRRR37.mshome.net:productService:8082?status=UP&lastDirtyTimestamp=1772463695185
2026-03-02T20:57:53.009+05:30 DEBUG 4028 --- [productService] [DiscoveryClient-HeartbeatExecutor-0] [                                                 ] o.s.web.client.RestTemplate              : Accept=[application/json, application/*+json]
2026-03-02T20:57:53.030+05:30 DEBUG 4028 --- [productService] [DiscoveryClient-HeartbeatExecutor-0] [                                                 ] o.s.web.client.RestTemplate              : Response 200 OK
2026-03-02T20:58:13.991+05:30 DEBUG 4028 --- [productService] [DiscoveryClient-CacheRefreshExecutor-0] [                                                 ] o.s.web.client.RestTemplate              : HTTP GET http://localhost:8761/eureka/apps/delta
2026-03-02T20:58:13.993+05:30 DEBUG 4028 --- [productService] [DiscoveryClient-CacheRefreshExecutor-0] [                                                 ] o.s.web.client.RestTemplate              : Accept=[application/json, application/*+json]
2026-03-02T20:58:14.010+05:30 DEBUG 4028 --- [productService] [DiscoveryClient-CacheRefreshExecutor-0] [                                                 ] o.s.web.client.RestTemplate              : Response 200 OK
2026-03-02T20:58:14.012+05:30 DEBUG 4028 --- [productService] [DiscoveryClient-CacheRefreshExecutor-0] [                                                 ] o.s.web.client.RestTemplate              : Reading to [org.springframework.cloud.netflix.eureka.http.EurekaApplications]
2026-03-02T20:58:23.044+05:30 DEBUG 4028 --- [productService] [DiscoveryClient-HeartbeatExecutor-0] [                                                 ] o.s.web.client.RestTemplate              : HTTP PUT http://localhost:8761/eureka/apps/PRODUCTSERVICE/DESKTOP-ECRRR37.mshome.net:productService:8082?status=UP&lastDirtyTimestamp=1772463695185
2026-03-02T20:58:23.045+05:30 DEBUG 4028 --- [productService] [DiscoveryClient-HeartbeatExecutor-0] [                                                 ] o.s.web.client.RestTemplate              : Accept=[application/json, application/*+json]
2026-03-02T20:58:23.062+05:30 DEBUG 4028 --- [productService] [DiscoveryClient-HeartbeatExecutor-0] [                                                 ] o.s.web.client.RestTemplate              : Response 200 OK
2026-03-02T20:58:44.021+05:30 DEBUG 4028 --- [productService] [DiscoveryClient-CacheRefreshExecutor-0] [                                                 ] o.s.web.client.RestTemplate              : HTTP GET http://localhost:8761/eureka/apps/delta
2026-03-02T20:58:44.023+05:30 DEBUG 4028 --- [productService] [DiscoveryClient-CacheRefreshExecutor-0] [                                                 ] o.s.web.client.RestTemplate              : Accept=[application/json, application/*+json]
2026-03-02T20:58:44.058+05:30 DEBUG 4028 --- [productService] [DiscoveryClient-CacheRefreshExecutor-0] [                                                 ] o.s.web.client.RestTemplate              : Response 200 OK
2026-03-02T20:58:44.059+05:30 DEBUG 4028 --- [productService] [DiscoveryClient-CacheRefreshExecutor-0] [                                                 ] o.s.web.client.RestTemplate              : Reading to [org.springframework.cloud.netflix.eureka.http.EurekaApplications]
2026-03-02T20:58:53.075+05:30 DEBUG 4028 --- [productService] [DiscoveryClient-HeartbeatExecutor-0] [                                                 ] o.s.web.client.RestTemplate              : HTTP PUT http://localhost:8761/eureka/apps/PRODUCTSERVICE/DESKTOP-ECRRR37.mshome.net:productService:8082?status=UP&lastDirtyTimestamp=1772463695185
2026-03-02T20:58:53.076+05:30 DEBUG 4028 --- [productService] [DiscoveryClient-HeartbeatExecutor-0] [                                                 ] o.s.web.client.RestTemplate              : Accept=[application/json, application/*+json]
2026-03-02T20:58:53.093+05:30 DEBUG 4028 --- [productService] [DiscoveryClient-HeartbeatExecutor-0] [                                                 ] o.s.web.client.RestTemplate              : Response 200 OK
2026-03-02T20:59:14.349+05:30 DEBUG 4028 --- [productService] [DiscoveryClient-CacheRefreshExecutor-0] [                                                 ] o.s.web.client.RestTemplate              : HTTP GET http://localhost:8761/eureka/apps/delta
2026-03-02T20:59:14.351+05:30 DEBUG 4028 --- [productService] [DiscoveryClient-CacheRefreshExecutor-0] [                                                 ] o.s.web.client.RestTemplate              : Accept=[application/json, application/*+json]
2026-03-02T20:59:14.381+05:30 DEBUG 4028 --- [productService] [DiscoveryClient-CacheRefreshExecutor-0] [                                                 ] o.s.web.client.RestTemplate              : Response 200 OK
2026-03-02T20:59:14.382+05:30 DEBUG 4028 --- [productService] [DiscoveryClient-CacheRefreshExecutor-0] [                                                 ] o.s.web.client.RestTemplate              : Reading to [org.springframework.cloud.netflix.eureka.http.EurekaApplications]
2026-03-02T20:59:23.201+05:30 DEBUG 4028 --- [productService] [DiscoveryClient-HeartbeatExecutor-0] [                                                 ] o.s.web.client.RestTemplate              : HTTP PUT http://localhost:8761/eureka/apps/PRODUCTSERVICE/DESKTOP-ECRRR37.mshome.net:productService:8082?status=UP&lastDirtyTimestamp=1772463695185
2026-03-02T20:59:23.201+05:30 DEBUG 4028 --- [productService] [DiscoveryClient-HeartbeatExecutor-0] [                                                 ] o.s.web.client.RestTemplate              : Accept=[application/json, application/*+json]
2026-03-02T20:59:23.428+05:30 DEBUG 4028 --- [productService] [DiscoveryClient-HeartbeatExecutor-0] [                                                 ] o.s.web.client.RestTemplate              : Response 200 OK
2026-03-02T20:59:44.429+05:30 DEBUG 4028 --- [productService] [DiscoveryClient-CacheRefreshExecutor-0] [                                                 ] o.s.web.client.RestTemplate              : HTTP GET http://localhost:8761/eureka/apps/delta
2026-03-02T20:59:44.430+05:30 DEBUG 4028 --- [productService] [DiscoveryClient-CacheRefreshExecutor-0] [                                                 ] o.s.web.client.RestTemplate              : Accept=[application/json, application/*+json]
2026-03-02T20:59:44.439+05:30 DEBUG 4028 --- [productService] [DiscoveryClient-CacheRefreshExecutor-0] [                                                 ] o.s.web.client.RestTemplate              : Response 200 OK
2026-03-02T20:59:44.440+05:30 DEBUG 4028 --- [productService] [DiscoveryClient-CacheRefreshExecutor-0] [                                                 ] o.s.web.client.RestTemplate              : Reading to [org.springframework.cloud.netflix.eureka.http.EurekaApplications]
2026-03-02T20:59:53.579+05:30 DEBUG 4028 --- [productService] [DiscoveryClient-HeartbeatExecutor-0] [                                                 ] o.s.web.client.RestTemplate              : HTTP PUT http://localhost:8761/eureka/apps/PRODUCTSERVICE/DESKTOP-ECRRR37.mshome.net:productService:8082?status=UP&lastDirtyTimestamp=1772463695185
2026-03-02T20:59:53.580+05:30 DEBUG 4028 --- [productService] [DiscoveryClient-HeartbeatExecutor-0] [                                                 ] o.s.web.client.RestTemplate              : Accept=[application/json, application/*+json]
2026-03-02T20:59:53.600+05:30 DEBUG 4028 --- [productService] [DiscoveryClient-HeartbeatExecutor-0] [                                                 ] o.s.web.client.RestTemplate              : Response 200 OK
2026-03-02T21:00:14.468+05:30 DEBUG 4028 --- [productService] [DiscoveryClient-CacheRefreshExecutor-0] [                                                 ] o.s.web.client.RestTemplate              : HTTP GET http://localhost:8761/eureka/apps/delta
2026-03-02T21:00:14.469+05:30 DEBUG 4028 --- [productService] [DiscoveryClient-CacheRefreshExecutor-0] [                                                 ] o.s.web.client.RestTemplate              : Accept=[application/json, application/*+json]
2026-03-02T21:00:14.487+05:30 DEBUG 4028 --- [productService] [DiscoveryClient-CacheRefreshExecutor-0] [                                                 ] o.s.web.client.RestTemplate              : Response 200 OK
2026-03-02T21:00:14.489+05:30 DEBUG 4028 --- [productService] [DiscoveryClient-CacheRefreshExecutor-0] [                                                 ] o.s.web.client.RestTemplate              : Reading to [org.springframework.cloud.netflix.eureka.http.EurekaApplications]
2026-03-02T21:00:23.617+05:30 DEBUG 4028 --- [productService] [DiscoveryClient-HeartbeatExecutor-0] [                                                 ] o.s.web.client.RestTemplate              : HTTP PUT http://localhost:8761/eureka/apps/PRODUCTSERVICE/DESKTOP-ECRRR37.mshome.net:productService:8082?status=UP&lastDirtyTimestamp=1772463695185
2026-03-02T21:00:23.618+05:30 DEBUG 4028 --- [productService] [DiscoveryClient-HeartbeatExecutor-0] [                                                 ] o.s.web.client.RestTemplate              : Accept=[application/json, application/*+json]
2026-03-02T21:00:23.636+05:30 DEBUG 4028 --- [productService] [DiscoveryClient-HeartbeatExecutor-0] [                                                 ] o.s.web.client.RestTemplate              : Response 200 OK
2026-03-02T21:00:44.500+05:30 DEBUG 4028 --- [productService] [DiscoveryClient-CacheRefreshExecutor-0] [                                                 ] o.s.web.client.RestTemplate              : HTTP GET http://localhost:8761/eureka/apps/delta
2026-03-02T21:00:44.500+05:30 DEBUG 4028 --- [productService] [DiscoveryClient-CacheRefreshExecutor-0] [                                                 ] o.s.web.client.RestTemplate              : Accept=[application/json, application/*+json]
2026-03-02T21:00:44.782+05:30 DEBUG 4028 --- [productService] [DiscoveryClient-CacheRefreshExecutor-0] [                                                 ] o.s.web.client.RestTemplate              : Response 200 OK
2026-03-02T21:00:44.783+05:30 DEBUG 4028 --- [productService] [DiscoveryClient-CacheRefreshExecutor-0] [                                                 ] o.s.web.client.RestTemplate              : Reading to [org.springframework.cloud.netflix.eureka.http.EurekaApplications]
2026-03-02T21:00:53.649+05:30 DEBUG 4028 --- [productService] [DiscoveryClient-HeartbeatExecutor-0] [                                                 ] o.s.web.client.RestTemplate              : HTTP PUT http://localhost:8761/eureka/apps/PRODUCTSERVICE/DESKTOP-ECRRR37.mshome.net:productService:8082?status=UP&lastDirtyTimestamp=1772463695185
2026-03-02T21:00:53.649+05:30 DEBUG 4028 --- [productService] [DiscoveryClient-HeartbeatExecutor-0] [                                                 ] o.s.web.client.RestTemplate              : Accept=[application/json, application/*+json]
2026-03-02T21:00:53.674+05:30 DEBUG 4028 --- [productService] [DiscoveryClient-HeartbeatExecutor-0] [                                                 ] o.s.web.client.RestTemplate              : Response 200 OK
2026-03-02T21:01:14.797+05:30 DEBUG 4028 --- [productService] [DiscoveryClient-CacheRefreshExecutor-0] [                                                 ] o.s.web.client.RestTemplate              : HTTP GET http://localhost:8761/eureka/apps/delta
2026-03-02T21:01:14.800+05:30 DEBUG 4028 --- [productService] [DiscoveryClient-CacheRefreshExecutor-0] [                                                 ] o.s.web.client.RestTemplate              : Accept=[application/json, application/*+json]
2026-03-02T21:01:14.827+05:30 DEBUG 4028 --- [productService] [DiscoveryClient-CacheRefreshExecutor-0] [                                                 ] o.s.web.client.RestTemplate              : Response 200 OK
2026-03-02T21:01:14.829+05:30 DEBUG 4028 --- [productService] [DiscoveryClient-CacheRefreshExecutor-0] [                                                 ] o.s.web.client.RestTemplate              : Reading to [org.springframework.cloud.netflix.eureka.http.EurekaApplications]
2026-03-02T21:01:23.697+05:30 DEBUG 4028 --- [productService] [DiscoveryClient-HeartbeatExecutor-0] [                                                 ] o.s.web.client.RestTemplate              : HTTP PUT http://localhost:8761/eureka/apps/PRODUCTSERVICE/DESKTOP-ECRRR37.mshome.net:productService:8082?status=UP&lastDirtyTimestamp=1772463695185
2026-03-02T21:01:23.698+05:30 DEBUG 4028 --- [productService] [DiscoveryClient-HeartbeatExecutor-0] [                                                 ] o.s.web.client.RestTemplate              : Accept=[application/json, application/*+json]
2026-03-02T21:01:23.719+05:30 DEBUG 4028 --- [productService] [DiscoveryClient-HeartbeatExecutor-0] [                                                 ] o.s.web.client.RestTemplate              : Response 200 OK
2026-03-02T21:01:39.471+05:30  INFO 4028 --- [productService] [AsyncResolver-bootstrap-executor-0] [                                                 ] c.n.d.s.r.aws.ConfigClusterResolver      : Resolving eureka endpoints via configuration
2026-03-02T21:01:44.874+05:30 DEBUG 4028 --- [productService] [DiscoveryClient-CacheRefreshExecutor-0] [                                                 ] o.s.web.client.RestTemplate              : HTTP GET http://localhost:8761/eureka/apps/delta
2026-03-02T21:01:44.890+05:30 DEBUG 4028 --- [productService] [DiscoveryClient-CacheRefreshExecutor-0] [                                                 ] o.s.web.client.RestTemplate              : Accept=[application/json, application/*+json]
2026-03-02T21:01:44.933+05:30 DEBUG 4028 --- [productService] [DiscoveryClient-CacheRefreshExecutor-0] [                                                 ] o.s.web.client.RestTemplate              : Response 200 OK
2026-03-02T21:01:44.947+05:30 DEBUG 4028 --- [productService] [DiscoveryClient-CacheRefreshExecutor-0] [                                                 ] o.s.web.client.RestTemplate              : Reading to [org.springframework.cloud.netflix.eureka.http.EurekaApplications]
2026-03-02T21:01:53.902+05:30 DEBUG 4028 --- [productService] [DiscoveryClient-HeartbeatExecutor-0] [                                                 ] o.s.web.client.RestTemplate              : HTTP PUT http://localhost:8761/eureka/apps/PRODUCTSERVICE/DESKTOP-ECRRR37.mshome.net:productService:8082?status=UP&lastDirtyTimestamp=1772463695185
2026-03-02T21:01:53.902+05:30 DEBUG 4028 --- [productService] [DiscoveryClient-HeartbeatExecutor-0] [                                                 ] o.s.web.client.RestTemplate              : Accept=[application/json, application/*+json]
2026-03-02T21:01:55.006+05:30 DEBUG 4028 --- [productService] [DiscoveryClient-HeartbeatExecutor-0] [                                                 ] o.s.web.client.RestTemplate              : Response 200 OK
2026-03-02T21:02:15.191+05:30 DEBUG 4028 --- [productService] [DiscoveryClient-CacheRefreshExecutor-0] [                                                 ] o.s.web.client.RestTemplate              : HTTP GET http://localhost:8761/eureka/apps/delta
2026-03-02T21:02:15.270+05:30 DEBUG 4028 --- [productService] [DiscoveryClient-CacheRefreshExecutor-0] [                                                 ] o.s.web.client.RestTemplate              : Accept=[application/json, application/*+json]
2026-03-02T21:02:15.321+05:30 DEBUG 4028 --- [productService] [DiscoveryClient-CacheRefreshExecutor-0] [                                                 ] o.s.web.client.RestTemplate              : Response 200 OK
2026-03-02T21:02:15.331+05:30 DEBUG 4028 --- [productService] [DiscoveryClient-CacheRefreshExecutor-0] [                                                 ] o.s.web.client.RestTemplate              : Reading to [org.springframework.cloud.netflix.eureka.http.EurekaApplications]
2026-03-02T21:02:25.556+05:30 DEBUG 4028 --- [productService] [DiscoveryClient-HeartbeatExecutor-0] [                                                 ] o.s.web.client.RestTemplate              : HTTP PUT http://localhost:8761/eureka/apps/PRODUCTSERVICE/DESKTOP-ECRRR37.mshome.net:productService:8082?status=UP&lastDirtyTimestamp=1772463695185
2026-03-02T21:02:25.557+05:30 DEBUG 4028 --- [productService] [DiscoveryClient-HeartbeatExecutor-0] [                                                 ] o.s.web.client.RestTemplate              : Accept=[application/json, application/*+json]
2026-03-02T21:02:26.026+05:30 DEBUG 4028 --- [productService] [DiscoveryClient-HeartbeatExecutor-0] [                                                 ] o.s.web.client.RestTemplate              : Response 200 OK
2026-03-02T21:02:45.380+05:30 DEBUG 4028 --- [productService] [DiscoveryClient-CacheRefreshExecutor-0] [                                                 ] o.s.web.client.RestTemplate              : HTTP GET http://localhost:8761/eureka/apps/delta
2026-03-02T21:02:45.416+05:30 DEBUG 4028 --- [productService] [DiscoveryClient-CacheRefreshExecutor-0] [                                                 ] o.s.web.client.RestTemplate              : Accept=[application/json, application/*+json]
2026-03-02T21:02:45.563+05:30 DEBUG 4028 --- [productService] [DiscoveryClient-CacheRefreshExecutor-0] [                                                 ] o.s.web.client.RestTemplate              : Response 200 OK
2026-03-02T21:02:45.582+05:30 DEBUG 4028 --- [productService] [DiscoveryClient-CacheRefreshExecutor-0] [                                                 ] o.s.web.client.RestTemplate              : Reading to [org.springframework.cloud.netflix.eureka.http.EurekaApplications]
2026-03-02T21:02:56.562+05:30 DEBUG 4028 --- [productService] [DiscoveryClient-HeartbeatExecutor-0] [                                                 ] o.s.web.client.RestTemplate              : HTTP PUT http://localhost:8761/eureka/apps/PRODUCTSERVICE/DESKTOP-ECRRR37.mshome.net:productService:8082?status=UP&lastDirtyTimestamp=1772463695185
2026-03-02T21:02:56.662+05:30 DEBUG 4028 --- [productService] [DiscoveryClient-HeartbeatExecutor-0] [                                                 ] o.s.web.client.RestTemplate              : Accept=[application/json, application/*+json]
2026-03-02T21:02:57.094+05:30 DEBUG 4028 --- [productService] [DiscoveryClient-HeartbeatExecutor-0] [                                                 ] o.s.web.client.RestTemplate              : Response 200 OK
2026-03-02T21:03:15.604+05:30 DEBUG 4028 --- [productService] [DiscoveryClient-CacheRefreshExecutor-0] [                                                 ] o.s.web.client.RestTemplate              : HTTP GET http://localhost:8761/eureka/apps/delta
2026-03-02T21:03:15.613+05:30 DEBUG 4028 --- [productService] [DiscoveryClient-CacheRefreshExecutor-0] [                                                 ] o.s.web.client.RestTemplate              : Accept=[application/json, application/*+json]
2026-03-02T21:03:15.659+05:30 DEBUG 4028 --- [productService] [DiscoveryClient-CacheRefreshExecutor-0] [                                                 ] o.s.web.client.RestTemplate              : Response 200 OK
2026-03-02T21:03:15.666+05:30 DEBUG 4028 --- [productService] [DiscoveryClient-CacheRefreshExecutor-0] [                                                 ] o.s.web.client.RestTemplate              : Reading to [org.springframework.cloud.netflix.eureka.http.EurekaApplications]
2026-03-02T21:03:27.157+05:30 DEBUG 4028 --- [productService] [DiscoveryClient-HeartbeatExecutor-0] [                                                 ] o.s.web.client.RestTemplate              : HTTP PUT http://localhost:8761/eureka/apps/PRODUCTSERVICE/DESKTOP-ECRRR37.mshome.net:productService:8082?status=UP&lastDirtyTimestamp=1772463695185
2026-03-02T21:03:27.159+05:30 DEBUG 4028 --- [productService] [DiscoveryClient-HeartbeatExecutor-0] [                                                 ] o.s.web.client.RestTemplate              : Accept=[application/json, application/*+json]
2026-03-02T21:03:27.305+05:30 DEBUG 4028 --- [productService] [DiscoveryClient-HeartbeatExecutor-0] [                                                 ] o.s.web.client.RestTemplate              : Response 200 OK
2026-03-02T21:03:48.289+05:30 DEBUG 4028 --- [productService] [DiscoveryClient-CacheRefreshExecutor-0] [                                                 ] o.s.web.client.RestTemplate              : HTTP GET http://localhost:8761/eureka/apps/delta
2026-03-02T21:03:48.324+05:30 DEBUG 4028 --- [productService] [DiscoveryClient-CacheRefreshExecutor-0] [                                                 ] o.s.web.client.RestTemplate              : Accept=[application/json, application/*+json]
2026-03-02T21:03:48.376+05:30 DEBUG 4028 --- [productService] [DiscoveryClient-CacheRefreshExecutor-0] [                                                 ] o.s.web.client.RestTemplate              : Response 200 OK
2026-03-02T21:03:48.383+05:30 DEBUG 4028 --- [productService] [DiscoveryClient-CacheRefreshExecutor-0] [                                                 ] o.s.web.client.RestTemplate              : Reading to [org.springframework.cloud.netflix.eureka.http.EurekaApplications]
2026-03-02T21:03:57.319+05:30 DEBUG 4028 --- [productService] [DiscoveryClient-HeartbeatExecutor-0] [                                                 ] o.s.web.client.RestTemplate              : HTTP PUT http://localhost:8761/eureka/apps/PRODUCTSERVICE/DESKTOP-ECRRR37.mshome.net:productService:8082?status=UP&lastDirtyTimestamp=1772463695185
2026-03-02T21:03:57.319+05:30 DEBUG 4028 --- [productService] [DiscoveryClient-HeartbeatExecutor-0] [                                                 ] o.s.web.client.RestTemplate              : Accept=[application/json, application/*+json]
2026-03-02T21:03:57.336+05:30 DEBUG 4028 --- [productService] [DiscoveryClient-HeartbeatExecutor-0] [                                                 ] o.s.web.client.RestTemplate              : Response 200 OK
2026-03-02T21:04:18.431+05:30 DEBUG 4028 --- [productService] [DiscoveryClient-CacheRefreshExecutor-0] [                                                 ] o.s.web.client.RestTemplate              : HTTP GET http://localhost:8761/eureka/apps/delta
2026-03-02T21:04:18.448+05:30 DEBUG 4028 --- [productService] [DiscoveryClient-CacheRefreshExecutor-0] [                                                 ] o.s.web.client.RestTemplate              : Accept=[application/json, application/*+json]
2026-03-02T21:04:18.563+05:30 DEBUG 4028 --- [productService] [DiscoveryClient-CacheRefreshExecutor-0] [                                                 ] o.s.web.client.RestTemplate              : Response 200 OK
2026-03-02T21:04:18.564+05:30 DEBUG 4028 --- [productService] [DiscoveryClient-CacheRefreshExecutor-0] [                                                 ] o.s.web.client.RestTemplate              : Reading to [org.springframework.cloud.netflix.eureka.http.EurekaApplications]
2026-03-02T21:04:27.645+05:30 DEBUG 4028 --- [productService] [DiscoveryClient-HeartbeatExecutor-0] [                                                 ] o.s.web.client.RestTemplate              : HTTP PUT http://localhost:8761/eureka/apps/PRODUCTSERVICE/DESKTOP-ECRRR37.mshome.net:productService:8082?status=UP&lastDirtyTimestamp=1772463695185
2026-03-02T21:04:27.645+05:30 DEBUG 4028 --- [productService] [DiscoveryClient-HeartbeatExecutor-0] [                                                 ] o.s.web.client.RestTemplate              : Accept=[application/json, application/*+json]
2026-03-02T21:04:34.936+05:30 DEBUG 4028 --- [productService] [DiscoveryClient-HeartbeatExecutor-0] [                                                 ] o.s.web.client.RestTemplate              : Response 200 OK
2026-03-02T21:04:44.812+05:30 DEBUG 4028 --- [productService] [AsyncReporter{org.springframework.boot.actuate.autoconfigure.tracing.zipkin.ZipkinRestTemplateSender@6ff8e744}] [                                                 ] o.s.web.client.RestTemplate              : HTTP POST http://localhost:9411/api/v2/spans
2026-03-02T21:04:44.896+05:30 DEBUG 4028 --- [productService] [AsyncReporter{org.springframework.boot.actuate.autoconfigure.tracing.zipkin.ZipkinRestTemplateSender@6ff8e744}] [                                                 ] o.s.web.client.RestTemplate              : Accept=[application/json, application/*+json]
2026-03-02T21:04:44.901+05:30 DEBUG 4028 --- [productService] [AsyncReporter{org.springframework.boot.actuate.autoconfigure.tracing.zipkin.ZipkinRestTemplateSender@6ff8e744}] [                                                 ] o.s.web.client.RestTemplate              : Writing [[B@7c3612cd] as "application/json"
2026-03-02T21:04:45.422+05:30 DEBUG 4028 --- [productService] [AsyncReporter{org.springframework.boot.actuate.autoconfigure.tracing.zipkin.ZipkinRestTemplateSender@6ff8e744}] [                                                 ] o.s.web.client.RestTemplate              : Response 202 ACCEPTED
2026-03-02T21:04:48.612+05:30 DEBUG 4028 --- [productService] [DiscoveryClient-CacheRefreshExecutor-0] [                                                 ] o.s.web.client.RestTemplate              : HTTP GET http://localhost:8761/eureka/apps/delta
2026-03-02T21:04:48.614+05:30 DEBUG 4028 --- [productService] [DiscoveryClient-CacheRefreshExecutor-0] [                                                 ] o.s.web.client.RestTemplate              : Accept=[application/json, application/*+json]
2026-03-02T21:04:48.651+05:30 DEBUG 4028 --- [productService] [DiscoveryClient-CacheRefreshExecutor-0] [                                                 ] o.s.web.client.RestTemplate              : Response 200 OK
2026-03-02T21:04:48.655+05:30 DEBUG 4028 --- [productService] [DiscoveryClient-CacheRefreshExecutor-0] [                                                 ] o.s.web.client.RestTemplate              : Reading to [org.springframework.cloud.netflix.eureka.http.EurekaApplications]
2026-03-02T21:05:04.974+05:30 DEBUG 4028 --- [productService] [DiscoveryClient-HeartbeatExecutor-0] [                                                 ] o.s.web.client.RestTemplate              : HTTP PUT http://localhost:8761/eureka/apps/PRODUCTSERVICE/DESKTOP-ECRRR37.mshome.net:productService:8082?status=UP&lastDirtyTimestamp=1772463695185
2026-03-02T21:05:04.978+05:30 DEBUG 4028 --- [productService] [DiscoveryClient-HeartbeatExecutor-0] [                                                 ] o.s.web.client.RestTemplate              : Accept=[application/json, application/*+json]
2026-03-02T21:05:05.014+05:30 DEBUG 4028 --- [productService] [DiscoveryClient-HeartbeatExecutor-0] [                                                 ] o.s.web.client.RestTemplate              : Response 200 OK
2026-03-02T21:05:18.667+05:30 DEBUG 4028 --- [productService] [DiscoveryClient-CacheRefreshExecutor-0] [                                                 ] o.s.web.client.RestTemplate              : HTTP GET http://localhost:8761/eureka/apps/delta
2026-03-02T21:05:19.106+05:30 DEBUG 4028 --- [productService] [DiscoveryClient-CacheRefreshExecutor-0] [                                                 ] o.s.web.client.RestTemplate              : Accept=[application/json, application/*+json]
2026-03-02T21:05:20.235+05:30 DEBUG 4028 --- [productService] [DiscoveryClient-CacheRefreshExecutor-0] [                                                 ] o.s.web.client.RestTemplate              : Response 200 OK
2026-03-02T21:05:20.235+05:30 DEBUG 4028 --- [productService] [DiscoveryClient-CacheRefreshExecutor-0] [                                                 ] o.s.web.client.RestTemplate              : Reading to [org.springframework.cloud.netflix.eureka.http.EurekaApplications]
2026-03-02T21:05:35.021+05:30 DEBUG 4028 --- [productService] [DiscoveryClient-HeartbeatExecutor-0] [                                                 ] o.s.web.client.RestTemplate              : HTTP PUT http://localhost:8761/eureka/apps/PRODUCTSERVICE/DESKTOP-ECRRR37.mshome.net:productService:8082?status=UP&lastDirtyTimestamp=1772463695185
2026-03-02T21:05:35.024+05:30 DEBUG 4028 --- [productService] [DiscoveryClient-HeartbeatExecutor-0] [                                                 ] o.s.web.client.RestTemplate              : Accept=[application/json, application/*+json]
2026-03-02T21:05:35.049+05:30 DEBUG 4028 --- [productService] [DiscoveryClient-HeartbeatExecutor-0] [                                                 ] o.s.web.client.RestTemplate              : Response 200 OK
2026-03-02T21:05:50.382+05:30 DEBUG 4028 --- [productService] [DiscoveryClient-CacheRefreshExecutor-0] [                                                 ] o.s.web.client.RestTemplate              : HTTP GET http://localhost:8761/eureka/apps/delta
2026-03-02T21:05:50.383+05:30 DEBUG 4028 --- [productService] [DiscoveryClient-CacheRefreshExecutor-0] [                                                 ] o.s.web.client.RestTemplate              : Accept=[application/json, application/*+json]
2026-03-02T21:05:50.395+05:30 DEBUG 4028 --- [productService] [DiscoveryClient-CacheRefreshExecutor-0] [                                                 ] o.s.web.client.RestTemplate              : Response 200 OK
2026-03-02T21:05:50.526+05:30 DEBUG 4028 --- [productService] [DiscoveryClient-CacheRefreshExecutor-0] [                                                 ] o.s.web.client.RestTemplate              : Reading to [org.springframework.cloud.netflix.eureka.http.EurekaApplications]
2026-03-02T21:06:05.065+05:30 DEBUG 4028 --- [productService] [DiscoveryClient-HeartbeatExecutor-0] [                                                 ] o.s.web.client.RestTemplate              : HTTP PUT http://localhost:8761/eureka/apps/PRODUCTSERVICE/DESKTOP-ECRRR37.mshome.net:productService:8082?status=UP&lastDirtyTimestamp=1772463695185
2026-03-02T21:06:05.067+05:30 DEBUG 4028 --- [productService] [DiscoveryClient-HeartbeatExecutor-0] [                                                 ] o.s.web.client.RestTemplate              : Accept=[application/json, application/*+json]
2026-03-02T21:06:05.090+05:30 DEBUG 4028 --- [productService] [DiscoveryClient-HeartbeatExecutor-0] [                                                 ] o.s.web.client.RestTemplate              : Response 200 OK
2026-03-02T21:06:20.755+05:30 DEBUG 4028 --- [productService] [DiscoveryClient-CacheRefreshExecutor-0] [                                                 ] o.s.web.client.RestTemplate              : HTTP GET http://localhost:8761/eureka/apps/delta
2026-03-02T21:06:20.762+05:30 DEBUG 4028 --- [productService] [DiscoveryClient-CacheRefreshExecutor-0] [                                                 ] o.s.web.client.RestTemplate              : Accept=[application/json, application/*+json]
2026-03-02T21:06:20.787+05:30 DEBUG 4028 --- [productService] [DiscoveryClient-CacheRefreshExecutor-0] [                                                 ] o.s.web.client.RestTemplate              : Response 200 OK
2026-03-02T21:06:20.790+05:30 DEBUG 4028 --- [productService] [DiscoveryClient-CacheRefreshExecutor-0] [                                                 ] o.s.web.client.RestTemplate              : Reading to [org.springframework.cloud.netflix.eureka.http.EurekaApplications]
2026-03-02T21:06:35.382+05:30 DEBUG 4028 --- [productService] [DiscoveryClient-HeartbeatExecutor-0] [                                                 ] o.s.web.client.RestTemplate              : HTTP PUT http://localhost:8761/eureka/apps/PRODUCTSERVICE/DESKTOP-ECRRR37.mshome.net:productService:8082?status=UP&lastDirtyTimestamp=1772463695185
2026-03-02T21:06:35.383+05:30 DEBUG 4028 --- [productService] [DiscoveryClient-HeartbeatExecutor-0] [                                                 ] o.s.web.client.RestTemplate              : Accept=[application/json, application/*+json]
2026-03-02T21:06:35.399+05:30 DEBUG 4028 --- [productService] [DiscoveryClient-HeartbeatExecutor-0] [                                                 ] o.s.web.client.RestTemplate              : Response 200 OK
2026-03-02T21:06:39.771+05:30  INFO 4028 --- [productService] [AsyncResolver-bootstrap-executor-0] [                                                 ] c.n.d.s.r.aws.ConfigClusterResolver      : Resolving eureka endpoints via configuration
2026-03-02T21:06:50.809+05:30 DEBUG 4028 --- [productService] [DiscoveryClient-CacheRefreshExecutor-0] [                                                 ] o.s.web.client.RestTemplate              : HTTP GET http://localhost:8761/eureka/apps/delta
2026-03-02T21:06:50.811+05:30 DEBUG 4028 --- [productService] [DiscoveryClient-CacheRefreshExecutor-0] [                                                 ] o.s.web.client.RestTemplate              : Accept=[application/json, application/*+json]
2026-03-02T21:06:50.830+05:30 DEBUG 4028 --- [productService] [DiscoveryClient-CacheRefreshExecutor-0] [                                                 ] o.s.web.client.RestTemplate              : Response 200 OK
2026-03-02T21:06:50.832+05:30 DEBUG 4028 --- [productService] [DiscoveryClient-CacheRefreshExecutor-0] [                                                 ] o.s.web.client.RestTemplate              : Reading to [org.springframework.cloud.netflix.eureka.http.EurekaApplications]
2026-03-02T21:07:05.407+05:30 DEBUG 4028 --- [productService] [DiscoveryClient-HeartbeatExecutor-0] [                                                 ] o.s.web.client.RestTemplate              : HTTP PUT http://localhost:8761/eureka/apps/PRODUCTSERVICE/DESKTOP-ECRRR37.mshome.net:productService:8082?status=UP&lastDirtyTimestamp=1772463695185
2026-03-02T21:07:05.409+05:30 DEBUG 4028 --- [productService] [DiscoveryClient-HeartbeatExecutor-0] [                                                 ] o.s.web.client.RestTemplate              : Accept=[application/json, application/*+json]
2026-03-02T21:07:05.434+05:30 DEBUG 4028 --- [productService] [DiscoveryClient-HeartbeatExecutor-0] [                                                 ] o.s.web.client.RestTemplate              : Response 200 OK
2026-03-02T21:07:20.854+05:30 DEBUG 4028 --- [productService] [DiscoveryClient-CacheRefreshExecutor-0] [                                                 ] o.s.web.client.RestTemplate              : HTTP GET http://localhost:8761/eureka/apps/delta
2026-03-02T21:07:22.074+05:30 DEBUG 4028 --- [productService] [DiscoveryClient-CacheRefreshExecutor-0] [                                                 ] o.s.web.client.RestTemplate              : Accept=[application/json, application/*+json]
2026-03-02T21:07:22.255+05:30 DEBUG 4028 --- [productService] [DiscoveryClient-CacheRefreshExecutor-0] [                                                 ] o.s.web.client.RestTemplate              : Response 200 OK
2026-03-02T21:07:22.256+05:30 DEBUG 4028 --- [productService] [DiscoveryClient-CacheRefreshExecutor-0] [                                                 ] o.s.web.client.RestTemplate              : Reading to [org.springframework.cloud.netflix.eureka.http.EurekaApplications]
2026-03-02T21:07:35.465+05:30 DEBUG 4028 --- [productService] [DiscoveryClient-HeartbeatExecutor-0] [                                                 ] o.s.web.client.RestTemplate              : HTTP PUT http://localhost:8761/eureka/apps/PRODUCTSERVICE/DESKTOP-ECRRR37.mshome.net:productService:8082?status=UP&lastDirtyTimestamp=1772463695185
2026-03-02T21:07:35.466+05:30 DEBUG 4028 --- [productService] [DiscoveryClient-HeartbeatExecutor-0] [                                                 ] o.s.web.client.RestTemplate              : Accept=[application/json, application/*+json]
2026-03-02T21:07:35.499+05:30 DEBUG 4028 --- [productService] [DiscoveryClient-HeartbeatExecutor-0] [                                                 ] o.s.web.client.RestTemplate              : Response 200 OK
2026-03-02T21:07:52.468+05:30 DEBUG 4028 --- [productService] [DiscoveryClient-CacheRefreshExecutor-0] [                                                 ] o.s.web.client.RestTemplate              : HTTP GET http://localhost:8761/eureka/apps/delta
2026-03-02T21:07:52.468+05:30 DEBUG 4028 --- [productService] [DiscoveryClient-CacheRefreshExecutor-0] [                                                 ] o.s.web.client.RestTemplate              : Accept=[application/json, application/*+json]
2026-03-02T21:07:52.486+05:30 DEBUG 4028 --- [productService] [DiscoveryClient-CacheRefreshExecutor-0] [                                                 ] o.s.web.client.RestTemplate              : Response 200 OK
2026-03-02T21:07:52.487+05:30 DEBUG 4028 --- [productService] [DiscoveryClient-CacheRefreshExecutor-0] [                                                 ] o.s.web.client.RestTemplate              : Reading to [org.springframework.cloud.netflix.eureka.http.EurekaApplications]
2026-03-02T21:08:05.540+05:30 DEBUG 4028 --- [productService] [DiscoveryClient-HeartbeatExecutor-0] [                                                 ] o.s.web.client.RestTemplate              : HTTP PUT http://localhost:8761/eureka/apps/PRODUCTSERVICE/DESKTOP-ECRRR37.mshome.net:productService:8082?status=UP&lastDirtyTimestamp=1772463695185
2026-03-02T21:08:05.543+05:30 DEBUG 4028 --- [productService] [DiscoveryClient-HeartbeatExecutor-0] [                                                 ] o.s.web.client.RestTemplate              : Accept=[application/json, application/*+json]
2026-03-02T21:08:05.572+05:30 DEBUG 4028 --- [productService] [DiscoveryClient-HeartbeatExecutor-0] [                                                 ] o.s.web.client.RestTemplate              : Response 200 OK
2026-03-02T21:08:22.504+05:30 DEBUG 4028 --- [productService] [DiscoveryClient-CacheRefreshExecutor-0] [                                                 ] o.s.web.client.RestTemplate              : HTTP GET http://localhost:8761/eureka/apps/delta
2026-03-02T21:08:22.505+05:30 DEBUG 4028 --- [productService] [DiscoveryClient-CacheRefreshExecutor-0] [                                                 ] o.s.web.client.RestTemplate              : Accept=[application/json, application/*+json]
2026-03-02T21:08:22.521+05:30 DEBUG 4028 --- [productService] [DiscoveryClient-CacheRefreshExecutor-0] [                                                 ] o.s.web.client.RestTemplate              : Response 200 OK
2026-03-02T21:08:22.521+05:30 DEBUG 4028 --- [productService] [DiscoveryClient-CacheRefreshExecutor-0] [                                                 ] o.s.web.client.RestTemplate              : Reading to [org.springframework.cloud.netflix.eureka.http.EurekaApplications]
2026-03-02T21:08:35.579+05:30 DEBUG 4028 --- [productService] [DiscoveryClient-HeartbeatExecutor-0] [                                                 ] o.s.web.client.RestTemplate              : HTTP PUT http://localhost:8761/eureka/apps/PRODUCTSERVICE/DESKTOP-ECRRR37.mshome.net:productService:8082?status=UP&lastDirtyTimestamp=1772463695185
2026-03-02T21:08:35.580+05:30 DEBUG 4028 --- [productService] [DiscoveryClient-HeartbeatExecutor-0] [                                                 ] o.s.web.client.RestTemplate              : Accept=[application/json, application/*+json]
2026-03-02T21:08:35.598+05:30 DEBUG 4028 --- [productService] [DiscoveryClient-HeartbeatExecutor-0] [                                                 ] o.s.web.client.RestTemplate              : Response 200 OK
2026-03-02T21:08:52.679+05:30 DEBUG 4028 --- [productService] [DiscoveryClient-CacheRefreshExecutor-0] [                                                 ] o.s.web.client.RestTemplate              : HTTP GET http://localhost:8761/eureka/apps/delta
2026-03-02T21:08:52.680+05:30 DEBUG 4028 --- [productService] [DiscoveryClient-CacheRefreshExecutor-0] [                                                 ] o.s.web.client.RestTemplate              : Accept=[application/json, application/*+json]
2026-03-02T21:08:52.797+05:30 DEBUG 4028 --- [productService] [DiscoveryClient-CacheRefreshExecutor-0] [                                                 ] o.s.web.client.RestTemplate              : Response 200 OK
2026-03-02T21:08:52.798+05:30 DEBUG 4028 --- [productService] [DiscoveryClient-CacheRefreshExecutor-0] [                                                 ] o.s.web.client.RestTemplate              : Reading to [org.springframework.cloud.netflix.eureka.http.EurekaApplications]
2026-03-02T21:09:05.613+05:30 DEBUG 4028 --- [productService] [DiscoveryClient-HeartbeatExecutor-0] [                                                 ] o.s.web.client.RestTemplate              : HTTP PUT http://localhost:8761/eureka/apps/PRODUCTSERVICE/DESKTOP-ECRRR37.mshome.net:productService:8082?status=UP&lastDirtyTimestamp=1772463695185
2026-03-02T21:09:05.615+05:30 DEBUG 4028 --- [productService] [DiscoveryClient-HeartbeatExecutor-0] [                                                 ] o.s.web.client.RestTemplate              : Accept=[application/json, application/*+json]
2026-03-02T21:09:05.634+05:30 DEBUG 4028 --- [productService] [DiscoveryClient-HeartbeatExecutor-0] [                                                 ] o.s.web.client.RestTemplate              : Response 200 OK
2026-03-02T21:09:23.005+05:30 DEBUG 4028 --- [productService] [DiscoveryClient-CacheRefreshExecutor-0] [                                                 ] o.s.web.client.RestTemplate              : HTTP GET http://localhost:8761/eureka/apps/delta
2026-03-02T21:09:23.006+05:30 DEBUG 4028 --- [productService] [DiscoveryClient-CacheRefreshExecutor-0] [                                                 ] o.s.web.client.RestTemplate              : Accept=[application/json, application/*+json]
2026-03-02T21:09:23.095+05:30 DEBUG 4028 --- [productService] [DiscoveryClient-CacheRefreshExecutor-0] [                                                 ] o.s.web.client.RestTemplate              : Response 200 OK
2026-03-02T21:09:23.096+05:30 DEBUG 4028 --- [productService] [DiscoveryClient-CacheRefreshExecutor-0] [                                                 ] o.s.web.client.RestTemplate              : Reading to [org.springframework.cloud.netflix.eureka.http.EurekaApplications]
2026-03-02T21:09:35.647+05:30 DEBUG 4028 --- [productService] [DiscoveryClient-HeartbeatExecutor-0] [                                                 ] o.s.web.client.RestTemplate              : HTTP PUT http://localhost:8761/eureka/apps/PRODUCTSERVICE/DESKTOP-ECRRR37.mshome.net:productService:8082?status=UP&lastDirtyTimestamp=1772463695185
2026-03-02T21:09:35.649+05:30 DEBUG 4028 --- [productService] [DiscoveryClient-HeartbeatExecutor-0] [                                                 ] o.s.web.client.RestTemplate              : Accept=[application/json, application/*+json]
2026-03-02T21:09:35.666+05:30 DEBUG 4028 --- [productService] [DiscoveryClient-HeartbeatExecutor-0] [                                                 ] o.s.web.client.RestTemplate              : Response 200 OK
2026-03-02T21:09:53.238+05:30 DEBUG 4028 --- [productService] [DiscoveryClient-CacheRefreshExecutor-0] [                                                 ] o.s.web.client.RestTemplate              : HTTP GET http://localhost:8761/eureka/apps/delta
2026-03-02T21:09:53.239+05:30 DEBUG 4028 --- [productService] [DiscoveryClient-CacheRefreshExecutor-0] [                                                 ] o.s.web.client.RestTemplate              : Accept=[application/json, application/*+json]
2026-03-02T21:09:53.254+05:30 DEBUG 4028 --- [productService] [DiscoveryClient-CacheRefreshExecutor-0] [                                                 ] o.s.web.client.RestTemplate              : Response 200 OK
2026-03-02T21:09:53.256+05:30 DEBUG 4028 --- [productService] [DiscoveryClient-CacheRefreshExecutor-0] [                                                 ] o.s.web.client.RestTemplate              : Reading to [org.springframework.cloud.netflix.eureka.http.EurekaApplications]
2026-03-02T21:10:05.678+05:30 DEBUG 4028 --- [productService] [DiscoveryClient-HeartbeatExecutor-0] [                                                 ] o.s.web.client.RestTemplate              : HTTP PUT http://localhost:8761/eureka/apps/PRODUCTSERVICE/DESKTOP-ECRRR37.mshome.net:productService:8082?status=UP&lastDirtyTimestamp=1772463695185
2026-03-02T21:10:05.679+05:30 DEBUG 4028 --- [productService] [DiscoveryClient-HeartbeatExecutor-0] [                                                 ] o.s.web.client.RestTemplate              : Accept=[application/json, application/*+json]
2026-03-02T21:10:05.693+05:30 DEBUG 4028 --- [productService] [DiscoveryClient-HeartbeatExecutor-0] [                                                 ] o.s.web.client.RestTemplate              : Response 200 OK
2026-03-02T21:10:23.365+05:30 DEBUG 4028 --- [productService] [DiscoveryClient-CacheRefreshExecutor-0] [                                                 ] o.s.web.client.RestTemplate              : HTTP GET http://localhost:8761/eureka/apps/delta
2026-03-02T21:10:23.424+05:30 DEBUG 4028 --- [productService] [DiscoveryClient-CacheRefreshExecutor-0] [                                                 ] o.s.web.client.RestTemplate              : Accept=[application/json, application/*+json]
2026-03-02T21:10:23.526+05:30 DEBUG 4028 --- [productService] [DiscoveryClient-CacheRefreshExecutor-0] [                                                 ] o.s.web.client.RestTemplate              : Response 200 OK
2026-03-02T21:10:23.527+05:30 DEBUG 4028 --- [productService] [DiscoveryClient-CacheRefreshExecutor-0] [                                                 ] o.s.web.client.RestTemplate              : Reading to [org.springframework.cloud.netflix.eureka.http.EurekaApplications]
2026-03-02T21:10:35.789+05:30 DEBUG 4028 --- [productService] [DiscoveryClient-HeartbeatExecutor-0] [                                                 ] o.s.web.client.RestTemplate              : HTTP PUT http://localhost:8761/eureka/apps/PRODUCTSERVICE/DESKTOP-ECRRR37.mshome.net:productService:8082?status=UP&lastDirtyTimestamp=1772463695185
2026-03-02T21:10:35.810+05:30 DEBUG 4028 --- [productService] [DiscoveryClient-HeartbeatExecutor-0] [                                                 ] o.s.web.client.RestTemplate              : Accept=[application/json, application/*+json]
2026-03-02T21:10:35.822+05:30 DEBUG 4028 --- [productService] [DiscoveryClient-HeartbeatExecutor-0] [                                                 ] o.s.web.client.RestTemplate              : Response 200 OK
2026-03-02T21:10:53.729+05:30 DEBUG 4028 --- [productService] [DiscoveryClient-CacheRefreshExecutor-0] [                                                 ] o.s.web.client.RestTemplate              : HTTP GET http://localhost:8761/eureka/apps/delta
2026-03-02T21:10:53.730+05:30 DEBUG 4028 --- [productService] [DiscoveryClient-CacheRefreshExecutor-0] [                                                 ] o.s.web.client.RestTemplate              : Accept=[application/json, application/*+json]
2026-03-02T21:10:53.746+05:30 DEBUG 4028 --- [productService] [DiscoveryClient-CacheRefreshExecutor-0] [                                                 ] o.s.web.client.RestTemplate              : Response 200 OK
2026-03-02T21:10:53.748+05:30 DEBUG 4028 --- [productService] [DiscoveryClient-CacheRefreshExecutor-0] [                                                 ] o.s.web.client.RestTemplate              : Reading to [org.springframework.cloud.netflix.eureka.http.EurekaApplications]
2026-03-02T21:11:05.977+05:30 DEBUG 4028 --- [productService] [DiscoveryClient-HeartbeatExecutor-0] [                                                 ] o.s.web.client.RestTemplate              : HTTP PUT http://localhost:8761/eureka/apps/PRODUCTSERVICE/DESKTOP-ECRRR37.mshome.net:productService:8082?status=UP&lastDirtyTimestamp=1772463695185
2026-03-02T21:11:05.978+05:30 DEBUG 4028 --- [productService] [DiscoveryClient-HeartbeatExecutor-0] [                                                 ] o.s.web.client.RestTemplate              : Accept=[application/json, application/*+json]
2026-03-02T21:11:05.995+05:30 DEBUG 4028 --- [productService] [DiscoveryClient-HeartbeatExecutor-0] [                                                 ] o.s.web.client.RestTemplate              : Response 200 OK
2026-03-02T21:11:23.762+05:30 DEBUG 4028 --- [productService] [DiscoveryClient-CacheRefreshExecutor-0] [                                                 ] o.s.web.client.RestTemplate              : HTTP GET http://localhost:8761/eureka/apps/delta
2026-03-02T21:11:23.763+05:30 DEBUG 4028 --- [productService] [DiscoveryClient-CacheRefreshExecutor-0] [                                                 ] o.s.web.client.RestTemplate              : Accept=[application/json, application/*+json]
2026-03-02T21:11:23.780+05:30 DEBUG 4028 --- [productService] [DiscoveryClient-CacheRefreshExecutor-0] [                                                 ] o.s.web.client.RestTemplate              : Response 200 OK
2026-03-02T21:11:23.781+05:30 DEBUG 4028 --- [productService] [DiscoveryClient-CacheRefreshExecutor-0] [                                                 ] o.s.web.client.RestTemplate              : Reading to [org.springframework.cloud.netflix.eureka.http.EurekaApplications]
2026-03-02T21:11:36.001+05:30 DEBUG 4028 --- [productService] [DiscoveryClient-HeartbeatExecutor-0] [                                                 ] o.s.web.client.RestTemplate              : HTTP PUT http://localhost:8761/eureka/apps/PRODUCTSERVICE/DESKTOP-ECRRR37.mshome.net:productService:8082?status=UP&lastDirtyTimestamp=1772463695185
2026-03-02T21:11:36.001+05:30 DEBUG 4028 --- [productService] [DiscoveryClient-HeartbeatExecutor-0] [                                                 ] o.s.web.client.RestTemplate              : Accept=[application/json, application/*+json]
2026-03-02T21:11:36.176+05:30 DEBUG 4028 --- [productService] [DiscoveryClient-HeartbeatExecutor-0] [                                                 ] o.s.web.client.RestTemplate              : Response 200 OK
2026-03-02T21:11:41.027+05:30  INFO 4028 --- [productService] [AsyncResolver-bootstrap-executor-0] [                                                 ] c.n.d.s.r.aws.ConfigClusterResolver      : Resolving eureka endpoints via configuration
2026-03-02T21:11:53.797+05:30 DEBUG 4028 --- [productService] [DiscoveryClient-CacheRefreshExecutor-0] [                                                 ] o.s.web.client.RestTemplate              : HTTP GET http://localhost:8761/eureka/apps/delta
2026-03-02T21:11:53.798+05:30 DEBUG 4028 --- [productService] [DiscoveryClient-CacheRefreshExecutor-0] [                                                 ] o.s.web.client.RestTemplate              : Accept=[application/json, application/*+json]
2026-03-02T21:11:53.817+05:30 DEBUG 4028 --- [productService] [DiscoveryClient-CacheRefreshExecutor-0] [                                                 ] o.s.web.client.RestTemplate              : Response 200 OK
2026-03-02T21:11:53.817+05:30 DEBUG 4028 --- [productService] [DiscoveryClient-CacheRefreshExecutor-0] [                                                 ] o.s.web.client.RestTemplate              : Reading to [org.springframework.cloud.netflix.eureka.http.EurekaApplications]
2026-03-02T21:12:06.327+05:30 DEBUG 4028 --- [productService] [DiscoveryClient-HeartbeatExecutor-0] [                                                 ] o.s.web.client.RestTemplate              : HTTP PUT http://localhost:8761/eureka/apps/PRODUCTSERVICE/DESKTOP-ECRRR37.mshome.net:productService:8082?status=UP&lastDirtyTimestamp=1772463695185
2026-03-02T21:12:06.328+05:30 DEBUG 4028 --- [productService] [DiscoveryClient-HeartbeatExecutor-0] [                                                 ] o.s.web.client.RestTemplate              : Accept=[application/json, application/*+json]
2026-03-02T21:12:06.347+05:30 DEBUG 4028 --- [productService] [DiscoveryClient-HeartbeatExecutor-0] [                                                 ] o.s.web.client.RestTemplate              : Response 200 OK
2026-03-02T21:12:23.831+05:30 DEBUG 4028 --- [productService] [DiscoveryClient-CacheRefreshExecutor-0] [                                                 ] o.s.web.client.RestTemplate              : HTTP GET http://localhost:8761/eureka/apps/delta
2026-03-02T21:12:23.949+05:30 DEBUG 4028 --- [productService] [DiscoveryClient-CacheRefreshExecutor-0] [                                                 ] o.s.web.client.RestTemplate              : Accept=[application/json, application/*+json]
2026-03-02T21:12:24.055+05:30 DEBUG 4028 --- [productService] [DiscoveryClient-CacheRefreshExecutor-0] [                                                 ] o.s.web.client.RestTemplate              : Response 200 OK
2026-03-02T21:12:24.056+05:30 DEBUG 4028 --- [productService] [DiscoveryClient-CacheRefreshExecutor-0] [                                                 ] o.s.web.client.RestTemplate              : Reading to [org.springframework.cloud.netflix.eureka.http.EurekaApplications]
2026-03-02T21:12:36.478+05:30 DEBUG 4028 --- [productService] [DiscoveryClient-HeartbeatExecutor-0] [                                                 ] o.s.web.client.RestTemplate              : HTTP PUT http://localhost:8761/eureka/apps/PRODUCTSERVICE/DESKTOP-ECRRR37.mshome.net:productService:8082?status=UP&lastDirtyTimestamp=1772463695185
2026-03-02T21:12:36.478+05:30 DEBUG 4028 --- [productService] [DiscoveryClient-HeartbeatExecutor-0] [                                                 ] o.s.web.client.RestTemplate              : Accept=[application/json, application/*+json]
2026-03-02T21:12:36.497+05:30 DEBUG 4028 --- [productService] [DiscoveryClient-HeartbeatExecutor-0] [                                                 ] o.s.web.client.RestTemplate              : Response 200 OK
2026-03-02T21:12:54.150+05:30 DEBUG 4028 --- [productService] [DiscoveryClient-CacheRefreshExecutor-0] [                                                 ] o.s.web.client.RestTemplate              : HTTP GET http://localhost:8761/eureka/apps/delta
2026-03-02T21:12:54.151+05:30 DEBUG 4028 --- [productService] [DiscoveryClient-CacheRefreshExecutor-0] [                                                 ] o.s.web.client.RestTemplate              : Accept=[application/json, application/*+json]
2026-03-02T21:12:54.167+05:30 DEBUG 4028 --- [productService] [DiscoveryClient-CacheRefreshExecutor-0] [                                                 ] o.s.web.client.RestTemplate              : Response 200 OK
2026-03-02T21:12:54.167+05:30 DEBUG 4028 --- [productService] [DiscoveryClient-CacheRefreshExecutor-0] [                                                 ] o.s.web.client.RestTemplate              : Reading to [org.springframework.cloud.netflix.eureka.http.EurekaApplications]
2026-03-02T21:13:06.508+05:30 DEBUG 4028 --- [productService] [DiscoveryClient-HeartbeatExecutor-0] [                                                 ] o.s.web.client.RestTemplate              : HTTP PUT http://localhost:8761/eureka/apps/PRODUCTSERVICE/DESKTOP-ECRRR37.mshome.net:productService:8082?status=UP&lastDirtyTimestamp=1772463695185
2026-03-02T21:13:06.508+05:30 DEBUG 4028 --- [productService] [DiscoveryClient-HeartbeatExecutor-0] [                                                 ] o.s.web.client.RestTemplate              : Accept=[application/json, application/*+json]
2026-03-02T21:13:06.525+05:30 DEBUG 4028 --- [productService] [DiscoveryClient-HeartbeatExecutor-0] [                                                 ] o.s.web.client.RestTemplate              : Response 200 OK
2026-03-02T21:13:24.185+05:30 DEBUG 4028 --- [productService] [DiscoveryClient-CacheRefreshExecutor-0] [                                                 ] o.s.web.client.RestTemplate              : HTTP GET http://localhost:8761/eureka/apps/delta
2026-03-02T21:13:24.185+05:30 DEBUG 4028 --- [productService] [DiscoveryClient-CacheRefreshExecutor-0] [                                                 ] o.s.web.client.RestTemplate              : Accept=[application/json, application/*+json]
2026-03-02T21:13:24.202+05:30 DEBUG 4028 --- [productService] [DiscoveryClient-CacheRefreshExecutor-0] [                                                 ] o.s.web.client.RestTemplate              : Response 200 OK
2026-03-02T21:13:24.202+05:30 DEBUG 4028 --- [productService] [DiscoveryClient-CacheRefreshExecutor-0] [                                                 ] o.s.web.client.RestTemplate              : Reading to [org.springframework.cloud.netflix.eureka.http.EurekaApplications]
2026-03-02T21:13:36.540+05:30 DEBUG 4028 --- [productService] [DiscoveryClient-HeartbeatExecutor-0] [                                                 ] o.s.web.client.RestTemplate              : HTTP PUT http://localhost:8761/eureka/apps/PRODUCTSERVICE/DESKTOP-ECRRR37.mshome.net:productService:8082?status=UP&lastDirtyTimestamp=1772463695185
2026-03-02T21:13:36.540+05:30 DEBUG 4028 --- [productService] [DiscoveryClient-HeartbeatExecutor-0] [                                                 ] o.s.web.client.RestTemplate              : Accept=[application/json, application/*+json]
2026-03-02T21:13:36.558+05:30 DEBUG 4028 --- [productService] [DiscoveryClient-HeartbeatExecutor-0] [                                                 ] o.s.web.client.RestTemplate              : Response 200 OK
2026-03-02T21:13:54.219+05:30 DEBUG 4028 --- [productService] [DiscoveryClient-CacheRefreshExecutor-0] [                                                 ] o.s.web.client.RestTemplate              : HTTP GET http://localhost:8761/eureka/apps/delta
2026-03-02T21:13:54.219+05:30 DEBUG 4028 --- [productService] [DiscoveryClient-CacheRefreshExecutor-0] [                                                 ] o.s.web.client.RestTemplate              : Accept=[application/json, application/*+json]
2026-03-02T21:13:54.236+05:30 DEBUG 4028 --- [productService] [DiscoveryClient-CacheRefreshExecutor-0] [                                                 ] o.s.web.client.RestTemplate              : Response 200 OK
2026-03-02T21:13:54.237+05:30 DEBUG 4028 --- [productService] [DiscoveryClient-CacheRefreshExecutor-0] [                                                 ] o.s.web.client.RestTemplate              : Reading to [org.springframework.cloud.netflix.eureka.http.EurekaApplications]
2026-03-02T21:14:06.563+05:30 DEBUG 4028 --- [productService] [DiscoveryClient-HeartbeatExecutor-0] [                                                 ] o.s.web.client.RestTemplate              : HTTP PUT http://localhost:8761/eureka/apps/PRODUCTSERVICE/DESKTOP-ECRRR37.mshome.net:productService:8082?status=UP&lastDirtyTimestamp=1772463695185
2026-03-02T21:14:06.563+05:30 DEBUG 4028 --- [productService] [DiscoveryClient-HeartbeatExecutor-0] [                                                 ] o.s.web.client.RestTemplate              : Accept=[application/json, application/*+json]
2026-03-02T21:14:06.581+05:30 DEBUG 4028 --- [productService] [DiscoveryClient-HeartbeatExecutor-0] [                                                 ] o.s.web.client.RestTemplate              : Response 200 OK
2026-03-02T21:14:24.242+05:30 DEBUG 4028 --- [productService] [DiscoveryClient-CacheRefreshExecutor-0] [                                                 ] o.s.web.client.RestTemplate              : HTTP GET http://localhost:8761/eureka/apps/delta
2026-03-02T21:14:24.243+05:30 DEBUG 4028 --- [productService] [DiscoveryClient-CacheRefreshExecutor-0] [                                                 ] o.s.web.client.RestTemplate              : Accept=[application/json, application/*+json]
2026-03-02T21:14:24.259+05:30 DEBUG 4028 --- [productService] [DiscoveryClient-CacheRefreshExecutor-0] [                                                 ] o.s.web.client.RestTemplate              : Response 200 OK
2026-03-02T21:14:24.260+05:30 DEBUG 4028 --- [productService] [DiscoveryClient-CacheRefreshExecutor-0] [                                                 ] o.s.web.client.RestTemplate              : Reading to [org.springframework.cloud.netflix.eureka.http.EurekaApplications]
2026-03-02T21:14:36.589+05:30 DEBUG 4028 --- [productService] [DiscoveryClient-HeartbeatExecutor-0] [                                                 ] o.s.web.client.RestTemplate              : HTTP PUT http://localhost:8761/eureka/apps/PRODUCTSERVICE/DESKTOP-ECRRR37.mshome.net:productService:8082?status=UP&lastDirtyTimestamp=1772463695185
2026-03-02T21:14:36.589+05:30 DEBUG 4028 --- [productService] [DiscoveryClient-HeartbeatExecutor-0] [                                                 ] o.s.web.client.RestTemplate              : Accept=[application/json, application/*+json]
2026-03-02T21:14:36.607+05:30 DEBUG 4028 --- [productService] [DiscoveryClient-HeartbeatExecutor-0] [                                                 ] o.s.web.client.RestTemplate              : Response 200 OK
2026-03-02T21:14:54.277+05:30 DEBUG 4028 --- [productService] [DiscoveryClient-CacheRefreshExecutor-0] [                                                 ] o.s.web.client.RestTemplate              : HTTP GET http://localhost:8761/eureka/apps/delta
2026-03-02T21:14:54.277+05:30 DEBUG 4028 --- [productService] [DiscoveryClient-CacheRefreshExecutor-0] [                                                 ] o.s.web.client.RestTemplate              : Accept=[application/json, application/*+json]
2026-03-02T21:14:54.293+05:30 DEBUG 4028 --- [productService] [DiscoveryClient-CacheRefreshExecutor-0] [                                                 ] o.s.web.client.RestTemplate              : Response 200 OK
2026-03-02T21:14:54.294+05:30 DEBUG 4028 --- [productService] [DiscoveryClient-CacheRefreshExecutor-0] [                                                 ] o.s.web.client.RestTemplate              : Reading to [org.springframework.cloud.netflix.eureka.http.EurekaApplications]
2026-03-02T21:15:06.620+05:30 DEBUG 4028 --- [productService] [DiscoveryClient-HeartbeatExecutor-0] [                                                 ] o.s.web.client.RestTemplate              : HTTP PUT http://localhost:8761/eureka/apps/PRODUCTSERVICE/DESKTOP-ECRRR37.mshome.net:productService:8082?status=UP&lastDirtyTimestamp=1772463695185
2026-03-02T21:15:06.621+05:30 DEBUG 4028 --- [productService] [DiscoveryClient-HeartbeatExecutor-0] [                                                 ] o.s.web.client.RestTemplate              : Accept=[application/json, application/*+json]
2026-03-02T21:15:06.639+05:30 DEBUG 4028 --- [productService] [DiscoveryClient-HeartbeatExecutor-0] [                                                 ] o.s.web.client.RestTemplate              : Response 200 OK
2026-03-02T21:15:24.298+05:30 DEBUG 4028 --- [productService] [DiscoveryClient-CacheRefreshExecutor-0] [                                                 ] o.s.web.client.RestTemplate              : HTTP GET http://localhost:8761/eureka/apps/delta
2026-03-02T21:15:24.300+05:30 DEBUG 4028 --- [productService] [DiscoveryClient-CacheRefreshExecutor-0] [                                                 ] o.s.web.client.RestTemplate              : Accept=[application/json, application/*+json]
2026-03-02T21:15:24.315+05:30 DEBUG 4028 --- [productService] [DiscoveryClient-CacheRefreshExecutor-0] [                                                 ] o.s.web.client.RestTemplate              : Response 200 OK
2026-03-02T21:15:24.315+05:30 DEBUG 4028 --- [productService] [DiscoveryClient-CacheRefreshExecutor-0] [                                                 ] o.s.web.client.RestTemplate              : Reading to [org.springframework.cloud.netflix.eureka.http.EurekaApplications]
2026-03-02T21:15:36.646+05:30 DEBUG 4028 --- [productService] [DiscoveryClient-HeartbeatExecutor-0] [                                                 ] o.s.web.client.RestTemplate              : HTTP PUT http://localhost:8761/eureka/apps/PRODUCTSERVICE/DESKTOP-ECRRR37.mshome.net:productService:8082?status=UP&lastDirtyTimestamp=1772463695185
2026-03-02T21:15:36.647+05:30 DEBUG 4028 --- [productService] [DiscoveryClient-HeartbeatExecutor-0] [                                                 ] o.s.web.client.RestTemplate              : Accept=[application/json, application/*+json]
2026-03-02T21:15:36.664+05:30 DEBUG 4028 --- [productService] [DiscoveryClient-HeartbeatExecutor-0] [                                                 ] o.s.web.client.RestTemplate              : Response 200 OK
2026-03-02T21:15:54.329+05:30 DEBUG 4028 --- [productService] [DiscoveryClient-CacheRefreshExecutor-0] [                                                 ] o.s.web.client.RestTemplate              : HTTP GET http://localhost:8761/eureka/apps/delta
2026-03-02T21:15:54.330+05:30 DEBUG 4028 --- [productService] [DiscoveryClient-CacheRefreshExecutor-0] [                                                 ] o.s.web.client.RestTemplate              : Accept=[application/json, application/*+json]
2026-03-02T21:15:54.346+05:30 DEBUG 4028 --- [productService] [DiscoveryClient-CacheRefreshExecutor-0] [                                                 ] o.s.web.client.RestTemplate              : Response 200 OK
2026-03-02T21:15:54.346+05:30 DEBUG 4028 --- [productService] [DiscoveryClient-CacheRefreshExecutor-0] [                                                 ] o.s.web.client.RestTemplate              : Reading to [org.springframework.cloud.netflix.eureka.http.EurekaApplications]
2026-03-02T21:16:06.670+05:30 DEBUG 4028 --- [productService] [DiscoveryClient-HeartbeatExecutor-0] [                                                 ] o.s.web.client.RestTemplate              : HTTP PUT http://localhost:8761/eureka/apps/PRODUCTSERVICE/DESKTOP-ECRRR37.mshome.net:productService:8082?status=UP&lastDirtyTimestamp=1772463695185
2026-03-02T21:16:06.671+05:30 DEBUG 4028 --- [productService] [DiscoveryClient-HeartbeatExecutor-0] [                                                 ] o.s.web.client.RestTemplate              : Accept=[application/json, application/*+json]
2026-03-02T21:16:06.686+05:30 DEBUG 4028 --- [productService] [DiscoveryClient-HeartbeatExecutor-0] [                                                 ] o.s.web.client.RestTemplate              : Response 200 OK
2026-03-02T21:16:24.353+05:30 DEBUG 4028 --- [productService] [DiscoveryClient-CacheRefreshExecutor-0] [                                                 ] o.s.web.client.RestTemplate              : HTTP GET http://localhost:8761/eureka/apps/delta
2026-03-02T21:16:24.354+05:30 DEBUG 4028 --- [productService] [DiscoveryClient-CacheRefreshExecutor-0] [                                                 ] o.s.web.client.RestTemplate              : Accept=[application/json, application/*+json]
2026-03-02T21:16:24.371+05:30 DEBUG 4028 --- [productService] [DiscoveryClient-CacheRefreshExecutor-0] [                                                 ] o.s.web.client.RestTemplate              : Response 200 OK
2026-03-02T21:16:24.372+05:30 DEBUG 4028 --- [productService] [DiscoveryClient-CacheRefreshExecutor-0] [                                                 ] o.s.web.client.RestTemplate              : Reading to [org.springframework.cloud.netflix.eureka.http.EurekaApplications]
2026-03-02T21:16:36.702+05:30 DEBUG 4028 --- [productService] [DiscoveryClient-HeartbeatExecutor-0] [                                                 ] o.s.web.client.RestTemplate              : HTTP PUT http://localhost:8761/eureka/apps/PRODUCTSERVICE/DESKTOP-ECRRR37.mshome.net:productService:8082?status=UP&lastDirtyTimestamp=1772463695185
2026-03-02T21:16:36.704+05:30 DEBUG 4028 --- [productService] [DiscoveryClient-HeartbeatExecutor-0] [                                                 ] o.s.web.client.RestTemplate              : Accept=[application/json, application/*+json]
2026-03-02T21:16:36.721+05:30 DEBUG 4028 --- [productService] [DiscoveryClient-HeartbeatExecutor-0] [                                                 ] o.s.web.client.RestTemplate              : Response 200 OK
2026-03-02T21:16:42.172+05:30  INFO 4028 --- [productService] [AsyncResolver-bootstrap-executor-0] [                                                 ] c.n.d.s.r.aws.ConfigClusterResolver      : Resolving eureka endpoints via configuration
2026-03-02T21:16:54.773+05:30 DEBUG 4028 --- [productService] [DiscoveryClient-CacheRefreshExecutor-0] [                                                 ] o.s.web.client.RestTemplate              : HTTP GET http://localhost:8761/eureka/apps/delta
2026-03-02T21:16:54.867+05:30 DEBUG 4028 --- [productService] [DiscoveryClient-CacheRefreshExecutor-0] [                                                 ] o.s.web.client.RestTemplate              : Accept=[application/json, application/*+json]
2026-03-02T21:16:54.879+05:30 DEBUG 4028 --- [productService] [DiscoveryClient-CacheRefreshExecutor-0] [                                                 ] o.s.web.client.RestTemplate              : Response 200 OK
2026-03-02T21:16:54.880+05:30 DEBUG 4028 --- [productService] [DiscoveryClient-CacheRefreshExecutor-0] [                                                 ] o.s.web.client.RestTemplate              : Reading to [org.springframework.cloud.netflix.eureka.http.EurekaApplications]
2026-03-02T21:17:06.732+05:30 DEBUG 4028 --- [productService] [DiscoveryClient-HeartbeatExecutor-0] [                                                 ] o.s.web.client.RestTemplate              : HTTP PUT http://localhost:8761/eureka/apps/PRODUCTSERVICE/DESKTOP-ECRRR37.mshome.net:productService:8082?status=UP&lastDirtyTimestamp=1772463695185
2026-03-02T21:17:06.733+05:30 DEBUG 4028 --- [productService] [DiscoveryClient-HeartbeatExecutor-0] [                                                 ] o.s.web.client.RestTemplate              : Accept=[application/json, application/*+json]
2026-03-02T21:17:06.747+05:30 DEBUG 4028 --- [productService] [DiscoveryClient-HeartbeatExecutor-0] [                                                 ] o.s.web.client.RestTemplate              : Response 200 OK
2026-03-02T21:17:24.942+05:30 DEBUG 4028 --- [productService] [DiscoveryClient-CacheRefreshExecutor-0] [                                                 ] o.s.web.client.RestTemplate              : HTTP GET http://localhost:8761/eureka/apps/delta
2026-03-02T21:17:25.052+05:30 DEBUG 4028 --- [productService] [DiscoveryClient-CacheRefreshExecutor-0] [                                                 ] o.s.web.client.RestTemplate              : Accept=[application/json, application/*+json]
2026-03-02T21:17:25.271+05:30 DEBUG 4028 --- [productService] [DiscoveryClient-CacheRefreshExecutor-0] [                                                 ] o.s.web.client.RestTemplate              : Response 200 OK
2026-03-02T21:17:25.272+05:30 DEBUG 4028 --- [productService] [DiscoveryClient-CacheRefreshExecutor-0] [                                                 ] o.s.web.client.RestTemplate              : Reading to [org.springframework.cloud.netflix.eureka.http.EurekaApplications]
2026-03-02T21:17:36.752+05:30 DEBUG 4028 --- [productService] [DiscoveryClient-HeartbeatExecutor-0] [                                                 ] o.s.web.client.RestTemplate              : HTTP PUT http://localhost:8761/eureka/apps/PRODUCTSERVICE/DESKTOP-ECRRR37.mshome.net:productService:8082?status=UP&lastDirtyTimestamp=1772463695185
2026-03-02T21:17:36.753+05:30 DEBUG 4028 --- [productService] [DiscoveryClient-HeartbeatExecutor-0] [                                                 ] o.s.web.client.RestTemplate              : Accept=[application/json, application/*+json]
2026-03-02T21:17:36.770+05:30 DEBUG 4028 --- [productService] [DiscoveryClient-HeartbeatExecutor-0] [                                                 ] o.s.web.client.RestTemplate              : Response 200 OK
2026-03-02T21:17:55.282+05:30 DEBUG 4028 --- [productService] [DiscoveryClient-CacheRefreshExecutor-0] [                                                 ] o.s.web.client.RestTemplate              : HTTP GET http://localhost:8761/eureka/apps/delta
2026-03-02T21:17:55.282+05:30 DEBUG 4028 --- [productService] [DiscoveryClient-CacheRefreshExecutor-0] [                                                 ] o.s.web.client.RestTemplate              : Accept=[application/json, application/*+json]
2026-03-02T21:17:55.299+05:30 DEBUG 4028 --- [productService] [DiscoveryClient-CacheRefreshExecutor-0] [                                                 ] o.s.web.client.RestTemplate              : Response 200 OK
2026-03-02T21:17:55.300+05:30 DEBUG 4028 --- [productService] [DiscoveryClient-CacheRefreshExecutor-0] [                                                 ] o.s.web.client.RestTemplate              : Reading to [org.springframework.cloud.netflix.eureka.http.EurekaApplications]
2026-03-02T21:18:06.780+05:30 DEBUG 4028 --- [productService] [DiscoveryClient-HeartbeatExecutor-0] [                                                 ] o.s.web.client.RestTemplate              : HTTP PUT http://localhost:8761/eureka/apps/PRODUCTSERVICE/DESKTOP-ECRRR37.mshome.net:productService:8082?status=UP&lastDirtyTimestamp=1772463695185
2026-03-02T21:18:06.781+05:30 DEBUG 4028 --- [productService] [DiscoveryClient-HeartbeatExecutor-0] [                                                 ] o.s.web.client.RestTemplate              : Accept=[application/json, application/*+json]
2026-03-02T21:18:06.796+05:30 DEBUG 4028 --- [productService] [DiscoveryClient-HeartbeatExecutor-0] [                                                 ] o.s.web.client.RestTemplate              : Response 200 OK
2026-03-02T21:18:25.309+05:30 DEBUG 4028 --- [productService] [DiscoveryClient-CacheRefreshExecutor-0] [                                                 ] o.s.web.client.RestTemplate              : HTTP GET http://localhost:8761/eureka/apps/delta
2026-03-02T21:18:25.313+05:30 DEBUG 4028 --- [productService] [DiscoveryClient-CacheRefreshExecutor-0] [                                                 ] o.s.web.client.RestTemplate              : Accept=[application/json, application/*+json]
2026-03-02T21:18:25.327+05:30 DEBUG 4028 --- [productService] [DiscoveryClient-CacheRefreshExecutor-0] [                                                 ] o.s.web.client.RestTemplate              : Response 200 OK
2026-03-02T21:18:25.328+05:30 DEBUG 4028 --- [productService] [DiscoveryClient-CacheRefreshExecutor-0] [                                                 ] o.s.web.client.RestTemplate              : Reading to [org.springframework.cloud.netflix.eureka.http.EurekaApplications]
2026-03-02T21:18:36.801+05:30 DEBUG 4028 --- [productService] [DiscoveryClient-HeartbeatExecutor-0] [                                                 ] o.s.web.client.RestTemplate              : HTTP PUT http://localhost:8761/eureka/apps/PRODUCTSERVICE/DESKTOP-ECRRR37.mshome.net:productService:8082?status=UP&lastDirtyTimestamp=1772463695185
2026-03-02T21:18:36.802+05:30 DEBUG 4028 --- [productService] [DiscoveryClient-HeartbeatExecutor-0] [                                                 ] o.s.web.client.RestTemplate              : Accept=[application/json, application/*+json]
2026-03-02T21:18:36.817+05:30 DEBUG 4028 --- [productService] [DiscoveryClient-HeartbeatExecutor-0] [                                                 ] o.s.web.client.RestTemplate              : Response 200 OK
2026-03-02T21:18:55.347+05:30 DEBUG 4028 --- [productService] [DiscoveryClient-CacheRefreshExecutor-0] [                                                 ] o.s.web.client.RestTemplate              : HTTP GET http://localhost:8761/eureka/apps/delta
2026-03-02T21:18:55.348+05:30 DEBUG 4028 --- [productService] [DiscoveryClient-CacheRefreshExecutor-0] [                                                 ] o.s.web.client.RestTemplate              : Accept=[application/json, application/*+json]
2026-03-02T21:18:55.365+05:30 DEBUG 4028 --- [productService] [DiscoveryClient-CacheRefreshExecutor-0] [                                                 ] o.s.web.client.RestTemplate              : Response 200 OK
2026-03-02T21:18:55.366+05:30 DEBUG 4028 --- [productService] [DiscoveryClient-CacheRefreshExecutor-0] [                                                 ] o.s.web.client.RestTemplate              : Reading to [org.springframework.cloud.netflix.eureka.http.EurekaApplications]
2026-03-02T21:19:06.830+05:30 DEBUG 4028 --- [productService] [DiscoveryClient-HeartbeatExecutor-0] [                                                 ] o.s.web.client.RestTemplate              : HTTP PUT http://localhost:8761/eureka/apps/PRODUCTSERVICE/DESKTOP-ECRRR37.mshome.net:productService:8082?status=UP&lastDirtyTimestamp=1772463695185
2026-03-02T21:19:06.831+05:30 DEBUG 4028 --- [productService] [DiscoveryClient-HeartbeatExecutor-0] [                                                 ] o.s.web.client.RestTemplate              : Accept=[application/json, application/*+json]
2026-03-02T21:19:06.866+05:30 DEBUG 4028 --- [productService] [DiscoveryClient-HeartbeatExecutor-0] [                                                 ] o.s.web.client.RestTemplate              : Response 200 OK
2026-03-02T21:19:25.391+05:30 DEBUG 4028 --- [productService] [DiscoveryClient-CacheRefreshExecutor-0] [                                                 ] o.s.web.client.RestTemplate              : HTTP GET http://localhost:8761/eureka/apps/delta
2026-03-02T21:19:25.404+05:30 DEBUG 4028 --- [productService] [DiscoveryClient-CacheRefreshExecutor-0] [                                                 ] o.s.web.client.RestTemplate              : Accept=[application/json, application/*+json]
2026-03-02T21:19:25.450+05:30 DEBUG 4028 --- [productService] [DiscoveryClient-CacheRefreshExecutor-0] [                                                 ] o.s.web.client.RestTemplate              : Response 200 OK
2026-03-02T21:19:25.450+05:30 DEBUG 4028 --- [productService] [DiscoveryClient-CacheRefreshExecutor-0] [                                                 ] o.s.web.client.RestTemplate              : Reading to [org.springframework.cloud.netflix.eureka.http.EurekaApplications]
2026-03-02T21:19:36.879+05:30 DEBUG 4028 --- [productService] [DiscoveryClient-HeartbeatExecutor-0] [                                                 ] o.s.web.client.RestTemplate              : HTTP PUT http://localhost:8761/eureka/apps/PRODUCTSERVICE/DESKTOP-ECRRR37.mshome.net:productService:8082?status=UP&lastDirtyTimestamp=1772463695185
2026-03-02T21:19:36.880+05:30 DEBUG 4028 --- [productService] [DiscoveryClient-HeartbeatExecutor-0] [                                                 ] o.s.web.client.RestTemplate              : Accept=[application/json, application/*+json]
2026-03-02T21:19:36.897+05:30 DEBUG 4028 --- [productService] [DiscoveryClient-HeartbeatExecutor-0] [                                                 ] o.s.web.client.RestTemplate              : Response 200 OK
2026-03-02T21:19:55.460+05:30 DEBUG 4028 --- [productService] [DiscoveryClient-CacheRefreshExecutor-0] [                                                 ] o.s.web.client.RestTemplate              : HTTP GET http://localhost:8761/eureka/apps/delta
2026-03-02T21:19:55.460+05:30 DEBUG 4028 --- [productService] [DiscoveryClient-CacheRefreshExecutor-0] [                                                 ] o.s.web.client.RestTemplate              : Accept=[application/json, application/*+json]
2026-03-02T21:19:55.477+05:30 DEBUG 4028 --- [productService] [DiscoveryClient-CacheRefreshExecutor-0] [                                                 ] o.s.web.client.RestTemplate              : Response 200 OK
2026-03-02T21:19:55.479+05:30 DEBUG 4028 --- [productService] [DiscoveryClient-CacheRefreshExecutor-0] [                                                 ] o.s.web.client.RestTemplate              : Reading to [org.springframework.cloud.netflix.eureka.http.EurekaApplications]
2026-03-02T21:20:06.906+05:30 DEBUG 4028 --- [productService] [DiscoveryClient-HeartbeatExecutor-0] [                                                 ] o.s.web.client.RestTemplate              : HTTP PUT http://localhost:8761/eureka/apps/PRODUCTSERVICE/DESKTOP-ECRRR37.mshome.net:productService:8082?status=UP&lastDirtyTimestamp=1772463695185
2026-03-02T21:20:06.907+05:30 DEBUG 4028 --- [productService] [DiscoveryClient-HeartbeatExecutor-0] [                                                 ] o.s.web.client.RestTemplate              : Accept=[application/json, application/*+json]
2026-03-02T21:20:06.924+05:30 DEBUG 4028 --- [productService] [DiscoveryClient-HeartbeatExecutor-0] [                                                 ] o.s.web.client.RestTemplate              : Response 200 OK
2026-03-02T21:20:25.490+05:30 DEBUG 4028 --- [productService] [DiscoveryClient-CacheRefreshExecutor-0] [                                                 ] o.s.web.client.RestTemplate              : HTTP GET http://localhost:8761/eureka/apps/delta
2026-03-02T21:20:25.490+05:30 DEBUG 4028 --- [productService] [DiscoveryClient-CacheRefreshExecutor-0] [                                                 ] o.s.web.client.RestTemplate              : Accept=[application/json, application/*+json]
2026-03-02T21:20:25.507+05:30 DEBUG 4028 --- [productService] [DiscoveryClient-CacheRefreshExecutor-0] [                                                 ] o.s.web.client.RestTemplate              : Response 200 OK
2026-03-02T21:20:25.508+05:30 DEBUG 4028 --- [productService] [DiscoveryClient-CacheRefreshExecutor-0] [                                                 ] o.s.web.client.RestTemplate              : Reading to [org.springframework.cloud.netflix.eureka.http.EurekaApplications]
2026-03-02T21:20:37.122+05:30 DEBUG 4028 --- [productService] [DiscoveryClient-HeartbeatExecutor-0] [                                                 ] o.s.web.client.RestTemplate              : HTTP PUT http://localhost:8761/eureka/apps/PRODUCTSERVICE/DESKTOP-ECRRR37.mshome.net:productService:8082?status=UP&lastDirtyTimestamp=1772463695185
2026-03-02T21:20:37.200+05:30 DEBUG 4028 --- [productService] [DiscoveryClient-HeartbeatExecutor-0] [                                                 ] o.s.web.client.RestTemplate              : Accept=[application/json, application/*+json]
2026-03-02T21:20:37.216+05:30 DEBUG 4028 --- [productService] [DiscoveryClient-HeartbeatExecutor-0] [                                                 ] o.s.web.client.RestTemplate              : Response 200 OK
2026-03-02T21:20:55.521+05:30 DEBUG 4028 --- [productService] [DiscoveryClient-CacheRefreshExecutor-0] [                                                 ] o.s.web.client.RestTemplate              : HTTP GET http://localhost:8761/eureka/apps/delta
2026-03-02T21:20:55.522+05:30 DEBUG 4028 --- [productService] [DiscoveryClient-CacheRefreshExecutor-0] [                                                 ] o.s.web.client.RestTemplate              : Accept=[application/json, application/*+json]
2026-03-02T21:20:55.544+05:30 DEBUG 4028 --- [productService] [DiscoveryClient-CacheRefreshExecutor-0] [                                                 ] o.s.web.client.RestTemplate              : Response 200 OK
2026-03-02T21:20:55.546+05:30 DEBUG 4028 --- [productService] [DiscoveryClient-CacheRefreshExecutor-0] [                                                 ] o.s.web.client.RestTemplate              : Reading to [org.springframework.cloud.netflix.eureka.http.EurekaApplications]
2026-03-02T21:21:07.229+05:30 DEBUG 4028 --- [productService] [DiscoveryClient-HeartbeatExecutor-0] [                                                 ] o.s.web.client.RestTemplate              : HTTP PUT http://localhost:8761/eureka/apps/PRODUCTSERVICE/DESKTOP-ECRRR37.mshome.net:productService:8082?status=UP&lastDirtyTimestamp=1772463695185
2026-03-02T21:21:07.231+05:30 DEBUG 4028 --- [productService] [DiscoveryClient-HeartbeatExecutor-0] [                                                 ] o.s.web.client.RestTemplate              : Accept=[application/json, application/*+json]
2026-03-02T21:21:07.251+05:30 DEBUG 4028 --- [productService] [DiscoveryClient-HeartbeatExecutor-0] [                                                 ] o.s.web.client.RestTemplate              : Response 200 OK
2026-03-02T21:21:25.563+05:30 DEBUG 4028 --- [productService] [DiscoveryClient-CacheRefreshExecutor-0] [                                                 ] o.s.web.client.RestTemplate              : HTTP GET http://localhost:8761/eureka/apps/delta
2026-03-02T21:21:25.564+05:30 DEBUG 4028 --- [productService] [DiscoveryClient-CacheRefreshExecutor-0] [                                                 ] o.s.web.client.RestTemplate              : Accept=[application/json, application/*+json]
2026-03-02T21:21:25.580+05:30 DEBUG 4028 --- [productService] [DiscoveryClient-CacheRefreshExecutor-0] [                                                 ] o.s.web.client.RestTemplate              : Response 200 OK
2026-03-02T21:21:25.583+05:30 DEBUG 4028 --- [productService] [DiscoveryClient-CacheRefreshExecutor-0] [                                                 ] o.s.web.client.RestTemplate              : Reading to [org.springframework.cloud.netflix.eureka.http.EurekaApplications]
2026-03-02T21:21:37.259+05:30 DEBUG 4028 --- [productService] [DiscoveryClient-HeartbeatExecutor-0] [                                                 ] o.s.web.client.RestTemplate              : HTTP PUT http://localhost:8761/eureka/apps/PRODUCTSERVICE/DESKTOP-ECRRR37.mshome.net:productService:8082?status=UP&lastDirtyTimestamp=1772463695185
2026-03-02T21:21:37.260+05:30 DEBUG 4028 --- [productService] [DiscoveryClient-HeartbeatExecutor-0] [                                                 ] o.s.web.client.RestTemplate              : Accept=[application/json, application/*+json]
2026-03-02T21:21:37.846+05:30 DEBUG 4028 --- [productService] [DiscoveryClient-HeartbeatExecutor-0] [                                                 ] o.s.web.client.RestTemplate              : Response 200 OK
2026-03-02T21:21:43.176+05:30  INFO 4028 --- [productService] [AsyncResolver-bootstrap-executor-0] [                                                 ] c.n.d.s.r.aws.ConfigClusterResolver      : Resolving eureka endpoints via configuration
2026-03-02T21:21:55.598+05:30 DEBUG 4028 --- [productService] [DiscoveryClient-CacheRefreshExecutor-0] [                                                 ] o.s.web.client.RestTemplate              : HTTP GET http://localhost:8761/eureka/apps/delta
2026-03-02T21:21:55.600+05:30 DEBUG 4028 --- [productService] [DiscoveryClient-CacheRefreshExecutor-0] [                                                 ] o.s.web.client.RestTemplate              : Accept=[application/json, application/*+json]
2026-03-02T21:21:55.615+05:30 DEBUG 4028 --- [productService] [DiscoveryClient-CacheRefreshExecutor-0] [                                                 ] o.s.web.client.RestTemplate              : Response 200 OK
2026-03-02T21:21:55.616+05:30 DEBUG 4028 --- [productService] [DiscoveryClient-CacheRefreshExecutor-0] [                                                 ] o.s.web.client.RestTemplate              : Reading to [org.springframework.cloud.netflix.eureka.http.EurekaApplications]
2026-03-02T21:22:08.104+05:30 DEBUG 4028 --- [productService] [DiscoveryClient-HeartbeatExecutor-0] [                                                 ] o.s.web.client.RestTemplate              : HTTP PUT http://localhost:8761/eureka/apps/PRODUCTSERVICE/DESKTOP-ECRRR37.mshome.net:productService:8082?status=UP&lastDirtyTimestamp=1772463695185
2026-03-02T21:22:08.105+05:30 DEBUG 4028 --- [productService] [DiscoveryClient-HeartbeatExecutor-0] [                                                 ] o.s.web.client.RestTemplate              : Accept=[application/json, application/*+json]
2026-03-02T21:22:08.143+05:30 DEBUG 4028 --- [productService] [DiscoveryClient-HeartbeatExecutor-0] [                                                 ] o.s.web.client.RestTemplate              : Response 200 OK
2026-03-02T21:22:25.626+05:30 DEBUG 4028 --- [productService] [DiscoveryClient-CacheRefreshExecutor-0] [                                                 ] o.s.web.client.RestTemplate              : HTTP GET http://localhost:8761/eureka/apps/delta
2026-03-02T21:22:25.626+05:30 DEBUG 4028 --- [productService] [DiscoveryClient-CacheRefreshExecutor-0] [                                                 ] o.s.web.client.RestTemplate              : Accept=[application/json, application/*+json]
2026-03-02T21:22:25.644+05:30 DEBUG 4028 --- [productService] [DiscoveryClient-CacheRefreshExecutor-0] [                                                 ] o.s.web.client.RestTemplate              : Response 200 OK
2026-03-02T21:22:25.644+05:30 DEBUG 4028 --- [productService] [DiscoveryClient-CacheRefreshExecutor-0] [                                                 ] o.s.web.client.RestTemplate              : Reading to [org.springframework.cloud.netflix.eureka.http.EurekaApplications]
2026-03-02T21:22:38.263+05:30 DEBUG 4028 --- [productService] [DiscoveryClient-HeartbeatExecutor-0] [                                                 ] o.s.web.client.RestTemplate              : HTTP PUT http://localhost:8761/eureka/apps/PRODUCTSERVICE/DESKTOP-ECRRR37.mshome.net:productService:8082?status=UP&lastDirtyTimestamp=1772463695185
2026-03-02T21:22:38.330+05:30 DEBUG 4028 --- [productService] [DiscoveryClient-HeartbeatExecutor-0] [                                                 ] o.s.web.client.RestTemplate              : Accept=[application/json, application/*+json]
2026-03-02T21:22:38.830+05:30 DEBUG 4028 --- [productService] [DiscoveryClient-HeartbeatExecutor-0] [                                                 ] o.s.web.client.RestTemplate              : Response 200 OK
2026-03-02T21:22:52.566+05:30 DEBUG 4028 --- [productService] [AsyncReporter{org.springframework.boot.actuate.autoconfigure.tracing.zipkin.ZipkinRestTemplateSender@6ff8e744}] [                                                 ] o.s.web.client.RestTemplate              : HTTP POST http://localhost:9411/api/v2/spans
2026-03-02T21:22:52.664+05:30 DEBUG 4028 --- [productService] [AsyncReporter{org.springframework.boot.actuate.autoconfigure.tracing.zipkin.ZipkinRestTemplateSender@6ff8e744}] [                                                 ] o.s.web.client.RestTemplate              : Accept=[application/json, application/*+json]
2026-03-02T21:22:52.668+05:30 DEBUG 4028 --- [productService] [AsyncReporter{org.springframework.boot.actuate.autoconfigure.tracing.zipkin.ZipkinRestTemplateSender@6ff8e744}] [                                                 ] o.s.web.client.RestTemplate              : Writing [[B@20121929] as "application/json"
2026-03-02T21:22:52.737+05:30 DEBUG 4028 --- [productService] [AsyncReporter{org.springframework.boot.actuate.autoconfigure.tracing.zipkin.ZipkinRestTemplateSender@6ff8e744}] [                                                 ] o.s.web.client.RestTemplate              : Response 202 ACCEPTED
2026-03-02T21:22:55.685+05:30 DEBUG 4028 --- [productService] [DiscoveryClient-CacheRefreshExecutor-0] [                                                 ] o.s.web.client.RestTemplate              : HTTP GET http://localhost:8761/eureka/apps/delta
2026-03-02T21:22:55.685+05:30 DEBUG 4028 --- [productService] [DiscoveryClient-CacheRefreshExecutor-0] [                                                 ] o.s.web.client.RestTemplate              : Accept=[application/json, application/*+json]
2026-03-02T21:22:55.710+05:30 DEBUG 4028 --- [productService] [DiscoveryClient-CacheRefreshExecutor-0] [                                                 ] o.s.web.client.RestTemplate              : Response 200 OK
2026-03-02T21:22:55.712+05:30 DEBUG 4028 --- [productService] [DiscoveryClient-CacheRefreshExecutor-0] [                                                 ] o.s.web.client.RestTemplate              : Reading to [org.springframework.cloud.netflix.eureka.http.EurekaApplications]
2026-03-02T21:23:09.036+05:30 DEBUG 4028 --- [productService] [DiscoveryClient-HeartbeatExecutor-0] [                                                 ] o.s.web.client.RestTemplate              : HTTP PUT http://localhost:8761/eureka/apps/PRODUCTSERVICE/DESKTOP-ECRRR37.mshome.net:productService:8082?status=UP&lastDirtyTimestamp=1772463695185
2026-03-02T21:23:09.209+05:30 DEBUG 4028 --- [productService] [DiscoveryClient-HeartbeatExecutor-0] [                                                 ] o.s.web.client.RestTemplate              : Accept=[application/json, application/*+json]
2026-03-02T21:23:09.292+05:30 DEBUG 4028 --- [productService] [DiscoveryClient-HeartbeatExecutor-0] [                                                 ] o.s.web.client.RestTemplate              : Response 200 OK
2026-03-02T21:23:25.719+05:30 DEBUG 4028 --- [productService] [DiscoveryClient-CacheRefreshExecutor-0] [                                                 ] o.s.web.client.RestTemplate              : HTTP GET http://localhost:8761/eureka/apps/delta
2026-03-02T21:23:25.721+05:30 DEBUG 4028 --- [productService] [DiscoveryClient-CacheRefreshExecutor-0] [                                                 ] o.s.web.client.RestTemplate              : Accept=[application/json, application/*+json]
2026-03-02T21:23:25.735+05:30 DEBUG 4028 --- [productService] [DiscoveryClient-CacheRefreshExecutor-0] [                                                 ] o.s.web.client.RestTemplate              : Response 200 OK
2026-03-02T21:23:25.736+05:30 DEBUG 4028 --- [productService] [DiscoveryClient-CacheRefreshExecutor-0] [                                                 ] o.s.web.client.RestTemplate              : Reading to [org.springframework.cloud.netflix.eureka.http.EurekaApplications]
2026-03-02T21:23:39.303+05:30 DEBUG 4028 --- [productService] [DiscoveryClient-HeartbeatExecutor-0] [                                                 ] o.s.web.client.RestTemplate              : HTTP PUT http://localhost:8761/eureka/apps/PRODUCTSERVICE/DESKTOP-ECRRR37.mshome.net:productService:8082?status=UP&lastDirtyTimestamp=1772463695185
2026-03-02T21:23:39.305+05:30 DEBUG 4028 --- [productService] [DiscoveryClient-HeartbeatExecutor-0] [                                                 ] o.s.web.client.RestTemplate              : Accept=[application/json, application/*+json]
2026-03-02T21:23:39.321+05:30 DEBUG 4028 --- [productService] [DiscoveryClient-HeartbeatExecutor-0] [                                                 ] o.s.web.client.RestTemplate              : Response 200 OK
2026-03-02T21:23:55.753+05:30 DEBUG 4028 --- [productService] [DiscoveryClient-CacheRefreshExecutor-0] [                                                 ] o.s.web.client.RestTemplate              : HTTP GET http://localhost:8761/eureka/apps/delta
2026-03-02T21:23:55.755+05:30 DEBUG 4028 --- [productService] [DiscoveryClient-CacheRefreshExecutor-0] [                                                 ] o.s.web.client.RestTemplate              : Accept=[application/json, application/*+json]
2026-03-02T21:23:55.775+05:30 DEBUG 4028 --- [productService] [DiscoveryClient-CacheRefreshExecutor-0] [                                                 ] o.s.web.client.RestTemplate              : Response 200 OK
2026-03-02T21:23:55.776+05:30 DEBUG 4028 --- [productService] [DiscoveryClient-CacheRefreshExecutor-0] [                                                 ] o.s.web.client.RestTemplate              : Reading to [org.springframework.cloud.netflix.eureka.http.EurekaApplications]
2026-03-02T21:24:09.340+05:30 DEBUG 4028 --- [productService] [DiscoveryClient-HeartbeatExecutor-0] [                                                 ] o.s.web.client.RestTemplate              : HTTP PUT http://localhost:8761/eureka/apps/PRODUCTSERVICE/DESKTOP-ECRRR37.mshome.net:productService:8082?status=UP&lastDirtyTimestamp=1772463695185
2026-03-02T21:24:09.341+05:30 DEBUG 4028 --- [productService] [DiscoveryClient-HeartbeatExecutor-0] [                                                 ] o.s.web.client.RestTemplate              : Accept=[application/json, application/*+json]
2026-03-02T21:24:09.359+05:30 DEBUG 4028 --- [productService] [DiscoveryClient-HeartbeatExecutor-0] [                                                 ] o.s.web.client.RestTemplate              : Response 200 OK
2026-03-02T21:24:25.792+05:30 DEBUG 4028 --- [productService] [DiscoveryClient-CacheRefreshExecutor-0] [                                                 ] o.s.web.client.RestTemplate              : HTTP GET http://localhost:8761/eureka/apps/delta
2026-03-02T21:24:25.798+05:30 DEBUG 4028 --- [productService] [DiscoveryClient-CacheRefreshExecutor-0] [                                                 ] o.s.web.client.RestTemplate              : Accept=[application/json, application/*+json]
2026-03-02T21:24:25.869+05:30 DEBUG 4028 --- [productService] [DiscoveryClient-CacheRefreshExecutor-0] [                                                 ] o.s.web.client.RestTemplate              : Response 200 OK
2026-03-02T21:24:25.870+05:30 DEBUG 4028 --- [productService] [DiscoveryClient-CacheRefreshExecutor-0] [                                                 ] o.s.web.client.RestTemplate              : Reading to [org.springframework.cloud.netflix.eureka.http.EurekaApplications]
2026-03-02T21:24:39.532+05:30 DEBUG 4028 --- [productService] [DiscoveryClient-HeartbeatExecutor-0] [                                                 ] o.s.web.client.RestTemplate              : HTTP PUT http://localhost:8761/eureka/apps/PRODUCTSERVICE/DESKTOP-ECRRR37.mshome.net:productService:8082?status=UP&lastDirtyTimestamp=1772463695185
2026-03-02T21:24:39.588+05:30 DEBUG 4028 --- [productService] [DiscoveryClient-HeartbeatExecutor-0] [                                                 ] o.s.web.client.RestTemplate              : Accept=[application/json, application/*+json]
2026-03-02T21:24:39.605+05:30 DEBUG 4028 --- [productService] [DiscoveryClient-HeartbeatExecutor-0] [                                                 ] o.s.web.client.RestTemplate              : Response 200 OK
2026-03-02T21:24:55.907+05:30 DEBUG 4028 --- [productService] [DiscoveryClient-CacheRefreshExecutor-0] [                                                 ] o.s.web.client.RestTemplate              : HTTP GET http://localhost:8761/eureka/apps/delta
2026-03-02T21:24:55.908+05:30 DEBUG 4028 --- [productService] [DiscoveryClient-CacheRefreshExecutor-0] [                                                 ] o.s.web.client.RestTemplate              : Accept=[application/json, application/*+json]
2026-03-02T21:24:55.923+05:30 DEBUG 4028 --- [productService] [DiscoveryClient-CacheRefreshExecutor-0] [                                                 ] o.s.web.client.RestTemplate              : Response 200 OK
2026-03-02T21:24:55.923+05:30 DEBUG 4028 --- [productService] [DiscoveryClient-CacheRefreshExecutor-0] [                                                 ] o.s.web.client.RestTemplate              : Reading to [org.springframework.cloud.netflix.eureka.http.EurekaApplications]
2026-03-02T21:25:09.664+05:30 DEBUG 4028 --- [productService] [DiscoveryClient-HeartbeatExecutor-0] [                                                 ] o.s.web.client.RestTemplate              : HTTP PUT http://localhost:8761/eureka/apps/PRODUCTSERVICE/DESKTOP-ECRRR37.mshome.net:productService:8082?status=UP&lastDirtyTimestamp=1772463695185
2026-03-02T21:25:09.665+05:30 DEBUG 4028 --- [productService] [DiscoveryClient-HeartbeatExecutor-0] [                                                 ] o.s.web.client.RestTemplate              : Accept=[application/json, application/*+json]
2026-03-02T21:25:09.694+05:30 DEBUG 4028 --- [productService] [DiscoveryClient-HeartbeatExecutor-0] [                                                 ] o.s.web.client.RestTemplate              : Response 200 OK
2026-03-02T21:25:25.946+05:30 DEBUG 4028 --- [productService] [DiscoveryClient-CacheRefreshExecutor-0] [                                                 ] o.s.web.client.RestTemplate              : HTTP GET http://localhost:8761/eureka/apps/delta
2026-03-02T21:25:25.967+05:30 DEBUG 4028 --- [productService] [DiscoveryClient-CacheRefreshExecutor-0] [                                                 ] o.s.web.client.RestTemplate              : Accept=[application/json, application/*+json]
2026-03-02T21:25:26.064+05:30 DEBUG 4028 --- [productService] [DiscoveryClient-CacheRefreshExecutor-0] [                                                 ] o.s.web.client.RestTemplate              : Response 200 OK
2026-03-02T21:25:26.091+05:30 DEBUG 4028 --- [productService] [DiscoveryClient-CacheRefreshExecutor-0] [                                                 ] o.s.web.client.RestTemplate              : Reading to [org.springframework.cloud.netflix.eureka.http.EurekaApplications]
2026-03-02T21:25:39.711+05:30 DEBUG 4028 --- [productService] [DiscoveryClient-HeartbeatExecutor-0] [                                                 ] o.s.web.client.RestTemplate              : HTTP PUT http://localhost:8761/eureka/apps/PRODUCTSERVICE/DESKTOP-ECRRR37.mshome.net:productService:8082?status=UP&lastDirtyTimestamp=1772463695185
2026-03-02T21:25:39.712+05:30 DEBUG 4028 --- [productService] [DiscoveryClient-HeartbeatExecutor-0] [                                                 ] o.s.web.client.RestTemplate              : Accept=[application/json, application/*+json]
2026-03-02T21:25:39.730+05:30 DEBUG 4028 --- [productService] [DiscoveryClient-HeartbeatExecutor-0] [                                                 ] o.s.web.client.RestTemplate              : Response 200 OK
2026-03-02T21:25:56.168+05:30 DEBUG 4028 --- [productService] [DiscoveryClient-CacheRefreshExecutor-0] [                                                 ] o.s.web.client.RestTemplate              : HTTP GET http://localhost:8761/eureka/apps/delta
2026-03-02T21:25:56.169+05:30 DEBUG 4028 --- [productService] [DiscoveryClient-CacheRefreshExecutor-0] [                                                 ] o.s.web.client.RestTemplate              : Accept=[application/json, application/*+json]
2026-03-02T21:25:56.185+05:30 DEBUG 4028 --- [productService] [DiscoveryClient-CacheRefreshExecutor-0] [                                                 ] o.s.web.client.RestTemplate              : Response 200 OK
2026-03-02T21:25:56.186+05:30 DEBUG 4028 --- [productService] [DiscoveryClient-CacheRefreshExecutor-0] [                                                 ] o.s.web.client.RestTemplate              : Reading to [org.springframework.cloud.netflix.eureka.http.EurekaApplications]
2026-03-02T21:26:09.738+05:30 DEBUG 4028 --- [productService] [DiscoveryClient-HeartbeatExecutor-0] [                                                 ] o.s.web.client.RestTemplate              : HTTP PUT http://localhost:8761/eureka/apps/PRODUCTSERVICE/DESKTOP-ECRRR37.mshome.net:productService:8082?status=UP&lastDirtyTimestamp=1772463695185
2026-03-02T21:26:09.739+05:30 DEBUG 4028 --- [productService] [DiscoveryClient-HeartbeatExecutor-0] [                                                 ] o.s.web.client.RestTemplate              : Accept=[application/json, application/*+json]
2026-03-02T21:26:09.756+05:30 DEBUG 4028 --- [productService] [DiscoveryClient-HeartbeatExecutor-0] [                                                 ] o.s.web.client.RestTemplate              : Response 200 OK
2026-03-02T21:26:26.203+05:30 DEBUG 4028 --- [productService] [DiscoveryClient-CacheRefreshExecutor-0] [                                                 ] o.s.web.client.RestTemplate              : HTTP GET http://localhost:8761/eureka/apps/delta
2026-03-02T21:26:26.206+05:30 DEBUG 4028 --- [productService] [DiscoveryClient-CacheRefreshExecutor-0] [                                                 ] o.s.web.client.RestTemplate              : Accept=[application/json, application/*+json]
2026-03-02T21:26:26.222+05:30 DEBUG 4028 --- [productService] [DiscoveryClient-CacheRefreshExecutor-0] [                                                 ] o.s.web.client.RestTemplate              : Response 200 OK
2026-03-02T21:26:26.223+05:30 DEBUG 4028 --- [productService] [DiscoveryClient-CacheRefreshExecutor-0] [                                                 ] o.s.web.client.RestTemplate              : Reading to [org.springframework.cloud.netflix.eureka.http.EurekaApplications]
2026-03-02T21:26:39.771+05:30 DEBUG 4028 --- [productService] [DiscoveryClient-HeartbeatExecutor-0] [                                                 ] o.s.web.client.RestTemplate              : HTTP PUT http://localhost:8761/eureka/apps/PRODUCTSERVICE/DESKTOP-ECRRR37.mshome.net:productService:8082?status=UP&lastDirtyTimestamp=1772463695185
2026-03-02T21:26:39.773+05:30 DEBUG 4028 --- [productService] [DiscoveryClient-HeartbeatExecutor-0] [                                                 ] o.s.web.client.RestTemplate              : Accept=[application/json, application/*+json]
2026-03-02T21:26:39.794+05:30 DEBUG 4028 --- [productService] [DiscoveryClient-HeartbeatExecutor-0] [                                                 ] o.s.web.client.RestTemplate              : Response 200 OK
2026-03-02T21:26:43.967+05:30  INFO 4028 --- [productService] [AsyncResolver-bootstrap-executor-0] [                                                 ] c.n.d.s.r.aws.ConfigClusterResolver      : Resolving eureka endpoints via configuration
2026-03-02T21:26:56.237+05:30 DEBUG 4028 --- [productService] [DiscoveryClient-CacheRefreshExecutor-0] [                                                 ] o.s.web.client.RestTemplate              : HTTP GET http://localhost:8761/eureka/apps/delta
2026-03-02T21:26:56.239+05:30 DEBUG 4028 --- [productService] [DiscoveryClient-CacheRefreshExecutor-0] [                                                 ] o.s.web.client.RestTemplate              : Accept=[application/json, application/*+json]
2026-03-02T21:26:56.260+05:30 DEBUG 4028 --- [productService] [DiscoveryClient-CacheRefreshExecutor-0] [                                                 ] o.s.web.client.RestTemplate              : Response 200 OK
2026-03-02T21:26:56.264+05:30 DEBUG 4028 --- [productService] [DiscoveryClient-CacheRefreshExecutor-0] [                                                 ] o.s.web.client.RestTemplate              : Reading to [org.springframework.cloud.netflix.eureka.http.EurekaApplications]
2026-03-02T21:27:09.810+05:30 DEBUG 4028 --- [productService] [DiscoveryClient-HeartbeatExecutor-0] [                                                 ] o.s.web.client.RestTemplate              : HTTP PUT http://localhost:8761/eureka/apps/PRODUCTSERVICE/DESKTOP-ECRRR37.mshome.net:productService:8082?status=UP&lastDirtyTimestamp=1772463695185
2026-03-02T21:27:09.813+05:30 DEBUG 4028 --- [productService] [DiscoveryClient-HeartbeatExecutor-0] [                                                 ] o.s.web.client.RestTemplate              : Accept=[application/json, application/*+json]
2026-03-02T21:27:09.833+05:30 DEBUG 4028 --- [productService] [DiscoveryClient-HeartbeatExecutor-0] [                                                 ] o.s.web.client.RestTemplate              : Response 200 OK
2026-03-02T21:27:26.293+05:30 DEBUG 4028 --- [productService] [DiscoveryClient-CacheRefreshExecutor-0] [                                                 ] o.s.web.client.RestTemplate              : HTTP GET http://localhost:8761/eureka/apps/delta
2026-03-02T21:27:26.296+05:30 DEBUG 4028 --- [productService] [DiscoveryClient-CacheRefreshExecutor-0] [                                                 ] o.s.web.client.RestTemplate              : Accept=[application/json, application/*+json]
2026-03-02T21:27:26.312+05:30 DEBUG 4028 --- [productService] [DiscoveryClient-CacheRefreshExecutor-0] [                                                 ] o.s.web.client.RestTemplate              : Response 200 OK
2026-03-02T21:27:26.313+05:30 DEBUG 4028 --- [productService] [DiscoveryClient-CacheRefreshExecutor-0] [                                                 ] o.s.web.client.RestTemplate              : Reading to [org.springframework.cloud.netflix.eureka.http.EurekaApplications]
2026-03-02T21:27:39.858+05:30 DEBUG 4028 --- [productService] [DiscoveryClient-HeartbeatExecutor-0] [                                                 ] o.s.web.client.RestTemplate              : HTTP PUT http://localhost:8761/eureka/apps/PRODUCTSERVICE/DESKTOP-ECRRR37.mshome.net:productService:8082?status=UP&lastDirtyTimestamp=1772463695185
2026-03-02T21:27:39.925+05:30 DEBUG 4028 --- [productService] [DiscoveryClient-HeartbeatExecutor-0] [                                                 ] o.s.web.client.RestTemplate              : Accept=[application/json, application/*+json]
2026-03-02T21:27:40.047+05:30 DEBUG 4028 --- [productService] [DiscoveryClient-HeartbeatExecutor-0] [                                                 ] o.s.web.client.RestTemplate              : Response 200 OK
2026-03-02T21:27:56.433+05:30 DEBUG 4028 --- [productService] [DiscoveryClient-CacheRefreshExecutor-0] [                                                 ] o.s.web.client.RestTemplate              : HTTP GET http://localhost:8761/eureka/apps/delta
2026-03-02T21:27:56.434+05:30 DEBUG 4028 --- [productService] [DiscoveryClient-CacheRefreshExecutor-0] [                                                 ] o.s.web.client.RestTemplate              : Accept=[application/json, application/*+json]
2026-03-02T21:27:56.454+05:30 DEBUG 4028 --- [productService] [DiscoveryClient-CacheRefreshExecutor-0] [                                                 ] o.s.web.client.RestTemplate              : Response 200 OK
2026-03-02T21:27:56.456+05:30 DEBUG 4028 --- [productService] [DiscoveryClient-CacheRefreshExecutor-0] [                                                 ] o.s.web.client.RestTemplate              : Reading to [org.springframework.cloud.netflix.eureka.http.EurekaApplications]
2026-03-02T21:28:10.066+05:30 DEBUG 4028 --- [productService] [DiscoveryClient-HeartbeatExecutor-0] [                                                 ] o.s.web.client.RestTemplate              : HTTP PUT http://localhost:8761/eureka/apps/PRODUCTSERVICE/DESKTOP-ECRRR37.mshome.net:productService:8082?status=UP&lastDirtyTimestamp=1772463695185
2026-03-02T21:28:10.068+05:30 DEBUG 4028 --- [productService] [DiscoveryClient-HeartbeatExecutor-0] [                                                 ] o.s.web.client.RestTemplate              : Accept=[application/json, application/*+json]
2026-03-02T21:28:10.095+05:30 DEBUG 4028 --- [productService] [DiscoveryClient-HeartbeatExecutor-0] [                                                 ] o.s.web.client.RestTemplate              : Response 200 OK
2026-03-02T21:28:26.476+05:30 DEBUG 4028 --- [productService] [DiscoveryClient-CacheRefreshExecutor-0] [                                                 ] o.s.web.client.RestTemplate              : HTTP GET http://localhost:8761/eureka/apps/delta
2026-03-02T21:28:26.483+05:30 DEBUG 4028 --- [productService] [DiscoveryClient-CacheRefreshExecutor-0] [                                                 ] o.s.web.client.RestTemplate              : Accept=[application/json, application/*+json]
2026-03-02T21:28:26.513+05:30 DEBUG 4028 --- [productService] [DiscoveryClient-CacheRefreshExecutor-0] [                                                 ] o.s.web.client.RestTemplate              : Response 200 OK
2026-03-02T21:28:26.521+05:30 DEBUG 4028 --- [productService] [DiscoveryClient-CacheRefreshExecutor-0] [                                                 ] o.s.web.client.RestTemplate              : Reading to [org.springframework.cloud.netflix.eureka.http.EurekaApplications]
2026-03-02T21:28:40.103+05:30 DEBUG 4028 --- [productService] [DiscoveryClient-HeartbeatExecutor-0] [                                                 ] o.s.web.client.RestTemplate              : HTTP PUT http://localhost:8761/eureka/apps/PRODUCTSERVICE/DESKTOP-ECRRR37.mshome.net:productService:8082?status=UP&lastDirtyTimestamp=1772463695185
2026-03-02T21:28:40.104+05:30 DEBUG 4028 --- [productService] [DiscoveryClient-HeartbeatExecutor-0] [                                                 ] o.s.web.client.RestTemplate              : Accept=[application/json, application/*+json]
2026-03-02T21:28:41.073+05:30 DEBUG 4028 --- [productService] [DiscoveryClient-HeartbeatExecutor-0] [                                                 ] o.s.web.client.RestTemplate              : Response 200 OK
2026-03-02T21:28:56.571+05:30 DEBUG 4028 --- [productService] [DiscoveryClient-CacheRefreshExecutor-0] [                                                 ] o.s.web.client.RestTemplate              : HTTP GET http://localhost:8761/eureka/apps/delta
2026-03-02T21:28:56.580+05:30 DEBUG 4028 --- [productService] [DiscoveryClient-CacheRefreshExecutor-0] [                                                 ] o.s.web.client.RestTemplate              : Accept=[application/json, application/*+json]
2026-03-02T21:28:56.610+05:30 DEBUG 4028 --- [productService] [DiscoveryClient-CacheRefreshExecutor-0] [                                                 ] o.s.web.client.RestTemplate              : Response 200 OK
2026-03-02T21:28:56.613+05:30 DEBUG 4028 --- [productService] [DiscoveryClient-CacheRefreshExecutor-0] [                                                 ] o.s.web.client.RestTemplate              : Reading to [org.springframework.cloud.netflix.eureka.http.EurekaApplications]
2026-03-02T21:29:11.085+05:30 DEBUG 4028 --- [productService] [DiscoveryClient-HeartbeatExecutor-0] [                                                 ] o.s.web.client.RestTemplate              : HTTP PUT http://localhost:8761/eureka/apps/PRODUCTSERVICE/DESKTOP-ECRRR37.mshome.net:productService:8082?status=UP&lastDirtyTimestamp=1772463695185
2026-03-02T21:29:11.089+05:30 DEBUG 4028 --- [productService] [DiscoveryClient-HeartbeatExecutor-0] [                                                 ] o.s.web.client.RestTemplate              : Accept=[application/json, application/*+json]
2026-03-02T21:29:11.117+05:30 DEBUG 4028 --- [productService] [DiscoveryClient-HeartbeatExecutor-0] [                                                 ] o.s.web.client.RestTemplate              : Response 200 OK
2026-03-02T21:29:26.632+05:30 DEBUG 4028 --- [productService] [DiscoveryClient-CacheRefreshExecutor-0] [                                                 ] o.s.web.client.RestTemplate              : HTTP GET http://localhost:8761/eureka/apps/delta
2026-03-02T21:29:27.946+05:30 DEBUG 4028 --- [productService] [DiscoveryClient-CacheRefreshExecutor-0] [                                                 ] o.s.web.client.RestTemplate              : Accept=[application/json, application/*+json]
2026-03-02T21:29:27.970+05:30 DEBUG 4028 --- [productService] [DiscoveryClient-CacheRefreshExecutor-0] [                                                 ] o.s.web.client.RestTemplate              : Response 200 OK
2026-03-02T21:29:27.971+05:30 DEBUG 4028 --- [productService] [DiscoveryClient-CacheRefreshExecutor-0] [                                                 ] o.s.web.client.RestTemplate              : Reading to [org.springframework.cloud.netflix.eureka.http.EurekaApplications]
2026-03-02T21:29:41.269+05:30 DEBUG 4028 --- [productService] [DiscoveryClient-HeartbeatExecutor-0] [                                                 ] o.s.web.client.RestTemplate              : HTTP PUT http://localhost:8761/eureka/apps/PRODUCTSERVICE/DESKTOP-ECRRR37.mshome.net:productService:8082?status=UP&lastDirtyTimestamp=1772463695185
2026-03-02T21:29:41.269+05:30 DEBUG 4028 --- [productService] [DiscoveryClient-HeartbeatExecutor-0] [                                                 ] o.s.web.client.RestTemplate              : Accept=[application/json, application/*+json]
2026-03-02T21:29:41.816+05:30 DEBUG 4028 --- [productService] [DiscoveryClient-HeartbeatExecutor-0] [                                                 ] o.s.web.client.RestTemplate              : Response 200 OK
2026-03-02T21:29:58.054+05:30 DEBUG 4028 --- [productService] [DiscoveryClient-CacheRefreshExecutor-0] [                                                 ] o.s.web.client.RestTemplate              : HTTP GET http://localhost:8761/eureka/apps/delta
2026-03-02T21:29:58.056+05:30 DEBUG 4028 --- [productService] [DiscoveryClient-CacheRefreshExecutor-0] [                                                 ] o.s.web.client.RestTemplate              : Accept=[application/json, application/*+json]
2026-03-02T21:29:58.074+05:30 DEBUG 4028 --- [productService] [DiscoveryClient-CacheRefreshExecutor-0] [                                                 ] o.s.web.client.RestTemplate              : Response 200 OK
2026-03-02T21:29:58.075+05:30 DEBUG 4028 --- [productService] [DiscoveryClient-CacheRefreshExecutor-0] [                                                 ] o.s.web.client.RestTemplate              : Reading to [org.springframework.cloud.netflix.eureka.http.EurekaApplications]
2026-03-02T21:30:12.013+05:30 DEBUG 4028 --- [productService] [DiscoveryClient-HeartbeatExecutor-0] [                                                 ] o.s.web.client.RestTemplate              : HTTP PUT http://localhost:8761/eureka/apps/PRODUCTSERVICE/DESKTOP-ECRRR37.mshome.net:productService:8082?status=UP&lastDirtyTimestamp=1772463695185
2026-03-02T21:30:12.201+05:30 DEBUG 4028 --- [productService] [DiscoveryClient-HeartbeatExecutor-0] [                                                 ] o.s.web.client.RestTemplate              : Accept=[application/json, application/*+json]
2026-03-02T21:30:12.637+05:30 DEBUG 4028 --- [productService] [DiscoveryClient-HeartbeatExecutor-0] [                                                 ] o.s.web.client.RestTemplate              : Response 200 OK
2026-03-02T21:30:28.085+05:30 DEBUG 4028 --- [productService] [DiscoveryClient-CacheRefreshExecutor-0] [                                                 ] o.s.web.client.RestTemplate              : HTTP GET http://localhost:8761/eureka/apps/delta
2026-03-02T21:30:28.086+05:30 DEBUG 4028 --- [productService] [DiscoveryClient-CacheRefreshExecutor-0] [                                                 ] o.s.web.client.RestTemplate              : Accept=[application/json, application/*+json]
2026-03-02T21:30:28.102+05:30 DEBUG 4028 --- [productService] [DiscoveryClient-CacheRefreshExecutor-0] [                                                 ] o.s.web.client.RestTemplate              : Response 200 OK
2026-03-02T21:30:28.103+05:30 DEBUG 4028 --- [productService] [DiscoveryClient-CacheRefreshExecutor-0] [                                                 ] o.s.web.client.RestTemplate              : Reading to [org.springframework.cloud.netflix.eureka.http.EurekaApplications]
2026-03-02T21:30:42.639+05:30 DEBUG 4028 --- [productService] [DiscoveryClient-HeartbeatExecutor-0] [                                                 ] o.s.web.client.RestTemplate              : HTTP PUT http://localhost:8761/eureka/apps/PRODUCTSERVICE/DESKTOP-ECRRR37.mshome.net:productService:8082?status=UP&lastDirtyTimestamp=1772463695185
2026-03-02T21:30:42.641+05:30 DEBUG 4028 --- [productService] [DiscoveryClient-HeartbeatExecutor-0] [                                                 ] o.s.web.client.RestTemplate              : Accept=[application/json, application/*+json]
2026-03-02T21:30:42.670+05:30 DEBUG 4028 --- [productService] [DiscoveryClient-HeartbeatExecutor-0] [                                                 ] o.s.web.client.RestTemplate              : Response 200 OK
2026-03-02T21:30:58.123+05:30 DEBUG 4028 --- [productService] [DiscoveryClient-CacheRefreshExecutor-0] [                                                 ] o.s.web.client.RestTemplate              : HTTP GET http://localhost:8761/eureka/apps/delta
2026-03-02T21:30:58.125+05:30 DEBUG 4028 --- [productService] [DiscoveryClient-CacheRefreshExecutor-0] [                                                 ] o.s.web.client.RestTemplate              : Accept=[application/json, application/*+json]
2026-03-02T21:30:58.146+05:30 DEBUG 4028 --- [productService] [DiscoveryClient-CacheRefreshExecutor-0] [                                                 ] o.s.web.client.RestTemplate              : Response 200 OK
2026-03-02T21:30:58.148+05:30 DEBUG 4028 --- [productService] [DiscoveryClient-CacheRefreshExecutor-0] [                                                 ] o.s.web.client.RestTemplate              : Reading to [org.springframework.cloud.netflix.eureka.http.EurekaApplications]
2026-03-02T21:31:12.687+05:30 DEBUG 4028 --- [productService] [DiscoveryClient-HeartbeatExecutor-0] [                                                 ] o.s.web.client.RestTemplate              : HTTP PUT http://localhost:8761/eureka/apps/PRODUCTSERVICE/DESKTOP-ECRRR37.mshome.net:productService:8082?status=UP&lastDirtyTimestamp=1772463695185
2026-03-02T21:31:12.688+05:30 DEBUG 4028 --- [productService] [DiscoveryClient-HeartbeatExecutor-0] [                                                 ] o.s.web.client.RestTemplate              : Accept=[application/json, application/*+json]
2026-03-02T21:31:12.720+05:30 DEBUG 4028 --- [productService] [DiscoveryClient-HeartbeatExecutor-0] [                                                 ] o.s.web.client.RestTemplate              : Response 200 OK
2026-03-02T21:31:28.373+05:30 DEBUG 4028 --- [productService] [DiscoveryClient-CacheRefreshExecutor-0] [                                                 ] o.s.web.client.RestTemplate              : HTTP GET http://localhost:8761/eureka/apps/delta
2026-03-02T21:31:28.497+05:30 DEBUG 4028 --- [productService] [DiscoveryClient-CacheRefreshExecutor-0] [                                                 ] o.s.web.client.RestTemplate              : Accept=[application/json, application/*+json]
2026-03-02T21:31:28.600+05:30 DEBUG 4028 --- [productService] [DiscoveryClient-CacheRefreshExecutor-0] [                                                 ] o.s.web.client.RestTemplate              : Response 200 OK
2026-03-02T21:31:28.600+05:30 DEBUG 4028 --- [productService] [DiscoveryClient-CacheRefreshExecutor-0] [                                                 ] o.s.web.client.RestTemplate              : Reading to [org.springframework.cloud.netflix.eureka.http.EurekaApplications]
2026-03-02T21:31:42.732+05:30 DEBUG 4028 --- [productService] [DiscoveryClient-HeartbeatExecutor-0] [                                                 ] o.s.web.client.RestTemplate              : HTTP PUT http://localhost:8761/eureka/apps/PRODUCTSERVICE/DESKTOP-ECRRR37.mshome.net:productService:8082?status=UP&lastDirtyTimestamp=1772463695185
2026-03-02T21:31:42.734+05:30 DEBUG 4028 --- [productService] [DiscoveryClient-HeartbeatExecutor-0] [                                                 ] o.s.web.client.RestTemplate              : Accept=[application/json, application/*+json]
2026-03-02T21:31:42.753+05:30 DEBUG 4028 --- [productService] [DiscoveryClient-HeartbeatExecutor-0] [                                                 ] o.s.web.client.RestTemplate              : Response 200 OK
2026-03-02T21:31:44.008+05:30  INFO 4028 --- [productService] [AsyncResolver-bootstrap-executor-0] [                                                 ] c.n.d.s.r.aws.ConfigClusterResolver      : Resolving eureka endpoints via configuration
2026-03-02T21:31:58.662+05:30 DEBUG 4028 --- [productService] [DiscoveryClient-CacheRefreshExecutor-0] [                                                 ] o.s.web.client.RestTemplate              : HTTP GET http://localhost:8761/eureka/apps/delta
2026-03-02T21:31:58.662+05:30 DEBUG 4028 --- [productService] [DiscoveryClient-CacheRefreshExecutor-0] [                                                 ] o.s.web.client.RestTemplate              : Accept=[application/json, application/*+json]
2026-03-02T21:31:58.678+05:30 DEBUG 4028 --- [productService] [DiscoveryClient-CacheRefreshExecutor-0] [                                                 ] o.s.web.client.RestTemplate              : Response 200 OK
2026-03-02T21:31:58.684+05:30 DEBUG 4028 --- [productService] [DiscoveryClient-CacheRefreshExecutor-0] [                                                 ] o.s.web.client.RestTemplate              : Reading to [org.springframework.cloud.netflix.eureka.http.EurekaApplications]
2026-03-02T21:32:12.769+05:30 DEBUG 4028 --- [productService] [DiscoveryClient-HeartbeatExecutor-0] [                                                 ] o.s.web.client.RestTemplate              : HTTP PUT http://localhost:8761/eureka/apps/PRODUCTSERVICE/DESKTOP-ECRRR37.mshome.net:productService:8082?status=UP&lastDirtyTimestamp=1772463695185
2026-03-02T21:32:12.770+05:30 DEBUG 4028 --- [productService] [DiscoveryClient-HeartbeatExecutor-0] [                                                 ] o.s.web.client.RestTemplate              : Accept=[application/json, application/*+json]
2026-03-02T21:32:12.790+05:30 DEBUG 4028 --- [productService] [DiscoveryClient-HeartbeatExecutor-0] [                                                 ] o.s.web.client.RestTemplate              : Response 200 OK
2026-03-02T21:32:28.725+05:30 DEBUG 4028 --- [productService] [DiscoveryClient-CacheRefreshExecutor-0] [                                                 ] o.s.web.client.RestTemplate              : HTTP GET http://localhost:8761/eureka/apps/delta
2026-03-02T21:32:28.863+05:30 DEBUG 4028 --- [productService] [DiscoveryClient-CacheRefreshExecutor-0] [                                                 ] o.s.web.client.RestTemplate              : Accept=[application/json, application/*+json]
2026-03-02T21:32:28.945+05:30 DEBUG 4028 --- [productService] [DiscoveryClient-CacheRefreshExecutor-0] [                                                 ] o.s.web.client.RestTemplate              : Response 200 OK
2026-03-02T21:32:28.945+05:30 DEBUG 4028 --- [productService] [DiscoveryClient-CacheRefreshExecutor-0] [                                                 ] o.s.web.client.RestTemplate              : Reading to [org.springframework.cloud.netflix.eureka.http.EurekaApplications]
2026-03-02T21:32:42.873+05:30 DEBUG 4028 --- [productService] [DiscoveryClient-HeartbeatExecutor-0] [                                                 ] o.s.web.client.RestTemplate              : HTTP PUT http://localhost:8761/eureka/apps/PRODUCTSERVICE/DESKTOP-ECRRR37.mshome.net:productService:8082?status=UP&lastDirtyTimestamp=1772463695185
2026-03-02T21:32:42.874+05:30 DEBUG 4028 --- [productService] [DiscoveryClient-HeartbeatExecutor-0] [                                                 ] o.s.web.client.RestTemplate              : Accept=[application/json, application/*+json]
2026-03-02T21:32:43.179+05:30 DEBUG 4028 --- [productService] [DiscoveryClient-HeartbeatExecutor-0] [                                                 ] o.s.web.client.RestTemplate              : Response 200 OK
2026-03-02T21:32:59.151+05:30 DEBUG 4028 --- [productService] [DiscoveryClient-CacheRefreshExecutor-0] [                                                 ] o.s.web.client.RestTemplate              : HTTP GET http://localhost:8761/eureka/apps/delta
2026-03-02T21:32:59.153+05:30 DEBUG 4028 --- [productService] [DiscoveryClient-CacheRefreshExecutor-0] [                                                 ] o.s.web.client.RestTemplate              : Accept=[application/json, application/*+json]
2026-03-02T21:32:59.168+05:30 DEBUG 4028 --- [productService] [DiscoveryClient-CacheRefreshExecutor-0] [                                                 ] o.s.web.client.RestTemplate              : Response 200 OK
2026-03-02T21:32:59.169+05:30 DEBUG 4028 --- [productService] [DiscoveryClient-CacheRefreshExecutor-0] [                                                 ] o.s.web.client.RestTemplate              : Reading to [org.springframework.cloud.netflix.eureka.http.EurekaApplications]
2026-03-02T21:33:13.189+05:30 DEBUG 4028 --- [productService] [DiscoveryClient-HeartbeatExecutor-0] [                                                 ] o.s.web.client.RestTemplate              : HTTP PUT http://localhost:8761/eureka/apps/PRODUCTSERVICE/DESKTOP-ECRRR37.mshome.net:productService:8082?status=UP&lastDirtyTimestamp=1772463695185
2026-03-02T21:33:13.205+05:30 DEBUG 4028 --- [productService] [DiscoveryClient-HeartbeatExecutor-0] [                                                 ] o.s.web.client.RestTemplate              : Accept=[application/json, application/*+json]
2026-03-02T21:33:13.222+05:30 DEBUG 4028 --- [productService] [DiscoveryClient-HeartbeatExecutor-0] [                                                 ] o.s.web.client.RestTemplate              : Response 200 OK
2026-03-02T21:33:29.181+05:30 DEBUG 4028 --- [productService] [DiscoveryClient-CacheRefreshExecutor-0] [                                                 ] o.s.web.client.RestTemplate              : HTTP GET http://localhost:8761/eureka/apps/delta
2026-03-02T21:33:29.183+05:30 DEBUG 4028 --- [productService] [DiscoveryClient-CacheRefreshExecutor-0] [                                                 ] o.s.web.client.RestTemplate              : Accept=[application/json, application/*+json]
2026-03-02T21:33:29.197+05:30 DEBUG 4028 --- [productService] [DiscoveryClient-CacheRefreshExecutor-0] [                                                 ] o.s.web.client.RestTemplate              : Response 200 OK
2026-03-02T21:33:29.198+05:30 DEBUG 4028 --- [productService] [DiscoveryClient-CacheRefreshExecutor-0] [                                                 ] o.s.web.client.RestTemplate              : Reading to [org.springframework.cloud.netflix.eureka.http.EurekaApplications]
2026-03-02T21:33:43.238+05:30 DEBUG 4028 --- [productService] [DiscoveryClient-HeartbeatExecutor-0] [                                                 ] o.s.web.client.RestTemplate              : HTTP PUT http://localhost:8761/eureka/apps/PRODUCTSERVICE/DESKTOP-ECRRR37.mshome.net:productService:8082?status=UP&lastDirtyTimestamp=1772463695185
2026-03-02T21:33:43.239+05:30 DEBUG 4028 --- [productService] [DiscoveryClient-HeartbeatExecutor-0] [                                                 ] o.s.web.client.RestTemplate              : Accept=[application/json, application/*+json]
2026-03-02T21:33:43.253+05:30 DEBUG 4028 --- [productService] [DiscoveryClient-HeartbeatExecutor-0] [                                                 ] o.s.web.client.RestTemplate              : Response 200 OK
2026-03-02T21:33:59.203+05:30 DEBUG 4028 --- [productService] [DiscoveryClient-CacheRefreshExecutor-0] [                                                 ] o.s.web.client.RestTemplate              : HTTP GET http://localhost:8761/eureka/apps/delta
2026-03-02T21:33:59.208+05:30 DEBUG 4028 --- [productService] [DiscoveryClient-CacheRefreshExecutor-0] [                                                 ] o.s.web.client.RestTemplate              : Accept=[application/json, application/*+json]
2026-03-02T21:33:59.251+05:30 DEBUG 4028 --- [productService] [DiscoveryClient-CacheRefreshExecutor-0] [                                                 ] o.s.web.client.RestTemplate              : Response 200 OK
2026-03-02T21:33:59.267+05:30 DEBUG 4028 --- [productService] [DiscoveryClient-CacheRefreshExecutor-0] [                                                 ] o.s.web.client.RestTemplate              : Reading to [org.springframework.cloud.netflix.eureka.http.EurekaApplications]
2026-03-02T21:34:13.265+05:30 DEBUG 4028 --- [productService] [DiscoveryClient-HeartbeatExecutor-0] [                                                 ] o.s.web.client.RestTemplate              : HTTP PUT http://localhost:8761/eureka/apps/PRODUCTSERVICE/DESKTOP-ECRRR37.mshome.net:productService:8082?status=UP&lastDirtyTimestamp=1772463695185
2026-03-02T21:34:13.265+05:30 DEBUG 4028 --- [productService] [DiscoveryClient-HeartbeatExecutor-0] [                                                 ] o.s.web.client.RestTemplate              : Accept=[application/json, application/*+json]
2026-03-02T21:34:13.282+05:30 DEBUG 4028 --- [productService] [DiscoveryClient-HeartbeatExecutor-0] [                                                 ] o.s.web.client.RestTemplate              : Response 200 OK
2026-03-02T21:34:29.286+05:30 DEBUG 4028 --- [productService] [DiscoveryClient-CacheRefreshExecutor-0] [                                                 ] o.s.web.client.RestTemplate              : HTTP GET http://localhost:8761/eureka/apps/delta
2026-03-02T21:34:29.287+05:30 DEBUG 4028 --- [productService] [DiscoveryClient-CacheRefreshExecutor-0] [                                                 ] o.s.web.client.RestTemplate              : Accept=[application/json, application/*+json]
2026-03-02T21:34:29.302+05:30 DEBUG 4028 --- [productService] [DiscoveryClient-CacheRefreshExecutor-0] [                                                 ] o.s.web.client.RestTemplate              : Response 200 OK
2026-03-02T21:34:29.304+05:30 DEBUG 4028 --- [productService] [DiscoveryClient-CacheRefreshExecutor-0] [                                                 ] o.s.web.client.RestTemplate              : Reading to [org.springframework.cloud.netflix.eureka.http.EurekaApplications]
2026-03-02T21:34:43.291+05:30 DEBUG 4028 --- [productService] [DiscoveryClient-HeartbeatExecutor-0] [                                                 ] o.s.web.client.RestTemplate              : HTTP PUT http://localhost:8761/eureka/apps/PRODUCTSERVICE/DESKTOP-ECRRR37.mshome.net:productService:8082?status=UP&lastDirtyTimestamp=1772463695185
2026-03-02T21:34:43.294+05:30 DEBUG 4028 --- [productService] [DiscoveryClient-HeartbeatExecutor-0] [                                                 ] o.s.web.client.RestTemplate              : Accept=[application/json, application/*+json]
2026-03-02T21:34:43.312+05:30 DEBUG 4028 --- [productService] [DiscoveryClient-HeartbeatExecutor-0] [                                                 ] o.s.web.client.RestTemplate              : Response 200 OK
2026-03-02T21:34:59.319+05:30 DEBUG 4028 --- [productService] [DiscoveryClient-CacheRefreshExecutor-0] [                                                 ] o.s.web.client.RestTemplate              : HTTP GET http://localhost:8761/eureka/apps/delta
2026-03-02T21:34:59.321+05:30 DEBUG 4028 --- [productService] [DiscoveryClient-CacheRefreshExecutor-0] [                                                 ] o.s.web.client.RestTemplate              : Accept=[application/json, application/*+json]
2026-03-02T21:34:59.347+05:30 DEBUG 4028 --- [productService] [DiscoveryClient-CacheRefreshExecutor-0] [                                                 ] o.s.web.client.RestTemplate              : Response 200 OK
2026-03-02T21:34:59.349+05:30 DEBUG 4028 --- [productService] [DiscoveryClient-CacheRefreshExecutor-0] [                                                 ] o.s.web.client.RestTemplate              : Reading to [org.springframework.cloud.netflix.eureka.http.EurekaApplications]
2026-03-02T21:35:13.319+05:30 DEBUG 4028 --- [productService] [DiscoveryClient-HeartbeatExecutor-0] [                                                 ] o.s.web.client.RestTemplate              : HTTP PUT http://localhost:8761/eureka/apps/PRODUCTSERVICE/DESKTOP-ECRRR37.mshome.net:productService:8082?status=UP&lastDirtyTimestamp=1772463695185
2026-03-02T21:35:13.321+05:30 DEBUG 4028 --- [productService] [DiscoveryClient-HeartbeatExecutor-0] [                                                 ] o.s.web.client.RestTemplate              : Accept=[application/json, application/*+json]
2026-03-02T21:35:13.343+05:30 DEBUG 4028 --- [productService] [DiscoveryClient-HeartbeatExecutor-0] [                                                 ] o.s.web.client.RestTemplate              : Response 200 OK
2026-03-02T21:35:29.372+05:30 DEBUG 4028 --- [productService] [DiscoveryClient-CacheRefreshExecutor-0] [                                                 ] o.s.web.client.RestTemplate              : HTTP GET http://localhost:8761/eureka/apps/delta
2026-03-02T21:35:29.374+05:30 DEBUG 4028 --- [productService] [DiscoveryClient-CacheRefreshExecutor-0] [                                                 ] o.s.web.client.RestTemplate              : Accept=[application/json, application/*+json]
2026-03-02T21:35:29.389+05:30 DEBUG 4028 --- [productService] [DiscoveryClient-CacheRefreshExecutor-0] [                                                 ] o.s.web.client.RestTemplate              : Response 200 OK
2026-03-02T21:35:29.390+05:30 DEBUG 4028 --- [productService] [DiscoveryClient-CacheRefreshExecutor-0] [                                                 ] o.s.web.client.RestTemplate              : Reading to [org.springframework.cloud.netflix.eureka.http.EurekaApplications]
2026-03-02T21:35:43.348+05:30 DEBUG 4028 --- [productService] [DiscoveryClient-HeartbeatExecutor-0] [                                                 ] o.s.web.client.RestTemplate              : HTTP PUT http://localhost:8761/eureka/apps/PRODUCTSERVICE/DESKTOP-ECRRR37.mshome.net:productService:8082?status=UP&lastDirtyTimestamp=1772463695185
2026-03-02T21:35:43.349+05:30 DEBUG 4028 --- [productService] [DiscoveryClient-HeartbeatExecutor-0] [                                                 ] o.s.web.client.RestTemplate              : Accept=[application/json, application/*+json]
2026-03-02T21:35:43.370+05:30 DEBUG 4028 --- [productService] [DiscoveryClient-HeartbeatExecutor-0] [                                                 ] o.s.web.client.RestTemplate              : Response 200 OK
2026-03-02T21:35:44.018+05:30 DEBUG 4028 --- [productService] [AsyncReporter{org.springframework.boot.actuate.autoconfigure.tracing.zipkin.ZipkinRestTemplateSender@6ff8e744}] [                                                 ] o.s.web.client.RestTemplate              : HTTP POST http://localhost:9411/api/v2/spans
2026-03-02T21:35:44.021+05:30 DEBUG 4028 --- [productService] [AsyncReporter{org.springframework.boot.actuate.autoconfigure.tracing.zipkin.ZipkinRestTemplateSender@6ff8e744}] [                                                 ] o.s.web.client.RestTemplate              : Accept=[application/json, application/*+json]
2026-03-02T21:35:44.022+05:30 DEBUG 4028 --- [productService] [AsyncReporter{org.springframework.boot.actuate.autoconfigure.tracing.zipkin.ZipkinRestTemplateSender@6ff8e744}] [                                                 ] o.s.web.client.RestTemplate              : Writing [[B@7d4d8579] as "application/json"
2026-03-02T21:35:44.079+05:30 DEBUG 4028 --- [productService] [AsyncReporter{org.springframework.boot.actuate.autoconfigure.tracing.zipkin.ZipkinRestTemplateSender@6ff8e744}] [                                                 ] o.s.web.client.RestTemplate              : Response 202 ACCEPTED
2026-03-02T21:35:51.140+05:30 DEBUG 4028 --- [productService] [AsyncReporter{org.springframework.boot.actuate.autoconfigure.tracing.zipkin.ZipkinRestTemplateSender@6ff8e744}] [                                                 ] o.s.web.client.RestTemplate              : HTTP POST http://localhost:9411/api/v2/spans
2026-03-02T21:35:51.141+05:30 DEBUG 4028 --- [productService] [AsyncReporter{org.springframework.boot.actuate.autoconfigure.tracing.zipkin.ZipkinRestTemplateSender@6ff8e744}] [                                                 ] o.s.web.client.RestTemplate              : Accept=[application/json, application/*+json]
2026-03-02T21:35:51.142+05:30 DEBUG 4028 --- [productService] [AsyncReporter{org.springframework.boot.actuate.autoconfigure.tracing.zipkin.ZipkinRestTemplateSender@6ff8e744}] [                                                 ] o.s.web.client.RestTemplate              : Writing [[B@16f4a1c6] as "application/json"
2026-03-02T21:35:51.165+05:30 DEBUG 4028 --- [productService] [AsyncReporter{org.springframework.boot.actuate.autoconfigure.tracing.zipkin.ZipkinRestTemplateSender@6ff8e744}] [                                                 ] o.s.web.client.RestTemplate              : Response 202 ACCEPTED
2026-03-02T21:35:59.692+05:30 DEBUG 4028 --- [productService] [DiscoveryClient-CacheRefreshExecutor-0] [                                                 ] o.s.web.client.RestTemplate              : HTTP GET http://localhost:8761/eureka/apps/delta
2026-03-02T21:35:59.694+05:30 DEBUG 4028 --- [productService] [DiscoveryClient-CacheRefreshExecutor-0] [                                                 ] o.s.web.client.RestTemplate              : Accept=[application/json, application/*+json]
2026-03-02T21:35:59.708+05:30 DEBUG 4028 --- [productService] [DiscoveryClient-CacheRefreshExecutor-0] [                                                 ] o.s.web.client.RestTemplate              : Response 200 OK
2026-03-02T21:35:59.709+05:30 DEBUG 4028 --- [productService] [DiscoveryClient-CacheRefreshExecutor-0] [                                                 ] o.s.web.client.RestTemplate              : Reading to [org.springframework.cloud.netflix.eureka.http.EurekaApplications]
2026-03-02T21:36:13.383+05:30 DEBUG 4028 --- [productService] [DiscoveryClient-HeartbeatExecutor-0] [                                                 ] o.s.web.client.RestTemplate              : HTTP PUT http://localhost:8761/eureka/apps/PRODUCTSERVICE/DESKTOP-ECRRR37.mshome.net:productService:8082?status=UP&lastDirtyTimestamp=1772463695185
2026-03-02T21:36:13.384+05:30 DEBUG 4028 --- [productService] [DiscoveryClient-HeartbeatExecutor-0] [                                                 ] o.s.web.client.RestTemplate              : Accept=[application/json, application/*+json]
2026-03-02T21:36:13.403+05:30 DEBUG 4028 --- [productService] [DiscoveryClient-HeartbeatExecutor-0] [                                                 ] o.s.web.client.RestTemplate              : Response 200 OK
2026-03-02T21:36:29.720+05:30 DEBUG 4028 --- [productService] [DiscoveryClient-CacheRefreshExecutor-0] [                                                 ] o.s.web.client.RestTemplate              : HTTP GET http://localhost:8761/eureka/apps/delta
2026-03-02T21:36:29.722+05:30 DEBUG 4028 --- [productService] [DiscoveryClient-CacheRefreshExecutor-0] [                                                 ] o.s.web.client.RestTemplate              : Accept=[application/json, application/*+json]
2026-03-02T21:36:29.739+05:30 DEBUG 4028 --- [productService] [DiscoveryClient-CacheRefreshExecutor-0] [                                                 ] o.s.web.client.RestTemplate              : Response 200 OK
2026-03-02T21:36:29.742+05:30 DEBUG 4028 --- [productService] [DiscoveryClient-CacheRefreshExecutor-0] [                                                 ] o.s.web.client.RestTemplate              : Reading to [org.springframework.cloud.netflix.eureka.http.EurekaApplications]
2026-03-02T21:36:43.411+05:30 DEBUG 4028 --- [productService] [DiscoveryClient-HeartbeatExecutor-0] [                                                 ] o.s.web.client.RestTemplate              : HTTP PUT http://localhost:8761/eureka/apps/PRODUCTSERVICE/DESKTOP-ECRRR37.mshome.net:productService:8082?status=UP&lastDirtyTimestamp=1772463695185
2026-03-02T21:36:43.413+05:30 DEBUG 4028 --- [productService] [DiscoveryClient-HeartbeatExecutor-0] [                                                 ] o.s.web.client.RestTemplate              : Accept=[application/json, application/*+json]
2026-03-02T21:36:43.429+05:30 DEBUG 4028 --- [productService] [DiscoveryClient-HeartbeatExecutor-0] [                                                 ] o.s.web.client.RestTemplate              : Response 200 OK
2026-03-02T21:36:44.029+05:30  INFO 4028 --- [productService] [AsyncResolver-bootstrap-executor-0] [                                                 ] c.n.d.s.r.aws.ConfigClusterResolver      : Resolving eureka endpoints via configuration
2026-03-02T21:36:59.759+05:30 DEBUG 4028 --- [productService] [DiscoveryClient-CacheRefreshExecutor-0] [                                                 ] o.s.web.client.RestTemplate              : HTTP GET http://localhost:8761/eureka/apps/delta
2026-03-02T21:36:59.760+05:30 DEBUG 4028 --- [productService] [DiscoveryClient-CacheRefreshExecutor-0] [                                                 ] o.s.web.client.RestTemplate              : Accept=[application/json, application/*+json]
2026-03-02T21:36:59.777+05:30 DEBUG 4028 --- [productService] [DiscoveryClient-CacheRefreshExecutor-0] [                                                 ] o.s.web.client.RestTemplate              : Response 200 OK
2026-03-02T21:36:59.779+05:30 DEBUG 4028 --- [productService] [DiscoveryClient-CacheRefreshExecutor-0] [                                                 ] o.s.web.client.RestTemplate              : Reading to [org.springframework.cloud.netflix.eureka.http.EurekaApplications]
2026-03-02T21:37:13.439+05:30 DEBUG 4028 --- [productService] [DiscoveryClient-HeartbeatExecutor-0] [                                                 ] o.s.web.client.RestTemplate              : HTTP PUT http://localhost:8761/eureka/apps/PRODUCTSERVICE/DESKTOP-ECRRR37.mshome.net:productService:8082?status=UP&lastDirtyTimestamp=1772463695185
2026-03-02T21:37:13.439+05:30 DEBUG 4028 --- [productService] [DiscoveryClient-HeartbeatExecutor-0] [                                                 ] o.s.web.client.RestTemplate              : Accept=[application/json, application/*+json]
2026-03-02T21:37:13.458+05:30 DEBUG 4028 --- [productService] [DiscoveryClient-HeartbeatExecutor-0] [                                                 ] o.s.web.client.RestTemplate              : Response 200 OK
2026-03-02T21:37:29.798+05:30 DEBUG 4028 --- [productService] [DiscoveryClient-CacheRefreshExecutor-0] [                                                 ] o.s.web.client.RestTemplate              : HTTP GET http://localhost:8761/eureka/apps/delta
2026-03-02T21:37:29.998+05:30 DEBUG 4028 --- [productService] [DiscoveryClient-CacheRefreshExecutor-0] [                                                 ] o.s.web.client.RestTemplate              : Accept=[application/json, application/*+json]
2026-03-02T21:37:30.071+05:30 DEBUG 4028 --- [productService] [DiscoveryClient-CacheRefreshExecutor-0] [                                                 ] o.s.web.client.RestTemplate              : Response 200 OK
2026-03-02T21:37:30.218+05:30 DEBUG 4028 --- [productService] [DiscoveryClient-CacheRefreshExecutor-0] [                                                 ] o.s.web.client.RestTemplate              : Reading to [org.springframework.cloud.netflix.eureka.http.EurekaApplications]
2026-03-02T21:37:43.471+05:30 DEBUG 4028 --- [productService] [DiscoveryClient-HeartbeatExecutor-0] [                                                 ] o.s.web.client.RestTemplate              : HTTP PUT http://localhost:8761/eureka/apps/PRODUCTSERVICE/DESKTOP-ECRRR37.mshome.net:productService:8082?status=UP&lastDirtyTimestamp=1772463695185
2026-03-02T21:37:43.472+05:30 DEBUG 4028 --- [productService] [DiscoveryClient-HeartbeatExecutor-0] [                                                 ] o.s.web.client.RestTemplate              : Accept=[application/json, application/*+json]
2026-03-02T21:37:43.489+05:30 DEBUG 4028 --- [productService] [DiscoveryClient-HeartbeatExecutor-0] [                                                 ] o.s.web.client.RestTemplate              : Response 200 OK
2026-03-02T21:38:00.461+05:30 DEBUG 4028 --- [productService] [DiscoveryClient-CacheRefreshExecutor-0] [                                                 ] o.s.web.client.RestTemplate              : HTTP GET http://localhost:8761/eureka/apps/delta
2026-03-02T21:38:00.462+05:30 DEBUG 4028 --- [productService] [DiscoveryClient-CacheRefreshExecutor-0] [                                                 ] o.s.web.client.RestTemplate              : Accept=[application/json, application/*+json]
2026-03-02T21:38:00.479+05:30 DEBUG 4028 --- [productService] [DiscoveryClient-CacheRefreshExecutor-0] [                                                 ] o.s.web.client.RestTemplate              : Response 200 OK
2026-03-02T21:38:00.480+05:30 DEBUG 4028 --- [productService] [DiscoveryClient-CacheRefreshExecutor-0] [                                                 ] o.s.web.client.RestTemplate              : Reading to [org.springframework.cloud.netflix.eureka.http.EurekaApplications]
2026-03-02T21:38:13.505+05:30 DEBUG 4028 --- [productService] [DiscoveryClient-HeartbeatExecutor-0] [                                                 ] o.s.web.client.RestTemplate              : HTTP PUT http://localhost:8761/eureka/apps/PRODUCTSERVICE/DESKTOP-ECRRR37.mshome.net:productService:8082?status=UP&lastDirtyTimestamp=1772463695185
2026-03-02T21:38:13.507+05:30 DEBUG 4028 --- [productService] [DiscoveryClient-HeartbeatExecutor-0] [                                                 ] o.s.web.client.RestTemplate              : Accept=[application/json, application/*+json]
2026-03-02T21:38:13.521+05:30 DEBUG 4028 --- [productService] [DiscoveryClient-HeartbeatExecutor-0] [                                                 ] o.s.web.client.RestTemplate              : Response 200 OK
2026-03-02T21:38:30.496+05:30 DEBUG 4028 --- [productService] [DiscoveryClient-CacheRefreshExecutor-0] [                                                 ] o.s.web.client.RestTemplate              : HTTP GET http://localhost:8761/eureka/apps/delta
2026-03-02T21:38:30.497+05:30 DEBUG 4028 --- [productService] [DiscoveryClient-CacheRefreshExecutor-0] [                                                 ] o.s.web.client.RestTemplate              : Accept=[application/json, application/*+json]
2026-03-02T21:38:30.514+05:30 DEBUG 4028 --- [productService] [DiscoveryClient-CacheRefreshExecutor-0] [                                                 ] o.s.web.client.RestTemplate              : Response 200 OK
2026-03-02T21:38:30.514+05:30 DEBUG 4028 --- [productService] [DiscoveryClient-CacheRefreshExecutor-0] [                                                 ] o.s.web.client.RestTemplate              : Reading to [org.springframework.cloud.netflix.eureka.http.EurekaApplications]
2026-03-02T21:38:43.533+05:30 DEBUG 4028 --- [productService] [DiscoveryClient-HeartbeatExecutor-0] [                                                 ] o.s.web.client.RestTemplate              : HTTP PUT http://localhost:8761/eureka/apps/PRODUCTSERVICE/DESKTOP-ECRRR37.mshome.net:productService:8082?status=UP&lastDirtyTimestamp=1772463695185
2026-03-02T21:38:43.533+05:30 DEBUG 4028 --- [productService] [DiscoveryClient-HeartbeatExecutor-0] [                                                 ] o.s.web.client.RestTemplate              : Accept=[application/json, application/*+json]
2026-03-02T21:38:43.549+05:30 DEBUG 4028 --- [productService] [DiscoveryClient-HeartbeatExecutor-0] [                                                 ] o.s.web.client.RestTemplate              : Response 200 OK
2026-03-02T21:39:00.539+05:30 DEBUG 4028 --- [productService] [DiscoveryClient-CacheRefreshExecutor-0] [                                                 ] o.s.web.client.RestTemplate              : HTTP GET http://localhost:8761/eureka/apps/delta
2026-03-02T21:39:00.541+05:30 DEBUG 4028 --- [productService] [DiscoveryClient-CacheRefreshExecutor-0] [                                                 ] o.s.web.client.RestTemplate              : Accept=[application/json, application/*+json]
2026-03-02T21:39:00.557+05:30 DEBUG 4028 --- [productService] [DiscoveryClient-CacheRefreshExecutor-0] [                                                 ] o.s.web.client.RestTemplate              : Response 200 OK
2026-03-02T21:39:00.559+05:30 DEBUG 4028 --- [productService] [DiscoveryClient-CacheRefreshExecutor-0] [                                                 ] o.s.web.client.RestTemplate              : Reading to [org.springframework.cloud.netflix.eureka.http.EurekaApplications]
2026-03-02T21:39:11.595+05:30  INFO 4028 --- [productService] [SpringApplicationShutdownHook] [                                                 ] o.s.c.n.e.s.EurekaServiceRegistry        : Unregistering application PRODUCTSERVICE with eureka with status DOWN
2026-03-02T21:39:11.610+05:30  INFO 4028 --- [productService] [SpringApplicationShutdownHook] [                                                 ] com.netflix.discovery.DiscoveryClient    : Saw local status change event StatusChangeEvent [timestamp=1772467751607, current=DOWN, previous=UP]
2026-03-02T21:39:11.719+05:30  INFO 4028 --- [productService] [DiscoveryClient-InstanceInfoReplicator-0] [                                                 ] com.netflix.discovery.DiscoveryClient    : DiscoveryClient_PRODUCTSERVICE/DESKTOP-ECRRR37.mshome.net:productService:8082: registering service...
2026-03-02T21:39:12.548+05:30 DEBUG 4028 --- [productService] [DiscoveryClient-InstanceInfoReplicator-0] [                                                 ] o.s.web.client.RestTemplate              : HTTP POST http://localhost:8761/eureka/apps/PRODUCTSERVICE
2026-03-02T21:39:12.593+05:30 DEBUG 4028 --- [productService] [DiscoveryClient-InstanceInfoReplicator-0] [                                                 ] o.s.web.client.RestTemplate              : Accept=[application/json, application/*+json]
2026-03-02T21:39:12.752+05:30 DEBUG 4028 --- [productService] [DiscoveryClient-InstanceInfoReplicator-0] [                                                 ] o.s.web.client.RestTemplate              : Writing [InstanceInfo [instanceId = DESKTOP-ECRRR37.mshome.net:productService:8082, appName = PRODUCTSERVICE, hostName = 192.168.176.1, status = DOWN, ipAddr = 192.168.176.1, port = 8082, securePort = 443, dataCenterInfo = com.netflix.appinfo.MyDataCenterInfo@2dd631c5] as "application/json"
2026-03-02T21:39:13.751+05:30 DEBUG 4028 --- [productService] [DiscoveryClient-HeartbeatExecutor-0] [                                                 ] o.s.web.client.RestTemplate              : HTTP PUT http://localhost:8761/eureka/apps/PRODUCTSERVICE/DESKTOP-ECRRR37.mshome.net:productService:8082?status=DOWN&lastDirtyTimestamp=1772467751607
2026-03-02T21:39:13.849+05:30 DEBUG 4028 --- [productService] [DiscoveryClient-HeartbeatExecutor-0] [                                                 ] o.s.web.client.RestTemplate              : Accept=[application/json, application/*+json]
2026-03-02T21:39:13.971+05:30  INFO 4028 --- [productService] [SpringApplicationShutdownHook] [                                                 ] j.LocalContainerEntityManagerFactoryBean : Closing JPA EntityManagerFactory for persistence unit 'default'
2026-03-02T21:39:14.044+05:30  INFO 4028 --- [productService] [DiscoveryClient-HeartbeatExecutor-0] [                                                 ] c.n.d.s.t.d.RedirectingEurekaHttpClient  : Request execution error. endpoint=DefaultEndpoint{ serviceUrl='http://localhost:8761/eureka/}, exception=Connection pool shut down stacktrace=java.lang.IllegalStateException: Connection pool shut down
	at org.apache.hc.core5.util.Asserts.check(Asserts.java:38)
	at org.apache.hc.core5.pool.StrictConnPool.lease(StrictConnPool.java:176)
	at org.apache.hc.client5.http.impl.io.PoolingHttpClientConnectionManager.lease(PoolingHttpClientConnectionManager.java:298)
	at org.apache.hc.client5.http.impl.classic.InternalExecRuntime.acquireEndpoint(InternalExecRuntime.java:103)
	at org.apache.hc.client5.http.impl.classic.ConnectExec.execute(ConnectExec.java:125)
	at org.apache.hc.client5.http.impl.classic.ExecChainElement.execute(ExecChainElement.java:51)
	at org.apache.hc.client5.http.impl.classic.ProtocolExec.execute(ProtocolExec.java:192)
	at org.apache.hc.client5.http.impl.classic.ExecChainElement.execute(ExecChainElement.java:51)
	at org.apache.hc.client5.http.impl.classic.HttpRequestRetryExec.execute(HttpRequestRetryExec.java:96)
	at org.apache.hc.client5.http.impl.classic.ExecChainElement.execute(ExecChainElement.java:51)
	at org.apache.hc.client5.http.impl.classic.ContentCompressionExec.execute(ContentCompressionExec.java:152)
	at org.apache.hc.client5.http.impl.classic.ExecChainElement.execute(ExecChainElement.java:51)
	at org.apache.hc.client5.http.impl.classic.RedirectExec.execute(RedirectExec.java:115)
	at org.apache.hc.client5.http.impl.classic.ExecChainElement.execute(ExecChainElement.java:51)
	at org.apache.hc.client5.http.impl.classic.InternalHttpClient.doExecute(InternalHttpClient.java:170)
	at org.apache.hc.client5.http.impl.classic.CloseableHttpClient.execute(CloseableHttpClient.java:87)
	at org.apache.hc.client5.http.impl.classic.CloseableHttpClient.execute(CloseableHttpClient.java:55)
	at org.apache.hc.client5.http.classic.HttpClient.executeOpen(HttpClient.java:183)
	at org.springframework.http.client.HttpComponentsClientHttpRequest.executeInternal(HttpComponentsClientHttpRequest.java:95)
	at org.springframework.http.client.AbstractStreamingClientHttpRequest.executeInternal(AbstractStreamingClientHttpRequest.java:70)
	at org.springframework.http.client.AbstractClientHttpRequest.execute(AbstractClientHttpRequest.java:66)
	at org.springframework.http.client.InterceptingClientHttpRequest$InterceptingRequestExecution.execute(InterceptingClientHttpRequest.java:101)
	at org.springframework.cloud.netflix.eureka.http.RestTemplateTransportClientFactory.lambda$restTemplate$0(RestTemplateTransportClientFactory.java:143)
	at org.springframework.http.client.InterceptingClientHttpRequest$InterceptingRequestExecution.execute(InterceptingClientHttpRequest.java:87)
	at org.springframework.http.client.InterceptingClientHttpRequest.executeInternal(InterceptingClientHttpRequest.java:71)
	at org.springframework.http.client.AbstractBufferingClientHttpRequest.executeInternal(AbstractBufferingClientHttpRequest.java:48)
	at org.springframework.http.client.AbstractClientHttpRequest.execute(AbstractClientHttpRequest.java:66)
	at org.springframework.web.client.RestTemplate.doExecute(RestTemplate.java:879)
	at org.springframework.web.client.RestTemplate.execute(RestTemplate.java:781)
	at org.springframework.web.client.RestTemplate.exchange(RestTemplate.java:663)
	at org.springframework.cloud.netflix.eureka.http.RestTemplateEurekaHttpClient.sendHeartBeat(RestTemplateEurekaHttpClient.java:99)
	at com.netflix.discovery.shared.transport.decorator.EurekaHttpClientDecorator$3.execute(EurekaHttpClientDecorator.java:92)
	at com.netflix.discovery.shared.transport.decorator.RedirectingEurekaHttpClient.executeOnNewServer(RedirectingEurekaHttpClient.java:121)
	at com.netflix.discovery.shared.transport.decorator.RedirectingEurekaHttpClient.execute(RedirectingEurekaHttpClient.java:80)
	at com.netflix.discovery.shared.transport.decorator.EurekaHttpClientDecorator.sendHeartBeat(EurekaHttpClientDecorator.java:89)
	at com.netflix.discovery.shared.transport.decorator.EurekaHttpClientDecorator$3.execute(EurekaHttpClientDecorator.java:92)
	at com.netflix.discovery.shared.transport.decorator.RetryableEurekaHttpClient.execute(RetryableEurekaHttpClient.java:120)
	at com.netflix.discovery.shared.transport.decorator.EurekaHttpClientDecorator.sendHeartBeat(EurekaHttpClientDecorator.java:89)
	at com.netflix.discovery.shared.transport.decorator.EurekaHttpClientDecorator$3.execute(EurekaHttpClientDecorator.java:92)
	at com.netflix.discovery.shared.transport.decorator.SessionedEurekaHttpClient.execute(SessionedEurekaHttpClient.java:77)
	at com.netflix.discovery.shared.transport.decorator.EurekaHttpClientDecorator.sendHeartBeat(EurekaHttpClientDecorator.java:89)
	at com.netflix.discovery.DiscoveryClient.renew(DiscoveryClient.java:837)
	at com.netflix.discovery.DiscoveryClient$HeartbeatThread.run(DiscoveryClient.java:1401)
	at java.base/java.util.concurrent.Executors$RunnableAdapter.call(Executors.java:572)
	at java.base/java.util.concurrent.FutureTask.run(FutureTask.java:317)
	at java.base/java.util.concurrent.ThreadPoolExecutor.runWorker(ThreadPoolExecutor.java:1144)
	at java.base/java.util.concurrent.ThreadPoolExecutor$Worker.run(ThreadPoolExecutor.java:642)
	at java.base/java.lang.Thread.run(Thread.java:1583)

2026-03-02T21:39:14.047+05:30  WARN 4028 --- [productService] [DiscoveryClient-HeartbeatExecutor-0] [                                                 ] c.n.d.s.t.d.RetryableEurekaHttpClient    : Request execution failed with message: Connection pool shut down
2026-03-02T21:39:14.048+05:30  INFO 4028 --- [productService] [DiscoveryClient-InstanceInfoReplicator-0] [                                                 ] c.n.d.s.t.d.RedirectingEurekaHttpClient  : Request execution error. endpoint=DefaultEndpoint{ serviceUrl='http://localhost:8761/eureka/}, exception=I/O error on POST request for "http://localhost:8761/eureka/apps/PRODUCTSERVICE": Connect to http://localhost:8761 [localhost/127.0.0.1, localhost/0:0:0:0:0:0:0:1] failed: Connection refused: getsockopt stacktrace=org.springframework.web.client.ResourceAccessException: I/O error on POST request for "http://localhost:8761/eureka/apps/PRODUCTSERVICE": Connect to http://localhost:8761 [localhost/127.0.0.1, localhost/0:0:0:0:0:0:0:1] failed: Connection refused: getsockopt
	at org.springframework.web.client.RestTemplate.createResourceAccessException(RestTemplate.java:905)
	at org.springframework.web.client.RestTemplate.doExecute(RestTemplate.java:885)
	at org.springframework.web.client.RestTemplate.execute(RestTemplate.java:781)
	at org.springframework.web.client.RestTemplate.exchange(RestTemplate.java:663)
	at org.springframework.cloud.netflix.eureka.http.RestTemplateEurekaHttpClient.register(RestTemplateEurekaHttpClient.java:77)
	at com.netflix.discovery.shared.transport.decorator.EurekaHttpClientDecorator$1.execute(EurekaHttpClientDecorator.java:59)
	at com.netflix.discovery.shared.transport.decorator.RedirectingEurekaHttpClient.executeOnNewServer(RedirectingEurekaHttpClient.java:121)
	at com.netflix.discovery.shared.transport.decorator.RedirectingEurekaHttpClient.execute(RedirectingEurekaHttpClient.java:80)
	at com.netflix.discovery.shared.transport.decorator.EurekaHttpClientDecorator.register(EurekaHttpClientDecorator.java:56)
	at com.netflix.discovery.shared.transport.decorator.EurekaHttpClientDecorator$1.execute(EurekaHttpClientDecorator.java:59)
	at com.netflix.discovery.shared.transport.decorator.RetryableEurekaHttpClient.execute(RetryableEurekaHttpClient.java:120)
	at com.netflix.discovery.shared.transport.decorator.EurekaHttpClientDecorator.register(EurekaHttpClientDecorator.java:56)
	at com.netflix.discovery.shared.transport.decorator.EurekaHttpClientDecorator$1.execute(EurekaHttpClientDecorator.java:59)
	at com.netflix.discovery.shared.transport.decorator.SessionedEurekaHttpClient.execute(SessionedEurekaHttpClient.java:77)
	at com.netflix.discovery.shared.transport.decorator.EurekaHttpClientDecorator.register(EurekaHttpClientDecorator.java:56)
	at com.netflix.discovery.DiscoveryClient.register(DiscoveryClient.java:820)
	at com.netflix.discovery.InstanceInfoReplicator.run(InstanceInfoReplicator.java:121)
	at com.netflix.discovery.InstanceInfoReplicator$1.run(InstanceInfoReplicator.java:101)
	at java.base/java.util.concurrent.Executors$RunnableAdapter.call(Executors.java:572)
	at java.base/java.util.concurrent.FutureTask.run(FutureTask.java:317)
	at java.base/java.util.concurrent.ScheduledThreadPoolExecutor$ScheduledFutureTask.run(ScheduledThreadPoolExecutor.java:304)
	at java.base/java.util.concurrent.ThreadPoolExecutor.runWorker(ThreadPoolExecutor.java:1144)
	at java.base/java.util.concurrent.ThreadPoolExecutor$Worker.run(ThreadPoolExecutor.java:642)
	at java.base/java.lang.Thread.run(Thread.java:1583)
Caused by: org.apache.hc.client5.http.HttpHostConnectException: Connect to http://localhost:8761 [localhost/127.0.0.1, localhost/0:0:0:0:0:0:0:1] failed: Connection refused: getsockopt
	at java.base/sun.nio.ch.Net.pollConnect(Native Method)
	at java.base/sun.nio.ch.Net.pollConnectNow(Net.java:682)
	at java.base/sun.nio.ch.NioSocketImpl.timedFinishConnect(NioSocketImpl.java:542)
	at java.base/sun.nio.ch.NioSocketImpl.connect(NioSocketImpl.java:592)
	at java.base/java.net.SocksSocketImpl.connect(SocksSocketImpl.java:327)
	at java.base/java.net.Socket.connect(Socket.java:751)
	at org.apache.hc.client5.http.socket.PlainConnectionSocketFactory.lambda$connectSocket$0(PlainConnectionSocketFactory.java:91)
	at java.base/java.security.AccessController.doPrivileged(AccessController.java:571)
	at org.apache.hc.client5.http.socket.PlainConnectionSocketFactory.connectSocket(PlainConnectionSocketFactory.java:90)
	at org.apache.hc.client5.http.socket.ConnectionSocketFactory.connectSocket(ConnectionSocketFactory.java:123)
	at org.apache.hc.client5.http.impl.io.DefaultHttpClientConnectionOperator.connect(DefaultHttpClientConnectionOperator.java:184)
	at org.apache.hc.client5.http.impl.io.PoolingHttpClientConnectionManager.connect(PoolingHttpClientConnectionManager.java:447)
	at org.apache.hc.client5.http.impl.classic.InternalExecRuntime.connectEndpoint(InternalExecRuntime.java:162)
	at org.apache.hc.client5.http.impl.classic.InternalExecRuntime.connectEndpoint(InternalExecRuntime.java:172)
	at org.apache.hc.client5.http.impl.classic.ConnectExec.execute(ConnectExec.java:142)
	at org.apache.hc.client5.http.impl.classic.ExecChainElement.execute(ExecChainElement.java:51)
	at org.apache.hc.client5.http.impl.classic.ProtocolExec.execute(ProtocolExec.java:192)
	at org.apache.hc.client5.http.impl.classic.ExecChainElement.execute(ExecChainElement.java:51)
	at org.apache.hc.client5.http.impl.classic.HttpRequestRetryExec.execute(HttpRequestRetryExec.java:96)
	at org.apache.hc.client5.http.impl.classic.ExecChainElement.execute(ExecChainElement.java:51)
	at org.apache.hc.client5.http.impl.classic.ContentCompressionExec.execute(ContentCompressionExec.java:152)
	at org.apache.hc.client5.http.impl.classic.ExecChainElement.execute(ExecChainElement.java:51)
	at org.apache.hc.client5.http.impl.classic.RedirectExec.execute(RedirectExec.java:115)
	at org.apache.hc.client5.http.impl.classic.ExecChainElement.execute(ExecChainElement.java:51)
	at org.apache.hc.client5.http.impl.classic.InternalHttpClient.doExecute(InternalHttpClient.java:170)
	at org.apache.hc.client5.http.impl.classic.CloseableHttpClient.execute(CloseableHttpClient.java:87)
	at org.apache.hc.client5.http.impl.classic.CloseableHttpClient.execute(CloseableHttpClient.java:55)
	at org.apache.hc.client5.http.classic.HttpClient.executeOpen(HttpClient.java:183)
	at org.springframework.http.client.HttpComponentsClientHttpRequest.executeInternal(HttpComponentsClientHttpRequest.java:95)
	at org.springframework.http.client.AbstractStreamingClientHttpRequest.executeInternal(AbstractStreamingClientHttpRequest.java:70)
	at org.springframework.http.client.AbstractClientHttpRequest.execute(AbstractClientHttpRequest.java:66)
	at org.springframework.http.client.InterceptingClientHttpRequest$InterceptingRequestExecution.execute(InterceptingClientHttpRequest.java:101)
	at org.springframework.cloud.netflix.eureka.http.RestTemplateTransportClientFactory.lambda$restTemplate$0(RestTemplateTransportClientFactory.java:143)
	at org.springframework.http.client.InterceptingClientHttpRequest$InterceptingRequestExecution.execute(InterceptingClientHttpRequest.java:87)
	at org.springframework.http.client.InterceptingClientHttpRequest.executeInternal(InterceptingClientHttpRequest.java:71)
	at org.springframework.http.client.AbstractBufferingClientHttpRequest.executeInternal(AbstractBufferingClientHttpRequest.java:48)
	at org.springframework.http.client.AbstractClientHttpRequest.execute(AbstractClientHttpRequest.java:66)
	at org.springframework.web.client.RestTemplate.doExecute(RestTemplate.java:879)
	... 22 more

2026-03-02T21:39:14.061+05:30  WARN 4028 --- [productService] [DiscoveryClient-InstanceInfoReplicator-0] [                                                 ] c.n.d.s.t.d.RetryableEurekaHttpClient    : Request execution failed with message: I/O error on POST request for "http://localhost:8761/eureka/apps/PRODUCTSERVICE": Connect to http://localhost:8761 [localhost/127.0.0.1, localhost/0:0:0:0:0:0:0:1] failed: Connection refused: getsockopt
2026-03-02T21:39:14.170+05:30  INFO 4028 --- [productService] [SpringApplicationShutdownHook] [                                                 ] com.zaxxer.hikari.HikariDataSource       : HikariPool-1 - Shutdown initiated...
2026-03-02T21:39:14.362+05:30  INFO 4028 --- [productService] [SpringApplicationShutdownHook] [                                                 ] com.zaxxer.hikari.HikariDataSource       : HikariPool-1 - Shutdown completed.
2026-03-02T21:39:14.052+05:30 ERROR 4028 --- [productService] [DiscoveryClient-HeartbeatExecutor-0] [                                                 ] com.netflix.discovery.DiscoveryClient    : DiscoveryClient_PRODUCTSERVICE/DESKTOP-ECRRR37.mshome.net:productService:8082 - was unable to send heartbeat!

com.netflix.discovery.shared.transport.TransportException: Cannot execute request on any known server
	at com.netflix.discovery.shared.transport.decorator.RetryableEurekaHttpClient.execute(RetryableEurekaHttpClient.java:112) ~[eureka-client-2.0.2.jar:2.0.2]
	at com.netflix.discovery.shared.transport.decorator.EurekaHttpClientDecorator.sendHeartBeat(EurekaHttpClientDecorator.java:89) ~[eureka-client-2.0.2.jar:2.0.2]
	at com.netflix.discovery.shared.transport.decorator.EurekaHttpClientDecorator$3.execute(EurekaHttpClientDecorator.java:92) ~[eureka-client-2.0.2.jar:2.0.2]
	at com.netflix.discovery.shared.transport.decorator.SessionedEurekaHttpClient.execute(SessionedEurekaHttpClient.java:77) ~[eureka-client-2.0.2.jar:2.0.2]
	at com.netflix.discovery.shared.transport.decorator.EurekaHttpClientDecorator.sendHeartBeat(EurekaHttpClientDecorator.java:89) ~[eureka-client-2.0.2.jar:2.0.2]
	at com.netflix.discovery.DiscoveryClient.renew(DiscoveryClient.java:837) ~[eureka-client-2.0.2.jar:2.0.2]
	at com.netflix.discovery.DiscoveryClient$HeartbeatThread.run(DiscoveryClient.java:1401) ~[eureka-client-2.0.2.jar:2.0.2]
	at java.base/java.util.concurrent.Executors$RunnableAdapter.call(Executors.java:572) ~[na:na]
	at java.base/java.util.concurrent.FutureTask.run(FutureTask.java:317) ~[na:na]
	at java.base/java.util.concurrent.ThreadPoolExecutor.runWorker(ThreadPoolExecutor.java:1144) ~[na:na]
	at java.base/java.util.concurrent.ThreadPoolExecutor$Worker.run(ThreadPoolExecutor.java:642) ~[na:na]
	at java.base/java.lang.Thread.run(Thread.java:1583) ~[na:na]

2026-03-02T21:39:14.062+05:30  WARN 4028 --- [productService] [DiscoveryClient-InstanceInfoReplicator-0] [                                                 ] com.netflix.discovery.DiscoveryClient    : DiscoveryClient_PRODUCTSERVICE/DESKTOP-ECRRR37.mshome.net:productService:8082 - registration failed Cannot execute request on any known server

com.netflix.discovery.shared.transport.TransportException: Cannot execute request on any known server
	at com.netflix.discovery.shared.transport.decorator.RetryableEurekaHttpClient.execute(RetryableEurekaHttpClient.java:112) ~[eureka-client-2.0.2.jar:2.0.2]
	at com.netflix.discovery.shared.transport.decorator.EurekaHttpClientDecorator.register(EurekaHttpClientDecorator.java:56) ~[eureka-client-2.0.2.jar:2.0.2]
	at com.netflix.discovery.shared.transport.decorator.EurekaHttpClientDecorator$1.execute(EurekaHttpClientDecorator.java:59) ~[eureka-client-2.0.2.jar:2.0.2]
	at com.netflix.discovery.shared.transport.decorator.SessionedEurekaHttpClient.execute(SessionedEurekaHttpClient.java:77) ~[eureka-client-2.0.2.jar:2.0.2]
	at com.netflix.discovery.shared.transport.decorator.EurekaHttpClientDecorator.register(EurekaHttpClientDecorator.java:56) ~[eureka-client-2.0.2.jar:2.0.2]
	at com.netflix.discovery.DiscoveryClient.register(DiscoveryClient.java:820) ~[eureka-client-2.0.2.jar:2.0.2]
	at com.netflix.discovery.InstanceInfoReplicator.run(InstanceInfoReplicator.java:121) ~[eureka-client-2.0.2.jar:2.0.2]
	at com.netflix.discovery.InstanceInfoReplicator$1.run(InstanceInfoReplicator.java:101) ~[eureka-client-2.0.2.jar:2.0.2]
	at java.base/java.util.concurrent.Executors$RunnableAdapter.call(Executors.java:572) ~[na:na]
	at java.base/java.util.concurrent.FutureTask.run(FutureTask.java:317) ~[na:na]
	at java.base/java.util.concurrent.ScheduledThreadPoolExecutor$ScheduledFutureTask.run(ScheduledThreadPoolExecutor.java:304) ~[na:na]
	at java.base/java.util.concurrent.ThreadPoolExecutor.runWorker(ThreadPoolExecutor.java:1144) ~[na:na]
	at java.base/java.util.concurrent.ThreadPoolExecutor$Worker.run(ThreadPoolExecutor.java:642) ~[na:na]
	at java.base/java.lang.Thread.run(Thread.java:1583) ~[na:na]

2026-03-02T21:39:14.448+05:30  WARN 4028 --- [productService] [DiscoveryClient-InstanceInfoReplicator-0] [                                                 ] c.n.discovery.InstanceInfoReplicator     : There was a problem with the instance info replicator

com.netflix.discovery.shared.transport.TransportException: Cannot execute request on any known server
	at com.netflix.discovery.shared.transport.decorator.RetryableEurekaHttpClient.execute(RetryableEurekaHttpClient.java:112) ~[eureka-client-2.0.2.jar:2.0.2]
	at com.netflix.discovery.shared.transport.decorator.EurekaHttpClientDecorator.register(EurekaHttpClientDecorator.java:56) ~[eureka-client-2.0.2.jar:2.0.2]
	at com.netflix.discovery.shared.transport.decorator.EurekaHttpClientDecorator$1.execute(EurekaHttpClientDecorator.java:59) ~[eureka-client-2.0.2.jar:2.0.2]
	at com.netflix.discovery.shared.transport.decorator.SessionedEurekaHttpClient.execute(SessionedEurekaHttpClient.java:77) ~[eureka-client-2.0.2.jar:2.0.2]
	at com.netflix.discovery.shared.transport.decorator.EurekaHttpClientDecorator.register(EurekaHttpClientDecorator.java:56) ~[eureka-client-2.0.2.jar:2.0.2]
	at com.netflix.discovery.DiscoveryClient.register(DiscoveryClient.java:820) ~[eureka-client-2.0.2.jar:2.0.2]
	at com.netflix.discovery.InstanceInfoReplicator.run(InstanceInfoReplicator.java:121) ~[eureka-client-2.0.2.jar:2.0.2]
	at com.netflix.discovery.InstanceInfoReplicator$1.run(InstanceInfoReplicator.java:101) ~[eureka-client-2.0.2.jar:2.0.2]
	at java.base/java.util.concurrent.Executors$RunnableAdapter.call(Executors.java:572) ~[na:na]
	at java.base/java.util.concurrent.FutureTask.run(FutureTask.java:317) ~[na:na]
	at java.base/java.util.concurrent.ScheduledThreadPoolExecutor$ScheduledFutureTask.run(ScheduledThreadPoolExecutor.java:304) ~[na:na]
	at java.base/java.util.concurrent.ThreadPoolExecutor.runWorker(ThreadPoolExecutor.java:1144) ~[na:na]
	at java.base/java.util.concurrent.ThreadPoolExecutor$Worker.run(ThreadPoolExecutor.java:642) ~[na:na]
	at java.base/java.lang.Thread.run(Thread.java:1583) ~[na:na]

2026-03-02T21:39:15.365+05:30 DEBUG 4028 --- [productService] [AsyncReporter{org.springframework.boot.actuate.autoconfigure.tracing.zipkin.ZipkinRestTemplateSender@6ff8e744}] [                                                 ] o.s.web.client.RestTemplate              : HTTP POST http://localhost:9411/api/v2/spans
2026-03-02T21:39:15.390+05:30 DEBUG 4028 --- [productService] [AsyncReporter{org.springframework.boot.actuate.autoconfigure.tracing.zipkin.ZipkinRestTemplateSender@6ff8e744}] [                                                 ] o.s.web.client.RestTemplate              : Accept=[application/json, application/*+json]
2026-03-02T21:39:15.391+05:30 DEBUG 4028 --- [productService] [AsyncReporter{org.springframework.boot.actuate.autoconfigure.tracing.zipkin.ZipkinRestTemplateSender@6ff8e744}] [                                                 ] o.s.web.client.RestTemplate              : Writing [[B@66f1e07c] as "application/json"
2026-03-02T21:39:15.407+05:30  INFO 4028 --- [productService] [SpringApplicationShutdownHook] [                                                 ] com.netflix.discovery.DiscoveryClient    : Shutting down DiscoveryClient ...
2026-03-02T21:39:15.460+05:30 DEBUG 4028 --- [productService] [AsyncReporter{org.springframework.boot.actuate.autoconfigure.tracing.zipkin.ZipkinRestTemplateSender@6ff8e744}] [                                                 ] o.s.web.client.RestTemplate              : Response 202 ACCEPTED
2026-03-02T21:39:18.448+05:30  INFO 4028 --- [productService] [SpringApplicationShutdownHook] [                                                 ] com.netflix.discovery.DiscoveryClient    : Unregistering ...
2026-03-02T21:39:18.509+05:30 DEBUG 4028 --- [productService] [SpringApplicationShutdownHook] [                                                 ] o.s.web.client.RestTemplate              : HTTP DELETE http://localhost:8761/eureka/apps/PRODUCTSERVICE/DESKTOP-ECRRR37.mshome.net:productService:8082
2026-03-02T21:39:18.513+05:30 DEBUG 4028 --- [productService] [SpringApplicationShutdownHook] [                                                 ] o.s.web.client.RestTemplate              : Accept=[application/json, application/*+json]
2026-03-02T21:39:18.546+05:30  INFO 4028 --- [productService] [SpringApplicationShutdownHook] [                                                 ] c.n.d.s.t.d.RedirectingEurekaHttpClient  : Request execution error. endpoint=DefaultEndpoint{ serviceUrl='http://localhost:8761/eureka/}, exception=Connection pool shut down stacktrace=java.lang.IllegalStateException: Connection pool shut down
	at org.apache.hc.core5.util.Asserts.check(Asserts.java:38)
	at org.apache.hc.core5.pool.StrictConnPool.lease(StrictConnPool.java:176)
	at org.apache.hc.client5.http.impl.io.PoolingHttpClientConnectionManager.lease(PoolingHttpClientConnectionManager.java:298)
	at org.apache.hc.client5.http.impl.classic.InternalExecRuntime.acquireEndpoint(InternalExecRuntime.java:103)
	at org.apache.hc.client5.http.impl.classic.ConnectExec.execute(ConnectExec.java:125)
	at org.apache.hc.client5.http.impl.classic.ExecChainElement.execute(ExecChainElement.java:51)
	at org.apache.hc.client5.http.impl.classic.ProtocolExec.execute(ProtocolExec.java:192)
	at org.apache.hc.client5.http.impl.classic.ExecChainElement.execute(ExecChainElement.java:51)
	at org.apache.hc.client5.http.impl.classic.HttpRequestRetryExec.execute(HttpRequestRetryExec.java:96)
	at org.apache.hc.client5.http.impl.classic.ExecChainElement.execute(ExecChainElement.java:51)
	at org.apache.hc.client5.http.impl.classic.ContentCompressionExec.execute(ContentCompressionExec.java:152)
	at org.apache.hc.client5.http.impl.classic.ExecChainElement.execute(ExecChainElement.java:51)
	at org.apache.hc.client5.http.impl.classic.RedirectExec.execute(RedirectExec.java:115)
	at org.apache.hc.client5.http.impl.classic.ExecChainElement.execute(ExecChainElement.java:51)
	at org.apache.hc.client5.http.impl.classic.InternalHttpClient.doExecute(InternalHttpClient.java:170)
	at org.apache.hc.client5.http.impl.classic.CloseableHttpClient.execute(CloseableHttpClient.java:87)
	at org.apache.hc.client5.http.impl.classic.CloseableHttpClient.execute(CloseableHttpClient.java:55)
	at org.apache.hc.client5.http.classic.HttpClient.executeOpen(HttpClient.java:183)
	at org.springframework.http.client.HttpComponentsClientHttpRequest.executeInternal(HttpComponentsClientHttpRequest.java:95)
	at org.springframework.http.client.AbstractStreamingClientHttpRequest.executeInternal(AbstractStreamingClientHttpRequest.java:70)
	at org.springframework.http.client.AbstractClientHttpRequest.execute(AbstractClientHttpRequest.java:66)
	at org.springframework.http.client.InterceptingClientHttpRequest$InterceptingRequestExecution.execute(InterceptingClientHttpRequest.java:101)
	at org.springframework.cloud.netflix.eureka.http.RestTemplateTransportClientFactory.lambda$restTemplate$0(RestTemplateTransportClientFactory.java:143)
	at org.springframework.http.client.InterceptingClientHttpRequest$InterceptingRequestExecution.execute(InterceptingClientHttpRequest.java:87)
	at org.springframework.http.client.InterceptingClientHttpRequest.executeInternal(InterceptingClientHttpRequest.java:71)
	at org.springframework.http.client.AbstractBufferingClientHttpRequest.executeInternal(AbstractBufferingClientHttpRequest.java:48)
	at org.springframework.http.client.AbstractClientHttpRequest.execute(AbstractClientHttpRequest.java:66)
	at org.springframework.web.client.RestTemplate.doExecute(RestTemplate.java:879)
	at org.springframework.web.client.RestTemplate.execute(RestTemplate.java:781)
	at org.springframework.web.client.RestTemplate.exchange(RestTemplate.java:663)
	at org.springframework.cloud.netflix.eureka.http.RestTemplateEurekaHttpClient.cancel(RestTemplateEurekaHttpClient.java:87)
	at com.netflix.discovery.shared.transport.decorator.EurekaHttpClientDecorator$2.execute(EurekaHttpClientDecorator.java:74)
	at com.netflix.discovery.shared.transport.decorator.RedirectingEurekaHttpClient.executeOnNewServer(RedirectingEurekaHttpClient.java:121)
	at com.netflix.discovery.shared.transport.decorator.RedirectingEurekaHttpClient.execute(RedirectingEurekaHttpClient.java:80)
	at com.netflix.discovery.shared.transport.decorator.EurekaHttpClientDecorator.cancel(EurekaHttpClientDecorator.java:71)
	at com.netflix.discovery.shared.transport.decorator.EurekaHttpClientDecorator$2.execute(EurekaHttpClientDecorator.java:74)
	at com.netflix.discovery.shared.transport.decorator.RetryableEurekaHttpClient.execute(RetryableEurekaHttpClient.java:120)
	at com.netflix.discovery.shared.transport.decorator.EurekaHttpClientDecorator.cancel(EurekaHttpClientDecorator.java:71)
	at com.netflix.discovery.shared.transport.decorator.EurekaHttpClientDecorator$2.execute(EurekaHttpClientDecorator.java:74)
	at com.netflix.discovery.shared.transport.decorator.SessionedEurekaHttpClient.execute(SessionedEurekaHttpClient.java:77)
	at com.netflix.discovery.shared.transport.decorator.EurekaHttpClientDecorator.cancel(EurekaHttpClientDecorator.java:71)
	at com.netflix.discovery.DiscoveryClient.unregister(DiscoveryClient.java:916)
	at com.netflix.discovery.DiscoveryClient.shutdown(DiscoveryClient.java:892)
	at java.base/jdk.internal.reflect.DirectMethodHandleAccessor.invoke(DirectMethodHandleAccessor.java:103)
	at java.base/java.lang.reflect.Method.invoke(Method.java:580)
	at org.springframework.beans.factory.annotation.InitDestroyAnnotationBeanPostProcessor$LifecycleMethod.invoke(InitDestroyAnnotationBeanPostProcessor.java:457)
	at org.springframework.beans.factory.annotation.InitDestroyAnnotationBeanPostProcessor$LifecycleMetadata.invokeDestroyMethods(InitDestroyAnnotationBeanPostProcessor.java:415)
	at org.springframework.beans.factory.annotation.InitDestroyAnnotationBeanPostProcessor.postProcessBeforeDestruction(InitDestroyAnnotationBeanPostProcessor.java:239)
	at org.springframework.beans.factory.support.DisposableBeanAdapter.destroy(DisposableBeanAdapter.java:202)
	at org.springframework.beans.factory.support.DisposableBeanAdapter.run(DisposableBeanAdapter.java:195)
	at org.springframework.cloud.context.scope.GenericScope$BeanLifecycleWrapper.destroy(GenericScope.java:389)
	at org.springframework.cloud.context.scope.GenericScope.destroy(GenericScope.java:136)
	at org.springframework.beans.factory.support.DisposableBeanAdapter.destroy(DisposableBeanAdapter.java:211)
	at org.springframework.beans.factory.support.DefaultSingletonBeanRegistry.destroyBean(DefaultSingletonBeanRegistry.java:587)
	at org.springframework.beans.factory.support.DefaultSingletonBeanRegistry.destroySingleton(DefaultSingletonBeanRegistry.java:559)
	at org.springframework.beans.factory.support.DefaultListableBeanFactory.destroySingleton(DefaultListableBeanFactory.java:1202)
	at org.springframework.beans.factory.support.DefaultSingletonBeanRegistry.destroySingletons(DefaultSingletonBeanRegistry.java:520)
	at org.springframework.beans.factory.support.DefaultListableBeanFactory.destroySingletons(DefaultListableBeanFactory.java:1195)
	at org.springframework.context.support.AbstractApplicationContext.destroyBeans(AbstractApplicationContext.java:1183)
	at org.springframework.context.support.AbstractApplicationContext.doClose(AbstractApplicationContext.java:1144)
	at org.springframework.boot.web.servlet.context.ServletWebServerApplicationContext.doClose(ServletWebServerApplicationContext.java:174)
	at org.springframework.context.support.AbstractApplicationContext.close(AbstractApplicationContext.java:1090)
	at org.springframework.boot.SpringApplicationShutdownHook.closeAndWait(SpringApplicationShutdownHook.java:145)
	at java.base/java.lang.Iterable.forEach(Iterable.java:75)
	at org.springframework.boot.SpringApplicationShutdownHook.run(SpringApplicationShutdownHook.java:114)
	at java.base/java.lang.Thread.run(Thread.java:1583)

2026-03-02T21:39:18.548+05:30  WARN 4028 --- [productService] [SpringApplicationShutdownHook] [                                                 ] c.n.d.s.t.d.RetryableEurekaHttpClient    : Request execution failed with message: Connection pool shut down
2026-03-02T21:39:18.550+05:30 ERROR 4028 --- [productService] [SpringApplicationShutdownHook] [                                                 ] com.netflix.discovery.DiscoveryClient    : DiscoveryClient_PRODUCTSERVICE/DESKTOP-ECRRR37.mshome.net:productService:8082 - de-registration failedCannot execute request on any known server

com.netflix.discovery.shared.transport.TransportException: Cannot execute request on any known server
	at com.netflix.discovery.shared.transport.decorator.RetryableEurekaHttpClient.execute(RetryableEurekaHttpClient.java:112) ~[eureka-client-2.0.2.jar:2.0.2]
	at com.netflix.discovery.shared.transport.decorator.EurekaHttpClientDecorator.cancel(EurekaHttpClientDecorator.java:71) ~[eureka-client-2.0.2.jar:2.0.2]
	at com.netflix.discovery.shared.transport.decorator.EurekaHttpClientDecorator$2.execute(EurekaHttpClientDecorator.java:74) ~[eureka-client-2.0.2.jar:2.0.2]
	at com.netflix.discovery.shared.transport.decorator.SessionedEurekaHttpClient.execute(SessionedEurekaHttpClient.java:77) ~[eureka-client-2.0.2.jar:2.0.2]
	at com.netflix.discovery.shared.transport.decorator.EurekaHttpClientDecorator.cancel(EurekaHttpClientDecorator.java:71) ~[eureka-client-2.0.2.jar:2.0.2]
	at com.netflix.discovery.DiscoveryClient.unregister(DiscoveryClient.java:916) ~[eureka-client-2.0.2.jar:2.0.2]
	at com.netflix.discovery.DiscoveryClient.shutdown(DiscoveryClient.java:892) ~[eureka-client-2.0.2.jar:2.0.2]
	at java.base/jdk.internal.reflect.DirectMethodHandleAccessor.invoke(DirectMethodHandleAccessor.java:103) ~[na:na]
	at java.base/java.lang.reflect.Method.invoke(Method.java:580) ~[na:na]
	at org.springframework.beans.factory.annotation.InitDestroyAnnotationBeanPostProcessor$LifecycleMethod.invoke(InitDestroyAnnotationBeanPostProcessor.java:457) ~[spring-beans-6.1.3.jar:6.1.3]
	at org.springframework.beans.factory.annotation.InitDestroyAnnotationBeanPostProcessor$LifecycleMetadata.invokeDestroyMethods(InitDestroyAnnotationBeanPostProcessor.java:415) ~[spring-beans-6.1.3.jar:6.1.3]
	at org.springframework.beans.factory.annotation.InitDestroyAnnotationBeanPostProcessor.postProcessBeforeDestruction(InitDestroyAnnotationBeanPostProcessor.java:239) ~[spring-beans-6.1.3.jar:6.1.3]
	at org.springframework.beans.factory.support.DisposableBeanAdapter.destroy(DisposableBeanAdapter.java:202) ~[spring-beans-6.1.3.jar:6.1.3]
	at org.springframework.beans.factory.support.DisposableBeanAdapter.run(DisposableBeanAdapter.java:195) ~[spring-beans-6.1.3.jar:6.1.3]
	at org.springframework.cloud.context.scope.GenericScope$BeanLifecycleWrapper.destroy(GenericScope.java:389) ~[spring-cloud-context-4.1.2.jar:4.1.2]
	at org.springframework.cloud.context.scope.GenericScope.destroy(GenericScope.java:136) ~[spring-cloud-context-4.1.2.jar:4.1.2]
	at org.springframework.beans.factory.support.DisposableBeanAdapter.destroy(DisposableBeanAdapter.java:211) ~[spring-beans-6.1.3.jar:6.1.3]
	at org.springframework.beans.factory.support.DefaultSingletonBeanRegistry.destroyBean(DefaultSingletonBeanRegistry.java:587) ~[spring-beans-6.1.3.jar:6.1.3]
	at org.springframework.beans.factory.support.DefaultSingletonBeanRegistry.destroySingleton(DefaultSingletonBeanRegistry.java:559) ~[spring-beans-6.1.3.jar:6.1.3]
	at org.springframework.beans.factory.support.DefaultListableBeanFactory.destroySingleton(DefaultListableBeanFactory.java:1202) ~[spring-beans-6.1.3.jar:6.1.3]
	at org.springframework.beans.factory.support.DefaultSingletonBeanRegistry.destroySingletons(DefaultSingletonBeanRegistry.java:520) ~[spring-beans-6.1.3.jar:6.1.3]
	at org.springframework.beans.factory.support.DefaultListableBeanFactory.destroySingletons(DefaultListableBeanFactory.java:1195) ~[spring-beans-6.1.3.jar:6.1.3]
	at org.springframework.context.support.AbstractApplicationContext.destroyBeans(AbstractApplicationContext.java:1183) ~[spring-context-6.1.3.jar:6.1.3]
	at org.springframework.context.support.AbstractApplicationContext.doClose(AbstractApplicationContext.java:1144) ~[spring-context-6.1.3.jar:6.1.3]
	at org.springframework.boot.web.servlet.context.ServletWebServerApplicationContext.doClose(ServletWebServerApplicationContext.java:174) ~[spring-boot-3.2.2.jar:3.2.2]
	at org.springframework.context.support.AbstractApplicationContext.close(AbstractApplicationContext.java:1090) ~[spring-context-6.1.3.jar:6.1.3]
	at org.springframework.boot.SpringApplicationShutdownHook.closeAndWait(SpringApplicationShutdownHook.java:145) ~[spring-boot-3.2.2.jar:3.2.2]
	at java.base/java.lang.Iterable.forEach(Iterable.java:75) ~[na:na]
	at org.springframework.boot.SpringApplicationShutdownHook.run(SpringApplicationShutdownHook.java:114) ~[spring-boot-3.2.2.jar:3.2.2]
	at java.base/java.lang.Thread.run(Thread.java:1583) ~[na:na]

2026-03-02T21:39:18.948+05:30  INFO 4028 --- [productService] [SpringApplicationShutdownHook] [                                                 ] com.netflix.discovery.DiscoveryClient    : Completed shut down of DiscoveryClient
