2026-03-02T20:29:23.909+05:30  INFO 23432 --- [SpringCloud_EurekaServer] [restartedMain] [                                                 ] c.e.s.SpringCloudEurekaServerApplication : Starting SpringCloudEurekaServerApplication using Java 21.0.2 with PID 23432 (D:\SpringBoot_Microservices\E_Commerece_Project_Backend\Microservices\Microservices_Project\SpringCloud_EurekaServer\target\classes started by CH HEMANTH KUMAR in D:\SpringBoot_Microservices\E_Commerece_Project_Backend\Microservices\Microservices_Project)
2026-03-02T20:29:23.921+05:30  INFO 23432 --- [SpringCloud_EurekaServer] [restartedMain] [                                                 ] c.e.s.SpringCloudEurekaServerApplication : No active profile set, falling back to 1 default profile: "default"
2026-03-02T20:29:24.026+05:30  INFO 23432 --- [SpringCloud_EurekaServer] [restartedMain] [                                                 ] .e.DevToolsPropertyDefaultsPostProcessor : Devtools property defaults active! Set 'spring.devtools.add-properties' to 'false' to disable
2026-03-02T20:29:24.026+05:30  INFO 23432 --- [SpringCloud_EurekaServer] [restartedMain] [                                                 ] .e.DevToolsPropertyDefaultsPostProcessor : For additional web related logging consider setting the 'logging.level.web' property to 'DEBUG'
2026-03-02T20:29:25.955+05:30  INFO 23432 --- [SpringCloud_EurekaServer] [restartedMain] [                                                 ] o.s.cloud.context.scope.GenericScope     : BeanFactory id=e8d086d7-af8a-3e70-a320-240ffe1f7ca8
2026-03-02T20:29:26.537+05:30  INFO 23432 --- [SpringCloud_EurekaServer] [restartedMain] [                                                 ] o.s.boot.tomcat.TomcatWebServer          : Tomcat initialized with port 8761 (http)
2026-03-02T20:29:26.553+05:30  INFO 23432 --- [SpringCloud_EurekaServer] [restartedMain] [                                                 ] o.apache.catalina.core.StandardService   : Starting service [Tomcat]
2026-03-02T20:29:26.554+05:30  INFO 23432 --- [SpringCloud_EurekaServer] [restartedMain] [                                                 ] o.apache.catalina.core.StandardEngine    : Starting Servlet engine: [Apache Tomcat/11.0.15]
2026-03-02T20:29:26.656+05:30  INFO 23432 --- [SpringCloud_EurekaServer] [restartedMain] [                                                 ] b.w.c.s.WebApplicationContextInitializer : Root WebApplicationContext: initialization completed in 2629 ms
2026-03-02T20:29:28.260+05:30  INFO 23432 --- [SpringCloud_EurekaServer] [restartedMain] [                                                 ] c.n.d.provider.DiscoveryJerseyProvider   : Using JSON encoding codec LegacyJacksonJson
2026-03-02T20:29:28.262+05:30  INFO 23432 --- [SpringCloud_EurekaServer] [restartedMain] [                                                 ] c.n.d.provider.DiscoveryJerseyProvider   : Using JSON decoding codec LegacyJacksonJson
2026-03-02T20:29:28.592+05:30  INFO 23432 --- [SpringCloud_EurekaServer] [restartedMain] [                                                 ] c.n.d.provider.DiscoveryJerseyProvider   : Using XML encoding codec XStreamXml
2026-03-02T20:29:28.592+05:30  INFO 23432 --- [SpringCloud_EurekaServer] [restartedMain] [                                                 ] c.n.d.provider.DiscoveryJerseyProvider   : Using XML decoding codec XStreamXml
2026-03-02T20:29:28.785+05:30  INFO 23432 --- [SpringCloud_EurekaServer] [restartedMain] [                                                 ] o.s.v.b.OptionalValidatorFactoryBean     : Failed to set up a Bean Validation provider: jakarta.validation.NoProviderFoundException: Unable to create a Configuration, because no Jakarta Validation provider could be found. Add a provider like Hibernate Validator (RI) to your classpath.
2026-03-02T20:29:29.828+05:30  WARN 23432 --- [SpringCloud_EurekaServer] [restartedMain] [                                                 ] iguration$LoadBalancerCaffeineWarnLogger : Spring Cloud LoadBalancer is currently working with the default cache. While this cache implementation is useful for development and tests, it's recommended to use Caffeine cache in production.You can switch to using Caffeine cache, by adding it and org.springframework.cache.caffeine.CaffeineCacheManager to the classpath.
2026-03-02T20:29:29.857+05:30  INFO 23432 --- [SpringCloud_EurekaServer] [restartedMain] [                                                 ] o.s.c.n.eureka.InstanceInfoFactory       : Setting initial instance status as: STARTING
2026-03-02T20:29:29.891+05:30  INFO 23432 --- [SpringCloud_EurekaServer] [restartedMain] [                                                 ] com.netflix.discovery.DiscoveryClient    : Initializing Eureka in region us-east-1
2026-03-02T20:29:29.892+05:30  INFO 23432 --- [SpringCloud_EurekaServer] [restartedMain] [                                                 ] com.netflix.discovery.DiscoveryClient    : Client configured to neither register nor query for data.
2026-03-02T20:29:29.896+05:30  INFO 23432 --- [SpringCloud_EurekaServer] [restartedMain] [                                                 ] com.netflix.discovery.DiscoveryClient    : Discovery Client initialized at timestamp 1772463569894 with initial instances count: 0
2026-03-02T20:29:29.955+05:30  INFO 23432 --- [SpringCloud_EurekaServer] [restartedMain] [                                                 ] c.n.eureka.DefaultEurekaServerContext    : Initializing ...
2026-03-02T20:29:29.957+05:30  INFO 23432 --- [SpringCloud_EurekaServer] [restartedMain] [                                                 ] c.n.eureka.cluster.PeerEurekaNodes       : Adding new peer nodes [http://localhost:8761/eureka/]
2026-03-02T20:29:30.011+05:30  INFO 23432 --- [SpringCloud_EurekaServer] [restartedMain] [                                                 ] c.n.d.provider.DiscoveryJerseyProvider   : Using JSON encoding codec LegacyJacksonJson
2026-03-02T20:29:30.011+05:30  INFO 23432 --- [SpringCloud_EurekaServer] [restartedMain] [                                                 ] c.n.d.provider.DiscoveryJerseyProvider   : Using JSON decoding codec LegacyJacksonJson
2026-03-02T20:29:30.011+05:30  INFO 23432 --- [SpringCloud_EurekaServer] [restartedMain] [                                                 ] c.n.d.provider.DiscoveryJerseyProvider   : Using XML encoding codec XStreamXml
2026-03-02T20:29:30.011+05:30  INFO 23432 --- [SpringCloud_EurekaServer] [restartedMain] [                                                 ] c.n.d.provider.DiscoveryJerseyProvider   : Using XML decoding codec XStreamXml
2026-03-02T20:29:30.050+05:30  INFO 23432 --- [SpringCloud_EurekaServer] [restartedMain] [                                                 ] c.n.eureka.cluster.PeerEurekaNodes       : Replica node URL:  http://localhost:8761/eureka/
2026-03-02T20:29:30.068+05:30  INFO 23432 --- [SpringCloud_EurekaServer] [restartedMain] [                                                 ] c.n.e.registry.AbstractInstanceRegistry  : Finished initializing remote region registries. All known remote regions: []
2026-03-02T20:29:30.069+05:30  INFO 23432 --- [SpringCloud_EurekaServer] [restartedMain] [                                                 ] c.n.eureka.DefaultEurekaServerContext    : Initialized
2026-03-02T20:29:30.086+05:30  INFO 23432 --- [SpringCloud_EurekaServer] [restartedMain] [                                                 ] o.s.b.a.e.web.EndpointLinksResolver      : Exposing 17 endpoints beneath base path '/actuator'
2026-03-02T20:29:30.217+05:30  INFO 23432 --- [SpringCloud_EurekaServer] [restartedMain] [                                                 ] o.s.c.n.e.s.EurekaServiceRegistry        : Registering application SPRINGCLOUD_EUREKASERVER with eureka with status UP
2026-03-02T20:29:30.235+05:30  INFO 23432 --- [SpringCloud_EurekaServer] [Thread-13] [                                                 ] o.s.c.n.e.server.EurekaServerBootstrap   : isAws returned false
2026-03-02T20:29:30.235+05:30  INFO 23432 --- [SpringCloud_EurekaServer] [Thread-13] [                                                 ] o.s.c.n.e.server.EurekaServerBootstrap   : Initialized server context
2026-03-02T20:29:30.236+05:30  INFO 23432 --- [SpringCloud_EurekaServer] [Thread-13] [                                                 ] c.n.e.r.PeerAwareInstanceRegistryImpl    : Got 1 instances from neighboring DS node
2026-03-02T20:29:30.236+05:30  INFO 23432 --- [SpringCloud_EurekaServer] [Thread-13] [                                                 ] c.n.e.r.PeerAwareInstanceRegistryImpl    : Renew threshold is: 1
2026-03-02T20:29:30.236+05:30  INFO 23432 --- [SpringCloud_EurekaServer] [Thread-13] [                                                 ] c.n.e.r.PeerAwareInstanceRegistryImpl    : Changing status to UP
2026-03-02T20:29:30.248+05:30  INFO 23432 --- [SpringCloud_EurekaServer] [restartedMain] [                                                 ] o.s.boot.tomcat.TomcatWebServer          : Tomcat started on port 8761 (http) with context path '/'
2026-03-02T20:29:30.251+05:30  INFO 23432 --- [SpringCloud_EurekaServer] [restartedMain] [                                                 ] .s.c.n.e.s.EurekaAutoServiceRegistration : Updating port to 8761
2026-03-02T20:29:30.252+05:30  INFO 23432 --- [SpringCloud_EurekaServer] [Thread-13] [                                                 ] e.s.EurekaServerInitializerConfiguration : Started Eureka Server
2026-03-02T20:29:30.318+05:30  INFO 23432 --- [SpringCloud_EurekaServer] [restartedMain] [                                                 ] c.e.s.SpringCloudEurekaServerApplication : Started SpringCloudEurekaServerApplication in 7.493 seconds (process running for 10.033)
2026-03-02T20:29:30.922+05:30  INFO 23432 --- [SpringCloud_EurekaServer] [RMI TCP Connection(1)-192.168.1.103] [                                                 ] o.a.c.c.C.[Tomcat].[localhost].[/]       : Initializing Spring DispatcherServlet 'dispatcherServlet'
2026-03-02T20:29:30.923+05:30  INFO 23432 --- [SpringCloud_EurekaServer] [RMI TCP Connection(1)-192.168.1.103] [                                                 ] o.s.web.servlet.DispatcherServlet        : Initializing Servlet 'dispatcherServlet'
2026-03-02T20:29:30.927+05:30  INFO 23432 --- [SpringCloud_EurekaServer] [RMI TCP Connection(1)-192.168.1.103] [                                                 ] o.s.web.servlet.DispatcherServlet        : Completed initialization in 4 ms
2026-03-02T20:29:33.339+05:30  WARN 23432 --- [SpringCloud_EurekaServer] [http-nio-8761-exec-2] [69a5a5d5875016a02a85e1b4623b5462-2cffeb7d833b3810] c.n.e.registry.AbstractInstanceRegistry  : DS: Registry: lease doesn't exist, registering resource: SPRINGCLOUD_CONFIGSERVER - DESKTOP-ECRRR37.mshome.net:SpringCloud_ConfigServer:8888
2026-03-02T20:29:33.339+05:30  WARN 23432 --- [SpringCloud_EurekaServer] [http-nio-8761-exec-2] [69a5a5d5875016a02a85e1b4623b5462-2cffeb7d833b3810] c.n.eureka.resources.InstanceResource    : Not Found (Renew): SPRINGCLOUD_CONFIGSERVER - DESKTOP-ECRRR37.mshome.net:SpringCloud_ConfigServer:8888
2026-03-02T20:29:33.543+05:30  INFO 23432 --- [SpringCloud_EurekaServer] [http-nio-8761-exec-4] [69a5a5d5c56f48f6b0060e5140072ff0-1118f992f375765b] c.n.e.registry.AbstractInstanceRegistry  : Registered instance SPRINGCLOUD_CONFIGSERVER/DESKTOP-ECRRR37.mshome.net:SpringCloud_ConfigServer:8888 with status UP (replication=false)
2026-03-02T20:29:33.543+05:30  INFO 23432 --- [SpringCloud_EurekaServer] [http-nio-8761-exec-3] [69a5a5d50f485da7669a839b4d763217-ecdfaddcb0f4688e] c.n.e.registry.AbstractInstanceRegistry  : Registered instance SPRINGCLOUD_CONFIGSERVER/DESKTOP-ECRRR37.mshome.net:SpringCloud_ConfigServer:8888 with status UP (replication=false)
2026-03-02T20:29:34.220+05:30  INFO 23432 --- [SpringCloud_EurekaServer] [http-nio-8761-exec-5] [69a5a5d619e24913d33a528630bea9b6-d33a528630bea9b6] c.n.e.registry.AbstractInstanceRegistry  : Registered instance SPRINGCLOUD_CONFIGSERVER/DESKTOP-ECRRR37.mshome.net:SpringCloud_ConfigServer:8888 with status UP (replication=true)
2026-03-02T20:30:03.601+05:30  INFO 23432 --- [SpringCloud_EurekaServer] [http-nio-8761-exec-7] [69a5a5f343f3ccb00034f3d44970cbe4-9cd576fe43cc759c] c.n.e.registry.AbstractInstanceRegistry  : Registered instance SPRINGCLOUD_CONFIGSERVER/DESKTOP-ECRRR37.mshome.net:SpringCloud_ConfigServer:8888 with status UP (replication=false)
2026-03-02T20:30:04.105+05:30  INFO 23432 --- [SpringCloud_EurekaServer] [http-nio-8761-exec-9] [69a5a5f4b069df42b29a8119a7acaa74-b29a8119a7acaa74] c.n.e.registry.AbstractInstanceRegistry  : Registered instance SPRINGCLOUD_CONFIGSERVER/DESKTOP-ECRRR37.mshome.net:SpringCloud_ConfigServer:8888 with status UP (replication=true)
2026-03-02T20:30:04.108+05:30  WARN 23432 --- [SpringCloud_EurekaServer] [TaskBatchingWorker-target_localhost-10] [                                                 ] c.n.eureka.cluster.ReplicationTask       : The replication of task SPRINGCLOUD_CONFIGSERVER/DESKTOP-ECRRR37.mshome.net:SpringCloud_ConfigServer:8888:Heartbeat@localhost failed with response code 409
2026-03-02T20:30:04.110+05:30  WARN 23432 --- [SpringCloud_EurekaServer] [TaskBatchingWorker-target_localhost-10] [                                                 ] c.netflix.eureka.cluster.PeerEurekaNode  : Peer wants us to take the instance information from it, since the timestamp differs,Id : DESKTOP-ECRRR37.mshome.net:SpringCloud_ConfigServer:8888 My Timestamp : 1772463482650, Peer's timestamp: 1772463603597
2026-03-02T20:30:04.110+05:30  INFO 23432 --- [SpringCloud_EurekaServer] [TaskBatchingWorker-target_localhost-10] [                                                 ] c.n.e.registry.AbstractInstanceRegistry  : Registered instance SPRINGCLOUD_CONFIGSERVER/DESKTOP-ECRRR37.mshome.net:SpringCloud_ConfigServer:8888 with status UP (replication=true)
2026-03-02T20:30:30.248+05:30  INFO 23432 --- [SpringCloud_EurekaServer] [Eureka-EvictionTimer] [                                                 ] c.n.e.registry.AbstractInstanceRegistry  : Running the evict task with compensationTime 0ms
2026-03-02T20:31:12.990+05:30  INFO 23432 --- [SpringCloud_EurekaServer] [http-nio-8761-exec-8] [69a5a638d8efc3b4e25b7556bb3a6ac7-e25b7556bb3a6ac7] c.n.e.registry.AbstractInstanceRegistry  : Registered instance USERSERVICE/DESKTOP-ECRRR37.mshome.net:UserService:8081 with status UP (replication=false)
2026-03-02T20:31:13.655+05:30  INFO 23432 --- [SpringCloud_EurekaServer] [http-nio-8761-exec-9] [69a5a639e4ae435c4a779b7d35e4bf2f-4a779b7d35e4bf2f] c.n.e.registry.AbstractInstanceRegistry  : Registered instance USERSERVICE/DESKTOP-ECRRR37.mshome.net:UserService:8081 with status UP (replication=true)
2026-03-02T20:31:30.248+05:30  INFO 23432 --- [SpringCloud_EurekaServer] [Eureka-EvictionTimer] [                                                 ] c.n.e.registry.AbstractInstanceRegistry  : Running the evict task with compensationTime 0ms
2026-03-02T20:31:35.309+05:30  INFO 23432 --- [SpringCloud_EurekaServer] [http-nio-8761-exec-3] [69a5a64fbc8ce5f436cb7aac185c3a4c-36cb7aac185c3a4c] c.n.e.registry.AbstractInstanceRegistry  : Registered instance PRODUCTSERVICE/DESKTOP-ECRRR37.mshome.net:productService:8082 with status UP (replication=false)
2026-03-02T20:31:35.834+05:30  INFO 23432 --- [SpringCloud_EurekaServer] [http-nio-8761-exec-5] [69a5a64f1cd2d25797febe6a6f13cfe2-97febe6a6f13cfe2] c.n.e.registry.AbstractInstanceRegistry  : Registered instance PRODUCTSERVICE/DESKTOP-ECRRR37.mshome.net:productService:8082 with status UP (replication=true)
2026-03-02T20:32:11.649+05:30 ERROR 23432 --- [SpringCloud_EurekaServer] [TaskBatchingWorker-target_localhost-15] [                                                 ] c.n.e.cluster.ReplicationTaskProcessor   : It seems to be a socket read timeout exception, it will retry later. if it continues to happen and some eureka node occupied all the cpu time, you should set property 'eureka.server.peer-node-read-timeout-ms' to a bigger value

jakarta.ws.rs.ProcessingException: java.net.SocketTimeoutException: Read timed out
	at org.glassfish.jersey.apache.connector.ApacheConnector.apply(ApacheConnector.java:535) ~[jersey-apache-connector-3.0.5.jar:na]
	at org.glassfish.jersey.client.ClientRuntime.invoke(ClientRuntime.java:300) ~[jersey-client-4.0.0.jar:na]
	at org.glassfish.jersey.client.JerseyInvocation.lambda$invoke$0(JerseyInvocation.java:671) ~[jersey-client-4.0.0.jar:na]
	at org.glassfish.jersey.client.JerseyInvocation.call(JerseyInvocation.java:706) ~[jersey-client-4.0.0.jar:na]
	at org.glassfish.jersey.client.JerseyInvocation.lambda$runInScope$3(JerseyInvocation.java:700) ~[jersey-client-4.0.0.jar:na]
	at org.glassfish.jersey.internal.Errors.process(Errors.java:292) ~[jersey-common-4.0.0.jar:na]
	at org.glassfish.jersey.internal.Errors.process(Errors.java:274) ~[jersey-common-4.0.0.jar:na]
	at org.glassfish.jersey.internal.Errors.process(Errors.java:205) ~[jersey-common-4.0.0.jar:na]
	at org.glassfish.jersey.process.internal.RequestScope.runInScope(RequestScope.java:391) ~[jersey-common-4.0.0.jar:na]
	at org.glassfish.jersey.client.JerseyInvocation.runInScope(JerseyInvocation.java:700) ~[jersey-client-4.0.0.jar:na]
	at org.glassfish.jersey.client.JerseyInvocation.invoke(JerseyInvocation.java:670) ~[jersey-client-4.0.0.jar:na]
	at org.glassfish.jersey.client.JerseyInvocation$Builder.method(JerseyInvocation.java:436) ~[jersey-client-4.0.0.jar:na]
	at org.glassfish.jersey.client.JerseyInvocation$Builder.post(JerseyInvocation.java:342) ~[jersey-client-4.0.0.jar:na]
	at com.netflix.eureka.transport.Jersey3ReplicationClient.submitBatchUpdates(Jersey3ReplicationClient.java:116) ~[eureka-core-jersey3-2.0.5.jar:2.0.5]
	at com.netflix.eureka.cluster.ReplicationTaskProcessor.process(ReplicationTaskProcessor.java:80) ~[eureka-core-2.0.5.jar:2.0.5]
	at com.netflix.eureka.util.batcher.TaskExecutors$BatchWorkerRunnable.run(TaskExecutors.java:178) ~[eureka-core-2.0.5.jar:2.0.5]
	at java.base/java.lang.Thread.run(Thread.java:1583) ~[na:na]
Caused by: java.net.SocketTimeoutException: Read timed out
	at java.base/sun.nio.ch.NioSocketImpl.timedRead(NioSocketImpl.java:278) ~[na:na]
	at java.base/sun.nio.ch.NioSocketImpl.implRead(NioSocketImpl.java:304) ~[na:na]
	at java.base/sun.nio.ch.NioSocketImpl.read(NioSocketImpl.java:346) ~[na:na]
	at java.base/sun.nio.ch.NioSocketImpl$1.read(NioSocketImpl.java:796) ~[na:na]
	at java.base/java.net.Socket$SocketInputStream.read(Socket.java:1099) ~[na:na]
	at org.apache.http.impl.io.SessionInputBufferImpl.streamRead(SessionInputBufferImpl.java:137) ~[httpcore-4.4.16.jar:4.4.16]
	at org.apache.http.impl.io.SessionInputBufferImpl.fillBuffer(SessionInputBufferImpl.java:153) ~[httpcore-4.4.16.jar:4.4.16]
	at org.apache.http.impl.io.SessionInputBufferImpl.readLine(SessionInputBufferImpl.java:280) ~[httpcore-4.4.16.jar:4.4.16]
	at org.apache.http.impl.conn.DefaultHttpResponseParser.parseHead(DefaultHttpResponseParser.java:138) ~[httpclient-4.5.3.jar:4.5.3]
	at org.apache.http.impl.conn.DefaultHttpResponseParser.parseHead(DefaultHttpResponseParser.java:56) ~[httpclient-4.5.3.jar:4.5.3]
	at org.apache.http.impl.io.AbstractMessageParser.parse(AbstractMessageParser.java:259) ~[httpcore-4.4.16.jar:4.4.16]
	at org.apache.http.impl.DefaultBHttpClientConnection.receiveResponseHeader(DefaultBHttpClientConnection.java:163) ~[httpcore-4.4.16.jar:4.4.16]
	at org.apache.http.impl.conn.CPoolProxy.receiveResponseHeader(CPoolProxy.java:165) ~[httpclient-4.5.3.jar:4.5.3]
	at org.apache.http.protocol.HttpRequestExecutor.doReceiveResponse(HttpRequestExecutor.java:273) ~[httpcore-4.4.16.jar:4.4.16]
	at org.apache.http.protocol.HttpRequestExecutor.execute(HttpRequestExecutor.java:125) ~[httpcore-4.4.16.jar:4.4.16]
	at org.apache.http.impl.execchain.MainClientExec.execute(MainClientExec.java:272) ~[httpclient-4.5.3.jar:4.5.3]
	at org.apache.http.impl.execchain.ProtocolExec.execute(ProtocolExec.java:185) ~[httpclient-4.5.3.jar:4.5.3]
	at org.apache.http.impl.execchain.RetryExec.execute(RetryExec.java:89) ~[httpclient-4.5.3.jar:4.5.3]
	at org.apache.http.impl.execchain.RedirectExec.execute(RedirectExec.java:111) ~[httpclient-4.5.3.jar:4.5.3]
	at org.apache.http.impl.client.InternalHttpClient.doExecute(InternalHttpClient.java:185) ~[httpclient-4.5.3.jar:4.5.3]
	at org.apache.http.impl.client.CloseableHttpClient.execute(CloseableHttpClient.java:72) ~[httpclient-4.5.3.jar:4.5.3]
	at org.glassfish.jersey.apache.connector.ApacheConnector.apply(ApacheConnector.java:487) ~[jersey-apache-connector-3.0.5.jar:na]
	... 16 common frames omitted

2026-03-02T20:32:12.701+05:30 ERROR 23432 --- [SpringCloud_EurekaServer] [TaskBatchingWorker-target_localhost-3] [                                                 ] c.n.e.cluster.ReplicationTaskProcessor   : It seems to be a socket read timeout exception, it will retry later. if it continues to happen and some eureka node occupied all the cpu time, you should set property 'eureka.server.peer-node-read-timeout-ms' to a bigger value

jakarta.ws.rs.ProcessingException: java.net.SocketTimeoutException: Read timed out
	at org.glassfish.jersey.apache.connector.ApacheConnector.apply(ApacheConnector.java:535) ~[jersey-apache-connector-3.0.5.jar:na]
	at org.glassfish.jersey.client.ClientRuntime.invoke(ClientRuntime.java:300) ~[jersey-client-4.0.0.jar:na]
	at org.glassfish.jersey.client.JerseyInvocation.lambda$invoke$0(JerseyInvocation.java:671) ~[jersey-client-4.0.0.jar:na]
	at org.glassfish.jersey.client.JerseyInvocation.call(JerseyInvocation.java:706) ~[jersey-client-4.0.0.jar:na]
	at org.glassfish.jersey.client.JerseyInvocation.lambda$runInScope$3(JerseyInvocation.java:700) ~[jersey-client-4.0.0.jar:na]
	at org.glassfish.jersey.internal.Errors.process(Errors.java:292) ~[jersey-common-4.0.0.jar:na]
	at org.glassfish.jersey.internal.Errors.process(Errors.java:274) ~[jersey-common-4.0.0.jar:na]
	at org.glassfish.jersey.internal.Errors.process(Errors.java:205) ~[jersey-common-4.0.0.jar:na]
	at org.glassfish.jersey.process.internal.RequestScope.runInScope(RequestScope.java:391) ~[jersey-common-4.0.0.jar:na]
	at org.glassfish.jersey.client.JerseyInvocation.runInScope(JerseyInvocation.java:700) ~[jersey-client-4.0.0.jar:na]
	at org.glassfish.jersey.client.JerseyInvocation.invoke(JerseyInvocation.java:670) ~[jersey-client-4.0.0.jar:na]
	at org.glassfish.jersey.client.JerseyInvocation$Builder.method(JerseyInvocation.java:436) ~[jersey-client-4.0.0.jar:na]
	at org.glassfish.jersey.client.JerseyInvocation$Builder.post(JerseyInvocation.java:342) ~[jersey-client-4.0.0.jar:na]
	at com.netflix.eureka.transport.Jersey3ReplicationClient.submitBatchUpdates(Jersey3ReplicationClient.java:116) ~[eureka-core-jersey3-2.0.5.jar:2.0.5]
	at com.netflix.eureka.cluster.ReplicationTaskProcessor.process(ReplicationTaskProcessor.java:80) ~[eureka-core-2.0.5.jar:2.0.5]
	at com.netflix.eureka.util.batcher.TaskExecutors$BatchWorkerRunnable.run(TaskExecutors.java:178) ~[eureka-core-2.0.5.jar:2.0.5]
	at java.base/java.lang.Thread.run(Thread.java:1583) ~[na:na]
Caused by: java.net.SocketTimeoutException: Read timed out
	at java.base/sun.nio.ch.NioSocketImpl.timedRead(NioSocketImpl.java:278) ~[na:na]
	at java.base/sun.nio.ch.NioSocketImpl.implRead(NioSocketImpl.java:304) ~[na:na]
	at java.base/sun.nio.ch.NioSocketImpl.read(NioSocketImpl.java:346) ~[na:na]
	at java.base/sun.nio.ch.NioSocketImpl$1.read(NioSocketImpl.java:796) ~[na:na]
	at java.base/java.net.Socket$SocketInputStream.read(Socket.java:1099) ~[na:na]
	at org.apache.http.impl.io.SessionInputBufferImpl.streamRead(SessionInputBufferImpl.java:137) ~[httpcore-4.4.16.jar:4.4.16]
	at org.apache.http.impl.io.SessionInputBufferImpl.fillBuffer(SessionInputBufferImpl.java:153) ~[httpcore-4.4.16.jar:4.4.16]
	at org.apache.http.impl.io.SessionInputBufferImpl.readLine(SessionInputBufferImpl.java:280) ~[httpcore-4.4.16.jar:4.4.16]
	at org.apache.http.impl.conn.DefaultHttpResponseParser.parseHead(DefaultHttpResponseParser.java:138) ~[httpclient-4.5.3.jar:4.5.3]
	at org.apache.http.impl.conn.DefaultHttpResponseParser.parseHead(DefaultHttpResponseParser.java:56) ~[httpclient-4.5.3.jar:4.5.3]
	at org.apache.http.impl.io.AbstractMessageParser.parse(AbstractMessageParser.java:259) ~[httpcore-4.4.16.jar:4.4.16]
	at org.apache.http.impl.DefaultBHttpClientConnection.receiveResponseHeader(DefaultBHttpClientConnection.java:163) ~[httpcore-4.4.16.jar:4.4.16]
	at org.apache.http.impl.conn.CPoolProxy.receiveResponseHeader(CPoolProxy.java:165) ~[httpclient-4.5.3.jar:4.5.3]
	at org.apache.http.protocol.HttpRequestExecutor.doReceiveResponse(HttpRequestExecutor.java:273) ~[httpcore-4.4.16.jar:4.4.16]
	at org.apache.http.protocol.HttpRequestExecutor.execute(HttpRequestExecutor.java:125) ~[httpcore-4.4.16.jar:4.4.16]
	at org.apache.http.impl.execchain.MainClientExec.execute(MainClientExec.java:272) ~[httpclient-4.5.3.jar:4.5.3]
	at org.apache.http.impl.execchain.ProtocolExec.execute(ProtocolExec.java:185) ~[httpclient-4.5.3.jar:4.5.3]
	at org.apache.http.impl.execchain.RetryExec.execute(RetryExec.java:89) ~[httpclient-4.5.3.jar:4.5.3]
	at org.apache.http.impl.execchain.RedirectExec.execute(RedirectExec.java:111) ~[httpclient-4.5.3.jar:4.5.3]
	at org.apache.http.impl.client.InternalHttpClient.doExecute(InternalHttpClient.java:185) ~[httpclient-4.5.3.jar:4.5.3]
	at org.apache.http.impl.client.CloseableHttpClient.execute(CloseableHttpClient.java:72) ~[httpclient-4.5.3.jar:4.5.3]
	at org.glassfish.jersey.apache.connector.ApacheConnector.apply(ApacheConnector.java:487) ~[jersey-apache-connector-3.0.5.jar:na]
	... 16 common frames omitted

2026-03-02T20:32:30.248+05:30  INFO 23432 --- [SpringCloud_EurekaServer] [Eureka-EvictionTimer] [                                                 ] c.n.e.registry.AbstractInstanceRegistry  : Running the evict task with compensationTime 0ms
2026-03-02T20:33:30.503+05:30  INFO 23432 --- [SpringCloud_EurekaServer] [Eureka-EvictionTimer] [                                                 ] c.n.e.registry.AbstractInstanceRegistry  : Running the evict task with compensationTime 99ms
2026-03-02T20:33:45.321+05:30 ERROR 23432 --- [SpringCloud_EurekaServer] [TaskBatchingWorker-target_localhost-3] [                                                 ] c.n.e.cluster.ReplicationTaskProcessor   : It seems to be a socket read timeout exception, it will retry later. if it continues to happen and some eureka node occupied all the cpu time, you should set property 'eureka.server.peer-node-read-timeout-ms' to a bigger value

jakarta.ws.rs.ProcessingException: java.net.SocketTimeoutException: Read timed out
	at org.glassfish.jersey.apache.connector.ApacheConnector.apply(ApacheConnector.java:535) ~[jersey-apache-connector-3.0.5.jar:na]
	at org.glassfish.jersey.client.ClientRuntime.invoke(ClientRuntime.java:300) ~[jersey-client-4.0.0.jar:na]
	at org.glassfish.jersey.client.JerseyInvocation.lambda$invoke$0(JerseyInvocation.java:671) ~[jersey-client-4.0.0.jar:na]
	at org.glassfish.jersey.client.JerseyInvocation.call(JerseyInvocation.java:706) ~[jersey-client-4.0.0.jar:na]
	at org.glassfish.jersey.client.JerseyInvocation.lambda$runInScope$3(JerseyInvocation.java:700) ~[jersey-client-4.0.0.jar:na]
	at org.glassfish.jersey.internal.Errors.process(Errors.java:292) ~[jersey-common-4.0.0.jar:na]
	at org.glassfish.jersey.internal.Errors.process(Errors.java:274) ~[jersey-common-4.0.0.jar:na]
	at org.glassfish.jersey.internal.Errors.process(Errors.java:205) ~[jersey-common-4.0.0.jar:na]
	at org.glassfish.jersey.process.internal.RequestScope.runInScope(RequestScope.java:391) ~[jersey-common-4.0.0.jar:na]
	at org.glassfish.jersey.client.JerseyInvocation.runInScope(JerseyInvocation.java:700) ~[jersey-client-4.0.0.jar:na]
	at org.glassfish.jersey.client.JerseyInvocation.invoke(JerseyInvocation.java:670) ~[jersey-client-4.0.0.jar:na]
	at org.glassfish.jersey.client.JerseyInvocation$Builder.method(JerseyInvocation.java:436) ~[jersey-client-4.0.0.jar:na]
	at org.glassfish.jersey.client.JerseyInvocation$Builder.post(JerseyInvocation.java:342) ~[jersey-client-4.0.0.jar:na]
	at com.netflix.eureka.transport.Jersey3ReplicationClient.submitBatchUpdates(Jersey3ReplicationClient.java:116) ~[eureka-core-jersey3-2.0.5.jar:2.0.5]
	at com.netflix.eureka.cluster.ReplicationTaskProcessor.process(ReplicationTaskProcessor.java:80) ~[eureka-core-2.0.5.jar:2.0.5]
	at com.netflix.eureka.util.batcher.TaskExecutors$BatchWorkerRunnable.run(TaskExecutors.java:178) ~[eureka-core-2.0.5.jar:2.0.5]
	at java.base/java.lang.Thread.run(Thread.java:1583) ~[na:na]
Caused by: java.net.SocketTimeoutException: Read timed out
	at java.base/sun.nio.ch.NioSocketImpl.timedRead(NioSocketImpl.java:278) ~[na:na]
	at java.base/sun.nio.ch.NioSocketImpl.implRead(NioSocketImpl.java:304) ~[na:na]
	at java.base/sun.nio.ch.NioSocketImpl.read(NioSocketImpl.java:346) ~[na:na]
	at java.base/sun.nio.ch.NioSocketImpl$1.read(NioSocketImpl.java:796) ~[na:na]
	at java.base/java.net.Socket$SocketInputStream.read(Socket.java:1099) ~[na:na]
	at org.apache.http.impl.io.SessionInputBufferImpl.streamRead(SessionInputBufferImpl.java:137) ~[httpcore-4.4.16.jar:4.4.16]
	at org.apache.http.impl.io.SessionInputBufferImpl.fillBuffer(SessionInputBufferImpl.java:153) ~[httpcore-4.4.16.jar:4.4.16]
	at org.apache.http.impl.io.SessionInputBufferImpl.readLine(SessionInputBufferImpl.java:280) ~[httpcore-4.4.16.jar:4.4.16]
	at org.apache.http.impl.conn.DefaultHttpResponseParser.parseHead(DefaultHttpResponseParser.java:138) ~[httpclient-4.5.3.jar:4.5.3]
	at org.apache.http.impl.conn.DefaultHttpResponseParser.parseHead(DefaultHttpResponseParser.java:56) ~[httpclient-4.5.3.jar:4.5.3]
	at org.apache.http.impl.io.AbstractMessageParser.parse(AbstractMessageParser.java:259) ~[httpcore-4.4.16.jar:4.4.16]
	at org.apache.http.impl.DefaultBHttpClientConnection.receiveResponseHeader(DefaultBHttpClientConnection.java:163) ~[httpcore-4.4.16.jar:4.4.16]
	at org.apache.http.impl.conn.CPoolProxy.receiveResponseHeader(CPoolProxy.java:165) ~[httpclient-4.5.3.jar:4.5.3]
	at org.apache.http.protocol.HttpRequestExecutor.doReceiveResponse(HttpRequestExecutor.java:273) ~[httpcore-4.4.16.jar:4.4.16]
	at org.apache.http.protocol.HttpRequestExecutor.execute(HttpRequestExecutor.java:125) ~[httpcore-4.4.16.jar:4.4.16]
	at org.apache.http.impl.execchain.MainClientExec.execute(MainClientExec.java:272) ~[httpclient-4.5.3.jar:4.5.3]
	at org.apache.http.impl.execchain.ProtocolExec.execute(ProtocolExec.java:185) ~[httpclient-4.5.3.jar:4.5.3]
	at org.apache.http.impl.execchain.RetryExec.execute(RetryExec.java:89) ~[httpclient-4.5.3.jar:4.5.3]
	at org.apache.http.impl.execchain.RedirectExec.execute(RedirectExec.java:111) ~[httpclient-4.5.3.jar:4.5.3]
	at org.apache.http.impl.client.InternalHttpClient.doExecute(InternalHttpClient.java:185) ~[httpclient-4.5.3.jar:4.5.3]
	at org.apache.http.impl.client.CloseableHttpClient.execute(CloseableHttpClient.java:72) ~[httpclient-4.5.3.jar:4.5.3]
	at org.glassfish.jersey.apache.connector.ApacheConnector.apply(ApacheConnector.java:487) ~[jersey-apache-connector-3.0.5.jar:na]
	... 16 common frames omitted

2026-03-02T20:34:19.751+05:30  INFO 23432 --- [SpringCloud_EurekaServer] [http-nio-8761-exec-7] [69a5a6f339f9e18efddca720940b3d90-fddca720940b3d90] c.n.e.registry.AbstractInstanceRegistry  : Registered instance CARTORDERSERVICE/DESKTOP-ECRRR37.mshome.net:CartOrderService:8083 with status UP (replication=false)
2026-03-02T20:34:20.322+05:30  INFO 23432 --- [SpringCloud_EurekaServer] [http-nio-8761-exec-2] [69a5a6f434f5aa4f5d9f54d917f06ba3-5d9f54d917f06ba3] c.n.e.registry.AbstractInstanceRegistry  : Registered instance CARTORDERSERVICE/DESKTOP-ECRRR37.mshome.net:CartOrderService:8083 with status UP (replication=true)
2026-03-02T20:34:30.348+05:30  INFO 23432 --- [SpringCloud_EurekaServer] [Eureka-EvictionTimer] [                                                 ] c.n.e.registry.AbstractInstanceRegistry  : Running the evict task with compensationTime 0ms
2026-03-02T20:34:44.754+05:30 ERROR 23432 --- [SpringCloud_EurekaServer] [TaskBatchingWorker-target_localhost-13] [                                                 ] c.n.e.cluster.ReplicationTaskProcessor   : It seems to be a socket read timeout exception, it will retry later. if it continues to happen and some eureka node occupied all the cpu time, you should set property 'eureka.server.peer-node-read-timeout-ms' to a bigger value

jakarta.ws.rs.ProcessingException: java.net.SocketTimeoutException: Read timed out
	at org.glassfish.jersey.apache.connector.ApacheConnector.apply(ApacheConnector.java:535) ~[jersey-apache-connector-3.0.5.jar:na]
	at org.glassfish.jersey.client.ClientRuntime.invoke(ClientRuntime.java:300) ~[jersey-client-4.0.0.jar:na]
	at org.glassfish.jersey.client.JerseyInvocation.lambda$invoke$0(JerseyInvocation.java:671) ~[jersey-client-4.0.0.jar:na]
	at org.glassfish.jersey.client.JerseyInvocation.call(JerseyInvocation.java:706) ~[jersey-client-4.0.0.jar:na]
	at org.glassfish.jersey.client.JerseyInvocation.lambda$runInScope$3(JerseyInvocation.java:700) ~[jersey-client-4.0.0.jar:na]
	at org.glassfish.jersey.internal.Errors.process(Errors.java:292) ~[jersey-common-4.0.0.jar:na]
	at org.glassfish.jersey.internal.Errors.process(Errors.java:274) ~[jersey-common-4.0.0.jar:na]
	at org.glassfish.jersey.internal.Errors.process(Errors.java:205) ~[jersey-common-4.0.0.jar:na]
	at org.glassfish.jersey.process.internal.RequestScope.runInScope(RequestScope.java:391) ~[jersey-common-4.0.0.jar:na]
	at org.glassfish.jersey.client.JerseyInvocation.runInScope(JerseyInvocation.java:700) ~[jersey-client-4.0.0.jar:na]
	at org.glassfish.jersey.client.JerseyInvocation.invoke(JerseyInvocation.java:670) ~[jersey-client-4.0.0.jar:na]
	at org.glassfish.jersey.client.JerseyInvocation$Builder.method(JerseyInvocation.java:436) ~[jersey-client-4.0.0.jar:na]
	at org.glassfish.jersey.client.JerseyInvocation$Builder.post(JerseyInvocation.java:342) ~[jersey-client-4.0.0.jar:na]
	at com.netflix.eureka.transport.Jersey3ReplicationClient.submitBatchUpdates(Jersey3ReplicationClient.java:116) ~[eureka-core-jersey3-2.0.5.jar:2.0.5]
	at com.netflix.eureka.cluster.ReplicationTaskProcessor.process(ReplicationTaskProcessor.java:80) ~[eureka-core-2.0.5.jar:2.0.5]
	at com.netflix.eureka.util.batcher.TaskExecutors$BatchWorkerRunnable.run(TaskExecutors.java:178) ~[eureka-core-2.0.5.jar:2.0.5]
	at java.base/java.lang.Thread.run(Thread.java:1583) ~[na:na]
Caused by: java.net.SocketTimeoutException: Read timed out
	at java.base/sun.nio.ch.NioSocketImpl.timedRead(NioSocketImpl.java:278) ~[na:na]
	at java.base/sun.nio.ch.NioSocketImpl.implRead(NioSocketImpl.java:304) ~[na:na]
	at java.base/sun.nio.ch.NioSocketImpl.read(NioSocketImpl.java:346) ~[na:na]
	at java.base/sun.nio.ch.NioSocketImpl$1.read(NioSocketImpl.java:796) ~[na:na]
	at java.base/java.net.Socket$SocketInputStream.read(Socket.java:1099) ~[na:na]
	at org.apache.http.impl.io.SessionInputBufferImpl.streamRead(SessionInputBufferImpl.java:137) ~[httpcore-4.4.16.jar:4.4.16]
	at org.apache.http.impl.io.SessionInputBufferImpl.fillBuffer(SessionInputBufferImpl.java:153) ~[httpcore-4.4.16.jar:4.4.16]
	at org.apache.http.impl.io.SessionInputBufferImpl.readLine(SessionInputBufferImpl.java:280) ~[httpcore-4.4.16.jar:4.4.16]
	at org.apache.http.impl.conn.DefaultHttpResponseParser.parseHead(DefaultHttpResponseParser.java:138) ~[httpclient-4.5.3.jar:4.5.3]
	at org.apache.http.impl.conn.DefaultHttpResponseParser.parseHead(DefaultHttpResponseParser.java:56) ~[httpclient-4.5.3.jar:4.5.3]
	at org.apache.http.impl.io.AbstractMessageParser.parse(AbstractMessageParser.java:259) ~[httpcore-4.4.16.jar:4.4.16]
	at org.apache.http.impl.DefaultBHttpClientConnection.receiveResponseHeader(DefaultBHttpClientConnection.java:163) ~[httpcore-4.4.16.jar:4.4.16]
	at org.apache.http.impl.conn.CPoolProxy.receiveResponseHeader(CPoolProxy.java:165) ~[httpclient-4.5.3.jar:4.5.3]
	at org.apache.http.protocol.HttpRequestExecutor.doReceiveResponse(HttpRequestExecutor.java:273) ~[httpcore-4.4.16.jar:4.4.16]
	at org.apache.http.protocol.HttpRequestExecutor.execute(HttpRequestExecutor.java:125) ~[httpcore-4.4.16.jar:4.4.16]
	at org.apache.http.impl.execchain.MainClientExec.execute(MainClientExec.java:272) ~[httpclient-4.5.3.jar:4.5.3]
	at org.apache.http.impl.execchain.ProtocolExec.execute(ProtocolExec.java:185) ~[httpclient-4.5.3.jar:4.5.3]
	at org.apache.http.impl.execchain.RetryExec.execute(RetryExec.java:89) ~[httpclient-4.5.3.jar:4.5.3]
	at org.apache.http.impl.execchain.RedirectExec.execute(RedirectExec.java:111) ~[httpclient-4.5.3.jar:4.5.3]
	at org.apache.http.impl.client.InternalHttpClient.doExecute(InternalHttpClient.java:185) ~[httpclient-4.5.3.jar:4.5.3]
	at org.apache.http.impl.client.CloseableHttpClient.execute(CloseableHttpClient.java:72) ~[httpclient-4.5.3.jar:4.5.3]
	at org.glassfish.jersey.apache.connector.ApacheConnector.apply(ApacheConnector.java:487) ~[jersey-apache-connector-3.0.5.jar:na]
	... 16 common frames omitted

2026-03-02T20:35:14.643+05:30  INFO 23432 --- [SpringCloud_EurekaServer] [http-nio-8761-exec-2] [69a5a72a573206053b284e3c42e744e0-3b284e3c42e744e0] c.n.e.registry.AbstractInstanceRegistry  : Registered instance ECOMAPIGATEWAY/DESKTOP-ECRRR37.mshome.net:EComApiGateWay with status UP (replication=false)
2026-03-02T20:35:15.178+05:30  INFO 23432 --- [SpringCloud_EurekaServer] [http-nio-8761-exec-10] [69a5a72bbb936b53a96c33b143bad658-a96c33b143bad658] c.n.e.registry.AbstractInstanceRegistry  : Registered instance ECOMAPIGATEWAY/DESKTOP-ECRRR37.mshome.net:EComApiGateWay with status UP (replication=true)
2026-03-02T20:35:30.348+05:30  INFO 23432 --- [SpringCloud_EurekaServer] [Eureka-EvictionTimer] [                                                 ] c.n.e.registry.AbstractInstanceRegistry  : Running the evict task with compensationTime 0ms
2026-03-02T20:36:30.349+05:30  INFO 23432 --- [SpringCloud_EurekaServer] [Eureka-EvictionTimer] [                                                 ] c.n.e.registry.AbstractInstanceRegistry  : Running the evict task with compensationTime 0ms
2026-03-02T20:37:17.238+05:30 ERROR 23432 --- [SpringCloud_EurekaServer] [TaskBatchingWorker-target_localhost-3] [                                                 ] c.n.e.cluster.ReplicationTaskProcessor   : It seems to be a socket read timeout exception, it will retry later. if it continues to happen and some eureka node occupied all the cpu time, you should set property 'eureka.server.peer-node-read-timeout-ms' to a bigger value

jakarta.ws.rs.ProcessingException: java.net.SocketTimeoutException: Read timed out
	at org.glassfish.jersey.apache.connector.ApacheConnector.apply(ApacheConnector.java:535) ~[jersey-apache-connector-3.0.5.jar:na]
	at org.glassfish.jersey.client.ClientRuntime.invoke(ClientRuntime.java:300) ~[jersey-client-4.0.0.jar:na]
	at org.glassfish.jersey.client.JerseyInvocation.lambda$invoke$0(JerseyInvocation.java:671) ~[jersey-client-4.0.0.jar:na]
	at org.glassfish.jersey.client.JerseyInvocation.call(JerseyInvocation.java:706) ~[jersey-client-4.0.0.jar:na]
	at org.glassfish.jersey.client.JerseyInvocation.lambda$runInScope$3(JerseyInvocation.java:700) ~[jersey-client-4.0.0.jar:na]
	at org.glassfish.jersey.internal.Errors.process(Errors.java:292) ~[jersey-common-4.0.0.jar:na]
	at org.glassfish.jersey.internal.Errors.process(Errors.java:274) ~[jersey-common-4.0.0.jar:na]
	at org.glassfish.jersey.internal.Errors.process(Errors.java:205) ~[jersey-common-4.0.0.jar:na]
	at org.glassfish.jersey.process.internal.RequestScope.runInScope(RequestScope.java:391) ~[jersey-common-4.0.0.jar:na]
	at org.glassfish.jersey.client.JerseyInvocation.runInScope(JerseyInvocation.java:700) ~[jersey-client-4.0.0.jar:na]
	at org.glassfish.jersey.client.JerseyInvocation.invoke(JerseyInvocation.java:670) ~[jersey-client-4.0.0.jar:na]
	at org.glassfish.jersey.client.JerseyInvocation$Builder.method(JerseyInvocation.java:436) ~[jersey-client-4.0.0.jar:na]
	at org.glassfish.jersey.client.JerseyInvocation$Builder.post(JerseyInvocation.java:342) ~[jersey-client-4.0.0.jar:na]
	at com.netflix.eureka.transport.Jersey3ReplicationClient.submitBatchUpdates(Jersey3ReplicationClient.java:116) ~[eureka-core-jersey3-2.0.5.jar:2.0.5]
	at com.netflix.eureka.cluster.ReplicationTaskProcessor.process(ReplicationTaskProcessor.java:80) ~[eureka-core-2.0.5.jar:2.0.5]
	at com.netflix.eureka.util.batcher.TaskExecutors$BatchWorkerRunnable.run(TaskExecutors.java:178) ~[eureka-core-2.0.5.jar:2.0.5]
	at java.base/java.lang.Thread.run(Thread.java:1583) ~[na:na]
Caused by: java.net.SocketTimeoutException: Read timed out
	at java.base/sun.nio.ch.NioSocketImpl.timedRead(NioSocketImpl.java:278) ~[na:na]
	at java.base/sun.nio.ch.NioSocketImpl.implRead(NioSocketImpl.java:304) ~[na:na]
	at java.base/sun.nio.ch.NioSocketImpl.read(NioSocketImpl.java:346) ~[na:na]
	at java.base/sun.nio.ch.NioSocketImpl$1.read(NioSocketImpl.java:796) ~[na:na]
	at java.base/java.net.Socket$SocketInputStream.read(Socket.java:1099) ~[na:na]
	at org.apache.http.impl.io.SessionInputBufferImpl.streamRead(SessionInputBufferImpl.java:137) ~[httpcore-4.4.16.jar:4.4.16]
	at org.apache.http.impl.io.SessionInputBufferImpl.fillBuffer(SessionInputBufferImpl.java:153) ~[httpcore-4.4.16.jar:4.4.16]
	at org.apache.http.impl.io.SessionInputBufferImpl.readLine(SessionInputBufferImpl.java:280) ~[httpcore-4.4.16.jar:4.4.16]
	at org.apache.http.impl.conn.DefaultHttpResponseParser.parseHead(DefaultHttpResponseParser.java:138) ~[httpclient-4.5.3.jar:4.5.3]
	at org.apache.http.impl.conn.DefaultHttpResponseParser.parseHead(DefaultHttpResponseParser.java:56) ~[httpclient-4.5.3.jar:4.5.3]
	at org.apache.http.impl.io.AbstractMessageParser.parse(AbstractMessageParser.java:259) ~[httpcore-4.4.16.jar:4.4.16]
	at org.apache.http.impl.DefaultBHttpClientConnection.receiveResponseHeader(DefaultBHttpClientConnection.java:163) ~[httpcore-4.4.16.jar:4.4.16]
	at org.apache.http.impl.conn.CPoolProxy.receiveResponseHeader(CPoolProxy.java:165) ~[httpclient-4.5.3.jar:4.5.3]
	at org.apache.http.protocol.HttpRequestExecutor.doReceiveResponse(HttpRequestExecutor.java:273) ~[httpcore-4.4.16.jar:4.4.16]
	at org.apache.http.protocol.HttpRequestExecutor.execute(HttpRequestExecutor.java:125) ~[httpcore-4.4.16.jar:4.4.16]
	at org.apache.http.impl.execchain.MainClientExec.execute(MainClientExec.java:272) ~[httpclient-4.5.3.jar:4.5.3]
	at org.apache.http.impl.execchain.ProtocolExec.execute(ProtocolExec.java:185) ~[httpclient-4.5.3.jar:4.5.3]
	at org.apache.http.impl.execchain.RetryExec.execute(RetryExec.java:89) ~[httpclient-4.5.3.jar:4.5.3]
	at org.apache.http.impl.execchain.RedirectExec.execute(RedirectExec.java:111) ~[httpclient-4.5.3.jar:4.5.3]
	at org.apache.http.impl.client.InternalHttpClient.doExecute(InternalHttpClient.java:185) ~[httpclient-4.5.3.jar:4.5.3]
	at org.apache.http.impl.client.CloseableHttpClient.execute(CloseableHttpClient.java:72) ~[httpclient-4.5.3.jar:4.5.3]
	at org.glassfish.jersey.apache.connector.ApacheConnector.apply(ApacheConnector.java:487) ~[jersey-apache-connector-3.0.5.jar:na]
	... 16 common frames omitted

2026-03-02T20:37:30.350+05:30  INFO 23432 --- [SpringCloud_EurekaServer] [Eureka-EvictionTimer] [                                                 ] c.n.e.registry.AbstractInstanceRegistry  : Running the evict task with compensationTime 2ms
2026-03-02T20:37:36.803+05:30 ERROR 23432 --- [SpringCloud_EurekaServer] [TaskBatchingWorker-target_localhost-1] [                                                 ] c.n.e.cluster.ReplicationTaskProcessor   : It seems to be a socket read timeout exception, it will retry later. if it continues to happen and some eureka node occupied all the cpu time, you should set property 'eureka.server.peer-node-read-timeout-ms' to a bigger value

jakarta.ws.rs.ProcessingException: java.net.SocketTimeoutException: Read timed out
	at org.glassfish.jersey.apache.connector.ApacheConnector.apply(ApacheConnector.java:535) ~[jersey-apache-connector-3.0.5.jar:na]
	at org.glassfish.jersey.client.ClientRuntime.invoke(ClientRuntime.java:300) ~[jersey-client-4.0.0.jar:na]
	at org.glassfish.jersey.client.JerseyInvocation.lambda$invoke$0(JerseyInvocation.java:671) ~[jersey-client-4.0.0.jar:na]
	at org.glassfish.jersey.client.JerseyInvocation.call(JerseyInvocation.java:706) ~[jersey-client-4.0.0.jar:na]
	at org.glassfish.jersey.client.JerseyInvocation.lambda$runInScope$3(JerseyInvocation.java:700) ~[jersey-client-4.0.0.jar:na]
	at org.glassfish.jersey.internal.Errors.process(Errors.java:292) ~[jersey-common-4.0.0.jar:na]
	at org.glassfish.jersey.internal.Errors.process(Errors.java:274) ~[jersey-common-4.0.0.jar:na]
	at org.glassfish.jersey.internal.Errors.process(Errors.java:205) ~[jersey-common-4.0.0.jar:na]
	at org.glassfish.jersey.process.internal.RequestScope.runInScope(RequestScope.java:391) ~[jersey-common-4.0.0.jar:na]
	at org.glassfish.jersey.client.JerseyInvocation.runInScope(JerseyInvocation.java:700) ~[jersey-client-4.0.0.jar:na]
	at org.glassfish.jersey.client.JerseyInvocation.invoke(JerseyInvocation.java:670) ~[jersey-client-4.0.0.jar:na]
	at org.glassfish.jersey.client.JerseyInvocation$Builder.method(JerseyInvocation.java:436) ~[jersey-client-4.0.0.jar:na]
	at org.glassfish.jersey.client.JerseyInvocation$Builder.post(JerseyInvocation.java:342) ~[jersey-client-4.0.0.jar:na]
	at com.netflix.eureka.transport.Jersey3ReplicationClient.submitBatchUpdates(Jersey3ReplicationClient.java:116) ~[eureka-core-jersey3-2.0.5.jar:2.0.5]
	at com.netflix.eureka.cluster.ReplicationTaskProcessor.process(ReplicationTaskProcessor.java:80) ~[eureka-core-2.0.5.jar:2.0.5]
	at com.netflix.eureka.util.batcher.TaskExecutors$BatchWorkerRunnable.run(TaskExecutors.java:178) ~[eureka-core-2.0.5.jar:2.0.5]
	at java.base/java.lang.Thread.run(Thread.java:1583) ~[na:na]
Caused by: java.net.SocketTimeoutException: Read timed out
	at java.base/sun.nio.ch.NioSocketImpl.timedRead(NioSocketImpl.java:278) ~[na:na]
	at java.base/sun.nio.ch.NioSocketImpl.implRead(NioSocketImpl.java:304) ~[na:na]
	at java.base/sun.nio.ch.NioSocketImpl.read(NioSocketImpl.java:346) ~[na:na]
	at java.base/sun.nio.ch.NioSocketImpl$1.read(NioSocketImpl.java:796) ~[na:na]
	at java.base/java.net.Socket$SocketInputStream.read(Socket.java:1099) ~[na:na]
	at org.apache.http.impl.io.SessionInputBufferImpl.streamRead(SessionInputBufferImpl.java:137) ~[httpcore-4.4.16.jar:4.4.16]
	at org.apache.http.impl.io.SessionInputBufferImpl.fillBuffer(SessionInputBufferImpl.java:153) ~[httpcore-4.4.16.jar:4.4.16]
	at org.apache.http.impl.io.SessionInputBufferImpl.readLine(SessionInputBufferImpl.java:280) ~[httpcore-4.4.16.jar:4.4.16]
	at org.apache.http.impl.conn.DefaultHttpResponseParser.parseHead(DefaultHttpResponseParser.java:138) ~[httpclient-4.5.3.jar:4.5.3]
	at org.apache.http.impl.conn.DefaultHttpResponseParser.parseHead(DefaultHttpResponseParser.java:56) ~[httpclient-4.5.3.jar:4.5.3]
	at org.apache.http.impl.io.AbstractMessageParser.parse(AbstractMessageParser.java:259) ~[httpcore-4.4.16.jar:4.4.16]
	at org.apache.http.impl.DefaultBHttpClientConnection.receiveResponseHeader(DefaultBHttpClientConnection.java:163) ~[httpcore-4.4.16.jar:4.4.16]
	at org.apache.http.impl.conn.CPoolProxy.receiveResponseHeader(CPoolProxy.java:165) ~[httpclient-4.5.3.jar:4.5.3]
	at org.apache.http.protocol.HttpRequestExecutor.doReceiveResponse(HttpRequestExecutor.java:273) ~[httpcore-4.4.16.jar:4.4.16]
	at org.apache.http.protocol.HttpRequestExecutor.execute(HttpRequestExecutor.java:125) ~[httpcore-4.4.16.jar:4.4.16]
	at org.apache.http.impl.execchain.MainClientExec.execute(MainClientExec.java:272) ~[httpclient-4.5.3.jar:4.5.3]
	at org.apache.http.impl.execchain.ProtocolExec.execute(ProtocolExec.java:185) ~[httpclient-4.5.3.jar:4.5.3]
	at org.apache.http.impl.execchain.RetryExec.execute(RetryExec.java:89) ~[httpclient-4.5.3.jar:4.5.3]
	at org.apache.http.impl.execchain.RedirectExec.execute(RedirectExec.java:111) ~[httpclient-4.5.3.jar:4.5.3]
	at org.apache.http.impl.client.InternalHttpClient.doExecute(InternalHttpClient.java:185) ~[httpclient-4.5.3.jar:4.5.3]
	at org.apache.http.impl.client.CloseableHttpClient.execute(CloseableHttpClient.java:72) ~[httpclient-4.5.3.jar:4.5.3]
	at org.glassfish.jersey.apache.connector.ApacheConnector.apply(ApacheConnector.java:487) ~[jersey-apache-connector-3.0.5.jar:na]
	... 16 common frames omitted

2026-03-02T20:38:06.459+05:30 ERROR 23432 --- [SpringCloud_EurekaServer] [TaskBatchingWorker-target_localhost-15] [                                                 ] c.n.e.cluster.ReplicationTaskProcessor   : It seems to be a socket read timeout exception, it will retry later. if it continues to happen and some eureka node occupied all the cpu time, you should set property 'eureka.server.peer-node-read-timeout-ms' to a bigger value

jakarta.ws.rs.ProcessingException: java.net.SocketTimeoutException: Read timed out
	at org.glassfish.jersey.apache.connector.ApacheConnector.apply(ApacheConnector.java:535) ~[jersey-apache-connector-3.0.5.jar:na]
	at org.glassfish.jersey.client.ClientRuntime.invoke(ClientRuntime.java:300) ~[jersey-client-4.0.0.jar:na]
	at org.glassfish.jersey.client.JerseyInvocation.lambda$invoke$0(JerseyInvocation.java:671) ~[jersey-client-4.0.0.jar:na]
	at org.glassfish.jersey.client.JerseyInvocation.call(JerseyInvocation.java:706) ~[jersey-client-4.0.0.jar:na]
	at org.glassfish.jersey.client.JerseyInvocation.lambda$runInScope$3(JerseyInvocation.java:700) ~[jersey-client-4.0.0.jar:na]
	at org.glassfish.jersey.internal.Errors.process(Errors.java:292) ~[jersey-common-4.0.0.jar:na]
	at org.glassfish.jersey.internal.Errors.process(Errors.java:274) ~[jersey-common-4.0.0.jar:na]
	at org.glassfish.jersey.internal.Errors.process(Errors.java:205) ~[jersey-common-4.0.0.jar:na]
	at org.glassfish.jersey.process.internal.RequestScope.runInScope(RequestScope.java:391) ~[jersey-common-4.0.0.jar:na]
	at org.glassfish.jersey.client.JerseyInvocation.runInScope(JerseyInvocation.java:700) ~[jersey-client-4.0.0.jar:na]
	at org.glassfish.jersey.client.JerseyInvocation.invoke(JerseyInvocation.java:670) ~[jersey-client-4.0.0.jar:na]
	at org.glassfish.jersey.client.JerseyInvocation$Builder.method(JerseyInvocation.java:436) ~[jersey-client-4.0.0.jar:na]
	at org.glassfish.jersey.client.JerseyInvocation$Builder.post(JerseyInvocation.java:342) ~[jersey-client-4.0.0.jar:na]
	at com.netflix.eureka.transport.Jersey3ReplicationClient.submitBatchUpdates(Jersey3ReplicationClient.java:116) ~[eureka-core-jersey3-2.0.5.jar:2.0.5]
	at com.netflix.eureka.cluster.ReplicationTaskProcessor.process(ReplicationTaskProcessor.java:80) ~[eureka-core-2.0.5.jar:2.0.5]
	at com.netflix.eureka.util.batcher.TaskExecutors$BatchWorkerRunnable.run(TaskExecutors.java:178) ~[eureka-core-2.0.5.jar:2.0.5]
	at java.base/java.lang.Thread.run(Thread.java:1583) ~[na:na]
Caused by: java.net.SocketTimeoutException: Read timed out
	at java.base/sun.nio.ch.NioSocketImpl.timedRead(NioSocketImpl.java:278) ~[na:na]
	at java.base/sun.nio.ch.NioSocketImpl.implRead(NioSocketImpl.java:304) ~[na:na]
	at java.base/sun.nio.ch.NioSocketImpl.read(NioSocketImpl.java:346) ~[na:na]
	at java.base/sun.nio.ch.NioSocketImpl$1.read(NioSocketImpl.java:796) ~[na:na]
	at java.base/java.net.Socket$SocketInputStream.read(Socket.java:1099) ~[na:na]
	at org.apache.http.impl.io.SessionInputBufferImpl.streamRead(SessionInputBufferImpl.java:137) ~[httpcore-4.4.16.jar:4.4.16]
	at org.apache.http.impl.io.SessionInputBufferImpl.fillBuffer(SessionInputBufferImpl.java:153) ~[httpcore-4.4.16.jar:4.4.16]
	at org.apache.http.impl.io.SessionInputBufferImpl.readLine(SessionInputBufferImpl.java:280) ~[httpcore-4.4.16.jar:4.4.16]
	at org.apache.http.impl.conn.DefaultHttpResponseParser.parseHead(DefaultHttpResponseParser.java:138) ~[httpclient-4.5.3.jar:4.5.3]
	at org.apache.http.impl.conn.DefaultHttpResponseParser.parseHead(DefaultHttpResponseParser.java:56) ~[httpclient-4.5.3.jar:4.5.3]
	at org.apache.http.impl.io.AbstractMessageParser.parse(AbstractMessageParser.java:259) ~[httpcore-4.4.16.jar:4.4.16]
	at org.apache.http.impl.DefaultBHttpClientConnection.receiveResponseHeader(DefaultBHttpClientConnection.java:163) ~[httpcore-4.4.16.jar:4.4.16]
	at org.apache.http.impl.conn.CPoolProxy.receiveResponseHeader(CPoolProxy.java:165) ~[httpclient-4.5.3.jar:4.5.3]
	at org.apache.http.protocol.HttpRequestExecutor.doReceiveResponse(HttpRequestExecutor.java:273) ~[httpcore-4.4.16.jar:4.4.16]
	at org.apache.http.protocol.HttpRequestExecutor.execute(HttpRequestExecutor.java:125) ~[httpcore-4.4.16.jar:4.4.16]
	at org.apache.http.impl.execchain.MainClientExec.execute(MainClientExec.java:272) ~[httpclient-4.5.3.jar:4.5.3]
	at org.apache.http.impl.execchain.ProtocolExec.execute(ProtocolExec.java:185) ~[httpclient-4.5.3.jar:4.5.3]
	at org.apache.http.impl.execchain.RetryExec.execute(RetryExec.java:89) ~[httpclient-4.5.3.jar:4.5.3]
	at org.apache.http.impl.execchain.RedirectExec.execute(RedirectExec.java:111) ~[httpclient-4.5.3.jar:4.5.3]
	at org.apache.http.impl.client.InternalHttpClient.doExecute(InternalHttpClient.java:185) ~[httpclient-4.5.3.jar:4.5.3]
	at org.apache.http.impl.client.CloseableHttpClient.execute(CloseableHttpClient.java:72) ~[httpclient-4.5.3.jar:4.5.3]
	at org.glassfish.jersey.apache.connector.ApacheConnector.apply(ApacheConnector.java:487) ~[jersey-apache-connector-3.0.5.jar:na]
	... 16 common frames omitted

2026-03-02T20:38:30.351+05:30  INFO 23432 --- [SpringCloud_EurekaServer] [Eureka-EvictionTimer] [                                                 ] c.n.e.registry.AbstractInstanceRegistry  : Running the evict task with compensationTime 0ms
2026-03-02T20:39:06.606+05:30 ERROR 23432 --- [SpringCloud_EurekaServer] [TaskBatchingWorker-target_localhost-5] [                                                 ] c.n.e.cluster.ReplicationTaskProcessor   : It seems to be a socket read timeout exception, it will retry later. if it continues to happen and some eureka node occupied all the cpu time, you should set property 'eureka.server.peer-node-read-timeout-ms' to a bigger value

jakarta.ws.rs.ProcessingException: java.net.SocketTimeoutException: Read timed out
	at org.glassfish.jersey.apache.connector.ApacheConnector.apply(ApacheConnector.java:535) ~[jersey-apache-connector-3.0.5.jar:na]
	at org.glassfish.jersey.client.ClientRuntime.invoke(ClientRuntime.java:300) ~[jersey-client-4.0.0.jar:na]
	at org.glassfish.jersey.client.JerseyInvocation.lambda$invoke$0(JerseyInvocation.java:671) ~[jersey-client-4.0.0.jar:na]
	at org.glassfish.jersey.client.JerseyInvocation.call(JerseyInvocation.java:706) ~[jersey-client-4.0.0.jar:na]
	at org.glassfish.jersey.client.JerseyInvocation.lambda$runInScope$3(JerseyInvocation.java:700) ~[jersey-client-4.0.0.jar:na]
	at org.glassfish.jersey.internal.Errors.process(Errors.java:292) ~[jersey-common-4.0.0.jar:na]
	at org.glassfish.jersey.internal.Errors.process(Errors.java:274) ~[jersey-common-4.0.0.jar:na]
	at org.glassfish.jersey.internal.Errors.process(Errors.java:205) ~[jersey-common-4.0.0.jar:na]
	at org.glassfish.jersey.process.internal.RequestScope.runInScope(RequestScope.java:391) ~[jersey-common-4.0.0.jar:na]
	at org.glassfish.jersey.client.JerseyInvocation.runInScope(JerseyInvocation.java:700) ~[jersey-client-4.0.0.jar:na]
	at org.glassfish.jersey.client.JerseyInvocation.invoke(JerseyInvocation.java:670) ~[jersey-client-4.0.0.jar:na]
	at org.glassfish.jersey.client.JerseyInvocation$Builder.method(JerseyInvocation.java:436) ~[jersey-client-4.0.0.jar:na]
	at org.glassfish.jersey.client.JerseyInvocation$Builder.post(JerseyInvocation.java:342) ~[jersey-client-4.0.0.jar:na]
	at com.netflix.eureka.transport.Jersey3ReplicationClient.submitBatchUpdates(Jersey3ReplicationClient.java:116) ~[eureka-core-jersey3-2.0.5.jar:2.0.5]
	at com.netflix.eureka.cluster.ReplicationTaskProcessor.process(ReplicationTaskProcessor.java:80) ~[eureka-core-2.0.5.jar:2.0.5]
	at com.netflix.eureka.util.batcher.TaskExecutors$BatchWorkerRunnable.run(TaskExecutors.java:178) ~[eureka-core-2.0.5.jar:2.0.5]
	at java.base/java.lang.Thread.run(Thread.java:1583) ~[na:na]
Caused by: java.net.SocketTimeoutException: Read timed out
	at java.base/sun.nio.ch.NioSocketImpl.timedRead(NioSocketImpl.java:278) ~[na:na]
	at java.base/sun.nio.ch.NioSocketImpl.implRead(NioSocketImpl.java:304) ~[na:na]
	at java.base/sun.nio.ch.NioSocketImpl.read(NioSocketImpl.java:346) ~[na:na]
	at java.base/sun.nio.ch.NioSocketImpl$1.read(NioSocketImpl.java:796) ~[na:na]
	at java.base/java.net.Socket$SocketInputStream.read(Socket.java:1099) ~[na:na]
	at org.apache.http.impl.io.SessionInputBufferImpl.streamRead(SessionInputBufferImpl.java:137) ~[httpcore-4.4.16.jar:4.4.16]
	at org.apache.http.impl.io.SessionInputBufferImpl.fillBuffer(SessionInputBufferImpl.java:153) ~[httpcore-4.4.16.jar:4.4.16]
	at org.apache.http.impl.io.SessionInputBufferImpl.readLine(SessionInputBufferImpl.java:280) ~[httpcore-4.4.16.jar:4.4.16]
	at org.apache.http.impl.conn.DefaultHttpResponseParser.parseHead(DefaultHttpResponseParser.java:138) ~[httpclient-4.5.3.jar:4.5.3]
	at org.apache.http.impl.conn.DefaultHttpResponseParser.parseHead(DefaultHttpResponseParser.java:56) ~[httpclient-4.5.3.jar:4.5.3]
	at org.apache.http.impl.io.AbstractMessageParser.parse(AbstractMessageParser.java:259) ~[httpcore-4.4.16.jar:4.4.16]
	at org.apache.http.impl.DefaultBHttpClientConnection.receiveResponseHeader(DefaultBHttpClientConnection.java:163) ~[httpcore-4.4.16.jar:4.4.16]
	at org.apache.http.impl.conn.CPoolProxy.receiveResponseHeader(CPoolProxy.java:165) ~[httpclient-4.5.3.jar:4.5.3]
	at org.apache.http.protocol.HttpRequestExecutor.doReceiveResponse(HttpRequestExecutor.java:273) ~[httpcore-4.4.16.jar:4.4.16]
	at org.apache.http.protocol.HttpRequestExecutor.execute(HttpRequestExecutor.java:125) ~[httpcore-4.4.16.jar:4.4.16]
	at org.apache.http.impl.execchain.MainClientExec.execute(MainClientExec.java:272) ~[httpclient-4.5.3.jar:4.5.3]
	at org.apache.http.impl.execchain.ProtocolExec.execute(ProtocolExec.java:185) ~[httpclient-4.5.3.jar:4.5.3]
	at org.apache.http.impl.execchain.RetryExec.execute(RetryExec.java:89) ~[httpclient-4.5.3.jar:4.5.3]
	at org.apache.http.impl.execchain.RedirectExec.execute(RedirectExec.java:111) ~[httpclient-4.5.3.jar:4.5.3]
	at org.apache.http.impl.client.InternalHttpClient.doExecute(InternalHttpClient.java:185) ~[httpclient-4.5.3.jar:4.5.3]
	at org.apache.http.impl.client.CloseableHttpClient.execute(CloseableHttpClient.java:72) ~[httpclient-4.5.3.jar:4.5.3]
	at org.glassfish.jersey.apache.connector.ApacheConnector.apply(ApacheConnector.java:487) ~[jersey-apache-connector-3.0.5.jar:na]
	... 16 common frames omitted

2026-03-02T20:39:16.894+05:30 ERROR 23432 --- [SpringCloud_EurekaServer] [TaskBatchingWorker-target_localhost-5] [                                                 ] c.n.e.cluster.ReplicationTaskProcessor   : It seems to be a socket read timeout exception, it will retry later. if it continues to happen and some eureka node occupied all the cpu time, you should set property 'eureka.server.peer-node-read-timeout-ms' to a bigger value

jakarta.ws.rs.ProcessingException: java.net.SocketTimeoutException: Read timed out
	at org.glassfish.jersey.apache.connector.ApacheConnector.apply(ApacheConnector.java:535) ~[jersey-apache-connector-3.0.5.jar:na]
	at org.glassfish.jersey.client.ClientRuntime.invoke(ClientRuntime.java:300) ~[jersey-client-4.0.0.jar:na]
	at org.glassfish.jersey.client.JerseyInvocation.lambda$invoke$0(JerseyInvocation.java:671) ~[jersey-client-4.0.0.jar:na]
	at org.glassfish.jersey.client.JerseyInvocation.call(JerseyInvocation.java:706) ~[jersey-client-4.0.0.jar:na]
	at org.glassfish.jersey.client.JerseyInvocation.lambda$runInScope$3(JerseyInvocation.java:700) ~[jersey-client-4.0.0.jar:na]
	at org.glassfish.jersey.internal.Errors.process(Errors.java:292) ~[jersey-common-4.0.0.jar:na]
	at org.glassfish.jersey.internal.Errors.process(Errors.java:274) ~[jersey-common-4.0.0.jar:na]
	at org.glassfish.jersey.internal.Errors.process(Errors.java:205) ~[jersey-common-4.0.0.jar:na]
	at org.glassfish.jersey.process.internal.RequestScope.runInScope(RequestScope.java:391) ~[jersey-common-4.0.0.jar:na]
	at org.glassfish.jersey.client.JerseyInvocation.runInScope(JerseyInvocation.java:700) ~[jersey-client-4.0.0.jar:na]
	at org.glassfish.jersey.client.JerseyInvocation.invoke(JerseyInvocation.java:670) ~[jersey-client-4.0.0.jar:na]
	at org.glassfish.jersey.client.JerseyInvocation$Builder.method(JerseyInvocation.java:436) ~[jersey-client-4.0.0.jar:na]
	at org.glassfish.jersey.client.JerseyInvocation$Builder.post(JerseyInvocation.java:342) ~[jersey-client-4.0.0.jar:na]
	at com.netflix.eureka.transport.Jersey3ReplicationClient.submitBatchUpdates(Jersey3ReplicationClient.java:116) ~[eureka-core-jersey3-2.0.5.jar:2.0.5]
	at com.netflix.eureka.cluster.ReplicationTaskProcessor.process(ReplicationTaskProcessor.java:80) ~[eureka-core-2.0.5.jar:2.0.5]
	at com.netflix.eureka.util.batcher.TaskExecutors$BatchWorkerRunnable.run(TaskExecutors.java:178) ~[eureka-core-2.0.5.jar:2.0.5]
	at java.base/java.lang.Thread.run(Thread.java:1583) ~[na:na]
Caused by: java.net.SocketTimeoutException: Read timed out
	at java.base/sun.nio.ch.NioSocketImpl.timedRead(NioSocketImpl.java:278) ~[na:na]
	at java.base/sun.nio.ch.NioSocketImpl.implRead(NioSocketImpl.java:304) ~[na:na]
	at java.base/sun.nio.ch.NioSocketImpl.read(NioSocketImpl.java:346) ~[na:na]
	at java.base/sun.nio.ch.NioSocketImpl$1.read(NioSocketImpl.java:796) ~[na:na]
	at java.base/java.net.Socket$SocketInputStream.read(Socket.java:1099) ~[na:na]
	at org.apache.http.impl.io.SessionInputBufferImpl.streamRead(SessionInputBufferImpl.java:137) ~[httpcore-4.4.16.jar:4.4.16]
	at org.apache.http.impl.io.SessionInputBufferImpl.fillBuffer(SessionInputBufferImpl.java:153) ~[httpcore-4.4.16.jar:4.4.16]
	at org.apache.http.impl.io.SessionInputBufferImpl.readLine(SessionInputBufferImpl.java:280) ~[httpcore-4.4.16.jar:4.4.16]
	at org.apache.http.impl.conn.DefaultHttpResponseParser.parseHead(DefaultHttpResponseParser.java:138) ~[httpclient-4.5.3.jar:4.5.3]
	at org.apache.http.impl.conn.DefaultHttpResponseParser.parseHead(DefaultHttpResponseParser.java:56) ~[httpclient-4.5.3.jar:4.5.3]
	at org.apache.http.impl.io.AbstractMessageParser.parse(AbstractMessageParser.java:259) ~[httpcore-4.4.16.jar:4.4.16]
	at org.apache.http.impl.DefaultBHttpClientConnection.receiveResponseHeader(DefaultBHttpClientConnection.java:163) ~[httpcore-4.4.16.jar:4.4.16]
	at org.apache.http.impl.conn.CPoolProxy.receiveResponseHeader(CPoolProxy.java:165) ~[httpclient-4.5.3.jar:4.5.3]
	at org.apache.http.protocol.HttpRequestExecutor.doReceiveResponse(HttpRequestExecutor.java:273) ~[httpcore-4.4.16.jar:4.4.16]
	at org.apache.http.protocol.HttpRequestExecutor.execute(HttpRequestExecutor.java:125) ~[httpcore-4.4.16.jar:4.4.16]
	at org.apache.http.impl.execchain.MainClientExec.execute(MainClientExec.java:272) ~[httpclient-4.5.3.jar:4.5.3]
	at org.apache.http.impl.execchain.ProtocolExec.execute(ProtocolExec.java:185) ~[httpclient-4.5.3.jar:4.5.3]
	at org.apache.http.impl.execchain.RetryExec.execute(RetryExec.java:89) ~[httpclient-4.5.3.jar:4.5.3]
	at org.apache.http.impl.execchain.RedirectExec.execute(RedirectExec.java:111) ~[httpclient-4.5.3.jar:4.5.3]
	at org.apache.http.impl.client.InternalHttpClient.doExecute(InternalHttpClient.java:185) ~[httpclient-4.5.3.jar:4.5.3]
	at org.apache.http.impl.client.CloseableHttpClient.execute(CloseableHttpClient.java:72) ~[httpclient-4.5.3.jar:4.5.3]
	at org.glassfish.jersey.apache.connector.ApacheConnector.apply(ApacheConnector.java:487) ~[jersey-apache-connector-3.0.5.jar:na]
	... 16 common frames omitted

2026-03-02T20:39:30.352+05:30  INFO 23432 --- [SpringCloud_EurekaServer] [Eureka-EvictionTimer] [                                                 ] c.n.e.registry.AbstractInstanceRegistry  : Running the evict task with compensationTime 0ms
2026-03-02T20:40:21.779+05:30 ERROR 23432 --- [SpringCloud_EurekaServer] [TaskBatchingWorker-target_localhost-13] [                                                 ] c.n.e.cluster.ReplicationTaskProcessor   : It seems to be a socket read timeout exception, it will retry later. if it continues to happen and some eureka node occupied all the cpu time, you should set property 'eureka.server.peer-node-read-timeout-ms' to a bigger value

jakarta.ws.rs.ProcessingException: java.net.SocketTimeoutException: Read timed out
	at org.glassfish.jersey.apache.connector.ApacheConnector.apply(ApacheConnector.java:535) ~[jersey-apache-connector-3.0.5.jar:na]
	at org.glassfish.jersey.client.ClientRuntime.invoke(ClientRuntime.java:300) ~[jersey-client-4.0.0.jar:na]
	at org.glassfish.jersey.client.JerseyInvocation.lambda$invoke$0(JerseyInvocation.java:671) ~[jersey-client-4.0.0.jar:na]
	at org.glassfish.jersey.client.JerseyInvocation.call(JerseyInvocation.java:706) ~[jersey-client-4.0.0.jar:na]
	at org.glassfish.jersey.client.JerseyInvocation.lambda$runInScope$3(JerseyInvocation.java:700) ~[jersey-client-4.0.0.jar:na]
	at org.glassfish.jersey.internal.Errors.process(Errors.java:292) ~[jersey-common-4.0.0.jar:na]
	at org.glassfish.jersey.internal.Errors.process(Errors.java:274) ~[jersey-common-4.0.0.jar:na]
	at org.glassfish.jersey.internal.Errors.process(Errors.java:205) ~[jersey-common-4.0.0.jar:na]
	at org.glassfish.jersey.process.internal.RequestScope.runInScope(RequestScope.java:391) ~[jersey-common-4.0.0.jar:na]
	at org.glassfish.jersey.client.JerseyInvocation.runInScope(JerseyInvocation.java:700) ~[jersey-client-4.0.0.jar:na]
	at org.glassfish.jersey.client.JerseyInvocation.invoke(JerseyInvocation.java:670) ~[jersey-client-4.0.0.jar:na]
	at org.glassfish.jersey.client.JerseyInvocation$Builder.method(JerseyInvocation.java:436) ~[jersey-client-4.0.0.jar:na]
	at org.glassfish.jersey.client.JerseyInvocation$Builder.post(JerseyInvocation.java:342) ~[jersey-client-4.0.0.jar:na]
	at com.netflix.eureka.transport.Jersey3ReplicationClient.submitBatchUpdates(Jersey3ReplicationClient.java:116) ~[eureka-core-jersey3-2.0.5.jar:2.0.5]
	at com.netflix.eureka.cluster.ReplicationTaskProcessor.process(ReplicationTaskProcessor.java:80) ~[eureka-core-2.0.5.jar:2.0.5]
	at com.netflix.eureka.util.batcher.TaskExecutors$BatchWorkerRunnable.run(TaskExecutors.java:178) ~[eureka-core-2.0.5.jar:2.0.5]
	at java.base/java.lang.Thread.run(Thread.java:1583) ~[na:na]
Caused by: java.net.SocketTimeoutException: Read timed out
	at java.base/sun.nio.ch.NioSocketImpl.timedRead(NioSocketImpl.java:278) ~[na:na]
	at java.base/sun.nio.ch.NioSocketImpl.implRead(NioSocketImpl.java:304) ~[na:na]
	at java.base/sun.nio.ch.NioSocketImpl.read(NioSocketImpl.java:346) ~[na:na]
	at java.base/sun.nio.ch.NioSocketImpl$1.read(NioSocketImpl.java:796) ~[na:na]
	at java.base/java.net.Socket$SocketInputStream.read(Socket.java:1099) ~[na:na]
	at org.apache.http.impl.io.SessionInputBufferImpl.streamRead(SessionInputBufferImpl.java:137) ~[httpcore-4.4.16.jar:4.4.16]
	at org.apache.http.impl.io.SessionInputBufferImpl.fillBuffer(SessionInputBufferImpl.java:153) ~[httpcore-4.4.16.jar:4.4.16]
	at org.apache.http.impl.io.SessionInputBufferImpl.readLine(SessionInputBufferImpl.java:280) ~[httpcore-4.4.16.jar:4.4.16]
	at org.apache.http.impl.conn.DefaultHttpResponseParser.parseHead(DefaultHttpResponseParser.java:138) ~[httpclient-4.5.3.jar:4.5.3]
	at org.apache.http.impl.conn.DefaultHttpResponseParser.parseHead(DefaultHttpResponseParser.java:56) ~[httpclient-4.5.3.jar:4.5.3]
	at org.apache.http.impl.io.AbstractMessageParser.parse(AbstractMessageParser.java:259) ~[httpcore-4.4.16.jar:4.4.16]
	at org.apache.http.impl.DefaultBHttpClientConnection.receiveResponseHeader(DefaultBHttpClientConnection.java:163) ~[httpcore-4.4.16.jar:4.4.16]
	at org.apache.http.impl.conn.CPoolProxy.receiveResponseHeader(CPoolProxy.java:165) ~[httpclient-4.5.3.jar:4.5.3]
	at org.apache.http.protocol.HttpRequestExecutor.doReceiveResponse(HttpRequestExecutor.java:273) ~[httpcore-4.4.16.jar:4.4.16]
	at org.apache.http.protocol.HttpRequestExecutor.execute(HttpRequestExecutor.java:125) ~[httpcore-4.4.16.jar:4.4.16]
	at org.apache.http.impl.execchain.MainClientExec.execute(MainClientExec.java:272) ~[httpclient-4.5.3.jar:4.5.3]
	at org.apache.http.impl.execchain.ProtocolExec.execute(ProtocolExec.java:185) ~[httpclient-4.5.3.jar:4.5.3]
	at org.apache.http.impl.execchain.RetryExec.execute(RetryExec.java:89) ~[httpclient-4.5.3.jar:4.5.3]
	at org.apache.http.impl.execchain.RedirectExec.execute(RedirectExec.java:111) ~[httpclient-4.5.3.jar:4.5.3]
	at org.apache.http.impl.client.InternalHttpClient.doExecute(InternalHttpClient.java:185) ~[httpclient-4.5.3.jar:4.5.3]
	at org.apache.http.impl.client.CloseableHttpClient.execute(CloseableHttpClient.java:72) ~[httpclient-4.5.3.jar:4.5.3]
	at org.glassfish.jersey.apache.connector.ApacheConnector.apply(ApacheConnector.java:487) ~[jersey-apache-connector-3.0.5.jar:na]
	... 16 common frames omitted

2026-03-02T20:40:23.791+05:30 ERROR 23432 --- [SpringCloud_EurekaServer] [TaskBatchingWorker-target_localhost-15] [                                                 ] c.n.e.cluster.ReplicationTaskProcessor   : It seems to be a socket read timeout exception, it will retry later. if it continues to happen and some eureka node occupied all the cpu time, you should set property 'eureka.server.peer-node-read-timeout-ms' to a bigger value

jakarta.ws.rs.ProcessingException: java.net.SocketTimeoutException: Read timed out
	at org.glassfish.jersey.apache.connector.ApacheConnector.apply(ApacheConnector.java:535) ~[jersey-apache-connector-3.0.5.jar:na]
	at org.glassfish.jersey.client.ClientRuntime.invoke(ClientRuntime.java:300) ~[jersey-client-4.0.0.jar:na]
	at org.glassfish.jersey.client.JerseyInvocation.lambda$invoke$0(JerseyInvocation.java:671) ~[jersey-client-4.0.0.jar:na]
	at org.glassfish.jersey.client.JerseyInvocation.call(JerseyInvocation.java:706) ~[jersey-client-4.0.0.jar:na]
	at org.glassfish.jersey.client.JerseyInvocation.lambda$runInScope$3(JerseyInvocation.java:700) ~[jersey-client-4.0.0.jar:na]
	at org.glassfish.jersey.internal.Errors.process(Errors.java:292) ~[jersey-common-4.0.0.jar:na]
	at org.glassfish.jersey.internal.Errors.process(Errors.java:274) ~[jersey-common-4.0.0.jar:na]
	at org.glassfish.jersey.internal.Errors.process(Errors.java:205) ~[jersey-common-4.0.0.jar:na]
	at org.glassfish.jersey.process.internal.RequestScope.runInScope(RequestScope.java:391) ~[jersey-common-4.0.0.jar:na]
	at org.glassfish.jersey.client.JerseyInvocation.runInScope(JerseyInvocation.java:700) ~[jersey-client-4.0.0.jar:na]
	at org.glassfish.jersey.client.JerseyInvocation.invoke(JerseyInvocation.java:670) ~[jersey-client-4.0.0.jar:na]
	at org.glassfish.jersey.client.JerseyInvocation$Builder.method(JerseyInvocation.java:436) ~[jersey-client-4.0.0.jar:na]
	at org.glassfish.jersey.client.JerseyInvocation$Builder.post(JerseyInvocation.java:342) ~[jersey-client-4.0.0.jar:na]
	at com.netflix.eureka.transport.Jersey3ReplicationClient.submitBatchUpdates(Jersey3ReplicationClient.java:116) ~[eureka-core-jersey3-2.0.5.jar:2.0.5]
	at com.netflix.eureka.cluster.ReplicationTaskProcessor.process(ReplicationTaskProcessor.java:80) ~[eureka-core-2.0.5.jar:2.0.5]
	at com.netflix.eureka.util.batcher.TaskExecutors$BatchWorkerRunnable.run(TaskExecutors.java:178) ~[eureka-core-2.0.5.jar:2.0.5]
	at java.base/java.lang.Thread.run(Thread.java:1583) ~[na:na]
Caused by: java.net.SocketTimeoutException: Read timed out
	at java.base/sun.nio.ch.NioSocketImpl.timedRead(NioSocketImpl.java:278) ~[na:na]
	at java.base/sun.nio.ch.NioSocketImpl.implRead(NioSocketImpl.java:304) ~[na:na]
	at java.base/sun.nio.ch.NioSocketImpl.read(NioSocketImpl.java:346) ~[na:na]
	at java.base/sun.nio.ch.NioSocketImpl$1.read(NioSocketImpl.java:796) ~[na:na]
	at java.base/java.net.Socket$SocketInputStream.read(Socket.java:1099) ~[na:na]
	at org.apache.http.impl.io.SessionInputBufferImpl.streamRead(SessionInputBufferImpl.java:137) ~[httpcore-4.4.16.jar:4.4.16]
	at org.apache.http.impl.io.SessionInputBufferImpl.fillBuffer(SessionInputBufferImpl.java:153) ~[httpcore-4.4.16.jar:4.4.16]
	at org.apache.http.impl.io.SessionInputBufferImpl.readLine(SessionInputBufferImpl.java:280) ~[httpcore-4.4.16.jar:4.4.16]
	at org.apache.http.impl.conn.DefaultHttpResponseParser.parseHead(DefaultHttpResponseParser.java:138) ~[httpclient-4.5.3.jar:4.5.3]
	at org.apache.http.impl.conn.DefaultHttpResponseParser.parseHead(DefaultHttpResponseParser.java:56) ~[httpclient-4.5.3.jar:4.5.3]
	at org.apache.http.impl.io.AbstractMessageParser.parse(AbstractMessageParser.java:259) ~[httpcore-4.4.16.jar:4.4.16]
	at org.apache.http.impl.DefaultBHttpClientConnection.receiveResponseHeader(DefaultBHttpClientConnection.java:163) ~[httpcore-4.4.16.jar:4.4.16]
	at org.apache.http.impl.conn.CPoolProxy.receiveResponseHeader(CPoolProxy.java:165) ~[httpclient-4.5.3.jar:4.5.3]
	at org.apache.http.protocol.HttpRequestExecutor.doReceiveResponse(HttpRequestExecutor.java:273) ~[httpcore-4.4.16.jar:4.4.16]
	at org.apache.http.protocol.HttpRequestExecutor.execute(HttpRequestExecutor.java:125) ~[httpcore-4.4.16.jar:4.4.16]
	at org.apache.http.impl.execchain.MainClientExec.execute(MainClientExec.java:272) ~[httpclient-4.5.3.jar:4.5.3]
	at org.apache.http.impl.execchain.ProtocolExec.execute(ProtocolExec.java:185) ~[httpclient-4.5.3.jar:4.5.3]
	at org.apache.http.impl.execchain.RetryExec.execute(RetryExec.java:89) ~[httpclient-4.5.3.jar:4.5.3]
	at org.apache.http.impl.execchain.RedirectExec.execute(RedirectExec.java:111) ~[httpclient-4.5.3.jar:4.5.3]
	at org.apache.http.impl.client.InternalHttpClient.doExecute(InternalHttpClient.java:185) ~[httpclient-4.5.3.jar:4.5.3]
	at org.apache.http.impl.client.CloseableHttpClient.execute(CloseableHttpClient.java:72) ~[httpclient-4.5.3.jar:4.5.3]
	at org.glassfish.jersey.apache.connector.ApacheConnector.apply(ApacheConnector.java:487) ~[jersey-apache-connector-3.0.5.jar:na]
	... 16 common frames omitted

2026-03-02T20:40:26.836+05:30 ERROR 23432 --- [SpringCloud_EurekaServer] [TaskBatchingWorker-target_localhost-8] [                                                 ] c.n.e.cluster.ReplicationTaskProcessor   : It seems to be a socket read timeout exception, it will retry later. if it continues to happen and some eureka node occupied all the cpu time, you should set property 'eureka.server.peer-node-read-timeout-ms' to a bigger value

jakarta.ws.rs.ProcessingException: java.net.SocketTimeoutException: Read timed out
	at org.glassfish.jersey.apache.connector.ApacheConnector.apply(ApacheConnector.java:535) ~[jersey-apache-connector-3.0.5.jar:na]
	at org.glassfish.jersey.client.ClientRuntime.invoke(ClientRuntime.java:300) ~[jersey-client-4.0.0.jar:na]
	at org.glassfish.jersey.client.JerseyInvocation.lambda$invoke$0(JerseyInvocation.java:671) ~[jersey-client-4.0.0.jar:na]
	at org.glassfish.jersey.client.JerseyInvocation.call(JerseyInvocation.java:706) ~[jersey-client-4.0.0.jar:na]
	at org.glassfish.jersey.client.JerseyInvocation.lambda$runInScope$3(JerseyInvocation.java:700) ~[jersey-client-4.0.0.jar:na]
	at org.glassfish.jersey.internal.Errors.process(Errors.java:292) ~[jersey-common-4.0.0.jar:na]
	at org.glassfish.jersey.internal.Errors.process(Errors.java:274) ~[jersey-common-4.0.0.jar:na]
	at org.glassfish.jersey.internal.Errors.process(Errors.java:205) ~[jersey-common-4.0.0.jar:na]
	at org.glassfish.jersey.process.internal.RequestScope.runInScope(RequestScope.java:391) ~[jersey-common-4.0.0.jar:na]
	at org.glassfish.jersey.client.JerseyInvocation.runInScope(JerseyInvocation.java:700) ~[jersey-client-4.0.0.jar:na]
	at org.glassfish.jersey.client.JerseyInvocation.invoke(JerseyInvocation.java:670) ~[jersey-client-4.0.0.jar:na]
	at org.glassfish.jersey.client.JerseyInvocation$Builder.method(JerseyInvocation.java:436) ~[jersey-client-4.0.0.jar:na]
	at org.glassfish.jersey.client.JerseyInvocation$Builder.post(JerseyInvocation.java:342) ~[jersey-client-4.0.0.jar:na]
	at com.netflix.eureka.transport.Jersey3ReplicationClient.submitBatchUpdates(Jersey3ReplicationClient.java:116) ~[eureka-core-jersey3-2.0.5.jar:2.0.5]
	at com.netflix.eureka.cluster.ReplicationTaskProcessor.process(ReplicationTaskProcessor.java:80) ~[eureka-core-2.0.5.jar:2.0.5]
	at com.netflix.eureka.util.batcher.TaskExecutors$BatchWorkerRunnable.run(TaskExecutors.java:178) ~[eureka-core-2.0.5.jar:2.0.5]
	at java.base/java.lang.Thread.run(Thread.java:1583) ~[na:na]
Caused by: java.net.SocketTimeoutException: Read timed out
	at java.base/sun.nio.ch.NioSocketImpl.timedRead(NioSocketImpl.java:278) ~[na:na]
	at java.base/sun.nio.ch.NioSocketImpl.implRead(NioSocketImpl.java:304) ~[na:na]
	at java.base/sun.nio.ch.NioSocketImpl.read(NioSocketImpl.java:346) ~[na:na]
	at java.base/sun.nio.ch.NioSocketImpl$1.read(NioSocketImpl.java:796) ~[na:na]
	at java.base/java.net.Socket$SocketInputStream.read(Socket.java:1099) ~[na:na]
	at org.apache.http.impl.io.SessionInputBufferImpl.streamRead(SessionInputBufferImpl.java:137) ~[httpcore-4.4.16.jar:4.4.16]
	at org.apache.http.impl.io.SessionInputBufferImpl.fillBuffer(SessionInputBufferImpl.java:153) ~[httpcore-4.4.16.jar:4.4.16]
	at org.apache.http.impl.io.SessionInputBufferImpl.readLine(SessionInputBufferImpl.java:280) ~[httpcore-4.4.16.jar:4.4.16]
	at org.apache.http.impl.conn.DefaultHttpResponseParser.parseHead(DefaultHttpResponseParser.java:138) ~[httpclient-4.5.3.jar:4.5.3]
	at org.apache.http.impl.conn.DefaultHttpResponseParser.parseHead(DefaultHttpResponseParser.java:56) ~[httpclient-4.5.3.jar:4.5.3]
	at org.apache.http.impl.io.AbstractMessageParser.parse(AbstractMessageParser.java:259) ~[httpcore-4.4.16.jar:4.4.16]
	at org.apache.http.impl.DefaultBHttpClientConnection.receiveResponseHeader(DefaultBHttpClientConnection.java:163) ~[httpcore-4.4.16.jar:4.4.16]
	at org.apache.http.impl.conn.CPoolProxy.receiveResponseHeader(CPoolProxy.java:165) ~[httpclient-4.5.3.jar:4.5.3]
	at org.apache.http.protocol.HttpRequestExecutor.doReceiveResponse(HttpRequestExecutor.java:273) ~[httpcore-4.4.16.jar:4.4.16]
	at org.apache.http.protocol.HttpRequestExecutor.execute(HttpRequestExecutor.java:125) ~[httpcore-4.4.16.jar:4.4.16]
	at org.apache.http.impl.execchain.MainClientExec.execute(MainClientExec.java:272) ~[httpclient-4.5.3.jar:4.5.3]
	at org.apache.http.impl.execchain.ProtocolExec.execute(ProtocolExec.java:185) ~[httpclient-4.5.3.jar:4.5.3]
	at org.apache.http.impl.execchain.RetryExec.execute(RetryExec.java:89) ~[httpclient-4.5.3.jar:4.5.3]
	at org.apache.http.impl.execchain.RedirectExec.execute(RedirectExec.java:111) ~[httpclient-4.5.3.jar:4.5.3]
	at org.apache.http.impl.client.InternalHttpClient.doExecute(InternalHttpClient.java:185) ~[httpclient-4.5.3.jar:4.5.3]
	at org.apache.http.impl.client.CloseableHttpClient.execute(CloseableHttpClient.java:72) ~[httpclient-4.5.3.jar:4.5.3]
	at org.glassfish.jersey.apache.connector.ApacheConnector.apply(ApacheConnector.java:487) ~[jersey-apache-connector-3.0.5.jar:na]
	... 16 common frames omitted

2026-03-02T20:40:30.356+05:30  INFO 23432 --- [SpringCloud_EurekaServer] [Eureka-EvictionTimer] [                                                 ] c.n.e.registry.AbstractInstanceRegistry  : Running the evict task with compensationTime 4ms
2026-03-02T20:40:53.498+05:30 ERROR 23432 --- [SpringCloud_EurekaServer] [TaskBatchingWorker-target_localhost-16] [                                                 ] c.n.e.cluster.ReplicationTaskProcessor   : It seems to be a socket read timeout exception, it will retry later. if it continues to happen and some eureka node occupied all the cpu time, you should set property 'eureka.server.peer-node-read-timeout-ms' to a bigger value

jakarta.ws.rs.ProcessingException: java.net.SocketTimeoutException: Read timed out
	at org.glassfish.jersey.apache.connector.ApacheConnector.apply(ApacheConnector.java:535) ~[jersey-apache-connector-3.0.5.jar:na]
	at org.glassfish.jersey.client.ClientRuntime.invoke(ClientRuntime.java:300) ~[jersey-client-4.0.0.jar:na]
	at org.glassfish.jersey.client.JerseyInvocation.lambda$invoke$0(JerseyInvocation.java:671) ~[jersey-client-4.0.0.jar:na]
	at org.glassfish.jersey.client.JerseyInvocation.call(JerseyInvocation.java:706) ~[jersey-client-4.0.0.jar:na]
	at org.glassfish.jersey.client.JerseyInvocation.lambda$runInScope$3(JerseyInvocation.java:700) ~[jersey-client-4.0.0.jar:na]
	at org.glassfish.jersey.internal.Errors.process(Errors.java:292) ~[jersey-common-4.0.0.jar:na]
	at org.glassfish.jersey.internal.Errors.process(Errors.java:274) ~[jersey-common-4.0.0.jar:na]
	at org.glassfish.jersey.internal.Errors.process(Errors.java:205) ~[jersey-common-4.0.0.jar:na]
	at org.glassfish.jersey.process.internal.RequestScope.runInScope(RequestScope.java:391) ~[jersey-common-4.0.0.jar:na]
	at org.glassfish.jersey.client.JerseyInvocation.runInScope(JerseyInvocation.java:700) ~[jersey-client-4.0.0.jar:na]
	at org.glassfish.jersey.client.JerseyInvocation.invoke(JerseyInvocation.java:670) ~[jersey-client-4.0.0.jar:na]
	at org.glassfish.jersey.client.JerseyInvocation$Builder.method(JerseyInvocation.java:436) ~[jersey-client-4.0.0.jar:na]
	at org.glassfish.jersey.client.JerseyInvocation$Builder.post(JerseyInvocation.java:342) ~[jersey-client-4.0.0.jar:na]
	at com.netflix.eureka.transport.Jersey3ReplicationClient.submitBatchUpdates(Jersey3ReplicationClient.java:116) ~[eureka-core-jersey3-2.0.5.jar:2.0.5]
	at com.netflix.eureka.cluster.ReplicationTaskProcessor.process(ReplicationTaskProcessor.java:80) ~[eureka-core-2.0.5.jar:2.0.5]
	at com.netflix.eureka.util.batcher.TaskExecutors$BatchWorkerRunnable.run(TaskExecutors.java:178) ~[eureka-core-2.0.5.jar:2.0.5]
	at java.base/java.lang.Thread.run(Thread.java:1583) ~[na:na]
Caused by: java.net.SocketTimeoutException: Read timed out
	at java.base/sun.nio.ch.NioSocketImpl.timedRead(NioSocketImpl.java:278) ~[na:na]
	at java.base/sun.nio.ch.NioSocketImpl.implRead(NioSocketImpl.java:304) ~[na:na]
	at java.base/sun.nio.ch.NioSocketImpl.read(NioSocketImpl.java:346) ~[na:na]
	at java.base/sun.nio.ch.NioSocketImpl$1.read(NioSocketImpl.java:796) ~[na:na]
	at java.base/java.net.Socket$SocketInputStream.read(Socket.java:1099) ~[na:na]
	at org.apache.http.impl.io.SessionInputBufferImpl.streamRead(SessionInputBufferImpl.java:137) ~[httpcore-4.4.16.jar:4.4.16]
	at org.apache.http.impl.io.SessionInputBufferImpl.fillBuffer(SessionInputBufferImpl.java:153) ~[httpcore-4.4.16.jar:4.4.16]
	at org.apache.http.impl.io.SessionInputBufferImpl.readLine(SessionInputBufferImpl.java:280) ~[httpcore-4.4.16.jar:4.4.16]
	at org.apache.http.impl.conn.DefaultHttpResponseParser.parseHead(DefaultHttpResponseParser.java:138) ~[httpclient-4.5.3.jar:4.5.3]
	at org.apache.http.impl.conn.DefaultHttpResponseParser.parseHead(DefaultHttpResponseParser.java:56) ~[httpclient-4.5.3.jar:4.5.3]
	at org.apache.http.impl.io.AbstractMessageParser.parse(AbstractMessageParser.java:259) ~[httpcore-4.4.16.jar:4.4.16]
	at org.apache.http.impl.DefaultBHttpClientConnection.receiveResponseHeader(DefaultBHttpClientConnection.java:163) ~[httpcore-4.4.16.jar:4.4.16]
	at org.apache.http.impl.conn.CPoolProxy.receiveResponseHeader(CPoolProxy.java:165) ~[httpclient-4.5.3.jar:4.5.3]
	at org.apache.http.protocol.HttpRequestExecutor.doReceiveResponse(HttpRequestExecutor.java:273) ~[httpcore-4.4.16.jar:4.4.16]
	at org.apache.http.protocol.HttpRequestExecutor.execute(HttpRequestExecutor.java:125) ~[httpcore-4.4.16.jar:4.4.16]
	at org.apache.http.impl.execchain.MainClientExec.execute(MainClientExec.java:272) ~[httpclient-4.5.3.jar:4.5.3]
	at org.apache.http.impl.execchain.ProtocolExec.execute(ProtocolExec.java:185) ~[httpclient-4.5.3.jar:4.5.3]
	at org.apache.http.impl.execchain.RetryExec.execute(RetryExec.java:89) ~[httpclient-4.5.3.jar:4.5.3]
	at org.apache.http.impl.execchain.RedirectExec.execute(RedirectExec.java:111) ~[httpclient-4.5.3.jar:4.5.3]
	at org.apache.http.impl.client.InternalHttpClient.doExecute(InternalHttpClient.java:185) ~[httpclient-4.5.3.jar:4.5.3]
	at org.apache.http.impl.client.CloseableHttpClient.execute(CloseableHttpClient.java:72) ~[httpclient-4.5.3.jar:4.5.3]
	at org.glassfish.jersey.apache.connector.ApacheConnector.apply(ApacheConnector.java:487) ~[jersey-apache-connector-3.0.5.jar:na]
	... 16 common frames omitted

2026-03-02T20:40:57.261+05:30 ERROR 23432 --- [SpringCloud_EurekaServer] [TaskBatchingWorker-target_localhost-2] [                                                 ] c.n.e.cluster.ReplicationTaskProcessor   : It seems to be a socket read timeout exception, it will retry later. if it continues to happen and some eureka node occupied all the cpu time, you should set property 'eureka.server.peer-node-read-timeout-ms' to a bigger value

jakarta.ws.rs.ProcessingException: java.net.SocketTimeoutException: Read timed out
	at org.glassfish.jersey.apache.connector.ApacheConnector.apply(ApacheConnector.java:535) ~[jersey-apache-connector-3.0.5.jar:na]
	at org.glassfish.jersey.client.ClientRuntime.invoke(ClientRuntime.java:300) ~[jersey-client-4.0.0.jar:na]
	at org.glassfish.jersey.client.JerseyInvocation.lambda$invoke$0(JerseyInvocation.java:671) ~[jersey-client-4.0.0.jar:na]
	at org.glassfish.jersey.client.JerseyInvocation.call(JerseyInvocation.java:706) ~[jersey-client-4.0.0.jar:na]
	at org.glassfish.jersey.client.JerseyInvocation.lambda$runInScope$3(JerseyInvocation.java:700) ~[jersey-client-4.0.0.jar:na]
	at org.glassfish.jersey.internal.Errors.process(Errors.java:292) ~[jersey-common-4.0.0.jar:na]
	at org.glassfish.jersey.internal.Errors.process(Errors.java:274) ~[jersey-common-4.0.0.jar:na]
	at org.glassfish.jersey.internal.Errors.process(Errors.java:205) ~[jersey-common-4.0.0.jar:na]
	at org.glassfish.jersey.process.internal.RequestScope.runInScope(RequestScope.java:391) ~[jersey-common-4.0.0.jar:na]
	at org.glassfish.jersey.client.JerseyInvocation.runInScope(JerseyInvocation.java:700) ~[jersey-client-4.0.0.jar:na]
	at org.glassfish.jersey.client.JerseyInvocation.invoke(JerseyInvocation.java:670) ~[jersey-client-4.0.0.jar:na]
	at org.glassfish.jersey.client.JerseyInvocation$Builder.method(JerseyInvocation.java:436) ~[jersey-client-4.0.0.jar:na]
	at org.glassfish.jersey.client.JerseyInvocation$Builder.post(JerseyInvocation.java:342) ~[jersey-client-4.0.0.jar:na]
	at com.netflix.eureka.transport.Jersey3ReplicationClient.submitBatchUpdates(Jersey3ReplicationClient.java:116) ~[eureka-core-jersey3-2.0.5.jar:2.0.5]
	at com.netflix.eureka.cluster.ReplicationTaskProcessor.process(ReplicationTaskProcessor.java:80) ~[eureka-core-2.0.5.jar:2.0.5]
	at com.netflix.eureka.util.batcher.TaskExecutors$BatchWorkerRunnable.run(TaskExecutors.java:178) ~[eureka-core-2.0.5.jar:2.0.5]
	at java.base/java.lang.Thread.run(Thread.java:1583) ~[na:na]
Caused by: java.net.SocketTimeoutException: Read timed out
	at java.base/sun.nio.ch.NioSocketImpl.timedRead(NioSocketImpl.java:278) ~[na:na]
	at java.base/sun.nio.ch.NioSocketImpl.implRead(NioSocketImpl.java:304) ~[na:na]
	at java.base/sun.nio.ch.NioSocketImpl.read(NioSocketImpl.java:346) ~[na:na]
	at java.base/sun.nio.ch.NioSocketImpl$1.read(NioSocketImpl.java:796) ~[na:na]
	at java.base/java.net.Socket$SocketInputStream.read(Socket.java:1099) ~[na:na]
	at org.apache.http.impl.io.SessionInputBufferImpl.streamRead(SessionInputBufferImpl.java:137) ~[httpcore-4.4.16.jar:4.4.16]
	at org.apache.http.impl.io.SessionInputBufferImpl.fillBuffer(SessionInputBufferImpl.java:153) ~[httpcore-4.4.16.jar:4.4.16]
	at org.apache.http.impl.io.SessionInputBufferImpl.readLine(SessionInputBufferImpl.java:280) ~[httpcore-4.4.16.jar:4.4.16]
	at org.apache.http.impl.conn.DefaultHttpResponseParser.parseHead(DefaultHttpResponseParser.java:138) ~[httpclient-4.5.3.jar:4.5.3]
	at org.apache.http.impl.conn.DefaultHttpResponseParser.parseHead(DefaultHttpResponseParser.java:56) ~[httpclient-4.5.3.jar:4.5.3]
	at org.apache.http.impl.io.AbstractMessageParser.parse(AbstractMessageParser.java:259) ~[httpcore-4.4.16.jar:4.4.16]
	at org.apache.http.impl.DefaultBHttpClientConnection.receiveResponseHeader(DefaultBHttpClientConnection.java:163) ~[httpcore-4.4.16.jar:4.4.16]
	at org.apache.http.impl.conn.CPoolProxy.receiveResponseHeader(CPoolProxy.java:165) ~[httpclient-4.5.3.jar:4.5.3]
	at org.apache.http.protocol.HttpRequestExecutor.doReceiveResponse(HttpRequestExecutor.java:273) ~[httpcore-4.4.16.jar:4.4.16]
	at org.apache.http.protocol.HttpRequestExecutor.execute(HttpRequestExecutor.java:125) ~[httpcore-4.4.16.jar:4.4.16]
	at org.apache.http.impl.execchain.MainClientExec.execute(MainClientExec.java:272) ~[httpclient-4.5.3.jar:4.5.3]
	at org.apache.http.impl.execchain.ProtocolExec.execute(ProtocolExec.java:185) ~[httpclient-4.5.3.jar:4.5.3]
	at org.apache.http.impl.execchain.RetryExec.execute(RetryExec.java:89) ~[httpclient-4.5.3.jar:4.5.3]
	at org.apache.http.impl.execchain.RedirectExec.execute(RedirectExec.java:111) ~[httpclient-4.5.3.jar:4.5.3]
	at org.apache.http.impl.client.InternalHttpClient.doExecute(InternalHttpClient.java:185) ~[httpclient-4.5.3.jar:4.5.3]
	at org.apache.http.impl.client.CloseableHttpClient.execute(CloseableHttpClient.java:72) ~[httpclient-4.5.3.jar:4.5.3]
	at org.glassfish.jersey.apache.connector.ApacheConnector.apply(ApacheConnector.java:487) ~[jersey-apache-connector-3.0.5.jar:na]
	... 16 common frames omitted

2026-03-02T20:40:59.030+05:30 ERROR 23432 --- [SpringCloud_EurekaServer] [TaskBatchingWorker-target_localhost-2] [                                                 ] c.n.e.cluster.ReplicationTaskProcessor   : It seems to be a socket read timeout exception, it will retry later. if it continues to happen and some eureka node occupied all the cpu time, you should set property 'eureka.server.peer-node-read-timeout-ms' to a bigger value

jakarta.ws.rs.ProcessingException: java.net.SocketTimeoutException: Read timed out
	at org.glassfish.jersey.apache.connector.ApacheConnector.apply(ApacheConnector.java:535) ~[jersey-apache-connector-3.0.5.jar:na]
	at org.glassfish.jersey.client.ClientRuntime.invoke(ClientRuntime.java:300) ~[jersey-client-4.0.0.jar:na]
	at org.glassfish.jersey.client.JerseyInvocation.lambda$invoke$0(JerseyInvocation.java:671) ~[jersey-client-4.0.0.jar:na]
	at org.glassfish.jersey.client.JerseyInvocation.call(JerseyInvocation.java:706) ~[jersey-client-4.0.0.jar:na]
	at org.glassfish.jersey.client.JerseyInvocation.lambda$runInScope$3(JerseyInvocation.java:700) ~[jersey-client-4.0.0.jar:na]
	at org.glassfish.jersey.internal.Errors.process(Errors.java:292) ~[jersey-common-4.0.0.jar:na]
	at org.glassfish.jersey.internal.Errors.process(Errors.java:274) ~[jersey-common-4.0.0.jar:na]
	at org.glassfish.jersey.internal.Errors.process(Errors.java:205) ~[jersey-common-4.0.0.jar:na]
	at org.glassfish.jersey.process.internal.RequestScope.runInScope(RequestScope.java:391) ~[jersey-common-4.0.0.jar:na]
	at org.glassfish.jersey.client.JerseyInvocation.runInScope(JerseyInvocation.java:700) ~[jersey-client-4.0.0.jar:na]
	at org.glassfish.jersey.client.JerseyInvocation.invoke(JerseyInvocation.java:670) ~[jersey-client-4.0.0.jar:na]
	at org.glassfish.jersey.client.JerseyInvocation$Builder.method(JerseyInvocation.java:436) ~[jersey-client-4.0.0.jar:na]
	at org.glassfish.jersey.client.JerseyInvocation$Builder.post(JerseyInvocation.java:342) ~[jersey-client-4.0.0.jar:na]
	at com.netflix.eureka.transport.Jersey3ReplicationClient.submitBatchUpdates(Jersey3ReplicationClient.java:116) ~[eureka-core-jersey3-2.0.5.jar:2.0.5]
	at com.netflix.eureka.cluster.ReplicationTaskProcessor.process(ReplicationTaskProcessor.java:80) ~[eureka-core-2.0.5.jar:2.0.5]
	at com.netflix.eureka.util.batcher.TaskExecutors$BatchWorkerRunnable.run(TaskExecutors.java:178) ~[eureka-core-2.0.5.jar:2.0.5]
	at java.base/java.lang.Thread.run(Thread.java:1583) ~[na:na]
Caused by: java.net.SocketTimeoutException: Read timed out
	at java.base/sun.nio.ch.NioSocketImpl.timedRead(NioSocketImpl.java:278) ~[na:na]
	at java.base/sun.nio.ch.NioSocketImpl.implRead(NioSocketImpl.java:304) ~[na:na]
	at java.base/sun.nio.ch.NioSocketImpl.read(NioSocketImpl.java:346) ~[na:na]
	at java.base/sun.nio.ch.NioSocketImpl$1.read(NioSocketImpl.java:796) ~[na:na]
	at java.base/java.net.Socket$SocketInputStream.read(Socket.java:1099) ~[na:na]
	at org.apache.http.impl.io.SessionInputBufferImpl.streamRead(SessionInputBufferImpl.java:137) ~[httpcore-4.4.16.jar:4.4.16]
	at org.apache.http.impl.io.SessionInputBufferImpl.fillBuffer(SessionInputBufferImpl.java:153) ~[httpcore-4.4.16.jar:4.4.16]
	at org.apache.http.impl.io.SessionInputBufferImpl.readLine(SessionInputBufferImpl.java:280) ~[httpcore-4.4.16.jar:4.4.16]
	at org.apache.http.impl.conn.DefaultHttpResponseParser.parseHead(DefaultHttpResponseParser.java:138) ~[httpclient-4.5.3.jar:4.5.3]
	at org.apache.http.impl.conn.DefaultHttpResponseParser.parseHead(DefaultHttpResponseParser.java:56) ~[httpclient-4.5.3.jar:4.5.3]
	at org.apache.http.impl.io.AbstractMessageParser.parse(AbstractMessageParser.java:259) ~[httpcore-4.4.16.jar:4.4.16]
	at org.apache.http.impl.DefaultBHttpClientConnection.receiveResponseHeader(DefaultBHttpClientConnection.java:163) ~[httpcore-4.4.16.jar:4.4.16]
	at org.apache.http.impl.conn.CPoolProxy.receiveResponseHeader(CPoolProxy.java:165) ~[httpclient-4.5.3.jar:4.5.3]
	at org.apache.http.protocol.HttpRequestExecutor.doReceiveResponse(HttpRequestExecutor.java:273) ~[httpcore-4.4.16.jar:4.4.16]
	at org.apache.http.protocol.HttpRequestExecutor.execute(HttpRequestExecutor.java:125) ~[httpcore-4.4.16.jar:4.4.16]
	at org.apache.http.impl.execchain.MainClientExec.execute(MainClientExec.java:272) ~[httpclient-4.5.3.jar:4.5.3]
	at org.apache.http.impl.execchain.ProtocolExec.execute(ProtocolExec.java:185) ~[httpclient-4.5.3.jar:4.5.3]
	at org.apache.http.impl.execchain.RetryExec.execute(RetryExec.java:89) ~[httpclient-4.5.3.jar:4.5.3]
	at org.apache.http.impl.execchain.RedirectExec.execute(RedirectExec.java:111) ~[httpclient-4.5.3.jar:4.5.3]
	at org.apache.http.impl.client.InternalHttpClient.doExecute(InternalHttpClient.java:185) ~[httpclient-4.5.3.jar:4.5.3]
	at org.apache.http.impl.client.CloseableHttpClient.execute(CloseableHttpClient.java:72) ~[httpclient-4.5.3.jar:4.5.3]
	at org.glassfish.jersey.apache.connector.ApacheConnector.apply(ApacheConnector.java:487) ~[jersey-apache-connector-3.0.5.jar:na]
	... 16 common frames omitted

2026-03-02T20:41:02.475+05:30 ERROR 23432 --- [SpringCloud_EurekaServer] [TaskBatchingWorker-target_localhost-2] [                                                 ] c.n.e.cluster.ReplicationTaskProcessor   : It seems to be a socket read timeout exception, it will retry later. if it continues to happen and some eureka node occupied all the cpu time, you should set property 'eureka.server.peer-node-read-timeout-ms' to a bigger value

jakarta.ws.rs.ProcessingException: java.net.SocketTimeoutException: Read timed out
	at org.glassfish.jersey.apache.connector.ApacheConnector.apply(ApacheConnector.java:535) ~[jersey-apache-connector-3.0.5.jar:na]
	at org.glassfish.jersey.client.ClientRuntime.invoke(ClientRuntime.java:300) ~[jersey-client-4.0.0.jar:na]
	at org.glassfish.jersey.client.JerseyInvocation.lambda$invoke$0(JerseyInvocation.java:671) ~[jersey-client-4.0.0.jar:na]
	at org.glassfish.jersey.client.JerseyInvocation.call(JerseyInvocation.java:706) ~[jersey-client-4.0.0.jar:na]
	at org.glassfish.jersey.client.JerseyInvocation.lambda$runInScope$3(JerseyInvocation.java:700) ~[jersey-client-4.0.0.jar:na]
	at org.glassfish.jersey.internal.Errors.process(Errors.java:292) ~[jersey-common-4.0.0.jar:na]
	at org.glassfish.jersey.internal.Errors.process(Errors.java:274) ~[jersey-common-4.0.0.jar:na]
	at org.glassfish.jersey.internal.Errors.process(Errors.java:205) ~[jersey-common-4.0.0.jar:na]
	at org.glassfish.jersey.process.internal.RequestScope.runInScope(RequestScope.java:391) ~[jersey-common-4.0.0.jar:na]
	at org.glassfish.jersey.client.JerseyInvocation.runInScope(JerseyInvocation.java:700) ~[jersey-client-4.0.0.jar:na]
	at org.glassfish.jersey.client.JerseyInvocation.invoke(JerseyInvocation.java:670) ~[jersey-client-4.0.0.jar:na]
	at org.glassfish.jersey.client.JerseyInvocation$Builder.method(JerseyInvocation.java:436) ~[jersey-client-4.0.0.jar:na]
	at org.glassfish.jersey.client.JerseyInvocation$Builder.post(JerseyInvocation.java:342) ~[jersey-client-4.0.0.jar:na]
	at com.netflix.eureka.transport.Jersey3ReplicationClient.submitBatchUpdates(Jersey3ReplicationClient.java:116) ~[eureka-core-jersey3-2.0.5.jar:2.0.5]
	at com.netflix.eureka.cluster.ReplicationTaskProcessor.process(ReplicationTaskProcessor.java:80) ~[eureka-core-2.0.5.jar:2.0.5]
	at com.netflix.eureka.util.batcher.TaskExecutors$BatchWorkerRunnable.run(TaskExecutors.java:178) ~[eureka-core-2.0.5.jar:2.0.5]
	at java.base/java.lang.Thread.run(Thread.java:1583) ~[na:na]
Caused by: java.net.SocketTimeoutException: Read timed out
	at java.base/sun.nio.ch.NioSocketImpl.timedRead(NioSocketImpl.java:278) ~[na:na]
	at java.base/sun.nio.ch.NioSocketImpl.implRead(NioSocketImpl.java:304) ~[na:na]
	at java.base/sun.nio.ch.NioSocketImpl.read(NioSocketImpl.java:346) ~[na:na]
	at java.base/sun.nio.ch.NioSocketImpl$1.read(NioSocketImpl.java:796) ~[na:na]
	at java.base/java.net.Socket$SocketInputStream.read(Socket.java:1099) ~[na:na]
	at org.apache.http.impl.io.SessionInputBufferImpl.streamRead(SessionInputBufferImpl.java:137) ~[httpcore-4.4.16.jar:4.4.16]
	at org.apache.http.impl.io.SessionInputBufferImpl.fillBuffer(SessionInputBufferImpl.java:153) ~[httpcore-4.4.16.jar:4.4.16]
	at org.apache.http.impl.io.SessionInputBufferImpl.readLine(SessionInputBufferImpl.java:280) ~[httpcore-4.4.16.jar:4.4.16]
	at org.apache.http.impl.conn.DefaultHttpResponseParser.parseHead(DefaultHttpResponseParser.java:138) ~[httpclient-4.5.3.jar:4.5.3]
	at org.apache.http.impl.conn.DefaultHttpResponseParser.parseHead(DefaultHttpResponseParser.java:56) ~[httpclient-4.5.3.jar:4.5.3]
	at org.apache.http.impl.io.AbstractMessageParser.parse(AbstractMessageParser.java:259) ~[httpcore-4.4.16.jar:4.4.16]
	at org.apache.http.impl.DefaultBHttpClientConnection.receiveResponseHeader(DefaultBHttpClientConnection.java:163) ~[httpcore-4.4.16.jar:4.4.16]
	at org.apache.http.impl.conn.CPoolProxy.receiveResponseHeader(CPoolProxy.java:165) ~[httpclient-4.5.3.jar:4.5.3]
	at org.apache.http.protocol.HttpRequestExecutor.doReceiveResponse(HttpRequestExecutor.java:273) ~[httpcore-4.4.16.jar:4.4.16]
	at org.apache.http.protocol.HttpRequestExecutor.execute(HttpRequestExecutor.java:125) ~[httpcore-4.4.16.jar:4.4.16]
	at org.apache.http.impl.execchain.MainClientExec.execute(MainClientExec.java:272) ~[httpclient-4.5.3.jar:4.5.3]
	at org.apache.http.impl.execchain.ProtocolExec.execute(ProtocolExec.java:185) ~[httpclient-4.5.3.jar:4.5.3]
	at org.apache.http.impl.execchain.RetryExec.execute(RetryExec.java:89) ~[httpclient-4.5.3.jar:4.5.3]
	at org.apache.http.impl.execchain.RedirectExec.execute(RedirectExec.java:111) ~[httpclient-4.5.3.jar:4.5.3]
	at org.apache.http.impl.client.InternalHttpClient.doExecute(InternalHttpClient.java:185) ~[httpclient-4.5.3.jar:4.5.3]
	at org.apache.http.impl.client.CloseableHttpClient.execute(CloseableHttpClient.java:72) ~[httpclient-4.5.3.jar:4.5.3]
	at org.glassfish.jersey.apache.connector.ApacheConnector.apply(ApacheConnector.java:487) ~[jersey-apache-connector-3.0.5.jar:na]
	... 16 common frames omitted

2026-03-02T20:41:06.295+05:30 ERROR 23432 --- [SpringCloud_EurekaServer] [TaskBatchingWorker-target_localhost-14] [                                                 ] c.n.e.cluster.ReplicationTaskProcessor   : It seems to be a socket read timeout exception, it will retry later. if it continues to happen and some eureka node occupied all the cpu time, you should set property 'eureka.server.peer-node-read-timeout-ms' to a bigger value

jakarta.ws.rs.ProcessingException: java.net.SocketTimeoutException: Read timed out
	at org.glassfish.jersey.apache.connector.ApacheConnector.apply(ApacheConnector.java:535) ~[jersey-apache-connector-3.0.5.jar:na]
	at org.glassfish.jersey.client.ClientRuntime.invoke(ClientRuntime.java:300) ~[jersey-client-4.0.0.jar:na]
	at org.glassfish.jersey.client.JerseyInvocation.lambda$invoke$0(JerseyInvocation.java:671) ~[jersey-client-4.0.0.jar:na]
	at org.glassfish.jersey.client.JerseyInvocation.call(JerseyInvocation.java:706) ~[jersey-client-4.0.0.jar:na]
	at org.glassfish.jersey.client.JerseyInvocation.lambda$runInScope$3(JerseyInvocation.java:700) ~[jersey-client-4.0.0.jar:na]
	at org.glassfish.jersey.internal.Errors.process(Errors.java:292) ~[jersey-common-4.0.0.jar:na]
	at org.glassfish.jersey.internal.Errors.process(Errors.java:274) ~[jersey-common-4.0.0.jar:na]
	at org.glassfish.jersey.internal.Errors.process(Errors.java:205) ~[jersey-common-4.0.0.jar:na]
	at org.glassfish.jersey.process.internal.RequestScope.runInScope(RequestScope.java:391) ~[jersey-common-4.0.0.jar:na]
	at org.glassfish.jersey.client.JerseyInvocation.runInScope(JerseyInvocation.java:700) ~[jersey-client-4.0.0.jar:na]
	at org.glassfish.jersey.client.JerseyInvocation.invoke(JerseyInvocation.java:670) ~[jersey-client-4.0.0.jar:na]
	at org.glassfish.jersey.client.JerseyInvocation$Builder.method(JerseyInvocation.java:436) ~[jersey-client-4.0.0.jar:na]
	at org.glassfish.jersey.client.JerseyInvocation$Builder.post(JerseyInvocation.java:342) ~[jersey-client-4.0.0.jar:na]
	at com.netflix.eureka.transport.Jersey3ReplicationClient.submitBatchUpdates(Jersey3ReplicationClient.java:116) ~[eureka-core-jersey3-2.0.5.jar:2.0.5]
	at com.netflix.eureka.cluster.ReplicationTaskProcessor.process(ReplicationTaskProcessor.java:80) ~[eureka-core-2.0.5.jar:2.0.5]
	at com.netflix.eureka.util.batcher.TaskExecutors$BatchWorkerRunnable.run(TaskExecutors.java:178) ~[eureka-core-2.0.5.jar:2.0.5]
	at java.base/java.lang.Thread.run(Thread.java:1583) ~[na:na]
Caused by: java.net.SocketTimeoutException: Read timed out
	at java.base/sun.nio.ch.NioSocketImpl.timedRead(NioSocketImpl.java:278) ~[na:na]
	at java.base/sun.nio.ch.NioSocketImpl.implRead(NioSocketImpl.java:304) ~[na:na]
	at java.base/sun.nio.ch.NioSocketImpl.read(NioSocketImpl.java:346) ~[na:na]
	at java.base/sun.nio.ch.NioSocketImpl$1.read(NioSocketImpl.java:796) ~[na:na]
	at java.base/java.net.Socket$SocketInputStream.read(Socket.java:1099) ~[na:na]
	at org.apache.http.impl.io.SessionInputBufferImpl.streamRead(SessionInputBufferImpl.java:137) ~[httpcore-4.4.16.jar:4.4.16]
	at org.apache.http.impl.io.SessionInputBufferImpl.fillBuffer(SessionInputBufferImpl.java:153) ~[httpcore-4.4.16.jar:4.4.16]
	at org.apache.http.impl.io.SessionInputBufferImpl.readLine(SessionInputBufferImpl.java:280) ~[httpcore-4.4.16.jar:4.4.16]
	at org.apache.http.impl.conn.DefaultHttpResponseParser.parseHead(DefaultHttpResponseParser.java:138) ~[httpclient-4.5.3.jar:4.5.3]
	at org.apache.http.impl.conn.DefaultHttpResponseParser.parseHead(DefaultHttpResponseParser.java:56) ~[httpclient-4.5.3.jar:4.5.3]
	at org.apache.http.impl.io.AbstractMessageParser.parse(AbstractMessageParser.java:259) ~[httpcore-4.4.16.jar:4.4.16]
	at org.apache.http.impl.DefaultBHttpClientConnection.receiveResponseHeader(DefaultBHttpClientConnection.java:163) ~[httpcore-4.4.16.jar:4.4.16]
	at org.apache.http.impl.conn.CPoolProxy.receiveResponseHeader(CPoolProxy.java:165) ~[httpclient-4.5.3.jar:4.5.3]
	at org.apache.http.protocol.HttpRequestExecutor.doReceiveResponse(HttpRequestExecutor.java:273) ~[httpcore-4.4.16.jar:4.4.16]
	at org.apache.http.protocol.HttpRequestExecutor.execute(HttpRequestExecutor.java:125) ~[httpcore-4.4.16.jar:4.4.16]
	at org.apache.http.impl.execchain.MainClientExec.execute(MainClientExec.java:272) ~[httpclient-4.5.3.jar:4.5.3]
	at org.apache.http.impl.execchain.ProtocolExec.execute(ProtocolExec.java:185) ~[httpclient-4.5.3.jar:4.5.3]
	at org.apache.http.impl.execchain.RetryExec.execute(RetryExec.java:89) ~[httpclient-4.5.3.jar:4.5.3]
	at org.apache.http.impl.execchain.RedirectExec.execute(RedirectExec.java:111) ~[httpclient-4.5.3.jar:4.5.3]
	at org.apache.http.impl.client.InternalHttpClient.doExecute(InternalHttpClient.java:185) ~[httpclient-4.5.3.jar:4.5.3]
	at org.apache.http.impl.client.CloseableHttpClient.execute(CloseableHttpClient.java:72) ~[httpclient-4.5.3.jar:4.5.3]
	at org.glassfish.jersey.apache.connector.ApacheConnector.apply(ApacheConnector.java:487) ~[jersey-apache-connector-3.0.5.jar:na]
	... 16 common frames omitted

2026-03-02T20:41:08.663+05:30 ERROR 23432 --- [SpringCloud_EurekaServer] [TaskBatchingWorker-target_localhost-4] [                                                 ] c.n.e.cluster.ReplicationTaskProcessor   : It seems to be a socket read timeout exception, it will retry later. if it continues to happen and some eureka node occupied all the cpu time, you should set property 'eureka.server.peer-node-read-timeout-ms' to a bigger value

jakarta.ws.rs.ProcessingException: java.net.SocketTimeoutException: Read timed out
	at org.glassfish.jersey.apache.connector.ApacheConnector.apply(ApacheConnector.java:535) ~[jersey-apache-connector-3.0.5.jar:na]
	at org.glassfish.jersey.client.ClientRuntime.invoke(ClientRuntime.java:300) ~[jersey-client-4.0.0.jar:na]
	at org.glassfish.jersey.client.JerseyInvocation.lambda$invoke$0(JerseyInvocation.java:671) ~[jersey-client-4.0.0.jar:na]
	at org.glassfish.jersey.client.JerseyInvocation.call(JerseyInvocation.java:706) ~[jersey-client-4.0.0.jar:na]
	at org.glassfish.jersey.client.JerseyInvocation.lambda$runInScope$3(JerseyInvocation.java:700) ~[jersey-client-4.0.0.jar:na]
	at org.glassfish.jersey.internal.Errors.process(Errors.java:292) ~[jersey-common-4.0.0.jar:na]
	at org.glassfish.jersey.internal.Errors.process(Errors.java:274) ~[jersey-common-4.0.0.jar:na]
	at org.glassfish.jersey.internal.Errors.process(Errors.java:205) ~[jersey-common-4.0.0.jar:na]
	at org.glassfish.jersey.process.internal.RequestScope.runInScope(RequestScope.java:391) ~[jersey-common-4.0.0.jar:na]
	at org.glassfish.jersey.client.JerseyInvocation.runInScope(JerseyInvocation.java:700) ~[jersey-client-4.0.0.jar:na]
	at org.glassfish.jersey.client.JerseyInvocation.invoke(JerseyInvocation.java:670) ~[jersey-client-4.0.0.jar:na]
	at org.glassfish.jersey.client.JerseyInvocation$Builder.method(JerseyInvocation.java:436) ~[jersey-client-4.0.0.jar:na]
	at org.glassfish.jersey.client.JerseyInvocation$Builder.post(JerseyInvocation.java:342) ~[jersey-client-4.0.0.jar:na]
	at com.netflix.eureka.transport.Jersey3ReplicationClient.submitBatchUpdates(Jersey3ReplicationClient.java:116) ~[eureka-core-jersey3-2.0.5.jar:2.0.5]
	at com.netflix.eureka.cluster.ReplicationTaskProcessor.process(ReplicationTaskProcessor.java:80) ~[eureka-core-2.0.5.jar:2.0.5]
	at com.netflix.eureka.util.batcher.TaskExecutors$BatchWorkerRunnable.run(TaskExecutors.java:178) ~[eureka-core-2.0.5.jar:2.0.5]
	at java.base/java.lang.Thread.run(Thread.java:1583) ~[na:na]
Caused by: java.net.SocketTimeoutException: Read timed out
	at java.base/sun.nio.ch.NioSocketImpl.timedRead(NioSocketImpl.java:278) ~[na:na]
	at java.base/sun.nio.ch.NioSocketImpl.implRead(NioSocketImpl.java:304) ~[na:na]
	at java.base/sun.nio.ch.NioSocketImpl.read(NioSocketImpl.java:346) ~[na:na]
	at java.base/sun.nio.ch.NioSocketImpl$1.read(NioSocketImpl.java:796) ~[na:na]
	at java.base/java.net.Socket$SocketInputStream.read(Socket.java:1099) ~[na:na]
	at org.apache.http.impl.io.SessionInputBufferImpl.streamRead(SessionInputBufferImpl.java:137) ~[httpcore-4.4.16.jar:4.4.16]
	at org.apache.http.impl.io.SessionInputBufferImpl.fillBuffer(SessionInputBufferImpl.java:153) ~[httpcore-4.4.16.jar:4.4.16]
	at org.apache.http.impl.io.SessionInputBufferImpl.readLine(SessionInputBufferImpl.java:280) ~[httpcore-4.4.16.jar:4.4.16]
	at org.apache.http.impl.conn.DefaultHttpResponseParser.parseHead(DefaultHttpResponseParser.java:138) ~[httpclient-4.5.3.jar:4.5.3]
	at org.apache.http.impl.conn.DefaultHttpResponseParser.parseHead(DefaultHttpResponseParser.java:56) ~[httpclient-4.5.3.jar:4.5.3]
	at org.apache.http.impl.io.AbstractMessageParser.parse(AbstractMessageParser.java:259) ~[httpcore-4.4.16.jar:4.4.16]
	at org.apache.http.impl.DefaultBHttpClientConnection.receiveResponseHeader(DefaultBHttpClientConnection.java:163) ~[httpcore-4.4.16.jar:4.4.16]
	at org.apache.http.impl.conn.CPoolProxy.receiveResponseHeader(CPoolProxy.java:165) ~[httpclient-4.5.3.jar:4.5.3]
	at org.apache.http.protocol.HttpRequestExecutor.doReceiveResponse(HttpRequestExecutor.java:273) ~[httpcore-4.4.16.jar:4.4.16]
	at org.apache.http.protocol.HttpRequestExecutor.execute(HttpRequestExecutor.java:125) ~[httpcore-4.4.16.jar:4.4.16]
	at org.apache.http.impl.execchain.MainClientExec.execute(MainClientExec.java:272) ~[httpclient-4.5.3.jar:4.5.3]
	at org.apache.http.impl.execchain.ProtocolExec.execute(ProtocolExec.java:185) ~[httpclient-4.5.3.jar:4.5.3]
	at org.apache.http.impl.execchain.RetryExec.execute(RetryExec.java:89) ~[httpclient-4.5.3.jar:4.5.3]
	at org.apache.http.impl.execchain.RedirectExec.execute(RedirectExec.java:111) ~[httpclient-4.5.3.jar:4.5.3]
	at org.apache.http.impl.client.InternalHttpClient.doExecute(InternalHttpClient.java:185) ~[httpclient-4.5.3.jar:4.5.3]
	at org.apache.http.impl.client.CloseableHttpClient.execute(CloseableHttpClient.java:72) ~[httpclient-4.5.3.jar:4.5.3]
	at org.glassfish.jersey.apache.connector.ApacheConnector.apply(ApacheConnector.java:487) ~[jersey-apache-connector-3.0.5.jar:na]
	... 16 common frames omitted

2026-03-02T20:41:19.070+05:30 ERROR 23432 --- [SpringCloud_EurekaServer] [TaskBatchingWorker-target_localhost-5] [                                                 ] c.n.e.cluster.ReplicationTaskProcessor   : It seems to be a socket read timeout exception, it will retry later. if it continues to happen and some eureka node occupied all the cpu time, you should set property 'eureka.server.peer-node-read-timeout-ms' to a bigger value

jakarta.ws.rs.ProcessingException: java.net.SocketTimeoutException: Read timed out
	at org.glassfish.jersey.apache.connector.ApacheConnector.apply(ApacheConnector.java:535) ~[jersey-apache-connector-3.0.5.jar:na]
	at org.glassfish.jersey.client.ClientRuntime.invoke(ClientRuntime.java:300) ~[jersey-client-4.0.0.jar:na]
	at org.glassfish.jersey.client.JerseyInvocation.lambda$invoke$0(JerseyInvocation.java:671) ~[jersey-client-4.0.0.jar:na]
	at org.glassfish.jersey.client.JerseyInvocation.call(JerseyInvocation.java:706) ~[jersey-client-4.0.0.jar:na]
	at org.glassfish.jersey.client.JerseyInvocation.lambda$runInScope$3(JerseyInvocation.java:700) ~[jersey-client-4.0.0.jar:na]
	at org.glassfish.jersey.internal.Errors.process(Errors.java:292) ~[jersey-common-4.0.0.jar:na]
	at org.glassfish.jersey.internal.Errors.process(Errors.java:274) ~[jersey-common-4.0.0.jar:na]
	at org.glassfish.jersey.internal.Errors.process(Errors.java:205) ~[jersey-common-4.0.0.jar:na]
	at org.glassfish.jersey.process.internal.RequestScope.runInScope(RequestScope.java:391) ~[jersey-common-4.0.0.jar:na]
	at org.glassfish.jersey.client.JerseyInvocation.runInScope(JerseyInvocation.java:700) ~[jersey-client-4.0.0.jar:na]
	at org.glassfish.jersey.client.JerseyInvocation.invoke(JerseyInvocation.java:670) ~[jersey-client-4.0.0.jar:na]
	at org.glassfish.jersey.client.JerseyInvocation$Builder.method(JerseyInvocation.java:436) ~[jersey-client-4.0.0.jar:na]
	at org.glassfish.jersey.client.JerseyInvocation$Builder.post(JerseyInvocation.java:342) ~[jersey-client-4.0.0.jar:na]
	at com.netflix.eureka.transport.Jersey3ReplicationClient.submitBatchUpdates(Jersey3ReplicationClient.java:116) ~[eureka-core-jersey3-2.0.5.jar:2.0.5]
	at com.netflix.eureka.cluster.ReplicationTaskProcessor.process(ReplicationTaskProcessor.java:80) ~[eureka-core-2.0.5.jar:2.0.5]
	at com.netflix.eureka.util.batcher.TaskExecutors$BatchWorkerRunnable.run(TaskExecutors.java:178) ~[eureka-core-2.0.5.jar:2.0.5]
	at java.base/java.lang.Thread.run(Thread.java:1583) ~[na:na]
Caused by: java.net.SocketTimeoutException: Read timed out
	at java.base/sun.nio.ch.NioSocketImpl.timedRead(NioSocketImpl.java:278) ~[na:na]
	at java.base/sun.nio.ch.NioSocketImpl.implRead(NioSocketImpl.java:304) ~[na:na]
	at java.base/sun.nio.ch.NioSocketImpl.read(NioSocketImpl.java:346) ~[na:na]
	at java.base/sun.nio.ch.NioSocketImpl$1.read(NioSocketImpl.java:796) ~[na:na]
	at java.base/java.net.Socket$SocketInputStream.read(Socket.java:1099) ~[na:na]
	at org.apache.http.impl.io.SessionInputBufferImpl.streamRead(SessionInputBufferImpl.java:137) ~[httpcore-4.4.16.jar:4.4.16]
	at org.apache.http.impl.io.SessionInputBufferImpl.fillBuffer(SessionInputBufferImpl.java:153) ~[httpcore-4.4.16.jar:4.4.16]
	at org.apache.http.impl.io.SessionInputBufferImpl.readLine(SessionInputBufferImpl.java:280) ~[httpcore-4.4.16.jar:4.4.16]
	at org.apache.http.impl.conn.DefaultHttpResponseParser.parseHead(DefaultHttpResponseParser.java:138) ~[httpclient-4.5.3.jar:4.5.3]
	at org.apache.http.impl.conn.DefaultHttpResponseParser.parseHead(DefaultHttpResponseParser.java:56) ~[httpclient-4.5.3.jar:4.5.3]
	at org.apache.http.impl.io.AbstractMessageParser.parse(AbstractMessageParser.java:259) ~[httpcore-4.4.16.jar:4.4.16]
	at org.apache.http.impl.DefaultBHttpClientConnection.receiveResponseHeader(DefaultBHttpClientConnection.java:163) ~[httpcore-4.4.16.jar:4.4.16]
	at org.apache.http.impl.conn.CPoolProxy.receiveResponseHeader(CPoolProxy.java:165) ~[httpclient-4.5.3.jar:4.5.3]
	at org.apache.http.protocol.HttpRequestExecutor.doReceiveResponse(HttpRequestExecutor.java:273) ~[httpcore-4.4.16.jar:4.4.16]
	at org.apache.http.protocol.HttpRequestExecutor.execute(HttpRequestExecutor.java:125) ~[httpcore-4.4.16.jar:4.4.16]
	at org.apache.http.impl.execchain.MainClientExec.execute(MainClientExec.java:272) ~[httpclient-4.5.3.jar:4.5.3]
	at org.apache.http.impl.execchain.ProtocolExec.execute(ProtocolExec.java:185) ~[httpclient-4.5.3.jar:4.5.3]
	at org.apache.http.impl.execchain.RetryExec.execute(RetryExec.java:89) ~[httpclient-4.5.3.jar:4.5.3]
	at org.apache.http.impl.execchain.RedirectExec.execute(RedirectExec.java:111) ~[httpclient-4.5.3.jar:4.5.3]
	at org.apache.http.impl.client.InternalHttpClient.doExecute(InternalHttpClient.java:185) ~[httpclient-4.5.3.jar:4.5.3]
	at org.apache.http.impl.client.CloseableHttpClient.execute(CloseableHttpClient.java:72) ~[httpclient-4.5.3.jar:4.5.3]
	at org.glassfish.jersey.apache.connector.ApacheConnector.apply(ApacheConnector.java:487) ~[jersey-apache-connector-3.0.5.jar:na]
	... 16 common frames omitted

2026-03-02T20:41:30.356+05:30  INFO 23432 --- [SpringCloud_EurekaServer] [Eureka-EvictionTimer] [                                                 ] c.n.e.registry.AbstractInstanceRegistry  : Running the evict task with compensationTime 0ms
2026-03-02T20:41:38.613+05:30 ERROR 23432 --- [SpringCloud_EurekaServer] [TaskBatchingWorker-target_localhost-13] [                                                 ] c.n.e.cluster.ReplicationTaskProcessor   : It seems to be a socket read timeout exception, it will retry later. if it continues to happen and some eureka node occupied all the cpu time, you should set property 'eureka.server.peer-node-read-timeout-ms' to a bigger value

jakarta.ws.rs.ProcessingException: java.net.SocketTimeoutException: Read timed out
	at org.glassfish.jersey.apache.connector.ApacheConnector.apply(ApacheConnector.java:535) ~[jersey-apache-connector-3.0.5.jar:na]
	at org.glassfish.jersey.client.ClientRuntime.invoke(ClientRuntime.java:300) ~[jersey-client-4.0.0.jar:na]
	at org.glassfish.jersey.client.JerseyInvocation.lambda$invoke$0(JerseyInvocation.java:671) ~[jersey-client-4.0.0.jar:na]
	at org.glassfish.jersey.client.JerseyInvocation.call(JerseyInvocation.java:706) ~[jersey-client-4.0.0.jar:na]
	at org.glassfish.jersey.client.JerseyInvocation.lambda$runInScope$3(JerseyInvocation.java:700) ~[jersey-client-4.0.0.jar:na]
	at org.glassfish.jersey.internal.Errors.process(Errors.java:292) ~[jersey-common-4.0.0.jar:na]
	at org.glassfish.jersey.internal.Errors.process(Errors.java:274) ~[jersey-common-4.0.0.jar:na]
	at org.glassfish.jersey.internal.Errors.process(Errors.java:205) ~[jersey-common-4.0.0.jar:na]
	at org.glassfish.jersey.process.internal.RequestScope.runInScope(RequestScope.java:391) ~[jersey-common-4.0.0.jar:na]
	at org.glassfish.jersey.client.JerseyInvocation.runInScope(JerseyInvocation.java:700) ~[jersey-client-4.0.0.jar:na]
	at org.glassfish.jersey.client.JerseyInvocation.invoke(JerseyInvocation.java:670) ~[jersey-client-4.0.0.jar:na]
	at org.glassfish.jersey.client.JerseyInvocation$Builder.method(JerseyInvocation.java:436) ~[jersey-client-4.0.0.jar:na]
	at org.glassfish.jersey.client.JerseyInvocation$Builder.post(JerseyInvocation.java:342) ~[jersey-client-4.0.0.jar:na]
	at com.netflix.eureka.transport.Jersey3ReplicationClient.submitBatchUpdates(Jersey3ReplicationClient.java:116) ~[eureka-core-jersey3-2.0.5.jar:2.0.5]
	at com.netflix.eureka.cluster.ReplicationTaskProcessor.process(ReplicationTaskProcessor.java:80) ~[eureka-core-2.0.5.jar:2.0.5]
	at com.netflix.eureka.util.batcher.TaskExecutors$BatchWorkerRunnable.run(TaskExecutors.java:178) ~[eureka-core-2.0.5.jar:2.0.5]
	at java.base/java.lang.Thread.run(Thread.java:1583) ~[na:na]
Caused by: java.net.SocketTimeoutException: Read timed out
	at java.base/sun.nio.ch.NioSocketImpl.timedRead(NioSocketImpl.java:278) ~[na:na]
	at java.base/sun.nio.ch.NioSocketImpl.implRead(NioSocketImpl.java:304) ~[na:na]
	at java.base/sun.nio.ch.NioSocketImpl.read(NioSocketImpl.java:346) ~[na:na]
	at java.base/sun.nio.ch.NioSocketImpl$1.read(NioSocketImpl.java:796) ~[na:na]
	at java.base/java.net.Socket$SocketInputStream.read(Socket.java:1099) ~[na:na]
	at org.apache.http.impl.io.SessionInputBufferImpl.streamRead(SessionInputBufferImpl.java:137) ~[httpcore-4.4.16.jar:4.4.16]
	at org.apache.http.impl.io.SessionInputBufferImpl.fillBuffer(SessionInputBufferImpl.java:153) ~[httpcore-4.4.16.jar:4.4.16]
	at org.apache.http.impl.io.SessionInputBufferImpl.readLine(SessionInputBufferImpl.java:280) ~[httpcore-4.4.16.jar:4.4.16]
	at org.apache.http.impl.conn.DefaultHttpResponseParser.parseHead(DefaultHttpResponseParser.java:138) ~[httpclient-4.5.3.jar:4.5.3]
	at org.apache.http.impl.conn.DefaultHttpResponseParser.parseHead(DefaultHttpResponseParser.java:56) ~[httpclient-4.5.3.jar:4.5.3]
	at org.apache.http.impl.io.AbstractMessageParser.parse(AbstractMessageParser.java:259) ~[httpcore-4.4.16.jar:4.4.16]
	at org.apache.http.impl.DefaultBHttpClientConnection.receiveResponseHeader(DefaultBHttpClientConnection.java:163) ~[httpcore-4.4.16.jar:4.4.16]
	at org.apache.http.impl.conn.CPoolProxy.receiveResponseHeader(CPoolProxy.java:165) ~[httpclient-4.5.3.jar:4.5.3]
	at org.apache.http.protocol.HttpRequestExecutor.doReceiveResponse(HttpRequestExecutor.java:273) ~[httpcore-4.4.16.jar:4.4.16]
	at org.apache.http.protocol.HttpRequestExecutor.execute(HttpRequestExecutor.java:125) ~[httpcore-4.4.16.jar:4.4.16]
	at org.apache.http.impl.execchain.MainClientExec.execute(MainClientExec.java:272) ~[httpclient-4.5.3.jar:4.5.3]
	at org.apache.http.impl.execchain.ProtocolExec.execute(ProtocolExec.java:185) ~[httpclient-4.5.3.jar:4.5.3]
	at org.apache.http.impl.execchain.RetryExec.execute(RetryExec.java:89) ~[httpclient-4.5.3.jar:4.5.3]
	at org.apache.http.impl.execchain.RedirectExec.execute(RedirectExec.java:111) ~[httpclient-4.5.3.jar:4.5.3]
	at org.apache.http.impl.client.InternalHttpClient.doExecute(InternalHttpClient.java:185) ~[httpclient-4.5.3.jar:4.5.3]
	at org.apache.http.impl.client.CloseableHttpClient.execute(CloseableHttpClient.java:72) ~[httpclient-4.5.3.jar:4.5.3]
	at org.glassfish.jersey.apache.connector.ApacheConnector.apply(ApacheConnector.java:487) ~[jersey-apache-connector-3.0.5.jar:na]
	... 16 common frames omitted

2026-03-02T20:42:19.489+05:30 ERROR 23432 --- [SpringCloud_EurekaServer] [TaskBatchingWorker-target_localhost-7] [                                                 ] c.n.e.cluster.ReplicationTaskProcessor   : It seems to be a socket read timeout exception, it will retry later. if it continues to happen and some eureka node occupied all the cpu time, you should set property 'eureka.server.peer-node-read-timeout-ms' to a bigger value

jakarta.ws.rs.ProcessingException: java.net.SocketTimeoutException: Read timed out
	at org.glassfish.jersey.apache.connector.ApacheConnector.apply(ApacheConnector.java:535) ~[jersey-apache-connector-3.0.5.jar:na]
	at org.glassfish.jersey.client.ClientRuntime.invoke(ClientRuntime.java:300) ~[jersey-client-4.0.0.jar:na]
	at org.glassfish.jersey.client.JerseyInvocation.lambda$invoke$0(JerseyInvocation.java:671) ~[jersey-client-4.0.0.jar:na]
	at org.glassfish.jersey.client.JerseyInvocation.call(JerseyInvocation.java:706) ~[jersey-client-4.0.0.jar:na]
	at org.glassfish.jersey.client.JerseyInvocation.lambda$runInScope$3(JerseyInvocation.java:700) ~[jersey-client-4.0.0.jar:na]
	at org.glassfish.jersey.internal.Errors.process(Errors.java:292) ~[jersey-common-4.0.0.jar:na]
	at org.glassfish.jersey.internal.Errors.process(Errors.java:274) ~[jersey-common-4.0.0.jar:na]
	at org.glassfish.jersey.internal.Errors.process(Errors.java:205) ~[jersey-common-4.0.0.jar:na]
	at org.glassfish.jersey.process.internal.RequestScope.runInScope(RequestScope.java:391) ~[jersey-common-4.0.0.jar:na]
	at org.glassfish.jersey.client.JerseyInvocation.runInScope(JerseyInvocation.java:700) ~[jersey-client-4.0.0.jar:na]
	at org.glassfish.jersey.client.JerseyInvocation.invoke(JerseyInvocation.java:670) ~[jersey-client-4.0.0.jar:na]
	at org.glassfish.jersey.client.JerseyInvocation$Builder.method(JerseyInvocation.java:436) ~[jersey-client-4.0.0.jar:na]
	at org.glassfish.jersey.client.JerseyInvocation$Builder.post(JerseyInvocation.java:342) ~[jersey-client-4.0.0.jar:na]
	at com.netflix.eureka.transport.Jersey3ReplicationClient.submitBatchUpdates(Jersey3ReplicationClient.java:116) ~[eureka-core-jersey3-2.0.5.jar:2.0.5]
	at com.netflix.eureka.cluster.ReplicationTaskProcessor.process(ReplicationTaskProcessor.java:80) ~[eureka-core-2.0.5.jar:2.0.5]
	at com.netflix.eureka.util.batcher.TaskExecutors$BatchWorkerRunnable.run(TaskExecutors.java:178) ~[eureka-core-2.0.5.jar:2.0.5]
	at java.base/java.lang.Thread.run(Thread.java:1583) ~[na:na]
Caused by: java.net.SocketTimeoutException: Read timed out
	at java.base/sun.nio.ch.NioSocketImpl.timedRead(NioSocketImpl.java:278) ~[na:na]
	at java.base/sun.nio.ch.NioSocketImpl.implRead(NioSocketImpl.java:304) ~[na:na]
	at java.base/sun.nio.ch.NioSocketImpl.read(NioSocketImpl.java:346) ~[na:na]
	at java.base/sun.nio.ch.NioSocketImpl$1.read(NioSocketImpl.java:796) ~[na:na]
	at java.base/java.net.Socket$SocketInputStream.read(Socket.java:1099) ~[na:na]
	at org.apache.http.impl.io.SessionInputBufferImpl.streamRead(SessionInputBufferImpl.java:137) ~[httpcore-4.4.16.jar:4.4.16]
	at org.apache.http.impl.io.SessionInputBufferImpl.fillBuffer(SessionInputBufferImpl.java:153) ~[httpcore-4.4.16.jar:4.4.16]
	at org.apache.http.impl.io.SessionInputBufferImpl.readLine(SessionInputBufferImpl.java:280) ~[httpcore-4.4.16.jar:4.4.16]
	at org.apache.http.impl.conn.DefaultHttpResponseParser.parseHead(DefaultHttpResponseParser.java:138) ~[httpclient-4.5.3.jar:4.5.3]
	at org.apache.http.impl.conn.DefaultHttpResponseParser.parseHead(DefaultHttpResponseParser.java:56) ~[httpclient-4.5.3.jar:4.5.3]
	at org.apache.http.impl.io.AbstractMessageParser.parse(AbstractMessageParser.java:259) ~[httpcore-4.4.16.jar:4.4.16]
	at org.apache.http.impl.DefaultBHttpClientConnection.receiveResponseHeader(DefaultBHttpClientConnection.java:163) ~[httpcore-4.4.16.jar:4.4.16]
	at org.apache.http.impl.conn.CPoolProxy.receiveResponseHeader(CPoolProxy.java:165) ~[httpclient-4.5.3.jar:4.5.3]
	at org.apache.http.protocol.HttpRequestExecutor.doReceiveResponse(HttpRequestExecutor.java:273) ~[httpcore-4.4.16.jar:4.4.16]
	at org.apache.http.protocol.HttpRequestExecutor.execute(HttpRequestExecutor.java:125) ~[httpcore-4.4.16.jar:4.4.16]
	at org.apache.http.impl.execchain.MainClientExec.execute(MainClientExec.java:272) ~[httpclient-4.5.3.jar:4.5.3]
	at org.apache.http.impl.execchain.ProtocolExec.execute(ProtocolExec.java:185) ~[httpclient-4.5.3.jar:4.5.3]
	at org.apache.http.impl.execchain.RetryExec.execute(RetryExec.java:89) ~[httpclient-4.5.3.jar:4.5.3]
	at org.apache.http.impl.execchain.RedirectExec.execute(RedirectExec.java:111) ~[httpclient-4.5.3.jar:4.5.3]
	at org.apache.http.impl.client.InternalHttpClient.doExecute(InternalHttpClient.java:185) ~[httpclient-4.5.3.jar:4.5.3]
	at org.apache.http.impl.client.CloseableHttpClient.execute(CloseableHttpClient.java:72) ~[httpclient-4.5.3.jar:4.5.3]
	at org.glassfish.jersey.apache.connector.ApacheConnector.apply(ApacheConnector.java:487) ~[jersey-apache-connector-3.0.5.jar:na]
	... 16 common frames omitted

2026-03-02T20:42:19.796+05:30 ERROR 23432 --- [SpringCloud_EurekaServer] [TaskBatchingWorker-target_localhost-8] [                                                 ] c.n.e.cluster.ReplicationTaskProcessor   : It seems to be a socket read timeout exception, it will retry later. if it continues to happen and some eureka node occupied all the cpu time, you should set property 'eureka.server.peer-node-read-timeout-ms' to a bigger value

jakarta.ws.rs.ProcessingException: java.net.SocketTimeoutException: Read timed out
	at org.glassfish.jersey.apache.connector.ApacheConnector.apply(ApacheConnector.java:535) ~[jersey-apache-connector-3.0.5.jar:na]
	at org.glassfish.jersey.client.ClientRuntime.invoke(ClientRuntime.java:300) ~[jersey-client-4.0.0.jar:na]
	at org.glassfish.jersey.client.JerseyInvocation.lambda$invoke$0(JerseyInvocation.java:671) ~[jersey-client-4.0.0.jar:na]
	at org.glassfish.jersey.client.JerseyInvocation.call(JerseyInvocation.java:706) ~[jersey-client-4.0.0.jar:na]
	at org.glassfish.jersey.client.JerseyInvocation.lambda$runInScope$3(JerseyInvocation.java:700) ~[jersey-client-4.0.0.jar:na]
	at org.glassfish.jersey.internal.Errors.process(Errors.java:292) ~[jersey-common-4.0.0.jar:na]
	at org.glassfish.jersey.internal.Errors.process(Errors.java:274) ~[jersey-common-4.0.0.jar:na]
	at org.glassfish.jersey.internal.Errors.process(Errors.java:205) ~[jersey-common-4.0.0.jar:na]
	at org.glassfish.jersey.process.internal.RequestScope.runInScope(RequestScope.java:391) ~[jersey-common-4.0.0.jar:na]
	at org.glassfish.jersey.client.JerseyInvocation.runInScope(JerseyInvocation.java:700) ~[jersey-client-4.0.0.jar:na]
	at org.glassfish.jersey.client.JerseyInvocation.invoke(JerseyInvocation.java:670) ~[jersey-client-4.0.0.jar:na]
	at org.glassfish.jersey.client.JerseyInvocation$Builder.method(JerseyInvocation.java:436) ~[jersey-client-4.0.0.jar:na]
	at org.glassfish.jersey.client.JerseyInvocation$Builder.post(JerseyInvocation.java:342) ~[jersey-client-4.0.0.jar:na]
	at com.netflix.eureka.transport.Jersey3ReplicationClient.submitBatchUpdates(Jersey3ReplicationClient.java:116) ~[eureka-core-jersey3-2.0.5.jar:2.0.5]
	at com.netflix.eureka.cluster.ReplicationTaskProcessor.process(ReplicationTaskProcessor.java:80) ~[eureka-core-2.0.5.jar:2.0.5]
	at com.netflix.eureka.util.batcher.TaskExecutors$BatchWorkerRunnable.run(TaskExecutors.java:178) ~[eureka-core-2.0.5.jar:2.0.5]
	at java.base/java.lang.Thread.run(Thread.java:1583) ~[na:na]
Caused by: java.net.SocketTimeoutException: Read timed out
	at java.base/sun.nio.ch.NioSocketImpl.timedRead(NioSocketImpl.java:278) ~[na:na]
	at java.base/sun.nio.ch.NioSocketImpl.implRead(NioSocketImpl.java:304) ~[na:na]
	at java.base/sun.nio.ch.NioSocketImpl.read(NioSocketImpl.java:346) ~[na:na]
	at java.base/sun.nio.ch.NioSocketImpl$1.read(NioSocketImpl.java:796) ~[na:na]
	at java.base/java.net.Socket$SocketInputStream.read(Socket.java:1099) ~[na:na]
	at org.apache.http.impl.io.SessionInputBufferImpl.streamRead(SessionInputBufferImpl.java:137) ~[httpcore-4.4.16.jar:4.4.16]
	at org.apache.http.impl.io.SessionInputBufferImpl.fillBuffer(SessionInputBufferImpl.java:153) ~[httpcore-4.4.16.jar:4.4.16]
	at org.apache.http.impl.io.SessionInputBufferImpl.readLine(SessionInputBufferImpl.java:280) ~[httpcore-4.4.16.jar:4.4.16]
	at org.apache.http.impl.conn.DefaultHttpResponseParser.parseHead(DefaultHttpResponseParser.java:138) ~[httpclient-4.5.3.jar:4.5.3]
	at org.apache.http.impl.conn.DefaultHttpResponseParser.parseHead(DefaultHttpResponseParser.java:56) ~[httpclient-4.5.3.jar:4.5.3]
	at org.apache.http.impl.io.AbstractMessageParser.parse(AbstractMessageParser.java:259) ~[httpcore-4.4.16.jar:4.4.16]
	at org.apache.http.impl.DefaultBHttpClientConnection.receiveResponseHeader(DefaultBHttpClientConnection.java:163) ~[httpcore-4.4.16.jar:4.4.16]
	at org.apache.http.impl.conn.CPoolProxy.receiveResponseHeader(CPoolProxy.java:165) ~[httpclient-4.5.3.jar:4.5.3]
	at org.apache.http.protocol.HttpRequestExecutor.doReceiveResponse(HttpRequestExecutor.java:273) ~[httpcore-4.4.16.jar:4.4.16]
	at org.apache.http.protocol.HttpRequestExecutor.execute(HttpRequestExecutor.java:125) ~[httpcore-4.4.16.jar:4.4.16]
	at org.apache.http.impl.execchain.MainClientExec.execute(MainClientExec.java:272) ~[httpclient-4.5.3.jar:4.5.3]
	at org.apache.http.impl.execchain.ProtocolExec.execute(ProtocolExec.java:185) ~[httpclient-4.5.3.jar:4.5.3]
	at org.apache.http.impl.execchain.RetryExec.execute(RetryExec.java:89) ~[httpclient-4.5.3.jar:4.5.3]
	at org.apache.http.impl.execchain.RedirectExec.execute(RedirectExec.java:111) ~[httpclient-4.5.3.jar:4.5.3]
	at org.apache.http.impl.client.InternalHttpClient.doExecute(InternalHttpClient.java:185) ~[httpclient-4.5.3.jar:4.5.3]
	at org.apache.http.impl.client.CloseableHttpClient.execute(CloseableHttpClient.java:72) ~[httpclient-4.5.3.jar:4.5.3]
	at org.glassfish.jersey.apache.connector.ApacheConnector.apply(ApacheConnector.java:487) ~[jersey-apache-connector-3.0.5.jar:na]
	... 16 common frames omitted

2026-03-02T20:42:30.373+05:30  INFO 23432 --- [SpringCloud_EurekaServer] [Eureka-EvictionTimer] [                                                 ] c.n.e.registry.AbstractInstanceRegistry  : Running the evict task with compensationTime 14ms
2026-03-02T20:43:09.505+05:30 ERROR 23432 --- [SpringCloud_EurekaServer] [TaskBatchingWorker-target_localhost-9] [                                                 ] c.n.e.cluster.ReplicationTaskProcessor   : It seems to be a socket read timeout exception, it will retry later. if it continues to happen and some eureka node occupied all the cpu time, you should set property 'eureka.server.peer-node-read-timeout-ms' to a bigger value

jakarta.ws.rs.ProcessingException: java.net.SocketTimeoutException: Read timed out
	at org.glassfish.jersey.apache.connector.ApacheConnector.apply(ApacheConnector.java:535) ~[jersey-apache-connector-3.0.5.jar:na]
	at org.glassfish.jersey.client.ClientRuntime.invoke(ClientRuntime.java:300) ~[jersey-client-4.0.0.jar:na]
	at org.glassfish.jersey.client.JerseyInvocation.lambda$invoke$0(JerseyInvocation.java:671) ~[jersey-client-4.0.0.jar:na]
	at org.glassfish.jersey.client.JerseyInvocation.call(JerseyInvocation.java:706) ~[jersey-client-4.0.0.jar:na]
	at org.glassfish.jersey.client.JerseyInvocation.lambda$runInScope$3(JerseyInvocation.java:700) ~[jersey-client-4.0.0.jar:na]
	at org.glassfish.jersey.internal.Errors.process(Errors.java:292) ~[jersey-common-4.0.0.jar:na]
	at org.glassfish.jersey.internal.Errors.process(Errors.java:274) ~[jersey-common-4.0.0.jar:na]
	at org.glassfish.jersey.internal.Errors.process(Errors.java:205) ~[jersey-common-4.0.0.jar:na]
	at org.glassfish.jersey.process.internal.RequestScope.runInScope(RequestScope.java:391) ~[jersey-common-4.0.0.jar:na]
	at org.glassfish.jersey.client.JerseyInvocation.runInScope(JerseyInvocation.java:700) ~[jersey-client-4.0.0.jar:na]
	at org.glassfish.jersey.client.JerseyInvocation.invoke(JerseyInvocation.java:670) ~[jersey-client-4.0.0.jar:na]
	at org.glassfish.jersey.client.JerseyInvocation$Builder.method(JerseyInvocation.java:436) ~[jersey-client-4.0.0.jar:na]
	at org.glassfish.jersey.client.JerseyInvocation$Builder.post(JerseyInvocation.java:342) ~[jersey-client-4.0.0.jar:na]
	at com.netflix.eureka.transport.Jersey3ReplicationClient.submitBatchUpdates(Jersey3ReplicationClient.java:116) ~[eureka-core-jersey3-2.0.5.jar:2.0.5]
	at com.netflix.eureka.cluster.ReplicationTaskProcessor.process(ReplicationTaskProcessor.java:80) ~[eureka-core-2.0.5.jar:2.0.5]
	at com.netflix.eureka.util.batcher.TaskExecutors$BatchWorkerRunnable.run(TaskExecutors.java:178) ~[eureka-core-2.0.5.jar:2.0.5]
	at java.base/java.lang.Thread.run(Thread.java:1583) ~[na:na]
Caused by: java.net.SocketTimeoutException: Read timed out
	at java.base/sun.nio.ch.NioSocketImpl.timedRead(NioSocketImpl.java:278) ~[na:na]
	at java.base/sun.nio.ch.NioSocketImpl.implRead(NioSocketImpl.java:304) ~[na:na]
	at java.base/sun.nio.ch.NioSocketImpl.read(NioSocketImpl.java:346) ~[na:na]
	at java.base/sun.nio.ch.NioSocketImpl$1.read(NioSocketImpl.java:796) ~[na:na]
	at java.base/java.net.Socket$SocketInputStream.read(Socket.java:1099) ~[na:na]
	at org.apache.http.impl.io.SessionInputBufferImpl.streamRead(SessionInputBufferImpl.java:137) ~[httpcore-4.4.16.jar:4.4.16]
	at org.apache.http.impl.io.SessionInputBufferImpl.fillBuffer(SessionInputBufferImpl.java:153) ~[httpcore-4.4.16.jar:4.4.16]
	at org.apache.http.impl.io.SessionInputBufferImpl.readLine(SessionInputBufferImpl.java:280) ~[httpcore-4.4.16.jar:4.4.16]
	at org.apache.http.impl.conn.DefaultHttpResponseParser.parseHead(DefaultHttpResponseParser.java:138) ~[httpclient-4.5.3.jar:4.5.3]
	at org.apache.http.impl.conn.DefaultHttpResponseParser.parseHead(DefaultHttpResponseParser.java:56) ~[httpclient-4.5.3.jar:4.5.3]
	at org.apache.http.impl.io.AbstractMessageParser.parse(AbstractMessageParser.java:259) ~[httpcore-4.4.16.jar:4.4.16]
	at org.apache.http.impl.DefaultBHttpClientConnection.receiveResponseHeader(DefaultBHttpClientConnection.java:163) ~[httpcore-4.4.16.jar:4.4.16]
	at org.apache.http.impl.conn.CPoolProxy.receiveResponseHeader(CPoolProxy.java:165) ~[httpclient-4.5.3.jar:4.5.3]
	at org.apache.http.protocol.HttpRequestExecutor.doReceiveResponse(HttpRequestExecutor.java:273) ~[httpcore-4.4.16.jar:4.4.16]
	at org.apache.http.protocol.HttpRequestExecutor.execute(HttpRequestExecutor.java:125) ~[httpcore-4.4.16.jar:4.4.16]
	at org.apache.http.impl.execchain.MainClientExec.execute(MainClientExec.java:272) ~[httpclient-4.5.3.jar:4.5.3]
	at org.apache.http.impl.execchain.ProtocolExec.execute(ProtocolExec.java:185) ~[httpclient-4.5.3.jar:4.5.3]
	at org.apache.http.impl.execchain.RetryExec.execute(RetryExec.java:89) ~[httpclient-4.5.3.jar:4.5.3]
	at org.apache.http.impl.execchain.RedirectExec.execute(RedirectExec.java:111) ~[httpclient-4.5.3.jar:4.5.3]
	at org.apache.http.impl.client.InternalHttpClient.doExecute(InternalHttpClient.java:185) ~[httpclient-4.5.3.jar:4.5.3]
	at org.apache.http.impl.client.CloseableHttpClient.execute(CloseableHttpClient.java:72) ~[httpclient-4.5.3.jar:4.5.3]
	at org.glassfish.jersey.apache.connector.ApacheConnector.apply(ApacheConnector.java:487) ~[jersey-apache-connector-3.0.5.jar:na]
	... 16 common frames omitted

2026-03-02T20:43:12.962+05:30 ERROR 23432 --- [SpringCloud_EurekaServer] [TaskBatchingWorker-target_localhost-9] [                                                 ] c.n.e.cluster.ReplicationTaskProcessor   : It seems to be a socket read timeout exception, it will retry later. if it continues to happen and some eureka node occupied all the cpu time, you should set property 'eureka.server.peer-node-read-timeout-ms' to a bigger value

jakarta.ws.rs.ProcessingException: java.net.SocketTimeoutException: Read timed out
	at org.glassfish.jersey.apache.connector.ApacheConnector.apply(ApacheConnector.java:535) ~[jersey-apache-connector-3.0.5.jar:na]
	at org.glassfish.jersey.client.ClientRuntime.invoke(ClientRuntime.java:300) ~[jersey-client-4.0.0.jar:na]
	at org.glassfish.jersey.client.JerseyInvocation.lambda$invoke$0(JerseyInvocation.java:671) ~[jersey-client-4.0.0.jar:na]
	at org.glassfish.jersey.client.JerseyInvocation.call(JerseyInvocation.java:706) ~[jersey-client-4.0.0.jar:na]
	at org.glassfish.jersey.client.JerseyInvocation.lambda$runInScope$3(JerseyInvocation.java:700) ~[jersey-client-4.0.0.jar:na]
	at org.glassfish.jersey.internal.Errors.process(Errors.java:292) ~[jersey-common-4.0.0.jar:na]
	at org.glassfish.jersey.internal.Errors.process(Errors.java:274) ~[jersey-common-4.0.0.jar:na]
	at org.glassfish.jersey.internal.Errors.process(Errors.java:205) ~[jersey-common-4.0.0.jar:na]
	at org.glassfish.jersey.process.internal.RequestScope.runInScope(RequestScope.java:391) ~[jersey-common-4.0.0.jar:na]
	at org.glassfish.jersey.client.JerseyInvocation.runInScope(JerseyInvocation.java:700) ~[jersey-client-4.0.0.jar:na]
	at org.glassfish.jersey.client.JerseyInvocation.invoke(JerseyInvocation.java:670) ~[jersey-client-4.0.0.jar:na]
	at org.glassfish.jersey.client.JerseyInvocation$Builder.method(JerseyInvocation.java:436) ~[jersey-client-4.0.0.jar:na]
	at org.glassfish.jersey.client.JerseyInvocation$Builder.post(JerseyInvocation.java:342) ~[jersey-client-4.0.0.jar:na]
	at com.netflix.eureka.transport.Jersey3ReplicationClient.submitBatchUpdates(Jersey3ReplicationClient.java:116) ~[eureka-core-jersey3-2.0.5.jar:2.0.5]
	at com.netflix.eureka.cluster.ReplicationTaskProcessor.process(ReplicationTaskProcessor.java:80) ~[eureka-core-2.0.5.jar:2.0.5]
	at com.netflix.eureka.util.batcher.TaskExecutors$BatchWorkerRunnable.run(TaskExecutors.java:178) ~[eureka-core-2.0.5.jar:2.0.5]
	at java.base/java.lang.Thread.run(Thread.java:1583) ~[na:na]
Caused by: java.net.SocketTimeoutException: Read timed out
	at java.base/sun.nio.ch.NioSocketImpl.timedRead(NioSocketImpl.java:278) ~[na:na]
	at java.base/sun.nio.ch.NioSocketImpl.implRead(NioSocketImpl.java:304) ~[na:na]
	at java.base/sun.nio.ch.NioSocketImpl.read(NioSocketImpl.java:346) ~[na:na]
	at java.base/sun.nio.ch.NioSocketImpl$1.read(NioSocketImpl.java:796) ~[na:na]
	at java.base/java.net.Socket$SocketInputStream.read(Socket.java:1099) ~[na:na]
	at org.apache.http.impl.io.SessionInputBufferImpl.streamRead(SessionInputBufferImpl.java:137) ~[httpcore-4.4.16.jar:4.4.16]
	at org.apache.http.impl.io.SessionInputBufferImpl.fillBuffer(SessionInputBufferImpl.java:153) ~[httpcore-4.4.16.jar:4.4.16]
	at org.apache.http.impl.io.SessionInputBufferImpl.readLine(SessionInputBufferImpl.java:280) ~[httpcore-4.4.16.jar:4.4.16]
	at org.apache.http.impl.conn.DefaultHttpResponseParser.parseHead(DefaultHttpResponseParser.java:138) ~[httpclient-4.5.3.jar:4.5.3]
	at org.apache.http.impl.conn.DefaultHttpResponseParser.parseHead(DefaultHttpResponseParser.java:56) ~[httpclient-4.5.3.jar:4.5.3]
	at org.apache.http.impl.io.AbstractMessageParser.parse(AbstractMessageParser.java:259) ~[httpcore-4.4.16.jar:4.4.16]
	at org.apache.http.impl.DefaultBHttpClientConnection.receiveResponseHeader(DefaultBHttpClientConnection.java:163) ~[httpcore-4.4.16.jar:4.4.16]
	at org.apache.http.impl.conn.CPoolProxy.receiveResponseHeader(CPoolProxy.java:165) ~[httpclient-4.5.3.jar:4.5.3]
	at org.apache.http.protocol.HttpRequestExecutor.doReceiveResponse(HttpRequestExecutor.java:273) ~[httpcore-4.4.16.jar:4.4.16]
	at org.apache.http.protocol.HttpRequestExecutor.execute(HttpRequestExecutor.java:125) ~[httpcore-4.4.16.jar:4.4.16]
	at org.apache.http.impl.execchain.MainClientExec.execute(MainClientExec.java:272) ~[httpclient-4.5.3.jar:4.5.3]
	at org.apache.http.impl.execchain.ProtocolExec.execute(ProtocolExec.java:185) ~[httpclient-4.5.3.jar:4.5.3]
	at org.apache.http.impl.execchain.RetryExec.execute(RetryExec.java:89) ~[httpclient-4.5.3.jar:4.5.3]
	at org.apache.http.impl.execchain.RedirectExec.execute(RedirectExec.java:111) ~[httpclient-4.5.3.jar:4.5.3]
	at org.apache.http.impl.client.InternalHttpClient.doExecute(InternalHttpClient.java:185) ~[httpclient-4.5.3.jar:4.5.3]
	at org.apache.http.impl.client.CloseableHttpClient.execute(CloseableHttpClient.java:72) ~[httpclient-4.5.3.jar:4.5.3]
	at org.glassfish.jersey.apache.connector.ApacheConnector.apply(ApacheConnector.java:487) ~[jersey-apache-connector-3.0.5.jar:na]
	... 16 common frames omitted

2026-03-02T20:43:30.372+05:30  INFO 23432 --- [SpringCloud_EurekaServer] [Eureka-EvictionTimer] [                                                 ] c.n.e.registry.AbstractInstanceRegistry  : Running the evict task with compensationTime 1ms
2026-03-02T20:44:30.082+05:30  INFO 23432 --- [SpringCloud_EurekaServer] [ReplicaAwareInstanceRegistry - RenewalThresholdUpdater] [                                                 ] c.n.e.r.PeerAwareInstanceRegistryImpl    : Current renewal threshold is : 11
2026-03-02T20:44:30.373+05:30  INFO 23432 --- [SpringCloud_EurekaServer] [Eureka-EvictionTimer] [                                                 ] c.n.e.registry.AbstractInstanceRegistry  : Running the evict task with compensationTime 1ms
2026-03-02T20:45:11.145+05:30 ERROR 23432 --- [SpringCloud_EurekaServer] [TaskBatchingWorker-target_localhost-3] [                                                 ] c.n.e.cluster.ReplicationTaskProcessor   : It seems to be a socket read timeout exception, it will retry later. if it continues to happen and some eureka node occupied all the cpu time, you should set property 'eureka.server.peer-node-read-timeout-ms' to a bigger value

jakarta.ws.rs.ProcessingException: java.net.SocketTimeoutException: Read timed out
	at org.glassfish.jersey.apache.connector.ApacheConnector.apply(ApacheConnector.java:535) ~[jersey-apache-connector-3.0.5.jar:na]
	at org.glassfish.jersey.client.ClientRuntime.invoke(ClientRuntime.java:300) ~[jersey-client-4.0.0.jar:na]
	at org.glassfish.jersey.client.JerseyInvocation.lambda$invoke$0(JerseyInvocation.java:671) ~[jersey-client-4.0.0.jar:na]
	at org.glassfish.jersey.client.JerseyInvocation.call(JerseyInvocation.java:706) ~[jersey-client-4.0.0.jar:na]
	at org.glassfish.jersey.client.JerseyInvocation.lambda$runInScope$3(JerseyInvocation.java:700) ~[jersey-client-4.0.0.jar:na]
	at org.glassfish.jersey.internal.Errors.process(Errors.java:292) ~[jersey-common-4.0.0.jar:na]
	at org.glassfish.jersey.internal.Errors.process(Errors.java:274) ~[jersey-common-4.0.0.jar:na]
	at org.glassfish.jersey.internal.Errors.process(Errors.java:205) ~[jersey-common-4.0.0.jar:na]
	at org.glassfish.jersey.process.internal.RequestScope.runInScope(RequestScope.java:391) ~[jersey-common-4.0.0.jar:na]
	at org.glassfish.jersey.client.JerseyInvocation.runInScope(JerseyInvocation.java:700) ~[jersey-client-4.0.0.jar:na]
	at org.glassfish.jersey.client.JerseyInvocation.invoke(JerseyInvocation.java:670) ~[jersey-client-4.0.0.jar:na]
	at org.glassfish.jersey.client.JerseyInvocation$Builder.method(JerseyInvocation.java:436) ~[jersey-client-4.0.0.jar:na]
	at org.glassfish.jersey.client.JerseyInvocation$Builder.post(JerseyInvocation.java:342) ~[jersey-client-4.0.0.jar:na]
	at com.netflix.eureka.transport.Jersey3ReplicationClient.submitBatchUpdates(Jersey3ReplicationClient.java:116) ~[eureka-core-jersey3-2.0.5.jar:2.0.5]
	at com.netflix.eureka.cluster.ReplicationTaskProcessor.process(ReplicationTaskProcessor.java:80) ~[eureka-core-2.0.5.jar:2.0.5]
	at com.netflix.eureka.util.batcher.TaskExecutors$BatchWorkerRunnable.run(TaskExecutors.java:178) ~[eureka-core-2.0.5.jar:2.0.5]
	at java.base/java.lang.Thread.run(Thread.java:1583) ~[na:na]
Caused by: java.net.SocketTimeoutException: Read timed out
	at java.base/sun.nio.ch.NioSocketImpl.timedRead(NioSocketImpl.java:278) ~[na:na]
	at java.base/sun.nio.ch.NioSocketImpl.implRead(NioSocketImpl.java:304) ~[na:na]
	at java.base/sun.nio.ch.NioSocketImpl.read(NioSocketImpl.java:346) ~[na:na]
	at java.base/sun.nio.ch.NioSocketImpl$1.read(NioSocketImpl.java:796) ~[na:na]
	at java.base/java.net.Socket$SocketInputStream.read(Socket.java:1099) ~[na:na]
	at org.apache.http.impl.io.SessionInputBufferImpl.streamRead(SessionInputBufferImpl.java:137) ~[httpcore-4.4.16.jar:4.4.16]
	at org.apache.http.impl.io.SessionInputBufferImpl.fillBuffer(SessionInputBufferImpl.java:153) ~[httpcore-4.4.16.jar:4.4.16]
	at org.apache.http.impl.io.SessionInputBufferImpl.readLine(SessionInputBufferImpl.java:280) ~[httpcore-4.4.16.jar:4.4.16]
	at org.apache.http.impl.conn.DefaultHttpResponseParser.parseHead(DefaultHttpResponseParser.java:138) ~[httpclient-4.5.3.jar:4.5.3]
	at org.apache.http.impl.conn.DefaultHttpResponseParser.parseHead(DefaultHttpResponseParser.java:56) ~[httpclient-4.5.3.jar:4.5.3]
	at org.apache.http.impl.io.AbstractMessageParser.parse(AbstractMessageParser.java:259) ~[httpcore-4.4.16.jar:4.4.16]
	at org.apache.http.impl.DefaultBHttpClientConnection.receiveResponseHeader(DefaultBHttpClientConnection.java:163) ~[httpcore-4.4.16.jar:4.4.16]
	at org.apache.http.impl.conn.CPoolProxy.receiveResponseHeader(CPoolProxy.java:165) ~[httpclient-4.5.3.jar:4.5.3]
	at org.apache.http.protocol.HttpRequestExecutor.doReceiveResponse(HttpRequestExecutor.java:273) ~[httpcore-4.4.16.jar:4.4.16]
	at org.apache.http.protocol.HttpRequestExecutor.execute(HttpRequestExecutor.java:125) ~[httpcore-4.4.16.jar:4.4.16]
	at org.apache.http.impl.execchain.MainClientExec.execute(MainClientExec.java:272) ~[httpclient-4.5.3.jar:4.5.3]
	at org.apache.http.impl.execchain.ProtocolExec.execute(ProtocolExec.java:185) ~[httpclient-4.5.3.jar:4.5.3]
	at org.apache.http.impl.execchain.RetryExec.execute(RetryExec.java:89) ~[httpclient-4.5.3.jar:4.5.3]
	at org.apache.http.impl.execchain.RedirectExec.execute(RedirectExec.java:111) ~[httpclient-4.5.3.jar:4.5.3]
	at org.apache.http.impl.client.InternalHttpClient.doExecute(InternalHttpClient.java:185) ~[httpclient-4.5.3.jar:4.5.3]
	at org.apache.http.impl.client.CloseableHttpClient.execute(CloseableHttpClient.java:72) ~[httpclient-4.5.3.jar:4.5.3]
	at org.glassfish.jersey.apache.connector.ApacheConnector.apply(ApacheConnector.java:487) ~[jersey-apache-connector-3.0.5.jar:na]
	... 16 common frames omitted

2026-03-02T20:45:30.373+05:30  INFO 23432 --- [SpringCloud_EurekaServer] [Eureka-EvictionTimer] [                                                 ] c.n.e.registry.AbstractInstanceRegistry  : Running the evict task with compensationTime 0ms
2026-03-02T20:46:21.929+05:30 ERROR 23432 --- [SpringCloud_EurekaServer] [TaskBatchingWorker-target_localhost-8] [                                                 ] c.n.e.cluster.ReplicationTaskProcessor   : It seems to be a socket read timeout exception, it will retry later. if it continues to happen and some eureka node occupied all the cpu time, you should set property 'eureka.server.peer-node-read-timeout-ms' to a bigger value

jakarta.ws.rs.ProcessingException: java.net.SocketTimeoutException: Read timed out
	at org.glassfish.jersey.apache.connector.ApacheConnector.apply(ApacheConnector.java:535) ~[jersey-apache-connector-3.0.5.jar:na]
	at org.glassfish.jersey.client.ClientRuntime.invoke(ClientRuntime.java:300) ~[jersey-client-4.0.0.jar:na]
	at org.glassfish.jersey.client.JerseyInvocation.lambda$invoke$0(JerseyInvocation.java:671) ~[jersey-client-4.0.0.jar:na]
	at org.glassfish.jersey.client.JerseyInvocation.call(JerseyInvocation.java:706) ~[jersey-client-4.0.0.jar:na]
	at org.glassfish.jersey.client.JerseyInvocation.lambda$runInScope$3(JerseyInvocation.java:700) ~[jersey-client-4.0.0.jar:na]
	at org.glassfish.jersey.internal.Errors.process(Errors.java:292) ~[jersey-common-4.0.0.jar:na]
	at org.glassfish.jersey.internal.Errors.process(Errors.java:274) ~[jersey-common-4.0.0.jar:na]
	at org.glassfish.jersey.internal.Errors.process(Errors.java:205) ~[jersey-common-4.0.0.jar:na]
	at org.glassfish.jersey.process.internal.RequestScope.runInScope(RequestScope.java:391) ~[jersey-common-4.0.0.jar:na]
	at org.glassfish.jersey.client.JerseyInvocation.runInScope(JerseyInvocation.java:700) ~[jersey-client-4.0.0.jar:na]
	at org.glassfish.jersey.client.JerseyInvocation.invoke(JerseyInvocation.java:670) ~[jersey-client-4.0.0.jar:na]
	at org.glassfish.jersey.client.JerseyInvocation$Builder.method(JerseyInvocation.java:436) ~[jersey-client-4.0.0.jar:na]
	at org.glassfish.jersey.client.JerseyInvocation$Builder.post(JerseyInvocation.java:342) ~[jersey-client-4.0.0.jar:na]
	at com.netflix.eureka.transport.Jersey3ReplicationClient.submitBatchUpdates(Jersey3ReplicationClient.java:116) ~[eureka-core-jersey3-2.0.5.jar:2.0.5]
	at com.netflix.eureka.cluster.ReplicationTaskProcessor.process(ReplicationTaskProcessor.java:80) ~[eureka-core-2.0.5.jar:2.0.5]
	at com.netflix.eureka.util.batcher.TaskExecutors$BatchWorkerRunnable.run(TaskExecutors.java:178) ~[eureka-core-2.0.5.jar:2.0.5]
	at java.base/java.lang.Thread.run(Thread.java:1583) ~[na:na]
Caused by: java.net.SocketTimeoutException: Read timed out
	at java.base/sun.nio.ch.NioSocketImpl.timedRead(NioSocketImpl.java:278) ~[na:na]
	at java.base/sun.nio.ch.NioSocketImpl.implRead(NioSocketImpl.java:304) ~[na:na]
	at java.base/sun.nio.ch.NioSocketImpl.read(NioSocketImpl.java:346) ~[na:na]
	at java.base/sun.nio.ch.NioSocketImpl$1.read(NioSocketImpl.java:796) ~[na:na]
	at java.base/java.net.Socket$SocketInputStream.read(Socket.java:1099) ~[na:na]
	at org.apache.http.impl.io.SessionInputBufferImpl.streamRead(SessionInputBufferImpl.java:137) ~[httpcore-4.4.16.jar:4.4.16]
	at org.apache.http.impl.io.SessionInputBufferImpl.fillBuffer(SessionInputBufferImpl.java:153) ~[httpcore-4.4.16.jar:4.4.16]
	at org.apache.http.impl.io.SessionInputBufferImpl.readLine(SessionInputBufferImpl.java:280) ~[httpcore-4.4.16.jar:4.4.16]
	at org.apache.http.impl.conn.DefaultHttpResponseParser.parseHead(DefaultHttpResponseParser.java:138) ~[httpclient-4.5.3.jar:4.5.3]
	at org.apache.http.impl.conn.DefaultHttpResponseParser.parseHead(DefaultHttpResponseParser.java:56) ~[httpclient-4.5.3.jar:4.5.3]
	at org.apache.http.impl.io.AbstractMessageParser.parse(AbstractMessageParser.java:259) ~[httpcore-4.4.16.jar:4.4.16]
	at org.apache.http.impl.DefaultBHttpClientConnection.receiveResponseHeader(DefaultBHttpClientConnection.java:163) ~[httpcore-4.4.16.jar:4.4.16]
	at org.apache.http.impl.conn.CPoolProxy.receiveResponseHeader(CPoolProxy.java:165) ~[httpclient-4.5.3.jar:4.5.3]
	at org.apache.http.protocol.HttpRequestExecutor.doReceiveResponse(HttpRequestExecutor.java:273) ~[httpcore-4.4.16.jar:4.4.16]
	at org.apache.http.protocol.HttpRequestExecutor.execute(HttpRequestExecutor.java:125) ~[httpcore-4.4.16.jar:4.4.16]
	at org.apache.http.impl.execchain.MainClientExec.execute(MainClientExec.java:272) ~[httpclient-4.5.3.jar:4.5.3]
	at org.apache.http.impl.execchain.ProtocolExec.execute(ProtocolExec.java:185) ~[httpclient-4.5.3.jar:4.5.3]
	at org.apache.http.impl.execchain.RetryExec.execute(RetryExec.java:89) ~[httpclient-4.5.3.jar:4.5.3]
	at org.apache.http.impl.execchain.RedirectExec.execute(RedirectExec.java:111) ~[httpclient-4.5.3.jar:4.5.3]
	at org.apache.http.impl.client.InternalHttpClient.doExecute(InternalHttpClient.java:185) ~[httpclient-4.5.3.jar:4.5.3]
	at org.apache.http.impl.client.CloseableHttpClient.execute(CloseableHttpClient.java:72) ~[httpclient-4.5.3.jar:4.5.3]
	at org.glassfish.jersey.apache.connector.ApacheConnector.apply(ApacheConnector.java:487) ~[jersey-apache-connector-3.0.5.jar:na]
	... 16 common frames omitted

2026-03-02T20:46:21.070+05:30 ERROR 23432 --- [SpringCloud_EurekaServer] [TaskBatchingWorker-target_localhost-19] [                                                 ] c.n.e.cluster.ReplicationTaskProcessor   : It seems to be a socket read timeout exception, it will retry later. if it continues to happen and some eureka node occupied all the cpu time, you should set property 'eureka.server.peer-node-read-timeout-ms' to a bigger value

jakarta.ws.rs.ProcessingException: java.net.SocketTimeoutException: Read timed out
	at org.glassfish.jersey.apache.connector.ApacheConnector.apply(ApacheConnector.java:535) ~[jersey-apache-connector-3.0.5.jar:na]
	at org.glassfish.jersey.client.ClientRuntime.invoke(ClientRuntime.java:300) ~[jersey-client-4.0.0.jar:na]
	at org.glassfish.jersey.client.JerseyInvocation.lambda$invoke$0(JerseyInvocation.java:671) ~[jersey-client-4.0.0.jar:na]
	at org.glassfish.jersey.client.JerseyInvocation.call(JerseyInvocation.java:706) ~[jersey-client-4.0.0.jar:na]
	at org.glassfish.jersey.client.JerseyInvocation.lambda$runInScope$3(JerseyInvocation.java:700) ~[jersey-client-4.0.0.jar:na]
	at org.glassfish.jersey.internal.Errors.process(Errors.java:292) ~[jersey-common-4.0.0.jar:na]
	at org.glassfish.jersey.internal.Errors.process(Errors.java:274) ~[jersey-common-4.0.0.jar:na]
	at org.glassfish.jersey.internal.Errors.process(Errors.java:205) ~[jersey-common-4.0.0.jar:na]
	at org.glassfish.jersey.process.internal.RequestScope.runInScope(RequestScope.java:391) ~[jersey-common-4.0.0.jar:na]
	at org.glassfish.jersey.client.JerseyInvocation.runInScope(JerseyInvocation.java:700) ~[jersey-client-4.0.0.jar:na]
	at org.glassfish.jersey.client.JerseyInvocation.invoke(JerseyInvocation.java:670) ~[jersey-client-4.0.0.jar:na]
	at org.glassfish.jersey.client.JerseyInvocation$Builder.method(JerseyInvocation.java:436) ~[jersey-client-4.0.0.jar:na]
	at org.glassfish.jersey.client.JerseyInvocation$Builder.post(JerseyInvocation.java:342) ~[jersey-client-4.0.0.jar:na]
	at com.netflix.eureka.transport.Jersey3ReplicationClient.submitBatchUpdates(Jersey3ReplicationClient.java:116) ~[eureka-core-jersey3-2.0.5.jar:2.0.5]
	at com.netflix.eureka.cluster.ReplicationTaskProcessor.process(ReplicationTaskProcessor.java:80) ~[eureka-core-2.0.5.jar:2.0.5]
	at com.netflix.eureka.util.batcher.TaskExecutors$BatchWorkerRunnable.run(TaskExecutors.java:178) ~[eureka-core-2.0.5.jar:2.0.5]
	at java.base/java.lang.Thread.run(Thread.java:1583) ~[na:na]
Caused by: java.net.SocketTimeoutException: Read timed out
	at java.base/sun.nio.ch.NioSocketImpl.timedRead(NioSocketImpl.java:278) ~[na:na]
	at java.base/sun.nio.ch.NioSocketImpl.implRead(NioSocketImpl.java:304) ~[na:na]
	at java.base/sun.nio.ch.NioSocketImpl.read(NioSocketImpl.java:346) ~[na:na]
	at java.base/sun.nio.ch.NioSocketImpl$1.read(NioSocketImpl.java:796) ~[na:na]
	at java.base/java.net.Socket$SocketInputStream.read(Socket.java:1099) ~[na:na]
	at org.apache.http.impl.io.SessionInputBufferImpl.streamRead(SessionInputBufferImpl.java:137) ~[httpcore-4.4.16.jar:4.4.16]
	at org.apache.http.impl.io.SessionInputBufferImpl.fillBuffer(SessionInputBufferImpl.java:153) ~[httpcore-4.4.16.jar:4.4.16]
	at org.apache.http.impl.io.SessionInputBufferImpl.readLine(SessionInputBufferImpl.java:280) ~[httpcore-4.4.16.jar:4.4.16]
	at org.apache.http.impl.conn.DefaultHttpResponseParser.parseHead(DefaultHttpResponseParser.java:138) ~[httpclient-4.5.3.jar:4.5.3]
	at org.apache.http.impl.conn.DefaultHttpResponseParser.parseHead(DefaultHttpResponseParser.java:56) ~[httpclient-4.5.3.jar:4.5.3]
	at org.apache.http.impl.io.AbstractMessageParser.parse(AbstractMessageParser.java:259) ~[httpcore-4.4.16.jar:4.4.16]
	at org.apache.http.impl.DefaultBHttpClientConnection.receiveResponseHeader(DefaultBHttpClientConnection.java:163) ~[httpcore-4.4.16.jar:4.4.16]
	at org.apache.http.impl.conn.CPoolProxy.receiveResponseHeader(CPoolProxy.java:165) ~[httpclient-4.5.3.jar:4.5.3]
	at org.apache.http.protocol.HttpRequestExecutor.doReceiveResponse(HttpRequestExecutor.java:273) ~[httpcore-4.4.16.jar:4.4.16]
	at org.apache.http.protocol.HttpRequestExecutor.execute(HttpRequestExecutor.java:125) ~[httpcore-4.4.16.jar:4.4.16]
	at org.apache.http.impl.execchain.MainClientExec.execute(MainClientExec.java:272) ~[httpclient-4.5.3.jar:4.5.3]
	at org.apache.http.impl.execchain.ProtocolExec.execute(ProtocolExec.java:185) ~[httpclient-4.5.3.jar:4.5.3]
	at org.apache.http.impl.execchain.RetryExec.execute(RetryExec.java:89) ~[httpclient-4.5.3.jar:4.5.3]
	at org.apache.http.impl.execchain.RedirectExec.execute(RedirectExec.java:111) ~[httpclient-4.5.3.jar:4.5.3]
	at org.apache.http.impl.client.InternalHttpClient.doExecute(InternalHttpClient.java:185) ~[httpclient-4.5.3.jar:4.5.3]
	at org.apache.http.impl.client.CloseableHttpClient.execute(CloseableHttpClient.java:72) ~[httpclient-4.5.3.jar:4.5.3]
	at org.glassfish.jersey.apache.connector.ApacheConnector.apply(ApacheConnector.java:487) ~[jersey-apache-connector-3.0.5.jar:na]
	... 16 common frames omitted

2026-03-02T20:46:24.608+05:30 ERROR 23432 --- [SpringCloud_EurekaServer] [TaskBatchingWorker-target_localhost-2] [                                                 ] c.n.e.cluster.ReplicationTaskProcessor   : It seems to be a socket read timeout exception, it will retry later. if it continues to happen and some eureka node occupied all the cpu time, you should set property 'eureka.server.peer-node-read-timeout-ms' to a bigger value

jakarta.ws.rs.ProcessingException: java.net.SocketTimeoutException: Read timed out
	at org.glassfish.jersey.apache.connector.ApacheConnector.apply(ApacheConnector.java:535) ~[jersey-apache-connector-3.0.5.jar:na]
	at org.glassfish.jersey.client.ClientRuntime.invoke(ClientRuntime.java:300) ~[jersey-client-4.0.0.jar:na]
	at org.glassfish.jersey.client.JerseyInvocation.lambda$invoke$0(JerseyInvocation.java:671) ~[jersey-client-4.0.0.jar:na]
	at org.glassfish.jersey.client.JerseyInvocation.call(JerseyInvocation.java:706) ~[jersey-client-4.0.0.jar:na]
	at org.glassfish.jersey.client.JerseyInvocation.lambda$runInScope$3(JerseyInvocation.java:700) ~[jersey-client-4.0.0.jar:na]
	at org.glassfish.jersey.internal.Errors.process(Errors.java:292) ~[jersey-common-4.0.0.jar:na]
	at org.glassfish.jersey.internal.Errors.process(Errors.java:274) ~[jersey-common-4.0.0.jar:na]
	at org.glassfish.jersey.internal.Errors.process(Errors.java:205) ~[jersey-common-4.0.0.jar:na]
	at org.glassfish.jersey.process.internal.RequestScope.runInScope(RequestScope.java:391) ~[jersey-common-4.0.0.jar:na]
	at org.glassfish.jersey.client.JerseyInvocation.runInScope(JerseyInvocation.java:700) ~[jersey-client-4.0.0.jar:na]
	at org.glassfish.jersey.client.JerseyInvocation.invoke(JerseyInvocation.java:670) ~[jersey-client-4.0.0.jar:na]
	at org.glassfish.jersey.client.JerseyInvocation$Builder.method(JerseyInvocation.java:436) ~[jersey-client-4.0.0.jar:na]
	at org.glassfish.jersey.client.JerseyInvocation$Builder.post(JerseyInvocation.java:342) ~[jersey-client-4.0.0.jar:na]
	at com.netflix.eureka.transport.Jersey3ReplicationClient.submitBatchUpdates(Jersey3ReplicationClient.java:116) ~[eureka-core-jersey3-2.0.5.jar:2.0.5]
	at com.netflix.eureka.cluster.ReplicationTaskProcessor.process(ReplicationTaskProcessor.java:80) ~[eureka-core-2.0.5.jar:2.0.5]
	at com.netflix.eureka.util.batcher.TaskExecutors$BatchWorkerRunnable.run(TaskExecutors.java:178) ~[eureka-core-2.0.5.jar:2.0.5]
	at java.base/java.lang.Thread.run(Thread.java:1583) ~[na:na]
Caused by: java.net.SocketTimeoutException: Read timed out
	at java.base/sun.nio.ch.NioSocketImpl.timedRead(NioSocketImpl.java:278) ~[na:na]
	at java.base/sun.nio.ch.NioSocketImpl.implRead(NioSocketImpl.java:304) ~[na:na]
	at java.base/sun.nio.ch.NioSocketImpl.read(NioSocketImpl.java:346) ~[na:na]
	at java.base/sun.nio.ch.NioSocketImpl$1.read(NioSocketImpl.java:796) ~[na:na]
	at java.base/java.net.Socket$SocketInputStream.read(Socket.java:1099) ~[na:na]
	at org.apache.http.impl.io.SessionInputBufferImpl.streamRead(SessionInputBufferImpl.java:137) ~[httpcore-4.4.16.jar:4.4.16]
	at org.apache.http.impl.io.SessionInputBufferImpl.fillBuffer(SessionInputBufferImpl.java:153) ~[httpcore-4.4.16.jar:4.4.16]
	at org.apache.http.impl.io.SessionInputBufferImpl.readLine(SessionInputBufferImpl.java:280) ~[httpcore-4.4.16.jar:4.4.16]
	at org.apache.http.impl.conn.DefaultHttpResponseParser.parseHead(DefaultHttpResponseParser.java:138) ~[httpclient-4.5.3.jar:4.5.3]
	at org.apache.http.impl.conn.DefaultHttpResponseParser.parseHead(DefaultHttpResponseParser.java:56) ~[httpclient-4.5.3.jar:4.5.3]
	at org.apache.http.impl.io.AbstractMessageParser.parse(AbstractMessageParser.java:259) ~[httpcore-4.4.16.jar:4.4.16]
	at org.apache.http.impl.DefaultBHttpClientConnection.receiveResponseHeader(DefaultBHttpClientConnection.java:163) ~[httpcore-4.4.16.jar:4.4.16]
	at org.apache.http.impl.conn.CPoolProxy.receiveResponseHeader(CPoolProxy.java:165) ~[httpclient-4.5.3.jar:4.5.3]
	at org.apache.http.protocol.HttpRequestExecutor.doReceiveResponse(HttpRequestExecutor.java:273) ~[httpcore-4.4.16.jar:4.4.16]
	at org.apache.http.protocol.HttpRequestExecutor.execute(HttpRequestExecutor.java:125) ~[httpcore-4.4.16.jar:4.4.16]
	at org.apache.http.impl.execchain.MainClientExec.execute(MainClientExec.java:272) ~[httpclient-4.5.3.jar:4.5.3]
	at org.apache.http.impl.execchain.ProtocolExec.execute(ProtocolExec.java:185) ~[httpclient-4.5.3.jar:4.5.3]
	at org.apache.http.impl.execchain.RetryExec.execute(RetryExec.java:89) ~[httpclient-4.5.3.jar:4.5.3]
	at org.apache.http.impl.execchain.RedirectExec.execute(RedirectExec.java:111) ~[httpclient-4.5.3.jar:4.5.3]
	at org.apache.http.impl.client.InternalHttpClient.doExecute(InternalHttpClient.java:185) ~[httpclient-4.5.3.jar:4.5.3]
	at org.apache.http.impl.client.CloseableHttpClient.execute(CloseableHttpClient.java:72) ~[httpclient-4.5.3.jar:4.5.3]
	at org.glassfish.jersey.apache.connector.ApacheConnector.apply(ApacheConnector.java:487) ~[jersey-apache-connector-3.0.5.jar:na]
	... 16 common frames omitted

2026-03-02T20:46:30.373+05:30  INFO 23432 --- [SpringCloud_EurekaServer] [Eureka-EvictionTimer] [                                                 ] c.n.e.registry.AbstractInstanceRegistry  : Running the evict task with compensationTime 0ms
2026-03-02T20:46:51.923+05:30 ERROR 23432 --- [SpringCloud_EurekaServer] [TaskBatchingWorker-target_localhost-0] [                                                 ] c.n.e.cluster.ReplicationTaskProcessor   : It seems to be a socket read timeout exception, it will retry later. if it continues to happen and some eureka node occupied all the cpu time, you should set property 'eureka.server.peer-node-read-timeout-ms' to a bigger value

jakarta.ws.rs.ProcessingException: java.net.SocketTimeoutException: Read timed out
	at org.glassfish.jersey.apache.connector.ApacheConnector.apply(ApacheConnector.java:535) ~[jersey-apache-connector-3.0.5.jar:na]
	at org.glassfish.jersey.client.ClientRuntime.invoke(ClientRuntime.java:300) ~[jersey-client-4.0.0.jar:na]
	at org.glassfish.jersey.client.JerseyInvocation.lambda$invoke$0(JerseyInvocation.java:671) ~[jersey-client-4.0.0.jar:na]
	at org.glassfish.jersey.client.JerseyInvocation.call(JerseyInvocation.java:706) ~[jersey-client-4.0.0.jar:na]
	at org.glassfish.jersey.client.JerseyInvocation.lambda$runInScope$3(JerseyInvocation.java:700) ~[jersey-client-4.0.0.jar:na]
	at org.glassfish.jersey.internal.Errors.process(Errors.java:292) ~[jersey-common-4.0.0.jar:na]
	at org.glassfish.jersey.internal.Errors.process(Errors.java:274) ~[jersey-common-4.0.0.jar:na]
	at org.glassfish.jersey.internal.Errors.process(Errors.java:205) ~[jersey-common-4.0.0.jar:na]
	at org.glassfish.jersey.process.internal.RequestScope.runInScope(RequestScope.java:391) ~[jersey-common-4.0.0.jar:na]
	at org.glassfish.jersey.client.JerseyInvocation.runInScope(JerseyInvocation.java:700) ~[jersey-client-4.0.0.jar:na]
	at org.glassfish.jersey.client.JerseyInvocation.invoke(JerseyInvocation.java:670) ~[jersey-client-4.0.0.jar:na]
	at org.glassfish.jersey.client.JerseyInvocation$Builder.method(JerseyInvocation.java:436) ~[jersey-client-4.0.0.jar:na]
	at org.glassfish.jersey.client.JerseyInvocation$Builder.post(JerseyInvocation.java:342) ~[jersey-client-4.0.0.jar:na]
	at com.netflix.eureka.transport.Jersey3ReplicationClient.submitBatchUpdates(Jersey3ReplicationClient.java:116) ~[eureka-core-jersey3-2.0.5.jar:2.0.5]
	at com.netflix.eureka.cluster.ReplicationTaskProcessor.process(ReplicationTaskProcessor.java:80) ~[eureka-core-2.0.5.jar:2.0.5]
	at com.netflix.eureka.util.batcher.TaskExecutors$BatchWorkerRunnable.run(TaskExecutors.java:178) ~[eureka-core-2.0.5.jar:2.0.5]
	at java.base/java.lang.Thread.run(Thread.java:1583) ~[na:na]
Caused by: java.net.SocketTimeoutException: Read timed out
	at java.base/sun.nio.ch.NioSocketImpl.timedRead(NioSocketImpl.java:278) ~[na:na]
	at java.base/sun.nio.ch.NioSocketImpl.implRead(NioSocketImpl.java:304) ~[na:na]
	at java.base/sun.nio.ch.NioSocketImpl.read(NioSocketImpl.java:346) ~[na:na]
	at java.base/sun.nio.ch.NioSocketImpl$1.read(NioSocketImpl.java:796) ~[na:na]
	at java.base/java.net.Socket$SocketInputStream.read(Socket.java:1099) ~[na:na]
	at org.apache.http.impl.io.SessionInputBufferImpl.streamRead(SessionInputBufferImpl.java:137) ~[httpcore-4.4.16.jar:4.4.16]
	at org.apache.http.impl.io.SessionInputBufferImpl.fillBuffer(SessionInputBufferImpl.java:153) ~[httpcore-4.4.16.jar:4.4.16]
	at org.apache.http.impl.io.SessionInputBufferImpl.readLine(SessionInputBufferImpl.java:280) ~[httpcore-4.4.16.jar:4.4.16]
	at org.apache.http.impl.conn.DefaultHttpResponseParser.parseHead(DefaultHttpResponseParser.java:138) ~[httpclient-4.5.3.jar:4.5.3]
	at org.apache.http.impl.conn.DefaultHttpResponseParser.parseHead(DefaultHttpResponseParser.java:56) ~[httpclient-4.5.3.jar:4.5.3]
	at org.apache.http.impl.io.AbstractMessageParser.parse(AbstractMessageParser.java:259) ~[httpcore-4.4.16.jar:4.4.16]
	at org.apache.http.impl.DefaultBHttpClientConnection.receiveResponseHeader(DefaultBHttpClientConnection.java:163) ~[httpcore-4.4.16.jar:4.4.16]
	at org.apache.http.impl.conn.CPoolProxy.receiveResponseHeader(CPoolProxy.java:165) ~[httpclient-4.5.3.jar:4.5.3]
	at org.apache.http.protocol.HttpRequestExecutor.doReceiveResponse(HttpRequestExecutor.java:273) ~[httpcore-4.4.16.jar:4.4.16]
	at org.apache.http.protocol.HttpRequestExecutor.execute(HttpRequestExecutor.java:125) ~[httpcore-4.4.16.jar:4.4.16]
	at org.apache.http.impl.execchain.MainClientExec.execute(MainClientExec.java:272) ~[httpclient-4.5.3.jar:4.5.3]
	at org.apache.http.impl.execchain.ProtocolExec.execute(ProtocolExec.java:185) ~[httpclient-4.5.3.jar:4.5.3]
	at org.apache.http.impl.execchain.RetryExec.execute(RetryExec.java:89) ~[httpclient-4.5.3.jar:4.5.3]
	at org.apache.http.impl.execchain.RedirectExec.execute(RedirectExec.java:111) ~[httpclient-4.5.3.jar:4.5.3]
	at org.apache.http.impl.client.InternalHttpClient.doExecute(InternalHttpClient.java:185) ~[httpclient-4.5.3.jar:4.5.3]
	at org.apache.http.impl.client.CloseableHttpClient.execute(CloseableHttpClient.java:72) ~[httpclient-4.5.3.jar:4.5.3]
	at org.glassfish.jersey.apache.connector.ApacheConnector.apply(ApacheConnector.java:487) ~[jersey-apache-connector-3.0.5.jar:na]
	... 16 common frames omitted

2026-03-02T20:47:30.374+05:30  INFO 23432 --- [SpringCloud_EurekaServer] [Eureka-EvictionTimer] [                                                 ] c.n.e.registry.AbstractInstanceRegistry  : Running the evict task with compensationTime 0ms
2026-03-02T20:48:30.377+05:30  INFO 23432 --- [SpringCloud_EurekaServer] [Eureka-EvictionTimer] [                                                 ] c.n.e.registry.AbstractInstanceRegistry  : Running the evict task with compensationTime 2ms
2026-03-02T20:49:30.376+05:30  INFO 23432 --- [SpringCloud_EurekaServer] [Eureka-EvictionTimer] [                                                 ] c.n.e.registry.AbstractInstanceRegistry  : Running the evict task with compensationTime 0ms
2026-03-02T20:50:30.377+05:30  INFO 23432 --- [SpringCloud_EurekaServer] [Eureka-EvictionTimer] [                                                 ] c.n.e.registry.AbstractInstanceRegistry  : Running the evict task with compensationTime 1ms
2026-03-02T20:51:30.378+05:30  INFO 23432 --- [SpringCloud_EurekaServer] [Eureka-EvictionTimer] [                                                 ] c.n.e.registry.AbstractInstanceRegistry  : Running the evict task with compensationTime 0ms
2026-03-02T20:51:42.035+05:30 ERROR 23432 --- [SpringCloud_EurekaServer] [TaskBatchingWorker-target_localhost-8] [                                                 ] c.n.e.cluster.ReplicationTaskProcessor   : It seems to be a socket read timeout exception, it will retry later. if it continues to happen and some eureka node occupied all the cpu time, you should set property 'eureka.server.peer-node-read-timeout-ms' to a bigger value

jakarta.ws.rs.ProcessingException: java.net.SocketTimeoutException: Read timed out
	at org.glassfish.jersey.apache.connector.ApacheConnector.apply(ApacheConnector.java:535) ~[jersey-apache-connector-3.0.5.jar:na]
	at org.glassfish.jersey.client.ClientRuntime.invoke(ClientRuntime.java:300) ~[jersey-client-4.0.0.jar:na]
	at org.glassfish.jersey.client.JerseyInvocation.lambda$invoke$0(JerseyInvocation.java:671) ~[jersey-client-4.0.0.jar:na]
	at org.glassfish.jersey.client.JerseyInvocation.call(JerseyInvocation.java:706) ~[jersey-client-4.0.0.jar:na]
	at org.glassfish.jersey.client.JerseyInvocation.lambda$runInScope$3(JerseyInvocation.java:700) ~[jersey-client-4.0.0.jar:na]
	at org.glassfish.jersey.internal.Errors.process(Errors.java:292) ~[jersey-common-4.0.0.jar:na]
	at org.glassfish.jersey.internal.Errors.process(Errors.java:274) ~[jersey-common-4.0.0.jar:na]
	at org.glassfish.jersey.internal.Errors.process(Errors.java:205) ~[jersey-common-4.0.0.jar:na]
	at org.glassfish.jersey.process.internal.RequestScope.runInScope(RequestScope.java:391) ~[jersey-common-4.0.0.jar:na]
	at org.glassfish.jersey.client.JerseyInvocation.runInScope(JerseyInvocation.java:700) ~[jersey-client-4.0.0.jar:na]
	at org.glassfish.jersey.client.JerseyInvocation.invoke(JerseyInvocation.java:670) ~[jersey-client-4.0.0.jar:na]
	at org.glassfish.jersey.client.JerseyInvocation$Builder.method(JerseyInvocation.java:436) ~[jersey-client-4.0.0.jar:na]
	at org.glassfish.jersey.client.JerseyInvocation$Builder.post(JerseyInvocation.java:342) ~[jersey-client-4.0.0.jar:na]
	at com.netflix.eureka.transport.Jersey3ReplicationClient.submitBatchUpdates(Jersey3ReplicationClient.java:116) ~[eureka-core-jersey3-2.0.5.jar:2.0.5]
	at com.netflix.eureka.cluster.ReplicationTaskProcessor.process(ReplicationTaskProcessor.java:80) ~[eureka-core-2.0.5.jar:2.0.5]
	at com.netflix.eureka.util.batcher.TaskExecutors$BatchWorkerRunnable.run(TaskExecutors.java:178) ~[eureka-core-2.0.5.jar:2.0.5]
	at java.base/java.lang.Thread.run(Thread.java:1583) ~[na:na]
Caused by: java.net.SocketTimeoutException: Read timed out
	at java.base/sun.nio.ch.NioSocketImpl.timedRead(NioSocketImpl.java:278) ~[na:na]
	at java.base/sun.nio.ch.NioSocketImpl.implRead(NioSocketImpl.java:304) ~[na:na]
	at java.base/sun.nio.ch.NioSocketImpl.read(NioSocketImpl.java:346) ~[na:na]
	at java.base/sun.nio.ch.NioSocketImpl$1.read(NioSocketImpl.java:796) ~[na:na]
	at java.base/java.net.Socket$SocketInputStream.read(Socket.java:1099) ~[na:na]
	at org.apache.http.impl.io.SessionInputBufferImpl.streamRead(SessionInputBufferImpl.java:137) ~[httpcore-4.4.16.jar:4.4.16]
	at org.apache.http.impl.io.SessionInputBufferImpl.fillBuffer(SessionInputBufferImpl.java:153) ~[httpcore-4.4.16.jar:4.4.16]
	at org.apache.http.impl.io.SessionInputBufferImpl.readLine(SessionInputBufferImpl.java:280) ~[httpcore-4.4.16.jar:4.4.16]
	at org.apache.http.impl.conn.DefaultHttpResponseParser.parseHead(DefaultHttpResponseParser.java:138) ~[httpclient-4.5.3.jar:4.5.3]
	at org.apache.http.impl.conn.DefaultHttpResponseParser.parseHead(DefaultHttpResponseParser.java:56) ~[httpclient-4.5.3.jar:4.5.3]
	at org.apache.http.impl.io.AbstractMessageParser.parse(AbstractMessageParser.java:259) ~[httpcore-4.4.16.jar:4.4.16]
	at org.apache.http.impl.DefaultBHttpClientConnection.receiveResponseHeader(DefaultBHttpClientConnection.java:163) ~[httpcore-4.4.16.jar:4.4.16]
	at org.apache.http.impl.conn.CPoolProxy.receiveResponseHeader(CPoolProxy.java:165) ~[httpclient-4.5.3.jar:4.5.3]
	at org.apache.http.protocol.HttpRequestExecutor.doReceiveResponse(HttpRequestExecutor.java:273) ~[httpcore-4.4.16.jar:4.4.16]
	at org.apache.http.protocol.HttpRequestExecutor.execute(HttpRequestExecutor.java:125) ~[httpcore-4.4.16.jar:4.4.16]
	at org.apache.http.impl.execchain.MainClientExec.execute(MainClientExec.java:272) ~[httpclient-4.5.3.jar:4.5.3]
	at org.apache.http.impl.execchain.ProtocolExec.execute(ProtocolExec.java:185) ~[httpclient-4.5.3.jar:4.5.3]
	at org.apache.http.impl.execchain.RetryExec.execute(RetryExec.java:89) ~[httpclient-4.5.3.jar:4.5.3]
	at org.apache.http.impl.execchain.RedirectExec.execute(RedirectExec.java:111) ~[httpclient-4.5.3.jar:4.5.3]
	at org.apache.http.impl.client.InternalHttpClient.doExecute(InternalHttpClient.java:185) ~[httpclient-4.5.3.jar:4.5.3]
	at org.apache.http.impl.client.CloseableHttpClient.execute(CloseableHttpClient.java:72) ~[httpclient-4.5.3.jar:4.5.3]
	at org.glassfish.jersey.apache.connector.ApacheConnector.apply(ApacheConnector.java:487) ~[jersey-apache-connector-3.0.5.jar:na]
	... 16 common frames omitted

2026-03-02T20:52:30.378+05:30  INFO 23432 --- [SpringCloud_EurekaServer] [Eureka-EvictionTimer] [                                                 ] c.n.e.registry.AbstractInstanceRegistry  : Running the evict task with compensationTime 0ms
2026-03-02T20:53:30.380+05:30  INFO 23432 --- [SpringCloud_EurekaServer] [Eureka-EvictionTimer] [                                                 ] c.n.e.registry.AbstractInstanceRegistry  : Running the evict task with compensationTime 1ms
2026-03-02T20:54:30.381+05:30  INFO 23432 --- [SpringCloud_EurekaServer] [Eureka-EvictionTimer] [                                                 ] c.n.e.registry.AbstractInstanceRegistry  : Running the evict task with compensationTime 0ms
2026-03-02T20:55:30.381+05:30  INFO 23432 --- [SpringCloud_EurekaServer] [Eureka-EvictionTimer] [                                                 ] c.n.e.registry.AbstractInstanceRegistry  : Running the evict task with compensationTime 0ms
2026-03-02T20:56:30.382+05:30  INFO 23432 --- [SpringCloud_EurekaServer] [Eureka-EvictionTimer] [                                                 ] c.n.e.registry.AbstractInstanceRegistry  : Running the evict task with compensationTime 0ms
2026-03-02T20:57:30.383+05:30  INFO 23432 --- [SpringCloud_EurekaServer] [Eureka-EvictionTimer] [                                                 ] c.n.e.registry.AbstractInstanceRegistry  : Running the evict task with compensationTime 1ms
2026-03-02T20:58:30.388+05:30  INFO 23432 --- [SpringCloud_EurekaServer] [Eureka-EvictionTimer] [                                                 ] c.n.e.registry.AbstractInstanceRegistry  : Running the evict task with compensationTime 2ms
2026-03-02T20:59:25.823+05:30 ERROR 23432 --- [SpringCloud_EurekaServer] [TaskBatchingWorker-target_localhost-19] [                                                 ] c.n.e.cluster.ReplicationTaskProcessor   : It seems to be a socket read timeout exception, it will retry later. if it continues to happen and some eureka node occupied all the cpu time, you should set property 'eureka.server.peer-node-read-timeout-ms' to a bigger value

jakarta.ws.rs.ProcessingException: java.net.SocketTimeoutException: Read timed out
	at org.glassfish.jersey.apache.connector.ApacheConnector.apply(ApacheConnector.java:535) ~[jersey-apache-connector-3.0.5.jar:na]
	at org.glassfish.jersey.client.ClientRuntime.invoke(ClientRuntime.java:300) ~[jersey-client-4.0.0.jar:na]
	at org.glassfish.jersey.client.JerseyInvocation.lambda$invoke$0(JerseyInvocation.java:671) ~[jersey-client-4.0.0.jar:na]
	at org.glassfish.jersey.client.JerseyInvocation.call(JerseyInvocation.java:706) ~[jersey-client-4.0.0.jar:na]
	at org.glassfish.jersey.client.JerseyInvocation.lambda$runInScope$3(JerseyInvocation.java:700) ~[jersey-client-4.0.0.jar:na]
	at org.glassfish.jersey.internal.Errors.process(Errors.java:292) ~[jersey-common-4.0.0.jar:na]
	at org.glassfish.jersey.internal.Errors.process(Errors.java:274) ~[jersey-common-4.0.0.jar:na]
	at org.glassfish.jersey.internal.Errors.process(Errors.java:205) ~[jersey-common-4.0.0.jar:na]
	at org.glassfish.jersey.process.internal.RequestScope.runInScope(RequestScope.java:391) ~[jersey-common-4.0.0.jar:na]
	at org.glassfish.jersey.client.JerseyInvocation.runInScope(JerseyInvocation.java:700) ~[jersey-client-4.0.0.jar:na]
	at org.glassfish.jersey.client.JerseyInvocation.invoke(JerseyInvocation.java:670) ~[jersey-client-4.0.0.jar:na]
	at org.glassfish.jersey.client.JerseyInvocation$Builder.method(JerseyInvocation.java:436) ~[jersey-client-4.0.0.jar:na]
	at org.glassfish.jersey.client.JerseyInvocation$Builder.post(JerseyInvocation.java:342) ~[jersey-client-4.0.0.jar:na]
	at com.netflix.eureka.transport.Jersey3ReplicationClient.submitBatchUpdates(Jersey3ReplicationClient.java:116) ~[eureka-core-jersey3-2.0.5.jar:2.0.5]
	at com.netflix.eureka.cluster.ReplicationTaskProcessor.process(ReplicationTaskProcessor.java:80) ~[eureka-core-2.0.5.jar:2.0.5]
	at com.netflix.eureka.util.batcher.TaskExecutors$BatchWorkerRunnable.run(TaskExecutors.java:178) ~[eureka-core-2.0.5.jar:2.0.5]
	at java.base/java.lang.Thread.run(Thread.java:1583) ~[na:na]
Caused by: java.net.SocketTimeoutException: Read timed out
	at java.base/sun.nio.ch.NioSocketImpl.timedRead(NioSocketImpl.java:278) ~[na:na]
	at java.base/sun.nio.ch.NioSocketImpl.implRead(NioSocketImpl.java:304) ~[na:na]
	at java.base/sun.nio.ch.NioSocketImpl.read(NioSocketImpl.java:346) ~[na:na]
	at java.base/sun.nio.ch.NioSocketImpl$1.read(NioSocketImpl.java:796) ~[na:na]
	at java.base/java.net.Socket$SocketInputStream.read(Socket.java:1099) ~[na:na]
	at org.apache.http.impl.io.SessionInputBufferImpl.streamRead(SessionInputBufferImpl.java:137) ~[httpcore-4.4.16.jar:4.4.16]
	at org.apache.http.impl.io.SessionInputBufferImpl.fillBuffer(SessionInputBufferImpl.java:153) ~[httpcore-4.4.16.jar:4.4.16]
	at org.apache.http.impl.io.SessionInputBufferImpl.readLine(SessionInputBufferImpl.java:280) ~[httpcore-4.4.16.jar:4.4.16]
	at org.apache.http.impl.conn.DefaultHttpResponseParser.parseHead(DefaultHttpResponseParser.java:138) ~[httpclient-4.5.3.jar:4.5.3]
	at org.apache.http.impl.conn.DefaultHttpResponseParser.parseHead(DefaultHttpResponseParser.java:56) ~[httpclient-4.5.3.jar:4.5.3]
	at org.apache.http.impl.io.AbstractMessageParser.parse(AbstractMessageParser.java:259) ~[httpcore-4.4.16.jar:4.4.16]
	at org.apache.http.impl.DefaultBHttpClientConnection.receiveResponseHeader(DefaultBHttpClientConnection.java:163) ~[httpcore-4.4.16.jar:4.4.16]
	at org.apache.http.impl.conn.CPoolProxy.receiveResponseHeader(CPoolProxy.java:165) ~[httpclient-4.5.3.jar:4.5.3]
	at org.apache.http.protocol.HttpRequestExecutor.doReceiveResponse(HttpRequestExecutor.java:273) ~[httpcore-4.4.16.jar:4.4.16]
	at org.apache.http.protocol.HttpRequestExecutor.execute(HttpRequestExecutor.java:125) ~[httpcore-4.4.16.jar:4.4.16]
	at org.apache.http.impl.execchain.MainClientExec.execute(MainClientExec.java:272) ~[httpclient-4.5.3.jar:4.5.3]
	at org.apache.http.impl.execchain.ProtocolExec.execute(ProtocolExec.java:185) ~[httpclient-4.5.3.jar:4.5.3]
	at org.apache.http.impl.execchain.RetryExec.execute(RetryExec.java:89) ~[httpclient-4.5.3.jar:4.5.3]
	at org.apache.http.impl.execchain.RedirectExec.execute(RedirectExec.java:111) ~[httpclient-4.5.3.jar:4.5.3]
	at org.apache.http.impl.client.InternalHttpClient.doExecute(InternalHttpClient.java:185) ~[httpclient-4.5.3.jar:4.5.3]
	at org.apache.http.impl.client.CloseableHttpClient.execute(CloseableHttpClient.java:72) ~[httpclient-4.5.3.jar:4.5.3]
	at org.glassfish.jersey.apache.connector.ApacheConnector.apply(ApacheConnector.java:487) ~[jersey-apache-connector-3.0.5.jar:na]
	... 16 common frames omitted

2026-03-02T20:59:30.096+05:30  INFO 23432 --- [SpringCloud_EurekaServer] [ReplicaAwareInstanceRegistry - RenewalThresholdUpdater] [                                                 ] c.n.e.r.PeerAwareInstanceRegistryImpl    : Current renewal threshold is : 11
2026-03-02T20:59:30.387+05:30  INFO 23432 --- [SpringCloud_EurekaServer] [Eureka-EvictionTimer] [                                                 ] c.n.e.registry.AbstractInstanceRegistry  : Running the evict task with compensationTime 2ms
2026-03-02T21:00:30.390+05:30  INFO 23432 --- [SpringCloud_EurekaServer] [Eureka-EvictionTimer] [                                                 ] c.n.e.registry.AbstractInstanceRegistry  : Running the evict task with compensationTime 0ms
2026-03-02T21:01:30.390+05:30  INFO 23432 --- [SpringCloud_EurekaServer] [Eureka-EvictionTimer] [                                                 ] c.n.e.registry.AbstractInstanceRegistry  : Running the evict task with compensationTime 0ms
2026-03-02T21:01:58.034+05:30 ERROR 23432 --- [SpringCloud_EurekaServer] [TaskBatchingWorker-target_localhost-19] [                                                 ] c.n.e.cluster.ReplicationTaskProcessor   : It seems to be a socket read timeout exception, it will retry later. if it continues to happen and some eureka node occupied all the cpu time, you should set property 'eureka.server.peer-node-read-timeout-ms' to a bigger value

jakarta.ws.rs.ProcessingException: java.net.SocketTimeoutException: Read timed out
	at org.glassfish.jersey.apache.connector.ApacheConnector.apply(ApacheConnector.java:535) ~[jersey-apache-connector-3.0.5.jar:na]
	at org.glassfish.jersey.client.ClientRuntime.invoke(ClientRuntime.java:300) ~[jersey-client-4.0.0.jar:na]
	at org.glassfish.jersey.client.JerseyInvocation.lambda$invoke$0(JerseyInvocation.java:671) ~[jersey-client-4.0.0.jar:na]
	at org.glassfish.jersey.client.JerseyInvocation.call(JerseyInvocation.java:706) ~[jersey-client-4.0.0.jar:na]
	at org.glassfish.jersey.client.JerseyInvocation.lambda$runInScope$3(JerseyInvocation.java:700) ~[jersey-client-4.0.0.jar:na]
	at org.glassfish.jersey.internal.Errors.process(Errors.java:292) ~[jersey-common-4.0.0.jar:na]
	at org.glassfish.jersey.internal.Errors.process(Errors.java:274) ~[jersey-common-4.0.0.jar:na]
	at org.glassfish.jersey.internal.Errors.process(Errors.java:205) ~[jersey-common-4.0.0.jar:na]
	at org.glassfish.jersey.process.internal.RequestScope.runInScope(RequestScope.java:391) ~[jersey-common-4.0.0.jar:na]
	at org.glassfish.jersey.client.JerseyInvocation.runInScope(JerseyInvocation.java:700) ~[jersey-client-4.0.0.jar:na]
	at org.glassfish.jersey.client.JerseyInvocation.invoke(JerseyInvocation.java:670) ~[jersey-client-4.0.0.jar:na]
	at org.glassfish.jersey.client.JerseyInvocation$Builder.method(JerseyInvocation.java:436) ~[jersey-client-4.0.0.jar:na]
	at org.glassfish.jersey.client.JerseyInvocation$Builder.post(JerseyInvocation.java:342) ~[jersey-client-4.0.0.jar:na]
	at com.netflix.eureka.transport.Jersey3ReplicationClient.submitBatchUpdates(Jersey3ReplicationClient.java:116) ~[eureka-core-jersey3-2.0.5.jar:2.0.5]
	at com.netflix.eureka.cluster.ReplicationTaskProcessor.process(ReplicationTaskProcessor.java:80) ~[eureka-core-2.0.5.jar:2.0.5]
	at com.netflix.eureka.util.batcher.TaskExecutors$BatchWorkerRunnable.run(TaskExecutors.java:178) ~[eureka-core-2.0.5.jar:2.0.5]
	at java.base/java.lang.Thread.run(Thread.java:1583) ~[na:na]
Caused by: java.net.SocketTimeoutException: Read timed out
	at java.base/sun.nio.ch.NioSocketImpl.timedRead(NioSocketImpl.java:278) ~[na:na]
	at java.base/sun.nio.ch.NioSocketImpl.implRead(NioSocketImpl.java:304) ~[na:na]
	at java.base/sun.nio.ch.NioSocketImpl.read(NioSocketImpl.java:346) ~[na:na]
	at java.base/sun.nio.ch.NioSocketImpl$1.read(NioSocketImpl.java:796) ~[na:na]
	at java.base/java.net.Socket$SocketInputStream.read(Socket.java:1099) ~[na:na]
	at org.apache.http.impl.io.SessionInputBufferImpl.streamRead(SessionInputBufferImpl.java:137) ~[httpcore-4.4.16.jar:4.4.16]
	at org.apache.http.impl.io.SessionInputBufferImpl.fillBuffer(SessionInputBufferImpl.java:153) ~[httpcore-4.4.16.jar:4.4.16]
	at org.apache.http.impl.io.SessionInputBufferImpl.readLine(SessionInputBufferImpl.java:280) ~[httpcore-4.4.16.jar:4.4.16]
	at org.apache.http.impl.conn.DefaultHttpResponseParser.parseHead(DefaultHttpResponseParser.java:138) ~[httpclient-4.5.3.jar:4.5.3]
	at org.apache.http.impl.conn.DefaultHttpResponseParser.parseHead(DefaultHttpResponseParser.java:56) ~[httpclient-4.5.3.jar:4.5.3]
	at org.apache.http.impl.io.AbstractMessageParser.parse(AbstractMessageParser.java:259) ~[httpcore-4.4.16.jar:4.4.16]
	at org.apache.http.impl.DefaultBHttpClientConnection.receiveResponseHeader(DefaultBHttpClientConnection.java:163) ~[httpcore-4.4.16.jar:4.4.16]
	at org.apache.http.impl.conn.CPoolProxy.receiveResponseHeader(CPoolProxy.java:165) ~[httpclient-4.5.3.jar:4.5.3]
	at org.apache.http.protocol.HttpRequestExecutor.doReceiveResponse(HttpRequestExecutor.java:273) ~[httpcore-4.4.16.jar:4.4.16]
	at org.apache.http.protocol.HttpRequestExecutor.execute(HttpRequestExecutor.java:125) ~[httpcore-4.4.16.jar:4.4.16]
	at org.apache.http.impl.execchain.MainClientExec.execute(MainClientExec.java:272) ~[httpclient-4.5.3.jar:4.5.3]
	at org.apache.http.impl.execchain.ProtocolExec.execute(ProtocolExec.java:185) ~[httpclient-4.5.3.jar:4.5.3]
	at org.apache.http.impl.execchain.RetryExec.execute(RetryExec.java:89) ~[httpclient-4.5.3.jar:4.5.3]
	at org.apache.http.impl.execchain.RedirectExec.execute(RedirectExec.java:111) ~[httpclient-4.5.3.jar:4.5.3]
	at org.apache.http.impl.client.InternalHttpClient.doExecute(InternalHttpClient.java:185) ~[httpclient-4.5.3.jar:4.5.3]
	at org.apache.http.impl.client.CloseableHttpClient.execute(CloseableHttpClient.java:72) ~[httpclient-4.5.3.jar:4.5.3]
	at org.glassfish.jersey.apache.connector.ApacheConnector.apply(ApacheConnector.java:487) ~[jersey-apache-connector-3.0.5.jar:na]
	... 16 common frames omitted

2026-03-02T21:02:25.768+05:30 ERROR 23432 --- [SpringCloud_EurekaServer] [TaskBatchingWorker-target_localhost-15] [                                                 ] c.n.e.cluster.ReplicationTaskProcessor   : It seems to be a socket read timeout exception, it will retry later. if it continues to happen and some eureka node occupied all the cpu time, you should set property 'eureka.server.peer-node-read-timeout-ms' to a bigger value

jakarta.ws.rs.ProcessingException: java.net.SocketTimeoutException: Read timed out
	at org.glassfish.jersey.apache.connector.ApacheConnector.apply(ApacheConnector.java:535) ~[jersey-apache-connector-3.0.5.jar:na]
	at org.glassfish.jersey.client.ClientRuntime.invoke(ClientRuntime.java:300) ~[jersey-client-4.0.0.jar:na]
	at org.glassfish.jersey.client.JerseyInvocation.lambda$invoke$0(JerseyInvocation.java:671) ~[jersey-client-4.0.0.jar:na]
	at org.glassfish.jersey.client.JerseyInvocation.call(JerseyInvocation.java:706) ~[jersey-client-4.0.0.jar:na]
	at org.glassfish.jersey.client.JerseyInvocation.lambda$runInScope$3(JerseyInvocation.java:700) ~[jersey-client-4.0.0.jar:na]
	at org.glassfish.jersey.internal.Errors.process(Errors.java:292) ~[jersey-common-4.0.0.jar:na]
	at org.glassfish.jersey.internal.Errors.process(Errors.java:274) ~[jersey-common-4.0.0.jar:na]
	at org.glassfish.jersey.internal.Errors.process(Errors.java:205) ~[jersey-common-4.0.0.jar:na]
	at org.glassfish.jersey.process.internal.RequestScope.runInScope(RequestScope.java:391) ~[jersey-common-4.0.0.jar:na]
	at org.glassfish.jersey.client.JerseyInvocation.runInScope(JerseyInvocation.java:700) ~[jersey-client-4.0.0.jar:na]
	at org.glassfish.jersey.client.JerseyInvocation.invoke(JerseyInvocation.java:670) ~[jersey-client-4.0.0.jar:na]
	at org.glassfish.jersey.client.JerseyInvocation$Builder.method(JerseyInvocation.java:436) ~[jersey-client-4.0.0.jar:na]
	at org.glassfish.jersey.client.JerseyInvocation$Builder.post(JerseyInvocation.java:342) ~[jersey-client-4.0.0.jar:na]
	at com.netflix.eureka.transport.Jersey3ReplicationClient.submitBatchUpdates(Jersey3ReplicationClient.java:116) ~[eureka-core-jersey3-2.0.5.jar:2.0.5]
	at com.netflix.eureka.cluster.ReplicationTaskProcessor.process(ReplicationTaskProcessor.java:80) ~[eureka-core-2.0.5.jar:2.0.5]
	at com.netflix.eureka.util.batcher.TaskExecutors$BatchWorkerRunnable.run(TaskExecutors.java:178) ~[eureka-core-2.0.5.jar:2.0.5]
	at java.base/java.lang.Thread.run(Thread.java:1583) ~[na:na]
Caused by: java.net.SocketTimeoutException: Read timed out
	at java.base/sun.nio.ch.NioSocketImpl.timedRead(NioSocketImpl.java:278) ~[na:na]
	at java.base/sun.nio.ch.NioSocketImpl.implRead(NioSocketImpl.java:304) ~[na:na]
	at java.base/sun.nio.ch.NioSocketImpl.read(NioSocketImpl.java:346) ~[na:na]
	at java.base/sun.nio.ch.NioSocketImpl$1.read(NioSocketImpl.java:796) ~[na:na]
	at java.base/java.net.Socket$SocketInputStream.read(Socket.java:1099) ~[na:na]
	at org.apache.http.impl.io.SessionInputBufferImpl.streamRead(SessionInputBufferImpl.java:137) ~[httpcore-4.4.16.jar:4.4.16]
	at org.apache.http.impl.io.SessionInputBufferImpl.fillBuffer(SessionInputBufferImpl.java:153) ~[httpcore-4.4.16.jar:4.4.16]
	at org.apache.http.impl.io.SessionInputBufferImpl.readLine(SessionInputBufferImpl.java:280) ~[httpcore-4.4.16.jar:4.4.16]
	at org.apache.http.impl.conn.DefaultHttpResponseParser.parseHead(DefaultHttpResponseParser.java:138) ~[httpclient-4.5.3.jar:4.5.3]
	at org.apache.http.impl.conn.DefaultHttpResponseParser.parseHead(DefaultHttpResponseParser.java:56) ~[httpclient-4.5.3.jar:4.5.3]
	at org.apache.http.impl.io.AbstractMessageParser.parse(AbstractMessageParser.java:259) ~[httpcore-4.4.16.jar:4.4.16]
	at org.apache.http.impl.DefaultBHttpClientConnection.receiveResponseHeader(DefaultBHttpClientConnection.java:163) ~[httpcore-4.4.16.jar:4.4.16]
	at org.apache.http.impl.conn.CPoolProxy.receiveResponseHeader(CPoolProxy.java:165) ~[httpclient-4.5.3.jar:4.5.3]
	at org.apache.http.protocol.HttpRequestExecutor.doReceiveResponse(HttpRequestExecutor.java:273) ~[httpcore-4.4.16.jar:4.4.16]
	at org.apache.http.protocol.HttpRequestExecutor.execute(HttpRequestExecutor.java:125) ~[httpcore-4.4.16.jar:4.4.16]
	at org.apache.http.impl.execchain.MainClientExec.execute(MainClientExec.java:272) ~[httpclient-4.5.3.jar:4.5.3]
	at org.apache.http.impl.execchain.ProtocolExec.execute(ProtocolExec.java:185) ~[httpclient-4.5.3.jar:4.5.3]
	at org.apache.http.impl.execchain.RetryExec.execute(RetryExec.java:89) ~[httpclient-4.5.3.jar:4.5.3]
	at org.apache.http.impl.execchain.RedirectExec.execute(RedirectExec.java:111) ~[httpclient-4.5.3.jar:4.5.3]
	at org.apache.http.impl.client.InternalHttpClient.doExecute(InternalHttpClient.java:185) ~[httpclient-4.5.3.jar:4.5.3]
	at org.apache.http.impl.client.CloseableHttpClient.execute(CloseableHttpClient.java:72) ~[httpclient-4.5.3.jar:4.5.3]
	at org.glassfish.jersey.apache.connector.ApacheConnector.apply(ApacheConnector.java:487) ~[jersey-apache-connector-3.0.5.jar:na]
	... 16 common frames omitted

2026-03-02T21:02:30.679+05:30  INFO 23432 --- [SpringCloud_EurekaServer] [Eureka-EvictionTimer] [                                                 ] c.n.e.registry.AbstractInstanceRegistry  : Running the evict task with compensationTime 197ms
2026-03-02T21:03:30.539+05:30  INFO 23432 --- [SpringCloud_EurekaServer] [Eureka-EvictionTimer] [                                                 ] c.n.e.registry.AbstractInstanceRegistry  : Running the evict task with compensationTime 0ms
2026-03-02T21:03:54.842+05:30 ERROR 23432 --- [SpringCloud_EurekaServer] [TaskBatchingWorker-target_localhost-7] [                                                 ] c.n.e.cluster.ReplicationTaskProcessor   : It seems to be a socket read timeout exception, it will retry later. if it continues to happen and some eureka node occupied all the cpu time, you should set property 'eureka.server.peer-node-read-timeout-ms' to a bigger value

jakarta.ws.rs.ProcessingException: java.net.SocketTimeoutException: Read timed out
	at org.glassfish.jersey.apache.connector.ApacheConnector.apply(ApacheConnector.java:535) ~[jersey-apache-connector-3.0.5.jar:na]
	at org.glassfish.jersey.client.ClientRuntime.invoke(ClientRuntime.java:300) ~[jersey-client-4.0.0.jar:na]
	at org.glassfish.jersey.client.JerseyInvocation.lambda$invoke$0(JerseyInvocation.java:671) ~[jersey-client-4.0.0.jar:na]
	at org.glassfish.jersey.client.JerseyInvocation.call(JerseyInvocation.java:706) ~[jersey-client-4.0.0.jar:na]
	at org.glassfish.jersey.client.JerseyInvocation.lambda$runInScope$3(JerseyInvocation.java:700) ~[jersey-client-4.0.0.jar:na]
	at org.glassfish.jersey.internal.Errors.process(Errors.java:292) ~[jersey-common-4.0.0.jar:na]
	at org.glassfish.jersey.internal.Errors.process(Errors.java:274) ~[jersey-common-4.0.0.jar:na]
	at org.glassfish.jersey.internal.Errors.process(Errors.java:205) ~[jersey-common-4.0.0.jar:na]
	at org.glassfish.jersey.process.internal.RequestScope.runInScope(RequestScope.java:391) ~[jersey-common-4.0.0.jar:na]
	at org.glassfish.jersey.client.JerseyInvocation.runInScope(JerseyInvocation.java:700) ~[jersey-client-4.0.0.jar:na]
	at org.glassfish.jersey.client.JerseyInvocation.invoke(JerseyInvocation.java:670) ~[jersey-client-4.0.0.jar:na]
	at org.glassfish.jersey.client.JerseyInvocation$Builder.method(JerseyInvocation.java:436) ~[jersey-client-4.0.0.jar:na]
	at org.glassfish.jersey.client.JerseyInvocation$Builder.post(JerseyInvocation.java:342) ~[jersey-client-4.0.0.jar:na]
	at com.netflix.eureka.transport.Jersey3ReplicationClient.submitBatchUpdates(Jersey3ReplicationClient.java:116) ~[eureka-core-jersey3-2.0.5.jar:2.0.5]
	at com.netflix.eureka.cluster.ReplicationTaskProcessor.process(ReplicationTaskProcessor.java:80) ~[eureka-core-2.0.5.jar:2.0.5]
	at com.netflix.eureka.util.batcher.TaskExecutors$BatchWorkerRunnable.run(TaskExecutors.java:178) ~[eureka-core-2.0.5.jar:2.0.5]
	at java.base/java.lang.Thread.run(Thread.java:1583) ~[na:na]
Caused by: java.net.SocketTimeoutException: Read timed out
	at java.base/sun.nio.ch.NioSocketImpl.timedRead(NioSocketImpl.java:278) ~[na:na]
	at java.base/sun.nio.ch.NioSocketImpl.implRead(NioSocketImpl.java:304) ~[na:na]
	at java.base/sun.nio.ch.NioSocketImpl.read(NioSocketImpl.java:346) ~[na:na]
	at java.base/sun.nio.ch.NioSocketImpl$1.read(NioSocketImpl.java:796) ~[na:na]
	at java.base/java.net.Socket$SocketInputStream.read(Socket.java:1099) ~[na:na]
	at org.apache.http.impl.io.SessionInputBufferImpl.streamRead(SessionInputBufferImpl.java:137) ~[httpcore-4.4.16.jar:4.4.16]
	at org.apache.http.impl.io.SessionInputBufferImpl.fillBuffer(SessionInputBufferImpl.java:153) ~[httpcore-4.4.16.jar:4.4.16]
	at org.apache.http.impl.io.SessionInputBufferImpl.readLine(SessionInputBufferImpl.java:280) ~[httpcore-4.4.16.jar:4.4.16]
	at org.apache.http.impl.conn.DefaultHttpResponseParser.parseHead(DefaultHttpResponseParser.java:138) ~[httpclient-4.5.3.jar:4.5.3]
	at org.apache.http.impl.conn.DefaultHttpResponseParser.parseHead(DefaultHttpResponseParser.java:56) ~[httpclient-4.5.3.jar:4.5.3]
	at org.apache.http.impl.io.AbstractMessageParser.parse(AbstractMessageParser.java:259) ~[httpcore-4.4.16.jar:4.4.16]
	at org.apache.http.impl.DefaultBHttpClientConnection.receiveResponseHeader(DefaultBHttpClientConnection.java:163) ~[httpcore-4.4.16.jar:4.4.16]
	at org.apache.http.impl.conn.CPoolProxy.receiveResponseHeader(CPoolProxy.java:165) ~[httpclient-4.5.3.jar:4.5.3]
	at org.apache.http.protocol.HttpRequestExecutor.doReceiveResponse(HttpRequestExecutor.java:273) ~[httpcore-4.4.16.jar:4.4.16]
	at org.apache.http.protocol.HttpRequestExecutor.execute(HttpRequestExecutor.java:125) ~[httpcore-4.4.16.jar:4.4.16]
	at org.apache.http.impl.execchain.MainClientExec.execute(MainClientExec.java:272) ~[httpclient-4.5.3.jar:4.5.3]
	at org.apache.http.impl.execchain.ProtocolExec.execute(ProtocolExec.java:185) ~[httpclient-4.5.3.jar:4.5.3]
	at org.apache.http.impl.execchain.RetryExec.execute(RetryExec.java:89) ~[httpclient-4.5.3.jar:4.5.3]
	at org.apache.http.impl.execchain.RedirectExec.execute(RedirectExec.java:111) ~[httpclient-4.5.3.jar:4.5.3]
	at org.apache.http.impl.client.InternalHttpClient.doExecute(InternalHttpClient.java:185) ~[httpclient-4.5.3.jar:4.5.3]
	at org.apache.http.impl.client.CloseableHttpClient.execute(CloseableHttpClient.java:72) ~[httpclient-4.5.3.jar:4.5.3]
	at org.glassfish.jersey.apache.connector.ApacheConnector.apply(ApacheConnector.java:487) ~[jersey-apache-connector-3.0.5.jar:na]
	... 16 common frames omitted

2026-03-02T21:04:34.867+05:30  INFO 23432 --- [SpringCloud_EurekaServer] [Eureka-EvictionTimer] [                                                 ] c.n.e.registry.AbstractInstanceRegistry  : Running the evict task with compensationTime 4325ms
2026-03-02T21:05:34.885+05:30  INFO 23432 --- [SpringCloud_EurekaServer] [Eureka-EvictionTimer] [                                                 ] c.n.e.registry.AbstractInstanceRegistry  : Running the evict task with compensationTime 4ms
2026-03-02T21:06:35.063+05:30  INFO 23432 --- [SpringCloud_EurekaServer] [Eureka-EvictionTimer] [                                                 ] c.n.e.registry.AbstractInstanceRegistry  : Running the evict task with compensationTime 196ms
2026-03-02T21:07:35.154+05:30  INFO 23432 --- [SpringCloud_EurekaServer] [Eureka-EvictionTimer] [                                                 ] c.n.e.registry.AbstractInstanceRegistry  : Running the evict task with compensationTime 30ms
2026-03-02T21:08:35.070+05:30  INFO 23432 --- [SpringCloud_EurekaServer] [Eureka-EvictionTimer] [                                                 ] c.n.e.registry.AbstractInstanceRegistry  : Running the evict task with compensationTime 0ms
2026-03-02T21:09:35.073+05:30  INFO 23432 --- [SpringCloud_EurekaServer] [Eureka-EvictionTimer] [                                                 ] c.n.e.registry.AbstractInstanceRegistry  : Running the evict task with compensationTime 0ms
2026-03-02T21:10:35.071+05:30  INFO 23432 --- [SpringCloud_EurekaServer] [Eureka-EvictionTimer] [                                                 ] c.n.e.registry.AbstractInstanceRegistry  : Running the evict task with compensationTime 0ms
2026-03-02T21:11:35.071+05:30  INFO 23432 --- [SpringCloud_EurekaServer] [Eureka-EvictionTimer] [                                                 ] c.n.e.registry.AbstractInstanceRegistry  : Running the evict task with compensationTime 0ms
2026-03-02T21:12:35.072+05:30  INFO 23432 --- [SpringCloud_EurekaServer] [Eureka-EvictionTimer] [                                                 ] c.n.e.registry.AbstractInstanceRegistry  : Running the evict task with compensationTime 1ms
2026-03-02T21:13:35.072+05:30  INFO 23432 --- [SpringCloud_EurekaServer] [Eureka-EvictionTimer] [                                                 ] c.n.e.registry.AbstractInstanceRegistry  : Running the evict task with compensationTime 0ms
2026-03-02T21:14:30.085+05:30  INFO 23432 --- [SpringCloud_EurekaServer] [ReplicaAwareInstanceRegistry - RenewalThresholdUpdater] [                                                 ] c.n.e.r.PeerAwareInstanceRegistryImpl    : Current renewal threshold is : 11
2026-03-02T21:14:35.073+05:30  INFO 23432 --- [SpringCloud_EurekaServer] [Eureka-EvictionTimer] [                                                 ] c.n.e.registry.AbstractInstanceRegistry  : Running the evict task with compensationTime 0ms
2026-03-02T21:14:40.758+05:30 ERROR 23432 --- [SpringCloud_EurekaServer] [TaskBatchingWorker-target_localhost-3] [                                                 ] c.n.e.cluster.ReplicationTaskProcessor   : It seems to be a socket read timeout exception, it will retry later. if it continues to happen and some eureka node occupied all the cpu time, you should set property 'eureka.server.peer-node-read-timeout-ms' to a bigger value

jakarta.ws.rs.ProcessingException: java.net.SocketTimeoutException: Read timed out
	at org.glassfish.jersey.apache.connector.ApacheConnector.apply(ApacheConnector.java:535) ~[jersey-apache-connector-3.0.5.jar:na]
	at org.glassfish.jersey.client.ClientRuntime.invoke(ClientRuntime.java:300) ~[jersey-client-4.0.0.jar:na]
	at org.glassfish.jersey.client.JerseyInvocation.lambda$invoke$0(JerseyInvocation.java:671) ~[jersey-client-4.0.0.jar:na]
	at org.glassfish.jersey.client.JerseyInvocation.call(JerseyInvocation.java:706) ~[jersey-client-4.0.0.jar:na]
	at org.glassfish.jersey.client.JerseyInvocation.lambda$runInScope$3(JerseyInvocation.java:700) ~[jersey-client-4.0.0.jar:na]
	at org.glassfish.jersey.internal.Errors.process(Errors.java:292) ~[jersey-common-4.0.0.jar:na]
	at org.glassfish.jersey.internal.Errors.process(Errors.java:274) ~[jersey-common-4.0.0.jar:na]
	at org.glassfish.jersey.internal.Errors.process(Errors.java:205) ~[jersey-common-4.0.0.jar:na]
	at org.glassfish.jersey.process.internal.RequestScope.runInScope(RequestScope.java:391) ~[jersey-common-4.0.0.jar:na]
	at org.glassfish.jersey.client.JerseyInvocation.runInScope(JerseyInvocation.java:700) ~[jersey-client-4.0.0.jar:na]
	at org.glassfish.jersey.client.JerseyInvocation.invoke(JerseyInvocation.java:670) ~[jersey-client-4.0.0.jar:na]
	at org.glassfish.jersey.client.JerseyInvocation$Builder.method(JerseyInvocation.java:436) ~[jersey-client-4.0.0.jar:na]
	at org.glassfish.jersey.client.JerseyInvocation$Builder.post(JerseyInvocation.java:342) ~[jersey-client-4.0.0.jar:na]
	at com.netflix.eureka.transport.Jersey3ReplicationClient.submitBatchUpdates(Jersey3ReplicationClient.java:116) ~[eureka-core-jersey3-2.0.5.jar:2.0.5]
	at com.netflix.eureka.cluster.ReplicationTaskProcessor.process(ReplicationTaskProcessor.java:80) ~[eureka-core-2.0.5.jar:2.0.5]
	at com.netflix.eureka.util.batcher.TaskExecutors$BatchWorkerRunnable.run(TaskExecutors.java:178) ~[eureka-core-2.0.5.jar:2.0.5]
	at java.base/java.lang.Thread.run(Thread.java:1583) ~[na:na]
Caused by: java.net.SocketTimeoutException: Read timed out
	at java.base/sun.nio.ch.NioSocketImpl.timedRead(NioSocketImpl.java:278) ~[na:na]
	at java.base/sun.nio.ch.NioSocketImpl.implRead(NioSocketImpl.java:304) ~[na:na]
	at java.base/sun.nio.ch.NioSocketImpl.read(NioSocketImpl.java:346) ~[na:na]
	at java.base/sun.nio.ch.NioSocketImpl$1.read(NioSocketImpl.java:796) ~[na:na]
	at java.base/java.net.Socket$SocketInputStream.read(Socket.java:1099) ~[na:na]
	at org.apache.http.impl.io.SessionInputBufferImpl.streamRead(SessionInputBufferImpl.java:137) ~[httpcore-4.4.16.jar:4.4.16]
	at org.apache.http.impl.io.SessionInputBufferImpl.fillBuffer(SessionInputBufferImpl.java:153) ~[httpcore-4.4.16.jar:4.4.16]
	at org.apache.http.impl.io.SessionInputBufferImpl.readLine(SessionInputBufferImpl.java:280) ~[httpcore-4.4.16.jar:4.4.16]
	at org.apache.http.impl.conn.DefaultHttpResponseParser.parseHead(DefaultHttpResponseParser.java:138) ~[httpclient-4.5.3.jar:4.5.3]
	at org.apache.http.impl.conn.DefaultHttpResponseParser.parseHead(DefaultHttpResponseParser.java:56) ~[httpclient-4.5.3.jar:4.5.3]
	at org.apache.http.impl.io.AbstractMessageParser.parse(AbstractMessageParser.java:259) ~[httpcore-4.4.16.jar:4.4.16]
	at org.apache.http.impl.DefaultBHttpClientConnection.receiveResponseHeader(DefaultBHttpClientConnection.java:163) ~[httpcore-4.4.16.jar:4.4.16]
	at org.apache.http.impl.conn.CPoolProxy.receiveResponseHeader(CPoolProxy.java:165) ~[httpclient-4.5.3.jar:4.5.3]
	at org.apache.http.protocol.HttpRequestExecutor.doReceiveResponse(HttpRequestExecutor.java:273) ~[httpcore-4.4.16.jar:4.4.16]
	at org.apache.http.protocol.HttpRequestExecutor.execute(HttpRequestExecutor.java:125) ~[httpcore-4.4.16.jar:4.4.16]
	at org.apache.http.impl.execchain.MainClientExec.execute(MainClientExec.java:272) ~[httpclient-4.5.3.jar:4.5.3]
	at org.apache.http.impl.execchain.ProtocolExec.execute(ProtocolExec.java:185) ~[httpclient-4.5.3.jar:4.5.3]
	at org.apache.http.impl.execchain.RetryExec.execute(RetryExec.java:89) ~[httpclient-4.5.3.jar:4.5.3]
	at org.apache.http.impl.execchain.RedirectExec.execute(RedirectExec.java:111) ~[httpclient-4.5.3.jar:4.5.3]
	at org.apache.http.impl.client.InternalHttpClient.doExecute(InternalHttpClient.java:185) ~[httpclient-4.5.3.jar:4.5.3]
	at org.apache.http.impl.client.CloseableHttpClient.execute(CloseableHttpClient.java:72) ~[httpclient-4.5.3.jar:4.5.3]
	at org.glassfish.jersey.apache.connector.ApacheConnector.apply(ApacheConnector.java:487) ~[jersey-apache-connector-3.0.5.jar:na]
	... 16 common frames omitted

2026-03-02T21:15:35.074+05:30  INFO 23432 --- [SpringCloud_EurekaServer] [Eureka-EvictionTimer] [                                                 ] c.n.e.registry.AbstractInstanceRegistry  : Running the evict task with compensationTime 0ms
2026-03-02T21:16:35.075+05:30  INFO 23432 --- [SpringCloud_EurekaServer] [Eureka-EvictionTimer] [                                                 ] c.n.e.registry.AbstractInstanceRegistry  : Running the evict task with compensationTime 0ms
2026-03-02T21:16:40.718+05:30 ERROR 23432 --- [SpringCloud_EurekaServer] [TaskBatchingWorker-target_localhost-13] [                                                 ] c.n.e.cluster.ReplicationTaskProcessor   : It seems to be a socket read timeout exception, it will retry later. if it continues to happen and some eureka node occupied all the cpu time, you should set property 'eureka.server.peer-node-read-timeout-ms' to a bigger value

jakarta.ws.rs.ProcessingException: java.net.SocketTimeoutException: Read timed out
	at org.glassfish.jersey.apache.connector.ApacheConnector.apply(ApacheConnector.java:535) ~[jersey-apache-connector-3.0.5.jar:na]
	at org.glassfish.jersey.client.ClientRuntime.invoke(ClientRuntime.java:300) ~[jersey-client-4.0.0.jar:na]
	at org.glassfish.jersey.client.JerseyInvocation.lambda$invoke$0(JerseyInvocation.java:671) ~[jersey-client-4.0.0.jar:na]
	at org.glassfish.jersey.client.JerseyInvocation.call(JerseyInvocation.java:706) ~[jersey-client-4.0.0.jar:na]
	at org.glassfish.jersey.client.JerseyInvocation.lambda$runInScope$3(JerseyInvocation.java:700) ~[jersey-client-4.0.0.jar:na]
	at org.glassfish.jersey.internal.Errors.process(Errors.java:292) ~[jersey-common-4.0.0.jar:na]
	at org.glassfish.jersey.internal.Errors.process(Errors.java:274) ~[jersey-common-4.0.0.jar:na]
	at org.glassfish.jersey.internal.Errors.process(Errors.java:205) ~[jersey-common-4.0.0.jar:na]
	at org.glassfish.jersey.process.internal.RequestScope.runInScope(RequestScope.java:391) ~[jersey-common-4.0.0.jar:na]
	at org.glassfish.jersey.client.JerseyInvocation.runInScope(JerseyInvocation.java:700) ~[jersey-client-4.0.0.jar:na]
	at org.glassfish.jersey.client.JerseyInvocation.invoke(JerseyInvocation.java:670) ~[jersey-client-4.0.0.jar:na]
	at org.glassfish.jersey.client.JerseyInvocation$Builder.method(JerseyInvocation.java:436) ~[jersey-client-4.0.0.jar:na]
	at org.glassfish.jersey.client.JerseyInvocation$Builder.post(JerseyInvocation.java:342) ~[jersey-client-4.0.0.jar:na]
	at com.netflix.eureka.transport.Jersey3ReplicationClient.submitBatchUpdates(Jersey3ReplicationClient.java:116) ~[eureka-core-jersey3-2.0.5.jar:2.0.5]
	at com.netflix.eureka.cluster.ReplicationTaskProcessor.process(ReplicationTaskProcessor.java:80) ~[eureka-core-2.0.5.jar:2.0.5]
	at com.netflix.eureka.util.batcher.TaskExecutors$BatchWorkerRunnable.run(TaskExecutors.java:178) ~[eureka-core-2.0.5.jar:2.0.5]
	at java.base/java.lang.Thread.run(Thread.java:1583) ~[na:na]
Caused by: java.net.SocketTimeoutException: Read timed out
	at java.base/sun.nio.ch.NioSocketImpl.timedRead(NioSocketImpl.java:278) ~[na:na]
	at java.base/sun.nio.ch.NioSocketImpl.implRead(NioSocketImpl.java:304) ~[na:na]
	at java.base/sun.nio.ch.NioSocketImpl.read(NioSocketImpl.java:346) ~[na:na]
	at java.base/sun.nio.ch.NioSocketImpl$1.read(NioSocketImpl.java:796) ~[na:na]
	at java.base/java.net.Socket$SocketInputStream.read(Socket.java:1099) ~[na:na]
	at org.apache.http.impl.io.SessionInputBufferImpl.streamRead(SessionInputBufferImpl.java:137) ~[httpcore-4.4.16.jar:4.4.16]
	at org.apache.http.impl.io.SessionInputBufferImpl.fillBuffer(SessionInputBufferImpl.java:153) ~[httpcore-4.4.16.jar:4.4.16]
	at org.apache.http.impl.io.SessionInputBufferImpl.readLine(SessionInputBufferImpl.java:280) ~[httpcore-4.4.16.jar:4.4.16]
	at org.apache.http.impl.conn.DefaultHttpResponseParser.parseHead(DefaultHttpResponseParser.java:138) ~[httpclient-4.5.3.jar:4.5.3]
	at org.apache.http.impl.conn.DefaultHttpResponseParser.parseHead(DefaultHttpResponseParser.java:56) ~[httpclient-4.5.3.jar:4.5.3]
	at org.apache.http.impl.io.AbstractMessageParser.parse(AbstractMessageParser.java:259) ~[httpcore-4.4.16.jar:4.4.16]
	at org.apache.http.impl.DefaultBHttpClientConnection.receiveResponseHeader(DefaultBHttpClientConnection.java:163) ~[httpcore-4.4.16.jar:4.4.16]
	at org.apache.http.impl.conn.CPoolProxy.receiveResponseHeader(CPoolProxy.java:165) ~[httpclient-4.5.3.jar:4.5.3]
	at org.apache.http.protocol.HttpRequestExecutor.doReceiveResponse(HttpRequestExecutor.java:273) ~[httpcore-4.4.16.jar:4.4.16]
	at org.apache.http.protocol.HttpRequestExecutor.execute(HttpRequestExecutor.java:125) ~[httpcore-4.4.16.jar:4.4.16]
	at org.apache.http.impl.execchain.MainClientExec.execute(MainClientExec.java:272) ~[httpclient-4.5.3.jar:4.5.3]
	at org.apache.http.impl.execchain.ProtocolExec.execute(ProtocolExec.java:185) ~[httpclient-4.5.3.jar:4.5.3]
	at org.apache.http.impl.execchain.RetryExec.execute(RetryExec.java:89) ~[httpclient-4.5.3.jar:4.5.3]
	at org.apache.http.impl.execchain.RedirectExec.execute(RedirectExec.java:111) ~[httpclient-4.5.3.jar:4.5.3]
	at org.apache.http.impl.client.InternalHttpClient.doExecute(InternalHttpClient.java:185) ~[httpclient-4.5.3.jar:4.5.3]
	at org.apache.http.impl.client.CloseableHttpClient.execute(CloseableHttpClient.java:72) ~[httpclient-4.5.3.jar:4.5.3]
	at org.glassfish.jersey.apache.connector.ApacheConnector.apply(ApacheConnector.java:487) ~[jersey-apache-connector-3.0.5.jar:na]
	... 16 common frames omitted

2026-03-02T21:17:35.075+05:30  INFO 23432 --- [SpringCloud_EurekaServer] [Eureka-EvictionTimer] [                                                 ] c.n.e.registry.AbstractInstanceRegistry  : Running the evict task with compensationTime 0ms
2026-03-02T21:18:35.075+05:30  INFO 23432 --- [SpringCloud_EurekaServer] [Eureka-EvictionTimer] [                                                 ] c.n.e.registry.AbstractInstanceRegistry  : Running the evict task with compensationTime 0ms
2026-03-02T21:19:35.075+05:30  INFO 23432 --- [SpringCloud_EurekaServer] [Eureka-EvictionTimer] [                                                 ] c.n.e.registry.AbstractInstanceRegistry  : Running the evict task with compensationTime 0ms
2026-03-02T21:20:35.076+05:30  INFO 23432 --- [SpringCloud_EurekaServer] [Eureka-EvictionTimer] [                                                 ] c.n.e.registry.AbstractInstanceRegistry  : Running the evict task with compensationTime 0ms
2026-03-02T21:21:35.076+05:30  INFO 23432 --- [SpringCloud_EurekaServer] [Eureka-EvictionTimer] [                                                 ] c.n.e.registry.AbstractInstanceRegistry  : Running the evict task with compensationTime 0ms
2026-03-02T21:21:40.558+05:30 ERROR 23432 --- [SpringCloud_EurekaServer] [TaskBatchingWorker-target_localhost-14] [                                                 ] c.n.e.cluster.ReplicationTaskProcessor   : It seems to be a socket read timeout exception, it will retry later. if it continues to happen and some eureka node occupied all the cpu time, you should set property 'eureka.server.peer-node-read-timeout-ms' to a bigger value

jakarta.ws.rs.ProcessingException: java.net.SocketTimeoutException: Read timed out
	at org.glassfish.jersey.apache.connector.ApacheConnector.apply(ApacheConnector.java:535) ~[jersey-apache-connector-3.0.5.jar:na]
	at org.glassfish.jersey.client.ClientRuntime.invoke(ClientRuntime.java:300) ~[jersey-client-4.0.0.jar:na]
	at org.glassfish.jersey.client.JerseyInvocation.lambda$invoke$0(JerseyInvocation.java:671) ~[jersey-client-4.0.0.jar:na]
	at org.glassfish.jersey.client.JerseyInvocation.call(JerseyInvocation.java:706) ~[jersey-client-4.0.0.jar:na]
	at org.glassfish.jersey.client.JerseyInvocation.lambda$runInScope$3(JerseyInvocation.java:700) ~[jersey-client-4.0.0.jar:na]
	at org.glassfish.jersey.internal.Errors.process(Errors.java:292) ~[jersey-common-4.0.0.jar:na]
	at org.glassfish.jersey.internal.Errors.process(Errors.java:274) ~[jersey-common-4.0.0.jar:na]
	at org.glassfish.jersey.internal.Errors.process(Errors.java:205) ~[jersey-common-4.0.0.jar:na]
	at org.glassfish.jersey.process.internal.RequestScope.runInScope(RequestScope.java:391) ~[jersey-common-4.0.0.jar:na]
	at org.glassfish.jersey.client.JerseyInvocation.runInScope(JerseyInvocation.java:700) ~[jersey-client-4.0.0.jar:na]
	at org.glassfish.jersey.client.JerseyInvocation.invoke(JerseyInvocation.java:670) ~[jersey-client-4.0.0.jar:na]
	at org.glassfish.jersey.client.JerseyInvocation$Builder.method(JerseyInvocation.java:436) ~[jersey-client-4.0.0.jar:na]
	at org.glassfish.jersey.client.JerseyInvocation$Builder.post(JerseyInvocation.java:342) ~[jersey-client-4.0.0.jar:na]
	at com.netflix.eureka.transport.Jersey3ReplicationClient.submitBatchUpdates(Jersey3ReplicationClient.java:116) ~[eureka-core-jersey3-2.0.5.jar:2.0.5]
	at com.netflix.eureka.cluster.ReplicationTaskProcessor.process(ReplicationTaskProcessor.java:80) ~[eureka-core-2.0.5.jar:2.0.5]
	at com.netflix.eureka.util.batcher.TaskExecutors$BatchWorkerRunnable.run(TaskExecutors.java:178) ~[eureka-core-2.0.5.jar:2.0.5]
	at java.base/java.lang.Thread.run(Thread.java:1583) ~[na:na]
Caused by: java.net.SocketTimeoutException: Read timed out
	at java.base/sun.nio.ch.NioSocketImpl.timedRead(NioSocketImpl.java:278) ~[na:na]
	at java.base/sun.nio.ch.NioSocketImpl.implRead(NioSocketImpl.java:304) ~[na:na]
	at java.base/sun.nio.ch.NioSocketImpl.read(NioSocketImpl.java:346) ~[na:na]
	at java.base/sun.nio.ch.NioSocketImpl$1.read(NioSocketImpl.java:796) ~[na:na]
	at java.base/java.net.Socket$SocketInputStream.read(Socket.java:1099) ~[na:na]
	at org.apache.http.impl.io.SessionInputBufferImpl.streamRead(SessionInputBufferImpl.java:137) ~[httpcore-4.4.16.jar:4.4.16]
	at org.apache.http.impl.io.SessionInputBufferImpl.fillBuffer(SessionInputBufferImpl.java:153) ~[httpcore-4.4.16.jar:4.4.16]
	at org.apache.http.impl.io.SessionInputBufferImpl.readLine(SessionInputBufferImpl.java:280) ~[httpcore-4.4.16.jar:4.4.16]
	at org.apache.http.impl.conn.DefaultHttpResponseParser.parseHead(DefaultHttpResponseParser.java:138) ~[httpclient-4.5.3.jar:4.5.3]
	at org.apache.http.impl.conn.DefaultHttpResponseParser.parseHead(DefaultHttpResponseParser.java:56) ~[httpclient-4.5.3.jar:4.5.3]
	at org.apache.http.impl.io.AbstractMessageParser.parse(AbstractMessageParser.java:259) ~[httpcore-4.4.16.jar:4.4.16]
	at org.apache.http.impl.DefaultBHttpClientConnection.receiveResponseHeader(DefaultBHttpClientConnection.java:163) ~[httpcore-4.4.16.jar:4.4.16]
	at org.apache.http.impl.conn.CPoolProxy.receiveResponseHeader(CPoolProxy.java:165) ~[httpclient-4.5.3.jar:4.5.3]
	at org.apache.http.protocol.HttpRequestExecutor.doReceiveResponse(HttpRequestExecutor.java:273) ~[httpcore-4.4.16.jar:4.4.16]
	at org.apache.http.protocol.HttpRequestExecutor.execute(HttpRequestExecutor.java:125) ~[httpcore-4.4.16.jar:4.4.16]
	at org.apache.http.impl.execchain.MainClientExec.execute(MainClientExec.java:272) ~[httpclient-4.5.3.jar:4.5.3]
	at org.apache.http.impl.execchain.ProtocolExec.execute(ProtocolExec.java:185) ~[httpclient-4.5.3.jar:4.5.3]
	at org.apache.http.impl.execchain.RetryExec.execute(RetryExec.java:89) ~[httpclient-4.5.3.jar:4.5.3]
	at org.apache.http.impl.execchain.RedirectExec.execute(RedirectExec.java:111) ~[httpclient-4.5.3.jar:4.5.3]
	at org.apache.http.impl.client.InternalHttpClient.doExecute(InternalHttpClient.java:185) ~[httpclient-4.5.3.jar:4.5.3]
	at org.apache.http.impl.client.CloseableHttpClient.execute(CloseableHttpClient.java:72) ~[httpclient-4.5.3.jar:4.5.3]
	at org.glassfish.jersey.apache.connector.ApacheConnector.apply(ApacheConnector.java:487) ~[jersey-apache-connector-3.0.5.jar:na]
	... 16 common frames omitted

2026-03-02T21:21:43.965+05:30 ERROR 23432 --- [SpringCloud_EurekaServer] [TaskBatchingWorker-target_localhost-4] [                                                 ] c.n.e.cluster.ReplicationTaskProcessor   : It seems to be a socket read timeout exception, it will retry later. if it continues to happen and some eureka node occupied all the cpu time, you should set property 'eureka.server.peer-node-read-timeout-ms' to a bigger value

jakarta.ws.rs.ProcessingException: java.net.SocketTimeoutException: Read timed out
	at org.glassfish.jersey.apache.connector.ApacheConnector.apply(ApacheConnector.java:535) ~[jersey-apache-connector-3.0.5.jar:na]
	at org.glassfish.jersey.client.ClientRuntime.invoke(ClientRuntime.java:300) ~[jersey-client-4.0.0.jar:na]
	at org.glassfish.jersey.client.JerseyInvocation.lambda$invoke$0(JerseyInvocation.java:671) ~[jersey-client-4.0.0.jar:na]
	at org.glassfish.jersey.client.JerseyInvocation.call(JerseyInvocation.java:706) ~[jersey-client-4.0.0.jar:na]
	at org.glassfish.jersey.client.JerseyInvocation.lambda$runInScope$3(JerseyInvocation.java:700) ~[jersey-client-4.0.0.jar:na]
	at org.glassfish.jersey.internal.Errors.process(Errors.java:292) ~[jersey-common-4.0.0.jar:na]
	at org.glassfish.jersey.internal.Errors.process(Errors.java:274) ~[jersey-common-4.0.0.jar:na]
	at org.glassfish.jersey.internal.Errors.process(Errors.java:205) ~[jersey-common-4.0.0.jar:na]
	at org.glassfish.jersey.process.internal.RequestScope.runInScope(RequestScope.java:391) ~[jersey-common-4.0.0.jar:na]
	at org.glassfish.jersey.client.JerseyInvocation.runInScope(JerseyInvocation.java:700) ~[jersey-client-4.0.0.jar:na]
	at org.glassfish.jersey.client.JerseyInvocation.invoke(JerseyInvocation.java:670) ~[jersey-client-4.0.0.jar:na]
	at org.glassfish.jersey.client.JerseyInvocation$Builder.method(JerseyInvocation.java:436) ~[jersey-client-4.0.0.jar:na]
	at org.glassfish.jersey.client.JerseyInvocation$Builder.post(JerseyInvocation.java:342) ~[jersey-client-4.0.0.jar:na]
	at com.netflix.eureka.transport.Jersey3ReplicationClient.submitBatchUpdates(Jersey3ReplicationClient.java:116) ~[eureka-core-jersey3-2.0.5.jar:2.0.5]
	at com.netflix.eureka.cluster.ReplicationTaskProcessor.process(ReplicationTaskProcessor.java:80) ~[eureka-core-2.0.5.jar:2.0.5]
	at com.netflix.eureka.util.batcher.TaskExecutors$BatchWorkerRunnable.run(TaskExecutors.java:178) ~[eureka-core-2.0.5.jar:2.0.5]
	at java.base/java.lang.Thread.run(Thread.java:1583) ~[na:na]
Caused by: java.net.SocketTimeoutException: Read timed out
	at java.base/sun.nio.ch.NioSocketImpl.timedRead(NioSocketImpl.java:278) ~[na:na]
	at java.base/sun.nio.ch.NioSocketImpl.implRead(NioSocketImpl.java:304) ~[na:na]
	at java.base/sun.nio.ch.NioSocketImpl.read(NioSocketImpl.java:346) ~[na:na]
	at java.base/sun.nio.ch.NioSocketImpl$1.read(NioSocketImpl.java:796) ~[na:na]
	at java.base/java.net.Socket$SocketInputStream.read(Socket.java:1099) ~[na:na]
	at org.apache.http.impl.io.SessionInputBufferImpl.streamRead(SessionInputBufferImpl.java:137) ~[httpcore-4.4.16.jar:4.4.16]
	at org.apache.http.impl.io.SessionInputBufferImpl.fillBuffer(SessionInputBufferImpl.java:153) ~[httpcore-4.4.16.jar:4.4.16]
	at org.apache.http.impl.io.SessionInputBufferImpl.readLine(SessionInputBufferImpl.java:280) ~[httpcore-4.4.16.jar:4.4.16]
	at org.apache.http.impl.conn.DefaultHttpResponseParser.parseHead(DefaultHttpResponseParser.java:138) ~[httpclient-4.5.3.jar:4.5.3]
	at org.apache.http.impl.conn.DefaultHttpResponseParser.parseHead(DefaultHttpResponseParser.java:56) ~[httpclient-4.5.3.jar:4.5.3]
	at org.apache.http.impl.io.AbstractMessageParser.parse(AbstractMessageParser.java:259) ~[httpcore-4.4.16.jar:4.4.16]
	at org.apache.http.impl.DefaultBHttpClientConnection.receiveResponseHeader(DefaultBHttpClientConnection.java:163) ~[httpcore-4.4.16.jar:4.4.16]
	at org.apache.http.impl.conn.CPoolProxy.receiveResponseHeader(CPoolProxy.java:165) ~[httpclient-4.5.3.jar:4.5.3]
	at org.apache.http.protocol.HttpRequestExecutor.doReceiveResponse(HttpRequestExecutor.java:273) ~[httpcore-4.4.16.jar:4.4.16]
	at org.apache.http.protocol.HttpRequestExecutor.execute(HttpRequestExecutor.java:125) ~[httpcore-4.4.16.jar:4.4.16]
	at org.apache.http.impl.execchain.MainClientExec.execute(MainClientExec.java:272) ~[httpclient-4.5.3.jar:4.5.3]
	at org.apache.http.impl.execchain.ProtocolExec.execute(ProtocolExec.java:185) ~[httpclient-4.5.3.jar:4.5.3]
	at org.apache.http.impl.execchain.RetryExec.execute(RetryExec.java:89) ~[httpclient-4.5.3.jar:4.5.3]
	at org.apache.http.impl.execchain.RedirectExec.execute(RedirectExec.java:111) ~[httpclient-4.5.3.jar:4.5.3]
	at org.apache.http.impl.client.InternalHttpClient.doExecute(InternalHttpClient.java:185) ~[httpclient-4.5.3.jar:4.5.3]
	at org.apache.http.impl.client.CloseableHttpClient.execute(CloseableHttpClient.java:72) ~[httpclient-4.5.3.jar:4.5.3]
	at org.glassfish.jersey.apache.connector.ApacheConnector.apply(ApacheConnector.java:487) ~[jersey-apache-connector-3.0.5.jar:na]
	... 16 common frames omitted

2026-03-02T21:21:45.462+05:30 ERROR 23432 --- [SpringCloud_EurekaServer] [TaskBatchingWorker-target_localhost-11] [                                                 ] c.n.e.cluster.ReplicationTaskProcessor   : Network level connection to peer localhost; retrying after delay

jakarta.ws.rs.ProcessingException: org.apache.http.conn.ConnectTimeoutException: Connect to localhost:8761 [localhost/127.0.0.1, localhost/0:0:0:0:0:0:0:1] timed out
	at org.glassfish.jersey.apache.connector.ApacheConnector.apply(ApacheConnector.java:535) ~[jersey-apache-connector-3.0.5.jar:na]
	at org.glassfish.jersey.client.ClientRuntime.invoke(ClientRuntime.java:300) ~[jersey-client-4.0.0.jar:na]
	at org.glassfish.jersey.client.JerseyInvocation.lambda$invoke$0(JerseyInvocation.java:671) ~[jersey-client-4.0.0.jar:na]
	at org.glassfish.jersey.client.JerseyInvocation.call(JerseyInvocation.java:706) ~[jersey-client-4.0.0.jar:na]
	at org.glassfish.jersey.client.JerseyInvocation.lambda$runInScope$3(JerseyInvocation.java:700) ~[jersey-client-4.0.0.jar:na]
	at org.glassfish.jersey.internal.Errors.process(Errors.java:292) ~[jersey-common-4.0.0.jar:na]
	at org.glassfish.jersey.internal.Errors.process(Errors.java:274) ~[jersey-common-4.0.0.jar:na]
	at org.glassfish.jersey.internal.Errors.process(Errors.java:205) ~[jersey-common-4.0.0.jar:na]
	at org.glassfish.jersey.process.internal.RequestScope.runInScope(RequestScope.java:391) ~[jersey-common-4.0.0.jar:na]
	at org.glassfish.jersey.client.JerseyInvocation.runInScope(JerseyInvocation.java:700) ~[jersey-client-4.0.0.jar:na]
	at org.glassfish.jersey.client.JerseyInvocation.invoke(JerseyInvocation.java:670) ~[jersey-client-4.0.0.jar:na]
	at org.glassfish.jersey.client.JerseyInvocation$Builder.method(JerseyInvocation.java:436) ~[jersey-client-4.0.0.jar:na]
	at org.glassfish.jersey.client.JerseyInvocation$Builder.post(JerseyInvocation.java:342) ~[jersey-client-4.0.0.jar:na]
	at com.netflix.eureka.transport.Jersey3ReplicationClient.submitBatchUpdates(Jersey3ReplicationClient.java:116) ~[eureka-core-jersey3-2.0.5.jar:2.0.5]
	at com.netflix.eureka.cluster.ReplicationTaskProcessor.process(ReplicationTaskProcessor.java:80) ~[eureka-core-2.0.5.jar:2.0.5]
	at com.netflix.eureka.util.batcher.TaskExecutors$BatchWorkerRunnable.run(TaskExecutors.java:178) ~[eureka-core-2.0.5.jar:2.0.5]
	at java.base/java.lang.Thread.run(Thread.java:1583) ~[na:na]
Caused by: org.apache.http.conn.ConnectTimeoutException: Connect to localhost:8761 [localhost/127.0.0.1, localhost/0:0:0:0:0:0:0:1] timed out
	at org.apache.http.impl.conn.DefaultHttpClientConnectionOperator.connect(DefaultHttpClientConnectionOperator.java:151) ~[httpclient-4.5.3.jar:4.5.3]
	at org.apache.http.impl.conn.PoolingHttpClientConnectionManager.connect(PoolingHttpClientConnectionManager.java:359) ~[httpclient-4.5.3.jar:4.5.3]
	at org.apache.http.impl.execchain.MainClientExec.establishRoute(MainClientExec.java:381) ~[httpclient-4.5.3.jar:4.5.3]
	at org.apache.http.impl.execchain.MainClientExec.execute(MainClientExec.java:237) ~[httpclient-4.5.3.jar:4.5.3]
	at org.apache.http.impl.execchain.ProtocolExec.execute(ProtocolExec.java:185) ~[httpclient-4.5.3.jar:4.5.3]
	at org.apache.http.impl.execchain.RetryExec.execute(RetryExec.java:89) ~[httpclient-4.5.3.jar:4.5.3]
	at org.apache.http.impl.execchain.RedirectExec.execute(RedirectExec.java:111) ~[httpclient-4.5.3.jar:4.5.3]
	at org.apache.http.impl.client.InternalHttpClient.doExecute(InternalHttpClient.java:185) ~[httpclient-4.5.3.jar:4.5.3]
	at org.apache.http.impl.client.CloseableHttpClient.execute(CloseableHttpClient.java:72) ~[httpclient-4.5.3.jar:4.5.3]
	at org.glassfish.jersey.apache.connector.ApacheConnector.apply(ApacheConnector.java:487) ~[jersey-apache-connector-3.0.5.jar:na]
	... 16 common frames omitted
Caused by: java.net.SocketTimeoutException
	at java.base/java.net.SocksSocketImpl.remainingMillis(SocksSocketImpl.java:110) ~[na:na]
	at java.base/java.net.SocksSocketImpl.connect(SocksSocketImpl.java:327) ~[na:na]
	at java.base/java.net.Socket.connect(Socket.java:751) ~[na:na]
	at org.apache.http.conn.socket.PlainConnectionSocketFactory.connectSocket(PlainConnectionSocketFactory.java:75) ~[httpclient-4.5.3.jar:4.5.3]
	at org.apache.http.impl.conn.DefaultHttpClientConnectionOperator.connect(DefaultHttpClientConnectionOperator.java:142) ~[httpclient-4.5.3.jar:4.5.3]
	... 25 common frames omitted

2026-03-02T21:22:35.081+05:30  INFO 23432 --- [SpringCloud_EurekaServer] [Eureka-EvictionTimer] [                                                 ] c.n.e.registry.AbstractInstanceRegistry  : Running the evict task with compensationTime 2ms
2026-03-02T21:23:35.082+05:30  INFO 23432 --- [SpringCloud_EurekaServer] [Eureka-EvictionTimer] [                                                 ] c.n.e.registry.AbstractInstanceRegistry  : Running the evict task with compensationTime 4ms
2026-03-02T21:24:35.284+05:30  INFO 23432 --- [SpringCloud_EurekaServer] [Eureka-EvictionTimer] [                                                 ] c.n.e.registry.AbstractInstanceRegistry  : Running the evict task with compensationTime 0ms
2026-03-02T21:25:35.106+05:30  INFO 23432 --- [SpringCloud_EurekaServer] [Eureka-EvictionTimer] [                                                 ] c.n.e.registry.AbstractInstanceRegistry  : Running the evict task with compensationTime 17ms
2026-03-02T21:26:35.125+05:30  INFO 23432 --- [SpringCloud_EurekaServer] [Eureka-EvictionTimer] [                                                 ] c.n.e.registry.AbstractInstanceRegistry  : Running the evict task with compensationTime 21ms
2026-03-02T21:26:42.102+05:30  INFO 23432 --- [SpringCloud_EurekaServer] [http-nio-8761-exec-10] [69a5b33a2f45b804810ec16253e7883c-810ec16253e7883c] c.n.e.registry.AbstractInstanceRegistry  : Registered instance CARTORDERSERVICE/DESKTOP-ECRRR37.mshome.net:CartOrderService:8083 with status DOWN (replication=false)
2026-03-02T21:26:42.397+05:30  INFO 23432 --- [SpringCloud_EurekaServer] [http-nio-8761-exec-5] [69a5b33a7ea63d7381206cf832b38d4e-81206cf832b38d4e] c.n.e.registry.AbstractInstanceRegistry  : Registered instance CARTORDERSERVICE/DESKTOP-ECRRR37.mshome.net:CartOrderService:8083 with status DOWN (replication=true)
2026-03-02T21:27:28.171+05:30  INFO 23432 --- [SpringCloud_EurekaServer] [http-nio-8761-exec-5] [69a5b3687a941520fbeab2a6a9e0ded3-fbeab2a6a9e0ded3] c.n.e.registry.AbstractInstanceRegistry  : Registered instance CARTORDERSERVICE/DESKTOP-ECRRR37.mshome.net:CartOrderService:8083 with status UP (replication=false)
2026-03-02T21:27:28.265+05:30  INFO 23432 --- [SpringCloud_EurekaServer] [http-nio-8761-exec-6] [69a5b3684db3fffcd0f2af5b6fa909df-d0f2af5b6fa909df] c.n.e.registry.AbstractInstanceRegistry  : Registered instance CARTORDERSERVICE/DESKTOP-ECRRR37.mshome.net:CartOrderService:8083 with status DOWN (replication=false)
2026-03-02T21:27:29.009+05:30  INFO 23432 --- [SpringCloud_EurekaServer] [http-nio-8761-exec-7] [69a5b368892794f3a624e5308da9015d-a624e5308da9015d] c.n.e.registry.AbstractInstanceRegistry  : Registered instance CARTORDERSERVICE/DESKTOP-ECRRR37.mshome.net:CartOrderService:8083 with status DOWN (replication=true)
2026-03-02T21:27:35.375+05:30  INFO 23432 --- [SpringCloud_EurekaServer] [Eureka-EvictionTimer] [                                                 ] c.n.e.registry.AbstractInstanceRegistry  : Running the evict task with compensationTime 253ms
2026-03-02T21:28:20.035+05:30  INFO 23432 --- [SpringCloud_EurekaServer] [http-nio-8761-exec-8] [69a5b39b2d9eeb7f7414141f56655c08-7414141f56655c08] c.n.e.registry.AbstractInstanceRegistry  : Registered instance CARTORDERSERVICE/DESKTOP-ECRRR37.mshome.net:CartOrderService:8083 with status UP (replication=false)
2026-03-02T21:28:20.599+05:30  INFO 23432 --- [SpringCloud_EurekaServer] [http-nio-8761-exec-2] [69a5b39ce363fe5f4995fb3bcbca6074-4995fb3bcbca6074] c.n.e.registry.AbstractInstanceRegistry  : Registered instance CARTORDERSERVICE/DESKTOP-ECRRR37.mshome.net:CartOrderService:8083 with status UP (replication=true)
2026-03-02T21:28:35.457+05:30  INFO 23432 --- [SpringCloud_EurekaServer] [Eureka-EvictionTimer] [                                                 ] c.n.e.registry.AbstractInstanceRegistry  : Running the evict task with compensationTime 81ms
2026-03-02T21:28:43.615+05:30 ERROR 23432 --- [SpringCloud_EurekaServer] [TaskBatchingWorker-target_localhost-13] [                                                 ] c.n.e.cluster.ReplicationTaskProcessor   : It seems to be a socket read timeout exception, it will retry later. if it continues to happen and some eureka node occupied all the cpu time, you should set property 'eureka.server.peer-node-read-timeout-ms' to a bigger value

jakarta.ws.rs.ProcessingException: java.net.SocketTimeoutException: Read timed out
	at org.glassfish.jersey.apache.connector.ApacheConnector.apply(ApacheConnector.java:535) ~[jersey-apache-connector-3.0.5.jar:na]
	at org.glassfish.jersey.client.ClientRuntime.invoke(ClientRuntime.java:300) ~[jersey-client-4.0.0.jar:na]
	at org.glassfish.jersey.client.JerseyInvocation.lambda$invoke$0(JerseyInvocation.java:671) ~[jersey-client-4.0.0.jar:na]
	at org.glassfish.jersey.client.JerseyInvocation.call(JerseyInvocation.java:706) ~[jersey-client-4.0.0.jar:na]
	at org.glassfish.jersey.client.JerseyInvocation.lambda$runInScope$3(JerseyInvocation.java:700) ~[jersey-client-4.0.0.jar:na]
	at org.glassfish.jersey.internal.Errors.process(Errors.java:292) ~[jersey-common-4.0.0.jar:na]
	at org.glassfish.jersey.internal.Errors.process(Errors.java:274) ~[jersey-common-4.0.0.jar:na]
	at org.glassfish.jersey.internal.Errors.process(Errors.java:205) ~[jersey-common-4.0.0.jar:na]
	at org.glassfish.jersey.process.internal.RequestScope.runInScope(RequestScope.java:391) ~[jersey-common-4.0.0.jar:na]
	at org.glassfish.jersey.client.JerseyInvocation.runInScope(JerseyInvocation.java:700) ~[jersey-client-4.0.0.jar:na]
	at org.glassfish.jersey.client.JerseyInvocation.invoke(JerseyInvocation.java:670) ~[jersey-client-4.0.0.jar:na]
	at org.glassfish.jersey.client.JerseyInvocation$Builder.method(JerseyInvocation.java:436) ~[jersey-client-4.0.0.jar:na]
	at org.glassfish.jersey.client.JerseyInvocation$Builder.post(JerseyInvocation.java:342) ~[jersey-client-4.0.0.jar:na]
	at com.netflix.eureka.transport.Jersey3ReplicationClient.submitBatchUpdates(Jersey3ReplicationClient.java:116) ~[eureka-core-jersey3-2.0.5.jar:2.0.5]
	at com.netflix.eureka.cluster.ReplicationTaskProcessor.process(ReplicationTaskProcessor.java:80) ~[eureka-core-2.0.5.jar:2.0.5]
	at com.netflix.eureka.util.batcher.TaskExecutors$BatchWorkerRunnable.run(TaskExecutors.java:178) ~[eureka-core-2.0.5.jar:2.0.5]
	at java.base/java.lang.Thread.run(Thread.java:1583) ~[na:na]
Caused by: java.net.SocketTimeoutException: Read timed out
	at java.base/sun.nio.ch.NioSocketImpl.timedRead(NioSocketImpl.java:278) ~[na:na]
	at java.base/sun.nio.ch.NioSocketImpl.implRead(NioSocketImpl.java:304) ~[na:na]
	at java.base/sun.nio.ch.NioSocketImpl.read(NioSocketImpl.java:346) ~[na:na]
	at java.base/sun.nio.ch.NioSocketImpl$1.read(NioSocketImpl.java:796) ~[na:na]
	at java.base/java.net.Socket$SocketInputStream.read(Socket.java:1099) ~[na:na]
	at org.apache.http.impl.io.SessionInputBufferImpl.streamRead(SessionInputBufferImpl.java:137) ~[httpcore-4.4.16.jar:4.4.16]
	at org.apache.http.impl.io.SessionInputBufferImpl.fillBuffer(SessionInputBufferImpl.java:153) ~[httpcore-4.4.16.jar:4.4.16]
	at org.apache.http.impl.io.SessionInputBufferImpl.readLine(SessionInputBufferImpl.java:280) ~[httpcore-4.4.16.jar:4.4.16]
	at org.apache.http.impl.conn.DefaultHttpResponseParser.parseHead(DefaultHttpResponseParser.java:138) ~[httpclient-4.5.3.jar:4.5.3]
	at org.apache.http.impl.conn.DefaultHttpResponseParser.parseHead(DefaultHttpResponseParser.java:56) ~[httpclient-4.5.3.jar:4.5.3]
	at org.apache.http.impl.io.AbstractMessageParser.parse(AbstractMessageParser.java:259) ~[httpcore-4.4.16.jar:4.4.16]
	at org.apache.http.impl.DefaultBHttpClientConnection.receiveResponseHeader(DefaultBHttpClientConnection.java:163) ~[httpcore-4.4.16.jar:4.4.16]
	at org.apache.http.impl.conn.CPoolProxy.receiveResponseHeader(CPoolProxy.java:165) ~[httpclient-4.5.3.jar:4.5.3]
	at org.apache.http.protocol.HttpRequestExecutor.doReceiveResponse(HttpRequestExecutor.java:273) ~[httpcore-4.4.16.jar:4.4.16]
	at org.apache.http.protocol.HttpRequestExecutor.execute(HttpRequestExecutor.java:125) ~[httpcore-4.4.16.jar:4.4.16]
	at org.apache.http.impl.execchain.MainClientExec.execute(MainClientExec.java:272) ~[httpclient-4.5.3.jar:4.5.3]
	at org.apache.http.impl.execchain.ProtocolExec.execute(ProtocolExec.java:185) ~[httpclient-4.5.3.jar:4.5.3]
	at org.apache.http.impl.execchain.RetryExec.execute(RetryExec.java:89) ~[httpclient-4.5.3.jar:4.5.3]
	at org.apache.http.impl.execchain.RedirectExec.execute(RedirectExec.java:111) ~[httpclient-4.5.3.jar:4.5.3]
	at org.apache.http.impl.client.InternalHttpClient.doExecute(InternalHttpClient.java:185) ~[httpclient-4.5.3.jar:4.5.3]
	at org.apache.http.impl.client.CloseableHttpClient.execute(CloseableHttpClient.java:72) ~[httpclient-4.5.3.jar:4.5.3]
	at org.glassfish.jersey.apache.connector.ApacheConnector.apply(ApacheConnector.java:487) ~[jersey-apache-connector-3.0.5.jar:na]
	... 16 common frames omitted

2026-03-02T21:29:30.190+05:30  INFO 23432 --- [SpringCloud_EurekaServer] [ReplicaAwareInstanceRegistry - RenewalThresholdUpdater] [                                                 ] c.n.e.r.PeerAwareInstanceRegistryImpl    : Current renewal threshold is : 11
2026-03-02T21:29:35.441+05:30  INFO 23432 --- [SpringCloud_EurekaServer] [Eureka-EvictionTimer] [                                                 ] c.n.e.registry.AbstractInstanceRegistry  : Running the evict task with compensationTime 0ms
2026-03-02T21:29:44.674+05:30 ERROR 23432 --- [SpringCloud_EurekaServer] [TaskBatchingWorker-target_localhost-17] [                                                 ] c.n.e.cluster.ReplicationTaskProcessor   : It seems to be a socket read timeout exception, it will retry later. if it continues to happen and some eureka node occupied all the cpu time, you should set property 'eureka.server.peer-node-read-timeout-ms' to a bigger value

jakarta.ws.rs.ProcessingException: java.net.SocketTimeoutException: Read timed out
	at org.glassfish.jersey.apache.connector.ApacheConnector.apply(ApacheConnector.java:535) ~[jersey-apache-connector-3.0.5.jar:na]
	at org.glassfish.jersey.client.ClientRuntime.invoke(ClientRuntime.java:300) ~[jersey-client-4.0.0.jar:na]
	at org.glassfish.jersey.client.JerseyInvocation.lambda$invoke$0(JerseyInvocation.java:671) ~[jersey-client-4.0.0.jar:na]
	at org.glassfish.jersey.client.JerseyInvocation.call(JerseyInvocation.java:706) ~[jersey-client-4.0.0.jar:na]
	at org.glassfish.jersey.client.JerseyInvocation.lambda$runInScope$3(JerseyInvocation.java:700) ~[jersey-client-4.0.0.jar:na]
	at org.glassfish.jersey.internal.Errors.process(Errors.java:292) ~[jersey-common-4.0.0.jar:na]
	at org.glassfish.jersey.internal.Errors.process(Errors.java:274) ~[jersey-common-4.0.0.jar:na]
	at org.glassfish.jersey.internal.Errors.process(Errors.java:205) ~[jersey-common-4.0.0.jar:na]
	at org.glassfish.jersey.process.internal.RequestScope.runInScope(RequestScope.java:391) ~[jersey-common-4.0.0.jar:na]
	at org.glassfish.jersey.client.JerseyInvocation.runInScope(JerseyInvocation.java:700) ~[jersey-client-4.0.0.jar:na]
	at org.glassfish.jersey.client.JerseyInvocation.invoke(JerseyInvocation.java:670) ~[jersey-client-4.0.0.jar:na]
	at org.glassfish.jersey.client.JerseyInvocation$Builder.method(JerseyInvocation.java:436) ~[jersey-client-4.0.0.jar:na]
	at org.glassfish.jersey.client.JerseyInvocation$Builder.post(JerseyInvocation.java:342) ~[jersey-client-4.0.0.jar:na]
	at com.netflix.eureka.transport.Jersey3ReplicationClient.submitBatchUpdates(Jersey3ReplicationClient.java:116) ~[eureka-core-jersey3-2.0.5.jar:2.0.5]
	at com.netflix.eureka.cluster.ReplicationTaskProcessor.process(ReplicationTaskProcessor.java:80) ~[eureka-core-2.0.5.jar:2.0.5]
	at com.netflix.eureka.util.batcher.TaskExecutors$BatchWorkerRunnable.run(TaskExecutors.java:178) ~[eureka-core-2.0.5.jar:2.0.5]
	at java.base/java.lang.Thread.run(Thread.java:1583) ~[na:na]
Caused by: java.net.SocketTimeoutException: Read timed out
	at java.base/sun.nio.ch.NioSocketImpl.timedRead(NioSocketImpl.java:278) ~[na:na]
	at java.base/sun.nio.ch.NioSocketImpl.implRead(NioSocketImpl.java:304) ~[na:na]
	at java.base/sun.nio.ch.NioSocketImpl.read(NioSocketImpl.java:346) ~[na:na]
	at java.base/sun.nio.ch.NioSocketImpl$1.read(NioSocketImpl.java:796) ~[na:na]
	at java.base/java.net.Socket$SocketInputStream.read(Socket.java:1099) ~[na:na]
	at org.apache.http.impl.io.SessionInputBufferImpl.streamRead(SessionInputBufferImpl.java:137) ~[httpcore-4.4.16.jar:4.4.16]
	at org.apache.http.impl.io.SessionInputBufferImpl.fillBuffer(SessionInputBufferImpl.java:153) ~[httpcore-4.4.16.jar:4.4.16]
	at org.apache.http.impl.io.SessionInputBufferImpl.readLine(SessionInputBufferImpl.java:280) ~[httpcore-4.4.16.jar:4.4.16]
	at org.apache.http.impl.conn.DefaultHttpResponseParser.parseHead(DefaultHttpResponseParser.java:138) ~[httpclient-4.5.3.jar:4.5.3]
	at org.apache.http.impl.conn.DefaultHttpResponseParser.parseHead(DefaultHttpResponseParser.java:56) ~[httpclient-4.5.3.jar:4.5.3]
	at org.apache.http.impl.io.AbstractMessageParser.parse(AbstractMessageParser.java:259) ~[httpcore-4.4.16.jar:4.4.16]
	at org.apache.http.impl.DefaultBHttpClientConnection.receiveResponseHeader(DefaultBHttpClientConnection.java:163) ~[httpcore-4.4.16.jar:4.4.16]
	at org.apache.http.impl.conn.CPoolProxy.receiveResponseHeader(CPoolProxy.java:165) ~[httpclient-4.5.3.jar:4.5.3]
	at org.apache.http.protocol.HttpRequestExecutor.doReceiveResponse(HttpRequestExecutor.java:273) ~[httpcore-4.4.16.jar:4.4.16]
	at org.apache.http.protocol.HttpRequestExecutor.execute(HttpRequestExecutor.java:125) ~[httpcore-4.4.16.jar:4.4.16]
	at org.apache.http.impl.execchain.MainClientExec.execute(MainClientExec.java:272) ~[httpclient-4.5.3.jar:4.5.3]
	at org.apache.http.impl.execchain.ProtocolExec.execute(ProtocolExec.java:185) ~[httpclient-4.5.3.jar:4.5.3]
	at org.apache.http.impl.execchain.RetryExec.execute(RetryExec.java:89) ~[httpclient-4.5.3.jar:4.5.3]
	at org.apache.http.impl.execchain.RedirectExec.execute(RedirectExec.java:111) ~[httpclient-4.5.3.jar:4.5.3]
	at org.apache.http.impl.client.InternalHttpClient.doExecute(InternalHttpClient.java:185) ~[httpclient-4.5.3.jar:4.5.3]
	at org.apache.http.impl.client.CloseableHttpClient.execute(CloseableHttpClient.java:72) ~[httpclient-4.5.3.jar:4.5.3]
	at org.glassfish.jersey.apache.connector.ApacheConnector.apply(ApacheConnector.java:487) ~[jersey-apache-connector-3.0.5.jar:na]
	... 16 common frames omitted

2026-03-02T21:29:44.074+05:30 ERROR 23432 --- [SpringCloud_EurekaServer] [TaskBatchingWorker-target_localhost-0] [                                                 ] c.n.e.cluster.ReplicationTaskProcessor   : It seems to be a socket read timeout exception, it will retry later. if it continues to happen and some eureka node occupied all the cpu time, you should set property 'eureka.server.peer-node-read-timeout-ms' to a bigger value

jakarta.ws.rs.ProcessingException: java.net.SocketTimeoutException: Read timed out
	at org.glassfish.jersey.apache.connector.ApacheConnector.apply(ApacheConnector.java:535) ~[jersey-apache-connector-3.0.5.jar:na]
	at org.glassfish.jersey.client.ClientRuntime.invoke(ClientRuntime.java:300) ~[jersey-client-4.0.0.jar:na]
	at org.glassfish.jersey.client.JerseyInvocation.lambda$invoke$0(JerseyInvocation.java:671) ~[jersey-client-4.0.0.jar:na]
	at org.glassfish.jersey.client.JerseyInvocation.call(JerseyInvocation.java:706) ~[jersey-client-4.0.0.jar:na]
	at org.glassfish.jersey.client.JerseyInvocation.lambda$runInScope$3(JerseyInvocation.java:700) ~[jersey-client-4.0.0.jar:na]
	at org.glassfish.jersey.internal.Errors.process(Errors.java:292) ~[jersey-common-4.0.0.jar:na]
	at org.glassfish.jersey.internal.Errors.process(Errors.java:274) ~[jersey-common-4.0.0.jar:na]
	at org.glassfish.jersey.internal.Errors.process(Errors.java:205) ~[jersey-common-4.0.0.jar:na]
	at org.glassfish.jersey.process.internal.RequestScope.runInScope(RequestScope.java:391) ~[jersey-common-4.0.0.jar:na]
	at org.glassfish.jersey.client.JerseyInvocation.runInScope(JerseyInvocation.java:700) ~[jersey-client-4.0.0.jar:na]
	at org.glassfish.jersey.client.JerseyInvocation.invoke(JerseyInvocation.java:670) ~[jersey-client-4.0.0.jar:na]
	at org.glassfish.jersey.client.JerseyInvocation$Builder.method(JerseyInvocation.java:436) ~[jersey-client-4.0.0.jar:na]
	at org.glassfish.jersey.client.JerseyInvocation$Builder.post(JerseyInvocation.java:342) ~[jersey-client-4.0.0.jar:na]
	at com.netflix.eureka.transport.Jersey3ReplicationClient.submitBatchUpdates(Jersey3ReplicationClient.java:116) ~[eureka-core-jersey3-2.0.5.jar:2.0.5]
	at com.netflix.eureka.cluster.ReplicationTaskProcessor.process(ReplicationTaskProcessor.java:80) ~[eureka-core-2.0.5.jar:2.0.5]
	at com.netflix.eureka.util.batcher.TaskExecutors$BatchWorkerRunnable.run(TaskExecutors.java:178) ~[eureka-core-2.0.5.jar:2.0.5]
	at java.base/java.lang.Thread.run(Thread.java:1583) ~[na:na]
Caused by: java.net.SocketTimeoutException: Read timed out
	at java.base/sun.nio.ch.NioSocketImpl.timedRead(NioSocketImpl.java:278) ~[na:na]
	at java.base/sun.nio.ch.NioSocketImpl.implRead(NioSocketImpl.java:304) ~[na:na]
	at java.base/sun.nio.ch.NioSocketImpl.read(NioSocketImpl.java:346) ~[na:na]
	at java.base/sun.nio.ch.NioSocketImpl$1.read(NioSocketImpl.java:796) ~[na:na]
	at java.base/java.net.Socket$SocketInputStream.read(Socket.java:1099) ~[na:na]
	at org.apache.http.impl.io.SessionInputBufferImpl.streamRead(SessionInputBufferImpl.java:137) ~[httpcore-4.4.16.jar:4.4.16]
	at org.apache.http.impl.io.SessionInputBufferImpl.fillBuffer(SessionInputBufferImpl.java:153) ~[httpcore-4.4.16.jar:4.4.16]
	at org.apache.http.impl.io.SessionInputBufferImpl.readLine(SessionInputBufferImpl.java:280) ~[httpcore-4.4.16.jar:4.4.16]
	at org.apache.http.impl.conn.DefaultHttpResponseParser.parseHead(DefaultHttpResponseParser.java:138) ~[httpclient-4.5.3.jar:4.5.3]
	at org.apache.http.impl.conn.DefaultHttpResponseParser.parseHead(DefaultHttpResponseParser.java:56) ~[httpclient-4.5.3.jar:4.5.3]
	at org.apache.http.impl.io.AbstractMessageParser.parse(AbstractMessageParser.java:259) ~[httpcore-4.4.16.jar:4.4.16]
	at org.apache.http.impl.DefaultBHttpClientConnection.receiveResponseHeader(DefaultBHttpClientConnection.java:163) ~[httpcore-4.4.16.jar:4.4.16]
	at org.apache.http.impl.conn.CPoolProxy.receiveResponseHeader(CPoolProxy.java:165) ~[httpclient-4.5.3.jar:4.5.3]
	at org.apache.http.protocol.HttpRequestExecutor.doReceiveResponse(HttpRequestExecutor.java:273) ~[httpcore-4.4.16.jar:4.4.16]
	at org.apache.http.protocol.HttpRequestExecutor.execute(HttpRequestExecutor.java:125) ~[httpcore-4.4.16.jar:4.4.16]
	at org.apache.http.impl.execchain.MainClientExec.execute(MainClientExec.java:272) ~[httpclient-4.5.3.jar:4.5.3]
	at org.apache.http.impl.execchain.ProtocolExec.execute(ProtocolExec.java:185) ~[httpclient-4.5.3.jar:4.5.3]
	at org.apache.http.impl.execchain.RetryExec.execute(RetryExec.java:89) ~[httpclient-4.5.3.jar:4.5.3]
	at org.apache.http.impl.execchain.RedirectExec.execute(RedirectExec.java:111) ~[httpclient-4.5.3.jar:4.5.3]
	at org.apache.http.impl.client.InternalHttpClient.doExecute(InternalHttpClient.java:185) ~[httpclient-4.5.3.jar:4.5.3]
	at org.apache.http.impl.client.CloseableHttpClient.execute(CloseableHttpClient.java:72) ~[httpclient-4.5.3.jar:4.5.3]
	at org.glassfish.jersey.apache.connector.ApacheConnector.apply(ApacheConnector.java:487) ~[jersey-apache-connector-3.0.5.jar:na]
	... 16 common frames omitted

2026-03-02T21:30:35.376+05:30  INFO 23432 --- [SpringCloud_EurekaServer] [Eureka-EvictionTimer] [                                                 ] c.n.e.registry.AbstractInstanceRegistry  : Running the evict task with compensationTime 0ms
2026-03-02T21:31:25.686+05:30 ERROR 23432 --- [SpringCloud_EurekaServer] [TaskBatchingWorker-target_localhost-15] [                                                 ] c.n.e.cluster.ReplicationTaskProcessor   : It seems to be a socket read timeout exception, it will retry later. if it continues to happen and some eureka node occupied all the cpu time, you should set property 'eureka.server.peer-node-read-timeout-ms' to a bigger value

jakarta.ws.rs.ProcessingException: java.net.SocketTimeoutException: Read timed out
	at org.glassfish.jersey.apache.connector.ApacheConnector.apply(ApacheConnector.java:535) ~[jersey-apache-connector-3.0.5.jar:na]
	at org.glassfish.jersey.client.ClientRuntime.invoke(ClientRuntime.java:300) ~[jersey-client-4.0.0.jar:na]
	at org.glassfish.jersey.client.JerseyInvocation.lambda$invoke$0(JerseyInvocation.java:671) ~[jersey-client-4.0.0.jar:na]
	at org.glassfish.jersey.client.JerseyInvocation.call(JerseyInvocation.java:706) ~[jersey-client-4.0.0.jar:na]
	at org.glassfish.jersey.client.JerseyInvocation.lambda$runInScope$3(JerseyInvocation.java:700) ~[jersey-client-4.0.0.jar:na]
	at org.glassfish.jersey.internal.Errors.process(Errors.java:292) ~[jersey-common-4.0.0.jar:na]
	at org.glassfish.jersey.internal.Errors.process(Errors.java:274) ~[jersey-common-4.0.0.jar:na]
	at org.glassfish.jersey.internal.Errors.process(Errors.java:205) ~[jersey-common-4.0.0.jar:na]
	at org.glassfish.jersey.process.internal.RequestScope.runInScope(RequestScope.java:391) ~[jersey-common-4.0.0.jar:na]
	at org.glassfish.jersey.client.JerseyInvocation.runInScope(JerseyInvocation.java:700) ~[jersey-client-4.0.0.jar:na]
	at org.glassfish.jersey.client.JerseyInvocation.invoke(JerseyInvocation.java:670) ~[jersey-client-4.0.0.jar:na]
	at org.glassfish.jersey.client.JerseyInvocation$Builder.method(JerseyInvocation.java:436) ~[jersey-client-4.0.0.jar:na]
	at org.glassfish.jersey.client.JerseyInvocation$Builder.post(JerseyInvocation.java:342) ~[jersey-client-4.0.0.jar:na]
	at com.netflix.eureka.transport.Jersey3ReplicationClient.submitBatchUpdates(Jersey3ReplicationClient.java:116) ~[eureka-core-jersey3-2.0.5.jar:2.0.5]
	at com.netflix.eureka.cluster.ReplicationTaskProcessor.process(ReplicationTaskProcessor.java:80) ~[eureka-core-2.0.5.jar:2.0.5]
	at com.netflix.eureka.util.batcher.TaskExecutors$BatchWorkerRunnable.run(TaskExecutors.java:178) ~[eureka-core-2.0.5.jar:2.0.5]
	at java.base/java.lang.Thread.run(Thread.java:1583) ~[na:na]
Caused by: java.net.SocketTimeoutException: Read timed out
	at java.base/sun.nio.ch.NioSocketImpl.timedRead(NioSocketImpl.java:278) ~[na:na]
	at java.base/sun.nio.ch.NioSocketImpl.implRead(NioSocketImpl.java:304) ~[na:na]
	at java.base/sun.nio.ch.NioSocketImpl.read(NioSocketImpl.java:346) ~[na:na]
	at java.base/sun.nio.ch.NioSocketImpl$1.read(NioSocketImpl.java:796) ~[na:na]
	at java.base/java.net.Socket$SocketInputStream.read(Socket.java:1099) ~[na:na]
	at org.apache.http.impl.io.SessionInputBufferImpl.streamRead(SessionInputBufferImpl.java:137) ~[httpcore-4.4.16.jar:4.4.16]
	at org.apache.http.impl.io.SessionInputBufferImpl.fillBuffer(SessionInputBufferImpl.java:153) ~[httpcore-4.4.16.jar:4.4.16]
	at org.apache.http.impl.io.SessionInputBufferImpl.readLine(SessionInputBufferImpl.java:280) ~[httpcore-4.4.16.jar:4.4.16]
	at org.apache.http.impl.conn.DefaultHttpResponseParser.parseHead(DefaultHttpResponseParser.java:138) ~[httpclient-4.5.3.jar:4.5.3]
	at org.apache.http.impl.conn.DefaultHttpResponseParser.parseHead(DefaultHttpResponseParser.java:56) ~[httpclient-4.5.3.jar:4.5.3]
	at org.apache.http.impl.io.AbstractMessageParser.parse(AbstractMessageParser.java:259) ~[httpcore-4.4.16.jar:4.4.16]
	at org.apache.http.impl.DefaultBHttpClientConnection.receiveResponseHeader(DefaultBHttpClientConnection.java:163) ~[httpcore-4.4.16.jar:4.4.16]
	at org.apache.http.impl.conn.CPoolProxy.receiveResponseHeader(CPoolProxy.java:165) ~[httpclient-4.5.3.jar:4.5.3]
	at org.apache.http.protocol.HttpRequestExecutor.doReceiveResponse(HttpRequestExecutor.java:273) ~[httpcore-4.4.16.jar:4.4.16]
	at org.apache.http.protocol.HttpRequestExecutor.execute(HttpRequestExecutor.java:125) ~[httpcore-4.4.16.jar:4.4.16]
	at org.apache.http.impl.execchain.MainClientExec.execute(MainClientExec.java:272) ~[httpclient-4.5.3.jar:4.5.3]
	at org.apache.http.impl.execchain.ProtocolExec.execute(ProtocolExec.java:185) ~[httpclient-4.5.3.jar:4.5.3]
	at org.apache.http.impl.execchain.RetryExec.execute(RetryExec.java:89) ~[httpclient-4.5.3.jar:4.5.3]
	at org.apache.http.impl.execchain.RedirectExec.execute(RedirectExec.java:111) ~[httpclient-4.5.3.jar:4.5.3]
	at org.apache.http.impl.client.InternalHttpClient.doExecute(InternalHttpClient.java:185) ~[httpclient-4.5.3.jar:4.5.3]
	at org.apache.http.impl.client.CloseableHttpClient.execute(CloseableHttpClient.java:72) ~[httpclient-4.5.3.jar:4.5.3]
	at org.glassfish.jersey.apache.connector.ApacheConnector.apply(ApacheConnector.java:487) ~[jersey-apache-connector-3.0.5.jar:na]
	... 16 common frames omitted

2026-03-02T21:31:35.377+05:30  INFO 23432 --- [SpringCloud_EurekaServer] [Eureka-EvictionTimer] [                                                 ] c.n.e.registry.AbstractInstanceRegistry  : Running the evict task with compensationTime 0ms
2026-03-02T21:31:41.874+05:30  INFO 23432 --- [SpringCloud_EurekaServer] [http-nio-8761-exec-5] [69a5b465b28521c77f78a897b8ad5516-7f78a897b8ad5516] c.n.e.registry.AbstractInstanceRegistry  : Registered instance CARTORDERSERVICE/DESKTOP-ECRRR37.mshome.net:CartOrderService:8083 with status DOWN (replication=false)
2026-03-02T21:31:42.415+05:30  INFO 23432 --- [SpringCloud_EurekaServer] [http-nio-8761-exec-3] [69a5b46690226fe5af29dbf04e833282-af29dbf04e833282] c.n.e.registry.AbstractInstanceRegistry  : Registered instance CARTORDERSERVICE/DESKTOP-ECRRR37.mshome.net:CartOrderService:8083 with status DOWN (replication=true)
2026-03-02T21:32:35.377+05:30  INFO 23432 --- [SpringCloud_EurekaServer] [Eureka-EvictionTimer] [                                                 ] c.n.e.registry.AbstractInstanceRegistry  : Running the evict task with compensationTime 1ms
2026-03-02T21:32:51.504+05:30  INFO 23432 --- [SpringCloud_EurekaServer] [http-nio-8761-exec-2] [69a5b4ab26746d92bb6ff19a813c688e-bb6ff19a813c688e] c.n.e.registry.AbstractInstanceRegistry  : Registered instance CARTORDERSERVICE/DESKTOP-ECRRR37.mshome.net:CartOrderService:8083 with status UP (replication=false)
2026-03-02T21:32:52.022+05:30  INFO 23432 --- [SpringCloud_EurekaServer] [http-nio-8761-exec-10] [69a5b4ac3de1124802728c39f45bc09f-02728c39f45bc09f] c.n.e.registry.AbstractInstanceRegistry  : Registered instance CARTORDERSERVICE/DESKTOP-ECRRR37.mshome.net:CartOrderService:8083 with status UP (replication=true)
2026-03-02T21:33:35.378+05:30  INFO 23432 --- [SpringCloud_EurekaServer] [Eureka-EvictionTimer] [                                                 ] c.n.e.registry.AbstractInstanceRegistry  : Running the evict task with compensationTime 0ms
2026-03-02T21:34:35.378+05:30  INFO 23432 --- [SpringCloud_EurekaServer] [Eureka-EvictionTimer] [                                                 ] c.n.e.registry.AbstractInstanceRegistry  : Running the evict task with compensationTime 0ms
2026-03-02T21:35:22.255+05:30 ERROR 23432 --- [SpringCloud_EurekaServer] [TaskBatchingWorker-target_localhost-0] [                                                 ] c.n.e.cluster.ReplicationTaskProcessor   : It seems to be a socket read timeout exception, it will retry later. if it continues to happen and some eureka node occupied all the cpu time, you should set property 'eureka.server.peer-node-read-timeout-ms' to a bigger value

jakarta.ws.rs.ProcessingException: java.net.SocketTimeoutException: Read timed out
	at org.glassfish.jersey.apache.connector.ApacheConnector.apply(ApacheConnector.java:535) ~[jersey-apache-connector-3.0.5.jar:na]
	at org.glassfish.jersey.client.ClientRuntime.invoke(ClientRuntime.java:300) ~[jersey-client-4.0.0.jar:na]
	at org.glassfish.jersey.client.JerseyInvocation.lambda$invoke$0(JerseyInvocation.java:671) ~[jersey-client-4.0.0.jar:na]
	at org.glassfish.jersey.client.JerseyInvocation.call(JerseyInvocation.java:706) ~[jersey-client-4.0.0.jar:na]
	at org.glassfish.jersey.client.JerseyInvocation.lambda$runInScope$3(JerseyInvocation.java:700) ~[jersey-client-4.0.0.jar:na]
	at org.glassfish.jersey.internal.Errors.process(Errors.java:292) ~[jersey-common-4.0.0.jar:na]
	at org.glassfish.jersey.internal.Errors.process(Errors.java:274) ~[jersey-common-4.0.0.jar:na]
	at org.glassfish.jersey.internal.Errors.process(Errors.java:205) ~[jersey-common-4.0.0.jar:na]
	at org.glassfish.jersey.process.internal.RequestScope.runInScope(RequestScope.java:391) ~[jersey-common-4.0.0.jar:na]
	at org.glassfish.jersey.client.JerseyInvocation.runInScope(JerseyInvocation.java:700) ~[jersey-client-4.0.0.jar:na]
	at org.glassfish.jersey.client.JerseyInvocation.invoke(JerseyInvocation.java:670) ~[jersey-client-4.0.0.jar:na]
	at org.glassfish.jersey.client.JerseyInvocation$Builder.method(JerseyInvocation.java:436) ~[jersey-client-4.0.0.jar:na]
	at org.glassfish.jersey.client.JerseyInvocation$Builder.post(JerseyInvocation.java:342) ~[jersey-client-4.0.0.jar:na]
	at com.netflix.eureka.transport.Jersey3ReplicationClient.submitBatchUpdates(Jersey3ReplicationClient.java:116) ~[eureka-core-jersey3-2.0.5.jar:2.0.5]
	at com.netflix.eureka.cluster.ReplicationTaskProcessor.process(ReplicationTaskProcessor.java:80) ~[eureka-core-2.0.5.jar:2.0.5]
	at com.netflix.eureka.util.batcher.TaskExecutors$BatchWorkerRunnable.run(TaskExecutors.java:178) ~[eureka-core-2.0.5.jar:2.0.5]
	at java.base/java.lang.Thread.run(Thread.java:1583) ~[na:na]
Caused by: java.net.SocketTimeoutException: Read timed out
	at java.base/sun.nio.ch.NioSocketImpl.timedRead(NioSocketImpl.java:278) ~[na:na]
	at java.base/sun.nio.ch.NioSocketImpl.implRead(NioSocketImpl.java:304) ~[na:na]
	at java.base/sun.nio.ch.NioSocketImpl.read(NioSocketImpl.java:346) ~[na:na]
	at java.base/sun.nio.ch.NioSocketImpl$1.read(NioSocketImpl.java:796) ~[na:na]
	at java.base/java.net.Socket$SocketInputStream.read(Socket.java:1099) ~[na:na]
	at org.apache.http.impl.io.SessionInputBufferImpl.streamRead(SessionInputBufferImpl.java:137) ~[httpcore-4.4.16.jar:4.4.16]
	at org.apache.http.impl.io.SessionInputBufferImpl.fillBuffer(SessionInputBufferImpl.java:153) ~[httpcore-4.4.16.jar:4.4.16]
	at org.apache.http.impl.io.SessionInputBufferImpl.readLine(SessionInputBufferImpl.java:280) ~[httpcore-4.4.16.jar:4.4.16]
	at org.apache.http.impl.conn.DefaultHttpResponseParser.parseHead(DefaultHttpResponseParser.java:138) ~[httpclient-4.5.3.jar:4.5.3]
	at org.apache.http.impl.conn.DefaultHttpResponseParser.parseHead(DefaultHttpResponseParser.java:56) ~[httpclient-4.5.3.jar:4.5.3]
	at org.apache.http.impl.io.AbstractMessageParser.parse(AbstractMessageParser.java:259) ~[httpcore-4.4.16.jar:4.4.16]
	at org.apache.http.impl.DefaultBHttpClientConnection.receiveResponseHeader(DefaultBHttpClientConnection.java:163) ~[httpcore-4.4.16.jar:4.4.16]
	at org.apache.http.impl.conn.CPoolProxy.receiveResponseHeader(CPoolProxy.java:165) ~[httpclient-4.5.3.jar:4.5.3]
	at org.apache.http.protocol.HttpRequestExecutor.doReceiveResponse(HttpRequestExecutor.java:273) ~[httpcore-4.4.16.jar:4.4.16]
	at org.apache.http.protocol.HttpRequestExecutor.execute(HttpRequestExecutor.java:125) ~[httpcore-4.4.16.jar:4.4.16]
	at org.apache.http.impl.execchain.MainClientExec.execute(MainClientExec.java:272) ~[httpclient-4.5.3.jar:4.5.3]
	at org.apache.http.impl.execchain.ProtocolExec.execute(ProtocolExec.java:185) ~[httpclient-4.5.3.jar:4.5.3]
	at org.apache.http.impl.execchain.RetryExec.execute(RetryExec.java:89) ~[httpclient-4.5.3.jar:4.5.3]
	at org.apache.http.impl.execchain.RedirectExec.execute(RedirectExec.java:111) ~[httpclient-4.5.3.jar:4.5.3]
	at org.apache.http.impl.client.InternalHttpClient.doExecute(InternalHttpClient.java:185) ~[httpclient-4.5.3.jar:4.5.3]
	at org.apache.http.impl.client.CloseableHttpClient.execute(CloseableHttpClient.java:72) ~[httpclient-4.5.3.jar:4.5.3]
	at org.glassfish.jersey.apache.connector.ApacheConnector.apply(ApacheConnector.java:487) ~[jersey-apache-connector-3.0.5.jar:na]
	... 16 common frames omitted

2026-03-02T21:35:35.387+05:30  INFO 23432 --- [SpringCloud_EurekaServer] [Eureka-EvictionTimer] [                                                 ] c.n.e.registry.AbstractInstanceRegistry  : Running the evict task with compensationTime 9ms
2026-03-02T21:36:35.399+05:30  INFO 23432 --- [SpringCloud_EurekaServer] [Eureka-EvictionTimer] [                                                 ] c.n.e.registry.AbstractInstanceRegistry  : Running the evict task with compensationTime 11ms
2026-03-02T21:37:35.399+05:30  INFO 23432 --- [SpringCloud_EurekaServer] [Eureka-EvictionTimer] [                                                 ] c.n.e.registry.AbstractInstanceRegistry  : Running the evict task with compensationTime 0ms
2026-03-02T21:38:35.400+05:30  INFO 23432 --- [SpringCloud_EurekaServer] [Eureka-EvictionTimer] [                                                 ] c.n.e.registry.AbstractInstanceRegistry  : Running the evict task with compensationTime 0ms
2026-03-02T21:39:11.162+05:30  INFO 23432 --- [SpringCloud_EurekaServer] [http-nio-8761-exec-2] [69a5b6251a7d42bb03aa65b9ba338ab3-03aa65b9ba338ab3] c.n.e.registry.AbstractInstanceRegistry  : Registered instance CARTORDERSERVICE/DESKTOP-ECRRR37.mshome.net:CartOrderService:8083 with status DOWN (replication=false)
2026-03-02T21:39:11.337+05:30  INFO 23432 --- [SpringCloud_EurekaServer] [SpringApplicationShutdownHook] [                                                 ] o.s.c.n.e.s.EurekaServiceRegistry        : Unregistering application SPRINGCLOUD_EUREKASERVER with eureka with status DOWN
2026-03-02T21:39:11.385+05:30  INFO 23432 --- [SpringCloud_EurekaServer] [http-nio-8761-exec-8] [69a5b62761c89ebeece47945b0bd5490-ece47945b0bd5490] c.n.e.registry.AbstractInstanceRegistry  : Registered instance ECOMAPIGATEWAY/DESKTOP-ECRRR37.mshome.net:EComApiGateWay with status DOWN (replication=false)
2026-03-02T21:39:11.778+05:30  INFO 23432 --- [SpringCloud_EurekaServer] [http-nio-8761-exec-6] [69a5b627e099b8598495fafbd3934511-8495fafbd3934511] c.n.e.registry.AbstractInstanceRegistry  : Registered instance CARTORDERSERVICE/DESKTOP-ECRRR37.mshome.net:CartOrderService:8083 with status DOWN (replication=true)
2026-03-02T21:39:11.780+05:30  INFO 23432 --- [SpringCloud_EurekaServer] [http-nio-8761-exec-6] [69a5b627e099b8598495fafbd3934511-8495fafbd3934511] c.n.e.registry.AbstractInstanceRegistry  : Registered instance ECOMAPIGATEWAY/DESKTOP-ECRRR37.mshome.net:EComApiGateWay with status DOWN (replication=true)
2026-03-02T21:39:12.085+05:30  INFO 23432 --- [SpringCloud_EurekaServer] [SpringApplicationShutdownHook] [                                                 ] o.s.boot.tomcat.GracefulShutdown         : Commencing graceful shutdown. Waiting for active requests to complete
2026-03-02T21:39:12.613+05:30  INFO 23432 --- [SpringCloud_EurekaServer] [tomcat-shutdown] [                                                 ] o.s.boot.tomcat.GracefulShutdown         : Graceful shutdown complete
2026-03-02T21:39:12.764+05:30  INFO 23432 --- [SpringCloud_EurekaServer] [SpringApplicationShutdownHook] [                                                 ] o.s.c.n.e.server.EurekaServerBootstrap   : Shutting down Eureka Server..
2026-03-02T21:39:12.768+05:30  INFO 23432 --- [SpringCloud_EurekaServer] [SpringApplicationShutdownHook] [                                                 ] c.n.eureka.DefaultEurekaServerContext    : Shutting down ...
2026-03-02T21:39:13.152+05:30  INFO 23432 --- [SpringCloud_EurekaServer] [SpringApplicationShutdownHook] [                                                 ] c.n.eureka.DefaultEurekaServerContext    : Shut down
2026-03-02T21:39:13.153+05:30  INFO 23432 --- [SpringCloud_EurekaServer] [SpringApplicationShutdownHook] [                                                 ] o.s.c.n.e.server.EurekaServerBootstrap   : Eureka Service is now shutdown...
2026-03-02T21:39:13.208+05:30  INFO 23432 --- [SpringCloud_EurekaServer] [SpringApplicationShutdownHook] [                                                 ] c.n.eureka.DefaultEurekaServerContext    : Shutting down ...
2026-03-02T21:39:13.210+05:30  INFO 23432 --- [SpringCloud_EurekaServer] [SpringApplicationShutdownHook] [                                                 ] c.n.eureka.DefaultEurekaServerContext    : Shut down
2026-03-02T21:39:14.043+05:30  INFO 23432 --- [SpringCloud_EurekaServer] [SpringApplicationShutdownHook] [                                                 ] com.netflix.discovery.DiscoveryClient    : Shutting down DiscoveryClient ...
2026-03-02T21:39:14.048+05:30  INFO 23432 --- [SpringCloud_EurekaServer] [SpringApplicationShutdownHook] [                                                 ] com.netflix.discovery.DiscoveryClient    : Completed shut down of DiscoveryClient
