2026-03-02T20:30:52.562+05:30  INFO 6956 --- [UserService] [restartedMain] [                                                 ] c.e.user_service.UserServiceApplication  : Starting UserServiceApplication using Java 21.0.2 with PID 6956 (D:\SpringBoot_Microservices\E_Commerece_Project_Backend\Microservices\Microservices_Project\UserService\User_Service\target\classes started by CH HEMANTH KUMAR in D:\SpringBoot_Microservices\E_Commerece_Project_Backend\Microservices\Microservices_Project)
2026-03-02T20:30:52.599+05:30  INFO 6956 --- [UserService] [restartedMain] [                                                 ] c.e.user_service.UserServiceApplication  : No active profile set, falling back to 1 default profile: "default"
2026-03-02T20:30:52.714+05:30  INFO 6956 --- [UserService] [restartedMain] [                                                 ] o.s.c.c.c.ConfigServerConfigDataLoader   : Fetching config from server at : http://localhost:8888
2026-03-02T20:30:52.715+05:30  INFO 6956 --- [UserService] [restartedMain] [                                                 ] o.s.c.c.c.ConfigServerConfigDataLoader   : Located environment: name=UserService, profiles=[default], label=null, version=dd917610efe0706bc3bd8e7eadd118a818be148e, state=
2026-03-02T20:30:52.719+05:30  INFO 6956 --- [UserService] [restartedMain] [                                                 ] .e.DevToolsPropertyDefaultsPostProcessor : Devtools property defaults active! Set 'spring.devtools.add-properties' to 'false' to disable
2026-03-02T20:30:52.720+05:30  INFO 6956 --- [UserService] [restartedMain] [                                                 ] .e.DevToolsPropertyDefaultsPostProcessor : For additional web related logging consider setting the 'logging.level.web' property to 'DEBUG'
2026-03-02T20:30:55.068+05:30  INFO 6956 --- [UserService] [restartedMain] [                                                 ] .s.d.r.c.RepositoryConfigurationDelegate : Bootstrapping Spring Data JPA repositories in DEFAULT mode.
2026-03-02T20:30:55.429+05:30  INFO 6956 --- [UserService] [restartedMain] [                                                 ] .s.d.r.c.RepositoryConfigurationDelegate : Finished Spring Data repository scanning in 340 ms. Found 1 JPA repository interface.
2026-03-02T20:30:56.047+05:30  INFO 6956 --- [UserService] [restartedMain] [                                                 ] o.s.cloud.context.scope.GenericScope     : BeanFactory id=0cd901e2-7b8c-3700-a2a5-9a149727ae2b
2026-03-02T20:30:56.980+05:30  WARN 6956 --- [UserService] [restartedMain] [                                                 ] trationDelegate$BeanPostProcessorChecker : Bean 'org.springframework.cloud.client.loadbalancer.LoadBalancerAutoConfiguration$DeferringLoadBalancerInterceptorConfig' of type [org.springframework.cloud.client.loadbalancer.LoadBalancerAutoConfiguration$DeferringLoadBalancerInterceptorConfig] is not eligible for getting processed by all BeanPostProcessors (for example: not eligible for auto-proxying). The currently created BeanPostProcessor [lbRestClientPostProcessor] is declared through a non-static factory method on that class; consider declaring it as static instead.
2026-03-02T20:30:56.987+05:30  WARN 6956 --- [UserService] [restartedMain] [                                                 ] trationDelegate$BeanPostProcessorChecker : Bean 'deferringLoadBalancerInterceptor' of type [org.springframework.cloud.client.loadbalancer.DeferringLoadBalancerInterceptor] is not eligible for getting processed by all BeanPostProcessors (for example: not eligible for auto-proxying). Is this bean getting eagerly injected into a currently created BeanPostProcessor [lbRestClientPostProcessor]? Check the corresponding BeanPostProcessor declaration and its dependencies.
2026-03-02T20:30:58.243+05:30  INFO 6956 --- [UserService] [restartedMain] [                                                 ] o.s.b.w.embedded.tomcat.TomcatWebServer  : Tomcat initialized with port 8081 (http)
2026-03-02T20:30:58.293+05:30  INFO 6956 --- [UserService] [restartedMain] [                                                 ] o.apache.catalina.core.StandardService   : Starting service [Tomcat]
2026-03-02T20:30:58.295+05:30  INFO 6956 --- [UserService] [restartedMain] [                                                 ] o.apache.catalina.core.StandardEngine    : Starting Servlet engine: [Apache Tomcat/10.1.18]
2026-03-02T20:30:58.457+05:30  INFO 6956 --- [UserService] [restartedMain] [                                                 ] o.a.c.c.C.[Tomcat].[localhost].[/]       : Initializing Spring embedded WebApplicationContext
2026-03-02T20:30:58.457+05:30  INFO 6956 --- [UserService] [restartedMain] [                                                 ] w.s.c.ServletWebServerApplicationContext : Root WebApplicationContext: initialization completed in 5736 ms
2026-03-02T20:31:00.052+05:30  INFO 6956 --- [UserService] [restartedMain] [                                                 ] o.hibernate.jpa.internal.util.LogHelper  : HHH000204: Processing PersistenceUnitInfo [name: default]
2026-03-02T20:31:00.197+05:30  INFO 6956 --- [UserService] [restartedMain] [                                                 ] org.hibernate.Version                    : HHH000412: Hibernate ORM core version 6.4.1.Final
2026-03-02T20:31:00.278+05:30  INFO 6956 --- [UserService] [restartedMain] [                                                 ] o.h.c.internal.RegionFactoryInitiator    : HHH000026: Second-level cache disabled
2026-03-02T20:31:00.826+05:30  INFO 6956 --- [UserService] [restartedMain] [                                                 ] o.s.o.j.p.SpringPersistenceUnitInfo      : No LoadTimeWeaver setup: ignoring JPA class transformer
2026-03-02T20:31:00.890+05:30  INFO 6956 --- [UserService] [restartedMain] [                                                 ] com.zaxxer.hikari.HikariDataSource       : HikariPool-1 - Starting...
2026-03-02T20:31:01.578+05:30  INFO 6956 --- [UserService] [restartedMain] [                                                 ] com.zaxxer.hikari.pool.HikariPool        : HikariPool-1 - Added connection org.postgresql.jdbc.PgConnection@4b0abdcb
2026-03-02T20:31:01.582+05:30  INFO 6956 --- [UserService] [restartedMain] [                                                 ] com.zaxxer.hikari.HikariDataSource       : HikariPool-1 - Start completed.
2026-03-02T20:31:01.771+05:30  WARN 6956 --- [UserService] [restartedMain] [                                                 ] org.hibernate.orm.deprecation            : HHH90000025: PostgreSQLDialect does not need to be specified explicitly using 'hibernate.dialect' (remove the property setting and it will be selected by default)
2026-03-02T20:31:03.849+05:30  INFO 6956 --- [UserService] [restartedMain] [                                                 ] o.h.e.t.j.p.i.JtaPlatformInitiator       : HHH000489: No JTA platform available (set 'hibernate.transaction.jta.platform' to enable JTA platform integration)
2026-03-02T20:31:04.308+05:30  INFO 6956 --- [UserService] [restartedMain] [                                                 ] j.LocalContainerEntityManagerFactoryBean : Initialized JPA EntityManagerFactory for persistence unit 'default'
2026-03-02T20:31:05.421+05:30  WARN 6956 --- [UserService] [restartedMain] [                                                 ] JpaBaseConfiguration$JpaWebConfiguration : spring.jpa.open-in-view is enabled by default. Therefore, database queries may be performed during view rendering. Explicitly configure spring.jpa.open-in-view to disable this warning
2026-03-02T20:31:10.273+05:30  INFO 6956 --- [UserService] [restartedMain] [                                                 ] o.s.b.d.a.OptionalLiveReloadServer       : LiveReload server is running on port 35729
2026-03-02T20:31:10.492+05:30  INFO 6956 --- [UserService] [restartedMain] [                                                 ] DiscoveryClientOptionalArgsConfiguration : Eureka HTTP Client uses RestTemplate.
2026-03-02T20:31:10.811+05:30  WARN 6956 --- [UserService] [restartedMain] [                                                 ] iguration$LoadBalancerCaffeineWarnLogger : Spring Cloud LoadBalancer is currently working with the default cache. While this cache implementation is useful for development and tests, it's recommended to use Caffeine cache in production.You can switch to using Caffeine cache, by adding it and org.springframework.cache.caffeine.CaffeineCacheManager to the classpath.
2026-03-02T20:31:10.897+05:30  INFO 6956 --- [UserService] [restartedMain] [                                                 ] o.s.b.a.e.web.EndpointLinksResolver      : Exposing 17 endpoint(s) beneath base path '/actuator'
2026-03-02T20:31:11.435+05:30  INFO 6956 --- [UserService] [restartedMain] [                                                 ] o.s.c.n.eureka.InstanceInfoFactory       : Setting initial instance status as: STARTING
2026-03-02T20:31:11.624+05:30  INFO 6956 --- [UserService] [restartedMain] [                                                 ] com.netflix.discovery.DiscoveryClient    : Initializing Eureka in region us-east-1
2026-03-02T20:31:11.646+05:30  INFO 6956 --- [UserService] [restartedMain] [                                                 ] c.n.d.s.r.aws.ConfigClusterResolver      : Resolving eureka endpoints via configuration
2026-03-02T20:31:11.745+05:30  INFO 6956 --- [UserService] [restartedMain] [                                                 ] com.netflix.discovery.DiscoveryClient    : Disable delta property : false
2026-03-02T20:31:11.746+05:30  INFO 6956 --- [UserService] [restartedMain] [                                                 ] com.netflix.discovery.DiscoveryClient    : Single vip registry refresh property : null
2026-03-02T20:31:11.747+05:30  INFO 6956 --- [UserService] [restartedMain] [                                                 ] com.netflix.discovery.DiscoveryClient    : Force full registry fetch : false
2026-03-02T20:31:11.747+05:30  INFO 6956 --- [UserService] [restartedMain] [                                                 ] com.netflix.discovery.DiscoveryClient    : Application is null : false
2026-03-02T20:31:11.748+05:30  INFO 6956 --- [UserService] [restartedMain] [                                                 ] com.netflix.discovery.DiscoveryClient    : Registered Applications size is zero : true
2026-03-02T20:31:11.748+05:30  INFO 6956 --- [UserService] [restartedMain] [                                                 ] com.netflix.discovery.DiscoveryClient    : Application version is -1: true
2026-03-02T20:31:11.749+05:30  INFO 6956 --- [UserService] [restartedMain] [                                                 ] com.netflix.discovery.DiscoveryClient    : Getting all instance registry info from the eureka server
2026-03-02T20:31:11.804+05:30 DEBUG 6956 --- [UserService] [restartedMain] [                                                 ] o.s.web.client.RestTemplate              : HTTP GET http://localhost:8761/eureka/apps/
2026-03-02T20:31:12.033+05:30 DEBUG 6956 --- [UserService] [restartedMain] [                                                 ] o.s.web.client.RestTemplate              : Accept=[application/json, application/*+json]
2026-03-02T20:31:12.302+05:30 DEBUG 6956 --- [UserService] [restartedMain] [                                                 ] o.s.web.client.RestTemplate              : Response 200 OK
2026-03-02T20:31:12.309+05:30 DEBUG 6956 --- [UserService] [restartedMain] [                                                 ] o.s.web.client.RestTemplate              : Reading to [org.springframework.cloud.netflix.eureka.http.EurekaApplications]
2026-03-02T20:31:12.434+05:30  INFO 6956 --- [UserService] [restartedMain] [                                                 ] com.netflix.discovery.DiscoveryClient    : The response status is 200
2026-03-02T20:31:12.451+05:30  INFO 6956 --- [UserService] [restartedMain] [                                                 ] com.netflix.discovery.DiscoveryClient    : Starting heartbeat executor: renew interval is: 30
2026-03-02T20:31:12.472+05:30  INFO 6956 --- [UserService] [restartedMain] [                                                 ] c.n.discovery.InstanceInfoReplicator     : InstanceInfoReplicator onDemand update allowed rate per min is 4
2026-03-02T20:31:12.658+05:30  INFO 6956 --- [UserService] [restartedMain] [                                                 ] com.netflix.discovery.DiscoveryClient    : Discovery Client initialized at timestamp 1772463672656 with initial instances count: 1
2026-03-02T20:31:12.706+05:30  INFO 6956 --- [UserService] [restartedMain] [                                                 ] o.s.c.n.e.s.EurekaServiceRegistry        : Registering application USERSERVICE with eureka with status UP
2026-03-02T20:31:12.711+05:30  INFO 6956 --- [UserService] [restartedMain] [                                                 ] com.netflix.discovery.DiscoveryClient    : Saw local status change event StatusChangeEvent [timestamp=1772463672710, current=UP, previous=STARTING]
2026-03-02T20:31:12.722+05:30  INFO 6956 --- [UserService] [DiscoveryClient-InstanceInfoReplicator-0] [                                                 ] com.netflix.discovery.DiscoveryClient    : DiscoveryClient_USERSERVICE/DESKTOP-ECRRR37.mshome.net:UserService:8081: registering service...
2026-03-02T20:31:12.746+05:30 DEBUG 6956 --- [UserService] [DiscoveryClient-InstanceInfoReplicator-0] [                                                 ] o.s.web.client.RestTemplate              : HTTP POST http://localhost:8761/eureka/apps/USERSERVICE
2026-03-02T20:31:12.770+05:30 DEBUG 6956 --- [UserService] [DiscoveryClient-InstanceInfoReplicator-0] [                                                 ] o.s.web.client.RestTemplate              : Accept=[application/json, application/*+json]
2026-03-02T20:31:12.863+05:30 DEBUG 6956 --- [UserService] [DiscoveryClient-InstanceInfoReplicator-0] [                                                 ] o.s.web.client.RestTemplate              : Writing [InstanceInfo [instanceId = DESKTOP-ECRRR37.mshome.net:UserService:8081, appName = USERSERVICE, hostName = 192.168.176.1, status = UP, ipAddr = 192.168.176.1, port = 8081, securePort = 443, dataCenterInfo = com.netflix.appinfo.MyDataCenterInfo@51fa8afd] as "application/json"
2026-03-02T20:31:12.867+05:30  INFO 6956 --- [UserService] [restartedMain] [                                                 ] o.s.b.w.embedded.tomcat.TomcatWebServer  : Tomcat started on port 8081 (http) with context path ''
2026-03-02T20:31:12.869+05:30  INFO 6956 --- [UserService] [restartedMain] [                                                 ] .s.c.n.e.s.EurekaAutoServiceRegistration : Updating port to 8081
2026-03-02T20:31:13.086+05:30 DEBUG 6956 --- [UserService] [DiscoveryClient-InstanceInfoReplicator-0] [                                                 ] o.s.web.client.RestTemplate              : Response 204 NO_CONTENT
2026-03-02T20:31:13.087+05:30  INFO 6956 --- [UserService] [DiscoveryClient-InstanceInfoReplicator-0] [                                                 ] com.netflix.discovery.DiscoveryClient    : DiscoveryClient_USERSERVICE/DESKTOP-ECRRR37.mshome.net:UserService:8081 - registration status: 204
2026-03-02T20:31:13.117+05:30  INFO 6956 --- [UserService] [restartedMain] [                                                 ] c.e.user_service.UserServiceApplication  : Started UserServiceApplication in 26.08 seconds (process running for 30.601)
2026-03-02T20:31:13.969+05:30  INFO 6956 --- [UserService] [RMI TCP Connection(3)-192.168.1.103] [                                                 ] o.a.c.c.C.[Tomcat].[localhost].[/]       : Initializing Spring DispatcherServlet 'dispatcherServlet'
2026-03-02T20:31:13.970+05:30  INFO 6956 --- [UserService] [RMI TCP Connection(3)-192.168.1.103] [                                                 ] o.s.web.servlet.DispatcherServlet        : Initializing Servlet 'dispatcherServlet'
2026-03-02T20:31:13.981+05:30  INFO 6956 --- [UserService] [RMI TCP Connection(3)-192.168.1.103] [                                                 ] o.s.web.servlet.DispatcherServlet        : Completed initialization in 10 ms
2026-03-02T20:31:42.460+05:30 DEBUG 6956 --- [UserService] [DiscoveryClient-CacheRefreshExecutor-0] [                                                 ] o.s.web.client.RestTemplate              : HTTP GET http://localhost:8761/eureka/apps/delta
2026-03-02T20:31:42.463+05:30 DEBUG 6956 --- [UserService] [DiscoveryClient-CacheRefreshExecutor-0] [                                                 ] o.s.web.client.RestTemplate              : Accept=[application/json, application/*+json]
2026-03-02T20:31:42.475+05:30 DEBUG 6956 --- [UserService] [DiscoveryClient-CacheRefreshExecutor-0] [                                                 ] o.s.web.client.RestTemplate              : Response 200 OK
2026-03-02T20:31:42.477+05:30 DEBUG 6956 --- [UserService] [DiscoveryClient-CacheRefreshExecutor-0] [                                                 ] o.s.web.client.RestTemplate              : Reading to [org.springframework.cloud.netflix.eureka.http.EurekaApplications]
2026-03-02T20:31:42.478+05:30 DEBUG 6956 --- [UserService] [DiscoveryClient-HeartbeatExecutor-0] [                                                 ] o.s.web.client.RestTemplate              : HTTP PUT http://localhost:8761/eureka/apps/USERSERVICE/DESKTOP-ECRRR37.mshome.net:UserService:8081?status=UP&lastDirtyTimestamp=1772463672709
2026-03-02T20:31:42.489+05:30 DEBUG 6956 --- [UserService] [DiscoveryClient-HeartbeatExecutor-0] [                                                 ] o.s.web.client.RestTemplate              : Accept=[application/json, application/*+json]
2026-03-02T20:31:42.552+05:30 DEBUG 6956 --- [UserService] [DiscoveryClient-HeartbeatExecutor-0] [                                                 ] o.s.web.client.RestTemplate              : Response 200 OK
2026-03-02T20:32:12.486+05:30 DEBUG 6956 --- [UserService] [DiscoveryClient-CacheRefreshExecutor-0] [                                                 ] o.s.web.client.RestTemplate              : HTTP GET http://localhost:8761/eureka/apps/delta
2026-03-02T20:32:12.489+05:30 DEBUG 6956 --- [UserService] [DiscoveryClient-CacheRefreshExecutor-0] [                                                 ] o.s.web.client.RestTemplate              : Accept=[application/json, application/*+json]
2026-03-02T20:32:12.563+05:30 DEBUG 6956 --- [UserService] [DiscoveryClient-HeartbeatExecutor-0] [                                                 ] o.s.web.client.RestTemplate              : HTTP PUT http://localhost:8761/eureka/apps/USERSERVICE/DESKTOP-ECRRR37.mshome.net:UserService:8081?status=UP&lastDirtyTimestamp=1772463672709
2026-03-02T20:32:12.563+05:30 DEBUG 6956 --- [UserService] [DiscoveryClient-HeartbeatExecutor-0] [                                                 ] o.s.web.client.RestTemplate              : Accept=[application/json, application/*+json]
2026-03-02T20:32:12.871+05:30 DEBUG 6956 --- [UserService] [DiscoveryClient-CacheRefreshExecutor-0] [                                                 ] o.s.web.client.RestTemplate              : Response 200 OK
2026-03-02T20:32:12.873+05:30 DEBUG 6956 --- [UserService] [DiscoveryClient-CacheRefreshExecutor-0] [                                                 ] o.s.web.client.RestTemplate              : Reading to [org.springframework.cloud.netflix.eureka.http.EurekaApplications]
2026-03-02T20:32:13.231+05:30 DEBUG 6956 --- [UserService] [DiscoveryClient-HeartbeatExecutor-0] [                                                 ] o.s.web.client.RestTemplate              : Response 200 OK
2026-03-02T20:32:42.902+05:30 DEBUG 6956 --- [UserService] [DiscoveryClient-CacheRefreshExecutor-0] [                                                 ] o.s.web.client.RestTemplate              : HTTP GET http://localhost:8761/eureka/apps/delta
2026-03-02T20:32:42.917+05:30 DEBUG 6956 --- [UserService] [DiscoveryClient-CacheRefreshExecutor-0] [                                                 ] o.s.web.client.RestTemplate              : Accept=[application/json, application/*+json]
2026-03-02T20:32:42.970+05:30 DEBUG 6956 --- [UserService] [DiscoveryClient-CacheRefreshExecutor-0] [                                                 ] o.s.web.client.RestTemplate              : Response 200 OK
2026-03-02T20:32:42.973+05:30 DEBUG 6956 --- [UserService] [DiscoveryClient-CacheRefreshExecutor-0] [                                                 ] o.s.web.client.RestTemplate              : Reading to [org.springframework.cloud.netflix.eureka.http.EurekaApplications]
2026-03-02T20:32:43.241+05:30 DEBUG 6956 --- [UserService] [DiscoveryClient-HeartbeatExecutor-0] [                                                 ] o.s.web.client.RestTemplate              : HTTP PUT http://localhost:8761/eureka/apps/USERSERVICE/DESKTOP-ECRRR37.mshome.net:UserService:8081?status=UP&lastDirtyTimestamp=1772463672709
2026-03-02T20:32:43.243+05:30 DEBUG 6956 --- [UserService] [DiscoveryClient-HeartbeatExecutor-0] [                                                 ] o.s.web.client.RestTemplate              : Accept=[application/json, application/*+json]
2026-03-02T20:32:43.270+05:30 DEBUG 6956 --- [UserService] [DiscoveryClient-HeartbeatExecutor-0] [                                                 ] o.s.web.client.RestTemplate              : Response 200 OK
2026-03-02T20:33:12.991+05:30 DEBUG 6956 --- [UserService] [DiscoveryClient-CacheRefreshExecutor-0] [                                                 ] o.s.web.client.RestTemplate              : HTTP GET http://localhost:8761/eureka/apps/delta
2026-03-02T20:33:13.006+05:30 DEBUG 6956 --- [UserService] [DiscoveryClient-CacheRefreshExecutor-0] [                                                 ] o.s.web.client.RestTemplate              : Accept=[application/json, application/*+json]
2026-03-02T20:33:13.056+05:30 DEBUG 6956 --- [UserService] [DiscoveryClient-CacheRefreshExecutor-0] [                                                 ] o.s.web.client.RestTemplate              : Response 200 OK
2026-03-02T20:33:13.070+05:30 DEBUG 6956 --- [UserService] [DiscoveryClient-CacheRefreshExecutor-0] [                                                 ] o.s.web.client.RestTemplate              : Reading to [org.springframework.cloud.netflix.eureka.http.EurekaApplications]
2026-03-02T20:33:13.308+05:30 DEBUG 6956 --- [UserService] [DiscoveryClient-HeartbeatExecutor-0] [                                                 ] o.s.web.client.RestTemplate              : HTTP PUT http://localhost:8761/eureka/apps/USERSERVICE/DESKTOP-ECRRR37.mshome.net:UserService:8081?status=UP&lastDirtyTimestamp=1772463672709
2026-03-02T20:33:13.341+05:30 DEBUG 6956 --- [UserService] [DiscoveryClient-HeartbeatExecutor-0] [                                                 ] o.s.web.client.RestTemplate              : Accept=[application/json, application/*+json]
2026-03-02T20:33:13.363+05:30 DEBUG 6956 --- [UserService] [DiscoveryClient-HeartbeatExecutor-0] [                                                 ] o.s.web.client.RestTemplate              : Response 200 OK
2026-03-02T20:33:43.576+05:30 DEBUG 6956 --- [UserService] [DiscoveryClient-HeartbeatExecutor-0] [                                                 ] o.s.web.client.RestTemplate              : HTTP PUT http://localhost:8761/eureka/apps/USERSERVICE/DESKTOP-ECRRR37.mshome.net:UserService:8081?status=UP&lastDirtyTimestamp=1772463672709
2026-03-02T20:33:43.578+05:30 DEBUG 6956 --- [UserService] [DiscoveryClient-HeartbeatExecutor-0] [                                                 ] o.s.web.client.RestTemplate              : Accept=[application/json, application/*+json]
2026-03-02T20:33:43.904+05:30 DEBUG 6956 --- [UserService] [DiscoveryClient-CacheRefreshExecutor-0] [                                                 ] o.s.web.client.RestTemplate              : HTTP GET http://localhost:8761/eureka/apps/delta
2026-03-02T20:33:43.906+05:30 DEBUG 6956 --- [UserService] [DiscoveryClient-CacheRefreshExecutor-0] [                                                 ] o.s.web.client.RestTemplate              : Accept=[application/json, application/*+json]
2026-03-02T20:33:48.833+05:30 DEBUG 6956 --- [UserService] [DiscoveryClient-HeartbeatExecutor-0] [                                                 ] o.s.web.client.RestTemplate              : Response 200 OK
2026-03-02T20:33:48.860+05:30 DEBUG 6956 --- [UserService] [DiscoveryClient-CacheRefreshExecutor-0] [                                                 ] o.s.web.client.RestTemplate              : Response 200 OK
2026-03-02T20:33:48.862+05:30 DEBUG 6956 --- [UserService] [DiscoveryClient-CacheRefreshExecutor-0] [                                                 ] o.s.web.client.RestTemplate              : Reading to [org.springframework.cloud.netflix.eureka.http.EurekaApplications]
2026-03-02T20:34:18.854+05:30 DEBUG 6956 --- [UserService] [DiscoveryClient-HeartbeatExecutor-0] [                                                 ] o.s.web.client.RestTemplate              : HTTP PUT http://localhost:8761/eureka/apps/USERSERVICE/DESKTOP-ECRRR37.mshome.net:UserService:8081?status=UP&lastDirtyTimestamp=1772463672709
2026-03-02T20:34:18.860+05:30 DEBUG 6956 --- [UserService] [DiscoveryClient-HeartbeatExecutor-0] [                                                 ] o.s.web.client.RestTemplate              : Accept=[application/json, application/*+json]
2026-03-02T20:34:18.873+05:30 DEBUG 6956 --- [UserService] [DiscoveryClient-CacheRefreshExecutor-0] [                                                 ] o.s.web.client.RestTemplate              : HTTP GET http://localhost:8761/eureka/apps/delta
2026-03-02T20:34:18.879+05:30 DEBUG 6956 --- [UserService] [DiscoveryClient-CacheRefreshExecutor-0] [                                                 ] o.s.web.client.RestTemplate              : Accept=[application/json, application/*+json]
2026-03-02T20:34:18.901+05:30 DEBUG 6956 --- [UserService] [DiscoveryClient-HeartbeatExecutor-0] [                                                 ] o.s.web.client.RestTemplate              : Response 200 OK
2026-03-02T20:34:22.696+05:30 DEBUG 6956 --- [UserService] [DiscoveryClient-CacheRefreshExecutor-0] [                                                 ] o.s.web.client.RestTemplate              : Response 200 OK
2026-03-02T20:34:22.701+05:30 DEBUG 6956 --- [UserService] [DiscoveryClient-CacheRefreshExecutor-0] [                                                 ] o.s.web.client.RestTemplate              : Reading to [org.springframework.cloud.netflix.eureka.http.EurekaApplications]
2026-03-02T20:34:48.931+05:30 DEBUG 6956 --- [UserService] [DiscoveryClient-HeartbeatExecutor-0] [                                                 ] o.s.web.client.RestTemplate              : HTTP PUT http://localhost:8761/eureka/apps/USERSERVICE/DESKTOP-ECRRR37.mshome.net:UserService:8081?status=UP&lastDirtyTimestamp=1772463672709
2026-03-02T20:34:48.934+05:30 DEBUG 6956 --- [UserService] [DiscoveryClient-HeartbeatExecutor-0] [                                                 ] o.s.web.client.RestTemplate              : Accept=[application/json, application/*+json]
2026-03-02T20:34:48.958+05:30 DEBUG 6956 --- [UserService] [DiscoveryClient-HeartbeatExecutor-0] [                                                 ] o.s.web.client.RestTemplate              : Response 200 OK
2026-03-02T20:34:52.827+05:30 DEBUG 6956 --- [UserService] [DiscoveryClient-CacheRefreshExecutor-0] [                                                 ] o.s.web.client.RestTemplate              : HTTP GET http://localhost:8761/eureka/apps/delta
2026-03-02T20:34:52.828+05:30 DEBUG 6956 --- [UserService] [DiscoveryClient-CacheRefreshExecutor-0] [                                                 ] o.s.web.client.RestTemplate              : Accept=[application/json, application/*+json]
2026-03-02T20:34:52.841+05:30 DEBUG 6956 --- [UserService] [DiscoveryClient-CacheRefreshExecutor-0] [                                                 ] o.s.web.client.RestTemplate              : Response 200 OK
2026-03-02T20:34:52.842+05:30 DEBUG 6956 --- [UserService] [DiscoveryClient-CacheRefreshExecutor-0] [                                                 ] o.s.web.client.RestTemplate              : Reading to [org.springframework.cloud.netflix.eureka.http.EurekaApplications]
2026-03-02T20:35:18.970+05:30 DEBUG 6956 --- [UserService] [DiscoveryClient-HeartbeatExecutor-0] [                                                 ] o.s.web.client.RestTemplate              : HTTP PUT http://localhost:8761/eureka/apps/USERSERVICE/DESKTOP-ECRRR37.mshome.net:UserService:8081?status=UP&lastDirtyTimestamp=1772463672709
2026-03-02T20:35:18.974+05:30 DEBUG 6956 --- [UserService] [DiscoveryClient-HeartbeatExecutor-0] [                                                 ] o.s.web.client.RestTemplate              : Accept=[application/json, application/*+json]
2026-03-02T20:35:19.007+05:30 DEBUG 6956 --- [UserService] [DiscoveryClient-HeartbeatExecutor-0] [                                                 ] o.s.web.client.RestTemplate              : Response 200 OK
2026-03-02T20:35:22.896+05:30 DEBUG 6956 --- [UserService] [DiscoveryClient-CacheRefreshExecutor-0] [                                                 ] o.s.web.client.RestTemplate              : HTTP GET http://localhost:8761/eureka/apps/delta
2026-03-02T20:35:22.898+05:30 DEBUG 6956 --- [UserService] [DiscoveryClient-CacheRefreshExecutor-0] [                                                 ] o.s.web.client.RestTemplate              : Accept=[application/json, application/*+json]
2026-03-02T20:35:22.918+05:30 DEBUG 6956 --- [UserService] [DiscoveryClient-CacheRefreshExecutor-0] [                                                 ] o.s.web.client.RestTemplate              : Response 200 OK
2026-03-02T20:35:22.921+05:30 DEBUG 6956 --- [UserService] [DiscoveryClient-CacheRefreshExecutor-0] [                                                 ] o.s.web.client.RestTemplate              : Reading to [org.springframework.cloud.netflix.eureka.http.EurekaApplications]
2026-03-02T20:35:49.012+05:30 DEBUG 6956 --- [UserService] [DiscoveryClient-HeartbeatExecutor-0] [                                                 ] o.s.web.client.RestTemplate              : HTTP PUT http://localhost:8761/eureka/apps/USERSERVICE/DESKTOP-ECRRR37.mshome.net:UserService:8081?status=UP&lastDirtyTimestamp=1772463672709
2026-03-02T20:35:49.013+05:30 DEBUG 6956 --- [UserService] [DiscoveryClient-HeartbeatExecutor-0] [                                                 ] o.s.web.client.RestTemplate              : Accept=[application/json, application/*+json]
2026-03-02T20:35:49.037+05:30 DEBUG 6956 --- [UserService] [DiscoveryClient-HeartbeatExecutor-0] [                                                 ] o.s.web.client.RestTemplate              : Response 200 OK
2026-03-02T20:35:52.941+05:30 DEBUG 6956 --- [UserService] [DiscoveryClient-CacheRefreshExecutor-0] [                                                 ] o.s.web.client.RestTemplate              : HTTP GET http://localhost:8761/eureka/apps/delta
2026-03-02T20:35:52.942+05:30 DEBUG 6956 --- [UserService] [DiscoveryClient-CacheRefreshExecutor-0] [                                                 ] o.s.web.client.RestTemplate              : Accept=[application/json, application/*+json]
2026-03-02T20:35:52.964+05:30 DEBUG 6956 --- [UserService] [DiscoveryClient-CacheRefreshExecutor-0] [                                                 ] o.s.web.client.RestTemplate              : Response 200 OK
2026-03-02T20:35:52.965+05:30 DEBUG 6956 --- [UserService] [DiscoveryClient-CacheRefreshExecutor-0] [                                                 ] o.s.web.client.RestTemplate              : Reading to [org.springframework.cloud.netflix.eureka.http.EurekaApplications]
2026-03-02T20:36:11.777+05:30  INFO 6956 --- [UserService] [AsyncResolver-bootstrap-executor-0] [                                                 ] c.n.d.s.r.aws.ConfigClusterResolver      : Resolving eureka endpoints via configuration
2026-03-02T20:36:19.079+05:30 DEBUG 6956 --- [UserService] [DiscoveryClient-HeartbeatExecutor-0] [                                                 ] o.s.web.client.RestTemplate              : HTTP PUT http://localhost:8761/eureka/apps/USERSERVICE/DESKTOP-ECRRR37.mshome.net:UserService:8081?status=UP&lastDirtyTimestamp=1772463672709
2026-03-02T20:36:19.084+05:30 DEBUG 6956 --- [UserService] [DiscoveryClient-HeartbeatExecutor-0] [                                                 ] o.s.web.client.RestTemplate              : Accept=[application/json, application/*+json]
2026-03-02T20:36:19.106+05:30 DEBUG 6956 --- [UserService] [DiscoveryClient-HeartbeatExecutor-0] [                                                 ] o.s.web.client.RestTemplate              : Response 200 OK
2026-03-02T20:36:22.976+05:30 DEBUG 6956 --- [UserService] [DiscoveryClient-CacheRefreshExecutor-0] [                                                 ] o.s.web.client.RestTemplate              : HTTP GET http://localhost:8761/eureka/apps/delta
2026-03-02T20:36:22.977+05:30 DEBUG 6956 --- [UserService] [DiscoveryClient-CacheRefreshExecutor-0] [                                                 ] o.s.web.client.RestTemplate              : Accept=[application/json, application/*+json]
2026-03-02T20:36:23.000+05:30 DEBUG 6956 --- [UserService] [DiscoveryClient-CacheRefreshExecutor-0] [                                                 ] o.s.web.client.RestTemplate              : Response 200 OK
2026-03-02T20:36:23.003+05:30 DEBUG 6956 --- [UserService] [DiscoveryClient-CacheRefreshExecutor-0] [                                                 ] o.s.web.client.RestTemplate              : Reading to [org.springframework.cloud.netflix.eureka.http.EurekaApplications]
2026-03-02T20:36:49.130+05:30 DEBUG 6956 --- [UserService] [DiscoveryClient-HeartbeatExecutor-0] [                                                 ] o.s.web.client.RestTemplate              : HTTP PUT http://localhost:8761/eureka/apps/USERSERVICE/DESKTOP-ECRRR37.mshome.net:UserService:8081?status=UP&lastDirtyTimestamp=1772463672709
2026-03-02T20:36:49.142+05:30 DEBUG 6956 --- [UserService] [DiscoveryClient-HeartbeatExecutor-0] [                                                 ] o.s.web.client.RestTemplate              : Accept=[application/json, application/*+json]
2026-03-02T20:36:49.199+05:30 DEBUG 6956 --- [UserService] [DiscoveryClient-HeartbeatExecutor-0] [                                                 ] o.s.web.client.RestTemplate              : Response 200 OK
2026-03-02T20:36:53.044+05:30 DEBUG 6956 --- [UserService] [DiscoveryClient-CacheRefreshExecutor-0] [                                                 ] o.s.web.client.RestTemplate              : HTTP GET http://localhost:8761/eureka/apps/delta
2026-03-02T20:36:53.045+05:30 DEBUG 6956 --- [UserService] [DiscoveryClient-CacheRefreshExecutor-0] [                                                 ] o.s.web.client.RestTemplate              : Accept=[application/json, application/*+json]
2026-03-02T20:36:53.078+05:30 DEBUG 6956 --- [UserService] [DiscoveryClient-CacheRefreshExecutor-0] [                                                 ] o.s.web.client.RestTemplate              : Response 200 OK
2026-03-02T20:36:53.085+05:30 DEBUG 6956 --- [UserService] [DiscoveryClient-CacheRefreshExecutor-0] [                                                 ] o.s.web.client.RestTemplate              : Reading to [org.springframework.cloud.netflix.eureka.http.EurekaApplications]
2026-03-02T20:37:19.242+05:30 DEBUG 6956 --- [UserService] [DiscoveryClient-HeartbeatExecutor-0] [                                                 ] o.s.web.client.RestTemplate              : HTTP PUT http://localhost:8761/eureka/apps/USERSERVICE/DESKTOP-ECRRR37.mshome.net:UserService:8081?status=UP&lastDirtyTimestamp=1772463672709
2026-03-02T20:37:19.244+05:30 DEBUG 6956 --- [UserService] [DiscoveryClient-HeartbeatExecutor-0] [                                                 ] o.s.web.client.RestTemplate              : Accept=[application/json, application/*+json]
2026-03-02T20:37:19.313+05:30 DEBUG 6956 --- [UserService] [DiscoveryClient-HeartbeatExecutor-0] [                                                 ] o.s.web.client.RestTemplate              : Response 200 OK
2026-03-02T20:37:23.235+05:30 DEBUG 6956 --- [UserService] [DiscoveryClient-CacheRefreshExecutor-0] [                                                 ] o.s.web.client.RestTemplate              : HTTP GET http://localhost:8761/eureka/apps/delta
2026-03-02T20:37:23.237+05:30 DEBUG 6956 --- [UserService] [DiscoveryClient-CacheRefreshExecutor-0] [                                                 ] o.s.web.client.RestTemplate              : Accept=[application/json, application/*+json]
2026-03-02T20:37:23.251+05:30 DEBUG 6956 --- [UserService] [DiscoveryClient-CacheRefreshExecutor-0] [                                                 ] o.s.web.client.RestTemplate              : Response 200 OK
2026-03-02T20:37:23.400+05:30 DEBUG 6956 --- [UserService] [DiscoveryClient-CacheRefreshExecutor-0] [                                                 ] o.s.web.client.RestTemplate              : Reading to [org.springframework.cloud.netflix.eureka.http.EurekaApplications]
2026-03-02T20:37:49.333+05:30 DEBUG 6956 --- [UserService] [DiscoveryClient-HeartbeatExecutor-0] [                                                 ] o.s.web.client.RestTemplate              : HTTP PUT http://localhost:8761/eureka/apps/USERSERVICE/DESKTOP-ECRRR37.mshome.net:UserService:8081?status=UP&lastDirtyTimestamp=1772463672709
2026-03-02T20:37:49.335+05:30 DEBUG 6956 --- [UserService] [DiscoveryClient-HeartbeatExecutor-0] [                                                 ] o.s.web.client.RestTemplate              : Accept=[application/json, application/*+json]
2026-03-02T20:37:49.378+05:30 DEBUG 6956 --- [UserService] [DiscoveryClient-HeartbeatExecutor-0] [                                                 ] o.s.web.client.RestTemplate              : Response 200 OK
2026-03-02T20:37:53.426+05:30 DEBUG 6956 --- [UserService] [DiscoveryClient-CacheRefreshExecutor-0] [                                                 ] o.s.web.client.RestTemplate              : HTTP GET http://localhost:8761/eureka/apps/delta
2026-03-02T20:37:53.428+05:30 DEBUG 6956 --- [UserService] [DiscoveryClient-CacheRefreshExecutor-0] [                                                 ] o.s.web.client.RestTemplate              : Accept=[application/json, application/*+json]
2026-03-02T20:37:53.463+05:30 DEBUG 6956 --- [UserService] [DiscoveryClient-CacheRefreshExecutor-0] [                                                 ] o.s.web.client.RestTemplate              : Response 200 OK
2026-03-02T20:37:53.471+05:30 DEBUG 6956 --- [UserService] [DiscoveryClient-CacheRefreshExecutor-0] [                                                 ] o.s.web.client.RestTemplate              : Reading to [org.springframework.cloud.netflix.eureka.http.EurekaApplications]
2026-03-02T20:38:19.472+05:30 DEBUG 6956 --- [UserService] [DiscoveryClient-HeartbeatExecutor-0] [                                                 ] o.s.web.client.RestTemplate              : HTTP PUT http://localhost:8761/eureka/apps/USERSERVICE/DESKTOP-ECRRR37.mshome.net:UserService:8081?status=UP&lastDirtyTimestamp=1772463672709
2026-03-02T20:38:19.473+05:30 DEBUG 6956 --- [UserService] [DiscoveryClient-HeartbeatExecutor-0] [                                                 ] o.s.web.client.RestTemplate              : Accept=[application/json, application/*+json]
2026-03-02T20:38:19.881+05:30 DEBUG 6956 --- [UserService] [DiscoveryClient-HeartbeatExecutor-0] [                                                 ] o.s.web.client.RestTemplate              : Response 200 OK
2026-03-02T20:38:23.604+05:30 DEBUG 6956 --- [UserService] [DiscoveryClient-CacheRefreshExecutor-0] [                                                 ] o.s.web.client.RestTemplate              : HTTP GET http://localhost:8761/eureka/apps/delta
2026-03-02T20:38:23.604+05:30 DEBUG 6956 --- [UserService] [DiscoveryClient-CacheRefreshExecutor-0] [                                                 ] o.s.web.client.RestTemplate              : Accept=[application/json, application/*+json]
2026-03-02T20:38:25.433+05:30 DEBUG 6956 --- [UserService] [DiscoveryClient-CacheRefreshExecutor-0] [                                                 ] o.s.web.client.RestTemplate              : Response 200 OK
2026-03-02T20:38:25.434+05:30 DEBUG 6956 --- [UserService] [DiscoveryClient-CacheRefreshExecutor-0] [                                                 ] o.s.web.client.RestTemplate              : Reading to [org.springframework.cloud.netflix.eureka.http.EurekaApplications]
2026-03-02T20:38:50.050+05:30 DEBUG 6956 --- [UserService] [DiscoveryClient-HeartbeatExecutor-0] [                                                 ] o.s.web.client.RestTemplate              : HTTP PUT http://localhost:8761/eureka/apps/USERSERVICE/DESKTOP-ECRRR37.mshome.net:UserService:8081?status=UP&lastDirtyTimestamp=1772463672709
2026-03-02T20:38:50.052+05:30 DEBUG 6956 --- [UserService] [DiscoveryClient-HeartbeatExecutor-0] [                                                 ] o.s.web.client.RestTemplate              : Accept=[application/json, application/*+json]
2026-03-02T20:38:50.414+05:30 DEBUG 6956 --- [UserService] [DiscoveryClient-HeartbeatExecutor-0] [                                                 ] o.s.web.client.RestTemplate              : Response 200 OK
2026-03-02T20:38:55.506+05:30 DEBUG 6956 --- [UserService] [DiscoveryClient-CacheRefreshExecutor-0] [                                                 ] o.s.web.client.RestTemplate              : HTTP GET http://localhost:8761/eureka/apps/delta
2026-03-02T20:38:55.509+05:30 DEBUG 6956 --- [UserService] [DiscoveryClient-CacheRefreshExecutor-0] [                                                 ] o.s.web.client.RestTemplate              : Accept=[application/json, application/*+json]
2026-03-02T20:38:55.546+05:30 DEBUG 6956 --- [UserService] [DiscoveryClient-CacheRefreshExecutor-0] [                                                 ] o.s.web.client.RestTemplate              : Response 200 OK
2026-03-02T20:38:55.548+05:30 DEBUG 6956 --- [UserService] [DiscoveryClient-CacheRefreshExecutor-0] [                                                 ] o.s.web.client.RestTemplate              : Reading to [org.springframework.cloud.netflix.eureka.http.EurekaApplications]
2026-03-02T20:39:20.427+05:30 DEBUG 6956 --- [UserService] [DiscoveryClient-HeartbeatExecutor-0] [                                                 ] o.s.web.client.RestTemplate              : HTTP PUT http://localhost:8761/eureka/apps/USERSERVICE/DESKTOP-ECRRR37.mshome.net:UserService:8081?status=UP&lastDirtyTimestamp=1772463672709
2026-03-02T20:39:20.430+05:30 DEBUG 6956 --- [UserService] [DiscoveryClient-HeartbeatExecutor-0] [                                                 ] o.s.web.client.RestTemplate              : Accept=[application/json, application/*+json]
2026-03-02T20:39:20.461+05:30 DEBUG 6956 --- [UserService] [DiscoveryClient-HeartbeatExecutor-0] [                                                 ] o.s.web.client.RestTemplate              : Response 200 OK
2026-03-02T20:39:25.568+05:30 DEBUG 6956 --- [UserService] [DiscoveryClient-CacheRefreshExecutor-0] [                                                 ] o.s.web.client.RestTemplate              : HTTP GET http://localhost:8761/eureka/apps/delta
2026-03-02T20:39:25.569+05:30 DEBUG 6956 --- [UserService] [DiscoveryClient-CacheRefreshExecutor-0] [                                                 ] o.s.web.client.RestTemplate              : Accept=[application/json, application/*+json]
2026-03-02T20:39:25.586+05:30 DEBUG 6956 --- [UserService] [DiscoveryClient-CacheRefreshExecutor-0] [                                                 ] o.s.web.client.RestTemplate              : Response 200 OK
2026-03-02T20:39:25.587+05:30 DEBUG 6956 --- [UserService] [DiscoveryClient-CacheRefreshExecutor-0] [                                                 ] o.s.web.client.RestTemplate              : Reading to [org.springframework.cloud.netflix.eureka.http.EurekaApplications]
2026-03-02T20:39:50.468+05:30 DEBUG 6956 --- [UserService] [DiscoveryClient-HeartbeatExecutor-0] [                                                 ] o.s.web.client.RestTemplate              : HTTP PUT http://localhost:8761/eureka/apps/USERSERVICE/DESKTOP-ECRRR37.mshome.net:UserService:8081?status=UP&lastDirtyTimestamp=1772463672709
2026-03-02T20:39:50.472+05:30 DEBUG 6956 --- [UserService] [DiscoveryClient-HeartbeatExecutor-0] [                                                 ] o.s.web.client.RestTemplate              : Accept=[application/json, application/*+json]
2026-03-02T20:39:50.492+05:30 DEBUG 6956 --- [UserService] [DiscoveryClient-HeartbeatExecutor-0] [                                                 ] o.s.web.client.RestTemplate              : Response 200 OK
2026-03-02T20:39:55.610+05:30 DEBUG 6956 --- [UserService] [DiscoveryClient-CacheRefreshExecutor-0] [                                                 ] o.s.web.client.RestTemplate              : HTTP GET http://localhost:8761/eureka/apps/delta
2026-03-02T20:39:55.612+05:30 DEBUG 6956 --- [UserService] [DiscoveryClient-CacheRefreshExecutor-0] [                                                 ] o.s.web.client.RestTemplate              : Accept=[application/json, application/*+json]
2026-03-02T20:39:55.638+05:30 DEBUG 6956 --- [UserService] [DiscoveryClient-CacheRefreshExecutor-0] [                                                 ] o.s.web.client.RestTemplate              : Response 200 OK
2026-03-02T20:39:55.641+05:30 DEBUG 6956 --- [UserService] [DiscoveryClient-CacheRefreshExecutor-0] [                                                 ] o.s.web.client.RestTemplate              : Reading to [org.springframework.cloud.netflix.eureka.http.EurekaApplications]
2026-03-02T20:40:20.624+05:30 DEBUG 6956 --- [UserService] [DiscoveryClient-HeartbeatExecutor-0] [                                                 ] o.s.web.client.RestTemplate              : HTTP PUT http://localhost:8761/eureka/apps/USERSERVICE/DESKTOP-ECRRR37.mshome.net:UserService:8081?status=UP&lastDirtyTimestamp=1772463672709
2026-03-02T20:40:20.883+05:30 DEBUG 6956 --- [UserService] [DiscoveryClient-HeartbeatExecutor-0] [                                                 ] o.s.web.client.RestTemplate              : Accept=[application/json, application/*+json]
2026-03-02T20:40:20.954+05:30 DEBUG 6956 --- [UserService] [DiscoveryClient-HeartbeatExecutor-0] [                                                 ] o.s.web.client.RestTemplate              : Response 200 OK
2026-03-02T20:40:25.683+05:30 DEBUG 6956 --- [UserService] [DiscoveryClient-CacheRefreshExecutor-0] [                                                 ] o.s.web.client.RestTemplate              : HTTP GET http://localhost:8761/eureka/apps/delta
2026-03-02T20:40:25.684+05:30 DEBUG 6956 --- [UserService] [DiscoveryClient-CacheRefreshExecutor-0] [                                                 ] o.s.web.client.RestTemplate              : Accept=[application/json, application/*+json]
2026-03-02T20:40:26.837+05:30 DEBUG 6956 --- [UserService] [DiscoveryClient-CacheRefreshExecutor-0] [                                                 ] o.s.web.client.RestTemplate              : Response 200 OK
2026-03-02T20:40:26.837+05:30 DEBUG 6956 --- [UserService] [DiscoveryClient-CacheRefreshExecutor-0] [                                                 ] o.s.web.client.RestTemplate              : Reading to [org.springframework.cloud.netflix.eureka.http.EurekaApplications]
2026-03-02T20:40:50.970+05:30 DEBUG 6956 --- [UserService] [DiscoveryClient-HeartbeatExecutor-0] [                                                 ] o.s.web.client.RestTemplate              : HTTP PUT http://localhost:8761/eureka/apps/USERSERVICE/DESKTOP-ECRRR37.mshome.net:UserService:8081?status=UP&lastDirtyTimestamp=1772463672709
2026-03-02T20:40:51.236+05:30 DEBUG 6956 --- [UserService] [DiscoveryClient-HeartbeatExecutor-0] [                                                 ] o.s.web.client.RestTemplate              : Accept=[application/json, application/*+json]
2026-03-02T20:40:52.944+05:30 DEBUG 6956 --- [UserService] [DiscoveryClient-HeartbeatExecutor-0] [                                                 ] o.s.web.client.RestTemplate              : Response 200 OK
2026-03-02T20:40:57.055+05:30 DEBUG 6956 --- [UserService] [DiscoveryClient-CacheRefreshExecutor-0] [                                                 ] o.s.web.client.RestTemplate              : HTTP GET http://localhost:8761/eureka/apps/delta
2026-03-02T20:40:57.306+05:30 DEBUG 6956 --- [UserService] [DiscoveryClient-CacheRefreshExecutor-0] [                                                 ] o.s.web.client.RestTemplate              : Accept=[application/json, application/*+json]
2026-03-02T20:40:57.735+05:30 DEBUG 6956 --- [UserService] [DiscoveryClient-CacheRefreshExecutor-0] [                                                 ] o.s.web.client.RestTemplate              : Response 200 OK
2026-03-02T20:40:58.953+05:30 DEBUG 6956 --- [UserService] [DiscoveryClient-CacheRefreshExecutor-0] [                                                 ] o.s.web.client.RestTemplate              : Reading to [org.springframework.cloud.netflix.eureka.http.EurekaApplications]
2026-03-02T20:41:13.094+05:30  INFO 6956 --- [UserService] [AsyncResolver-bootstrap-executor-0] [                                                 ] c.n.d.s.r.aws.ConfigClusterResolver      : Resolving eureka endpoints via configuration
2026-03-02T20:41:23.053+05:30 DEBUG 6956 --- [UserService] [DiscoveryClient-HeartbeatExecutor-0] [                                                 ] o.s.web.client.RestTemplate              : HTTP PUT http://localhost:8761/eureka/apps/USERSERVICE/DESKTOP-ECRRR37.mshome.net:UserService:8081?status=UP&lastDirtyTimestamp=1772463672709
2026-03-02T20:41:23.219+05:30 DEBUG 6956 --- [UserService] [DiscoveryClient-HeartbeatExecutor-0] [                                                 ] o.s.web.client.RestTemplate              : Accept=[application/json, application/*+json]
2026-03-02T20:41:23.324+05:30 DEBUG 6956 --- [UserService] [DiscoveryClient-HeartbeatExecutor-0] [                                                 ] o.s.web.client.RestTemplate              : Response 200 OK
2026-03-02T20:41:28.970+05:30 DEBUG 6956 --- [UserService] [DiscoveryClient-CacheRefreshExecutor-0] [                                                 ] o.s.web.client.RestTemplate              : HTTP GET http://localhost:8761/eureka/apps/delta
2026-03-02T20:41:28.970+05:30 DEBUG 6956 --- [UserService] [DiscoveryClient-CacheRefreshExecutor-0] [                                                 ] o.s.web.client.RestTemplate              : Accept=[application/json, application/*+json]
2026-03-02T20:41:29.746+05:30 DEBUG 6956 --- [UserService] [DiscoveryClient-CacheRefreshExecutor-0] [                                                 ] o.s.web.client.RestTemplate              : Response 200 OK
2026-03-02T20:41:29.746+05:30 DEBUG 6956 --- [UserService] [DiscoveryClient-CacheRefreshExecutor-0] [                                                 ] o.s.web.client.RestTemplate              : Reading to [org.springframework.cloud.netflix.eureka.http.EurekaApplications]
2026-03-02T20:41:53.340+05:30 DEBUG 6956 --- [UserService] [DiscoveryClient-HeartbeatExecutor-0] [                                                 ] o.s.web.client.RestTemplate              : HTTP PUT http://localhost:8761/eureka/apps/USERSERVICE/DESKTOP-ECRRR37.mshome.net:UserService:8081?status=UP&lastDirtyTimestamp=1772463672709
2026-03-02T20:41:53.343+05:30 DEBUG 6956 --- [UserService] [DiscoveryClient-HeartbeatExecutor-0] [                                                 ] o.s.web.client.RestTemplate              : Accept=[application/json, application/*+json]
2026-03-02T20:41:53.380+05:30 DEBUG 6956 --- [UserService] [DiscoveryClient-HeartbeatExecutor-0] [                                                 ] o.s.web.client.RestTemplate              : Response 200 OK
2026-03-02T20:41:59.768+05:30 DEBUG 6956 --- [UserService] [DiscoveryClient-CacheRefreshExecutor-0] [                                                 ] o.s.web.client.RestTemplate              : HTTP GET http://localhost:8761/eureka/apps/delta
2026-03-02T20:41:59.769+05:30 DEBUG 6956 --- [UserService] [DiscoveryClient-CacheRefreshExecutor-0] [                                                 ] o.s.web.client.RestTemplate              : Accept=[application/json, application/*+json]
2026-03-02T20:41:59.793+05:30 DEBUG 6956 --- [UserService] [DiscoveryClient-CacheRefreshExecutor-0] [                                                 ] o.s.web.client.RestTemplate              : Response 200 OK
2026-03-02T20:41:59.794+05:30 DEBUG 6956 --- [UserService] [DiscoveryClient-CacheRefreshExecutor-0] [                                                 ] o.s.web.client.RestTemplate              : Reading to [org.springframework.cloud.netflix.eureka.http.EurekaApplications]
2026-03-02T20:42:23.395+05:30 DEBUG 6956 --- [UserService] [DiscoveryClient-HeartbeatExecutor-0] [                                                 ] o.s.web.client.RestTemplate              : HTTP PUT http://localhost:8761/eureka/apps/USERSERVICE/DESKTOP-ECRRR37.mshome.net:UserService:8081?status=UP&lastDirtyTimestamp=1772463672709
2026-03-02T20:42:23.400+05:30 DEBUG 6956 --- [UserService] [DiscoveryClient-HeartbeatExecutor-0] [                                                 ] o.s.web.client.RestTemplate              : Accept=[application/json, application/*+json]
2026-03-02T20:42:23.422+05:30 DEBUG 6956 --- [UserService] [DiscoveryClient-HeartbeatExecutor-0] [                                                 ] o.s.web.client.RestTemplate              : Response 200 OK
2026-03-02T20:42:29.814+05:30 DEBUG 6956 --- [UserService] [DiscoveryClient-CacheRefreshExecutor-0] [                                                 ] o.s.web.client.RestTemplate              : HTTP GET http://localhost:8761/eureka/apps/delta
2026-03-02T20:42:29.817+05:30 DEBUG 6956 --- [UserService] [DiscoveryClient-CacheRefreshExecutor-0] [                                                 ] o.s.web.client.RestTemplate              : Accept=[application/json, application/*+json]
2026-03-02T20:42:29.840+05:30 DEBUG 6956 --- [UserService] [DiscoveryClient-CacheRefreshExecutor-0] [                                                 ] o.s.web.client.RestTemplate              : Response 200 OK
2026-03-02T20:42:29.845+05:30 DEBUG 6956 --- [UserService] [DiscoveryClient-CacheRefreshExecutor-0] [                                                 ] o.s.web.client.RestTemplate              : Reading to [org.springframework.cloud.netflix.eureka.http.EurekaApplications]
2026-03-02T20:42:53.439+05:30 DEBUG 6956 --- [UserService] [DiscoveryClient-HeartbeatExecutor-0] [                                                 ] o.s.web.client.RestTemplate              : HTTP PUT http://localhost:8761/eureka/apps/USERSERVICE/DESKTOP-ECRRR37.mshome.net:UserService:8081?status=UP&lastDirtyTimestamp=1772463672709
2026-03-02T20:42:53.440+05:30 DEBUG 6956 --- [UserService] [DiscoveryClient-HeartbeatExecutor-0] [                                                 ] o.s.web.client.RestTemplate              : Accept=[application/json, application/*+json]
2026-03-02T20:42:53.568+05:30 DEBUG 6956 --- [UserService] [DiscoveryClient-HeartbeatExecutor-0] [                                                 ] o.s.web.client.RestTemplate              : Response 200 OK
2026-03-02T20:42:59.870+05:30 DEBUG 6956 --- [UserService] [DiscoveryClient-CacheRefreshExecutor-0] [                                                 ] o.s.web.client.RestTemplate              : HTTP GET http://localhost:8761/eureka/apps/delta
2026-03-02T20:42:59.870+05:30 DEBUG 6956 --- [UserService] [DiscoveryClient-CacheRefreshExecutor-0] [                                                 ] o.s.web.client.RestTemplate              : Accept=[application/json, application/*+json]
2026-03-02T20:42:59.888+05:30 DEBUG 6956 --- [UserService] [DiscoveryClient-CacheRefreshExecutor-0] [                                                 ] o.s.web.client.RestTemplate              : Response 200 OK
2026-03-02T20:42:59.889+05:30 DEBUG 6956 --- [UserService] [DiscoveryClient-CacheRefreshExecutor-0] [                                                 ] o.s.web.client.RestTemplate              : Reading to [org.springframework.cloud.netflix.eureka.http.EurekaApplications]
2026-03-02T20:43:23.574+05:30 DEBUG 6956 --- [UserService] [DiscoveryClient-HeartbeatExecutor-0] [                                                 ] o.s.web.client.RestTemplate              : HTTP PUT http://localhost:8761/eureka/apps/USERSERVICE/DESKTOP-ECRRR37.mshome.net:UserService:8081?status=UP&lastDirtyTimestamp=1772463672709
2026-03-02T20:43:23.574+05:30 DEBUG 6956 --- [UserService] [DiscoveryClient-HeartbeatExecutor-0] [                                                 ] o.s.web.client.RestTemplate              : Accept=[application/json, application/*+json]
2026-03-02T20:43:23.616+05:30 DEBUG 6956 --- [UserService] [DiscoveryClient-HeartbeatExecutor-0] [                                                 ] o.s.web.client.RestTemplate              : Response 200 OK
2026-03-02T20:43:29.893+05:30 DEBUG 6956 --- [UserService] [DiscoveryClient-CacheRefreshExecutor-0] [                                                 ] o.s.web.client.RestTemplate              : HTTP GET http://localhost:8761/eureka/apps/delta
2026-03-02T20:43:29.895+05:30 DEBUG 6956 --- [UserService] [DiscoveryClient-CacheRefreshExecutor-0] [                                                 ] o.s.web.client.RestTemplate              : Accept=[application/json, application/*+json]
2026-03-02T20:43:29.950+05:30 DEBUG 6956 --- [UserService] [DiscoveryClient-CacheRefreshExecutor-0] [                                                 ] o.s.web.client.RestTemplate              : Response 200 OK
2026-03-02T20:43:29.951+05:30 DEBUG 6956 --- [UserService] [DiscoveryClient-CacheRefreshExecutor-0] [                                                 ] o.s.web.client.RestTemplate              : Reading to [org.springframework.cloud.netflix.eureka.http.EurekaApplications]
2026-03-02T20:43:53.621+05:30 DEBUG 6956 --- [UserService] [DiscoveryClient-HeartbeatExecutor-0] [                                                 ] o.s.web.client.RestTemplate              : HTTP PUT http://localhost:8761/eureka/apps/USERSERVICE/DESKTOP-ECRRR37.mshome.net:UserService:8081?status=UP&lastDirtyTimestamp=1772463672709
2026-03-02T20:43:53.624+05:30 DEBUG 6956 --- [UserService] [DiscoveryClient-HeartbeatExecutor-0] [                                                 ] o.s.web.client.RestTemplate              : Accept=[application/json, application/*+json]
2026-03-02T20:43:53.643+05:30 DEBUG 6956 --- [UserService] [DiscoveryClient-HeartbeatExecutor-0] [                                                 ] o.s.web.client.RestTemplate              : Response 200 OK
2026-03-02T20:43:59.966+05:30 DEBUG 6956 --- [UserService] [DiscoveryClient-CacheRefreshExecutor-0] [                                                 ] o.s.web.client.RestTemplate              : HTTP GET http://localhost:8761/eureka/apps/delta
2026-03-02T20:43:59.967+05:30 DEBUG 6956 --- [UserService] [DiscoveryClient-CacheRefreshExecutor-0] [                                                 ] o.s.web.client.RestTemplate              : Accept=[application/json, application/*+json]
2026-03-02T20:43:59.984+05:30 DEBUG 6956 --- [UserService] [DiscoveryClient-CacheRefreshExecutor-0] [                                                 ] o.s.web.client.RestTemplate              : Response 200 OK
2026-03-02T20:43:59.985+05:30 DEBUG 6956 --- [UserService] [DiscoveryClient-CacheRefreshExecutor-0] [                                                 ] o.s.web.client.RestTemplate              : Reading to [org.springframework.cloud.netflix.eureka.http.EurekaApplications]
2026-03-02T20:44:23.648+05:30 DEBUG 6956 --- [UserService] [DiscoveryClient-HeartbeatExecutor-0] [                                                 ] o.s.web.client.RestTemplate              : HTTP PUT http://localhost:8761/eureka/apps/USERSERVICE/DESKTOP-ECRRR37.mshome.net:UserService:8081?status=UP&lastDirtyTimestamp=1772463672709
2026-03-02T20:44:23.649+05:30 DEBUG 6956 --- [UserService] [DiscoveryClient-HeartbeatExecutor-0] [                                                 ] o.s.web.client.RestTemplate              : Accept=[application/json, application/*+json]
2026-03-02T20:44:23.670+05:30 DEBUG 6956 --- [UserService] [DiscoveryClient-HeartbeatExecutor-0] [                                                 ] o.s.web.client.RestTemplate              : Response 200 OK
2026-03-02T20:44:30.001+05:30 DEBUG 6956 --- [UserService] [DiscoveryClient-CacheRefreshExecutor-0] [                                                 ] o.s.web.client.RestTemplate              : HTTP GET http://localhost:8761/eureka/apps/delta
2026-03-02T20:44:30.002+05:30 DEBUG 6956 --- [UserService] [DiscoveryClient-CacheRefreshExecutor-0] [                                                 ] o.s.web.client.RestTemplate              : Accept=[application/json, application/*+json]
2026-03-02T20:44:30.020+05:30 DEBUG 6956 --- [UserService] [DiscoveryClient-CacheRefreshExecutor-0] [                                                 ] o.s.web.client.RestTemplate              : Response 200 OK
2026-03-02T20:44:30.021+05:30 DEBUG 6956 --- [UserService] [DiscoveryClient-CacheRefreshExecutor-0] [                                                 ] o.s.web.client.RestTemplate              : Reading to [org.springframework.cloud.netflix.eureka.http.EurekaApplications]
2026-03-02T20:44:53.678+05:30 DEBUG 6956 --- [UserService] [DiscoveryClient-HeartbeatExecutor-0] [                                                 ] o.s.web.client.RestTemplate              : HTTP PUT http://localhost:8761/eureka/apps/USERSERVICE/DESKTOP-ECRRR37.mshome.net:UserService:8081?status=UP&lastDirtyTimestamp=1772463672709
2026-03-02T20:44:53.680+05:30 DEBUG 6956 --- [UserService] [DiscoveryClient-HeartbeatExecutor-0] [                                                 ] o.s.web.client.RestTemplate              : Accept=[application/json, application/*+json]
2026-03-02T20:44:53.699+05:30 DEBUG 6956 --- [UserService] [DiscoveryClient-HeartbeatExecutor-0] [                                                 ] o.s.web.client.RestTemplate              : Response 200 OK
2026-03-02T20:45:00.038+05:30 DEBUG 6956 --- [UserService] [DiscoveryClient-CacheRefreshExecutor-0] [                                                 ] o.s.web.client.RestTemplate              : HTTP GET http://localhost:8761/eureka/apps/delta
2026-03-02T20:45:00.039+05:30 DEBUG 6956 --- [UserService] [DiscoveryClient-CacheRefreshExecutor-0] [                                                 ] o.s.web.client.RestTemplate              : Accept=[application/json, application/*+json]
2026-03-02T20:45:00.056+05:30 DEBUG 6956 --- [UserService] [DiscoveryClient-CacheRefreshExecutor-0] [                                                 ] o.s.web.client.RestTemplate              : Response 200 OK
2026-03-02T20:45:00.056+05:30 DEBUG 6956 --- [UserService] [DiscoveryClient-CacheRefreshExecutor-0] [                                                 ] o.s.web.client.RestTemplate              : Reading to [org.springframework.cloud.netflix.eureka.http.EurekaApplications]
2026-03-02T20:45:23.710+05:30 DEBUG 6956 --- [UserService] [DiscoveryClient-HeartbeatExecutor-0] [                                                 ] o.s.web.client.RestTemplate              : HTTP PUT http://localhost:8761/eureka/apps/USERSERVICE/DESKTOP-ECRRR37.mshome.net:UserService:8081?status=UP&lastDirtyTimestamp=1772463672709
2026-03-02T20:45:23.712+05:30 DEBUG 6956 --- [UserService] [DiscoveryClient-HeartbeatExecutor-0] [                                                 ] o.s.web.client.RestTemplate              : Accept=[application/json, application/*+json]
2026-03-02T20:45:23.738+05:30 DEBUG 6956 --- [UserService] [DiscoveryClient-HeartbeatExecutor-0] [                                                 ] o.s.web.client.RestTemplate              : Response 200 OK
2026-03-02T20:45:30.166+05:30 DEBUG 6956 --- [UserService] [DiscoveryClient-CacheRefreshExecutor-0] [                                                 ] o.s.web.client.RestTemplate              : HTTP GET http://localhost:8761/eureka/apps/delta
2026-03-02T20:45:30.169+05:30 DEBUG 6956 --- [UserService] [DiscoveryClient-CacheRefreshExecutor-0] [                                                 ] o.s.web.client.RestTemplate              : Accept=[application/json, application/*+json]
2026-03-02T20:45:30.184+05:30 DEBUG 6956 --- [UserService] [DiscoveryClient-CacheRefreshExecutor-0] [                                                 ] o.s.web.client.RestTemplate              : Response 200 OK
2026-03-02T20:45:30.185+05:30 DEBUG 6956 --- [UserService] [DiscoveryClient-CacheRefreshExecutor-0] [                                                 ] o.s.web.client.RestTemplate              : Reading to [org.springframework.cloud.netflix.eureka.http.EurekaApplications]
2026-03-02T20:45:53.749+05:30 DEBUG 6956 --- [UserService] [DiscoveryClient-HeartbeatExecutor-0] [                                                 ] o.s.web.client.RestTemplate              : HTTP PUT http://localhost:8761/eureka/apps/USERSERVICE/DESKTOP-ECRRR37.mshome.net:UserService:8081?status=UP&lastDirtyTimestamp=1772463672709
2026-03-02T20:45:53.752+05:30 DEBUG 6956 --- [UserService] [DiscoveryClient-HeartbeatExecutor-0] [                                                 ] o.s.web.client.RestTemplate              : Accept=[application/json, application/*+json]
2026-03-02T20:45:53.770+05:30 DEBUG 6956 --- [UserService] [DiscoveryClient-HeartbeatExecutor-0] [                                                 ] o.s.web.client.RestTemplate              : Response 200 OK
2026-03-02T20:46:00.197+05:30 DEBUG 6956 --- [UserService] [DiscoveryClient-CacheRefreshExecutor-0] [                                                 ] o.s.web.client.RestTemplate              : HTTP GET http://localhost:8761/eureka/apps/delta
2026-03-02T20:46:00.197+05:30 DEBUG 6956 --- [UserService] [DiscoveryClient-CacheRefreshExecutor-0] [                                                 ] o.s.web.client.RestTemplate              : Accept=[application/json, application/*+json]
2026-03-02T20:46:00.218+05:30 DEBUG 6956 --- [UserService] [DiscoveryClient-CacheRefreshExecutor-0] [                                                 ] o.s.web.client.RestTemplate              : Response 200 OK
2026-03-02T20:46:00.219+05:30 DEBUG 6956 --- [UserService] [DiscoveryClient-CacheRefreshExecutor-0] [                                                 ] o.s.web.client.RestTemplate              : Reading to [org.springframework.cloud.netflix.eureka.http.EurekaApplications]
2026-03-02T20:46:17.442+05:30  INFO 6956 --- [UserService] [AsyncResolver-bootstrap-executor-0] [                                                 ] c.n.d.s.r.aws.ConfigClusterResolver      : Resolving eureka endpoints via configuration
2026-03-02T20:46:26.075+05:30 DEBUG 6956 --- [UserService] [DiscoveryClient-HeartbeatExecutor-0] [                                                 ] o.s.web.client.RestTemplate              : HTTP PUT http://localhost:8761/eureka/apps/USERSERVICE/DESKTOP-ECRRR37.mshome.net:UserService:8081?status=UP&lastDirtyTimestamp=1772463672709
2026-03-02T20:46:26.320+05:30 DEBUG 6956 --- [UserService] [DiscoveryClient-HeartbeatExecutor-0] [                                                 ] o.s.web.client.RestTemplate              : Accept=[application/json, application/*+json]
2026-03-02T20:46:26.339+05:30 DEBUG 6956 --- [UserService] [DiscoveryClient-HeartbeatExecutor-0] [                                                 ] o.s.web.client.RestTemplate              : Response 200 OK
2026-03-02T20:46:30.228+05:30 DEBUG 6956 --- [UserService] [DiscoveryClient-CacheRefreshExecutor-0] [                                                 ] o.s.web.client.RestTemplate              : HTTP GET http://localhost:8761/eureka/apps/delta
2026-03-02T20:46:30.228+05:30 DEBUG 6956 --- [UserService] [DiscoveryClient-CacheRefreshExecutor-0] [                                                 ] o.s.web.client.RestTemplate              : Accept=[application/json, application/*+json]
2026-03-02T20:46:30.247+05:30 DEBUG 6956 --- [UserService] [DiscoveryClient-CacheRefreshExecutor-0] [                                                 ] o.s.web.client.RestTemplate              : Response 200 OK
2026-03-02T20:46:30.247+05:30 DEBUG 6956 --- [UserService] [DiscoveryClient-CacheRefreshExecutor-0] [                                                 ] o.s.web.client.RestTemplate              : Reading to [org.springframework.cloud.netflix.eureka.http.EurekaApplications]
2026-03-02T20:46:56.347+05:30 DEBUG 6956 --- [UserService] [DiscoveryClient-HeartbeatExecutor-0] [                                                 ] o.s.web.client.RestTemplate              : HTTP PUT http://localhost:8761/eureka/apps/USERSERVICE/DESKTOP-ECRRR37.mshome.net:UserService:8081?status=UP&lastDirtyTimestamp=1772463672709
2026-03-02T20:46:56.348+05:30 DEBUG 6956 --- [UserService] [DiscoveryClient-HeartbeatExecutor-0] [                                                 ] o.s.web.client.RestTemplate              : Accept=[application/json, application/*+json]
2026-03-02T20:46:56.366+05:30 DEBUG 6956 --- [UserService] [DiscoveryClient-HeartbeatExecutor-0] [                                                 ] o.s.web.client.RestTemplate              : Response 200 OK
2026-03-02T20:47:00.257+05:30 DEBUG 6956 --- [UserService] [DiscoveryClient-CacheRefreshExecutor-0] [                                                 ] o.s.web.client.RestTemplate              : HTTP GET http://localhost:8761/eureka/apps/delta
2026-03-02T20:47:00.258+05:30 DEBUG 6956 --- [UserService] [DiscoveryClient-CacheRefreshExecutor-0] [                                                 ] o.s.web.client.RestTemplate              : Accept=[application/json, application/*+json]
2026-03-02T20:47:00.282+05:30 DEBUG 6956 --- [UserService] [DiscoveryClient-CacheRefreshExecutor-0] [                                                 ] o.s.web.client.RestTemplate              : Response 200 OK
2026-03-02T20:47:00.283+05:30 DEBUG 6956 --- [UserService] [DiscoveryClient-CacheRefreshExecutor-0] [                                                 ] o.s.web.client.RestTemplate              : Reading to [org.springframework.cloud.netflix.eureka.http.EurekaApplications]
2026-03-02T20:47:26.383+05:30 DEBUG 6956 --- [UserService] [DiscoveryClient-HeartbeatExecutor-0] [                                                 ] o.s.web.client.RestTemplate              : HTTP PUT http://localhost:8761/eureka/apps/USERSERVICE/DESKTOP-ECRRR37.mshome.net:UserService:8081?status=UP&lastDirtyTimestamp=1772463672709
2026-03-02T20:47:26.385+05:30 DEBUG 6956 --- [UserService] [DiscoveryClient-HeartbeatExecutor-0] [                                                 ] o.s.web.client.RestTemplate              : Accept=[application/json, application/*+json]
2026-03-02T20:47:26.404+05:30 DEBUG 6956 --- [UserService] [DiscoveryClient-HeartbeatExecutor-0] [                                                 ] o.s.web.client.RestTemplate              : Response 200 OK
2026-03-02T20:47:30.298+05:30 DEBUG 6956 --- [UserService] [DiscoveryClient-CacheRefreshExecutor-0] [                                                 ] o.s.web.client.RestTemplate              : HTTP GET http://localhost:8761/eureka/apps/delta
2026-03-02T20:47:30.298+05:30 DEBUG 6956 --- [UserService] [DiscoveryClient-CacheRefreshExecutor-0] [                                                 ] o.s.web.client.RestTemplate              : Accept=[application/json, application/*+json]
2026-03-02T20:47:30.321+05:30 DEBUG 6956 --- [UserService] [DiscoveryClient-CacheRefreshExecutor-0] [                                                 ] o.s.web.client.RestTemplate              : Response 200 OK
2026-03-02T20:47:30.322+05:30 DEBUG 6956 --- [UserService] [DiscoveryClient-CacheRefreshExecutor-0] [                                                 ] o.s.web.client.RestTemplate              : Reading to [org.springframework.cloud.netflix.eureka.http.EurekaApplications]
2026-03-02T20:47:56.417+05:30 DEBUG 6956 --- [UserService] [DiscoveryClient-HeartbeatExecutor-0] [                                                 ] o.s.web.client.RestTemplate              : HTTP PUT http://localhost:8761/eureka/apps/USERSERVICE/DESKTOP-ECRRR37.mshome.net:UserService:8081?status=UP&lastDirtyTimestamp=1772463672709
2026-03-02T20:47:56.418+05:30 DEBUG 6956 --- [UserService] [DiscoveryClient-HeartbeatExecutor-0] [                                                 ] o.s.web.client.RestTemplate              : Accept=[application/json, application/*+json]
2026-03-02T20:47:56.436+05:30 DEBUG 6956 --- [UserService] [DiscoveryClient-HeartbeatExecutor-0] [                                                 ] o.s.web.client.RestTemplate              : Response 200 OK
2026-03-02T20:48:00.326+05:30 DEBUG 6956 --- [UserService] [DiscoveryClient-CacheRefreshExecutor-0] [                                                 ] o.s.web.client.RestTemplate              : HTTP GET http://localhost:8761/eureka/apps/delta
2026-03-02T20:48:00.326+05:30 DEBUG 6956 --- [UserService] [DiscoveryClient-CacheRefreshExecutor-0] [                                                 ] o.s.web.client.RestTemplate              : Accept=[application/json, application/*+json]
2026-03-02T20:48:00.344+05:30 DEBUG 6956 --- [UserService] [DiscoveryClient-CacheRefreshExecutor-0] [                                                 ] o.s.web.client.RestTemplate              : Response 200 OK
2026-03-02T20:48:00.344+05:30 DEBUG 6956 --- [UserService] [DiscoveryClient-CacheRefreshExecutor-0] [                                                 ] o.s.web.client.RestTemplate              : Reading to [org.springframework.cloud.netflix.eureka.http.EurekaApplications]
2026-03-02T20:48:26.451+05:30 DEBUG 6956 --- [UserService] [DiscoveryClient-HeartbeatExecutor-0] [                                                 ] o.s.web.client.RestTemplate              : HTTP PUT http://localhost:8761/eureka/apps/USERSERVICE/DESKTOP-ECRRR37.mshome.net:UserService:8081?status=UP&lastDirtyTimestamp=1772463672709
2026-03-02T20:48:26.455+05:30 DEBUG 6956 --- [UserService] [DiscoveryClient-HeartbeatExecutor-0] [                                                 ] o.s.web.client.RestTemplate              : Accept=[application/json, application/*+json]
2026-03-02T20:48:26.485+05:30 DEBUG 6956 --- [UserService] [DiscoveryClient-HeartbeatExecutor-0] [                                                 ] o.s.web.client.RestTemplate              : Response 200 OK
2026-03-02T20:48:30.360+05:30 DEBUG 6956 --- [UserService] [DiscoveryClient-CacheRefreshExecutor-0] [                                                 ] o.s.web.client.RestTemplate              : HTTP GET http://localhost:8761/eureka/apps/delta
2026-03-02T20:48:30.361+05:30 DEBUG 6956 --- [UserService] [DiscoveryClient-CacheRefreshExecutor-0] [                                                 ] o.s.web.client.RestTemplate              : Accept=[application/json, application/*+json]
2026-03-02T20:48:30.381+05:30 DEBUG 6956 --- [UserService] [DiscoveryClient-CacheRefreshExecutor-0] [                                                 ] o.s.web.client.RestTemplate              : Response 200 OK
2026-03-02T20:48:30.383+05:30 DEBUG 6956 --- [UserService] [DiscoveryClient-CacheRefreshExecutor-0] [                                                 ] o.s.web.client.RestTemplate              : Reading to [org.springframework.cloud.netflix.eureka.http.EurekaApplications]
2026-03-02T20:48:56.489+05:30 DEBUG 6956 --- [UserService] [DiscoveryClient-HeartbeatExecutor-0] [                                                 ] o.s.web.client.RestTemplate              : HTTP PUT http://localhost:8761/eureka/apps/USERSERVICE/DESKTOP-ECRRR37.mshome.net:UserService:8081?status=UP&lastDirtyTimestamp=1772463672709
2026-03-02T20:48:56.489+05:30 DEBUG 6956 --- [UserService] [DiscoveryClient-HeartbeatExecutor-0] [                                                 ] o.s.web.client.RestTemplate              : Accept=[application/json, application/*+json]
2026-03-02T20:48:56.512+05:30 DEBUG 6956 --- [UserService] [DiscoveryClient-HeartbeatExecutor-0] [                                                 ] o.s.web.client.RestTemplate              : Response 200 OK
2026-03-02T20:49:00.399+05:30 DEBUG 6956 --- [UserService] [DiscoveryClient-CacheRefreshExecutor-0] [                                                 ] o.s.web.client.RestTemplate              : HTTP GET http://localhost:8761/eureka/apps/delta
2026-03-02T20:49:00.399+05:30 DEBUG 6956 --- [UserService] [DiscoveryClient-CacheRefreshExecutor-0] [                                                 ] o.s.web.client.RestTemplate              : Accept=[application/json, application/*+json]
2026-03-02T20:49:00.422+05:30 DEBUG 6956 --- [UserService] [DiscoveryClient-CacheRefreshExecutor-0] [                                                 ] o.s.web.client.RestTemplate              : Response 200 OK
2026-03-02T20:49:00.423+05:30 DEBUG 6956 --- [UserService] [DiscoveryClient-CacheRefreshExecutor-0] [                                                 ] o.s.web.client.RestTemplate              : Reading to [org.springframework.cloud.netflix.eureka.http.EurekaApplications]
2026-03-02T20:49:26.518+05:30 DEBUG 6956 --- [UserService] [DiscoveryClient-HeartbeatExecutor-0] [                                                 ] o.s.web.client.RestTemplate              : HTTP PUT http://localhost:8761/eureka/apps/USERSERVICE/DESKTOP-ECRRR37.mshome.net:UserService:8081?status=UP&lastDirtyTimestamp=1772463672709
2026-03-02T20:49:26.518+05:30 DEBUG 6956 --- [UserService] [DiscoveryClient-HeartbeatExecutor-0] [                                                 ] o.s.web.client.RestTemplate              : Accept=[application/json, application/*+json]
2026-03-02T20:49:26.535+05:30 DEBUG 6956 --- [UserService] [DiscoveryClient-HeartbeatExecutor-0] [                                                 ] o.s.web.client.RestTemplate              : Response 200 OK
2026-03-02T20:49:30.547+05:30 DEBUG 6956 --- [UserService] [DiscoveryClient-CacheRefreshExecutor-0] [                                                 ] o.s.web.client.RestTemplate              : HTTP GET http://localhost:8761/eureka/apps/delta
2026-03-02T20:49:30.548+05:30 DEBUG 6956 --- [UserService] [DiscoveryClient-CacheRefreshExecutor-0] [                                                 ] o.s.web.client.RestTemplate              : Accept=[application/json, application/*+json]
2026-03-02T20:49:30.829+05:30 DEBUG 6956 --- [UserService] [DiscoveryClient-CacheRefreshExecutor-0] [                                                 ] o.s.web.client.RestTemplate              : Response 200 OK
2026-03-02T20:49:30.833+05:30 DEBUG 6956 --- [UserService] [DiscoveryClient-CacheRefreshExecutor-0] [                                                 ] o.s.web.client.RestTemplate              : Reading to [org.springframework.cloud.netflix.eureka.http.EurekaApplications]
2026-03-02T20:49:56.537+05:30 DEBUG 6956 --- [UserService] [DiscoveryClient-HeartbeatExecutor-0] [                                                 ] o.s.web.client.RestTemplate              : HTTP PUT http://localhost:8761/eureka/apps/USERSERVICE/DESKTOP-ECRRR37.mshome.net:UserService:8081?status=UP&lastDirtyTimestamp=1772463672709
2026-03-02T20:49:56.539+05:30 DEBUG 6956 --- [UserService] [DiscoveryClient-HeartbeatExecutor-0] [                                                 ] o.s.web.client.RestTemplate              : Accept=[application/json, application/*+json]
2026-03-02T20:49:56.558+05:30 DEBUG 6956 --- [UserService] [DiscoveryClient-HeartbeatExecutor-0] [                                                 ] o.s.web.client.RestTemplate              : Response 200 OK
2026-03-02T20:50:00.850+05:30 DEBUG 6956 --- [UserService] [DiscoveryClient-CacheRefreshExecutor-0] [                                                 ] o.s.web.client.RestTemplate              : HTTP GET http://localhost:8761/eureka/apps/delta
2026-03-02T20:50:00.851+05:30 DEBUG 6956 --- [UserService] [DiscoveryClient-CacheRefreshExecutor-0] [                                                 ] o.s.web.client.RestTemplate              : Accept=[application/json, application/*+json]
2026-03-02T20:50:00.870+05:30 DEBUG 6956 --- [UserService] [DiscoveryClient-CacheRefreshExecutor-0] [                                                 ] o.s.web.client.RestTemplate              : Response 200 OK
2026-03-02T20:50:00.871+05:30 DEBUG 6956 --- [UserService] [DiscoveryClient-CacheRefreshExecutor-0] [                                                 ] o.s.web.client.RestTemplate              : Reading to [org.springframework.cloud.netflix.eureka.http.EurekaApplications]
2026-03-02T20:50:26.572+05:30 DEBUG 6956 --- [UserService] [DiscoveryClient-HeartbeatExecutor-0] [                                                 ] o.s.web.client.RestTemplate              : HTTP PUT http://localhost:8761/eureka/apps/USERSERVICE/DESKTOP-ECRRR37.mshome.net:UserService:8081?status=UP&lastDirtyTimestamp=1772463672709
2026-03-02T20:50:26.572+05:30 DEBUG 6956 --- [UserService] [DiscoveryClient-HeartbeatExecutor-0] [                                                 ] o.s.web.client.RestTemplate              : Accept=[application/json, application/*+json]
2026-03-02T20:50:26.589+05:30 DEBUG 6956 --- [UserService] [DiscoveryClient-HeartbeatExecutor-0] [                                                 ] o.s.web.client.RestTemplate              : Response 200 OK
2026-03-02T20:50:30.879+05:30 DEBUG 6956 --- [UserService] [DiscoveryClient-CacheRefreshExecutor-0] [                                                 ] o.s.web.client.RestTemplate              : HTTP GET http://localhost:8761/eureka/apps/delta
2026-03-02T20:50:30.879+05:30 DEBUG 6956 --- [UserService] [DiscoveryClient-CacheRefreshExecutor-0] [                                                 ] o.s.web.client.RestTemplate              : Accept=[application/json, application/*+json]
2026-03-02T20:50:30.893+05:30 DEBUG 6956 --- [UserService] [DiscoveryClient-CacheRefreshExecutor-0] [                                                 ] o.s.web.client.RestTemplate              : Response 200 OK
2026-03-02T20:50:30.894+05:30 DEBUG 6956 --- [UserService] [DiscoveryClient-CacheRefreshExecutor-0] [                                                 ] o.s.web.client.RestTemplate              : Reading to [org.springframework.cloud.netflix.eureka.http.EurekaApplications]
2026-03-02T20:50:56.601+05:30 DEBUG 6956 --- [UserService] [DiscoveryClient-HeartbeatExecutor-0] [                                                 ] o.s.web.client.RestTemplate              : HTTP PUT http://localhost:8761/eureka/apps/USERSERVICE/DESKTOP-ECRRR37.mshome.net:UserService:8081?status=UP&lastDirtyTimestamp=1772463672709
2026-03-02T20:50:56.602+05:30 DEBUG 6956 --- [UserService] [DiscoveryClient-HeartbeatExecutor-0] [                                                 ] o.s.web.client.RestTemplate              : Accept=[application/json, application/*+json]
2026-03-02T20:50:56.623+05:30 DEBUG 6956 --- [UserService] [DiscoveryClient-HeartbeatExecutor-0] [                                                 ] o.s.web.client.RestTemplate              : Response 200 OK
2026-03-02T20:51:00.897+05:30 DEBUG 6956 --- [UserService] [DiscoveryClient-CacheRefreshExecutor-0] [                                                 ] o.s.web.client.RestTemplate              : HTTP GET http://localhost:8761/eureka/apps/delta
2026-03-02T20:51:00.898+05:30 DEBUG 6956 --- [UserService] [DiscoveryClient-CacheRefreshExecutor-0] [                                                 ] o.s.web.client.RestTemplate              : Accept=[application/json, application/*+json]
2026-03-02T20:51:00.915+05:30 DEBUG 6956 --- [UserService] [DiscoveryClient-CacheRefreshExecutor-0] [                                                 ] o.s.web.client.RestTemplate              : Response 200 OK
2026-03-02T20:51:00.915+05:30 DEBUG 6956 --- [UserService] [DiscoveryClient-CacheRefreshExecutor-0] [                                                 ] o.s.web.client.RestTemplate              : Reading to [org.springframework.cloud.netflix.eureka.http.EurekaApplications]
2026-03-02T20:51:18.387+05:30  INFO 6956 --- [UserService] [AsyncResolver-bootstrap-executor-0] [                                                 ] c.n.d.s.r.aws.ConfigClusterResolver      : Resolving eureka endpoints via configuration
2026-03-02T20:51:26.640+05:30 DEBUG 6956 --- [UserService] [DiscoveryClient-HeartbeatExecutor-0] [                                                 ] o.s.web.client.RestTemplate              : HTTP PUT http://localhost:8761/eureka/apps/USERSERVICE/DESKTOP-ECRRR37.mshome.net:UserService:8081?status=UP&lastDirtyTimestamp=1772463672709
2026-03-02T20:51:26.640+05:30 DEBUG 6956 --- [UserService] [DiscoveryClient-HeartbeatExecutor-0] [                                                 ] o.s.web.client.RestTemplate              : Accept=[application/json, application/*+json]
2026-03-02T20:51:26.658+05:30 DEBUG 6956 --- [UserService] [DiscoveryClient-HeartbeatExecutor-0] [                                                 ] o.s.web.client.RestTemplate              : Response 200 OK
2026-03-02T20:51:30.930+05:30 DEBUG 6956 --- [UserService] [DiscoveryClient-CacheRefreshExecutor-0] [                                                 ] o.s.web.client.RestTemplate              : HTTP GET http://localhost:8761/eureka/apps/delta
2026-03-02T20:51:30.931+05:30 DEBUG 6956 --- [UserService] [DiscoveryClient-CacheRefreshExecutor-0] [                                                 ] o.s.web.client.RestTemplate              : Accept=[application/json, application/*+json]
2026-03-02T20:51:30.951+05:30 DEBUG 6956 --- [UserService] [DiscoveryClient-CacheRefreshExecutor-0] [                                                 ] o.s.web.client.RestTemplate              : Response 200 OK
2026-03-02T20:51:30.951+05:30 DEBUG 6956 --- [UserService] [DiscoveryClient-CacheRefreshExecutor-0] [                                                 ] o.s.web.client.RestTemplate              : Reading to [org.springframework.cloud.netflix.eureka.http.EurekaApplications]
2026-03-02T20:51:56.671+05:30 DEBUG 6956 --- [UserService] [DiscoveryClient-HeartbeatExecutor-0] [                                                 ] o.s.web.client.RestTemplate              : HTTP PUT http://localhost:8761/eureka/apps/USERSERVICE/DESKTOP-ECRRR37.mshome.net:UserService:8081?status=UP&lastDirtyTimestamp=1772463672709
2026-03-02T20:51:56.672+05:30 DEBUG 6956 --- [UserService] [DiscoveryClient-HeartbeatExecutor-0] [                                                 ] o.s.web.client.RestTemplate              : Accept=[application/json, application/*+json]
2026-03-02T20:51:56.690+05:30 DEBUG 6956 --- [UserService] [DiscoveryClient-HeartbeatExecutor-0] [                                                 ] o.s.web.client.RestTemplate              : Response 200 OK
2026-03-02T20:52:00.955+05:30 DEBUG 6956 --- [UserService] [DiscoveryClient-CacheRefreshExecutor-0] [                                                 ] o.s.web.client.RestTemplate              : HTTP GET http://localhost:8761/eureka/apps/delta
2026-03-02T20:52:00.956+05:30 DEBUG 6956 --- [UserService] [DiscoveryClient-CacheRefreshExecutor-0] [                                                 ] o.s.web.client.RestTemplate              : Accept=[application/json, application/*+json]
2026-03-02T20:52:00.973+05:30 DEBUG 6956 --- [UserService] [DiscoveryClient-CacheRefreshExecutor-0] [                                                 ] o.s.web.client.RestTemplate              : Response 200 OK
2026-03-02T20:52:00.973+05:30 DEBUG 6956 --- [UserService] [DiscoveryClient-CacheRefreshExecutor-0] [                                                 ] o.s.web.client.RestTemplate              : Reading to [org.springframework.cloud.netflix.eureka.http.EurekaApplications]
2026-03-02T20:52:26.695+05:30 DEBUG 6956 --- [UserService] [DiscoveryClient-HeartbeatExecutor-0] [                                                 ] o.s.web.client.RestTemplate              : HTTP PUT http://localhost:8761/eureka/apps/USERSERVICE/DESKTOP-ECRRR37.mshome.net:UserService:8081?status=UP&lastDirtyTimestamp=1772463672709
2026-03-02T20:52:26.697+05:30 DEBUG 6956 --- [UserService] [DiscoveryClient-HeartbeatExecutor-0] [                                                 ] o.s.web.client.RestTemplate              : Accept=[application/json, application/*+json]
2026-03-02T20:52:26.720+05:30 DEBUG 6956 --- [UserService] [DiscoveryClient-HeartbeatExecutor-0] [                                                 ] o.s.web.client.RestTemplate              : Response 200 OK
2026-03-02T20:52:30.985+05:30 DEBUG 6956 --- [UserService] [DiscoveryClient-CacheRefreshExecutor-0] [                                                 ] o.s.web.client.RestTemplate              : HTTP GET http://localhost:8761/eureka/apps/delta
2026-03-02T20:52:30.985+05:30 DEBUG 6956 --- [UserService] [DiscoveryClient-CacheRefreshExecutor-0] [                                                 ] o.s.web.client.RestTemplate              : Accept=[application/json, application/*+json]
2026-03-02T20:52:31.010+05:30 DEBUG 6956 --- [UserService] [DiscoveryClient-CacheRefreshExecutor-0] [                                                 ] o.s.web.client.RestTemplate              : Response 200 OK
2026-03-02T20:52:31.010+05:30 DEBUG 6956 --- [UserService] [DiscoveryClient-CacheRefreshExecutor-0] [                                                 ] o.s.web.client.RestTemplate              : Reading to [org.springframework.cloud.netflix.eureka.http.EurekaApplications]
2026-03-02T20:52:56.721+05:30 DEBUG 6956 --- [UserService] [DiscoveryClient-HeartbeatExecutor-0] [                                                 ] o.s.web.client.RestTemplate              : HTTP PUT http://localhost:8761/eureka/apps/USERSERVICE/DESKTOP-ECRRR37.mshome.net:UserService:8081?status=UP&lastDirtyTimestamp=1772463672709
2026-03-02T20:52:56.722+05:30 DEBUG 6956 --- [UserService] [DiscoveryClient-HeartbeatExecutor-0] [                                                 ] o.s.web.client.RestTemplate              : Accept=[application/json, application/*+json]
2026-03-02T20:52:56.741+05:30 DEBUG 6956 --- [UserService] [DiscoveryClient-HeartbeatExecutor-0] [                                                 ] o.s.web.client.RestTemplate              : Response 200 OK
2026-03-02T20:53:01.023+05:30 DEBUG 6956 --- [UserService] [DiscoveryClient-CacheRefreshExecutor-0] [                                                 ] o.s.web.client.RestTemplate              : HTTP GET http://localhost:8761/eureka/apps/delta
2026-03-02T20:53:01.023+05:30 DEBUG 6956 --- [UserService] [DiscoveryClient-CacheRefreshExecutor-0] [                                                 ] o.s.web.client.RestTemplate              : Accept=[application/json, application/*+json]
2026-03-02T20:53:01.039+05:30 DEBUG 6956 --- [UserService] [DiscoveryClient-CacheRefreshExecutor-0] [                                                 ] o.s.web.client.RestTemplate              : Response 200 OK
2026-03-02T20:53:01.041+05:30 DEBUG 6956 --- [UserService] [DiscoveryClient-CacheRefreshExecutor-0] [                                                 ] o.s.web.client.RestTemplate              : Reading to [org.springframework.cloud.netflix.eureka.http.EurekaApplications]
2026-03-02T20:53:26.751+05:30 DEBUG 6956 --- [UserService] [DiscoveryClient-HeartbeatExecutor-0] [                                                 ] o.s.web.client.RestTemplate              : HTTP PUT http://localhost:8761/eureka/apps/USERSERVICE/DESKTOP-ECRRR37.mshome.net:UserService:8081?status=UP&lastDirtyTimestamp=1772463672709
2026-03-02T20:53:26.752+05:30 DEBUG 6956 --- [UserService] [DiscoveryClient-HeartbeatExecutor-0] [                                                 ] o.s.web.client.RestTemplate              : Accept=[application/json, application/*+json]
2026-03-02T20:53:26.800+05:30 DEBUG 6956 --- [UserService] [DiscoveryClient-HeartbeatExecutor-0] [                                                 ] o.s.web.client.RestTemplate              : Response 200 OK
2026-03-02T20:53:31.050+05:30 DEBUG 6956 --- [UserService] [DiscoveryClient-CacheRefreshExecutor-0] [                                                 ] o.s.web.client.RestTemplate              : HTTP GET http://localhost:8761/eureka/apps/delta
2026-03-02T20:53:31.052+05:30 DEBUG 6956 --- [UserService] [DiscoveryClient-CacheRefreshExecutor-0] [                                                 ] o.s.web.client.RestTemplate              : Accept=[application/json, application/*+json]
2026-03-02T20:53:31.071+05:30 DEBUG 6956 --- [UserService] [DiscoveryClient-CacheRefreshExecutor-0] [                                                 ] o.s.web.client.RestTemplate              : Response 200 OK
2026-03-02T20:53:31.072+05:30 DEBUG 6956 --- [UserService] [DiscoveryClient-CacheRefreshExecutor-0] [                                                 ] o.s.web.client.RestTemplate              : Reading to [org.springframework.cloud.netflix.eureka.http.EurekaApplications]
2026-03-02T20:53:56.814+05:30 DEBUG 6956 --- [UserService] [DiscoveryClient-HeartbeatExecutor-0] [                                                 ] o.s.web.client.RestTemplate              : HTTP PUT http://localhost:8761/eureka/apps/USERSERVICE/DESKTOP-ECRRR37.mshome.net:UserService:8081?status=UP&lastDirtyTimestamp=1772463672709
2026-03-02T20:53:56.815+05:30 DEBUG 6956 --- [UserService] [DiscoveryClient-HeartbeatExecutor-0] [                                                 ] o.s.web.client.RestTemplate              : Accept=[application/json, application/*+json]
2026-03-02T20:53:56.831+05:30 DEBUG 6956 --- [UserService] [DiscoveryClient-HeartbeatExecutor-0] [                                                 ] o.s.web.client.RestTemplate              : Response 200 OK
2026-03-02T20:54:01.076+05:30 DEBUG 6956 --- [UserService] [DiscoveryClient-CacheRefreshExecutor-0] [                                                 ] o.s.web.client.RestTemplate              : HTTP GET http://localhost:8761/eureka/apps/delta
2026-03-02T20:54:01.076+05:30 DEBUG 6956 --- [UserService] [DiscoveryClient-CacheRefreshExecutor-0] [                                                 ] o.s.web.client.RestTemplate              : Accept=[application/json, application/*+json]
2026-03-02T20:54:01.095+05:30 DEBUG 6956 --- [UserService] [DiscoveryClient-CacheRefreshExecutor-0] [                                                 ] o.s.web.client.RestTemplate              : Response 200 OK
2026-03-02T20:54:01.095+05:30 DEBUG 6956 --- [UserService] [DiscoveryClient-CacheRefreshExecutor-0] [                                                 ] o.s.web.client.RestTemplate              : Reading to [org.springframework.cloud.netflix.eureka.http.EurekaApplications]
2026-03-02T20:54:26.847+05:30 DEBUG 6956 --- [UserService] [DiscoveryClient-HeartbeatExecutor-0] [                                                 ] o.s.web.client.RestTemplate              : HTTP PUT http://localhost:8761/eureka/apps/USERSERVICE/DESKTOP-ECRRR37.mshome.net:UserService:8081?status=UP&lastDirtyTimestamp=1772463672709
2026-03-02T20:54:26.848+05:30 DEBUG 6956 --- [UserService] [DiscoveryClient-HeartbeatExecutor-0] [                                                 ] o.s.web.client.RestTemplate              : Accept=[application/json, application/*+json]
2026-03-02T20:54:26.867+05:30 DEBUG 6956 --- [UserService] [DiscoveryClient-HeartbeatExecutor-0] [                                                 ] o.s.web.client.RestTemplate              : Response 200 OK
2026-03-02T20:54:31.108+05:30 DEBUG 6956 --- [UserService] [DiscoveryClient-CacheRefreshExecutor-0] [                                                 ] o.s.web.client.RestTemplate              : HTTP GET http://localhost:8761/eureka/apps/delta
2026-03-02T20:54:31.112+05:30 DEBUG 6956 --- [UserService] [DiscoveryClient-CacheRefreshExecutor-0] [                                                 ] o.s.web.client.RestTemplate              : Accept=[application/json, application/*+json]
2026-03-02T20:54:31.128+05:30 DEBUG 6956 --- [UserService] [DiscoveryClient-CacheRefreshExecutor-0] [                                                 ] o.s.web.client.RestTemplate              : Response 200 OK
2026-03-02T20:54:31.129+05:30 DEBUG 6956 --- [UserService] [DiscoveryClient-CacheRefreshExecutor-0] [                                                 ] o.s.web.client.RestTemplate              : Reading to [org.springframework.cloud.netflix.eureka.http.EurekaApplications]
2026-03-02T20:54:56.880+05:30 DEBUG 6956 --- [UserService] [DiscoveryClient-HeartbeatExecutor-0] [                                                 ] o.s.web.client.RestTemplate              : HTTP PUT http://localhost:8761/eureka/apps/USERSERVICE/DESKTOP-ECRRR37.mshome.net:UserService:8081?status=UP&lastDirtyTimestamp=1772463672709
2026-03-02T20:54:56.880+05:30 DEBUG 6956 --- [UserService] [DiscoveryClient-HeartbeatExecutor-0] [                                                 ] o.s.web.client.RestTemplate              : Accept=[application/json, application/*+json]
2026-03-02T20:54:56.902+05:30 DEBUG 6956 --- [UserService] [DiscoveryClient-HeartbeatExecutor-0] [                                                 ] o.s.web.client.RestTemplate              : Response 200 OK
2026-03-02T20:55:01.135+05:30 DEBUG 6956 --- [UserService] [DiscoveryClient-CacheRefreshExecutor-0] [                                                 ] o.s.web.client.RestTemplate              : HTTP GET http://localhost:8761/eureka/apps/delta
2026-03-02T20:55:01.136+05:30 DEBUG 6956 --- [UserService] [DiscoveryClient-CacheRefreshExecutor-0] [                                                 ] o.s.web.client.RestTemplate              : Accept=[application/json, application/*+json]
2026-03-02T20:55:01.155+05:30 DEBUG 6956 --- [UserService] [DiscoveryClient-CacheRefreshExecutor-0] [                                                 ] o.s.web.client.RestTemplate              : Response 200 OK
2026-03-02T20:55:01.156+05:30 DEBUG 6956 --- [UserService] [DiscoveryClient-CacheRefreshExecutor-0] [                                                 ] o.s.web.client.RestTemplate              : Reading to [org.springframework.cloud.netflix.eureka.http.EurekaApplications]
2026-03-02T20:55:26.908+05:30 DEBUG 6956 --- [UserService] [DiscoveryClient-HeartbeatExecutor-0] [                                                 ] o.s.web.client.RestTemplate              : HTTP PUT http://localhost:8761/eureka/apps/USERSERVICE/DESKTOP-ECRRR37.mshome.net:UserService:8081?status=UP&lastDirtyTimestamp=1772463672709
2026-03-02T20:55:26.922+05:30 DEBUG 6956 --- [UserService] [DiscoveryClient-HeartbeatExecutor-0] [                                                 ] o.s.web.client.RestTemplate              : Accept=[application/json, application/*+json]
2026-03-02T20:55:26.942+05:30 DEBUG 6956 --- [UserService] [DiscoveryClient-HeartbeatExecutor-0] [                                                 ] o.s.web.client.RestTemplate              : Response 200 OK
2026-03-02T20:55:31.160+05:30 DEBUG 6956 --- [UserService] [DiscoveryClient-CacheRefreshExecutor-0] [                                                 ] o.s.web.client.RestTemplate              : HTTP GET http://localhost:8761/eureka/apps/delta
2026-03-02T20:55:31.160+05:30 DEBUG 6956 --- [UserService] [DiscoveryClient-CacheRefreshExecutor-0] [                                                 ] o.s.web.client.RestTemplate              : Accept=[application/json, application/*+json]
2026-03-02T20:55:31.177+05:30 DEBUG 6956 --- [UserService] [DiscoveryClient-CacheRefreshExecutor-0] [                                                 ] o.s.web.client.RestTemplate              : Response 200 OK
2026-03-02T20:55:31.177+05:30 DEBUG 6956 --- [UserService] [DiscoveryClient-CacheRefreshExecutor-0] [                                                 ] o.s.web.client.RestTemplate              : Reading to [org.springframework.cloud.netflix.eureka.http.EurekaApplications]
2026-03-02T20:55:56.959+05:30 DEBUG 6956 --- [UserService] [DiscoveryClient-HeartbeatExecutor-0] [                                                 ] o.s.web.client.RestTemplate              : HTTP PUT http://localhost:8761/eureka/apps/USERSERVICE/DESKTOP-ECRRR37.mshome.net:UserService:8081?status=UP&lastDirtyTimestamp=1772463672709
2026-03-02T20:55:56.959+05:30 DEBUG 6956 --- [UserService] [DiscoveryClient-HeartbeatExecutor-0] [                                                 ] o.s.web.client.RestTemplate              : Accept=[application/json, application/*+json]
2026-03-02T20:55:56.976+05:30 DEBUG 6956 --- [UserService] [DiscoveryClient-HeartbeatExecutor-0] [                                                 ] o.s.web.client.RestTemplate              : Response 200 OK
2026-03-02T20:56:01.186+05:30 DEBUG 6956 --- [UserService] [DiscoveryClient-CacheRefreshExecutor-0] [                                                 ] o.s.web.client.RestTemplate              : HTTP GET http://localhost:8761/eureka/apps/delta
2026-03-02T20:56:01.187+05:30 DEBUG 6956 --- [UserService] [DiscoveryClient-CacheRefreshExecutor-0] [                                                 ] o.s.web.client.RestTemplate              : Accept=[application/json, application/*+json]
2026-03-02T20:56:01.204+05:30 DEBUG 6956 --- [UserService] [DiscoveryClient-CacheRefreshExecutor-0] [                                                 ] o.s.web.client.RestTemplate              : Response 200 OK
2026-03-02T20:56:01.205+05:30 DEBUG 6956 --- [UserService] [DiscoveryClient-CacheRefreshExecutor-0] [                                                 ] o.s.web.client.RestTemplate              : Reading to [org.springframework.cloud.netflix.eureka.http.EurekaApplications]
2026-03-02T20:56:18.413+05:30  INFO 6956 --- [UserService] [AsyncResolver-bootstrap-executor-0] [                                                 ] c.n.d.s.r.aws.ConfigClusterResolver      : Resolving eureka endpoints via configuration
2026-03-02T20:56:26.982+05:30 DEBUG 6956 --- [UserService] [DiscoveryClient-HeartbeatExecutor-0] [                                                 ] o.s.web.client.RestTemplate              : HTTP PUT http://localhost:8761/eureka/apps/USERSERVICE/DESKTOP-ECRRR37.mshome.net:UserService:8081?status=UP&lastDirtyTimestamp=1772463672709
2026-03-02T20:56:26.983+05:30 DEBUG 6956 --- [UserService] [DiscoveryClient-HeartbeatExecutor-0] [                                                 ] o.s.web.client.RestTemplate              : Accept=[application/json, application/*+json]
2026-03-02T20:56:27.004+05:30 DEBUG 6956 --- [UserService] [DiscoveryClient-HeartbeatExecutor-0] [                                                 ] o.s.web.client.RestTemplate              : Response 200 OK
2026-03-02T20:56:31.221+05:30 DEBUG 6956 --- [UserService] [DiscoveryClient-CacheRefreshExecutor-0] [                                                 ] o.s.web.client.RestTemplate              : HTTP GET http://localhost:8761/eureka/apps/delta
2026-03-02T20:56:31.221+05:30 DEBUG 6956 --- [UserService] [DiscoveryClient-CacheRefreshExecutor-0] [                                                 ] o.s.web.client.RestTemplate              : Accept=[application/json, application/*+json]
2026-03-02T20:56:31.240+05:30 DEBUG 6956 --- [UserService] [DiscoveryClient-CacheRefreshExecutor-0] [                                                 ] o.s.web.client.RestTemplate              : Response 200 OK
2026-03-02T20:56:31.243+05:30 DEBUG 6956 --- [UserService] [DiscoveryClient-CacheRefreshExecutor-0] [                                                 ] o.s.web.client.RestTemplate              : Reading to [org.springframework.cloud.netflix.eureka.http.EurekaApplications]
2026-03-02T20:56:57.026+05:30 DEBUG 6956 --- [UserService] [DiscoveryClient-HeartbeatExecutor-0] [                                                 ] o.s.web.client.RestTemplate              : HTTP PUT http://localhost:8761/eureka/apps/USERSERVICE/DESKTOP-ECRRR37.mshome.net:UserService:8081?status=UP&lastDirtyTimestamp=1772463672709
2026-03-02T20:56:57.027+05:30 DEBUG 6956 --- [UserService] [DiscoveryClient-HeartbeatExecutor-0] [                                                 ] o.s.web.client.RestTemplate              : Accept=[application/json, application/*+json]
2026-03-02T20:56:57.038+05:30 DEBUG 6956 --- [UserService] [DiscoveryClient-HeartbeatExecutor-0] [                                                 ] o.s.web.client.RestTemplate              : Response 200 OK
2026-03-02T20:57:01.254+05:30 DEBUG 6956 --- [UserService] [DiscoveryClient-CacheRefreshExecutor-0] [                                                 ] o.s.web.client.RestTemplate              : HTTP GET http://localhost:8761/eureka/apps/delta
2026-03-02T20:57:01.254+05:30 DEBUG 6956 --- [UserService] [DiscoveryClient-CacheRefreshExecutor-0] [                                                 ] o.s.web.client.RestTemplate              : Accept=[application/json, application/*+json]
2026-03-02T20:57:01.277+05:30 DEBUG 6956 --- [UserService] [DiscoveryClient-CacheRefreshExecutor-0] [                                                 ] o.s.web.client.RestTemplate              : Response 200 OK
2026-03-02T20:57:01.277+05:30 DEBUG 6956 --- [UserService] [DiscoveryClient-CacheRefreshExecutor-0] [                                                 ] o.s.web.client.RestTemplate              : Reading to [org.springframework.cloud.netflix.eureka.http.EurekaApplications]
2026-03-02T20:57:27.057+05:30 DEBUG 6956 --- [UserService] [DiscoveryClient-HeartbeatExecutor-0] [                                                 ] o.s.web.client.RestTemplate              : HTTP PUT http://localhost:8761/eureka/apps/USERSERVICE/DESKTOP-ECRRR37.mshome.net:UserService:8081?status=UP&lastDirtyTimestamp=1772463672709
2026-03-02T20:57:27.058+05:30 DEBUG 6956 --- [UserService] [DiscoveryClient-HeartbeatExecutor-0] [                                                 ] o.s.web.client.RestTemplate              : Accept=[application/json, application/*+json]
2026-03-02T20:57:27.074+05:30 DEBUG 6956 --- [UserService] [DiscoveryClient-HeartbeatExecutor-0] [                                                 ] o.s.web.client.RestTemplate              : Response 200 OK
2026-03-02T20:57:31.639+05:30 DEBUG 6956 --- [UserService] [DiscoveryClient-CacheRefreshExecutor-0] [                                                 ] o.s.web.client.RestTemplate              : HTTP GET http://localhost:8761/eureka/apps/delta
2026-03-02T20:57:31.867+05:30 DEBUG 6956 --- [UserService] [DiscoveryClient-CacheRefreshExecutor-0] [                                                 ] o.s.web.client.RestTemplate              : Accept=[application/json, application/*+json]
2026-03-02T20:57:31.877+05:30 DEBUG 6956 --- [UserService] [DiscoveryClient-CacheRefreshExecutor-0] [                                                 ] o.s.web.client.RestTemplate              : Response 200 OK
2026-03-02T20:57:31.877+05:30 DEBUG 6956 --- [UserService] [DiscoveryClient-CacheRefreshExecutor-0] [                                                 ] o.s.web.client.RestTemplate              : Reading to [org.springframework.cloud.netflix.eureka.http.EurekaApplications]
2026-03-02T20:57:57.094+05:30 DEBUG 6956 --- [UserService] [DiscoveryClient-HeartbeatExecutor-0] [                                                 ] o.s.web.client.RestTemplate              : HTTP PUT http://localhost:8761/eureka/apps/USERSERVICE/DESKTOP-ECRRR37.mshome.net:UserService:8081?status=UP&lastDirtyTimestamp=1772463672709
2026-03-02T20:57:57.095+05:30 DEBUG 6956 --- [UserService] [DiscoveryClient-HeartbeatExecutor-0] [                                                 ] o.s.web.client.RestTemplate              : Accept=[application/json, application/*+json]
2026-03-02T20:57:57.125+05:30 DEBUG 6956 --- [UserService] [DiscoveryClient-HeartbeatExecutor-0] [                                                 ] o.s.web.client.RestTemplate              : Response 200 OK
2026-03-02T20:58:01.944+05:30 DEBUG 6956 --- [UserService] [DiscoveryClient-CacheRefreshExecutor-0] [                                                 ] o.s.web.client.RestTemplate              : HTTP GET http://localhost:8761/eureka/apps/delta
2026-03-02T20:58:01.945+05:30 DEBUG 6956 --- [UserService] [DiscoveryClient-CacheRefreshExecutor-0] [                                                 ] o.s.web.client.RestTemplate              : Accept=[application/json, application/*+json]
2026-03-02T20:58:01.987+05:30 DEBUG 6956 --- [UserService] [DiscoveryClient-CacheRefreshExecutor-0] [                                                 ] o.s.web.client.RestTemplate              : Response 200 OK
2026-03-02T20:58:01.987+05:30 DEBUG 6956 --- [UserService] [DiscoveryClient-CacheRefreshExecutor-0] [                                                 ] o.s.web.client.RestTemplate              : Reading to [org.springframework.cloud.netflix.eureka.http.EurekaApplications]
2026-03-02T20:58:27.134+05:30 DEBUG 6956 --- [UserService] [DiscoveryClient-HeartbeatExecutor-0] [                                                 ] o.s.web.client.RestTemplate              : HTTP PUT http://localhost:8761/eureka/apps/USERSERVICE/DESKTOP-ECRRR37.mshome.net:UserService:8081?status=UP&lastDirtyTimestamp=1772463672709
2026-03-02T20:58:27.137+05:30 DEBUG 6956 --- [UserService] [DiscoveryClient-HeartbeatExecutor-0] [                                                 ] o.s.web.client.RestTemplate              : Accept=[application/json, application/*+json]
2026-03-02T20:58:27.155+05:30 DEBUG 6956 --- [UserService] [DiscoveryClient-HeartbeatExecutor-0] [                                                 ] o.s.web.client.RestTemplate              : Response 200 OK
2026-03-02T20:58:32.005+05:30 DEBUG 6956 --- [UserService] [DiscoveryClient-CacheRefreshExecutor-0] [                                                 ] o.s.web.client.RestTemplate              : HTTP GET http://localhost:8761/eureka/apps/delta
2026-03-02T20:58:32.006+05:30 DEBUG 6956 --- [UserService] [DiscoveryClient-CacheRefreshExecutor-0] [                                                 ] o.s.web.client.RestTemplate              : Accept=[application/json, application/*+json]
2026-03-02T20:58:32.028+05:30 DEBUG 6956 --- [UserService] [DiscoveryClient-CacheRefreshExecutor-0] [                                                 ] o.s.web.client.RestTemplate              : Response 200 OK
2026-03-02T20:58:32.028+05:30 DEBUG 6956 --- [UserService] [DiscoveryClient-CacheRefreshExecutor-0] [                                                 ] o.s.web.client.RestTemplate              : Reading to [org.springframework.cloud.netflix.eureka.http.EurekaApplications]
2026-03-02T20:58:57.186+05:30 DEBUG 6956 --- [UserService] [DiscoveryClient-HeartbeatExecutor-0] [                                                 ] o.s.web.client.RestTemplate              : HTTP PUT http://localhost:8761/eureka/apps/USERSERVICE/DESKTOP-ECRRR37.mshome.net:UserService:8081?status=UP&lastDirtyTimestamp=1772463672709
2026-03-02T20:58:57.187+05:30 DEBUG 6956 --- [UserService] [DiscoveryClient-HeartbeatExecutor-0] [                                                 ] o.s.web.client.RestTemplate              : Accept=[application/json, application/*+json]
2026-03-02T20:58:57.209+05:30 DEBUG 6956 --- [UserService] [DiscoveryClient-HeartbeatExecutor-0] [                                                 ] o.s.web.client.RestTemplate              : Response 200 OK
2026-03-02T20:59:02.160+05:30 DEBUG 6956 --- [UserService] [DiscoveryClient-CacheRefreshExecutor-0] [                                                 ] o.s.web.client.RestTemplate              : HTTP GET http://localhost:8761/eureka/apps/delta
2026-03-02T20:59:02.176+05:30 DEBUG 6956 --- [UserService] [DiscoveryClient-CacheRefreshExecutor-0] [                                                 ] o.s.web.client.RestTemplate              : Accept=[application/json, application/*+json]
2026-03-02T20:59:03.157+05:30 DEBUG 6956 --- [UserService] [DiscoveryClient-CacheRefreshExecutor-0] [                                                 ] o.s.web.client.RestTemplate              : Response 200 OK
2026-03-02T20:59:03.157+05:30 DEBUG 6956 --- [UserService] [DiscoveryClient-CacheRefreshExecutor-0] [                                                 ] o.s.web.client.RestTemplate              : Reading to [org.springframework.cloud.netflix.eureka.http.EurekaApplications]
2026-03-02T20:59:27.413+05:30 DEBUG 6956 --- [UserService] [DiscoveryClient-HeartbeatExecutor-0] [                                                 ] o.s.web.client.RestTemplate              : HTTP PUT http://localhost:8761/eureka/apps/USERSERVICE/DESKTOP-ECRRR37.mshome.net:UserService:8081?status=UP&lastDirtyTimestamp=1772463672709
2026-03-02T20:59:27.415+05:30 DEBUG 6956 --- [UserService] [DiscoveryClient-HeartbeatExecutor-0] [                                                 ] o.s.web.client.RestTemplate              : Accept=[application/json, application/*+json]
2026-03-02T20:59:27.824+05:30 DEBUG 6956 --- [UserService] [DiscoveryClient-HeartbeatExecutor-0] [                                                 ] o.s.web.client.RestTemplate              : Response 200 OK
2026-03-02T20:59:33.237+05:30 DEBUG 6956 --- [UserService] [DiscoveryClient-CacheRefreshExecutor-0] [                                                 ] o.s.web.client.RestTemplate              : HTTP GET http://localhost:8761/eureka/apps/delta
2026-03-02T20:59:33.237+05:30 DEBUG 6956 --- [UserService] [DiscoveryClient-CacheRefreshExecutor-0] [                                                 ] o.s.web.client.RestTemplate              : Accept=[application/json, application/*+json]
2026-03-02T20:59:33.273+05:30 DEBUG 6956 --- [UserService] [DiscoveryClient-CacheRefreshExecutor-0] [                                                 ] o.s.web.client.RestTemplate              : Response 200 OK
2026-03-02T20:59:33.280+05:30 DEBUG 6956 --- [UserService] [DiscoveryClient-CacheRefreshExecutor-0] [                                                 ] o.s.web.client.RestTemplate              : Reading to [org.springframework.cloud.netflix.eureka.http.EurekaApplications]
2026-03-02T20:59:58.110+05:30 DEBUG 6956 --- [UserService] [DiscoveryClient-HeartbeatExecutor-0] [                                                 ] o.s.web.client.RestTemplate              : HTTP PUT http://localhost:8761/eureka/apps/USERSERVICE/DESKTOP-ECRRR37.mshome.net:UserService:8081?status=UP&lastDirtyTimestamp=1772463672709
2026-03-02T20:59:58.110+05:30 DEBUG 6956 --- [UserService] [DiscoveryClient-HeartbeatExecutor-0] [                                                 ] o.s.web.client.RestTemplate              : Accept=[application/json, application/*+json]
2026-03-02T20:59:58.127+05:30 DEBUG 6956 --- [UserService] [DiscoveryClient-HeartbeatExecutor-0] [                                                 ] o.s.web.client.RestTemplate              : Response 200 OK
2026-03-02T21:00:03.301+05:30 DEBUG 6956 --- [UserService] [DiscoveryClient-CacheRefreshExecutor-0] [                                                 ] o.s.web.client.RestTemplate              : HTTP GET http://localhost:8761/eureka/apps/delta
2026-03-02T21:00:03.302+05:30 DEBUG 6956 --- [UserService] [DiscoveryClient-CacheRefreshExecutor-0] [                                                 ] o.s.web.client.RestTemplate              : Accept=[application/json, application/*+json]
2026-03-02T21:00:03.324+05:30 DEBUG 6956 --- [UserService] [DiscoveryClient-CacheRefreshExecutor-0] [                                                 ] o.s.web.client.RestTemplate              : Response 200 OK
2026-03-02T21:00:03.325+05:30 DEBUG 6956 --- [UserService] [DiscoveryClient-CacheRefreshExecutor-0] [                                                 ] o.s.web.client.RestTemplate              : Reading to [org.springframework.cloud.netflix.eureka.http.EurekaApplications]
2026-03-02T21:00:28.429+05:30 DEBUG 6956 --- [UserService] [DiscoveryClient-HeartbeatExecutor-0] [                                                 ] o.s.web.client.RestTemplate              : HTTP PUT http://localhost:8761/eureka/apps/USERSERVICE/DESKTOP-ECRRR37.mshome.net:UserService:8081?status=UP&lastDirtyTimestamp=1772463672709
2026-03-02T21:00:28.518+05:30 DEBUG 6956 --- [UserService] [DiscoveryClient-HeartbeatExecutor-0] [                                                 ] o.s.web.client.RestTemplate              : Accept=[application/json, application/*+json]
2026-03-02T21:00:28.596+05:30 DEBUG 6956 --- [UserService] [DiscoveryClient-HeartbeatExecutor-0] [                                                 ] o.s.web.client.RestTemplate              : Response 200 OK
2026-03-02T21:00:33.334+05:30 DEBUG 6956 --- [UserService] [DiscoveryClient-CacheRefreshExecutor-0] [                                                 ] o.s.web.client.RestTemplate              : HTTP GET http://localhost:8761/eureka/apps/delta
2026-03-02T21:00:33.334+05:30 DEBUG 6956 --- [UserService] [DiscoveryClient-CacheRefreshExecutor-0] [                                                 ] o.s.web.client.RestTemplate              : Accept=[application/json, application/*+json]
2026-03-02T21:00:33.354+05:30 DEBUG 6956 --- [UserService] [DiscoveryClient-CacheRefreshExecutor-0] [                                                 ] o.s.web.client.RestTemplate              : Response 200 OK
2026-03-02T21:00:33.355+05:30 DEBUG 6956 --- [UserService] [DiscoveryClient-CacheRefreshExecutor-0] [                                                 ] o.s.web.client.RestTemplate              : Reading to [org.springframework.cloud.netflix.eureka.http.EurekaApplications]
2026-03-02T21:00:58.611+05:30 DEBUG 6956 --- [UserService] [DiscoveryClient-HeartbeatExecutor-0] [                                                 ] o.s.web.client.RestTemplate              : HTTP PUT http://localhost:8761/eureka/apps/USERSERVICE/DESKTOP-ECRRR37.mshome.net:UserService:8081?status=UP&lastDirtyTimestamp=1772463672709
2026-03-02T21:00:58.612+05:30 DEBUG 6956 --- [UserService] [DiscoveryClient-HeartbeatExecutor-0] [                                                 ] o.s.web.client.RestTemplate              : Accept=[application/json, application/*+json]
2026-03-02T21:00:58.637+05:30 DEBUG 6956 --- [UserService] [DiscoveryClient-HeartbeatExecutor-0] [                                                 ] o.s.web.client.RestTemplate              : Response 200 OK
2026-03-02T21:01:03.363+05:30 DEBUG 6956 --- [UserService] [DiscoveryClient-CacheRefreshExecutor-0] [                                                 ] o.s.web.client.RestTemplate              : HTTP GET http://localhost:8761/eureka/apps/delta
2026-03-02T21:01:03.364+05:30 DEBUG 6956 --- [UserService] [DiscoveryClient-CacheRefreshExecutor-0] [                                                 ] o.s.web.client.RestTemplate              : Accept=[application/json, application/*+json]
2026-03-02T21:01:03.383+05:30 DEBUG 6956 --- [UserService] [DiscoveryClient-CacheRefreshExecutor-0] [                                                 ] o.s.web.client.RestTemplate              : Response 200 OK
2026-03-02T21:01:03.385+05:30 DEBUG 6956 --- [UserService] [DiscoveryClient-CacheRefreshExecutor-0] [                                                 ] o.s.web.client.RestTemplate              : Reading to [org.springframework.cloud.netflix.eureka.http.EurekaApplications]
2026-03-02T21:01:18.436+05:30  INFO 6956 --- [UserService] [AsyncResolver-bootstrap-executor-0] [                                                 ] c.n.d.s.r.aws.ConfigClusterResolver      : Resolving eureka endpoints via configuration
2026-03-02T21:01:28.652+05:30 DEBUG 6956 --- [UserService] [DiscoveryClient-HeartbeatExecutor-0] [                                                 ] o.s.web.client.RestTemplate              : HTTP PUT http://localhost:8761/eureka/apps/USERSERVICE/DESKTOP-ECRRR37.mshome.net:UserService:8081?status=UP&lastDirtyTimestamp=1772463672709
2026-03-02T21:01:28.652+05:30 DEBUG 6956 --- [UserService] [DiscoveryClient-HeartbeatExecutor-0] [                                                 ] o.s.web.client.RestTemplate              : Accept=[application/json, application/*+json]
2026-03-02T21:01:28.670+05:30 DEBUG 6956 --- [UserService] [DiscoveryClient-HeartbeatExecutor-0] [                                                 ] o.s.web.client.RestTemplate              : Response 200 OK
2026-03-02T21:01:33.416+05:30 DEBUG 6956 --- [UserService] [DiscoveryClient-CacheRefreshExecutor-0] [                                                 ] o.s.web.client.RestTemplate              : HTTP GET http://localhost:8761/eureka/apps/delta
2026-03-02T21:01:33.419+05:30 DEBUG 6956 --- [UserService] [DiscoveryClient-CacheRefreshExecutor-0] [                                                 ] o.s.web.client.RestTemplate              : Accept=[application/json, application/*+json]
2026-03-02T21:01:33.437+05:30 DEBUG 6956 --- [UserService] [DiscoveryClient-CacheRefreshExecutor-0] [                                                 ] o.s.web.client.RestTemplate              : Response 200 OK
2026-03-02T21:01:33.439+05:30 DEBUG 6956 --- [UserService] [DiscoveryClient-CacheRefreshExecutor-0] [                                                 ] o.s.web.client.RestTemplate              : Reading to [org.springframework.cloud.netflix.eureka.http.EurekaApplications]
2026-03-02T21:01:58.709+05:30 DEBUG 6956 --- [UserService] [DiscoveryClient-HeartbeatExecutor-0] [                                                 ] o.s.web.client.RestTemplate              : HTTP PUT http://localhost:8761/eureka/apps/USERSERVICE/DESKTOP-ECRRR37.mshome.net:UserService:8081?status=UP&lastDirtyTimestamp=1772463672709
2026-03-02T21:01:58.715+05:30 DEBUG 6956 --- [UserService] [DiscoveryClient-HeartbeatExecutor-0] [                                                 ] o.s.web.client.RestTemplate              : Accept=[application/json, application/*+json]
2026-03-02T21:01:58.749+05:30 DEBUG 6956 --- [UserService] [DiscoveryClient-HeartbeatExecutor-0] [                                                 ] o.s.web.client.RestTemplate              : Response 200 OK
2026-03-02T21:02:03.497+05:30 DEBUG 6956 --- [UserService] [DiscoveryClient-CacheRefreshExecutor-0] [                                                 ] o.s.web.client.RestTemplate              : HTTP GET http://localhost:8761/eureka/apps/delta
2026-03-02T21:02:03.505+05:30 DEBUG 6956 --- [UserService] [DiscoveryClient-CacheRefreshExecutor-0] [                                                 ] o.s.web.client.RestTemplate              : Accept=[application/json, application/*+json]
2026-03-02T21:02:03.566+05:30 DEBUG 6956 --- [UserService] [DiscoveryClient-CacheRefreshExecutor-0] [                                                 ] o.s.web.client.RestTemplate              : Response 200 OK
2026-03-02T21:02:03.567+05:30 DEBUG 6956 --- [UserService] [DiscoveryClient-CacheRefreshExecutor-0] [                                                 ] o.s.web.client.RestTemplate              : Reading to [org.springframework.cloud.netflix.eureka.http.EurekaApplications]
2026-03-02T21:02:33.592+05:30 DEBUG 6956 --- [UserService] [DiscoveryClient-CacheRefreshExecutor-0] [                                                 ] o.s.web.client.RestTemplate              : HTTP GET http://localhost:8761/eureka/apps/delta
2026-03-02T21:02:33.607+05:30 DEBUG 6956 --- [UserService] [DiscoveryClient-CacheRefreshExecutor-0] [                                                 ] o.s.web.client.RestTemplate              : Accept=[application/json, application/*+json]
2026-03-02T21:02:33.673+05:30 DEBUG 6956 --- [UserService] [DiscoveryClient-CacheRefreshExecutor-0] [                                                 ] o.s.web.client.RestTemplate              : Response 200 OK
2026-03-02T21:02:33.696+05:30 DEBUG 6956 --- [UserService] [DiscoveryClient-CacheRefreshExecutor-0] [                                                 ] o.s.web.client.RestTemplate              : Reading to [org.springframework.cloud.netflix.eureka.http.EurekaApplications]
2026-03-02T21:02:37.524+05:30 DEBUG 6956 --- [UserService] [DiscoveryClient-HeartbeatExecutor-0] [                                                 ] o.s.web.client.RestTemplate              : HTTP PUT http://localhost:8761/eureka/apps/USERSERVICE/DESKTOP-ECRRR37.mshome.net:UserService:8081?status=UP&lastDirtyTimestamp=1772463672709
2026-03-02T21:02:38.744+05:30 DEBUG 6956 --- [UserService] [DiscoveryClient-HeartbeatExecutor-0] [                                                 ] o.s.web.client.RestTemplate              : Accept=[application/json, application/*+json]
2026-03-02T21:02:38.779+05:30 DEBUG 6956 --- [UserService] [DiscoveryClient-HeartbeatExecutor-0] [                                                 ] o.s.web.client.RestTemplate              : Response 200 OK
2026-03-02T21:03:03.756+05:30 DEBUG 6956 --- [UserService] [DiscoveryClient-CacheRefreshExecutor-0] [                                                 ] o.s.web.client.RestTemplate              : HTTP GET http://localhost:8761/eureka/apps/delta
2026-03-02T21:03:04.027+05:30 DEBUG 6956 --- [UserService] [DiscoveryClient-CacheRefreshExecutor-0] [                                                 ] o.s.web.client.RestTemplate              : Accept=[application/json, application/*+json]
2026-03-02T21:03:04.774+05:30 DEBUG 6956 --- [UserService] [DiscoveryClient-CacheRefreshExecutor-0] [                                                 ] o.s.web.client.RestTemplate              : Response 200 OK
2026-03-02T21:03:04.948+05:30 DEBUG 6956 --- [UserService] [DiscoveryClient-CacheRefreshExecutor-0] [                                                 ] o.s.web.client.RestTemplate              : Reading to [org.springframework.cloud.netflix.eureka.http.EurekaApplications]
2026-03-02T21:03:08.794+05:30 DEBUG 6956 --- [UserService] [DiscoveryClient-HeartbeatExecutor-0] [                                                 ] o.s.web.client.RestTemplate              : HTTP PUT http://localhost:8761/eureka/apps/USERSERVICE/DESKTOP-ECRRR37.mshome.net:UserService:8081?status=UP&lastDirtyTimestamp=1772463672709
2026-03-02T21:03:10.218+05:30 DEBUG 6956 --- [UserService] [DiscoveryClient-HeartbeatExecutor-0] [                                                 ] o.s.web.client.RestTemplate              : Accept=[application/json, application/*+json]
2026-03-02T21:03:10.434+05:30 DEBUG 6956 --- [UserService] [DiscoveryClient-HeartbeatExecutor-0] [                                                 ] o.s.web.client.RestTemplate              : Response 200 OK
2026-03-02T21:03:35.080+05:30 DEBUG 6956 --- [UserService] [DiscoveryClient-CacheRefreshExecutor-0] [                                                 ] o.s.web.client.RestTemplate              : HTTP GET http://localhost:8761/eureka/apps/delta
2026-03-02T21:03:35.083+05:30 DEBUG 6956 --- [UserService] [DiscoveryClient-CacheRefreshExecutor-0] [                                                 ] o.s.web.client.RestTemplate              : Accept=[application/json, application/*+json]
2026-03-02T21:03:35.356+05:30 DEBUG 6956 --- [UserService] [DiscoveryClient-CacheRefreshExecutor-0] [                                                 ] o.s.web.client.RestTemplate              : Response 200 OK
2026-03-02T21:03:35.380+05:30 DEBUG 6956 --- [UserService] [DiscoveryClient-CacheRefreshExecutor-0] [                                                 ] o.s.web.client.RestTemplate              : Reading to [org.springframework.cloud.netflix.eureka.http.EurekaApplications]
2026-03-02T21:03:41.074+05:30 DEBUG 6956 --- [UserService] [DiscoveryClient-HeartbeatExecutor-0] [                                                 ] o.s.web.client.RestTemplate              : HTTP PUT http://localhost:8761/eureka/apps/USERSERVICE/DESKTOP-ECRRR37.mshome.net:UserService:8081?status=UP&lastDirtyTimestamp=1772463672709
2026-03-02T21:03:41.077+05:30 DEBUG 6956 --- [UserService] [DiscoveryClient-HeartbeatExecutor-0] [                                                 ] o.s.web.client.RestTemplate              : Accept=[application/json, application/*+json]
2026-03-02T21:03:41.132+05:30 DEBUG 6956 --- [UserService] [DiscoveryClient-HeartbeatExecutor-0] [                                                 ] o.s.web.client.RestTemplate              : Response 200 OK
2026-03-02T21:04:05.432+05:30 DEBUG 6956 --- [UserService] [DiscoveryClient-CacheRefreshExecutor-0] [                                                 ] o.s.web.client.RestTemplate              : HTTP GET http://localhost:8761/eureka/apps/delta
2026-03-02T21:04:05.433+05:30 DEBUG 6956 --- [UserService] [DiscoveryClient-CacheRefreshExecutor-0] [                                                 ] o.s.web.client.RestTemplate              : Accept=[application/json, application/*+json]
2026-03-02T21:04:05.456+05:30 DEBUG 6956 --- [UserService] [DiscoveryClient-CacheRefreshExecutor-0] [                                                 ] o.s.web.client.RestTemplate              : Response 200 OK
2026-03-02T21:04:05.458+05:30 DEBUG 6956 --- [UserService] [DiscoveryClient-CacheRefreshExecutor-0] [                                                 ] o.s.web.client.RestTemplate              : Reading to [org.springframework.cloud.netflix.eureka.http.EurekaApplications]
2026-03-02T21:04:10.096+05:30 DEBUG 6956 --- [UserService] [AsyncReporter{org.springframework.boot.actuate.autoconfigure.tracing.zipkin.ZipkinRestTemplateSender@64421ccb}] [                                                 ] o.s.web.client.RestTemplate              : HTTP POST http://localhost:9411/api/v2/spans
2026-03-02T21:04:10.109+05:30 DEBUG 6956 --- [UserService] [AsyncReporter{org.springframework.boot.actuate.autoconfigure.tracing.zipkin.ZipkinRestTemplateSender@64421ccb}] [                                                 ] o.s.web.client.RestTemplate              : Accept=[application/json, application/*+json]
2026-03-02T21:04:10.122+05:30 DEBUG 6956 --- [UserService] [AsyncReporter{org.springframework.boot.actuate.autoconfigure.tracing.zipkin.ZipkinRestTemplateSender@64421ccb}] [                                                 ] o.s.web.client.RestTemplate              : Writing [[B@3d600b55] as "application/json"
2026-03-02T21:04:11.152+05:30 DEBUG 6956 --- [UserService] [DiscoveryClient-HeartbeatExecutor-0] [                                                 ] o.s.web.client.RestTemplate              : HTTP PUT http://localhost:8761/eureka/apps/USERSERVICE/DESKTOP-ECRRR37.mshome.net:UserService:8081?status=UP&lastDirtyTimestamp=1772463672709
2026-03-02T21:04:11.156+05:30 DEBUG 6956 --- [UserService] [DiscoveryClient-HeartbeatExecutor-0] [                                                 ] o.s.web.client.RestTemplate              : Accept=[application/json, application/*+json]
2026-03-02T21:04:11.203+05:30 DEBUG 6956 --- [UserService] [DiscoveryClient-HeartbeatExecutor-0] [                                                 ] o.s.web.client.RestTemplate              : Response 200 OK
2026-03-02T21:04:12.563+05:30 DEBUG 6956 --- [UserService] [AsyncReporter{org.springframework.boot.actuate.autoconfigure.tracing.zipkin.ZipkinRestTemplateSender@64421ccb}] [                                                 ] o.s.web.client.RestTemplate              : Response 202 ACCEPTED
2026-03-02T21:04:35.523+05:30 DEBUG 6956 --- [UserService] [DiscoveryClient-CacheRefreshExecutor-0] [                                                 ] o.s.web.client.RestTemplate              : HTTP GET http://localhost:8761/eureka/apps/delta
2026-03-02T21:04:35.525+05:30 DEBUG 6956 --- [UserService] [DiscoveryClient-CacheRefreshExecutor-0] [                                                 ] o.s.web.client.RestTemplate              : Accept=[application/json, application/*+json]
2026-03-02T21:04:35.589+05:30 DEBUG 6956 --- [UserService] [DiscoveryClient-CacheRefreshExecutor-0] [                                                 ] o.s.web.client.RestTemplate              : Response 200 OK
2026-03-02T21:04:35.595+05:30 DEBUG 6956 --- [UserService] [DiscoveryClient-CacheRefreshExecutor-0] [                                                 ] o.s.web.client.RestTemplate              : Reading to [org.springframework.cloud.netflix.eureka.http.EurekaApplications]
2026-03-02T21:04:41.224+05:30 DEBUG 6956 --- [UserService] [DiscoveryClient-HeartbeatExecutor-0] [                                                 ] o.s.web.client.RestTemplate              : HTTP PUT http://localhost:8761/eureka/apps/USERSERVICE/DESKTOP-ECRRR37.mshome.net:UserService:8081?status=UP&lastDirtyTimestamp=1772463672709
2026-03-02T21:04:41.324+05:30 DEBUG 6956 --- [UserService] [DiscoveryClient-HeartbeatExecutor-0] [                                                 ] o.s.web.client.RestTemplate              : Accept=[application/json, application/*+json]
2026-03-02T21:04:41.487+05:30 DEBUG 6956 --- [UserService] [DiscoveryClient-HeartbeatExecutor-0] [                                                 ] o.s.web.client.RestTemplate              : Response 200 OK
2026-03-02T21:04:42.461+05:30 DEBUG 6956 --- [UserService] [AsyncReporter{org.springframework.boot.actuate.autoconfigure.tracing.zipkin.ZipkinRestTemplateSender@64421ccb}] [                                                 ] o.s.web.client.RestTemplate              : HTTP POST http://localhost:9411/api/v2/spans
2026-03-02T21:04:42.480+05:30 DEBUG 6956 --- [UserService] [AsyncReporter{org.springframework.boot.actuate.autoconfigure.tracing.zipkin.ZipkinRestTemplateSender@64421ccb}] [                                                 ] o.s.web.client.RestTemplate              : Accept=[application/json, application/*+json]
2026-03-02T21:04:42.484+05:30 DEBUG 6956 --- [UserService] [AsyncReporter{org.springframework.boot.actuate.autoconfigure.tracing.zipkin.ZipkinRestTemplateSender@64421ccb}] [                                                 ] o.s.web.client.RestTemplate              : Writing [[B@274f0f81] as "application/json"
2026-03-02T21:04:42.641+05:30 DEBUG 6956 --- [UserService] [AsyncReporter{org.springframework.boot.actuate.autoconfigure.tracing.zipkin.ZipkinRestTemplateSender@64421ccb}] [                                                 ] o.s.web.client.RestTemplate              : Response 202 ACCEPTED
2026-03-02T21:05:05.662+05:30 DEBUG 6956 --- [UserService] [DiscoveryClient-CacheRefreshExecutor-0] [                                                 ] o.s.web.client.RestTemplate              : HTTP GET http://localhost:8761/eureka/apps/delta
2026-03-02T21:05:05.666+05:30 DEBUG 6956 --- [UserService] [DiscoveryClient-CacheRefreshExecutor-0] [                                                 ] o.s.web.client.RestTemplate              : Accept=[application/json, application/*+json]
2026-03-02T21:05:05.681+05:30 DEBUG 6956 --- [UserService] [DiscoveryClient-CacheRefreshExecutor-0] [                                                 ] o.s.web.client.RestTemplate              : Response 200 OK
2026-03-02T21:05:05.683+05:30 DEBUG 6956 --- [UserService] [DiscoveryClient-CacheRefreshExecutor-0] [                                                 ] o.s.web.client.RestTemplate              : Reading to [org.springframework.cloud.netflix.eureka.http.EurekaApplications]
2026-03-02T21:05:11.491+05:30 DEBUG 6956 --- [UserService] [DiscoveryClient-HeartbeatExecutor-0] [                                                 ] o.s.web.client.RestTemplate              : HTTP PUT http://localhost:8761/eureka/apps/USERSERVICE/DESKTOP-ECRRR37.mshome.net:UserService:8081?status=UP&lastDirtyTimestamp=1772463672709
2026-03-02T21:05:11.492+05:30 DEBUG 6956 --- [UserService] [DiscoveryClient-HeartbeatExecutor-0] [                                                 ] o.s.web.client.RestTemplate              : Accept=[application/json, application/*+json]
2026-03-02T21:05:11.515+05:30 DEBUG 6956 --- [UserService] [DiscoveryClient-HeartbeatExecutor-0] [                                                 ] o.s.web.client.RestTemplate              : Response 200 OK
2026-03-02T21:05:35.707+05:30 DEBUG 6956 --- [UserService] [DiscoveryClient-CacheRefreshExecutor-0] [                                                 ] o.s.web.client.RestTemplate              : HTTP GET http://localhost:8761/eureka/apps/delta
2026-03-02T21:05:35.712+05:30 DEBUG 6956 --- [UserService] [DiscoveryClient-CacheRefreshExecutor-0] [                                                 ] o.s.web.client.RestTemplate              : Accept=[application/json, application/*+json]
2026-03-02T21:05:35.743+05:30 DEBUG 6956 --- [UserService] [DiscoveryClient-CacheRefreshExecutor-0] [                                                 ] o.s.web.client.RestTemplate              : Response 200 OK
2026-03-02T21:05:35.746+05:30 DEBUG 6956 --- [UserService] [DiscoveryClient-CacheRefreshExecutor-0] [                                                 ] o.s.web.client.RestTemplate              : Reading to [org.springframework.cloud.netflix.eureka.http.EurekaApplications]
2026-03-02T21:05:41.625+05:30 DEBUG 6956 --- [UserService] [DiscoveryClient-HeartbeatExecutor-0] [                                                 ] o.s.web.client.RestTemplate              : HTTP PUT http://localhost:8761/eureka/apps/USERSERVICE/DESKTOP-ECRRR37.mshome.net:UserService:8081?status=UP&lastDirtyTimestamp=1772463672709
2026-03-02T21:05:41.626+05:30 DEBUG 6956 --- [UserService] [DiscoveryClient-HeartbeatExecutor-0] [                                                 ] o.s.web.client.RestTemplate              : Accept=[application/json, application/*+json]
2026-03-02T21:05:41.730+05:30 DEBUG 6956 --- [UserService] [DiscoveryClient-HeartbeatExecutor-0] [                                                 ] o.s.web.client.RestTemplate              : Response 200 OK
2026-03-02T21:06:05.773+05:30 DEBUG 6956 --- [UserService] [DiscoveryClient-CacheRefreshExecutor-0] [                                                 ] o.s.web.client.RestTemplate              : HTTP GET http://localhost:8761/eureka/apps/delta
2026-03-02T21:06:05.776+05:30 DEBUG 6956 --- [UserService] [DiscoveryClient-CacheRefreshExecutor-0] [                                                 ] o.s.web.client.RestTemplate              : Accept=[application/json, application/*+json]
2026-03-02T21:06:05.799+05:30 DEBUG 6956 --- [UserService] [DiscoveryClient-CacheRefreshExecutor-0] [                                                 ] o.s.web.client.RestTemplate              : Response 200 OK
2026-03-02T21:06:05.805+05:30 DEBUG 6956 --- [UserService] [DiscoveryClient-CacheRefreshExecutor-0] [                                                 ] o.s.web.client.RestTemplate              : Reading to [org.springframework.cloud.netflix.eureka.http.EurekaApplications]
2026-03-02T21:06:11.732+05:30 DEBUG 6956 --- [UserService] [DiscoveryClient-HeartbeatExecutor-0] [                                                 ] o.s.web.client.RestTemplate              : HTTP PUT http://localhost:8761/eureka/apps/USERSERVICE/DESKTOP-ECRRR37.mshome.net:UserService:8081?status=UP&lastDirtyTimestamp=1772463672709
2026-03-02T21:06:11.733+05:30 DEBUG 6956 --- [UserService] [DiscoveryClient-HeartbeatExecutor-0] [                                                 ] o.s.web.client.RestTemplate              : Accept=[application/json, application/*+json]
2026-03-02T21:06:13.672+05:30 DEBUG 6956 --- [UserService] [DiscoveryClient-HeartbeatExecutor-0] [                                                 ] o.s.web.client.RestTemplate              : Response 200 OK
2026-03-02T21:06:18.483+05:30  INFO 6956 --- [UserService] [AsyncResolver-bootstrap-executor-0] [                                                 ] c.n.d.s.r.aws.ConfigClusterResolver      : Resolving eureka endpoints via configuration
2026-03-02T21:06:35.927+05:30 DEBUG 6956 --- [UserService] [DiscoveryClient-CacheRefreshExecutor-0] [                                                 ] o.s.web.client.RestTemplate              : HTTP GET http://localhost:8761/eureka/apps/delta
2026-03-02T21:06:36.121+05:30 DEBUG 6956 --- [UserService] [DiscoveryClient-CacheRefreshExecutor-0] [                                                 ] o.s.web.client.RestTemplate              : Accept=[application/json, application/*+json]
2026-03-02T21:06:36.131+05:30 DEBUG 6956 --- [UserService] [DiscoveryClient-CacheRefreshExecutor-0] [                                                 ] o.s.web.client.RestTemplate              : Response 200 OK
2026-03-02T21:06:36.131+05:30 DEBUG 6956 --- [UserService] [DiscoveryClient-CacheRefreshExecutor-0] [                                                 ] o.s.web.client.RestTemplate              : Reading to [org.springframework.cloud.netflix.eureka.http.EurekaApplications]
2026-03-02T21:06:43.689+05:30 DEBUG 6956 --- [UserService] [DiscoveryClient-HeartbeatExecutor-0] [                                                 ] o.s.web.client.RestTemplate              : HTTP PUT http://localhost:8761/eureka/apps/USERSERVICE/DESKTOP-ECRRR37.mshome.net:UserService:8081?status=UP&lastDirtyTimestamp=1772463672709
2026-03-02T21:06:43.693+05:30 DEBUG 6956 --- [UserService] [DiscoveryClient-HeartbeatExecutor-0] [                                                 ] o.s.web.client.RestTemplate              : Accept=[application/json, application/*+json]
2026-03-02T21:06:43.710+05:30 DEBUG 6956 --- [UserService] [DiscoveryClient-HeartbeatExecutor-0] [                                                 ] o.s.web.client.RestTemplate              : Response 200 OK
2026-03-02T21:07:06.326+05:30 DEBUG 6956 --- [UserService] [DiscoveryClient-CacheRefreshExecutor-0] [                                                 ] o.s.web.client.RestTemplate              : HTTP GET http://localhost:8761/eureka/apps/delta
2026-03-02T21:07:06.330+05:30 DEBUG 6956 --- [UserService] [DiscoveryClient-CacheRefreshExecutor-0] [                                                 ] o.s.web.client.RestTemplate              : Accept=[application/json, application/*+json]
2026-03-02T21:07:06.345+05:30 DEBUG 6956 --- [UserService] [DiscoveryClient-CacheRefreshExecutor-0] [                                                 ] o.s.web.client.RestTemplate              : Response 200 OK
2026-03-02T21:07:06.347+05:30 DEBUG 6956 --- [UserService] [DiscoveryClient-CacheRefreshExecutor-0] [                                                 ] o.s.web.client.RestTemplate              : Reading to [org.springframework.cloud.netflix.eureka.http.EurekaApplications]
2026-03-02T21:07:13.722+05:30 DEBUG 6956 --- [UserService] [DiscoveryClient-HeartbeatExecutor-0] [                                                 ] o.s.web.client.RestTemplate              : HTTP PUT http://localhost:8761/eureka/apps/USERSERVICE/DESKTOP-ECRRR37.mshome.net:UserService:8081?status=UP&lastDirtyTimestamp=1772463672709
2026-03-02T21:07:13.727+05:30 DEBUG 6956 --- [UserService] [DiscoveryClient-HeartbeatExecutor-0] [                                                 ] o.s.web.client.RestTemplate              : Accept=[application/json, application/*+json]
2026-03-02T21:07:13.741+05:30 DEBUG 6956 --- [UserService] [DiscoveryClient-HeartbeatExecutor-0] [                                                 ] o.s.web.client.RestTemplate              : Response 200 OK
2026-03-02T21:07:36.366+05:30 DEBUG 6956 --- [UserService] [DiscoveryClient-CacheRefreshExecutor-0] [                                                 ] o.s.web.client.RestTemplate              : HTTP GET http://localhost:8761/eureka/apps/delta
2026-03-02T21:07:36.367+05:30 DEBUG 6956 --- [UserService] [DiscoveryClient-CacheRefreshExecutor-0] [                                                 ] o.s.web.client.RestTemplate              : Accept=[application/json, application/*+json]
2026-03-02T21:07:36.381+05:30 DEBUG 6956 --- [UserService] [DiscoveryClient-CacheRefreshExecutor-0] [                                                 ] o.s.web.client.RestTemplate              : Response 200 OK
2026-03-02T21:07:36.383+05:30 DEBUG 6956 --- [UserService] [DiscoveryClient-CacheRefreshExecutor-0] [                                                 ] o.s.web.client.RestTemplate              : Reading to [org.springframework.cloud.netflix.eureka.http.EurekaApplications]
2026-03-02T21:07:43.754+05:30 DEBUG 6956 --- [UserService] [DiscoveryClient-HeartbeatExecutor-0] [                                                 ] o.s.web.client.RestTemplate              : HTTP PUT http://localhost:8761/eureka/apps/USERSERVICE/DESKTOP-ECRRR37.mshome.net:UserService:8081?status=UP&lastDirtyTimestamp=1772463672709
2026-03-02T21:07:43.754+05:30 DEBUG 6956 --- [UserService] [DiscoveryClient-HeartbeatExecutor-0] [                                                 ] o.s.web.client.RestTemplate              : Accept=[application/json, application/*+json]
2026-03-02T21:07:43.772+05:30 DEBUG 6956 --- [UserService] [DiscoveryClient-HeartbeatExecutor-0] [                                                 ] o.s.web.client.RestTemplate              : Response 200 OK
2026-03-02T21:08:06.652+05:30 DEBUG 6956 --- [UserService] [DiscoveryClient-CacheRefreshExecutor-0] [                                                 ] o.s.web.client.RestTemplate              : HTTP GET http://localhost:8761/eureka/apps/delta
2026-03-02T21:08:06.654+05:30 DEBUG 6956 --- [UserService] [DiscoveryClient-CacheRefreshExecutor-0] [                                                 ] o.s.web.client.RestTemplate              : Accept=[application/json, application/*+json]
2026-03-02T21:08:06.713+05:30 DEBUG 6956 --- [UserService] [DiscoveryClient-CacheRefreshExecutor-0] [                                                 ] o.s.web.client.RestTemplate              : Response 200 OK
2026-03-02T21:08:06.714+05:30 DEBUG 6956 --- [UserService] [DiscoveryClient-CacheRefreshExecutor-0] [                                                 ] o.s.web.client.RestTemplate              : Reading to [org.springframework.cloud.netflix.eureka.http.EurekaApplications]
2026-03-02T21:08:14.035+05:30 DEBUG 6956 --- [UserService] [DiscoveryClient-HeartbeatExecutor-0] [                                                 ] o.s.web.client.RestTemplate              : HTTP PUT http://localhost:8761/eureka/apps/USERSERVICE/DESKTOP-ECRRR37.mshome.net:UserService:8081?status=UP&lastDirtyTimestamp=1772463672709
2026-03-02T21:08:14.036+05:30 DEBUG 6956 --- [UserService] [DiscoveryClient-HeartbeatExecutor-0] [                                                 ] o.s.web.client.RestTemplate              : Accept=[application/json, application/*+json]
2026-03-02T21:08:14.156+05:30 DEBUG 6956 --- [UserService] [DiscoveryClient-HeartbeatExecutor-0] [                                                 ] o.s.web.client.RestTemplate              : Response 200 OK
2026-03-02T21:08:36.733+05:30 DEBUG 6956 --- [UserService] [DiscoveryClient-CacheRefreshExecutor-0] [                                                 ] o.s.web.client.RestTemplate              : HTTP GET http://localhost:8761/eureka/apps/delta
2026-03-02T21:08:36.734+05:30 DEBUG 6956 --- [UserService] [DiscoveryClient-CacheRefreshExecutor-0] [                                                 ] o.s.web.client.RestTemplate              : Accept=[application/json, application/*+json]
2026-03-02T21:08:36.750+05:30 DEBUG 6956 --- [UserService] [DiscoveryClient-CacheRefreshExecutor-0] [                                                 ] o.s.web.client.RestTemplate              : Response 200 OK
2026-03-02T21:08:36.750+05:30 DEBUG 6956 --- [UserService] [DiscoveryClient-CacheRefreshExecutor-0] [                                                 ] o.s.web.client.RestTemplate              : Reading to [org.springframework.cloud.netflix.eureka.http.EurekaApplications]
2026-03-02T21:08:44.161+05:30 DEBUG 6956 --- [UserService] [DiscoveryClient-HeartbeatExecutor-0] [                                                 ] o.s.web.client.RestTemplate              : HTTP PUT http://localhost:8761/eureka/apps/USERSERVICE/DESKTOP-ECRRR37.mshome.net:UserService:8081?status=UP&lastDirtyTimestamp=1772463672709
2026-03-02T21:08:44.162+05:30 DEBUG 6956 --- [UserService] [DiscoveryClient-HeartbeatExecutor-0] [                                                 ] o.s.web.client.RestTemplate              : Accept=[application/json, application/*+json]
2026-03-02T21:08:44.243+05:30 DEBUG 6956 --- [UserService] [DiscoveryClient-HeartbeatExecutor-0] [                                                 ] o.s.web.client.RestTemplate              : Response 200 OK
2026-03-02T21:09:06.763+05:30 DEBUG 6956 --- [UserService] [DiscoveryClient-CacheRefreshExecutor-0] [                                                 ] o.s.web.client.RestTemplate              : HTTP GET http://localhost:8761/eureka/apps/delta
2026-03-02T21:09:06.765+05:30 DEBUG 6956 --- [UserService] [DiscoveryClient-CacheRefreshExecutor-0] [                                                 ] o.s.web.client.RestTemplate              : Accept=[application/json, application/*+json]
2026-03-02T21:09:06.783+05:30 DEBUG 6956 --- [UserService] [DiscoveryClient-CacheRefreshExecutor-0] [                                                 ] o.s.web.client.RestTemplate              : Response 200 OK
2026-03-02T21:09:06.784+05:30 DEBUG 6956 --- [UserService] [DiscoveryClient-CacheRefreshExecutor-0] [                                                 ] o.s.web.client.RestTemplate              : Reading to [org.springframework.cloud.netflix.eureka.http.EurekaApplications]
2026-03-02T21:09:14.250+05:30 DEBUG 6956 --- [UserService] [DiscoveryClient-HeartbeatExecutor-0] [                                                 ] o.s.web.client.RestTemplate              : HTTP PUT http://localhost:8761/eureka/apps/USERSERVICE/DESKTOP-ECRRR37.mshome.net:UserService:8081?status=UP&lastDirtyTimestamp=1772463672709
2026-03-02T21:09:14.252+05:30 DEBUG 6956 --- [UserService] [DiscoveryClient-HeartbeatExecutor-0] [                                                 ] o.s.web.client.RestTemplate              : Accept=[application/json, application/*+json]
2026-03-02T21:09:14.273+05:30 DEBUG 6956 --- [UserService] [DiscoveryClient-HeartbeatExecutor-0] [                                                 ] o.s.web.client.RestTemplate              : Response 200 OK
2026-03-02T21:09:36.791+05:30 DEBUG 6956 --- [UserService] [DiscoveryClient-CacheRefreshExecutor-0] [                                                 ] o.s.web.client.RestTemplate              : HTTP GET http://localhost:8761/eureka/apps/delta
2026-03-02T21:09:36.793+05:30 DEBUG 6956 --- [UserService] [DiscoveryClient-CacheRefreshExecutor-0] [                                                 ] o.s.web.client.RestTemplate              : Accept=[application/json, application/*+json]
2026-03-02T21:09:36.809+05:30 DEBUG 6956 --- [UserService] [DiscoveryClient-CacheRefreshExecutor-0] [                                                 ] o.s.web.client.RestTemplate              : Response 200 OK
2026-03-02T21:09:36.810+05:30 DEBUG 6956 --- [UserService] [DiscoveryClient-CacheRefreshExecutor-0] [                                                 ] o.s.web.client.RestTemplate              : Reading to [org.springframework.cloud.netflix.eureka.http.EurekaApplications]
2026-03-02T21:09:44.343+05:30 DEBUG 6956 --- [UserService] [DiscoveryClient-HeartbeatExecutor-0] [                                                 ] o.s.web.client.RestTemplate              : HTTP PUT http://localhost:8761/eureka/apps/USERSERVICE/DESKTOP-ECRRR37.mshome.net:UserService:8081?status=UP&lastDirtyTimestamp=1772463672709
2026-03-02T21:09:44.345+05:30 DEBUG 6956 --- [UserService] [DiscoveryClient-HeartbeatExecutor-0] [                                                 ] o.s.web.client.RestTemplate              : Accept=[application/json, application/*+json]
2026-03-02T21:09:44.362+05:30 DEBUG 6956 --- [UserService] [DiscoveryClient-HeartbeatExecutor-0] [                                                 ] o.s.web.client.RestTemplate              : Response 200 OK
2026-03-02T21:10:06.827+05:30 DEBUG 6956 --- [UserService] [DiscoveryClient-CacheRefreshExecutor-0] [                                                 ] o.s.web.client.RestTemplate              : HTTP GET http://localhost:8761/eureka/apps/delta
2026-03-02T21:10:06.828+05:30 DEBUG 6956 --- [UserService] [DiscoveryClient-CacheRefreshExecutor-0] [                                                 ] o.s.web.client.RestTemplate              : Accept=[application/json, application/*+json]
2026-03-02T21:10:06.842+05:30 DEBUG 6956 --- [UserService] [DiscoveryClient-CacheRefreshExecutor-0] [                                                 ] o.s.web.client.RestTemplate              : Response 200 OK
2026-03-02T21:10:06.844+05:30 DEBUG 6956 --- [UserService] [DiscoveryClient-CacheRefreshExecutor-0] [                                                 ] o.s.web.client.RestTemplate              : Reading to [org.springframework.cloud.netflix.eureka.http.EurekaApplications]
2026-03-02T21:10:14.374+05:30 DEBUG 6956 --- [UserService] [DiscoveryClient-HeartbeatExecutor-0] [                                                 ] o.s.web.client.RestTemplate              : HTTP PUT http://localhost:8761/eureka/apps/USERSERVICE/DESKTOP-ECRRR37.mshome.net:UserService:8081?status=UP&lastDirtyTimestamp=1772463672709
2026-03-02T21:10:14.374+05:30 DEBUG 6956 --- [UserService] [DiscoveryClient-HeartbeatExecutor-0] [                                                 ] o.s.web.client.RestTemplate              : Accept=[application/json, application/*+json]
2026-03-02T21:10:14.424+05:30 DEBUG 6956 --- [UserService] [DiscoveryClient-HeartbeatExecutor-0] [                                                 ] o.s.web.client.RestTemplate              : Response 200 OK
2026-03-02T21:10:36.861+05:30 DEBUG 6956 --- [UserService] [DiscoveryClient-CacheRefreshExecutor-0] [                                                 ] o.s.web.client.RestTemplate              : HTTP GET http://localhost:8761/eureka/apps/delta
2026-03-02T21:10:36.862+05:30 DEBUG 6956 --- [UserService] [DiscoveryClient-CacheRefreshExecutor-0] [                                                 ] o.s.web.client.RestTemplate              : Accept=[application/json, application/*+json]
2026-03-02T21:10:36.879+05:30 DEBUG 6956 --- [UserService] [DiscoveryClient-CacheRefreshExecutor-0] [                                                 ] o.s.web.client.RestTemplate              : Response 200 OK
2026-03-02T21:10:36.879+05:30 DEBUG 6956 --- [UserService] [DiscoveryClient-CacheRefreshExecutor-0] [                                                 ] o.s.web.client.RestTemplate              : Reading to [org.springframework.cloud.netflix.eureka.http.EurekaApplications]
2026-03-02T21:10:44.443+05:30 DEBUG 6956 --- [UserService] [DiscoveryClient-HeartbeatExecutor-0] [                                                 ] o.s.web.client.RestTemplate              : HTTP PUT http://localhost:8761/eureka/apps/USERSERVICE/DESKTOP-ECRRR37.mshome.net:UserService:8081?status=UP&lastDirtyTimestamp=1772463672709
2026-03-02T21:10:44.444+05:30 DEBUG 6956 --- [UserService] [DiscoveryClient-HeartbeatExecutor-0] [                                                 ] o.s.web.client.RestTemplate              : Accept=[application/json, application/*+json]
2026-03-02T21:10:44.463+05:30 DEBUG 6956 --- [UserService] [DiscoveryClient-HeartbeatExecutor-0] [                                                 ] o.s.web.client.RestTemplate              : Response 200 OK
2026-03-02T21:11:06.941+05:30 DEBUG 6956 --- [UserService] [DiscoveryClient-CacheRefreshExecutor-0] [                                                 ] o.s.web.client.RestTemplate              : HTTP GET http://localhost:8761/eureka/apps/delta
2026-03-02T21:11:06.942+05:30 DEBUG 6956 --- [UserService] [DiscoveryClient-CacheRefreshExecutor-0] [                                                 ] o.s.web.client.RestTemplate              : Accept=[application/json, application/*+json]
2026-03-02T21:11:06.958+05:30 DEBUG 6956 --- [UserService] [DiscoveryClient-CacheRefreshExecutor-0] [                                                 ] o.s.web.client.RestTemplate              : Response 200 OK
2026-03-02T21:11:06.959+05:30 DEBUG 6956 --- [UserService] [DiscoveryClient-CacheRefreshExecutor-0] [                                                 ] o.s.web.client.RestTemplate              : Reading to [org.springframework.cloud.netflix.eureka.http.EurekaApplications]
2026-03-02T21:11:14.477+05:30 DEBUG 6956 --- [UserService] [DiscoveryClient-HeartbeatExecutor-0] [                                                 ] o.s.web.client.RestTemplate              : HTTP PUT http://localhost:8761/eureka/apps/USERSERVICE/DESKTOP-ECRRR37.mshome.net:UserService:8081?status=UP&lastDirtyTimestamp=1772463672709
2026-03-02T21:11:14.478+05:30 DEBUG 6956 --- [UserService] [DiscoveryClient-HeartbeatExecutor-0] [                                                 ] o.s.web.client.RestTemplate              : Accept=[application/json, application/*+json]
2026-03-02T21:11:14.494+05:30 DEBUG 6956 --- [UserService] [DiscoveryClient-HeartbeatExecutor-0] [                                                 ] o.s.web.client.RestTemplate              : Response 200 OK
2026-03-02T21:11:18.547+05:30  INFO 6956 --- [UserService] [AsyncResolver-bootstrap-executor-0] [                                                 ] c.n.d.s.r.aws.ConfigClusterResolver      : Resolving eureka endpoints via configuration
2026-03-02T21:11:36.969+05:30 DEBUG 6956 --- [UserService] [DiscoveryClient-CacheRefreshExecutor-0] [                                                 ] o.s.web.client.RestTemplate              : HTTP GET http://localhost:8761/eureka/apps/delta
2026-03-02T21:11:37.062+05:30 DEBUG 6956 --- [UserService] [DiscoveryClient-CacheRefreshExecutor-0] [                                                 ] o.s.web.client.RestTemplate              : Accept=[application/json, application/*+json]
2026-03-02T21:11:37.189+05:30 DEBUG 6956 --- [UserService] [DiscoveryClient-CacheRefreshExecutor-0] [                                                 ] o.s.web.client.RestTemplate              : Response 200 OK
2026-03-02T21:11:37.191+05:30 DEBUG 6956 --- [UserService] [DiscoveryClient-CacheRefreshExecutor-0] [                                                 ] o.s.web.client.RestTemplate              : Reading to [org.springframework.cloud.netflix.eureka.http.EurekaApplications]
2026-03-02T21:11:44.501+05:30 DEBUG 6956 --- [UserService] [DiscoveryClient-HeartbeatExecutor-0] [                                                 ] o.s.web.client.RestTemplate              : HTTP PUT http://localhost:8761/eureka/apps/USERSERVICE/DESKTOP-ECRRR37.mshome.net:UserService:8081?status=UP&lastDirtyTimestamp=1772463672709
2026-03-02T21:11:44.501+05:30 DEBUG 6956 --- [UserService] [DiscoveryClient-HeartbeatExecutor-0] [                                                 ] o.s.web.client.RestTemplate              : Accept=[application/json, application/*+json]
2026-03-02T21:11:44.517+05:30 DEBUG 6956 --- [UserService] [DiscoveryClient-HeartbeatExecutor-0] [                                                 ] o.s.web.client.RestTemplate              : Response 200 OK
2026-03-02T21:12:07.608+05:30 DEBUG 6956 --- [UserService] [DiscoveryClient-CacheRefreshExecutor-0] [                                                 ] o.s.web.client.RestTemplate              : HTTP GET http://localhost:8761/eureka/apps/delta
2026-03-02T21:12:07.906+05:30 DEBUG 6956 --- [UserService] [DiscoveryClient-CacheRefreshExecutor-0] [                                                 ] o.s.web.client.RestTemplate              : Accept=[application/json, application/*+json]
2026-03-02T21:12:07.926+05:30 DEBUG 6956 --- [UserService] [DiscoveryClient-CacheRefreshExecutor-0] [                                                 ] o.s.web.client.RestTemplate              : Response 200 OK
2026-03-02T21:12:07.927+05:30 DEBUG 6956 --- [UserService] [DiscoveryClient-CacheRefreshExecutor-0] [                                                 ] o.s.web.client.RestTemplate              : Reading to [org.springframework.cloud.netflix.eureka.http.EurekaApplications]
2026-03-02T21:12:14.535+05:30 DEBUG 6956 --- [UserService] [DiscoveryClient-HeartbeatExecutor-0] [                                                 ] o.s.web.client.RestTemplate              : HTTP PUT http://localhost:8761/eureka/apps/USERSERVICE/DESKTOP-ECRRR37.mshome.net:UserService:8081?status=UP&lastDirtyTimestamp=1772463672709
2026-03-02T21:12:14.537+05:30 DEBUG 6956 --- [UserService] [DiscoveryClient-HeartbeatExecutor-0] [                                                 ] o.s.web.client.RestTemplate              : Accept=[application/json, application/*+json]
2026-03-02T21:12:14.555+05:30 DEBUG 6956 --- [UserService] [DiscoveryClient-HeartbeatExecutor-0] [                                                 ] o.s.web.client.RestTemplate              : Response 200 OK
2026-03-02T21:12:37.991+05:30 DEBUG 6956 --- [UserService] [DiscoveryClient-CacheRefreshExecutor-0] [                                                 ] o.s.web.client.RestTemplate              : HTTP GET http://localhost:8761/eureka/apps/delta
2026-03-02T21:12:37.992+05:30 DEBUG 6956 --- [UserService] [DiscoveryClient-CacheRefreshExecutor-0] [                                                 ] o.s.web.client.RestTemplate              : Accept=[application/json, application/*+json]
2026-03-02T21:12:38.006+05:30 DEBUG 6956 --- [UserService] [DiscoveryClient-CacheRefreshExecutor-0] [                                                 ] o.s.web.client.RestTemplate              : Response 200 OK
2026-03-02T21:12:38.007+05:30 DEBUG 6956 --- [UserService] [DiscoveryClient-CacheRefreshExecutor-0] [                                                 ] o.s.web.client.RestTemplate              : Reading to [org.springframework.cloud.netflix.eureka.http.EurekaApplications]
2026-03-02T21:12:44.572+05:30 DEBUG 6956 --- [UserService] [DiscoveryClient-HeartbeatExecutor-0] [                                                 ] o.s.web.client.RestTemplate              : HTTP PUT http://localhost:8761/eureka/apps/USERSERVICE/DESKTOP-ECRRR37.mshome.net:UserService:8081?status=UP&lastDirtyTimestamp=1772463672709
2026-03-02T21:12:44.572+05:30 DEBUG 6956 --- [UserService] [DiscoveryClient-HeartbeatExecutor-0] [                                                 ] o.s.web.client.RestTemplate              : Accept=[application/json, application/*+json]
2026-03-02T21:12:44.589+05:30 DEBUG 6956 --- [UserService] [DiscoveryClient-HeartbeatExecutor-0] [                                                 ] o.s.web.client.RestTemplate              : Response 200 OK
2026-03-02T21:13:08.015+05:30 DEBUG 6956 --- [UserService] [DiscoveryClient-CacheRefreshExecutor-0] [                                                 ] o.s.web.client.RestTemplate              : HTTP GET http://localhost:8761/eureka/apps/delta
2026-03-02T21:13:08.049+05:30 DEBUG 6956 --- [UserService] [DiscoveryClient-CacheRefreshExecutor-0] [                                                 ] o.s.web.client.RestTemplate              : Accept=[application/json, application/*+json]
2026-03-02T21:13:08.063+05:30 DEBUG 6956 --- [UserService] [DiscoveryClient-CacheRefreshExecutor-0] [                                                 ] o.s.web.client.RestTemplate              : Response 200 OK
2026-03-02T21:13:08.069+05:30 DEBUG 6956 --- [UserService] [DiscoveryClient-CacheRefreshExecutor-0] [                                                 ] o.s.web.client.RestTemplate              : Reading to [org.springframework.cloud.netflix.eureka.http.EurekaApplications]
2026-03-02T21:13:14.599+05:30 DEBUG 6956 --- [UserService] [DiscoveryClient-HeartbeatExecutor-0] [                                                 ] o.s.web.client.RestTemplate              : HTTP PUT http://localhost:8761/eureka/apps/USERSERVICE/DESKTOP-ECRRR37.mshome.net:UserService:8081?status=UP&lastDirtyTimestamp=1772463672709
2026-03-02T21:13:14.599+05:30 DEBUG 6956 --- [UserService] [DiscoveryClient-HeartbeatExecutor-0] [                                                 ] o.s.web.client.RestTemplate              : Accept=[application/json, application/*+json]
2026-03-02T21:13:14.613+05:30 DEBUG 6956 --- [UserService] [DiscoveryClient-HeartbeatExecutor-0] [                                                 ] o.s.web.client.RestTemplate              : Response 200 OK
2026-03-02T21:13:38.083+05:30 DEBUG 6956 --- [UserService] [DiscoveryClient-CacheRefreshExecutor-0] [                                                 ] o.s.web.client.RestTemplate              : HTTP GET http://localhost:8761/eureka/apps/delta
2026-03-02T21:13:38.083+05:30 DEBUG 6956 --- [UserService] [DiscoveryClient-CacheRefreshExecutor-0] [                                                 ] o.s.web.client.RestTemplate              : Accept=[application/json, application/*+json]
2026-03-02T21:13:38.101+05:30 DEBUG 6956 --- [UserService] [DiscoveryClient-CacheRefreshExecutor-0] [                                                 ] o.s.web.client.RestTemplate              : Response 200 OK
2026-03-02T21:13:38.101+05:30 DEBUG 6956 --- [UserService] [DiscoveryClient-CacheRefreshExecutor-0] [                                                 ] o.s.web.client.RestTemplate              : Reading to [org.springframework.cloud.netflix.eureka.http.EurekaApplications]
2026-03-02T21:13:44.633+05:30 DEBUG 6956 --- [UserService] [DiscoveryClient-HeartbeatExecutor-0] [                                                 ] o.s.web.client.RestTemplate              : HTTP PUT http://localhost:8761/eureka/apps/USERSERVICE/DESKTOP-ECRRR37.mshome.net:UserService:8081?status=UP&lastDirtyTimestamp=1772463672709
2026-03-02T21:13:44.635+05:30 DEBUG 6956 --- [UserService] [DiscoveryClient-HeartbeatExecutor-0] [                                                 ] o.s.web.client.RestTemplate              : Accept=[application/json, application/*+json]
2026-03-02T21:13:44.650+05:30 DEBUG 6956 --- [UserService] [DiscoveryClient-HeartbeatExecutor-0] [                                                 ] o.s.web.client.RestTemplate              : Response 200 OK
2026-03-02T21:14:08.115+05:30 DEBUG 6956 --- [UserService] [DiscoveryClient-CacheRefreshExecutor-0] [                                                 ] o.s.web.client.RestTemplate              : HTTP GET http://localhost:8761/eureka/apps/delta
2026-03-02T21:14:08.116+05:30 DEBUG 6956 --- [UserService] [DiscoveryClient-CacheRefreshExecutor-0] [                                                 ] o.s.web.client.RestTemplate              : Accept=[application/json, application/*+json]
2026-03-02T21:14:08.133+05:30 DEBUG 6956 --- [UserService] [DiscoveryClient-CacheRefreshExecutor-0] [                                                 ] o.s.web.client.RestTemplate              : Response 200 OK
2026-03-02T21:14:08.133+05:30 DEBUG 6956 --- [UserService] [DiscoveryClient-CacheRefreshExecutor-0] [                                                 ] o.s.web.client.RestTemplate              : Reading to [org.springframework.cloud.netflix.eureka.http.EurekaApplications]
2026-03-02T21:14:14.659+05:30 DEBUG 6956 --- [UserService] [DiscoveryClient-HeartbeatExecutor-0] [                                                 ] o.s.web.client.RestTemplate              : HTTP PUT http://localhost:8761/eureka/apps/USERSERVICE/DESKTOP-ECRRR37.mshome.net:UserService:8081?status=UP&lastDirtyTimestamp=1772463672709
2026-03-02T21:14:14.660+05:30 DEBUG 6956 --- [UserService] [DiscoveryClient-HeartbeatExecutor-0] [                                                 ] o.s.web.client.RestTemplate              : Accept=[application/json, application/*+json]
2026-03-02T21:14:14.676+05:30 DEBUG 6956 --- [UserService] [DiscoveryClient-HeartbeatExecutor-0] [                                                 ] o.s.web.client.RestTemplate              : Response 200 OK
2026-03-02T21:14:38.144+05:30 DEBUG 6956 --- [UserService] [DiscoveryClient-CacheRefreshExecutor-0] [                                                 ] o.s.web.client.RestTemplate              : HTTP GET http://localhost:8761/eureka/apps/delta
2026-03-02T21:14:38.145+05:30 DEBUG 6956 --- [UserService] [DiscoveryClient-CacheRefreshExecutor-0] [                                                 ] o.s.web.client.RestTemplate              : Accept=[application/json, application/*+json]
2026-03-02T21:14:38.162+05:30 DEBUG 6956 --- [UserService] [DiscoveryClient-CacheRefreshExecutor-0] [                                                 ] o.s.web.client.RestTemplate              : Response 200 OK
2026-03-02T21:14:38.163+05:30 DEBUG 6956 --- [UserService] [DiscoveryClient-CacheRefreshExecutor-0] [                                                 ] o.s.web.client.RestTemplate              : Reading to [org.springframework.cloud.netflix.eureka.http.EurekaApplications]
2026-03-02T21:14:44.679+05:30 DEBUG 6956 --- [UserService] [DiscoveryClient-HeartbeatExecutor-0] [                                                 ] o.s.web.client.RestTemplate              : HTTP PUT http://localhost:8761/eureka/apps/USERSERVICE/DESKTOP-ECRRR37.mshome.net:UserService:8081?status=UP&lastDirtyTimestamp=1772463672709
2026-03-02T21:14:44.680+05:30 DEBUG 6956 --- [UserService] [DiscoveryClient-HeartbeatExecutor-0] [                                                 ] o.s.web.client.RestTemplate              : Accept=[application/json, application/*+json]
2026-03-02T21:14:44.696+05:30 DEBUG 6956 --- [UserService] [DiscoveryClient-HeartbeatExecutor-0] [                                                 ] o.s.web.client.RestTemplate              : Response 200 OK
2026-03-02T21:15:08.176+05:30 DEBUG 6956 --- [UserService] [DiscoveryClient-CacheRefreshExecutor-0] [                                                 ] o.s.web.client.RestTemplate              : HTTP GET http://localhost:8761/eureka/apps/delta
2026-03-02T21:15:08.176+05:30 DEBUG 6956 --- [UserService] [DiscoveryClient-CacheRefreshExecutor-0] [                                                 ] o.s.web.client.RestTemplate              : Accept=[application/json, application/*+json]
2026-03-02T21:15:08.194+05:30 DEBUG 6956 --- [UserService] [DiscoveryClient-CacheRefreshExecutor-0] [                                                 ] o.s.web.client.RestTemplate              : Response 200 OK
2026-03-02T21:15:08.195+05:30 DEBUG 6956 --- [UserService] [DiscoveryClient-CacheRefreshExecutor-0] [                                                 ] o.s.web.client.RestTemplate              : Reading to [org.springframework.cloud.netflix.eureka.http.EurekaApplications]
2026-03-02T21:15:14.710+05:30 DEBUG 6956 --- [UserService] [DiscoveryClient-HeartbeatExecutor-0] [                                                 ] o.s.web.client.RestTemplate              : HTTP PUT http://localhost:8761/eureka/apps/USERSERVICE/DESKTOP-ECRRR37.mshome.net:UserService:8081?status=UP&lastDirtyTimestamp=1772463672709
2026-03-02T21:15:14.710+05:30 DEBUG 6956 --- [UserService] [DiscoveryClient-HeartbeatExecutor-0] [                                                 ] o.s.web.client.RestTemplate              : Accept=[application/json, application/*+json]
2026-03-02T21:15:14.728+05:30 DEBUG 6956 --- [UserService] [DiscoveryClient-HeartbeatExecutor-0] [                                                 ] o.s.web.client.RestTemplate              : Response 200 OK
2026-03-02T21:15:38.213+05:30 DEBUG 6956 --- [UserService] [DiscoveryClient-CacheRefreshExecutor-0] [                                                 ] o.s.web.client.RestTemplate              : HTTP GET http://localhost:8761/eureka/apps/delta
2026-03-02T21:15:38.214+05:30 DEBUG 6956 --- [UserService] [DiscoveryClient-CacheRefreshExecutor-0] [                                                 ] o.s.web.client.RestTemplate              : Accept=[application/json, application/*+json]
2026-03-02T21:15:38.231+05:30 DEBUG 6956 --- [UserService] [DiscoveryClient-CacheRefreshExecutor-0] [                                                 ] o.s.web.client.RestTemplate              : Response 200 OK
2026-03-02T21:15:38.232+05:30 DEBUG 6956 --- [UserService] [DiscoveryClient-CacheRefreshExecutor-0] [                                                 ] o.s.web.client.RestTemplate              : Reading to [org.springframework.cloud.netflix.eureka.http.EurekaApplications]
2026-03-02T21:15:44.732+05:30 DEBUG 6956 --- [UserService] [DiscoveryClient-HeartbeatExecutor-0] [                                                 ] o.s.web.client.RestTemplate              : HTTP PUT http://localhost:8761/eureka/apps/USERSERVICE/DESKTOP-ECRRR37.mshome.net:UserService:8081?status=UP&lastDirtyTimestamp=1772463672709
2026-03-02T21:15:44.733+05:30 DEBUG 6956 --- [UserService] [DiscoveryClient-HeartbeatExecutor-0] [                                                 ] o.s.web.client.RestTemplate              : Accept=[application/json, application/*+json]
2026-03-02T21:15:44.751+05:30 DEBUG 6956 --- [UserService] [DiscoveryClient-HeartbeatExecutor-0] [                                                 ] o.s.web.client.RestTemplate              : Response 200 OK
2026-03-02T21:16:08.245+05:30 DEBUG 6956 --- [UserService] [DiscoveryClient-CacheRefreshExecutor-0] [                                                 ] o.s.web.client.RestTemplate              : HTTP GET http://localhost:8761/eureka/apps/delta
2026-03-02T21:16:08.245+05:30 DEBUG 6956 --- [UserService] [DiscoveryClient-CacheRefreshExecutor-0] [                                                 ] o.s.web.client.RestTemplate              : Accept=[application/json, application/*+json]
2026-03-02T21:16:08.262+05:30 DEBUG 6956 --- [UserService] [DiscoveryClient-CacheRefreshExecutor-0] [                                                 ] o.s.web.client.RestTemplate              : Response 200 OK
2026-03-02T21:16:08.262+05:30 DEBUG 6956 --- [UserService] [DiscoveryClient-CacheRefreshExecutor-0] [                                                 ] o.s.web.client.RestTemplate              : Reading to [org.springframework.cloud.netflix.eureka.http.EurekaApplications]
2026-03-02T21:16:14.764+05:30 DEBUG 6956 --- [UserService] [DiscoveryClient-HeartbeatExecutor-0] [                                                 ] o.s.web.client.RestTemplate              : HTTP PUT http://localhost:8761/eureka/apps/USERSERVICE/DESKTOP-ECRRR37.mshome.net:UserService:8081?status=UP&lastDirtyTimestamp=1772463672709
2026-03-02T21:16:14.765+05:30 DEBUG 6956 --- [UserService] [DiscoveryClient-HeartbeatExecutor-0] [                                                 ] o.s.web.client.RestTemplate              : Accept=[application/json, application/*+json]
2026-03-02T21:16:14.781+05:30 DEBUG 6956 --- [UserService] [DiscoveryClient-HeartbeatExecutor-0] [                                                 ] o.s.web.client.RestTemplate              : Response 200 OK
2026-03-02T21:16:18.562+05:30  INFO 6956 --- [UserService] [AsyncResolver-bootstrap-executor-0] [                                                 ] c.n.d.s.r.aws.ConfigClusterResolver      : Resolving eureka endpoints via configuration
2026-03-02T21:16:38.267+05:30 DEBUG 6956 --- [UserService] [DiscoveryClient-CacheRefreshExecutor-0] [                                                 ] o.s.web.client.RestTemplate              : HTTP GET http://localhost:8761/eureka/apps/delta
2026-03-02T21:16:38.268+05:30 DEBUG 6956 --- [UserService] [DiscoveryClient-CacheRefreshExecutor-0] [                                                 ] o.s.web.client.RestTemplate              : Accept=[application/json, application/*+json]
2026-03-02T21:16:38.285+05:30 DEBUG 6956 --- [UserService] [DiscoveryClient-CacheRefreshExecutor-0] [                                                 ] o.s.web.client.RestTemplate              : Response 200 OK
2026-03-02T21:16:38.286+05:30 DEBUG 6956 --- [UserService] [DiscoveryClient-CacheRefreshExecutor-0] [                                                 ] o.s.web.client.RestTemplate              : Reading to [org.springframework.cloud.netflix.eureka.http.EurekaApplications]
2026-03-02T21:16:44.789+05:30 DEBUG 6956 --- [UserService] [DiscoveryClient-HeartbeatExecutor-0] [                                                 ] o.s.web.client.RestTemplate              : HTTP PUT http://localhost:8761/eureka/apps/USERSERVICE/DESKTOP-ECRRR37.mshome.net:UserService:8081?status=UP&lastDirtyTimestamp=1772463672709
2026-03-02T21:16:44.791+05:30 DEBUG 6956 --- [UserService] [DiscoveryClient-HeartbeatExecutor-0] [                                                 ] o.s.web.client.RestTemplate              : Accept=[application/json, application/*+json]
2026-03-02T21:16:44.806+05:30 DEBUG 6956 --- [UserService] [DiscoveryClient-HeartbeatExecutor-0] [                                                 ] o.s.web.client.RestTemplate              : Response 200 OK
2026-03-02T21:17:08.296+05:30 DEBUG 6956 --- [UserService] [DiscoveryClient-CacheRefreshExecutor-0] [                                                 ] o.s.web.client.RestTemplate              : HTTP GET http://localhost:8761/eureka/apps/delta
2026-03-02T21:17:08.297+05:30 DEBUG 6956 --- [UserService] [DiscoveryClient-CacheRefreshExecutor-0] [                                                 ] o.s.web.client.RestTemplate              : Accept=[application/json, application/*+json]
2026-03-02T21:17:08.313+05:30 DEBUG 6956 --- [UserService] [DiscoveryClient-CacheRefreshExecutor-0] [                                                 ] o.s.web.client.RestTemplate              : Response 200 OK
2026-03-02T21:17:08.314+05:30 DEBUG 6956 --- [UserService] [DiscoveryClient-CacheRefreshExecutor-0] [                                                 ] o.s.web.client.RestTemplate              : Reading to [org.springframework.cloud.netflix.eureka.http.EurekaApplications]
2026-03-02T21:17:14.824+05:30 DEBUG 6956 --- [UserService] [DiscoveryClient-HeartbeatExecutor-0] [                                                 ] o.s.web.client.RestTemplate              : HTTP PUT http://localhost:8761/eureka/apps/USERSERVICE/DESKTOP-ECRRR37.mshome.net:UserService:8081?status=UP&lastDirtyTimestamp=1772463672709
2026-03-02T21:17:14.825+05:30 DEBUG 6956 --- [UserService] [DiscoveryClient-HeartbeatExecutor-0] [                                                 ] o.s.web.client.RestTemplate              : Accept=[application/json, application/*+json]
2026-03-02T21:17:14.841+05:30 DEBUG 6956 --- [UserService] [DiscoveryClient-HeartbeatExecutor-0] [                                                 ] o.s.web.client.RestTemplate              : Response 200 OK
2026-03-02T21:17:38.324+05:30 DEBUG 6956 --- [UserService] [DiscoveryClient-CacheRefreshExecutor-0] [                                                 ] o.s.web.client.RestTemplate              : HTTP GET http://localhost:8761/eureka/apps/delta
2026-03-02T21:17:38.324+05:30 DEBUG 6956 --- [UserService] [DiscoveryClient-CacheRefreshExecutor-0] [                                                 ] o.s.web.client.RestTemplate              : Accept=[application/json, application/*+json]
2026-03-02T21:17:38.340+05:30 DEBUG 6956 --- [UserService] [DiscoveryClient-CacheRefreshExecutor-0] [                                                 ] o.s.web.client.RestTemplate              : Response 200 OK
2026-03-02T21:17:38.341+05:30 DEBUG 6956 --- [UserService] [DiscoveryClient-CacheRefreshExecutor-0] [                                                 ] o.s.web.client.RestTemplate              : Reading to [org.springframework.cloud.netflix.eureka.http.EurekaApplications]
2026-03-02T21:17:44.854+05:30 DEBUG 6956 --- [UserService] [DiscoveryClient-HeartbeatExecutor-0] [                                                 ] o.s.web.client.RestTemplate              : HTTP PUT http://localhost:8761/eureka/apps/USERSERVICE/DESKTOP-ECRRR37.mshome.net:UserService:8081?status=UP&lastDirtyTimestamp=1772463672709
2026-03-02T21:17:44.855+05:30 DEBUG 6956 --- [UserService] [DiscoveryClient-HeartbeatExecutor-0] [                                                 ] o.s.web.client.RestTemplate              : Accept=[application/json, application/*+json]
2026-03-02T21:17:44.871+05:30 DEBUG 6956 --- [UserService] [DiscoveryClient-HeartbeatExecutor-0] [                                                 ] o.s.web.client.RestTemplate              : Response 200 OK
2026-03-02T21:18:08.347+05:30 DEBUG 6956 --- [UserService] [DiscoveryClient-CacheRefreshExecutor-0] [                                                 ] o.s.web.client.RestTemplate              : HTTP GET http://localhost:8761/eureka/apps/delta
2026-03-02T21:18:08.347+05:30 DEBUG 6956 --- [UserService] [DiscoveryClient-CacheRefreshExecutor-0] [                                                 ] o.s.web.client.RestTemplate              : Accept=[application/json, application/*+json]
2026-03-02T21:18:08.364+05:30 DEBUG 6956 --- [UserService] [DiscoveryClient-CacheRefreshExecutor-0] [                                                 ] o.s.web.client.RestTemplate              : Response 200 OK
2026-03-02T21:18:08.365+05:30 DEBUG 6956 --- [UserService] [DiscoveryClient-CacheRefreshExecutor-0] [                                                 ] o.s.web.client.RestTemplate              : Reading to [org.springframework.cloud.netflix.eureka.http.EurekaApplications]
2026-03-02T21:18:14.894+05:30 DEBUG 6956 --- [UserService] [DiscoveryClient-HeartbeatExecutor-0] [                                                 ] o.s.web.client.RestTemplate              : HTTP PUT http://localhost:8761/eureka/apps/USERSERVICE/DESKTOP-ECRRR37.mshome.net:UserService:8081?status=UP&lastDirtyTimestamp=1772463672709
2026-03-02T21:18:14.895+05:30 DEBUG 6956 --- [UserService] [DiscoveryClient-HeartbeatExecutor-0] [                                                 ] o.s.web.client.RestTemplate              : Accept=[application/json, application/*+json]
2026-03-02T21:18:14.906+05:30 DEBUG 6956 --- [UserService] [DiscoveryClient-HeartbeatExecutor-0] [                                                 ] o.s.web.client.RestTemplate              : Response 200 OK
2026-03-02T21:18:38.381+05:30 DEBUG 6956 --- [UserService] [DiscoveryClient-CacheRefreshExecutor-0] [                                                 ] o.s.web.client.RestTemplate              : HTTP GET http://localhost:8761/eureka/apps/delta
2026-03-02T21:18:38.382+05:30 DEBUG 6956 --- [UserService] [DiscoveryClient-CacheRefreshExecutor-0] [                                                 ] o.s.web.client.RestTemplate              : Accept=[application/json, application/*+json]
2026-03-02T21:18:38.398+05:30 DEBUG 6956 --- [UserService] [DiscoveryClient-CacheRefreshExecutor-0] [                                                 ] o.s.web.client.RestTemplate              : Response 200 OK
2026-03-02T21:18:38.399+05:30 DEBUG 6956 --- [UserService] [DiscoveryClient-CacheRefreshExecutor-0] [                                                 ] o.s.web.client.RestTemplate              : Reading to [org.springframework.cloud.netflix.eureka.http.EurekaApplications]
2026-03-02T21:18:44.922+05:30 DEBUG 6956 --- [UserService] [DiscoveryClient-HeartbeatExecutor-0] [                                                 ] o.s.web.client.RestTemplate              : HTTP PUT http://localhost:8761/eureka/apps/USERSERVICE/DESKTOP-ECRRR37.mshome.net:UserService:8081?status=UP&lastDirtyTimestamp=1772463672709
2026-03-02T21:18:44.924+05:30 DEBUG 6956 --- [UserService] [DiscoveryClient-HeartbeatExecutor-0] [                                                 ] o.s.web.client.RestTemplate              : Accept=[application/json, application/*+json]
2026-03-02T21:18:44.939+05:30 DEBUG 6956 --- [UserService] [DiscoveryClient-HeartbeatExecutor-0] [                                                 ] o.s.web.client.RestTemplate              : Response 200 OK
2026-03-02T21:19:08.417+05:30 DEBUG 6956 --- [UserService] [DiscoveryClient-CacheRefreshExecutor-0] [                                                 ] o.s.web.client.RestTemplate              : HTTP GET http://localhost:8761/eureka/apps/delta
2026-03-02T21:19:08.420+05:30 DEBUG 6956 --- [UserService] [DiscoveryClient-CacheRefreshExecutor-0] [                                                 ] o.s.web.client.RestTemplate              : Accept=[application/json, application/*+json]
2026-03-02T21:19:08.435+05:30 DEBUG 6956 --- [UserService] [DiscoveryClient-CacheRefreshExecutor-0] [                                                 ] o.s.web.client.RestTemplate              : Response 200 OK
2026-03-02T21:19:08.435+05:30 DEBUG 6956 --- [UserService] [DiscoveryClient-CacheRefreshExecutor-0] [                                                 ] o.s.web.client.RestTemplate              : Reading to [org.springframework.cloud.netflix.eureka.http.EurekaApplications]
2026-03-02T21:19:14.954+05:30 DEBUG 6956 --- [UserService] [DiscoveryClient-HeartbeatExecutor-0] [                                                 ] o.s.web.client.RestTemplate              : HTTP PUT http://localhost:8761/eureka/apps/USERSERVICE/DESKTOP-ECRRR37.mshome.net:UserService:8081?status=UP&lastDirtyTimestamp=1772463672709
2026-03-02T21:19:14.955+05:30 DEBUG 6956 --- [UserService] [DiscoveryClient-HeartbeatExecutor-0] [                                                 ] o.s.web.client.RestTemplate              : Accept=[application/json, application/*+json]
2026-03-02T21:19:14.972+05:30 DEBUG 6956 --- [UserService] [DiscoveryClient-HeartbeatExecutor-0] [                                                 ] o.s.web.client.RestTemplate              : Response 200 OK
2026-03-02T21:19:38.446+05:30 DEBUG 6956 --- [UserService] [DiscoveryClient-CacheRefreshExecutor-0] [                                                 ] o.s.web.client.RestTemplate              : HTTP GET http://localhost:8761/eureka/apps/delta
2026-03-02T21:19:38.446+05:30 DEBUG 6956 --- [UserService] [DiscoveryClient-CacheRefreshExecutor-0] [                                                 ] o.s.web.client.RestTemplate              : Accept=[application/json, application/*+json]
2026-03-02T21:19:38.462+05:30 DEBUG 6956 --- [UserService] [DiscoveryClient-CacheRefreshExecutor-0] [                                                 ] o.s.web.client.RestTemplate              : Response 200 OK
2026-03-02T21:19:38.463+05:30 DEBUG 6956 --- [UserService] [DiscoveryClient-CacheRefreshExecutor-0] [                                                 ] o.s.web.client.RestTemplate              : Reading to [org.springframework.cloud.netflix.eureka.http.EurekaApplications]
2026-03-02T21:19:44.985+05:30 DEBUG 6956 --- [UserService] [DiscoveryClient-HeartbeatExecutor-0] [                                                 ] o.s.web.client.RestTemplate              : HTTP PUT http://localhost:8761/eureka/apps/USERSERVICE/DESKTOP-ECRRR37.mshome.net:UserService:8081?status=UP&lastDirtyTimestamp=1772463672709
2026-03-02T21:19:44.986+05:30 DEBUG 6956 --- [UserService] [DiscoveryClient-HeartbeatExecutor-0] [                                                 ] o.s.web.client.RestTemplate              : Accept=[application/json, application/*+json]
2026-03-02T21:19:45.002+05:30 DEBUG 6956 --- [UserService] [DiscoveryClient-HeartbeatExecutor-0] [                                                 ] o.s.web.client.RestTemplate              : Response 200 OK
2026-03-02T21:20:08.480+05:30 DEBUG 6956 --- [UserService] [DiscoveryClient-CacheRefreshExecutor-0] [                                                 ] o.s.web.client.RestTemplate              : HTTP GET http://localhost:8761/eureka/apps/delta
2026-03-02T21:20:08.481+05:30 DEBUG 6956 --- [UserService] [DiscoveryClient-CacheRefreshExecutor-0] [                                                 ] o.s.web.client.RestTemplate              : Accept=[application/json, application/*+json]
2026-03-02T21:20:08.498+05:30 DEBUG 6956 --- [UserService] [DiscoveryClient-CacheRefreshExecutor-0] [                                                 ] o.s.web.client.RestTemplate              : Response 200 OK
2026-03-02T21:20:08.499+05:30 DEBUG 6956 --- [UserService] [DiscoveryClient-CacheRefreshExecutor-0] [                                                 ] o.s.web.client.RestTemplate              : Reading to [org.springframework.cloud.netflix.eureka.http.EurekaApplications]
2026-03-02T21:20:15.004+05:30 DEBUG 6956 --- [UserService] [DiscoveryClient-HeartbeatExecutor-0] [                                                 ] o.s.web.client.RestTemplate              : HTTP PUT http://localhost:8761/eureka/apps/USERSERVICE/DESKTOP-ECRRR37.mshome.net:UserService:8081?status=UP&lastDirtyTimestamp=1772463672709
2026-03-02T21:20:15.006+05:30 DEBUG 6956 --- [UserService] [DiscoveryClient-HeartbeatExecutor-0] [                                                 ] o.s.web.client.RestTemplate              : Accept=[application/json, application/*+json]
2026-03-02T21:20:15.023+05:30 DEBUG 6956 --- [UserService] [DiscoveryClient-HeartbeatExecutor-0] [                                                 ] o.s.web.client.RestTemplate              : Response 200 OK
2026-03-02T21:20:38.513+05:30 DEBUG 6956 --- [UserService] [DiscoveryClient-CacheRefreshExecutor-0] [                                                 ] o.s.web.client.RestTemplate              : HTTP GET http://localhost:8761/eureka/apps/delta
2026-03-02T21:20:38.515+05:30 DEBUG 6956 --- [UserService] [DiscoveryClient-CacheRefreshExecutor-0] [                                                 ] o.s.web.client.RestTemplate              : Accept=[application/json, application/*+json]
2026-03-02T21:20:38.534+05:30 DEBUG 6956 --- [UserService] [DiscoveryClient-CacheRefreshExecutor-0] [                                                 ] o.s.web.client.RestTemplate              : Response 200 OK
2026-03-02T21:20:38.535+05:30 DEBUG 6956 --- [UserService] [DiscoveryClient-CacheRefreshExecutor-0] [                                                 ] o.s.web.client.RestTemplate              : Reading to [org.springframework.cloud.netflix.eureka.http.EurekaApplications]
2026-03-02T21:20:45.072+05:30 DEBUG 6956 --- [UserService] [DiscoveryClient-HeartbeatExecutor-0] [                                                 ] o.s.web.client.RestTemplate              : HTTP PUT http://localhost:8761/eureka/apps/USERSERVICE/DESKTOP-ECRRR37.mshome.net:UserService:8081?status=UP&lastDirtyTimestamp=1772463672709
2026-03-02T21:20:45.073+05:30 DEBUG 6956 --- [UserService] [DiscoveryClient-HeartbeatExecutor-0] [                                                 ] o.s.web.client.RestTemplate              : Accept=[application/json, application/*+json]
2026-03-02T21:20:45.193+05:30 DEBUG 6956 --- [UserService] [DiscoveryClient-HeartbeatExecutor-0] [                                                 ] o.s.web.client.RestTemplate              : Response 200 OK
2026-03-02T21:21:08.550+05:30 DEBUG 6956 --- [UserService] [DiscoveryClient-CacheRefreshExecutor-0] [                                                 ] o.s.web.client.RestTemplate              : HTTP GET http://localhost:8761/eureka/apps/delta
2026-03-02T21:21:08.550+05:30 DEBUG 6956 --- [UserService] [DiscoveryClient-CacheRefreshExecutor-0] [                                                 ] o.s.web.client.RestTemplate              : Accept=[application/json, application/*+json]
2026-03-02T21:21:08.568+05:30 DEBUG 6956 --- [UserService] [DiscoveryClient-CacheRefreshExecutor-0] [                                                 ] o.s.web.client.RestTemplate              : Response 200 OK
2026-03-02T21:21:08.568+05:30 DEBUG 6956 --- [UserService] [DiscoveryClient-CacheRefreshExecutor-0] [                                                 ] o.s.web.client.RestTemplate              : Reading to [org.springframework.cloud.netflix.eureka.http.EurekaApplications]
2026-03-02T21:21:15.197+05:30 DEBUG 6956 --- [UserService] [DiscoveryClient-HeartbeatExecutor-0] [                                                 ] o.s.web.client.RestTemplate              : HTTP PUT http://localhost:8761/eureka/apps/USERSERVICE/DESKTOP-ECRRR37.mshome.net:UserService:8081?status=UP&lastDirtyTimestamp=1772463672709
2026-03-02T21:21:15.197+05:30 DEBUG 6956 --- [UserService] [DiscoveryClient-HeartbeatExecutor-0] [                                                 ] o.s.web.client.RestTemplate              : Accept=[application/json, application/*+json]
2026-03-02T21:21:15.215+05:30 DEBUG 6956 --- [UserService] [DiscoveryClient-HeartbeatExecutor-0] [                                                 ] o.s.web.client.RestTemplate              : Response 200 OK
2026-03-02T21:21:18.585+05:30  INFO 6956 --- [UserService] [AsyncResolver-bootstrap-executor-0] [                                                 ] c.n.d.s.r.aws.ConfigClusterResolver      : Resolving eureka endpoints via configuration
2026-03-02T21:21:38.575+05:30 DEBUG 6956 --- [UserService] [DiscoveryClient-CacheRefreshExecutor-0] [                                                 ] o.s.web.client.RestTemplate              : HTTP GET http://localhost:8761/eureka/apps/delta
2026-03-02T21:21:38.706+05:30 DEBUG 6956 --- [UserService] [DiscoveryClient-CacheRefreshExecutor-0] [                                                 ] o.s.web.client.RestTemplate              : Accept=[application/json, application/*+json]
2026-03-02T21:21:38.883+05:30 DEBUG 6956 --- [UserService] [DiscoveryClient-CacheRefreshExecutor-0] [                                                 ] o.s.web.client.RestTemplate              : Response 200 OK
2026-03-02T21:21:39.086+05:30 DEBUG 6956 --- [UserService] [DiscoveryClient-CacheRefreshExecutor-0] [                                                 ] o.s.web.client.RestTemplate              : Reading to [org.springframework.cloud.netflix.eureka.http.EurekaApplications]
2026-03-02T21:21:45.224+05:30 DEBUG 6956 --- [UserService] [DiscoveryClient-HeartbeatExecutor-0] [                                                 ] o.s.web.client.RestTemplate              : HTTP PUT http://localhost:8761/eureka/apps/USERSERVICE/DESKTOP-ECRRR37.mshome.net:UserService:8081?status=UP&lastDirtyTimestamp=1772463672709
2026-03-02T21:21:45.224+05:30 DEBUG 6956 --- [UserService] [DiscoveryClient-HeartbeatExecutor-0] [                                                 ] o.s.web.client.RestTemplate              : Accept=[application/json, application/*+json]
2026-03-02T21:21:45.346+05:30 DEBUG 6956 --- [UserService] [DiscoveryClient-HeartbeatExecutor-0] [                                                 ] o.s.web.client.RestTemplate              : Response 200 OK
2026-03-02T21:22:09.089+05:30 DEBUG 6956 --- [UserService] [DiscoveryClient-CacheRefreshExecutor-0] [                                                 ] o.s.web.client.RestTemplate              : HTTP GET http://localhost:8761/eureka/apps/delta
2026-03-02T21:22:09.090+05:30 DEBUG 6956 --- [UserService] [DiscoveryClient-CacheRefreshExecutor-0] [                                                 ] o.s.web.client.RestTemplate              : Accept=[application/json, application/*+json]
2026-03-02T21:22:09.107+05:30 DEBUG 6956 --- [UserService] [DiscoveryClient-CacheRefreshExecutor-0] [                                                 ] o.s.web.client.RestTemplate              : Response 200 OK
2026-03-02T21:22:09.108+05:30 DEBUG 6956 --- [UserService] [DiscoveryClient-CacheRefreshExecutor-0] [                                                 ] o.s.web.client.RestTemplate              : Reading to [org.springframework.cloud.netflix.eureka.http.EurekaApplications]
2026-03-02T21:22:15.393+05:30 DEBUG 6956 --- [UserService] [DiscoveryClient-HeartbeatExecutor-0] [                                                 ] o.s.web.client.RestTemplate              : HTTP PUT http://localhost:8761/eureka/apps/USERSERVICE/DESKTOP-ECRRR37.mshome.net:UserService:8081?status=UP&lastDirtyTimestamp=1772463672709
2026-03-02T21:22:15.394+05:30 DEBUG 6956 --- [UserService] [DiscoveryClient-HeartbeatExecutor-0] [                                                 ] o.s.web.client.RestTemplate              : Accept=[application/json, application/*+json]
2026-03-02T21:22:15.411+05:30 DEBUG 6956 --- [UserService] [DiscoveryClient-HeartbeatExecutor-0] [                                                 ] o.s.web.client.RestTemplate              : Response 200 OK
2026-03-02T21:22:39.133+05:30 DEBUG 6956 --- [UserService] [DiscoveryClient-CacheRefreshExecutor-0] [                                                 ] o.s.web.client.RestTemplate              : HTTP GET http://localhost:8761/eureka/apps/delta
2026-03-02T21:22:39.151+05:30 DEBUG 6956 --- [UserService] [DiscoveryClient-CacheRefreshExecutor-0] [                                                 ] o.s.web.client.RestTemplate              : Accept=[application/json, application/*+json]
2026-03-02T21:22:39.217+05:30 DEBUG 6956 --- [UserService] [DiscoveryClient-CacheRefreshExecutor-0] [                                                 ] o.s.web.client.RestTemplate              : Response 200 OK
2026-03-02T21:22:39.220+05:30 DEBUG 6956 --- [UserService] [DiscoveryClient-CacheRefreshExecutor-0] [                                                 ] o.s.web.client.RestTemplate              : Reading to [org.springframework.cloud.netflix.eureka.http.EurekaApplications]
2026-03-02T21:22:45.507+05:30 DEBUG 6956 --- [UserService] [DiscoveryClient-HeartbeatExecutor-0] [                                                 ] o.s.web.client.RestTemplate              : HTTP PUT http://localhost:8761/eureka/apps/USERSERVICE/DESKTOP-ECRRR37.mshome.net:UserService:8081?status=UP&lastDirtyTimestamp=1772463672709
2026-03-02T21:22:45.527+05:30 DEBUG 6956 --- [UserService] [DiscoveryClient-HeartbeatExecutor-0] [                                                 ] o.s.web.client.RestTemplate              : Accept=[application/json, application/*+json]
2026-03-02T21:22:45.624+05:30 DEBUG 6956 --- [UserService] [DiscoveryClient-HeartbeatExecutor-0] [                                                 ] o.s.web.client.RestTemplate              : Response 200 OK
2026-03-02T21:22:50.912+05:30 DEBUG 6956 --- [UserService] [AsyncReporter{org.springframework.boot.actuate.autoconfigure.tracing.zipkin.ZipkinRestTemplateSender@64421ccb}] [                                                 ] o.s.web.client.RestTemplate              : HTTP POST http://localhost:9411/api/v2/spans
2026-03-02T21:22:50.937+05:30 DEBUG 6956 --- [UserService] [AsyncReporter{org.springframework.boot.actuate.autoconfigure.tracing.zipkin.ZipkinRestTemplateSender@64421ccb}] [                                                 ] o.s.web.client.RestTemplate              : Accept=[application/json, application/*+json]
2026-03-02T21:22:50.942+05:30 DEBUG 6956 --- [UserService] [AsyncReporter{org.springframework.boot.actuate.autoconfigure.tracing.zipkin.ZipkinRestTemplateSender@64421ccb}] [                                                 ] o.s.web.client.RestTemplate              : Writing [[B@5e683948] as "application/json"
2026-03-02T21:22:51.184+05:30 DEBUG 6956 --- [UserService] [AsyncReporter{org.springframework.boot.actuate.autoconfigure.tracing.zipkin.ZipkinRestTemplateSender@64421ccb}] [                                                 ] o.s.web.client.RestTemplate              : Response 202 ACCEPTED
2026-03-02T21:23:09.338+05:30 DEBUG 6956 --- [UserService] [DiscoveryClient-CacheRefreshExecutor-0] [                                                 ] o.s.web.client.RestTemplate              : HTTP GET http://localhost:8761/eureka/apps/delta
2026-03-02T21:23:09.338+05:30 DEBUG 6956 --- [UserService] [DiscoveryClient-CacheRefreshExecutor-0] [                                                 ] o.s.web.client.RestTemplate              : Accept=[application/json, application/*+json]
2026-03-02T21:23:09.345+05:30 DEBUG 6956 --- [UserService] [DiscoveryClient-CacheRefreshExecutor-0] [                                                 ] o.s.web.client.RestTemplate              : Response 200 OK
2026-03-02T21:23:09.346+05:30 DEBUG 6956 --- [UserService] [DiscoveryClient-CacheRefreshExecutor-0] [                                                 ] o.s.web.client.RestTemplate              : Reading to [org.springframework.cloud.netflix.eureka.http.EurekaApplications]
2026-03-02T21:23:15.637+05:30 DEBUG 6956 --- [UserService] [DiscoveryClient-HeartbeatExecutor-0] [                                                 ] o.s.web.client.RestTemplate              : HTTP PUT http://localhost:8761/eureka/apps/USERSERVICE/DESKTOP-ECRRR37.mshome.net:UserService:8081?status=UP&lastDirtyTimestamp=1772463672709
2026-03-02T21:23:15.639+05:30 DEBUG 6956 --- [UserService] [DiscoveryClient-HeartbeatExecutor-0] [                                                 ] o.s.web.client.RestTemplate              : Accept=[application/json, application/*+json]
2026-03-02T21:23:15.649+05:30 DEBUG 6956 --- [UserService] [DiscoveryClient-HeartbeatExecutor-0] [                                                 ] o.s.web.client.RestTemplate              : Response 200 OK
2026-03-02T21:23:39.621+05:30 DEBUG 6956 --- [UserService] [DiscoveryClient-CacheRefreshExecutor-0] [                                                 ] o.s.web.client.RestTemplate              : HTTP GET http://localhost:8761/eureka/apps/delta
2026-03-02T21:23:39.627+05:30 DEBUG 6956 --- [UserService] [DiscoveryClient-CacheRefreshExecutor-0] [                                                 ] o.s.web.client.RestTemplate              : Accept=[application/json, application/*+json]
2026-03-02T21:23:39.650+05:30 DEBUG 6956 --- [UserService] [DiscoveryClient-CacheRefreshExecutor-0] [                                                 ] o.s.web.client.RestTemplate              : Response 200 OK
2026-03-02T21:23:39.652+05:30 DEBUG 6956 --- [UserService] [DiscoveryClient-CacheRefreshExecutor-0] [                                                 ] o.s.web.client.RestTemplate              : Reading to [org.springframework.cloud.netflix.eureka.http.EurekaApplications]
2026-03-02T21:23:45.830+05:30 DEBUG 6956 --- [UserService] [DiscoveryClient-HeartbeatExecutor-0] [                                                 ] o.s.web.client.RestTemplate              : HTTP PUT http://localhost:8761/eureka/apps/USERSERVICE/DESKTOP-ECRRR37.mshome.net:UserService:8081?status=UP&lastDirtyTimestamp=1772463672709
2026-03-02T21:23:45.945+05:30 DEBUG 6956 --- [UserService] [DiscoveryClient-HeartbeatExecutor-0] [                                                 ] o.s.web.client.RestTemplate              : Accept=[application/json, application/*+json]
2026-03-02T21:23:45.954+05:30 DEBUG 6956 --- [UserService] [DiscoveryClient-HeartbeatExecutor-0] [                                                 ] o.s.web.client.RestTemplate              : Response 200 OK
2026-03-02T21:24:09.676+05:30 DEBUG 6956 --- [UserService] [DiscoveryClient-CacheRefreshExecutor-0] [                                                 ] o.s.web.client.RestTemplate              : HTTP GET http://localhost:8761/eureka/apps/delta
2026-03-02T21:24:09.678+05:30 DEBUG 6956 --- [UserService] [DiscoveryClient-CacheRefreshExecutor-0] [                                                 ] o.s.web.client.RestTemplate              : Accept=[application/json, application/*+json]
2026-03-02T21:24:09.705+05:30 DEBUG 6956 --- [UserService] [DiscoveryClient-CacheRefreshExecutor-0] [                                                 ] o.s.web.client.RestTemplate              : Response 200 OK
2026-03-02T21:24:09.707+05:30 DEBUG 6956 --- [UserService] [DiscoveryClient-CacheRefreshExecutor-0] [                                                 ] o.s.web.client.RestTemplate              : Reading to [org.springframework.cloud.netflix.eureka.http.EurekaApplications]
2026-03-02T21:24:15.961+05:30 DEBUG 6956 --- [UserService] [DiscoveryClient-HeartbeatExecutor-0] [                                                 ] o.s.web.client.RestTemplate              : HTTP PUT http://localhost:8761/eureka/apps/USERSERVICE/DESKTOP-ECRRR37.mshome.net:UserService:8081?status=UP&lastDirtyTimestamp=1772463672709
2026-03-02T21:24:15.963+05:30 DEBUG 6956 --- [UserService] [DiscoveryClient-HeartbeatExecutor-0] [                                                 ] o.s.web.client.RestTemplate              : Accept=[application/json, application/*+json]
2026-03-02T21:24:15.979+05:30 DEBUG 6956 --- [UserService] [DiscoveryClient-HeartbeatExecutor-0] [                                                 ] o.s.web.client.RestTemplate              : Response 200 OK
2026-03-02T21:24:39.891+05:30 DEBUG 6956 --- [UserService] [DiscoveryClient-CacheRefreshExecutor-0] [                                                 ] o.s.web.client.RestTemplate              : HTTP GET http://localhost:8761/eureka/apps/delta
2026-03-02T21:24:39.892+05:30 DEBUG 6956 --- [UserService] [DiscoveryClient-CacheRefreshExecutor-0] [                                                 ] o.s.web.client.RestTemplate              : Accept=[application/json, application/*+json]
2026-03-02T21:24:40.179+05:30 DEBUG 6956 --- [UserService] [DiscoveryClient-CacheRefreshExecutor-0] [                                                 ] o.s.web.client.RestTemplate              : Response 200 OK
2026-03-02T21:24:40.179+05:30 DEBUG 6956 --- [UserService] [DiscoveryClient-CacheRefreshExecutor-0] [                                                 ] o.s.web.client.RestTemplate              : Reading to [org.springframework.cloud.netflix.eureka.http.EurekaApplications]
2026-03-02T21:24:46.046+05:30 DEBUG 6956 --- [UserService] [DiscoveryClient-HeartbeatExecutor-0] [                                                 ] o.s.web.client.RestTemplate              : HTTP PUT http://localhost:8761/eureka/apps/USERSERVICE/DESKTOP-ECRRR37.mshome.net:UserService:8081?status=UP&lastDirtyTimestamp=1772463672709
2026-03-02T21:24:46.073+05:30 DEBUG 6956 --- [UserService] [DiscoveryClient-HeartbeatExecutor-0] [                                                 ] o.s.web.client.RestTemplate              : Accept=[application/json, application/*+json]
2026-03-02T21:24:46.167+05:30 DEBUG 6956 --- [UserService] [DiscoveryClient-HeartbeatExecutor-0] [                                                 ] o.s.web.client.RestTemplate              : Response 200 OK
2026-03-02T21:25:10.561+05:30 DEBUG 6956 --- [UserService] [DiscoveryClient-CacheRefreshExecutor-0] [                                                 ] o.s.web.client.RestTemplate              : HTTP GET http://localhost:8761/eureka/apps/delta
2026-03-02T21:25:10.571+05:30 DEBUG 6956 --- [UserService] [DiscoveryClient-CacheRefreshExecutor-0] [                                                 ] o.s.web.client.RestTemplate              : Accept=[application/json, application/*+json]
2026-03-02T21:25:10.612+05:30 DEBUG 6956 --- [UserService] [DiscoveryClient-CacheRefreshExecutor-0] [                                                 ] o.s.web.client.RestTemplate              : Response 200 OK
2026-03-02T21:25:10.613+05:30 DEBUG 6956 --- [UserService] [DiscoveryClient-CacheRefreshExecutor-0] [                                                 ] o.s.web.client.RestTemplate              : Reading to [org.springframework.cloud.netflix.eureka.http.EurekaApplications]
2026-03-02T21:25:16.199+05:30 DEBUG 6956 --- [UserService] [DiscoveryClient-HeartbeatExecutor-0] [                                                 ] o.s.web.client.RestTemplate              : HTTP PUT http://localhost:8761/eureka/apps/USERSERVICE/DESKTOP-ECRRR37.mshome.net:UserService:8081?status=UP&lastDirtyTimestamp=1772463672709
2026-03-02T21:25:16.315+05:30 DEBUG 6956 --- [UserService] [DiscoveryClient-HeartbeatExecutor-0] [                                                 ] o.s.web.client.RestTemplate              : Accept=[application/json, application/*+json]
2026-03-02T21:25:16.349+05:30 DEBUG 6956 --- [UserService] [DiscoveryClient-HeartbeatExecutor-0] [                                                 ] o.s.web.client.RestTemplate              : Response 200 OK
2026-03-02T21:25:40.712+05:30 DEBUG 6956 --- [UserService] [DiscoveryClient-CacheRefreshExecutor-0] [                                                 ] o.s.web.client.RestTemplate              : HTTP GET http://localhost:8761/eureka/apps/delta
2026-03-02T21:25:40.727+05:30 DEBUG 6956 --- [UserService] [DiscoveryClient-CacheRefreshExecutor-0] [                                                 ] o.s.web.client.RestTemplate              : Accept=[application/json, application/*+json]
2026-03-02T21:25:40.746+05:30 DEBUG 6956 --- [UserService] [DiscoveryClient-CacheRefreshExecutor-0] [                                                 ] o.s.web.client.RestTemplate              : Response 200 OK
2026-03-02T21:25:40.747+05:30 DEBUG 6956 --- [UserService] [DiscoveryClient-CacheRefreshExecutor-0] [                                                 ] o.s.web.client.RestTemplate              : Reading to [org.springframework.cloud.netflix.eureka.http.EurekaApplications]
2026-03-02T21:25:46.365+05:30 DEBUG 6956 --- [UserService] [DiscoveryClient-HeartbeatExecutor-0] [                                                 ] o.s.web.client.RestTemplate              : HTTP PUT http://localhost:8761/eureka/apps/USERSERVICE/DESKTOP-ECRRR37.mshome.net:UserService:8081?status=UP&lastDirtyTimestamp=1772463672709
2026-03-02T21:25:46.371+05:30 DEBUG 6956 --- [UserService] [DiscoveryClient-HeartbeatExecutor-0] [                                                 ] o.s.web.client.RestTemplate              : Accept=[application/json, application/*+json]
2026-03-02T21:25:46.384+05:30 DEBUG 6956 --- [UserService] [DiscoveryClient-HeartbeatExecutor-0] [                                                 ] o.s.web.client.RestTemplate              : Response 200 OK
2026-03-02T21:26:10.776+05:30 DEBUG 6956 --- [UserService] [DiscoveryClient-CacheRefreshExecutor-0] [                                                 ] o.s.web.client.RestTemplate              : HTTP GET http://localhost:8761/eureka/apps/delta
2026-03-02T21:26:10.778+05:30 DEBUG 6956 --- [UserService] [DiscoveryClient-CacheRefreshExecutor-0] [                                                 ] o.s.web.client.RestTemplate              : Accept=[application/json, application/*+json]
2026-03-02T21:26:10.805+05:30 DEBUG 6956 --- [UserService] [DiscoveryClient-CacheRefreshExecutor-0] [                                                 ] o.s.web.client.RestTemplate              : Response 200 OK
2026-03-02T21:26:10.806+05:30 DEBUG 6956 --- [UserService] [DiscoveryClient-CacheRefreshExecutor-0] [                                                 ] o.s.web.client.RestTemplate              : Reading to [org.springframework.cloud.netflix.eureka.http.EurekaApplications]
2026-03-02T21:26:16.400+05:30 DEBUG 6956 --- [UserService] [DiscoveryClient-HeartbeatExecutor-0] [                                                 ] o.s.web.client.RestTemplate              : HTTP PUT http://localhost:8761/eureka/apps/USERSERVICE/DESKTOP-ECRRR37.mshome.net:UserService:8081?status=UP&lastDirtyTimestamp=1772463672709
2026-03-02T21:26:16.400+05:30 DEBUG 6956 --- [UserService] [DiscoveryClient-HeartbeatExecutor-0] [                                                 ] o.s.web.client.RestTemplate              : Accept=[application/json, application/*+json]
2026-03-02T21:26:16.632+05:30 DEBUG 6956 --- [UserService] [DiscoveryClient-HeartbeatExecutor-0] [                                                 ] o.s.web.client.RestTemplate              : Response 200 OK
2026-03-02T21:26:20.683+05:30  INFO 6956 --- [UserService] [AsyncResolver-bootstrap-executor-0] [                                                 ] c.n.d.s.r.aws.ConfigClusterResolver      : Resolving eureka endpoints via configuration
2026-03-02T21:26:40.812+05:30 DEBUG 6956 --- [UserService] [DiscoveryClient-CacheRefreshExecutor-0] [                                                 ] o.s.web.client.RestTemplate              : HTTP GET http://localhost:8761/eureka/apps/delta
2026-03-02T21:26:40.818+05:30 DEBUG 6956 --- [UserService] [DiscoveryClient-CacheRefreshExecutor-0] [                                                 ] o.s.web.client.RestTemplate              : Accept=[application/json, application/*+json]
2026-03-02T21:26:40.831+05:30 DEBUG 6956 --- [UserService] [DiscoveryClient-CacheRefreshExecutor-0] [                                                 ] o.s.web.client.RestTemplate              : Response 200 OK
2026-03-02T21:26:40.832+05:30 DEBUG 6956 --- [UserService] [DiscoveryClient-CacheRefreshExecutor-0] [                                                 ] o.s.web.client.RestTemplate              : Reading to [org.springframework.cloud.netflix.eureka.http.EurekaApplications]
2026-03-02T21:26:46.647+05:30 DEBUG 6956 --- [UserService] [DiscoveryClient-HeartbeatExecutor-0] [                                                 ] o.s.web.client.RestTemplate              : HTTP PUT http://localhost:8761/eureka/apps/USERSERVICE/DESKTOP-ECRRR37.mshome.net:UserService:8081?status=UP&lastDirtyTimestamp=1772463672709
2026-03-02T21:26:46.650+05:30 DEBUG 6956 --- [UserService] [DiscoveryClient-HeartbeatExecutor-0] [                                                 ] o.s.web.client.RestTemplate              : Accept=[application/json, application/*+json]
2026-03-02T21:26:46.668+05:30 DEBUG 6956 --- [UserService] [DiscoveryClient-HeartbeatExecutor-0] [                                                 ] o.s.web.client.RestTemplate              : Response 200 OK
2026-03-02T21:27:10.854+05:30 DEBUG 6956 --- [UserService] [DiscoveryClient-CacheRefreshExecutor-0] [                                                 ] o.s.web.client.RestTemplate              : HTTP GET http://localhost:8761/eureka/apps/delta
2026-03-02T21:27:10.857+05:30 DEBUG 6956 --- [UserService] [DiscoveryClient-CacheRefreshExecutor-0] [                                                 ] o.s.web.client.RestTemplate              : Accept=[application/json, application/*+json]
2026-03-02T21:27:10.874+05:30 DEBUG 6956 --- [UserService] [DiscoveryClient-CacheRefreshExecutor-0] [                                                 ] o.s.web.client.RestTemplate              : Response 200 OK
2026-03-02T21:27:10.879+05:30 DEBUG 6956 --- [UserService] [DiscoveryClient-CacheRefreshExecutor-0] [                                                 ] o.s.web.client.RestTemplate              : Reading to [org.springframework.cloud.netflix.eureka.http.EurekaApplications]
2026-03-02T21:27:16.679+05:30 DEBUG 6956 --- [UserService] [DiscoveryClient-HeartbeatExecutor-0] [                                                 ] o.s.web.client.RestTemplate              : HTTP PUT http://localhost:8761/eureka/apps/USERSERVICE/DESKTOP-ECRRR37.mshome.net:UserService:8081?status=UP&lastDirtyTimestamp=1772463672709
2026-03-02T21:27:16.682+05:30 DEBUG 6956 --- [UserService] [DiscoveryClient-HeartbeatExecutor-0] [                                                 ] o.s.web.client.RestTemplate              : Accept=[application/json, application/*+json]
2026-03-02T21:27:16.700+05:30 DEBUG 6956 --- [UserService] [DiscoveryClient-HeartbeatExecutor-0] [                                                 ] o.s.web.client.RestTemplate              : Response 200 OK
2026-03-02T21:27:43.758+05:30 DEBUG 6956 --- [UserService] [DiscoveryClient-CacheRefreshExecutor-0] [                                                 ] o.s.web.client.RestTemplate              : HTTP GET http://localhost:8761/eureka/apps/delta
2026-03-02T21:27:43.760+05:30 DEBUG 6956 --- [UserService] [DiscoveryClient-CacheRefreshExecutor-0] [                                                 ] o.s.web.client.RestTemplate              : Accept=[application/json, application/*+json]
2026-03-02T21:27:43.859+05:30 DEBUG 6956 --- [UserService] [DiscoveryClient-CacheRefreshExecutor-0] [                                                 ] o.s.web.client.RestTemplate              : Response 200 OK
2026-03-02T21:27:44.144+05:30 DEBUG 6956 --- [UserService] [DiscoveryClient-CacheRefreshExecutor-0] [                                                 ] o.s.web.client.RestTemplate              : Reading to [org.springframework.cloud.netflix.eureka.http.EurekaApplications]
2026-03-02T21:27:46.705+05:30 DEBUG 6956 --- [UserService] [DiscoveryClient-HeartbeatExecutor-0] [                                                 ] o.s.web.client.RestTemplate              : HTTP PUT http://localhost:8761/eureka/apps/USERSERVICE/DESKTOP-ECRRR37.mshome.net:UserService:8081?status=UP&lastDirtyTimestamp=1772463672709
2026-03-02T21:27:46.706+05:30 DEBUG 6956 --- [UserService] [DiscoveryClient-HeartbeatExecutor-0] [                                                 ] o.s.web.client.RestTemplate              : Accept=[application/json, application/*+json]
2026-03-02T21:27:46.822+05:30 DEBUG 6956 --- [UserService] [DiscoveryClient-HeartbeatExecutor-0] [                                                 ] o.s.web.client.RestTemplate              : Response 200 OK
2026-03-02T21:28:14.160+05:30 DEBUG 6956 --- [UserService] [DiscoveryClient-CacheRefreshExecutor-0] [                                                 ] o.s.web.client.RestTemplate              : HTTP GET http://localhost:8761/eureka/apps/delta
2026-03-02T21:28:14.162+05:30 DEBUG 6956 --- [UserService] [DiscoveryClient-CacheRefreshExecutor-0] [                                                 ] o.s.web.client.RestTemplate              : Accept=[application/json, application/*+json]
2026-03-02T21:28:14.186+05:30 DEBUG 6956 --- [UserService] [DiscoveryClient-CacheRefreshExecutor-0] [                                                 ] o.s.web.client.RestTemplate              : Response 200 OK
2026-03-02T21:28:14.187+05:30 DEBUG 6956 --- [UserService] [DiscoveryClient-CacheRefreshExecutor-0] [                                                 ] o.s.web.client.RestTemplate              : Reading to [org.springframework.cloud.netflix.eureka.http.EurekaApplications]
2026-03-02T21:28:16.845+05:30 DEBUG 6956 --- [UserService] [DiscoveryClient-HeartbeatExecutor-0] [                                                 ] o.s.web.client.RestTemplate              : HTTP PUT http://localhost:8761/eureka/apps/USERSERVICE/DESKTOP-ECRRR37.mshome.net:UserService:8081?status=UP&lastDirtyTimestamp=1772463672709
2026-03-02T21:28:16.846+05:30 DEBUG 6956 --- [UserService] [DiscoveryClient-HeartbeatExecutor-0] [                                                 ] o.s.web.client.RestTemplate              : Accept=[application/json, application/*+json]
2026-03-02T21:28:16.894+05:30 DEBUG 6956 --- [UserService] [DiscoveryClient-HeartbeatExecutor-0] [                                                 ] o.s.web.client.RestTemplate              : Response 200 OK
2026-03-02T21:28:44.340+05:30 DEBUG 6956 --- [UserService] [DiscoveryClient-CacheRefreshExecutor-0] [                                                 ] o.s.web.client.RestTemplate              : HTTP GET http://localhost:8761/eureka/apps/delta
2026-03-02T21:28:44.350+05:30 DEBUG 6956 --- [UserService] [DiscoveryClient-CacheRefreshExecutor-0] [                                                 ] o.s.web.client.RestTemplate              : Accept=[application/json, application/*+json]
2026-03-02T21:28:44.375+05:30 DEBUG 6956 --- [UserService] [DiscoveryClient-CacheRefreshExecutor-0] [                                                 ] o.s.web.client.RestTemplate              : Response 200 OK
2026-03-02T21:28:44.377+05:30 DEBUG 6956 --- [UserService] [DiscoveryClient-CacheRefreshExecutor-0] [                                                 ] o.s.web.client.RestTemplate              : Reading to [org.springframework.cloud.netflix.eureka.http.EurekaApplications]
2026-03-02T21:28:46.917+05:30 DEBUG 6956 --- [UserService] [DiscoveryClient-HeartbeatExecutor-0] [                                                 ] o.s.web.client.RestTemplate              : HTTP PUT http://localhost:8761/eureka/apps/USERSERVICE/DESKTOP-ECRRR37.mshome.net:UserService:8081?status=UP&lastDirtyTimestamp=1772463672709
2026-03-02T21:28:46.919+05:30 DEBUG 6956 --- [UserService] [DiscoveryClient-HeartbeatExecutor-0] [                                                 ] o.s.web.client.RestTemplate              : Accept=[application/json, application/*+json]
2026-03-02T21:28:46.938+05:30 DEBUG 6956 --- [UserService] [DiscoveryClient-HeartbeatExecutor-0] [                                                 ] o.s.web.client.RestTemplate              : Response 200 OK
2026-03-02T21:29:14.411+05:30 DEBUG 6956 --- [UserService] [DiscoveryClient-CacheRefreshExecutor-0] [                                                 ] o.s.web.client.RestTemplate              : HTTP GET http://localhost:8761/eureka/apps/delta
2026-03-02T21:29:14.415+05:30 DEBUG 6956 --- [UserService] [DiscoveryClient-CacheRefreshExecutor-0] [                                                 ] o.s.web.client.RestTemplate              : Accept=[application/json, application/*+json]
2026-03-02T21:29:14.443+05:30 DEBUG 6956 --- [UserService] [DiscoveryClient-CacheRefreshExecutor-0] [                                                 ] o.s.web.client.RestTemplate              : Response 200 OK
2026-03-02T21:29:14.444+05:30 DEBUG 6956 --- [UserService] [DiscoveryClient-CacheRefreshExecutor-0] [                                                 ] o.s.web.client.RestTemplate              : Reading to [org.springframework.cloud.netflix.eureka.http.EurekaApplications]
2026-03-02T21:29:17.001+05:30 DEBUG 6956 --- [UserService] [DiscoveryClient-HeartbeatExecutor-0] [                                                 ] o.s.web.client.RestTemplate              : HTTP PUT http://localhost:8761/eureka/apps/USERSERVICE/DESKTOP-ECRRR37.mshome.net:UserService:8081?status=UP&lastDirtyTimestamp=1772463672709
2026-03-02T21:29:17.002+05:30 DEBUG 6956 --- [UserService] [DiscoveryClient-HeartbeatExecutor-0] [                                                 ] o.s.web.client.RestTemplate              : Accept=[application/json, application/*+json]
2026-03-02T21:29:17.016+05:30 DEBUG 6956 --- [UserService] [DiscoveryClient-HeartbeatExecutor-0] [                                                 ] o.s.web.client.RestTemplate              : Response 200 OK
2026-03-02T21:29:44.620+05:30 DEBUG 6956 --- [UserService] [DiscoveryClient-CacheRefreshExecutor-0] [                                                 ] o.s.web.client.RestTemplate              : HTTP GET http://localhost:8761/eureka/apps/delta
2026-03-02T21:29:44.857+05:30 DEBUG 6956 --- [UserService] [DiscoveryClient-CacheRefreshExecutor-0] [                                                 ] o.s.web.client.RestTemplate              : Accept=[application/json, application/*+json]
2026-03-02T21:29:44.870+05:30 DEBUG 6956 --- [UserService] [DiscoveryClient-CacheRefreshExecutor-0] [                                                 ] o.s.web.client.RestTemplate              : Response 200 OK
2026-03-02T21:29:45.111+05:30 DEBUG 6956 --- [UserService] [DiscoveryClient-CacheRefreshExecutor-0] [                                                 ] o.s.web.client.RestTemplate              : Reading to [org.springframework.cloud.netflix.eureka.http.EurekaApplications]
2026-03-02T21:29:47.027+05:30 DEBUG 6956 --- [UserService] [DiscoveryClient-HeartbeatExecutor-0] [                                                 ] o.s.web.client.RestTemplate              : HTTP PUT http://localhost:8761/eureka/apps/USERSERVICE/DESKTOP-ECRRR37.mshome.net:UserService:8081?status=UP&lastDirtyTimestamp=1772463672709
2026-03-02T21:29:47.027+05:30 DEBUG 6956 --- [UserService] [DiscoveryClient-HeartbeatExecutor-0] [                                                 ] o.s.web.client.RestTemplate              : Accept=[application/json, application/*+json]
2026-03-02T21:29:47.438+05:30 DEBUG 6956 --- [UserService] [DiscoveryClient-HeartbeatExecutor-0] [                                                 ] o.s.web.client.RestTemplate              : Response 200 OK
2026-03-02T21:30:15.370+05:30 DEBUG 6956 --- [UserService] [DiscoveryClient-CacheRefreshExecutor-0] [                                                 ] o.s.web.client.RestTemplate              : HTTP GET http://localhost:8761/eureka/apps/delta
2026-03-02T21:30:15.371+05:30 DEBUG 6956 --- [UserService] [DiscoveryClient-CacheRefreshExecutor-0] [                                                 ] o.s.web.client.RestTemplate              : Accept=[application/json, application/*+json]
2026-03-02T21:30:15.889+05:30 DEBUG 6956 --- [UserService] [DiscoveryClient-CacheRefreshExecutor-0] [                                                 ] o.s.web.client.RestTemplate              : Response 200 OK
2026-03-02T21:30:16.167+05:30 DEBUG 6956 --- [UserService] [DiscoveryClient-CacheRefreshExecutor-0] [                                                 ] o.s.web.client.RestTemplate              : Reading to [org.springframework.cloud.netflix.eureka.http.EurekaApplications]
2026-03-02T21:30:17.453+05:30 DEBUG 6956 --- [UserService] [DiscoveryClient-HeartbeatExecutor-0] [                                                 ] o.s.web.client.RestTemplate              : HTTP PUT http://localhost:8761/eureka/apps/USERSERVICE/DESKTOP-ECRRR37.mshome.net:UserService:8081?status=UP&lastDirtyTimestamp=1772463672709
2026-03-02T21:30:17.453+05:30 DEBUG 6956 --- [UserService] [DiscoveryClient-HeartbeatExecutor-0] [                                                 ] o.s.web.client.RestTemplate              : Accept=[application/json, application/*+json]
2026-03-02T21:30:18.172+05:30 DEBUG 6956 --- [UserService] [DiscoveryClient-HeartbeatExecutor-0] [                                                 ] o.s.web.client.RestTemplate              : Response 200 OK
2026-03-02T21:30:46.259+05:30 DEBUG 6956 --- [UserService] [DiscoveryClient-CacheRefreshExecutor-0] [                                                 ] o.s.web.client.RestTemplate              : HTTP GET http://localhost:8761/eureka/apps/delta
2026-03-02T21:30:46.260+05:30 DEBUG 6956 --- [UserService] [DiscoveryClient-CacheRefreshExecutor-0] [                                                 ] o.s.web.client.RestTemplate              : Accept=[application/json, application/*+json]
2026-03-02T21:30:46.279+05:30 DEBUG 6956 --- [UserService] [DiscoveryClient-CacheRefreshExecutor-0] [                                                 ] o.s.web.client.RestTemplate              : Response 200 OK
2026-03-02T21:30:46.279+05:30 DEBUG 6956 --- [UserService] [DiscoveryClient-CacheRefreshExecutor-0] [                                                 ] o.s.web.client.RestTemplate              : Reading to [org.springframework.cloud.netflix.eureka.http.EurekaApplications]
2026-03-02T21:30:48.186+05:30 DEBUG 6956 --- [UserService] [DiscoveryClient-HeartbeatExecutor-0] [                                                 ] o.s.web.client.RestTemplate              : HTTP PUT http://localhost:8761/eureka/apps/USERSERVICE/DESKTOP-ECRRR37.mshome.net:UserService:8081?status=UP&lastDirtyTimestamp=1772463672709
2026-03-02T21:30:48.187+05:30 DEBUG 6956 --- [UserService] [DiscoveryClient-HeartbeatExecutor-0] [                                                 ] o.s.web.client.RestTemplate              : Accept=[application/json, application/*+json]
2026-03-02T21:30:48.210+05:30 DEBUG 6956 --- [UserService] [DiscoveryClient-HeartbeatExecutor-0] [                                                 ] o.s.web.client.RestTemplate              : Response 200 OK
2026-03-02T21:31:16.289+05:30 DEBUG 6956 --- [UserService] [DiscoveryClient-CacheRefreshExecutor-0] [                                                 ] o.s.web.client.RestTemplate              : HTTP GET http://localhost:8761/eureka/apps/delta
2026-03-02T21:31:16.290+05:30 DEBUG 6956 --- [UserService] [DiscoveryClient-CacheRefreshExecutor-0] [                                                 ] o.s.web.client.RestTemplate              : Accept=[application/json, application/*+json]
2026-03-02T21:31:16.307+05:30 DEBUG 6956 --- [UserService] [DiscoveryClient-CacheRefreshExecutor-0] [                                                 ] o.s.web.client.RestTemplate              : Response 200 OK
2026-03-02T21:31:16.309+05:30 DEBUG 6956 --- [UserService] [DiscoveryClient-CacheRefreshExecutor-0] [                                                 ] o.s.web.client.RestTemplate              : Reading to [org.springframework.cloud.netflix.eureka.http.EurekaApplications]
2026-03-02T21:31:18.223+05:30 DEBUG 6956 --- [UserService] [DiscoveryClient-HeartbeatExecutor-0] [                                                 ] o.s.web.client.RestTemplate              : HTTP PUT http://localhost:8761/eureka/apps/USERSERVICE/DESKTOP-ECRRR37.mshome.net:UserService:8081?status=UP&lastDirtyTimestamp=1772463672709
2026-03-02T21:31:18.223+05:30 DEBUG 6956 --- [UserService] [DiscoveryClient-HeartbeatExecutor-0] [                                                 ] o.s.web.client.RestTemplate              : Accept=[application/json, application/*+json]
2026-03-02T21:31:18.227+05:30 DEBUG 6956 --- [UserService] [DiscoveryClient-HeartbeatExecutor-0] [                                                 ] o.s.web.client.RestTemplate              : Response 200 OK
2026-03-02T21:31:20.760+05:30  INFO 6956 --- [UserService] [AsyncResolver-bootstrap-executor-0] [                                                 ] c.n.d.s.r.aws.ConfigClusterResolver      : Resolving eureka endpoints via configuration
2026-03-02T21:31:46.325+05:30 DEBUG 6956 --- [UserService] [DiscoveryClient-CacheRefreshExecutor-0] [                                                 ] o.s.web.client.RestTemplate              : HTTP GET http://localhost:8761/eureka/apps/delta
2026-03-02T21:31:46.326+05:30 DEBUG 6956 --- [UserService] [DiscoveryClient-CacheRefreshExecutor-0] [                                                 ] o.s.web.client.RestTemplate              : Accept=[application/json, application/*+json]
2026-03-02T21:31:46.342+05:30 DEBUG 6956 --- [UserService] [DiscoveryClient-CacheRefreshExecutor-0] [                                                 ] o.s.web.client.RestTemplate              : Response 200 OK
2026-03-02T21:31:46.342+05:30 DEBUG 6956 --- [UserService] [DiscoveryClient-CacheRefreshExecutor-0] [                                                 ] o.s.web.client.RestTemplate              : Reading to [org.springframework.cloud.netflix.eureka.http.EurekaApplications]
2026-03-02T21:31:48.238+05:30 DEBUG 6956 --- [UserService] [DiscoveryClient-HeartbeatExecutor-0] [                                                 ] o.s.web.client.RestTemplate              : HTTP PUT http://localhost:8761/eureka/apps/USERSERVICE/DESKTOP-ECRRR37.mshome.net:UserService:8081?status=UP&lastDirtyTimestamp=1772463672709
2026-03-02T21:31:48.240+05:30 DEBUG 6956 --- [UserService] [DiscoveryClient-HeartbeatExecutor-0] [                                                 ] o.s.web.client.RestTemplate              : Accept=[application/json, application/*+json]
2026-03-02T21:31:48.250+05:30 DEBUG 6956 --- [UserService] [DiscoveryClient-HeartbeatExecutor-0] [                                                 ] o.s.web.client.RestTemplate              : Response 200 OK
2026-03-02T21:32:16.359+05:30 DEBUG 6956 --- [UserService] [DiscoveryClient-CacheRefreshExecutor-0] [                                                 ] o.s.web.client.RestTemplate              : HTTP GET http://localhost:8761/eureka/apps/delta
2026-03-02T21:32:16.361+05:30 DEBUG 6956 --- [UserService] [DiscoveryClient-CacheRefreshExecutor-0] [                                                 ] o.s.web.client.RestTemplate              : Accept=[application/json, application/*+json]
2026-03-02T21:32:16.378+05:30 DEBUG 6956 --- [UserService] [DiscoveryClient-CacheRefreshExecutor-0] [                                                 ] o.s.web.client.RestTemplate              : Response 200 OK
2026-03-02T21:32:16.379+05:30 DEBUG 6956 --- [UserService] [DiscoveryClient-CacheRefreshExecutor-0] [                                                 ] o.s.web.client.RestTemplate              : Reading to [org.springframework.cloud.netflix.eureka.http.EurekaApplications]
2026-03-02T21:32:18.267+05:30 DEBUG 6956 --- [UserService] [DiscoveryClient-HeartbeatExecutor-0] [                                                 ] o.s.web.client.RestTemplate              : HTTP PUT http://localhost:8761/eureka/apps/USERSERVICE/DESKTOP-ECRRR37.mshome.net:UserService:8081?status=UP&lastDirtyTimestamp=1772463672709
2026-03-02T21:32:18.268+05:30 DEBUG 6956 --- [UserService] [DiscoveryClient-HeartbeatExecutor-0] [                                                 ] o.s.web.client.RestTemplate              : Accept=[application/json, application/*+json]
2026-03-02T21:32:18.278+05:30 DEBUG 6956 --- [UserService] [DiscoveryClient-HeartbeatExecutor-0] [                                                 ] o.s.web.client.RestTemplate              : Response 200 OK
2026-03-02T21:32:46.385+05:30 DEBUG 6956 --- [UserService] [DiscoveryClient-CacheRefreshExecutor-0] [                                                 ] o.s.web.client.RestTemplate              : HTTP GET http://localhost:8761/eureka/apps/delta
2026-03-02T21:32:46.386+05:30 DEBUG 6956 --- [UserService] [DiscoveryClient-CacheRefreshExecutor-0] [                                                 ] o.s.web.client.RestTemplate              : Accept=[application/json, application/*+json]
2026-03-02T21:32:46.402+05:30 DEBUG 6956 --- [UserService] [DiscoveryClient-CacheRefreshExecutor-0] [                                                 ] o.s.web.client.RestTemplate              : Response 200 OK
2026-03-02T21:32:46.404+05:30 DEBUG 6956 --- [UserService] [DiscoveryClient-CacheRefreshExecutor-0] [                                                 ] o.s.web.client.RestTemplate              : Reading to [org.springframework.cloud.netflix.eureka.http.EurekaApplications]
2026-03-02T21:32:48.286+05:30 DEBUG 6956 --- [UserService] [DiscoveryClient-HeartbeatExecutor-0] [                                                 ] o.s.web.client.RestTemplate              : HTTP PUT http://localhost:8761/eureka/apps/USERSERVICE/DESKTOP-ECRRR37.mshome.net:UserService:8081?status=UP&lastDirtyTimestamp=1772463672709
2026-03-02T21:32:48.287+05:30 DEBUG 6956 --- [UserService] [DiscoveryClient-HeartbeatExecutor-0] [                                                 ] o.s.web.client.RestTemplate              : Accept=[application/json, application/*+json]
2026-03-02T21:32:48.294+05:30 DEBUG 6956 --- [UserService] [DiscoveryClient-HeartbeatExecutor-0] [                                                 ] o.s.web.client.RestTemplate              : Response 200 OK
2026-03-02T21:33:16.424+05:30 DEBUG 6956 --- [UserService] [DiscoveryClient-CacheRefreshExecutor-0] [                                                 ] o.s.web.client.RestTemplate              : HTTP GET http://localhost:8761/eureka/apps/delta
2026-03-02T21:33:16.424+05:30 DEBUG 6956 --- [UserService] [DiscoveryClient-CacheRefreshExecutor-0] [                                                 ] o.s.web.client.RestTemplate              : Accept=[application/json, application/*+json]
2026-03-02T21:33:16.437+05:30 DEBUG 6956 --- [UserService] [DiscoveryClient-CacheRefreshExecutor-0] [                                                 ] o.s.web.client.RestTemplate              : Response 200 OK
2026-03-02T21:33:16.439+05:30 DEBUG 6956 --- [UserService] [DiscoveryClient-CacheRefreshExecutor-0] [                                                 ] o.s.web.client.RestTemplate              : Reading to [org.springframework.cloud.netflix.eureka.http.EurekaApplications]
2026-03-02T21:33:18.309+05:30 DEBUG 6956 --- [UserService] [DiscoveryClient-HeartbeatExecutor-0] [                                                 ] o.s.web.client.RestTemplate              : HTTP PUT http://localhost:8761/eureka/apps/USERSERVICE/DESKTOP-ECRRR37.mshome.net:UserService:8081?status=UP&lastDirtyTimestamp=1772463672709
2026-03-02T21:33:18.310+05:30 DEBUG 6956 --- [UserService] [DiscoveryClient-HeartbeatExecutor-0] [                                                 ] o.s.web.client.RestTemplate              : Accept=[application/json, application/*+json]
2026-03-02T21:33:18.316+05:30 DEBUG 6956 --- [UserService] [DiscoveryClient-HeartbeatExecutor-0] [                                                 ] o.s.web.client.RestTemplate              : Response 200 OK
2026-03-02T21:33:46.457+05:30 DEBUG 6956 --- [UserService] [DiscoveryClient-CacheRefreshExecutor-0] [                                                 ] o.s.web.client.RestTemplate              : HTTP GET http://localhost:8761/eureka/apps/delta
2026-03-02T21:33:46.462+05:30 DEBUG 6956 --- [UserService] [DiscoveryClient-CacheRefreshExecutor-0] [                                                 ] o.s.web.client.RestTemplate              : Accept=[application/json, application/*+json]
2026-03-02T21:33:46.473+05:30 DEBUG 6956 --- [UserService] [DiscoveryClient-CacheRefreshExecutor-0] [                                                 ] o.s.web.client.RestTemplate              : Response 200 OK
2026-03-02T21:33:46.475+05:30 DEBUG 6956 --- [UserService] [DiscoveryClient-CacheRefreshExecutor-0] [                                                 ] o.s.web.client.RestTemplate              : Reading to [org.springframework.cloud.netflix.eureka.http.EurekaApplications]
2026-03-02T21:33:48.333+05:30 DEBUG 6956 --- [UserService] [DiscoveryClient-HeartbeatExecutor-0] [                                                 ] o.s.web.client.RestTemplate              : HTTP PUT http://localhost:8761/eureka/apps/USERSERVICE/DESKTOP-ECRRR37.mshome.net:UserService:8081?status=UP&lastDirtyTimestamp=1772463672709
2026-03-02T21:33:48.336+05:30 DEBUG 6956 --- [UserService] [DiscoveryClient-HeartbeatExecutor-0] [                                                 ] o.s.web.client.RestTemplate              : Accept=[application/json, application/*+json]
2026-03-02T21:33:48.345+05:30 DEBUG 6956 --- [UserService] [DiscoveryClient-HeartbeatExecutor-0] [                                                 ] o.s.web.client.RestTemplate              : Response 200 OK
2026-03-02T21:34:16.495+05:30 DEBUG 6956 --- [UserService] [DiscoveryClient-CacheRefreshExecutor-0] [                                                 ] o.s.web.client.RestTemplate              : HTTP GET http://localhost:8761/eureka/apps/delta
2026-03-02T21:34:16.496+05:30 DEBUG 6956 --- [UserService] [DiscoveryClient-CacheRefreshExecutor-0] [                                                 ] o.s.web.client.RestTemplate              : Accept=[application/json, application/*+json]
2026-03-02T21:34:16.513+05:30 DEBUG 6956 --- [UserService] [DiscoveryClient-CacheRefreshExecutor-0] [                                                 ] o.s.web.client.RestTemplate              : Response 200 OK
2026-03-02T21:34:16.513+05:30 DEBUG 6956 --- [UserService] [DiscoveryClient-CacheRefreshExecutor-0] [                                                 ] o.s.web.client.RestTemplate              : Reading to [org.springframework.cloud.netflix.eureka.http.EurekaApplications]
2026-03-02T21:34:18.358+05:30 DEBUG 6956 --- [UserService] [DiscoveryClient-HeartbeatExecutor-0] [                                                 ] o.s.web.client.RestTemplate              : HTTP PUT http://localhost:8761/eureka/apps/USERSERVICE/DESKTOP-ECRRR37.mshome.net:UserService:8081?status=UP&lastDirtyTimestamp=1772463672709
2026-03-02T21:34:18.359+05:30 DEBUG 6956 --- [UserService] [DiscoveryClient-HeartbeatExecutor-0] [                                                 ] o.s.web.client.RestTemplate              : Accept=[application/json, application/*+json]
2026-03-02T21:34:18.365+05:30 DEBUG 6956 --- [UserService] [DiscoveryClient-HeartbeatExecutor-0] [                                                 ] o.s.web.client.RestTemplate              : Response 200 OK
2026-03-02T21:34:46.528+05:30 DEBUG 6956 --- [UserService] [DiscoveryClient-CacheRefreshExecutor-0] [                                                 ] o.s.web.client.RestTemplate              : HTTP GET http://localhost:8761/eureka/apps/delta
2026-03-02T21:34:46.532+05:30 DEBUG 6956 --- [UserService] [DiscoveryClient-CacheRefreshExecutor-0] [                                                 ] o.s.web.client.RestTemplate              : Accept=[application/json, application/*+json]
2026-03-02T21:34:46.563+05:30 DEBUG 6956 --- [UserService] [DiscoveryClient-CacheRefreshExecutor-0] [                                                 ] o.s.web.client.RestTemplate              : Response 200 OK
2026-03-02T21:34:46.567+05:30 DEBUG 6956 --- [UserService] [DiscoveryClient-CacheRefreshExecutor-0] [                                                 ] o.s.web.client.RestTemplate              : Reading to [org.springframework.cloud.netflix.eureka.http.EurekaApplications]
2026-03-02T21:34:48.375+05:30 DEBUG 6956 --- [UserService] [DiscoveryClient-HeartbeatExecutor-0] [                                                 ] o.s.web.client.RestTemplate              : HTTP PUT http://localhost:8761/eureka/apps/USERSERVICE/DESKTOP-ECRRR37.mshome.net:UserService:8081?status=UP&lastDirtyTimestamp=1772463672709
2026-03-02T21:34:48.375+05:30 DEBUG 6956 --- [UserService] [DiscoveryClient-HeartbeatExecutor-0] [                                                 ] o.s.web.client.RestTemplate              : Accept=[application/json, application/*+json]
2026-03-02T21:34:48.392+05:30 DEBUG 6956 --- [UserService] [DiscoveryClient-HeartbeatExecutor-0] [                                                 ] o.s.web.client.RestTemplate              : Response 200 OK
2026-03-02T21:35:16.590+05:30 DEBUG 6956 --- [UserService] [DiscoveryClient-CacheRefreshExecutor-0] [                                                 ] o.s.web.client.RestTemplate              : HTTP GET http://localhost:8761/eureka/apps/delta
2026-03-02T21:35:16.597+05:30 DEBUG 6956 --- [UserService] [DiscoveryClient-CacheRefreshExecutor-0] [                                                 ] o.s.web.client.RestTemplate              : Accept=[application/json, application/*+json]
2026-03-02T21:35:16.685+05:30 DEBUG 6956 --- [UserService] [DiscoveryClient-CacheRefreshExecutor-0] [                                                 ] o.s.web.client.RestTemplate              : Response 200 OK
2026-03-02T21:35:16.701+05:30 DEBUG 6956 --- [UserService] [DiscoveryClient-CacheRefreshExecutor-0] [                                                 ] o.s.web.client.RestTemplate              : Reading to [org.springframework.cloud.netflix.eureka.http.EurekaApplications]
2026-03-02T21:35:18.511+05:30 DEBUG 6956 --- [UserService] [DiscoveryClient-HeartbeatExecutor-0] [                                                 ] o.s.web.client.RestTemplate              : HTTP PUT http://localhost:8761/eureka/apps/USERSERVICE/DESKTOP-ECRRR37.mshome.net:UserService:8081?status=UP&lastDirtyTimestamp=1772463672709
2026-03-02T21:35:18.560+05:30 DEBUG 6956 --- [UserService] [DiscoveryClient-HeartbeatExecutor-0] [                                                 ] o.s.web.client.RestTemplate              : Accept=[application/json, application/*+json]
2026-03-02T21:35:18.629+05:30 DEBUG 6956 --- [UserService] [DiscoveryClient-HeartbeatExecutor-0] [                                                 ] o.s.web.client.RestTemplate              : Response 200 OK
2026-03-02T21:35:26.842+05:30  WARN 6956 --- [UserService] [http-nio-8081-exec-8] [69a5b53a14ae765ac8dc320f9ff362c5-38d49162197ffbf2] .m.m.a.ExceptionHandlerExceptionResolver : Resolved [com.example.user_service.ExceptionHandlers.UserNotFoundException: User not found with id: 1]
2026-03-02T21:35:26.903+05:30 DEBUG 6956 --- [UserService] [AsyncReporter{org.springframework.boot.actuate.autoconfigure.tracing.zipkin.ZipkinRestTemplateSender@64421ccb}] [                                                 ] o.s.web.client.RestTemplate              : HTTP POST http://localhost:9411/api/v2/spans
2026-03-02T21:35:26.909+05:30 DEBUG 6956 --- [UserService] [AsyncReporter{org.springframework.boot.actuate.autoconfigure.tracing.zipkin.ZipkinRestTemplateSender@64421ccb}] [                                                 ] o.s.web.client.RestTemplate              : Accept=[application/json, application/*+json]
2026-03-02T21:35:26.910+05:30 DEBUG 6956 --- [UserService] [AsyncReporter{org.springframework.boot.actuate.autoconfigure.tracing.zipkin.ZipkinRestTemplateSender@64421ccb}] [                                                 ] o.s.web.client.RestTemplate              : Writing [[B@44cc2e30] as "application/json"
2026-03-02T21:35:26.987+05:30 DEBUG 6956 --- [UserService] [AsyncReporter{org.springframework.boot.actuate.autoconfigure.tracing.zipkin.ZipkinRestTemplateSender@64421ccb}] [                                                 ] o.s.web.client.RestTemplate              : Response 202 ACCEPTED
2026-03-02T21:35:42.167+05:30 DEBUG 6956 --- [UserService] [AsyncReporter{org.springframework.boot.actuate.autoconfigure.tracing.zipkin.ZipkinRestTemplateSender@64421ccb}] [                                                 ] o.s.web.client.RestTemplate              : HTTP POST http://localhost:9411/api/v2/spans
2026-03-02T21:35:42.173+05:30 DEBUG 6956 --- [UserService] [AsyncReporter{org.springframework.boot.actuate.autoconfigure.tracing.zipkin.ZipkinRestTemplateSender@64421ccb}] [                                                 ] o.s.web.client.RestTemplate              : Accept=[application/json, application/*+json]
2026-03-02T21:35:42.173+05:30 DEBUG 6956 --- [UserService] [AsyncReporter{org.springframework.boot.actuate.autoconfigure.tracing.zipkin.ZipkinRestTemplateSender@64421ccb}] [                                                 ] o.s.web.client.RestTemplate              : Writing [[B@49dca6a] as "application/json"
2026-03-02T21:35:42.298+05:30 DEBUG 6956 --- [UserService] [AsyncReporter{org.springframework.boot.actuate.autoconfigure.tracing.zipkin.ZipkinRestTemplateSender@64421ccb}] [                                                 ] o.s.web.client.RestTemplate              : Response 202 ACCEPTED
2026-03-02T21:35:46.800+05:30 DEBUG 6956 --- [UserService] [DiscoveryClient-CacheRefreshExecutor-0] [                                                 ] o.s.web.client.RestTemplate              : HTTP GET http://localhost:8761/eureka/apps/delta
2026-03-02T21:35:46.800+05:30 DEBUG 6956 --- [UserService] [DiscoveryClient-CacheRefreshExecutor-0] [                                                 ] o.s.web.client.RestTemplate              : Accept=[application/json, application/*+json]
2026-03-02T21:35:46.814+05:30 DEBUG 6956 --- [UserService] [DiscoveryClient-CacheRefreshExecutor-0] [                                                 ] o.s.web.client.RestTemplate              : Response 200 OK
2026-03-02T21:35:46.831+05:30 DEBUG 6956 --- [UserService] [DiscoveryClient-CacheRefreshExecutor-0] [                                                 ] o.s.web.client.RestTemplate              : Reading to [org.springframework.cloud.netflix.eureka.http.EurekaApplications]
2026-03-02T21:35:48.705+05:30 DEBUG 6956 --- [UserService] [DiscoveryClient-HeartbeatExecutor-0] [                                                 ] o.s.web.client.RestTemplate              : HTTP PUT http://localhost:8761/eureka/apps/USERSERVICE/DESKTOP-ECRRR37.mshome.net:UserService:8081?status=UP&lastDirtyTimestamp=1772463672709
2026-03-02T21:35:48.706+05:30 DEBUG 6956 --- [UserService] [DiscoveryClient-HeartbeatExecutor-0] [                                                 ] o.s.web.client.RestTemplate              : Accept=[application/json, application/*+json]
2026-03-02T21:35:48.710+05:30 DEBUG 6956 --- [UserService] [DiscoveryClient-HeartbeatExecutor-0] [                                                 ] o.s.web.client.RestTemplate              : Response 200 OK
2026-03-02T21:35:51.384+05:30 DEBUG 6956 --- [UserService] [AsyncReporter{org.springframework.boot.actuate.autoconfigure.tracing.zipkin.ZipkinRestTemplateSender@64421ccb}] [                                                 ] o.s.web.client.RestTemplate              : HTTP POST http://localhost:9411/api/v2/spans
2026-03-02T21:35:51.386+05:30 DEBUG 6956 --- [UserService] [AsyncReporter{org.springframework.boot.actuate.autoconfigure.tracing.zipkin.ZipkinRestTemplateSender@64421ccb}] [                                                 ] o.s.web.client.RestTemplate              : Accept=[application/json, application/*+json]
2026-03-02T21:35:51.386+05:30 DEBUG 6956 --- [UserService] [AsyncReporter{org.springframework.boot.actuate.autoconfigure.tracing.zipkin.ZipkinRestTemplateSender@64421ccb}] [                                                 ] o.s.web.client.RestTemplate              : Writing [[B@2f442f0] as "application/json"
2026-03-02T21:35:51.408+05:30 DEBUG 6956 --- [UserService] [AsyncReporter{org.springframework.boot.actuate.autoconfigure.tracing.zipkin.ZipkinRestTemplateSender@64421ccb}] [                                                 ] o.s.web.client.RestTemplate              : Response 202 ACCEPTED
2026-03-02T21:36:17.053+05:30 DEBUG 6956 --- [UserService] [DiscoveryClient-CacheRefreshExecutor-0] [                                                 ] o.s.web.client.RestTemplate              : HTTP GET http://localhost:8761/eureka/apps/delta
2026-03-02T21:36:17.054+05:30 DEBUG 6956 --- [UserService] [DiscoveryClient-CacheRefreshExecutor-0] [                                                 ] o.s.web.client.RestTemplate              : Accept=[application/json, application/*+json]
2026-03-02T21:36:17.071+05:30 DEBUG 6956 --- [UserService] [DiscoveryClient-CacheRefreshExecutor-0] [                                                 ] o.s.web.client.RestTemplate              : Response 200 OK
2026-03-02T21:36:17.071+05:30 DEBUG 6956 --- [UserService] [DiscoveryClient-CacheRefreshExecutor-0] [                                                 ] o.s.web.client.RestTemplate              : Reading to [org.springframework.cloud.netflix.eureka.http.EurekaApplications]
2026-03-02T21:36:18.778+05:30 DEBUG 6956 --- [UserService] [DiscoveryClient-HeartbeatExecutor-0] [                                                 ] o.s.web.client.RestTemplate              : HTTP PUT http://localhost:8761/eureka/apps/USERSERVICE/DESKTOP-ECRRR37.mshome.net:UserService:8081?status=UP&lastDirtyTimestamp=1772463672709
2026-03-02T21:36:18.831+05:30 DEBUG 6956 --- [UserService] [DiscoveryClient-HeartbeatExecutor-0] [                                                 ] o.s.web.client.RestTemplate              : Accept=[application/json, application/*+json]
2026-03-02T21:36:18.843+05:30 DEBUG 6956 --- [UserService] [DiscoveryClient-HeartbeatExecutor-0] [                                                 ] o.s.web.client.RestTemplate              : Response 200 OK
2026-03-02T21:36:20.776+05:30  INFO 6956 --- [UserService] [AsyncResolver-bootstrap-executor-0] [                                                 ] c.n.d.s.r.aws.ConfigClusterResolver      : Resolving eureka endpoints via configuration
2026-03-02T21:36:47.076+05:30 DEBUG 6956 --- [UserService] [DiscoveryClient-CacheRefreshExecutor-0] [                                                 ] o.s.web.client.RestTemplate              : HTTP GET http://localhost:8761/eureka/apps/delta
2026-03-02T21:36:47.077+05:30 DEBUG 6956 --- [UserService] [DiscoveryClient-CacheRefreshExecutor-0] [                                                 ] o.s.web.client.RestTemplate              : Accept=[application/json, application/*+json]
2026-03-02T21:36:47.094+05:30 DEBUG 6956 --- [UserService] [DiscoveryClient-CacheRefreshExecutor-0] [                                                 ] o.s.web.client.RestTemplate              : Response 200 OK
2026-03-02T21:36:47.095+05:30 DEBUG 6956 --- [UserService] [DiscoveryClient-CacheRefreshExecutor-0] [                                                 ] o.s.web.client.RestTemplate              : Reading to [org.springframework.cloud.netflix.eureka.http.EurekaApplications]
2026-03-02T21:36:48.851+05:30 DEBUG 6956 --- [UserService] [DiscoveryClient-HeartbeatExecutor-0] [                                                 ] o.s.web.client.RestTemplate              : HTTP PUT http://localhost:8761/eureka/apps/USERSERVICE/DESKTOP-ECRRR37.mshome.net:UserService:8081?status=UP&lastDirtyTimestamp=1772463672709
2026-03-02T21:36:48.851+05:30 DEBUG 6956 --- [UserService] [DiscoveryClient-HeartbeatExecutor-0] [                                                 ] o.s.web.client.RestTemplate              : Accept=[application/json, application/*+json]
2026-03-02T21:36:48.853+05:30 DEBUG 6956 --- [UserService] [DiscoveryClient-HeartbeatExecutor-0] [                                                 ] o.s.web.client.RestTemplate              : Response 200 OK
2026-03-02T21:37:17.099+05:30 DEBUG 6956 --- [UserService] [DiscoveryClient-CacheRefreshExecutor-0] [                                                 ] o.s.web.client.RestTemplate              : HTTP GET http://localhost:8761/eureka/apps/delta
2026-03-02T21:37:17.100+05:30 DEBUG 6956 --- [UserService] [DiscoveryClient-CacheRefreshExecutor-0] [                                                 ] o.s.web.client.RestTemplate              : Accept=[application/json, application/*+json]
2026-03-02T21:37:17.118+05:30 DEBUG 6956 --- [UserService] [DiscoveryClient-CacheRefreshExecutor-0] [                                                 ] o.s.web.client.RestTemplate              : Response 200 OK
2026-03-02T21:37:17.119+05:30 DEBUG 6956 --- [UserService] [DiscoveryClient-CacheRefreshExecutor-0] [                                                 ] o.s.web.client.RestTemplate              : Reading to [org.springframework.cloud.netflix.eureka.http.EurekaApplications]
2026-03-02T21:37:18.866+05:30 DEBUG 6956 --- [UserService] [DiscoveryClient-HeartbeatExecutor-0] [                                                 ] o.s.web.client.RestTemplate              : HTTP PUT http://localhost:8761/eureka/apps/USERSERVICE/DESKTOP-ECRRR37.mshome.net:UserService:8081?status=UP&lastDirtyTimestamp=1772463672709
2026-03-02T21:37:18.868+05:30 DEBUG 6956 --- [UserService] [DiscoveryClient-HeartbeatExecutor-0] [                                                 ] o.s.web.client.RestTemplate              : Accept=[application/json, application/*+json]
2026-03-02T21:37:18.877+05:30 DEBUG 6956 --- [UserService] [DiscoveryClient-HeartbeatExecutor-0] [                                                 ] o.s.web.client.RestTemplate              : Response 200 OK
2026-03-02T21:37:47.237+05:30 DEBUG 6956 --- [UserService] [DiscoveryClient-CacheRefreshExecutor-0] [                                                 ] o.s.web.client.RestTemplate              : HTTP GET http://localhost:8761/eureka/apps/delta
2026-03-02T21:37:47.379+05:30 DEBUG 6956 --- [UserService] [DiscoveryClient-CacheRefreshExecutor-0] [                                                 ] o.s.web.client.RestTemplate              : Accept=[application/json, application/*+json]
2026-03-02T21:37:47.383+05:30 DEBUG 6956 --- [UserService] [DiscoveryClient-CacheRefreshExecutor-0] [                                                 ] o.s.web.client.RestTemplate              : Response 200 OK
2026-03-02T21:37:47.384+05:30 DEBUG 6956 --- [UserService] [DiscoveryClient-CacheRefreshExecutor-0] [                                                 ] o.s.web.client.RestTemplate              : Reading to [org.springframework.cloud.netflix.eureka.http.EurekaApplications]
2026-03-02T21:37:48.889+05:30 DEBUG 6956 --- [UserService] [DiscoveryClient-HeartbeatExecutor-0] [                                                 ] o.s.web.client.RestTemplate              : HTTP PUT http://localhost:8761/eureka/apps/USERSERVICE/DESKTOP-ECRRR37.mshome.net:UserService:8081?status=UP&lastDirtyTimestamp=1772463672709
2026-03-02T21:37:48.889+05:30 DEBUG 6956 --- [UserService] [DiscoveryClient-HeartbeatExecutor-0] [                                                 ] o.s.web.client.RestTemplate              : Accept=[application/json, application/*+json]
2026-03-02T21:37:48.892+05:30 DEBUG 6956 --- [UserService] [DiscoveryClient-HeartbeatExecutor-0] [                                                 ] o.s.web.client.RestTemplate              : Response 200 OK
2026-03-02T21:38:17.394+05:30 DEBUG 6956 --- [UserService] [DiscoveryClient-CacheRefreshExecutor-0] [                                                 ] o.s.web.client.RestTemplate              : HTTP GET http://localhost:8761/eureka/apps/delta
2026-03-02T21:38:17.394+05:30 DEBUG 6956 --- [UserService] [DiscoveryClient-CacheRefreshExecutor-0] [                                                 ] o.s.web.client.RestTemplate              : Accept=[application/json, application/*+json]
2026-03-02T21:38:17.413+05:30 DEBUG 6956 --- [UserService] [DiscoveryClient-CacheRefreshExecutor-0] [                                                 ] o.s.web.client.RestTemplate              : Response 200 OK
2026-03-02T21:38:17.413+05:30 DEBUG 6956 --- [UserService] [DiscoveryClient-CacheRefreshExecutor-0] [                                                 ] o.s.web.client.RestTemplate              : Reading to [org.springframework.cloud.netflix.eureka.http.EurekaApplications]
2026-03-02T21:38:18.904+05:30 DEBUG 6956 --- [UserService] [DiscoveryClient-HeartbeatExecutor-0] [                                                 ] o.s.web.client.RestTemplate              : HTTP PUT http://localhost:8761/eureka/apps/USERSERVICE/DESKTOP-ECRRR37.mshome.net:UserService:8081?status=UP&lastDirtyTimestamp=1772463672709
2026-03-02T21:38:18.905+05:30 DEBUG 6956 --- [UserService] [DiscoveryClient-HeartbeatExecutor-0] [                                                 ] o.s.web.client.RestTemplate              : Accept=[application/json, application/*+json]
2026-03-02T21:38:18.910+05:30 DEBUG 6956 --- [UserService] [DiscoveryClient-HeartbeatExecutor-0] [                                                 ] o.s.web.client.RestTemplate              : Response 200 OK
2026-03-02T21:38:47.427+05:30 DEBUG 6956 --- [UserService] [DiscoveryClient-CacheRefreshExecutor-0] [                                                 ] o.s.web.client.RestTemplate              : HTTP GET http://localhost:8761/eureka/apps/delta
2026-03-02T21:38:47.428+05:30 DEBUG 6956 --- [UserService] [DiscoveryClient-CacheRefreshExecutor-0] [                                                 ] o.s.web.client.RestTemplate              : Accept=[application/json, application/*+json]
2026-03-02T21:38:47.444+05:30 DEBUG 6956 --- [UserService] [DiscoveryClient-CacheRefreshExecutor-0] [                                                 ] o.s.web.client.RestTemplate              : Response 200 OK
2026-03-02T21:38:47.446+05:30 DEBUG 6956 --- [UserService] [DiscoveryClient-CacheRefreshExecutor-0] [                                                 ] o.s.web.client.RestTemplate              : Reading to [org.springframework.cloud.netflix.eureka.http.EurekaApplications]
2026-03-02T21:38:48.921+05:30 DEBUG 6956 --- [UserService] [DiscoveryClient-HeartbeatExecutor-0] [                                                 ] o.s.web.client.RestTemplate              : HTTP PUT http://localhost:8761/eureka/apps/USERSERVICE/DESKTOP-ECRRR37.mshome.net:UserService:8081?status=UP&lastDirtyTimestamp=1772463672709
2026-03-02T21:38:48.921+05:30 DEBUG 6956 --- [UserService] [DiscoveryClient-HeartbeatExecutor-0] [                                                 ] o.s.web.client.RestTemplate              : Accept=[application/json, application/*+json]
2026-03-02T21:38:48.925+05:30 DEBUG 6956 --- [UserService] [DiscoveryClient-HeartbeatExecutor-0] [                                                 ] o.s.web.client.RestTemplate              : Response 200 OK
2026-03-02T21:39:12.098+05:30  INFO 6956 --- [UserService] [SpringApplicationShutdownHook] [                                                 ] o.s.c.n.e.s.EurekaServiceRegistry        : Unregistering application USERSERVICE with eureka with status DOWN
2026-03-02T21:39:12.117+05:30  INFO 6956 --- [UserService] [SpringApplicationShutdownHook] [                                                 ] com.netflix.discovery.DiscoveryClient    : Saw local status change event StatusChangeEvent [timestamp=1772467752116, current=DOWN, previous=UP]
2026-03-02T21:39:12.145+05:30  INFO 6956 --- [UserService] [DiscoveryClient-InstanceInfoReplicator-0] [                                                 ] com.netflix.discovery.DiscoveryClient    : DiscoveryClient_USERSERVICE/DESKTOP-ECRRR37.mshome.net:UserService:8081: registering service...
2026-03-02T21:39:12.150+05:30 DEBUG 6956 --- [UserService] [DiscoveryClient-InstanceInfoReplicator-0] [                                                 ] o.s.web.client.RestTemplate              : HTTP POST http://localhost:8761/eureka/apps/USERSERVICE
2026-03-02T21:39:12.210+05:30 DEBUG 6956 --- [UserService] [DiscoveryClient-InstanceInfoReplicator-0] [                                                 ] o.s.web.client.RestTemplate              : Accept=[application/json, application/*+json]
2026-03-02T21:39:12.469+05:30 DEBUG 6956 --- [UserService] [DiscoveryClient-InstanceInfoReplicator-0] [                                                 ] o.s.web.client.RestTemplate              : Writing [InstanceInfo [instanceId = DESKTOP-ECRRR37.mshome.net:UserService:8081, appName = USERSERVICE, hostName = 192.168.176.1, status = DOWN, ipAddr = 192.168.176.1, port = 8081, securePort = 443, dataCenterInfo = com.netflix.appinfo.MyDataCenterInfo@51fa8afd] as "application/json"
2026-03-02T21:39:14.188+05:30  INFO 6956 --- [UserService] [DiscoveryClient-InstanceInfoReplicator-0] [                                                 ] c.n.d.s.t.d.RedirectingEurekaHttpClient  : Request execution error. endpoint=DefaultEndpoint{ serviceUrl='http://localhost:8761/eureka/} exception=I/O error on POST request for "http://localhost:8761/eureka/apps/USERSERVICE": Connect to http://localhost:8761 [localhost/127.0.0.1, localhost/0:0:0:0:0:0:0:1] failed: Connection refused: getsockopt stacktrace=org.springframework.web.client.ResourceAccessException: I/O error on POST request for "http://localhost:8761/eureka/apps/USERSERVICE": Connect to http://localhost:8761 [localhost/127.0.0.1, localhost/0:0:0:0:0:0:0:1] failed: Connection refused: getsockopt
	at org.springframework.web.client.RestTemplate.createResourceAccessException(RestTemplate.java:905)
	at org.springframework.web.client.RestTemplate.doExecute(RestTemplate.java:885)
	at org.springframework.web.client.RestTemplate.execute(RestTemplate.java:781)
	at org.springframework.web.client.RestTemplate.exchange(RestTemplate.java:663)
	at org.springframework.cloud.netflix.eureka.http.RestTemplateEurekaHttpClient.register(RestTemplateEurekaHttpClient.java:77)
	at com.netflix.discovery.shared.transport.decorator.EurekaHttpClientDecorator$1.execute(EurekaHttpClientDecorator.java:59)
	at com.netflix.discovery.shared.transport.decorator.RedirectingEurekaHttpClient.execute(RedirectingEurekaHttpClient.java:91)
	at com.netflix.discovery.shared.transport.decorator.EurekaHttpClientDecorator.register(EurekaHttpClientDecorator.java:56)
	at com.netflix.discovery.shared.transport.decorator.EurekaHttpClientDecorator$1.execute(EurekaHttpClientDecorator.java:59)
	at com.netflix.discovery.shared.transport.decorator.RetryableEurekaHttpClient.execute(RetryableEurekaHttpClient.java:120)
	at com.netflix.discovery.shared.transport.decorator.EurekaHttpClientDecorator.register(EurekaHttpClientDecorator.java:56)
	at com.netflix.discovery.shared.transport.decorator.EurekaHttpClientDecorator$1.execute(EurekaHttpClientDecorator.java:59)
	at com.netflix.discovery.shared.transport.decorator.SessionedEurekaHttpClient.execute(SessionedEurekaHttpClient.java:77)
	at com.netflix.discovery.shared.transport.decorator.EurekaHttpClientDecorator.register(EurekaHttpClientDecorator.java:56)
	at com.netflix.discovery.DiscoveryClient.register(DiscoveryClient.java:820)
	at com.netflix.discovery.InstanceInfoReplicator.run(InstanceInfoReplicator.java:121)
	at com.netflix.discovery.InstanceInfoReplicator$1.run(InstanceInfoReplicator.java:101)
	at java.base/java.util.concurrent.Executors$RunnableAdapter.call(Executors.java:572)
	at java.base/java.util.concurrent.FutureTask.run(FutureTask.java:317)
	at java.base/java.util.concurrent.ScheduledThreadPoolExecutor$ScheduledFutureTask.run(ScheduledThreadPoolExecutor.java:304)
	at java.base/java.util.concurrent.ThreadPoolExecutor.runWorker(ThreadPoolExecutor.java:1144)
	at java.base/java.util.concurrent.ThreadPoolExecutor$Worker.run(ThreadPoolExecutor.java:642)
	at java.base/java.lang.Thread.run(Thread.java:1583)
Caused by: org.apache.hc.client5.http.HttpHostConnectException: Connect to http://localhost:8761 [localhost/127.0.0.1, localhost/0:0:0:0:0:0:0:1] failed: Connection refused: getsockopt
	at java.base/sun.nio.ch.Net.pollConnect(Native Method)
	at java.base/sun.nio.ch.Net.pollConnectNow(Net.java:682)
	at java.base/sun.nio.ch.NioSocketImpl.timedFinishConnect(NioSocketImpl.java:542)
	at java.base/sun.nio.ch.NioSocketImpl.connect(NioSocketImpl.java:592)
	at java.base/java.net.SocksSocketImpl.connect(SocksSocketImpl.java:327)
	at java.base/java.net.Socket.connect(Socket.java:751)
	at org.apache.hc.client5.http.socket.PlainConnectionSocketFactory.lambda$connectSocket$0(PlainConnectionSocketFactory.java:91)
	at java.base/java.security.AccessController.doPrivileged(AccessController.java:571)
	at org.apache.hc.client5.http.socket.PlainConnectionSocketFactory.connectSocket(PlainConnectionSocketFactory.java:90)
	at org.apache.hc.client5.http.socket.ConnectionSocketFactory.connectSocket(ConnectionSocketFactory.java:123)
	at org.apache.hc.client5.http.impl.io.DefaultHttpClientConnectionOperator.connect(DefaultHttpClientConnectionOperator.java:184)
	at org.apache.hc.client5.http.impl.io.PoolingHttpClientConnectionManager.connect(PoolingHttpClientConnectionManager.java:447)
	at org.apache.hc.client5.http.impl.classic.InternalExecRuntime.connectEndpoint(InternalExecRuntime.java:162)
	at org.apache.hc.client5.http.impl.classic.InternalExecRuntime.connectEndpoint(InternalExecRuntime.java:172)
	at org.apache.hc.client5.http.impl.classic.ConnectExec.execute(ConnectExec.java:142)
	at org.apache.hc.client5.http.impl.classic.ExecChainElement.execute(ExecChainElement.java:51)
	at org.apache.hc.client5.http.impl.classic.ProtocolExec.execute(ProtocolExec.java:192)
	at org.apache.hc.client5.http.impl.classic.ExecChainElement.execute(ExecChainElement.java:51)
	at org.apache.hc.client5.http.impl.classic.HttpRequestRetryExec.execute(HttpRequestRetryExec.java:96)
	at org.apache.hc.client5.http.impl.classic.ExecChainElement.execute(ExecChainElement.java:51)
	at org.apache.hc.client5.http.impl.classic.ContentCompressionExec.execute(ContentCompressionExec.java:152)
	at org.apache.hc.client5.http.impl.classic.ExecChainElement.execute(ExecChainElement.java:51)
	at org.apache.hc.client5.http.impl.classic.RedirectExec.execute(RedirectExec.java:115)
	at org.apache.hc.client5.http.impl.classic.ExecChainElement.execute(ExecChainElement.java:51)
	at org.apache.hc.client5.http.impl.classic.InternalHttpClient.doExecute(InternalHttpClient.java:170)
	at org.apache.hc.client5.http.impl.classic.CloseableHttpClient.execute(CloseableHttpClient.java:87)
	at org.apache.hc.client5.http.impl.classic.CloseableHttpClient.execute(CloseableHttpClient.java:55)
	at org.apache.hc.client5.http.classic.HttpClient.executeOpen(HttpClient.java:183)
	at org.springframework.http.client.HttpComponentsClientHttpRequest.executeInternal(HttpComponentsClientHttpRequest.java:95)
	at org.springframework.http.client.AbstractStreamingClientHttpRequest.executeInternal(AbstractStreamingClientHttpRequest.java:70)
	at org.springframework.http.client.AbstractClientHttpRequest.execute(AbstractClientHttpRequest.java:66)
	at org.springframework.http.client.InterceptingClientHttpRequest$InterceptingRequestExecution.execute(InterceptingClientHttpRequest.java:101)
	at org.springframework.cloud.netflix.eureka.http.RestTemplateTransportClientFactory.lambda$restTemplate$0(RestTemplateTransportClientFactory.java:143)
	at org.springframework.http.client.InterceptingClientHttpRequest$InterceptingRequestExecution.execute(InterceptingClientHttpRequest.java:87)
	at org.springframework.http.client.InterceptingClientHttpRequest.executeInternal(InterceptingClientHttpRequest.java:71)
	at org.springframework.http.client.AbstractBufferingClientHttpRequest.executeInternal(AbstractBufferingClientHttpRequest.java:48)
	at org.springframework.http.client.AbstractClientHttpRequest.execute(AbstractClientHttpRequest.java:66)
	at org.springframework.web.client.RestTemplate.doExecute(RestTemplate.java:879)
	... 21 more

2026-03-02T21:39:14.195+05:30  WARN 6956 --- [UserService] [DiscoveryClient-InstanceInfoReplicator-0] [                                                 ] c.n.d.s.t.d.RetryableEurekaHttpClient    : Request execution failed with message: I/O error on POST request for "http://localhost:8761/eureka/apps/USERSERVICE": Connect to http://localhost:8761 [localhost/127.0.0.1, localhost/0:0:0:0:0:0:0:1] failed: Connection refused: getsockopt
2026-03-02T21:39:14.437+05:30 DEBUG 6956 --- [UserService] [DiscoveryClient-InstanceInfoReplicator-0] [                                                 ] o.s.web.client.RestTemplate              : HTTP POST http://localhost:8761/eureka/apps/USERSERVICE
2026-03-02T21:39:14.438+05:30 DEBUG 6956 --- [UserService] [DiscoveryClient-InstanceInfoReplicator-0] [                                                 ] o.s.web.client.RestTemplate              : Accept=[application/json, application/*+json]
2026-03-02T21:39:14.460+05:30 DEBUG 6956 --- [UserService] [DiscoveryClient-InstanceInfoReplicator-0] [                                                 ] o.s.web.client.RestTemplate              : Writing [InstanceInfo [instanceId = DESKTOP-ECRRR37.mshome.net:UserService:8081, appName = USERSERVICE, hostName = 192.168.176.1, status = DOWN, ipAddr = 192.168.176.1, port = 8081, securePort = 443, dataCenterInfo = com.netflix.appinfo.MyDataCenterInfo@51fa8afd] as "application/json"
2026-03-02T21:39:14.477+05:30  INFO 6956 --- [UserService] [DiscoveryClient-InstanceInfoReplicator-0] [                                                 ] c.n.d.s.t.d.RedirectingEurekaHttpClient  : Request execution error. endpoint=DefaultEndpoint{ serviceUrl='http://localhost:8761/eureka/}, exception=Connection pool shut down stacktrace=java.lang.IllegalStateException: Connection pool shut down
	at org.apache.hc.core5.util.Asserts.check(Asserts.java:38)
	at org.apache.hc.core5.pool.StrictConnPool.lease(StrictConnPool.java:176)
	at org.apache.hc.client5.http.impl.io.PoolingHttpClientConnectionManager.lease(PoolingHttpClientConnectionManager.java:298)
	at org.apache.hc.client5.http.impl.classic.InternalExecRuntime.acquireEndpoint(InternalExecRuntime.java:103)
	at org.apache.hc.client5.http.impl.classic.ConnectExec.execute(ConnectExec.java:125)
	at org.apache.hc.client5.http.impl.classic.ExecChainElement.execute(ExecChainElement.java:51)
	at org.apache.hc.client5.http.impl.classic.ProtocolExec.execute(ProtocolExec.java:192)
	at org.apache.hc.client5.http.impl.classic.ExecChainElement.execute(ExecChainElement.java:51)
	at org.apache.hc.client5.http.impl.classic.HttpRequestRetryExec.execute(HttpRequestRetryExec.java:96)
	at org.apache.hc.client5.http.impl.classic.ExecChainElement.execute(ExecChainElement.java:51)
	at org.apache.hc.client5.http.impl.classic.ContentCompressionExec.execute(ContentCompressionExec.java:152)
	at org.apache.hc.client5.http.impl.classic.ExecChainElement.execute(ExecChainElement.java:51)
	at org.apache.hc.client5.http.impl.classic.RedirectExec.execute(RedirectExec.java:115)
	at org.apache.hc.client5.http.impl.classic.ExecChainElement.execute(ExecChainElement.java:51)
	at org.apache.hc.client5.http.impl.classic.InternalHttpClient.doExecute(InternalHttpClient.java:170)
	at org.apache.hc.client5.http.impl.classic.CloseableHttpClient.execute(CloseableHttpClient.java:87)
	at org.apache.hc.client5.http.impl.classic.CloseableHttpClient.execute(CloseableHttpClient.java:55)
	at org.apache.hc.client5.http.classic.HttpClient.executeOpen(HttpClient.java:183)
	at org.springframework.http.client.HttpComponentsClientHttpRequest.executeInternal(HttpComponentsClientHttpRequest.java:95)
	at org.springframework.http.client.AbstractStreamingClientHttpRequest.executeInternal(AbstractStreamingClientHttpRequest.java:70)
	at org.springframework.http.client.AbstractClientHttpRequest.execute(AbstractClientHttpRequest.java:66)
	at org.springframework.http.client.InterceptingClientHttpRequest$InterceptingRequestExecution.execute(InterceptingClientHttpRequest.java:101)
	at org.springframework.cloud.netflix.eureka.http.RestTemplateTransportClientFactory.lambda$restTemplate$0(RestTemplateTransportClientFactory.java:143)
	at org.springframework.http.client.InterceptingClientHttpRequest$InterceptingRequestExecution.execute(InterceptingClientHttpRequest.java:87)
	at org.springframework.http.client.InterceptingClientHttpRequest.executeInternal(InterceptingClientHttpRequest.java:71)
	at org.springframework.http.client.AbstractBufferingClientHttpRequest.executeInternal(AbstractBufferingClientHttpRequest.java:48)
	at org.springframework.http.client.AbstractClientHttpRequest.execute(AbstractClientHttpRequest.java:66)
	at org.springframework.web.client.RestTemplate.doExecute(RestTemplate.java:879)
	at org.springframework.web.client.RestTemplate.execute(RestTemplate.java:781)
	at org.springframework.web.client.RestTemplate.exchange(RestTemplate.java:663)
	at org.springframework.cloud.netflix.eureka.http.RestTemplateEurekaHttpClient.register(RestTemplateEurekaHttpClient.java:77)
	at com.netflix.discovery.shared.transport.decorator.EurekaHttpClientDecorator$1.execute(EurekaHttpClientDecorator.java:59)
	at com.netflix.discovery.shared.transport.decorator.RedirectingEurekaHttpClient.executeOnNewServer(RedirectingEurekaHttpClient.java:121)
	at com.netflix.discovery.shared.transport.decorator.RedirectingEurekaHttpClient.execute(RedirectingEurekaHttpClient.java:80)
	at com.netflix.discovery.shared.transport.decorator.EurekaHttpClientDecorator.register(EurekaHttpClientDecorator.java:56)
	at com.netflix.discovery.shared.transport.decorator.EurekaHttpClientDecorator$1.execute(EurekaHttpClientDecorator.java:59)
	at com.netflix.discovery.shared.transport.decorator.RetryableEurekaHttpClient.execute(RetryableEurekaHttpClient.java:120)
	at com.netflix.discovery.shared.transport.decorator.EurekaHttpClientDecorator.register(EurekaHttpClientDecorator.java:56)
	at com.netflix.discovery.shared.transport.decorator.EurekaHttpClientDecorator$1.execute(EurekaHttpClientDecorator.java:59)
	at com.netflix.discovery.shared.transport.decorator.SessionedEurekaHttpClient.execute(SessionedEurekaHttpClient.java:77)
	at com.netflix.discovery.shared.transport.decorator.EurekaHttpClientDecorator.register(EurekaHttpClientDecorator.java:56)
	at com.netflix.discovery.DiscoveryClient.register(DiscoveryClient.java:820)
	at com.netflix.discovery.InstanceInfoReplicator.run(InstanceInfoReplicator.java:121)
	at com.netflix.discovery.InstanceInfoReplicator$1.run(InstanceInfoReplicator.java:101)
	at java.base/java.util.concurrent.Executors$RunnableAdapter.call(Executors.java:572)
	at java.base/java.util.concurrent.FutureTask.run(FutureTask.java:317)
	at java.base/java.util.concurrent.ScheduledThreadPoolExecutor$ScheduledFutureTask.run(ScheduledThreadPoolExecutor.java:304)
	at java.base/java.util.concurrent.ThreadPoolExecutor.runWorker(ThreadPoolExecutor.java:1144)
	at java.base/java.util.concurrent.ThreadPoolExecutor$Worker.run(ThreadPoolExecutor.java:642)
	at java.base/java.lang.Thread.run(Thread.java:1583)

2026-03-02T21:39:14.479+05:30  WARN 6956 --- [UserService] [DiscoveryClient-InstanceInfoReplicator-0] [                                                 ] c.n.d.s.t.d.RetryableEurekaHttpClient    : Request execution failed with message: Connection pool shut down
2026-03-02T21:39:14.485+05:30  INFO 6956 --- [UserService] [SpringApplicationShutdownHook] [                                                 ] j.LocalContainerEntityManagerFactoryBean : Closing JPA EntityManagerFactory for persistence unit 'default'
2026-03-02T21:39:14.806+05:30  INFO 6956 --- [UserService] [SpringApplicationShutdownHook] [                                                 ] com.zaxxer.hikari.HikariDataSource       : HikariPool-1 - Shutdown initiated...
2026-03-02T21:39:14.482+05:30  WARN 6956 --- [UserService] [DiscoveryClient-InstanceInfoReplicator-0] [                                                 ] com.netflix.discovery.DiscoveryClient    : DiscoveryClient_USERSERVICE/DESKTOP-ECRRR37.mshome.net:UserService:8081 - registration failed Cannot execute request on any known server

com.netflix.discovery.shared.transport.TransportException: Cannot execute request on any known server
	at com.netflix.discovery.shared.transport.decorator.RetryableEurekaHttpClient.execute(RetryableEurekaHttpClient.java:112) ~[eureka-client-2.0.2.jar:2.0.2]
	at com.netflix.discovery.shared.transport.decorator.EurekaHttpClientDecorator.register(EurekaHttpClientDecorator.java:56) ~[eureka-client-2.0.2.jar:2.0.2]
	at com.netflix.discovery.shared.transport.decorator.EurekaHttpClientDecorator$1.execute(EurekaHttpClientDecorator.java:59) ~[eureka-client-2.0.2.jar:2.0.2]
	at com.netflix.discovery.shared.transport.decorator.SessionedEurekaHttpClient.execute(SessionedEurekaHttpClient.java:77) ~[eureka-client-2.0.2.jar:2.0.2]
	at com.netflix.discovery.shared.transport.decorator.EurekaHttpClientDecorator.register(EurekaHttpClientDecorator.java:56) ~[eureka-client-2.0.2.jar:2.0.2]
	at com.netflix.discovery.DiscoveryClient.register(DiscoveryClient.java:820) ~[eureka-client-2.0.2.jar:2.0.2]
	at com.netflix.discovery.InstanceInfoReplicator.run(InstanceInfoReplicator.java:121) ~[eureka-client-2.0.2.jar:2.0.2]
	at com.netflix.discovery.InstanceInfoReplicator$1.run(InstanceInfoReplicator.java:101) ~[eureka-client-2.0.2.jar:2.0.2]
	at java.base/java.util.concurrent.Executors$RunnableAdapter.call(Executors.java:572) ~[na:na]
	at java.base/java.util.concurrent.FutureTask.run(FutureTask.java:317) ~[na:na]
	at java.base/java.util.concurrent.ScheduledThreadPoolExecutor$ScheduledFutureTask.run(ScheduledThreadPoolExecutor.java:304) ~[na:na]
	at java.base/java.util.concurrent.ThreadPoolExecutor.runWorker(ThreadPoolExecutor.java:1144) ~[na:na]
	at java.base/java.util.concurrent.ThreadPoolExecutor$Worker.run(ThreadPoolExecutor.java:642) ~[na:na]
	at java.base/java.lang.Thread.run(Thread.java:1583) ~[na:na]

2026-03-02T21:39:14.871+05:30  WARN 6956 --- [UserService] [DiscoveryClient-InstanceInfoReplicator-0] [                                                 ] c.n.discovery.InstanceInfoReplicator     : There was a problem with the instance info replicator

com.netflix.discovery.shared.transport.TransportException: Cannot execute request on any known server
	at com.netflix.discovery.shared.transport.decorator.RetryableEurekaHttpClient.execute(RetryableEurekaHttpClient.java:112) ~[eureka-client-2.0.2.jar:2.0.2]
	at com.netflix.discovery.shared.transport.decorator.EurekaHttpClientDecorator.register(EurekaHttpClientDecorator.java:56) ~[eureka-client-2.0.2.jar:2.0.2]
	at com.netflix.discovery.shared.transport.decorator.EurekaHttpClientDecorator$1.execute(EurekaHttpClientDecorator.java:59) ~[eureka-client-2.0.2.jar:2.0.2]
	at com.netflix.discovery.shared.transport.decorator.SessionedEurekaHttpClient.execute(SessionedEurekaHttpClient.java:77) ~[eureka-client-2.0.2.jar:2.0.2]
	at com.netflix.discovery.shared.transport.decorator.EurekaHttpClientDecorator.register(EurekaHttpClientDecorator.java:56) ~[eureka-client-2.0.2.jar:2.0.2]
	at com.netflix.discovery.DiscoveryClient.register(DiscoveryClient.java:820) ~[eureka-client-2.0.2.jar:2.0.2]
	at com.netflix.discovery.InstanceInfoReplicator.run(InstanceInfoReplicator.java:121) ~[eureka-client-2.0.2.jar:2.0.2]
	at com.netflix.discovery.InstanceInfoReplicator$1.run(InstanceInfoReplicator.java:101) ~[eureka-client-2.0.2.jar:2.0.2]
	at java.base/java.util.concurrent.Executors$RunnableAdapter.call(Executors.java:572) ~[na:na]
	at java.base/java.util.concurrent.FutureTask.run(FutureTask.java:317) ~[na:na]
	at java.base/java.util.concurrent.ScheduledThreadPoolExecutor$ScheduledFutureTask.run(ScheduledThreadPoolExecutor.java:304) ~[na:na]
	at java.base/java.util.concurrent.ThreadPoolExecutor.runWorker(ThreadPoolExecutor.java:1144) ~[na:na]
	at java.base/java.util.concurrent.ThreadPoolExecutor$Worker.run(ThreadPoolExecutor.java:642) ~[na:na]
	at java.base/java.lang.Thread.run(Thread.java:1583) ~[na:na]

2026-03-02T21:39:14.932+05:30  INFO 6956 --- [UserService] [SpringApplicationShutdownHook] [                                                 ] com.zaxxer.hikari.HikariDataSource       : HikariPool-1 - Shutdown completed.
2026-03-02T21:39:15.755+05:30 DEBUG 6956 --- [UserService] [AsyncReporter{org.springframework.boot.actuate.autoconfigure.tracing.zipkin.ZipkinRestTemplateSender@64421ccb}] [                                                 ] o.s.web.client.RestTemplate              : HTTP POST http://localhost:9411/api/v2/spans
2026-03-02T21:39:15.763+05:30 DEBUG 6956 --- [UserService] [AsyncReporter{org.springframework.boot.actuate.autoconfigure.tracing.zipkin.ZipkinRestTemplateSender@64421ccb}] [                                                 ] o.s.web.client.RestTemplate              : Accept=[application/json, application/*+json]
2026-03-02T21:39:15.767+05:30 DEBUG 6956 --- [UserService] [AsyncReporter{org.springframework.boot.actuate.autoconfigure.tracing.zipkin.ZipkinRestTemplateSender@64421ccb}] [                                                 ] o.s.web.client.RestTemplate              : Writing [[B@276c5130] as "application/json"
2026-03-02T21:39:15.842+05:30 DEBUG 6956 --- [UserService] [AsyncReporter{org.springframework.boot.actuate.autoconfigure.tracing.zipkin.ZipkinRestTemplateSender@64421ccb}] [                                                 ] o.s.web.client.RestTemplate              : Response 202 ACCEPTED
2026-03-02T21:39:15.868+05:30  INFO 6956 --- [UserService] [SpringApplicationShutdownHook] [                                                 ] com.netflix.discovery.DiscoveryClient    : Shutting down DiscoveryClient ...
2026-03-02T21:39:17.462+05:30 DEBUG 6956 --- [UserService] [DiscoveryClient-CacheRefreshExecutor-0] [                                                 ] o.s.web.client.RestTemplate              : HTTP GET http://localhost:8761/eureka/apps/delta
2026-03-02T21:39:17.466+05:30 DEBUG 6956 --- [UserService] [DiscoveryClient-CacheRefreshExecutor-0] [                                                 ] o.s.web.client.RestTemplate              : Accept=[application/json, application/*+json]
2026-03-02T21:39:17.485+05:30  INFO 6956 --- [UserService] [DiscoveryClient-CacheRefreshExecutor-0] [                                                 ] c.n.d.s.t.d.RedirectingEurekaHttpClient  : Request execution error. endpoint=DefaultEndpoint{ serviceUrl='http://localhost:8761/eureka/} exception=Connection pool shut down stacktrace=java.lang.IllegalStateException: Connection pool shut down
	at org.apache.hc.core5.util.Asserts.check(Asserts.java:38)
	at org.apache.hc.core5.pool.StrictConnPool.lease(StrictConnPool.java:176)
	at org.apache.hc.client5.http.impl.io.PoolingHttpClientConnectionManager.lease(PoolingHttpClientConnectionManager.java:298)
	at org.apache.hc.client5.http.impl.classic.InternalExecRuntime.acquireEndpoint(InternalExecRuntime.java:103)
	at org.apache.hc.client5.http.impl.classic.ConnectExec.execute(ConnectExec.java:125)
	at org.apache.hc.client5.http.impl.classic.ExecChainElement.execute(ExecChainElement.java:51)
	at org.apache.hc.client5.http.impl.classic.ProtocolExec.execute(ProtocolExec.java:192)
	at org.apache.hc.client5.http.impl.classic.ExecChainElement.execute(ExecChainElement.java:51)
	at org.apache.hc.client5.http.impl.classic.HttpRequestRetryExec.execute(HttpRequestRetryExec.java:96)
	at org.apache.hc.client5.http.impl.classic.ExecChainElement.execute(ExecChainElement.java:51)
	at org.apache.hc.client5.http.impl.classic.ContentCompressionExec.execute(ContentCompressionExec.java:152)
	at org.apache.hc.client5.http.impl.classic.ExecChainElement.execute(ExecChainElement.java:51)
	at org.apache.hc.client5.http.impl.classic.RedirectExec.execute(RedirectExec.java:115)
	at org.apache.hc.client5.http.impl.classic.ExecChainElement.execute(ExecChainElement.java:51)
	at org.apache.hc.client5.http.impl.classic.InternalHttpClient.doExecute(InternalHttpClient.java:170)
	at org.apache.hc.client5.http.impl.classic.CloseableHttpClient.execute(CloseableHttpClient.java:87)
	at org.apache.hc.client5.http.impl.classic.CloseableHttpClient.execute(CloseableHttpClient.java:55)
	at org.apache.hc.client5.http.classic.HttpClient.executeOpen(HttpClient.java:183)
	at org.springframework.http.client.HttpComponentsClientHttpRequest.executeInternal(HttpComponentsClientHttpRequest.java:95)
	at org.springframework.http.client.AbstractStreamingClientHttpRequest.executeInternal(AbstractStreamingClientHttpRequest.java:70)
	at org.springframework.http.client.AbstractClientHttpRequest.execute(AbstractClientHttpRequest.java:66)
	at org.springframework.http.client.InterceptingClientHttpRequest$InterceptingRequestExecution.execute(InterceptingClientHttpRequest.java:101)
	at org.springframework.cloud.netflix.eureka.http.RestTemplateTransportClientFactory.lambda$restTemplate$0(RestTemplateTransportClientFactory.java:143)
	at org.springframework.http.client.InterceptingClientHttpRequest$InterceptingRequestExecution.execute(InterceptingClientHttpRequest.java:87)
	at org.springframework.http.client.InterceptingClientHttpRequest.executeInternal(InterceptingClientHttpRequest.java:71)
	at org.springframework.http.client.AbstractBufferingClientHttpRequest.executeInternal(AbstractBufferingClientHttpRequest.java:48)
	at org.springframework.http.client.AbstractClientHttpRequest.execute(AbstractClientHttpRequest.java:66)
	at org.springframework.web.client.RestTemplate.doExecute(RestTemplate.java:879)
	at org.springframework.web.client.RestTemplate.execute(RestTemplate.java:781)
	at org.springframework.web.client.RestTemplate.exchange(RestTemplate.java:663)
	at org.springframework.cloud.netflix.eureka.http.RestTemplateEurekaHttpClient.getApplicationsInternal(RestTemplateEurekaHttpClient.java:145)
	at org.springframework.cloud.netflix.eureka.http.RestTemplateEurekaHttpClient.getDelta(RestTemplateEurekaHttpClient.java:155)
	at com.netflix.discovery.shared.transport.decorator.EurekaHttpClientDecorator$7.execute(EurekaHttpClientDecorator.java:152)
	at com.netflix.discovery.shared.transport.decorator.RedirectingEurekaHttpClient.execute(RedirectingEurekaHttpClient.java:91)
	at com.netflix.discovery.shared.transport.decorator.EurekaHttpClientDecorator.getDelta(EurekaHttpClientDecorator.java:149)
	at com.netflix.discovery.shared.transport.decorator.EurekaHttpClientDecorator$7.execute(EurekaHttpClientDecorator.java:152)
	at com.netflix.discovery.shared.transport.decorator.RetryableEurekaHttpClient.execute(RetryableEurekaHttpClient.java:120)
	at com.netflix.discovery.shared.transport.decorator.EurekaHttpClientDecorator.getDelta(EurekaHttpClientDecorator.java:149)
	at com.netflix.discovery.shared.transport.decorator.EurekaHttpClientDecorator$7.execute(EurekaHttpClientDecorator.java:152)
	at com.netflix.discovery.shared.transport.decorator.SessionedEurekaHttpClient.execute(SessionedEurekaHttpClient.java:77)
	at com.netflix.discovery.shared.transport.decorator.EurekaHttpClientDecorator.getDelta(EurekaHttpClientDecorator.java:149)
	at com.netflix.discovery.DiscoveryClient.getAndUpdateDelta(DiscoveryClient.java:1079)
	at com.netflix.discovery.DiscoveryClient.fetchRegistry(DiscoveryClient.java:960)
	at com.netflix.discovery.DiscoveryClient.refreshRegistry(DiscoveryClient.java:1475)
	at com.netflix.discovery.DiscoveryClient$CacheRefreshThread.run(DiscoveryClient.java:1442)
	at java.base/java.util.concurrent.Executors$RunnableAdapter.call(Executors.java:572)
	at java.base/java.util.concurrent.FutureTask.run(FutureTask.java:317)
	at java.base/java.util.concurrent.ThreadPoolExecutor.runWorker(ThreadPoolExecutor.java:1144)
	at java.base/java.util.concurrent.ThreadPoolExecutor$Worker.run(ThreadPoolExecutor.java:642)
	at java.base/java.lang.Thread.run(Thread.java:1583)

2026-03-02T21:39:17.489+05:30  WARN 6956 --- [UserService] [DiscoveryClient-CacheRefreshExecutor-0] [                                                 ] c.n.d.s.t.d.RetryableEurekaHttpClient    : Request execution failed with message: Connection pool shut down
2026-03-02T21:39:17.524+05:30 DEBUG 6956 --- [UserService] [DiscoveryClient-CacheRefreshExecutor-0] [                                                 ] o.s.web.client.RestTemplate              : HTTP GET http://localhost:8761/eureka/apps/delta
2026-03-02T21:39:17.721+05:30 DEBUG 6956 --- [UserService] [DiscoveryClient-CacheRefreshExecutor-0] [                                                 ] o.s.web.client.RestTemplate              : Accept=[application/json, application/*+json]
2026-03-02T21:39:17.726+05:30  INFO 6956 --- [UserService] [DiscoveryClient-CacheRefreshExecutor-0] [                                                 ] c.n.d.s.t.d.RedirectingEurekaHttpClient  : Request execution error. endpoint=DefaultEndpoint{ serviceUrl='http://localhost:8761/eureka/}, exception=Connection pool shut down stacktrace=java.lang.IllegalStateException: Connection pool shut down
	at org.apache.hc.core5.util.Asserts.check(Asserts.java:38)
	at org.apache.hc.core5.pool.StrictConnPool.lease(StrictConnPool.java:176)
	at org.apache.hc.client5.http.impl.io.PoolingHttpClientConnectionManager.lease(PoolingHttpClientConnectionManager.java:298)
	at org.apache.hc.client5.http.impl.classic.InternalExecRuntime.acquireEndpoint(InternalExecRuntime.java:103)
	at org.apache.hc.client5.http.impl.classic.ConnectExec.execute(ConnectExec.java:125)
	at org.apache.hc.client5.http.impl.classic.ExecChainElement.execute(ExecChainElement.java:51)
	at org.apache.hc.client5.http.impl.classic.ProtocolExec.execute(ProtocolExec.java:192)
	at org.apache.hc.client5.http.impl.classic.ExecChainElement.execute(ExecChainElement.java:51)
	at org.apache.hc.client5.http.impl.classic.HttpRequestRetryExec.execute(HttpRequestRetryExec.java:96)
	at org.apache.hc.client5.http.impl.classic.ExecChainElement.execute(ExecChainElement.java:51)
	at org.apache.hc.client5.http.impl.classic.ContentCompressionExec.execute(ContentCompressionExec.java:152)
	at org.apache.hc.client5.http.impl.classic.ExecChainElement.execute(ExecChainElement.java:51)
	at org.apache.hc.client5.http.impl.classic.RedirectExec.execute(RedirectExec.java:115)
	at org.apache.hc.client5.http.impl.classic.ExecChainElement.execute(ExecChainElement.java:51)
	at org.apache.hc.client5.http.impl.classic.InternalHttpClient.doExecute(InternalHttpClient.java:170)
	at org.apache.hc.client5.http.impl.classic.CloseableHttpClient.execute(CloseableHttpClient.java:87)
	at org.apache.hc.client5.http.impl.classic.CloseableHttpClient.execute(CloseableHttpClient.java:55)
	at org.apache.hc.client5.http.classic.HttpClient.executeOpen(HttpClient.java:183)
	at org.springframework.http.client.HttpComponentsClientHttpRequest.executeInternal(HttpComponentsClientHttpRequest.java:95)
	at org.springframework.http.client.AbstractStreamingClientHttpRequest.executeInternal(AbstractStreamingClientHttpRequest.java:70)
	at org.springframework.http.client.AbstractClientHttpRequest.execute(AbstractClientHttpRequest.java:66)
	at org.springframework.http.client.InterceptingClientHttpRequest$InterceptingRequestExecution.execute(InterceptingClientHttpRequest.java:101)
	at org.springframework.cloud.netflix.eureka.http.RestTemplateTransportClientFactory.lambda$restTemplate$0(RestTemplateTransportClientFactory.java:143)
	at org.springframework.http.client.InterceptingClientHttpRequest$InterceptingRequestExecution.execute(InterceptingClientHttpRequest.java:87)
	at org.springframework.http.client.InterceptingClientHttpRequest.executeInternal(InterceptingClientHttpRequest.java:71)
	at org.springframework.http.client.AbstractBufferingClientHttpRequest.executeInternal(AbstractBufferingClientHttpRequest.java:48)
	at org.springframework.http.client.AbstractClientHttpRequest.execute(AbstractClientHttpRequest.java:66)
	at org.springframework.web.client.RestTemplate.doExecute(RestTemplate.java:879)
	at org.springframework.web.client.RestTemplate.execute(RestTemplate.java:781)
	at org.springframework.web.client.RestTemplate.exchange(RestTemplate.java:663)
	at org.springframework.cloud.netflix.eureka.http.RestTemplateEurekaHttpClient.getApplicationsInternal(RestTemplateEurekaHttpClient.java:145)
	at org.springframework.cloud.netflix.eureka.http.RestTemplateEurekaHttpClient.getDelta(RestTemplateEurekaHttpClient.java:155)
	at com.netflix.discovery.shared.transport.decorator.EurekaHttpClientDecorator$7.execute(EurekaHttpClientDecorator.java:152)
	at com.netflix.discovery.shared.transport.decorator.RedirectingEurekaHttpClient.executeOnNewServer(RedirectingEurekaHttpClient.java:121)
	at com.netflix.discovery.shared.transport.decorator.RedirectingEurekaHttpClient.execute(RedirectingEurekaHttpClient.java:80)
	at com.netflix.discovery.shared.transport.decorator.EurekaHttpClientDecorator.getDelta(EurekaHttpClientDecorator.java:149)
	at com.netflix.discovery.shared.transport.decorator.EurekaHttpClientDecorator$7.execute(EurekaHttpClientDecorator.java:152)
	at com.netflix.discovery.shared.transport.decorator.RetryableEurekaHttpClient.execute(RetryableEurekaHttpClient.java:120)
	at com.netflix.discovery.shared.transport.decorator.EurekaHttpClientDecorator.getDelta(EurekaHttpClientDecorator.java:149)
	at com.netflix.discovery.shared.transport.decorator.EurekaHttpClientDecorator$7.execute(EurekaHttpClientDecorator.java:152)
	at com.netflix.discovery.shared.transport.decorator.SessionedEurekaHttpClient.execute(SessionedEurekaHttpClient.java:77)
	at com.netflix.discovery.shared.transport.decorator.EurekaHttpClientDecorator.getDelta(EurekaHttpClientDecorator.java:149)
	at com.netflix.discovery.DiscoveryClient.getAndUpdateDelta(DiscoveryClient.java:1079)
	at com.netflix.discovery.DiscoveryClient.fetchRegistry(DiscoveryClient.java:960)
	at com.netflix.discovery.DiscoveryClient.refreshRegistry(DiscoveryClient.java:1475)
	at com.netflix.discovery.DiscoveryClient$CacheRefreshThread.run(DiscoveryClient.java:1442)
	at java.base/java.util.concurrent.Executors$RunnableAdapter.call(Executors.java:572)
	at java.base/java.util.concurrent.FutureTask.run(FutureTask.java:317)
	at java.base/java.util.concurrent.ThreadPoolExecutor.runWorker(ThreadPoolExecutor.java:1144)
	at java.base/java.util.concurrent.ThreadPoolExecutor$Worker.run(ThreadPoolExecutor.java:642)
	at java.base/java.lang.Thread.run(Thread.java:1583)

2026-03-02T21:39:17.731+05:30  WARN 6956 --- [UserService] [DiscoveryClient-CacheRefreshExecutor-0] [                                                 ] c.n.d.s.t.d.RetryableEurekaHttpClient    : Request execution failed with message: Connection pool shut down
2026-03-02T21:39:17.733+05:30  INFO 6956 --- [UserService] [DiscoveryClient-CacheRefreshExecutor-0] [                                                 ] com.netflix.discovery.DiscoveryClient    : DiscoveryClient_USERSERVICE/DESKTOP-ECRRR37.mshome.net:UserService:8081 - was unable to refresh its cache! This periodic background refresh will be retried in 30 seconds. status = Cannot execute request on any known server stacktrace = com.netflix.discovery.shared.transport.TransportException: Cannot execute request on any known server
	at com.netflix.discovery.shared.transport.decorator.RetryableEurekaHttpClient.execute(RetryableEurekaHttpClient.java:112)
	at com.netflix.discovery.shared.transport.decorator.EurekaHttpClientDecorator.getDelta(EurekaHttpClientDecorator.java:149)
	at com.netflix.discovery.shared.transport.decorator.EurekaHttpClientDecorator$7.execute(EurekaHttpClientDecorator.java:152)
	at com.netflix.discovery.shared.transport.decorator.SessionedEurekaHttpClient.execute(SessionedEurekaHttpClient.java:77)
	at com.netflix.discovery.shared.transport.decorator.EurekaHttpClientDecorator.getDelta(EurekaHttpClientDecorator.java:149)
	at com.netflix.discovery.DiscoveryClient.getAndUpdateDelta(DiscoveryClient.java:1079)
	at com.netflix.discovery.DiscoveryClient.fetchRegistry(DiscoveryClient.java:960)
	at com.netflix.discovery.DiscoveryClient.refreshRegistry(DiscoveryClient.java:1475)
	at com.netflix.discovery.DiscoveryClient$CacheRefreshThread.run(DiscoveryClient.java:1442)
	at java.base/java.util.concurrent.Executors$RunnableAdapter.call(Executors.java:572)
	at java.base/java.util.concurrent.FutureTask.run(FutureTask.java:317)
	at java.base/java.util.concurrent.ThreadPoolExecutor.runWorker(ThreadPoolExecutor.java:1144)
	at java.base/java.util.concurrent.ThreadPoolExecutor$Worker.run(ThreadPoolExecutor.java:642)
	at java.base/java.lang.Thread.run(Thread.java:1583)

2026-03-02T21:39:18.963+05:30 DEBUG 6956 --- [UserService] [DiscoveryClient-HeartbeatExecutor-0] [                                                 ] o.s.web.client.RestTemplate              : HTTP PUT http://localhost:8761/eureka/apps/USERSERVICE/DESKTOP-ECRRR37.mshome.net:UserService:8081?status=DOWN&lastDirtyTimestamp=1772467752115
2026-03-02T21:39:18.979+05:30  WARN 6956 --- [UserService] [DiscoveryClient-1] [                                                 ] c.netflix.discovery.TimedSupervisorTask  : task supervisor shutting down, can't accept the task
2026-03-02T21:39:19.046+05:30 DEBUG 6956 --- [UserService] [DiscoveryClient-HeartbeatExecutor-0] [                                                 ] o.s.web.client.RestTemplate              : Accept=[application/json, application/*+json]
2026-03-02T21:39:19.051+05:30  INFO 6956 --- [UserService] [DiscoveryClient-HeartbeatExecutor-0] [                                                 ] c.n.d.s.t.d.RedirectingEurekaHttpClient  : Request execution error. endpoint=DefaultEndpoint{ serviceUrl='http://localhost:8761/eureka/}, exception=Connection pool shut down stacktrace=java.lang.IllegalStateException: Connection pool shut down
	at org.apache.hc.core5.util.Asserts.check(Asserts.java:38)
	at org.apache.hc.core5.pool.StrictConnPool.lease(StrictConnPool.java:176)
	at org.apache.hc.client5.http.impl.io.PoolingHttpClientConnectionManager.lease(PoolingHttpClientConnectionManager.java:298)
	at org.apache.hc.client5.http.impl.classic.InternalExecRuntime.acquireEndpoint(InternalExecRuntime.java:103)
	at org.apache.hc.client5.http.impl.classic.ConnectExec.execute(ConnectExec.java:125)
	at org.apache.hc.client5.http.impl.classic.ExecChainElement.execute(ExecChainElement.java:51)
	at org.apache.hc.client5.http.impl.classic.ProtocolExec.execute(ProtocolExec.java:192)
	at org.apache.hc.client5.http.impl.classic.ExecChainElement.execute(ExecChainElement.java:51)
	at org.apache.hc.client5.http.impl.classic.HttpRequestRetryExec.execute(HttpRequestRetryExec.java:96)
	at org.apache.hc.client5.http.impl.classic.ExecChainElement.execute(ExecChainElement.java:51)
	at org.apache.hc.client5.http.impl.classic.ContentCompressionExec.execute(ContentCompressionExec.java:152)
	at org.apache.hc.client5.http.impl.classic.ExecChainElement.execute(ExecChainElement.java:51)
	at org.apache.hc.client5.http.impl.classic.RedirectExec.execute(RedirectExec.java:115)
	at org.apache.hc.client5.http.impl.classic.ExecChainElement.execute(ExecChainElement.java:51)
	at org.apache.hc.client5.http.impl.classic.InternalHttpClient.doExecute(InternalHttpClient.java:170)
	at org.apache.hc.client5.http.impl.classic.CloseableHttpClient.execute(CloseableHttpClient.java:87)
	at org.apache.hc.client5.http.impl.classic.CloseableHttpClient.execute(CloseableHttpClient.java:55)
	at org.apache.hc.client5.http.classic.HttpClient.executeOpen(HttpClient.java:183)
	at org.springframework.http.client.HttpComponentsClientHttpRequest.executeInternal(HttpComponentsClientHttpRequest.java:95)
	at org.springframework.http.client.AbstractStreamingClientHttpRequest.executeInternal(AbstractStreamingClientHttpRequest.java:70)
	at org.springframework.http.client.AbstractClientHttpRequest.execute(AbstractClientHttpRequest.java:66)
	at org.springframework.http.client.InterceptingClientHttpRequest$InterceptingRequestExecution.execute(InterceptingClientHttpRequest.java:101)
	at org.springframework.cloud.netflix.eureka.http.RestTemplateTransportClientFactory.lambda$restTemplate$0(RestTemplateTransportClientFactory.java:143)
	at org.springframework.http.client.InterceptingClientHttpRequest$InterceptingRequestExecution.execute(InterceptingClientHttpRequest.java:87)
	at org.springframework.http.client.InterceptingClientHttpRequest.executeInternal(InterceptingClientHttpRequest.java:71)
	at org.springframework.http.client.AbstractBufferingClientHttpRequest.executeInternal(AbstractBufferingClientHttpRequest.java:48)
	at org.springframework.http.client.AbstractClientHttpRequest.execute(AbstractClientHttpRequest.java:66)
	at org.springframework.web.client.RestTemplate.doExecute(RestTemplate.java:879)
	at org.springframework.web.client.RestTemplate.execute(RestTemplate.java:781)
	at org.springframework.web.client.RestTemplate.exchange(RestTemplate.java:663)
	at org.springframework.cloud.netflix.eureka.http.RestTemplateEurekaHttpClient.sendHeartBeat(RestTemplateEurekaHttpClient.java:99)
	at com.netflix.discovery.shared.transport.decorator.EurekaHttpClientDecorator$3.execute(EurekaHttpClientDecorator.java:92)
	at com.netflix.discovery.shared.transport.decorator.RedirectingEurekaHttpClient.executeOnNewServer(RedirectingEurekaHttpClient.java:121)
	at com.netflix.discovery.shared.transport.decorator.RedirectingEurekaHttpClient.execute(RedirectingEurekaHttpClient.java:80)
	at com.netflix.discovery.shared.transport.decorator.EurekaHttpClientDecorator.sendHeartBeat(EurekaHttpClientDecorator.java:89)
	at com.netflix.discovery.shared.transport.decorator.EurekaHttpClientDecorator$3.execute(EurekaHttpClientDecorator.java:92)
	at com.netflix.discovery.shared.transport.decorator.RetryableEurekaHttpClient.execute(RetryableEurekaHttpClient.java:120)
	at com.netflix.discovery.shared.transport.decorator.EurekaHttpClientDecorator.sendHeartBeat(EurekaHttpClientDecorator.java:89)
	at com.netflix.discovery.shared.transport.decorator.EurekaHttpClientDecorator$3.execute(EurekaHttpClientDecorator.java:92)
	at com.netflix.discovery.shared.transport.decorator.SessionedEurekaHttpClient.execute(SessionedEurekaHttpClient.java:77)
	at com.netflix.discovery.shared.transport.decorator.EurekaHttpClientDecorator.sendHeartBeat(EurekaHttpClientDecorator.java:89)
	at com.netflix.discovery.DiscoveryClient.renew(DiscoveryClient.java:837)
	at com.netflix.discovery.DiscoveryClient$HeartbeatThread.run(DiscoveryClient.java:1401)
	at java.base/java.util.concurrent.Executors$RunnableAdapter.call(Executors.java:572)
	at java.base/java.util.concurrent.FutureTask.run(FutureTask.java:317)
	at java.base/java.util.concurrent.ThreadPoolExecutor.runWorker(ThreadPoolExecutor.java:1144)
	at java.base/java.util.concurrent.ThreadPoolExecutor$Worker.run(ThreadPoolExecutor.java:642)
	at java.base/java.lang.Thread.run(Thread.java:1583)

2026-03-02T21:39:19.052+05:30  WARN 6956 --- [UserService] [DiscoveryClient-HeartbeatExecutor-0] [                                                 ] c.n.d.s.t.d.RetryableEurekaHttpClient    : Request execution failed with message: Connection pool shut down
2026-03-02T21:39:19.054+05:30 ERROR 6956 --- [UserService] [DiscoveryClient-HeartbeatExecutor-0] [                                                 ] com.netflix.discovery.DiscoveryClient    : DiscoveryClient_USERSERVICE/DESKTOP-ECRRR37.mshome.net:UserService:8081 - was unable to send heartbeat!

com.netflix.discovery.shared.transport.TransportException: Cannot execute request on any known server
	at com.netflix.discovery.shared.transport.decorator.RetryableEurekaHttpClient.execute(RetryableEurekaHttpClient.java:112) ~[eureka-client-2.0.2.jar:2.0.2]
	at com.netflix.discovery.shared.transport.decorator.EurekaHttpClientDecorator.sendHeartBeat(EurekaHttpClientDecorator.java:89) ~[eureka-client-2.0.2.jar:2.0.2]
	at com.netflix.discovery.shared.transport.decorator.EurekaHttpClientDecorator$3.execute(EurekaHttpClientDecorator.java:92) ~[eureka-client-2.0.2.jar:2.0.2]
	at com.netflix.discovery.shared.transport.decorator.SessionedEurekaHttpClient.execute(SessionedEurekaHttpClient.java:77) ~[eureka-client-2.0.2.jar:2.0.2]
	at com.netflix.discovery.shared.transport.decorator.EurekaHttpClientDecorator.sendHeartBeat(EurekaHttpClientDecorator.java:89) ~[eureka-client-2.0.2.jar:2.0.2]
	at com.netflix.discovery.DiscoveryClient.renew(DiscoveryClient.java:837) ~[eureka-client-2.0.2.jar:2.0.2]
	at com.netflix.discovery.DiscoveryClient$HeartbeatThread.run(DiscoveryClient.java:1401) ~[eureka-client-2.0.2.jar:2.0.2]
	at java.base/java.util.concurrent.Executors$RunnableAdapter.call(Executors.java:572) ~[na:na]
	at java.base/java.util.concurrent.FutureTask.run(FutureTask.java:317) ~[na:na]
	at java.base/java.util.concurrent.ThreadPoolExecutor.runWorker(ThreadPoolExecutor.java:1144) ~[na:na]
	at java.base/java.util.concurrent.ThreadPoolExecutor$Worker.run(ThreadPoolExecutor.java:642) ~[na:na]
	at java.base/java.lang.Thread.run(Thread.java:1583) ~[na:na]

2026-03-02T21:39:19.086+05:30  INFO 6956 --- [UserService] [SpringApplicationShutdownHook] [                                                 ] com.netflix.discovery.DiscoveryClient    : Unregistering ...
2026-03-02T21:39:19.193+05:30 DEBUG 6956 --- [UserService] [SpringApplicationShutdownHook] [                                                 ] o.s.web.client.RestTemplate              : HTTP DELETE http://localhost:8761/eureka/apps/USERSERVICE/DESKTOP-ECRRR37.mshome.net:UserService:8081
2026-03-02T21:39:19.194+05:30 DEBUG 6956 --- [UserService] [SpringApplicationShutdownHook] [                                                 ] o.s.web.client.RestTemplate              : Accept=[application/json, application/*+json]
2026-03-02T21:39:19.247+05:30  INFO 6956 --- [UserService] [SpringApplicationShutdownHook] [                                                 ] c.n.d.s.t.d.RedirectingEurekaHttpClient  : Request execution error. endpoint=DefaultEndpoint{ serviceUrl='http://localhost:8761/eureka/}, exception=Connection pool shut down stacktrace=java.lang.IllegalStateException: Connection pool shut down
	at org.apache.hc.core5.util.Asserts.check(Asserts.java:38)
	at org.apache.hc.core5.pool.StrictConnPool.lease(StrictConnPool.java:176)
	at org.apache.hc.client5.http.impl.io.PoolingHttpClientConnectionManager.lease(PoolingHttpClientConnectionManager.java:298)
	at org.apache.hc.client5.http.impl.classic.InternalExecRuntime.acquireEndpoint(InternalExecRuntime.java:103)
	at org.apache.hc.client5.http.impl.classic.ConnectExec.execute(ConnectExec.java:125)
	at org.apache.hc.client5.http.impl.classic.ExecChainElement.execute(ExecChainElement.java:51)
	at org.apache.hc.client5.http.impl.classic.ProtocolExec.execute(ProtocolExec.java:192)
	at org.apache.hc.client5.http.impl.classic.ExecChainElement.execute(ExecChainElement.java:51)
	at org.apache.hc.client5.http.impl.classic.HttpRequestRetryExec.execute(HttpRequestRetryExec.java:96)
	at org.apache.hc.client5.http.impl.classic.ExecChainElement.execute(ExecChainElement.java:51)
	at org.apache.hc.client5.http.impl.classic.ContentCompressionExec.execute(ContentCompressionExec.java:152)
	at org.apache.hc.client5.http.impl.classic.ExecChainElement.execute(ExecChainElement.java:51)
	at org.apache.hc.client5.http.impl.classic.RedirectExec.execute(RedirectExec.java:115)
	at org.apache.hc.client5.http.impl.classic.ExecChainElement.execute(ExecChainElement.java:51)
	at org.apache.hc.client5.http.impl.classic.InternalHttpClient.doExecute(InternalHttpClient.java:170)
	at org.apache.hc.client5.http.impl.classic.CloseableHttpClient.execute(CloseableHttpClient.java:87)
	at org.apache.hc.client5.http.impl.classic.CloseableHttpClient.execute(CloseableHttpClient.java:55)
	at org.apache.hc.client5.http.classic.HttpClient.executeOpen(HttpClient.java:183)
	at org.springframework.http.client.HttpComponentsClientHttpRequest.executeInternal(HttpComponentsClientHttpRequest.java:95)
	at org.springframework.http.client.AbstractStreamingClientHttpRequest.executeInternal(AbstractStreamingClientHttpRequest.java:70)
	at org.springframework.http.client.AbstractClientHttpRequest.execute(AbstractClientHttpRequest.java:66)
	at org.springframework.http.client.InterceptingClientHttpRequest$InterceptingRequestExecution.execute(InterceptingClientHttpRequest.java:101)
	at org.springframework.cloud.netflix.eureka.http.RestTemplateTransportClientFactory.lambda$restTemplate$0(RestTemplateTransportClientFactory.java:143)
	at org.springframework.http.client.InterceptingClientHttpRequest$InterceptingRequestExecution.execute(InterceptingClientHttpRequest.java:87)
	at org.springframework.http.client.InterceptingClientHttpRequest.executeInternal(InterceptingClientHttpRequest.java:71)
	at org.springframework.http.client.AbstractBufferingClientHttpRequest.executeInternal(AbstractBufferingClientHttpRequest.java:48)
	at org.springframework.http.client.AbstractClientHttpRequest.execute(AbstractClientHttpRequest.java:66)
	at org.springframework.web.client.RestTemplate.doExecute(RestTemplate.java:879)
	at org.springframework.web.client.RestTemplate.execute(RestTemplate.java:781)
	at org.springframework.web.client.RestTemplate.exchange(RestTemplate.java:663)
	at org.springframework.cloud.netflix.eureka.http.RestTemplateEurekaHttpClient.cancel(RestTemplateEurekaHttpClient.java:87)
	at com.netflix.discovery.shared.transport.decorator.EurekaHttpClientDecorator$2.execute(EurekaHttpClientDecorator.java:74)
	at com.netflix.discovery.shared.transport.decorator.RedirectingEurekaHttpClient.executeOnNewServer(RedirectingEurekaHttpClient.java:121)
	at com.netflix.discovery.shared.transport.decorator.RedirectingEurekaHttpClient.execute(RedirectingEurekaHttpClient.java:80)
	at com.netflix.discovery.shared.transport.decorator.EurekaHttpClientDecorator.cancel(EurekaHttpClientDecorator.java:71)
	at com.netflix.discovery.shared.transport.decorator.EurekaHttpClientDecorator$2.execute(EurekaHttpClientDecorator.java:74)
	at com.netflix.discovery.shared.transport.decorator.RetryableEurekaHttpClient.execute(RetryableEurekaHttpClient.java:120)
	at com.netflix.discovery.shared.transport.decorator.EurekaHttpClientDecorator.cancel(EurekaHttpClientDecorator.java:71)
	at com.netflix.discovery.shared.transport.decorator.EurekaHttpClientDecorator$2.execute(EurekaHttpClientDecorator.java:74)
	at com.netflix.discovery.shared.transport.decorator.SessionedEurekaHttpClient.execute(SessionedEurekaHttpClient.java:77)
	at com.netflix.discovery.shared.transport.decorator.EurekaHttpClientDecorator.cancel(EurekaHttpClientDecorator.java:71)
	at com.netflix.discovery.DiscoveryClient.unregister(DiscoveryClient.java:916)
	at com.netflix.discovery.DiscoveryClient.shutdown(DiscoveryClient.java:892)
	at java.base/jdk.internal.reflect.DirectMethodHandleAccessor.invoke(DirectMethodHandleAccessor.java:103)
	at java.base/java.lang.reflect.Method.invoke(Method.java:580)
	at org.springframework.beans.factory.annotation.InitDestroyAnnotationBeanPostProcessor$LifecycleMethod.invoke(InitDestroyAnnotationBeanPostProcessor.java:457)
	at org.springframework.beans.factory.annotation.InitDestroyAnnotationBeanPostProcessor$LifecycleMetadata.invokeDestroyMethods(InitDestroyAnnotationBeanPostProcessor.java:415)
	at org.springframework.beans.factory.annotation.InitDestroyAnnotationBeanPostProcessor.postProcessBeforeDestruction(InitDestroyAnnotationBeanPostProcessor.java:239)
	at org.springframework.beans.factory.support.DisposableBeanAdapter.destroy(DisposableBeanAdapter.java:202)
	at org.springframework.beans.factory.support.DisposableBeanAdapter.run(DisposableBeanAdapter.java:195)
	at org.springframework.cloud.context.scope.GenericScope$BeanLifecycleWrapper.destroy(GenericScope.java:389)
	at org.springframework.cloud.context.scope.GenericScope.destroy(GenericScope.java:136)
	at org.springframework.beans.factory.support.DisposableBeanAdapter.destroy(DisposableBeanAdapter.java:211)
	at org.springframework.beans.factory.support.DefaultSingletonBeanRegistry.destroyBean(DefaultSingletonBeanRegistry.java:587)
	at org.springframework.beans.factory.support.DefaultSingletonBeanRegistry.destroySingleton(DefaultSingletonBeanRegistry.java:559)
	at org.springframework.beans.factory.support.DefaultListableBeanFactory.destroySingleton(DefaultListableBeanFactory.java:1202)
	at org.springframework.beans.factory.support.DefaultSingletonBeanRegistry.destroySingletons(DefaultSingletonBeanRegistry.java:520)
	at org.springframework.beans.factory.support.DefaultListableBeanFactory.destroySingletons(DefaultListableBeanFactory.java:1195)
	at org.springframework.context.support.AbstractApplicationContext.destroyBeans(AbstractApplicationContext.java:1183)
	at org.springframework.context.support.AbstractApplicationContext.doClose(AbstractApplicationContext.java:1144)
	at org.springframework.boot.web.servlet.context.ServletWebServerApplicationContext.doClose(ServletWebServerApplicationContext.java:174)
	at org.springframework.context.support.AbstractApplicationContext.close(AbstractApplicationContext.java:1090)
	at org.springframework.boot.SpringApplicationShutdownHook.closeAndWait(SpringApplicationShutdownHook.java:145)
	at java.base/java.lang.Iterable.forEach(Iterable.java:75)
	at org.springframework.boot.SpringApplicationShutdownHook.run(SpringApplicationShutdownHook.java:114)
	at java.base/java.lang.Thread.run(Thread.java:1583)

2026-03-02T21:39:19.251+05:30  WARN 6956 --- [UserService] [SpringApplicationShutdownHook] [                                                 ] c.n.d.s.t.d.RetryableEurekaHttpClient    : Request execution failed with message: Connection pool shut down
2026-03-02T21:39:19.253+05:30 ERROR 6956 --- [UserService] [SpringApplicationShutdownHook] [                                                 ] com.netflix.discovery.DiscoveryClient    : DiscoveryClient_USERSERVICE/DESKTOP-ECRRR37.mshome.net:UserService:8081 - de-registration failedCannot execute request on any known server

com.netflix.discovery.shared.transport.TransportException: Cannot execute request on any known server
	at com.netflix.discovery.shared.transport.decorator.RetryableEurekaHttpClient.execute(RetryableEurekaHttpClient.java:112) ~[eureka-client-2.0.2.jar:2.0.2]
	at com.netflix.discovery.shared.transport.decorator.EurekaHttpClientDecorator.cancel(EurekaHttpClientDecorator.java:71) ~[eureka-client-2.0.2.jar:2.0.2]
	at com.netflix.discovery.shared.transport.decorator.EurekaHttpClientDecorator$2.execute(EurekaHttpClientDecorator.java:74) ~[eureka-client-2.0.2.jar:2.0.2]
	at com.netflix.discovery.shared.transport.decorator.SessionedEurekaHttpClient.execute(SessionedEurekaHttpClient.java:77) ~[eureka-client-2.0.2.jar:2.0.2]
	at com.netflix.discovery.shared.transport.decorator.EurekaHttpClientDecorator.cancel(EurekaHttpClientDecorator.java:71) ~[eureka-client-2.0.2.jar:2.0.2]
	at com.netflix.discovery.DiscoveryClient.unregister(DiscoveryClient.java:916) ~[eureka-client-2.0.2.jar:2.0.2]
	at com.netflix.discovery.DiscoveryClient.shutdown(DiscoveryClient.java:892) ~[eureka-client-2.0.2.jar:2.0.2]
	at java.base/jdk.internal.reflect.DirectMethodHandleAccessor.invoke(DirectMethodHandleAccessor.java:103) ~[na:na]
	at java.base/java.lang.reflect.Method.invoke(Method.java:580) ~[na:na]
	at org.springframework.beans.factory.annotation.InitDestroyAnnotationBeanPostProcessor$LifecycleMethod.invoke(InitDestroyAnnotationBeanPostProcessor.java:457) ~[spring-beans-6.1.3.jar:6.1.3]
	at org.springframework.beans.factory.annotation.InitDestroyAnnotationBeanPostProcessor$LifecycleMetadata.invokeDestroyMethods(InitDestroyAnnotationBeanPostProcessor.java:415) ~[spring-beans-6.1.3.jar:6.1.3]
	at org.springframework.beans.factory.annotation.InitDestroyAnnotationBeanPostProcessor.postProcessBeforeDestruction(InitDestroyAnnotationBeanPostProcessor.java:239) ~[spring-beans-6.1.3.jar:6.1.3]
	at org.springframework.beans.factory.support.DisposableBeanAdapter.destroy(DisposableBeanAdapter.java:202) ~[spring-beans-6.1.3.jar:6.1.3]
	at org.springframework.beans.factory.support.DisposableBeanAdapter.run(DisposableBeanAdapter.java:195) ~[spring-beans-6.1.3.jar:6.1.3]
	at org.springframework.cloud.context.scope.GenericScope$BeanLifecycleWrapper.destroy(GenericScope.java:389) ~[spring-cloud-context-4.1.2.jar:4.1.2]
	at org.springframework.cloud.context.scope.GenericScope.destroy(GenericScope.java:136) ~[spring-cloud-context-4.1.2.jar:4.1.2]
	at org.springframework.beans.factory.support.DisposableBeanAdapter.destroy(DisposableBeanAdapter.java:211) ~[spring-beans-6.1.3.jar:6.1.3]
	at org.springframework.beans.factory.support.DefaultSingletonBeanRegistry.destroyBean(DefaultSingletonBeanRegistry.java:587) ~[spring-beans-6.1.3.jar:6.1.3]
	at org.springframework.beans.factory.support.DefaultSingletonBeanRegistry.destroySingleton(DefaultSingletonBeanRegistry.java:559) ~[spring-beans-6.1.3.jar:6.1.3]
	at org.springframework.beans.factory.support.DefaultListableBeanFactory.destroySingleton(DefaultListableBeanFactory.java:1202) ~[spring-beans-6.1.3.jar:6.1.3]
	at org.springframework.beans.factory.support.DefaultSingletonBeanRegistry.destroySingletons(DefaultSingletonBeanRegistry.java:520) ~[spring-beans-6.1.3.jar:6.1.3]
	at org.springframework.beans.factory.support.DefaultListableBeanFactory.destroySingletons(DefaultListableBeanFactory.java:1195) ~[spring-beans-6.1.3.jar:6.1.3]
	at org.springframework.context.support.AbstractApplicationContext.destroyBeans(AbstractApplicationContext.java:1183) ~[spring-context-6.1.3.jar:6.1.3]
	at org.springframework.context.support.AbstractApplicationContext.doClose(AbstractApplicationContext.java:1144) ~[spring-context-6.1.3.jar:6.1.3]
	at org.springframework.boot.web.servlet.context.ServletWebServerApplicationContext.doClose(ServletWebServerApplicationContext.java:174) ~[spring-boot-3.2.2.jar:3.2.2]
	at org.springframework.context.support.AbstractApplicationContext.close(AbstractApplicationContext.java:1090) ~[spring-context-6.1.3.jar:6.1.3]
	at org.springframework.boot.SpringApplicationShutdownHook.closeAndWait(SpringApplicationShutdownHook.java:145) ~[spring-boot-3.2.2.jar:3.2.2]
	at java.base/java.lang.Iterable.forEach(Iterable.java:75) ~[na:na]
	at org.springframework.boot.SpringApplicationShutdownHook.run(SpringApplicationShutdownHook.java:114) ~[spring-boot-3.2.2.jar:3.2.2]
	at java.base/java.lang.Thread.run(Thread.java:1583) ~[na:na]

2026-03-02T21:39:19.574+05:30  INFO 6956 --- [UserService] [SpringApplicationShutdownHook] [                                                 ] com.netflix.discovery.DiscoveryClient    : Completed shut down of DiscoveryClient
