2026-02-22T11:05:30.338+05:30  INFO 1700 --- [productService] [main] [                                                 ] c.e.p.ProductServiceApplication          : Starting ProductServiceApplication using Java 21.0.2 with PID 1700 (D:\SpringBoot_Microservices\E_Commerece_Project_Backend\Microservices\Microservices_Project\ProductService\Product_Service\target\classes started by CH HEMANTH KUMAR in D:\SpringBoot_Microservices\E_Commerece_Project_Backend\Microservices)
2026-02-22T11:05:30.370+05:30  INFO 1700 --- [productService] [main] [                                                 ] c.e.p.ProductServiceApplication          : No active profile set, falling back to 1 default profile: "default"
2026-02-22T11:05:30.461+05:30  INFO 1700 --- [productService] [main] [                                                 ] o.s.c.c.c.ConfigServerConfigDataLoader   : Fetching config from server at : http://localhost:8888
2026-02-22T11:05:30.462+05:30  INFO 1700 --- [productService] [main] [                                                 ] o.s.c.c.c.ConfigServerConfigDataLoader   : Located environment: name=productService, profiles=[default], label=null, version=dd917610efe0706bc3bd8e7eadd118a818be148e, state=
2026-02-22T11:05:33.572+05:30  INFO 1700 --- [productService] [main] [                                                 ] .s.d.r.c.RepositoryConfigurationDelegate : Bootstrapping Spring Data JPA repositories in DEFAULT mode.
2026-02-22T11:05:33.817+05:30  INFO 1700 --- [productService] [main] [                                                 ] .s.d.r.c.RepositoryConfigurationDelegate : Finished Spring Data repository scanning in 233 ms. Found 2 JPA repository interfaces.
2026-02-22T11:05:34.340+05:30  INFO 1700 --- [productService] [main] [                                                 ] o.s.cloud.context.scope.GenericScope     : BeanFactory id=2e5581a4-d6d9-361e-86df-7de983268afc
2026-02-22T11:05:35.047+05:30  WARN 1700 --- [productService] [main] [                                                 ] trationDelegate$BeanPostProcessorChecker : Bean 'org.springframework.cloud.client.loadbalancer.LoadBalancerAutoConfiguration$DeferringLoadBalancerInterceptorConfig' of type [org.springframework.cloud.client.loadbalancer.LoadBalancerAutoConfiguration$DeferringLoadBalancerInterceptorConfig] is not eligible for getting processed by all BeanPostProcessors (for example: not eligible for auto-proxying). The currently created BeanPostProcessor [lbRestClientPostProcessor] is declared through a non-static factory method on that class; consider declaring it as static instead.
2026-02-22T11:05:35.053+05:30  WARN 1700 --- [productService] [main] [                                                 ] trationDelegate$BeanPostProcessorChecker : Bean 'deferringLoadBalancerInterceptor' of type [org.springframework.cloud.client.loadbalancer.DeferringLoadBalancerInterceptor] is not eligible for getting processed by all BeanPostProcessors (for example: not eligible for auto-proxying). Is this bean getting eagerly injected into a currently created BeanPostProcessor [lbRestClientPostProcessor]? Check the corresponding BeanPostProcessor declaration and its dependencies.
2026-02-22T11:05:35.946+05:30  INFO 1700 --- [productService] [main] [                                                 ] o.s.b.w.embedded.tomcat.TomcatWebServer  : Tomcat initialized with port 8082 (http)
2026-02-22T11:05:35.998+05:30  INFO 1700 --- [productService] [main] [                                                 ] o.apache.catalina.core.StandardService   : Starting service [Tomcat]
2026-02-22T11:05:35.999+05:30  INFO 1700 --- [productService] [main] [                                                 ] o.apache.catalina.core.StandardEngine    : Starting Servlet engine: [Apache Tomcat/10.1.18]
2026-02-22T11:05:36.143+05:30  INFO 1700 --- [productService] [main] [                                                 ] o.a.c.c.C.[Tomcat].[localhost].[/]       : Initializing Spring embedded WebApplicationContext
2026-02-22T11:05:36.143+05:30  INFO 1700 --- [productService] [main] [                                                 ] w.s.c.ServletWebServerApplicationContext : Root WebApplicationContext: initialization completed in 5675 ms
2026-02-22T11:05:37.698+05:30  INFO 1700 --- [productService] [main] [                                                 ] o.hibernate.jpa.internal.util.LogHelper  : HHH000204: Processing PersistenceUnitInfo [name: default]
2026-02-22T11:05:37.816+05:30  INFO 1700 --- [productService] [main] [                                                 ] org.hibernate.Version                    : HHH000412: Hibernate ORM core version 6.4.1.Final
2026-02-22T11:05:37.875+05:30  INFO 1700 --- [productService] [main] [                                                 ] o.h.c.internal.RegionFactoryInitiator    : HHH000026: Second-level cache disabled
2026-02-22T11:05:38.323+05:30  INFO 1700 --- [productService] [main] [                                                 ] o.s.o.j.p.SpringPersistenceUnitInfo      : No LoadTimeWeaver setup: ignoring JPA class transformer
2026-02-22T11:05:38.371+05:30  INFO 1700 --- [productService] [main] [                                                 ] com.zaxxer.hikari.HikariDataSource       : HikariPool-1 - Starting...
2026-02-22T11:05:38.718+05:30  INFO 1700 --- [productService] [main] [                                                 ] com.zaxxer.hikari.pool.HikariPool        : HikariPool-1 - Added connection org.postgresql.jdbc.PgConnection@71a7cf7c
2026-02-22T11:05:38.720+05:30  INFO 1700 --- [productService] [main] [                                                 ] com.zaxxer.hikari.HikariDataSource       : HikariPool-1 - Start completed.
2026-02-22T11:05:38.802+05:30  WARN 1700 --- [productService] [main] [                                                 ] org.hibernate.orm.deprecation            : HHH90000025: PostgreSQLDialect does not need to be specified explicitly using 'hibernate.dialect' (remove the property setting and it will be selected by default)
2026-02-22T11:05:40.252+05:30  INFO 1700 --- [productService] [main] [                                                 ] o.h.e.t.j.p.i.JtaPlatformInitiator       : HHH000489: No JTA platform available (set 'hibernate.transaction.jta.platform' to enable JTA platform integration)
2026-02-22T11:05:41.805+05:30  INFO 1700 --- [productService] [main] [                                                 ] j.LocalContainerEntityManagerFactoryBean : Initialized JPA EntityManagerFactory for persistence unit 'default'
2026-02-22T11:05:42.434+05:30  INFO 1700 --- [productService] [main] [                                                 ] o.s.d.j.r.query.QueryEnhancerFactory     : Hibernate is in classpath; If applicable, HQL parser will be used.
2026-02-22T11:05:43.654+05:30  WARN 1700 --- [productService] [main] [                                                 ] JpaBaseConfiguration$JpaWebConfiguration : spring.jpa.open-in-view is enabled by default. Therefore, database queries may be performed during view rendering. Explicitly configure spring.jpa.open-in-view to disable this warning
2026-02-22T11:05:45.463+05:30  INFO 1700 --- [productService] [main] [                                                 ] DiscoveryClientOptionalArgsConfiguration : Eureka HTTP Client uses RestTemplate.
2026-02-22T11:05:45.585+05:30  WARN 1700 --- [productService] [main] [                                                 ] iguration$LoadBalancerCaffeineWarnLogger : Spring Cloud LoadBalancer is currently working with the default cache. While this cache implementation is useful for development and tests, it's recommended to use Caffeine cache in production.You can switch to using Caffeine cache, by adding it and org.springframework.cache.caffeine.CaffeineCacheManager to the classpath.
2026-02-22T11:05:45.614+05:30  INFO 1700 --- [productService] [main] [                                                 ] o.s.b.a.e.web.EndpointLinksResolver      : Exposing 17 endpoint(s) beneath base path '/actuator'
2026-02-22T11:05:45.850+05:30  INFO 1700 --- [productService] [main] [                                                 ] o.s.c.n.eureka.InstanceInfoFactory       : Setting initial instance status as: STARTING
2026-02-22T11:05:46.127+05:30  INFO 1700 --- [productService] [main] [                                                 ] com.netflix.discovery.DiscoveryClient    : Initializing Eureka in region us-east-1
2026-02-22T11:05:46.133+05:30  INFO 1700 --- [productService] [main] [                                                 ] c.n.d.s.r.aws.ConfigClusterResolver      : Resolving eureka endpoints via configuration
2026-02-22T11:05:46.187+05:30  INFO 1700 --- [productService] [main] [                                                 ] com.netflix.discovery.DiscoveryClient    : Disable delta property : false
2026-02-22T11:05:46.187+05:30  INFO 1700 --- [productService] [main] [                                                 ] com.netflix.discovery.DiscoveryClient    : Single vip registry refresh property : null
2026-02-22T11:05:46.187+05:30  INFO 1700 --- [productService] [main] [                                                 ] com.netflix.discovery.DiscoveryClient    : Force full registry fetch : false
2026-02-22T11:05:46.187+05:30  INFO 1700 --- [productService] [main] [                                                 ] com.netflix.discovery.DiscoveryClient    : Application is null : false
2026-02-22T11:05:46.187+05:30  INFO 1700 --- [productService] [main] [                                                 ] com.netflix.discovery.DiscoveryClient    : Registered Applications size is zero : true
2026-02-22T11:05:46.187+05:30  INFO 1700 --- [productService] [main] [                                                 ] com.netflix.discovery.DiscoveryClient    : Application version is -1: true
2026-02-22T11:05:46.189+05:30  INFO 1700 --- [productService] [main] [                                                 ] com.netflix.discovery.DiscoveryClient    : Getting all instance registry info from the eureka server
2026-02-22T11:05:46.210+05:30 DEBUG 1700 --- [productService] [main] [                                                 ] o.s.web.client.RestTemplate              : HTTP GET http://localhost:8761/eureka/apps/
2026-02-22T11:05:46.284+05:30 DEBUG 1700 --- [productService] [main] [                                                 ] o.s.web.client.RestTemplate              : Accept=[application/json, application/*+json]
2026-02-22T11:05:46.397+05:30 DEBUG 1700 --- [productService] [main] [                                                 ] o.s.web.client.RestTemplate              : Response 200 OK
2026-02-22T11:05:46.401+05:30 DEBUG 1700 --- [productService] [main] [                                                 ] o.s.web.client.RestTemplate              : Reading to [org.springframework.cloud.netflix.eureka.http.EurekaApplications]
2026-02-22T11:05:46.451+05:30  INFO 1700 --- [productService] [main] [                                                 ] com.netflix.discovery.DiscoveryClient    : The response status is 200
2026-02-22T11:05:46.470+05:30  INFO 1700 --- [productService] [main] [                                                 ] com.netflix.discovery.DiscoveryClient    : Starting heartbeat executor: renew interval is: 30
2026-02-22T11:05:46.481+05:30  INFO 1700 --- [productService] [main] [                                                 ] c.n.discovery.InstanceInfoReplicator     : InstanceInfoReplicator onDemand update allowed rate per min is 4
2026-02-22T11:05:46.491+05:30  INFO 1700 --- [productService] [main] [                                                 ] com.netflix.discovery.DiscoveryClient    : Discovery Client initialized at timestamp 1771738546490 with initial instances count: 3
2026-02-22T11:05:46.500+05:30  INFO 1700 --- [productService] [main] [                                                 ] o.s.c.n.e.s.EurekaServiceRegistry        : Registering application PRODUCTSERVICE with eureka with status UP
2026-02-22T11:05:46.502+05:30  INFO 1700 --- [productService] [main] [                                                 ] com.netflix.discovery.DiscoveryClient    : Saw local status change event StatusChangeEvent [timestamp=1771738546502, current=UP, previous=STARTING]
2026-02-22T11:05:46.508+05:30  INFO 1700 --- [productService] [DiscoveryClient-InstanceInfoReplicator-0] [                                                 ] com.netflix.discovery.DiscoveryClient    : DiscoveryClient_PRODUCTSERVICE/DESKTOP-ECRRR37.mshome.net:productService:8082: registering service...
2026-02-22T11:05:46.519+05:30 DEBUG 1700 --- [productService] [DiscoveryClient-InstanceInfoReplicator-0] [                                                 ] o.s.web.client.RestTemplate              : HTTP POST http://localhost:8761/eureka/apps/PRODUCTSERVICE
2026-02-22T11:05:46.523+05:30 DEBUG 1700 --- [productService] [DiscoveryClient-InstanceInfoReplicator-0] [                                                 ] o.s.web.client.RestTemplate              : Accept=[application/json, application/*+json]
2026-02-22T11:05:46.555+05:30 DEBUG 1700 --- [productService] [DiscoveryClient-InstanceInfoReplicator-0] [                                                 ] o.s.web.client.RestTemplate              : Writing [InstanceInfo [instanceId = DESKTOP-ECRRR37.mshome.net:productService:8082, appName = PRODUCTSERVICE, hostName = 192.168.176.1, status = UP, ipAddr = 192.168.176.1, port = 8082, securePort = 443, dataCenterInfo = com.netflix.appinfo.MyDataCenterInfo@6e26d0b3] as "application/json"
2026-02-22T11:05:46.564+05:30  INFO 1700 --- [productService] [main] [                                                 ] o.s.b.w.embedded.tomcat.TomcatWebServer  : Tomcat started on port 8082 (http) with context path ''
2026-02-22T11:05:46.566+05:30  INFO 1700 --- [productService] [main] [                                                 ] .s.c.n.e.s.EurekaAutoServiceRegistration : Updating port to 8082
2026-02-22T11:05:46.621+05:30 DEBUG 1700 --- [productService] [DiscoveryClient-InstanceInfoReplicator-0] [                                                 ] o.s.web.client.RestTemplate              : Response 204 NO_CONTENT
2026-02-22T11:05:46.623+05:30  INFO 1700 --- [productService] [DiscoveryClient-InstanceInfoReplicator-0] [                                                 ] com.netflix.discovery.DiscoveryClient    : DiscoveryClient_PRODUCTSERVICE/DESKTOP-ECRRR37.mshome.net:productService:8082 - registration status: 204
2026-02-22T11:05:46.645+05:30  INFO 1700 --- [productService] [main] [                                                 ] c.e.p.ProductServiceApplication          : Started ProductServiceApplication in 20.122 seconds (process running for 22.845)
2026-02-22T11:06:16.476+05:30 DEBUG 1700 --- [productService] [DiscoveryClient-CacheRefreshExecutor-0] [                                                 ] o.s.web.client.RestTemplate              : HTTP GET http://localhost:8761/eureka/apps/delta
2026-02-22T11:06:16.477+05:30 DEBUG 1700 --- [productService] [DiscoveryClient-HeartbeatExecutor-0] [                                                 ] o.s.web.client.RestTemplate              : HTTP PUT http://localhost:8761/eureka/apps/PRODUCTSERVICE/DESKTOP-ECRRR37.mshome.net:productService:8082?status=UP&lastDirtyTimestamp=1771738546502
2026-02-22T11:06:16.477+05:30 DEBUG 1700 --- [productService] [DiscoveryClient-CacheRefreshExecutor-0] [                                                 ] o.s.web.client.RestTemplate              : Accept=[application/json, application/*+json]
2026-02-22T11:06:16.499+05:30 DEBUG 1700 --- [productService] [DiscoveryClient-CacheRefreshExecutor-0] [                                                 ] o.s.web.client.RestTemplate              : Response 200 OK
2026-02-22T11:06:16.500+05:30 DEBUG 1700 --- [productService] [DiscoveryClient-CacheRefreshExecutor-0] [                                                 ] o.s.web.client.RestTemplate              : Reading to [org.springframework.cloud.netflix.eureka.http.EurekaApplications]
2026-02-22T11:06:16.501+05:30 DEBUG 1700 --- [productService] [DiscoveryClient-HeartbeatExecutor-0] [                                                 ] o.s.web.client.RestTemplate              : Accept=[application/json, application/*+json]
2026-02-22T11:06:16.514+05:30 DEBUG 1700 --- [productService] [DiscoveryClient-HeartbeatExecutor-0] [                                                 ] o.s.web.client.RestTemplate              : Response 200 OK
2026-02-22T11:06:46.519+05:30 DEBUG 1700 --- [productService] [DiscoveryClient-HeartbeatExecutor-0] [                                                 ] o.s.web.client.RestTemplate              : HTTP PUT http://localhost:8761/eureka/apps/PRODUCTSERVICE/DESKTOP-ECRRR37.mshome.net:productService:8082?status=UP&lastDirtyTimestamp=1771738546502
2026-02-22T11:06:46.519+05:30 DEBUG 1700 --- [productService] [DiscoveryClient-CacheRefreshExecutor-0] [                                                 ] o.s.web.client.RestTemplate              : HTTP GET http://localhost:8761/eureka/apps/delta
2026-02-22T11:06:46.520+05:30 DEBUG 1700 --- [productService] [DiscoveryClient-CacheRefreshExecutor-0] [                                                 ] o.s.web.client.RestTemplate              : Accept=[application/json, application/*+json]
2026-02-22T11:06:46.520+05:30 DEBUG 1700 --- [productService] [DiscoveryClient-HeartbeatExecutor-0] [                                                 ] o.s.web.client.RestTemplate              : Accept=[application/json, application/*+json]
2026-02-22T11:06:46.825+05:30 DEBUG 1700 --- [productService] [DiscoveryClient-HeartbeatExecutor-0] [                                                 ] o.s.web.client.RestTemplate              : Response 200 OK
2026-02-22T11:06:47.814+05:30 DEBUG 1700 --- [productService] [DiscoveryClient-CacheRefreshExecutor-0] [                                                 ] o.s.web.client.RestTemplate              : Response 200 OK
2026-02-22T11:06:47.816+05:30 DEBUG 1700 --- [productService] [DiscoveryClient-CacheRefreshExecutor-0] [                                                 ] o.s.web.client.RestTemplate              : Reading to [org.springframework.cloud.netflix.eureka.http.EurekaApplications]
2026-02-22T11:07:16.829+05:30 DEBUG 1700 --- [productService] [DiscoveryClient-HeartbeatExecutor-0] [                                                 ] o.s.web.client.RestTemplate              : HTTP PUT http://localhost:8761/eureka/apps/PRODUCTSERVICE/DESKTOP-ECRRR37.mshome.net:productService:8082?status=UP&lastDirtyTimestamp=1771738546502
2026-02-22T11:07:16.830+05:30 DEBUG 1700 --- [productService] [DiscoveryClient-HeartbeatExecutor-0] [                                                 ] o.s.web.client.RestTemplate              : Accept=[application/json, application/*+json]
2026-02-22T11:07:16.848+05:30 DEBUG 1700 --- [productService] [DiscoveryClient-HeartbeatExecutor-0] [                                                 ] o.s.web.client.RestTemplate              : Response 200 OK
2026-02-22T11:07:17.825+05:30 DEBUG 1700 --- [productService] [DiscoveryClient-CacheRefreshExecutor-0] [                                                 ] o.s.web.client.RestTemplate              : HTTP GET http://localhost:8761/eureka/apps/delta
2026-02-22T11:07:17.825+05:30 DEBUG 1700 --- [productService] [DiscoveryClient-CacheRefreshExecutor-0] [                                                 ] o.s.web.client.RestTemplate              : Accept=[application/json, application/*+json]
2026-02-22T11:07:17.829+05:30 DEBUG 1700 --- [productService] [DiscoveryClient-CacheRefreshExecutor-0] [                                                 ] o.s.web.client.RestTemplate              : Response 200 OK
2026-02-22T11:07:17.831+05:30 DEBUG 1700 --- [productService] [DiscoveryClient-CacheRefreshExecutor-0] [                                                 ] o.s.web.client.RestTemplate              : Reading to [org.springframework.cloud.netflix.eureka.http.EurekaApplications]
2026-02-22T11:07:47.302+05:30 DEBUG 1700 --- [productService] [DiscoveryClient-HeartbeatExecutor-0] [                                                 ] o.s.web.client.RestTemplate              : HTTP PUT http://localhost:8761/eureka/apps/PRODUCTSERVICE/DESKTOP-ECRRR37.mshome.net:productService:8082?status=UP&lastDirtyTimestamp=1771738546502
2026-02-22T11:07:47.409+05:30 DEBUG 1700 --- [productService] [DiscoveryClient-HeartbeatExecutor-0] [                                                 ] o.s.web.client.RestTemplate              : Accept=[application/json, application/*+json]
2026-02-22T11:07:47.837+05:30 DEBUG 1700 --- [productService] [DiscoveryClient-CacheRefreshExecutor-0] [                                                 ] o.s.web.client.RestTemplate              : HTTP GET http://localhost:8761/eureka/apps/delta
2026-02-22T11:07:47.837+05:30 DEBUG 1700 --- [productService] [DiscoveryClient-CacheRefreshExecutor-0] [                                                 ] o.s.web.client.RestTemplate              : Accept=[application/json, application/*+json]
2026-02-22T11:07:49.438+05:30 DEBUG 1700 --- [productService] [DiscoveryClient-HeartbeatExecutor-0] [                                                 ] o.s.web.client.RestTemplate              : Response 200 OK
2026-02-22T11:07:49.468+05:30 DEBUG 1700 --- [productService] [DiscoveryClient-CacheRefreshExecutor-0] [                                                 ] o.s.web.client.RestTemplate              : Response 200 OK
2026-02-22T11:07:49.468+05:30 DEBUG 1700 --- [productService] [DiscoveryClient-CacheRefreshExecutor-0] [                                                 ] o.s.web.client.RestTemplate              : Reading to [org.springframework.cloud.netflix.eureka.http.EurekaApplications]
2026-02-22T11:08:19.886+05:30 DEBUG 1700 --- [productService] [DiscoveryClient-CacheRefreshExecutor-0] [                                                 ] o.s.web.client.RestTemplate              : HTTP GET http://localhost:8761/eureka/apps/delta
2026-02-22T11:08:19.970+05:30 DEBUG 1700 --- [productService] [DiscoveryClient-CacheRefreshExecutor-0] [                                                 ] o.s.web.client.RestTemplate              : Accept=[application/json, application/*+json]
2026-02-22T11:08:20.077+05:30 DEBUG 1700 --- [productService] [DiscoveryClient-HeartbeatExecutor-0] [                                                 ] o.s.web.client.RestTemplate              : HTTP PUT http://localhost:8761/eureka/apps/PRODUCTSERVICE/DESKTOP-ECRRR37.mshome.net:productService:8082?status=UP&lastDirtyTimestamp=1771738546502
2026-02-22T11:08:20.078+05:30 DEBUG 1700 --- [productService] [DiscoveryClient-HeartbeatExecutor-0] [                                                 ] o.s.web.client.RestTemplate              : Accept=[application/json, application/*+json]
2026-02-22T11:08:20.115+05:30 DEBUG 1700 --- [productService] [DiscoveryClient-HeartbeatExecutor-0] [                                                 ] o.s.web.client.RestTemplate              : Response 200 OK
2026-02-22T11:08:20.136+05:30 DEBUG 1700 --- [productService] [DiscoveryClient-CacheRefreshExecutor-0] [                                                 ] o.s.web.client.RestTemplate              : Response 200 OK
2026-02-22T11:08:20.138+05:30 DEBUG 1700 --- [productService] [DiscoveryClient-CacheRefreshExecutor-0] [                                                 ] o.s.web.client.RestTemplate              : Reading to [org.springframework.cloud.netflix.eureka.http.EurekaApplications]
2026-02-22T11:08:50.320+05:30 DEBUG 1700 --- [productService] [DiscoveryClient-CacheRefreshExecutor-0] [                                                 ] o.s.web.client.RestTemplate              : HTTP GET http://localhost:8761/eureka/apps/delta
2026-02-22T11:08:50.318+05:30 DEBUG 1700 --- [productService] [DiscoveryClient-HeartbeatExecutor-0] [                                                 ] o.s.web.client.RestTemplate              : HTTP PUT http://localhost:8761/eureka/apps/PRODUCTSERVICE/DESKTOP-ECRRR37.mshome.net:productService:8082?status=UP&lastDirtyTimestamp=1771738546502
2026-02-22T11:08:50.337+05:30 DEBUG 1700 --- [productService] [DiscoveryClient-CacheRefreshExecutor-0] [                                                 ] o.s.web.client.RestTemplate              : Accept=[application/json, application/*+json]
2026-02-22T11:08:50.337+05:30 DEBUG 1700 --- [productService] [DiscoveryClient-HeartbeatExecutor-0] [                                                 ] o.s.web.client.RestTemplate              : Accept=[application/json, application/*+json]
2026-02-22T11:08:50.388+05:30 DEBUG 1700 --- [productService] [DiscoveryClient-CacheRefreshExecutor-0] [                                                 ] o.s.web.client.RestTemplate              : Response 200 OK
2026-02-22T11:08:50.391+05:30 DEBUG 1700 --- [productService] [DiscoveryClient-CacheRefreshExecutor-0] [                                                 ] o.s.web.client.RestTemplate              : Reading to [org.springframework.cloud.netflix.eureka.http.EurekaApplications]
2026-02-22T11:08:50.429+05:30 DEBUG 1700 --- [productService] [DiscoveryClient-HeartbeatExecutor-0] [                                                 ] o.s.web.client.RestTemplate              : Response 200 OK
2026-02-22T11:09:07.790+05:30  INFO 1700 --- [productService] [http-nio-8082-exec-4] [                                                 ] o.a.c.c.C.[Tomcat].[localhost].[/]       : Initializing Spring DispatcherServlet 'dispatcherServlet'
2026-02-22T11:09:07.802+05:30  INFO 1700 --- [productService] [http-nio-8082-exec-4] [                                                 ] o.s.web.servlet.DispatcherServlet        : Initializing Servlet 'dispatcherServlet'
2026-02-22T11:09:07.949+05:30  INFO 1700 --- [productService] [http-nio-8082-exec-4] [                                                 ] o.s.web.servlet.DispatcherServlet        : Completed initialization in 144 ms
2026-02-22T11:09:10.451+05:30 DEBUG 1700 --- [productService] [AsyncReporter{org.springframework.boot.actuate.autoconfigure.tracing.zipkin.ZipkinRestTemplateSender@3516b881}] [                                                 ] o.s.web.client.RestTemplate              : HTTP POST http://localhost:9411/api/v2/spans
2026-02-22T11:09:10.455+05:30 DEBUG 1700 --- [productService] [AsyncReporter{org.springframework.boot.actuate.autoconfigure.tracing.zipkin.ZipkinRestTemplateSender@3516b881}] [                                                 ] o.s.web.client.RestTemplate              : Accept=[application/json, application/*+json]
2026-02-22T11:09:10.456+05:30 DEBUG 1700 --- [productService] [AsyncReporter{org.springframework.boot.actuate.autoconfigure.tracing.zipkin.ZipkinRestTemplateSender@3516b881}] [                                                 ] o.s.web.client.RestTemplate              : Writing [[B@1eaa0c7] as "application/json"
2026-02-22T11:09:10.533+05:30 DEBUG 1700 --- [productService] [AsyncReporter{org.springframework.boot.actuate.autoconfigure.tracing.zipkin.ZipkinRestTemplateSender@3516b881}] [                                                 ] o.s.web.client.RestTemplate              : Response 202 ACCEPTED
2026-02-22T11:09:11.546+05:30 DEBUG 1700 --- [productService] [AsyncReporter{org.springframework.boot.actuate.autoconfigure.tracing.zipkin.ZipkinRestTemplateSender@3516b881}] [                                                 ] o.s.web.client.RestTemplate              : HTTP POST http://localhost:9411/api/v2/spans
2026-02-22T11:09:11.547+05:30 DEBUG 1700 --- [productService] [AsyncReporter{org.springframework.boot.actuate.autoconfigure.tracing.zipkin.ZipkinRestTemplateSender@3516b881}] [                                                 ] o.s.web.client.RestTemplate              : Accept=[application/json, application/*+json]
2026-02-22T11:09:11.548+05:30 DEBUG 1700 --- [productService] [AsyncReporter{org.springframework.boot.actuate.autoconfigure.tracing.zipkin.ZipkinRestTemplateSender@3516b881}] [                                                 ] o.s.web.client.RestTemplate              : Writing [[B@1e66668e] as "application/json"
2026-02-22T11:09:11.560+05:30 DEBUG 1700 --- [productService] [AsyncReporter{org.springframework.boot.actuate.autoconfigure.tracing.zipkin.ZipkinRestTemplateSender@3516b881}] [                                                 ] o.s.web.client.RestTemplate              : Response 202 ACCEPTED
2026-02-22T11:09:20.484+05:30 DEBUG 1700 --- [productService] [DiscoveryClient-HeartbeatExecutor-0] [                                                 ] o.s.web.client.RestTemplate              : HTTP PUT http://localhost:8761/eureka/apps/PRODUCTSERVICE/DESKTOP-ECRRR37.mshome.net:productService:8082?status=UP&lastDirtyTimestamp=1771738546502
2026-02-22T11:09:20.485+05:30 DEBUG 1700 --- [productService] [DiscoveryClient-HeartbeatExecutor-0] [                                                 ] o.s.web.client.RestTemplate              : Accept=[application/json, application/*+json]
2026-02-22T11:09:20.503+05:30 DEBUG 1700 --- [productService] [DiscoveryClient-HeartbeatExecutor-0] [                                                 ] o.s.web.client.RestTemplate              : Response 200 OK
2026-02-22T11:09:20.562+05:30 DEBUG 1700 --- [productService] [DiscoveryClient-CacheRefreshExecutor-0] [                                                 ] o.s.web.client.RestTemplate              : HTTP GET http://localhost:8761/eureka/apps/delta
2026-02-22T11:09:20.562+05:30 DEBUG 1700 --- [productService] [DiscoveryClient-CacheRefreshExecutor-0] [                                                 ] o.s.web.client.RestTemplate              : Accept=[application/json, application/*+json]
2026-02-22T11:09:20.566+05:30 DEBUG 1700 --- [productService] [DiscoveryClient-CacheRefreshExecutor-0] [                                                 ] o.s.web.client.RestTemplate              : Response 200 OK
2026-02-22T11:09:20.567+05:30 DEBUG 1700 --- [productService] [DiscoveryClient-CacheRefreshExecutor-0] [                                                 ] o.s.web.client.RestTemplate              : Reading to [org.springframework.cloud.netflix.eureka.http.EurekaApplications]
2026-02-22T11:09:22.672+05:30 DEBUG 1700 --- [productService] [AsyncReporter{org.springframework.boot.actuate.autoconfigure.tracing.zipkin.ZipkinRestTemplateSender@3516b881}] [                                                 ] o.s.web.client.RestTemplate              : HTTP POST http://localhost:9411/api/v2/spans
2026-02-22T11:09:22.672+05:30 DEBUG 1700 --- [productService] [AsyncReporter{org.springframework.boot.actuate.autoconfigure.tracing.zipkin.ZipkinRestTemplateSender@3516b881}] [                                                 ] o.s.web.client.RestTemplate              : Accept=[application/json, application/*+json]
2026-02-22T11:09:22.673+05:30 DEBUG 1700 --- [productService] [AsyncReporter{org.springframework.boot.actuate.autoconfigure.tracing.zipkin.ZipkinRestTemplateSender@3516b881}] [                                                 ] o.s.web.client.RestTemplate              : Writing [[B@4970ef19] as "application/json"
2026-02-22T11:09:22.697+05:30 DEBUG 1700 --- [productService] [AsyncReporter{org.springframework.boot.actuate.autoconfigure.tracing.zipkin.ZipkinRestTemplateSender@3516b881}] [                                                 ] o.s.web.client.RestTemplate              : Response 202 ACCEPTED
2026-02-22T11:09:23.700+05:30 DEBUG 1700 --- [productService] [AsyncReporter{org.springframework.boot.actuate.autoconfigure.tracing.zipkin.ZipkinRestTemplateSender@3516b881}] [                                                 ] o.s.web.client.RestTemplate              : HTTP POST http://localhost:9411/api/v2/spans
2026-02-22T11:09:23.701+05:30 DEBUG 1700 --- [productService] [AsyncReporter{org.springframework.boot.actuate.autoconfigure.tracing.zipkin.ZipkinRestTemplateSender@3516b881}] [                                                 ] o.s.web.client.RestTemplate              : Accept=[application/json, application/*+json]
2026-02-22T11:09:23.701+05:30 DEBUG 1700 --- [productService] [AsyncReporter{org.springframework.boot.actuate.autoconfigure.tracing.zipkin.ZipkinRestTemplateSender@3516b881}] [                                                 ] o.s.web.client.RestTemplate              : Writing [[B@46d34ddc] as "application/json"
2026-02-22T11:09:23.712+05:30 DEBUG 1700 --- [productService] [AsyncReporter{org.springframework.boot.actuate.autoconfigure.tracing.zipkin.ZipkinRestTemplateSender@3516b881}] [                                                 ] o.s.web.client.RestTemplate              : Response 202 ACCEPTED
2026-02-22T11:09:50.532+05:30 DEBUG 1700 --- [productService] [DiscoveryClient-HeartbeatExecutor-0] [                                                 ] o.s.web.client.RestTemplate              : HTTP PUT http://localhost:8761/eureka/apps/PRODUCTSERVICE/DESKTOP-ECRRR37.mshome.net:productService:8082?status=UP&lastDirtyTimestamp=1771738546502
2026-02-22T11:09:50.579+05:30 DEBUG 1700 --- [productService] [DiscoveryClient-CacheRefreshExecutor-0] [                                                 ] o.s.web.client.RestTemplate              : HTTP GET http://localhost:8761/eureka/apps/delta
2026-02-22T11:09:50.583+05:30 DEBUG 1700 --- [productService] [DiscoveryClient-HeartbeatExecutor-0] [                                                 ] o.s.web.client.RestTemplate              : Accept=[application/json, application/*+json]
2026-02-22T11:09:50.590+05:30 DEBUG 1700 --- [productService] [DiscoveryClient-CacheRefreshExecutor-0] [                                                 ] o.s.web.client.RestTemplate              : Accept=[application/json, application/*+json]
2026-02-22T11:09:50.654+05:30 DEBUG 1700 --- [productService] [DiscoveryClient-HeartbeatExecutor-0] [                                                 ] o.s.web.client.RestTemplate              : Response 200 OK
2026-02-22T11:09:50.674+05:30 DEBUG 1700 --- [productService] [DiscoveryClient-CacheRefreshExecutor-0] [                                                 ] o.s.web.client.RestTemplate              : Response 200 OK
2026-02-22T11:09:50.676+05:30 DEBUG 1700 --- [productService] [DiscoveryClient-CacheRefreshExecutor-0] [                                                 ] o.s.web.client.RestTemplate              : Reading to [org.springframework.cloud.netflix.eureka.http.EurekaApplications]
2026-02-22T11:10:20.692+05:30 DEBUG 1700 --- [productService] [DiscoveryClient-HeartbeatExecutor-0] [                                                 ] o.s.web.client.RestTemplate              : HTTP PUT http://localhost:8761/eureka/apps/PRODUCTSERVICE/DESKTOP-ECRRR37.mshome.net:productService:8082?status=UP&lastDirtyTimestamp=1771738546502
2026-02-22T11:10:20.693+05:30 DEBUG 1700 --- [productService] [DiscoveryClient-HeartbeatExecutor-0] [                                                 ] o.s.web.client.RestTemplate              : Accept=[application/json, application/*+json]
2026-02-22T11:10:20.703+05:30 DEBUG 1700 --- [productService] [DiscoveryClient-CacheRefreshExecutor-0] [                                                 ] o.s.web.client.RestTemplate              : HTTP GET http://localhost:8761/eureka/apps/delta
2026-02-22T11:10:20.703+05:30 DEBUG 1700 --- [productService] [DiscoveryClient-CacheRefreshExecutor-0] [                                                 ] o.s.web.client.RestTemplate              : Accept=[application/json, application/*+json]
2026-02-22T11:10:20.706+05:30 DEBUG 1700 --- [productService] [DiscoveryClient-HeartbeatExecutor-0] [                                                 ] o.s.web.client.RestTemplate              : Response 200 OK
2026-02-22T11:10:20.723+05:30 DEBUG 1700 --- [productService] [DiscoveryClient-CacheRefreshExecutor-0] [                                                 ] o.s.web.client.RestTemplate              : Response 200 OK
2026-02-22T11:10:20.724+05:30 DEBUG 1700 --- [productService] [DiscoveryClient-CacheRefreshExecutor-0] [                                                 ] o.s.web.client.RestTemplate              : Reading to [org.springframework.cloud.netflix.eureka.http.EurekaApplications]
2026-02-22T11:10:36.400+05:30 DEBUG 1700 --- [productService] [AsyncReporter{org.springframework.boot.actuate.autoconfigure.tracing.zipkin.ZipkinRestTemplateSender@3516b881}] [                                                 ] o.s.web.client.RestTemplate              : HTTP POST http://localhost:9411/api/v2/spans
2026-02-22T11:10:36.402+05:30 DEBUG 1700 --- [productService] [AsyncReporter{org.springframework.boot.actuate.autoconfigure.tracing.zipkin.ZipkinRestTemplateSender@3516b881}] [                                                 ] o.s.web.client.RestTemplate              : Accept=[application/json, application/*+json]
2026-02-22T11:10:36.402+05:30 DEBUG 1700 --- [productService] [AsyncReporter{org.springframework.boot.actuate.autoconfigure.tracing.zipkin.ZipkinRestTemplateSender@3516b881}] [                                                 ] o.s.web.client.RestTemplate              : Writing [[B@1edec885] as "application/json"
2026-02-22T11:10:36.424+05:30 DEBUG 1700 --- [productService] [AsyncReporter{org.springframework.boot.actuate.autoconfigure.tracing.zipkin.ZipkinRestTemplateSender@3516b881}] [                                                 ] o.s.web.client.RestTemplate              : Response 202 ACCEPTED
2026-02-22T11:10:46.206+05:30  INFO 1700 --- [productService] [AsyncResolver-bootstrap-executor-0] [                                                 ] c.n.d.s.r.aws.ConfigClusterResolver      : Resolving eureka endpoints via configuration
2026-02-22T11:10:50.714+05:30 DEBUG 1700 --- [productService] [DiscoveryClient-HeartbeatExecutor-0] [                                                 ] o.s.web.client.RestTemplate              : HTTP PUT http://localhost:8761/eureka/apps/PRODUCTSERVICE/DESKTOP-ECRRR37.mshome.net:productService:8082?status=UP&lastDirtyTimestamp=1771738546502
2026-02-22T11:10:50.716+05:30 DEBUG 1700 --- [productService] [DiscoveryClient-HeartbeatExecutor-0] [                                                 ] o.s.web.client.RestTemplate              : Accept=[application/json, application/*+json]
2026-02-22T11:10:50.729+05:30 DEBUG 1700 --- [productService] [DiscoveryClient-CacheRefreshExecutor-0] [                                                 ] o.s.web.client.RestTemplate              : HTTP GET http://localhost:8761/eureka/apps/delta
2026-02-22T11:10:50.730+05:30 DEBUG 1700 --- [productService] [DiscoveryClient-CacheRefreshExecutor-0] [                                                 ] o.s.web.client.RestTemplate              : Accept=[application/json, application/*+json]
2026-02-22T11:10:50.734+05:30 DEBUG 1700 --- [productService] [DiscoveryClient-HeartbeatExecutor-0] [                                                 ] o.s.web.client.RestTemplate              : Response 200 OK
2026-02-22T11:10:50.750+05:30 DEBUG 1700 --- [productService] [DiscoveryClient-CacheRefreshExecutor-0] [                                                 ] o.s.web.client.RestTemplate              : Response 200 OK
2026-02-22T11:10:50.750+05:30 DEBUG 1700 --- [productService] [DiscoveryClient-CacheRefreshExecutor-0] [                                                 ] o.s.web.client.RestTemplate              : Reading to [org.springframework.cloud.netflix.eureka.http.EurekaApplications]
2026-02-22T11:10:51.569+05:30 DEBUG 1700 --- [productService] [AsyncReporter{org.springframework.boot.actuate.autoconfigure.tracing.zipkin.ZipkinRestTemplateSender@3516b881}] [                                                 ] o.s.web.client.RestTemplate              : HTTP POST http://localhost:9411/api/v2/spans
2026-02-22T11:10:51.569+05:30 DEBUG 1700 --- [productService] [AsyncReporter{org.springframework.boot.actuate.autoconfigure.tracing.zipkin.ZipkinRestTemplateSender@3516b881}] [                                                 ] o.s.web.client.RestTemplate              : Accept=[application/json, application/*+json]
2026-02-22T11:10:51.570+05:30 DEBUG 1700 --- [productService] [AsyncReporter{org.springframework.boot.actuate.autoconfigure.tracing.zipkin.ZipkinRestTemplateSender@3516b881}] [                                                 ] o.s.web.client.RestTemplate              : Writing [[B@33219fc6] as "application/json"
2026-02-22T11:10:51.587+05:30 DEBUG 1700 --- [productService] [AsyncReporter{org.springframework.boot.actuate.autoconfigure.tracing.zipkin.ZipkinRestTemplateSender@3516b881}] [                                                 ] o.s.web.client.RestTemplate              : Response 202 ACCEPTED
2026-02-22T11:11:04.698+05:30 DEBUG 1700 --- [productService] [AsyncReporter{org.springframework.boot.actuate.autoconfigure.tracing.zipkin.ZipkinRestTemplateSender@3516b881}] [                                                 ] o.s.web.client.RestTemplate              : HTTP POST http://localhost:9411/api/v2/spans
2026-02-22T11:11:04.699+05:30 DEBUG 1700 --- [productService] [AsyncReporter{org.springframework.boot.actuate.autoconfigure.tracing.zipkin.ZipkinRestTemplateSender@3516b881}] [                                                 ] o.s.web.client.RestTemplate              : Accept=[application/json, application/*+json]
2026-02-22T11:11:04.700+05:30 DEBUG 1700 --- [productService] [AsyncReporter{org.springframework.boot.actuate.autoconfigure.tracing.zipkin.ZipkinRestTemplateSender@3516b881}] [                                                 ] o.s.web.client.RestTemplate              : Writing [[B@7d67b69c] as "application/json"
2026-02-22T11:11:04.717+05:30 DEBUG 1700 --- [productService] [AsyncReporter{org.springframework.boot.actuate.autoconfigure.tracing.zipkin.ZipkinRestTemplateSender@3516b881}] [                                                 ] o.s.web.client.RestTemplate              : Response 202 ACCEPTED
2026-02-22T11:11:06.744+05:30 DEBUG 1700 --- [productService] [AsyncReporter{org.springframework.boot.actuate.autoconfigure.tracing.zipkin.ZipkinRestTemplateSender@3516b881}] [                                                 ] o.s.web.client.RestTemplate              : HTTP POST http://localhost:9411/api/v2/spans
2026-02-22T11:11:06.744+05:30 DEBUG 1700 --- [productService] [AsyncReporter{org.springframework.boot.actuate.autoconfigure.tracing.zipkin.ZipkinRestTemplateSender@3516b881}] [                                                 ] o.s.web.client.RestTemplate              : Accept=[application/json, application/*+json]
2026-02-22T11:11:06.744+05:30 DEBUG 1700 --- [productService] [AsyncReporter{org.springframework.boot.actuate.autoconfigure.tracing.zipkin.ZipkinRestTemplateSender@3516b881}] [                                                 ] o.s.web.client.RestTemplate              : Writing [[B@2186a941] as "application/json"
2026-02-22T11:11:06.770+05:30 DEBUG 1700 --- [productService] [AsyncReporter{org.springframework.boot.actuate.autoconfigure.tracing.zipkin.ZipkinRestTemplateSender@3516b881}] [                                                 ] o.s.web.client.RestTemplate              : Response 202 ACCEPTED
2026-02-22T11:11:20.814+05:30 DEBUG 1700 --- [productService] [DiscoveryClient-CacheRefreshExecutor-0] [                                                 ] o.s.web.client.RestTemplate              : HTTP GET http://localhost:8761/eureka/apps/delta
2026-02-22T11:11:20.887+05:30 DEBUG 1700 --- [productService] [DiscoveryClient-HeartbeatExecutor-0] [                                                 ] o.s.web.client.RestTemplate              : HTTP PUT http://localhost:8761/eureka/apps/PRODUCTSERVICE/DESKTOP-ECRRR37.mshome.net:productService:8082?status=UP&lastDirtyTimestamp=1771738546502
2026-02-22T11:11:20.889+05:30 DEBUG 1700 --- [productService] [DiscoveryClient-HeartbeatExecutor-0] [                                                 ] o.s.web.client.RestTemplate              : Accept=[application/json, application/*+json]
2026-02-22T11:11:21.104+05:30 DEBUG 1700 --- [productService] [DiscoveryClient-HeartbeatExecutor-0] [                                                 ] o.s.web.client.RestTemplate              : Response 200 OK
2026-02-22T11:11:21.116+05:30 DEBUG 1700 --- [productService] [DiscoveryClient-CacheRefreshExecutor-0] [                                                 ] o.s.web.client.RestTemplate              : Accept=[application/json, application/*+json]
2026-02-22T11:11:21.174+05:30 DEBUG 1700 --- [productService] [DiscoveryClient-CacheRefreshExecutor-0] [                                                 ] o.s.web.client.RestTemplate              : Response 200 OK
2026-02-22T11:11:21.176+05:30 DEBUG 1700 --- [productService] [DiscoveryClient-CacheRefreshExecutor-0] [                                                 ] o.s.web.client.RestTemplate              : Reading to [org.springframework.cloud.netflix.eureka.http.EurekaApplications]
2026-02-22T11:11:51.122+05:30 DEBUG 1700 --- [productService] [DiscoveryClient-HeartbeatExecutor-0] [                                                 ] o.s.web.client.RestTemplate              : HTTP PUT http://localhost:8761/eureka/apps/PRODUCTSERVICE/DESKTOP-ECRRR37.mshome.net:productService:8082?status=UP&lastDirtyTimestamp=1771738546502
2026-02-22T11:11:51.289+05:30 DEBUG 1700 --- [productService] [DiscoveryClient-HeartbeatExecutor-0] [                                                 ] o.s.web.client.RestTemplate              : Accept=[application/json, application/*+json]
2026-02-22T11:11:51.320+05:30 DEBUG 1700 --- [productService] [DiscoveryClient-CacheRefreshExecutor-0] [                                                 ] o.s.web.client.RestTemplate              : HTTP GET http://localhost:8761/eureka/apps/delta
2026-02-22T11:11:51.321+05:30 DEBUG 1700 --- [productService] [DiscoveryClient-CacheRefreshExecutor-0] [                                                 ] o.s.web.client.RestTemplate              : Accept=[application/json, application/*+json]
2026-02-22T11:11:51.519+05:30 DEBUG 1700 --- [productService] [DiscoveryClient-HeartbeatExecutor-0] [                                                 ] o.s.web.client.RestTemplate              : Response 200 OK
2026-02-22T11:11:51.548+05:30 DEBUG 1700 --- [productService] [DiscoveryClient-CacheRefreshExecutor-0] [                                                 ] o.s.web.client.RestTemplate              : Response 200 OK
2026-02-22T11:11:51.548+05:30 DEBUG 1700 --- [productService] [DiscoveryClient-CacheRefreshExecutor-0] [                                                 ] o.s.web.client.RestTemplate              : Reading to [org.springframework.cloud.netflix.eureka.http.EurekaApplications]
2026-02-22T11:12:21.553+05:30 DEBUG 1700 --- [productService] [DiscoveryClient-HeartbeatExecutor-0] [                                                 ] o.s.web.client.RestTemplate              : HTTP PUT http://localhost:8761/eureka/apps/PRODUCTSERVICE/DESKTOP-ECRRR37.mshome.net:productService:8082?status=UP&lastDirtyTimestamp=1771738546502
2026-02-22T11:12:21.573+05:30 DEBUG 1700 --- [productService] [DiscoveryClient-HeartbeatExecutor-0] [                                                 ] o.s.web.client.RestTemplate              : Accept=[application/json, application/*+json]
2026-02-22T11:12:21.588+05:30 DEBUG 1700 --- [productService] [DiscoveryClient-CacheRefreshExecutor-0] [                                                 ] o.s.web.client.RestTemplate              : HTTP GET http://localhost:8761/eureka/apps/delta
2026-02-22T11:12:21.588+05:30 DEBUG 1700 --- [productService] [DiscoveryClient-CacheRefreshExecutor-0] [                                                 ] o.s.web.client.RestTemplate              : Accept=[application/json, application/*+json]
2026-02-22T11:12:21.626+05:30 DEBUG 1700 --- [productService] [DiscoveryClient-CacheRefreshExecutor-0] [                                                 ] o.s.web.client.RestTemplate              : Response 200 OK
2026-02-22T11:12:21.671+05:30 DEBUG 1700 --- [productService] [DiscoveryClient-CacheRefreshExecutor-0] [                                                 ] o.s.web.client.RestTemplate              : Reading to [org.springframework.cloud.netflix.eureka.http.EurekaApplications]
2026-02-22T11:12:21.689+05:30 DEBUG 1700 --- [productService] [DiscoveryClient-HeartbeatExecutor-0] [                                                 ] o.s.web.client.RestTemplate              : Response 200 OK
2026-02-22T11:12:52.366+05:30 DEBUG 1700 --- [productService] [DiscoveryClient-HeartbeatExecutor-0] [                                                 ] o.s.web.client.RestTemplate              : HTTP PUT http://localhost:8761/eureka/apps/PRODUCTSERVICE/DESKTOP-ECRRR37.mshome.net:productService:8082?status=UP&lastDirtyTimestamp=1771738546502
2026-02-22T11:12:52.366+05:30 DEBUG 1700 --- [productService] [DiscoveryClient-CacheRefreshExecutor-0] [                                                 ] o.s.web.client.RestTemplate              : HTTP GET http://localhost:8761/eureka/apps/delta
2026-02-22T11:12:52.657+05:30 DEBUG 1700 --- [productService] [DiscoveryClient-CacheRefreshExecutor-0] [                                                 ] o.s.web.client.RestTemplate              : Accept=[application/json, application/*+json]
2026-02-22T11:12:52.657+05:30 DEBUG 1700 --- [productService] [DiscoveryClient-HeartbeatExecutor-0] [                                                 ] o.s.web.client.RestTemplate              : Accept=[application/json, application/*+json]
2026-02-22T11:12:53.755+05:30 DEBUG 1700 --- [productService] [DiscoveryClient-HeartbeatExecutor-0] [                                                 ] o.s.web.client.RestTemplate              : Response 200 OK
2026-02-22T11:12:54.146+05:30 DEBUG 1700 --- [productService] [DiscoveryClient-CacheRefreshExecutor-0] [                                                 ] o.s.web.client.RestTemplate              : Response 200 OK
2026-02-22T11:12:54.342+05:30 DEBUG 1700 --- [productService] [DiscoveryClient-CacheRefreshExecutor-0] [                                                 ] o.s.web.client.RestTemplate              : Reading to [org.springframework.cloud.netflix.eureka.http.EurekaApplications]
2026-02-22T11:13:23.784+05:30 DEBUG 1700 --- [productService] [DiscoveryClient-HeartbeatExecutor-0] [                                                 ] o.s.web.client.RestTemplate              : HTTP PUT http://localhost:8761/eureka/apps/PRODUCTSERVICE/DESKTOP-ECRRR37.mshome.net:productService:8082?status=UP&lastDirtyTimestamp=1771738546502
2026-02-22T11:13:23.786+05:30 DEBUG 1700 --- [productService] [DiscoveryClient-HeartbeatExecutor-0] [                                                 ] o.s.web.client.RestTemplate              : Accept=[application/json, application/*+json]
2026-02-22T11:13:23.810+05:30 DEBUG 1700 --- [productService] [DiscoveryClient-HeartbeatExecutor-0] [                                                 ] o.s.web.client.RestTemplate              : Response 200 OK
2026-02-22T11:13:24.433+05:30 DEBUG 1700 --- [productService] [DiscoveryClient-CacheRefreshExecutor-0] [                                                 ] o.s.web.client.RestTemplate              : HTTP GET http://localhost:8761/eureka/apps/delta
2026-02-22T11:13:24.433+05:30 DEBUG 1700 --- [productService] [DiscoveryClient-CacheRefreshExecutor-0] [                                                 ] o.s.web.client.RestTemplate              : Accept=[application/json, application/*+json]
2026-02-22T11:13:24.438+05:30 DEBUG 1700 --- [productService] [DiscoveryClient-CacheRefreshExecutor-0] [                                                 ] o.s.web.client.RestTemplate              : Response 200 OK
2026-02-22T11:13:24.438+05:30 DEBUG 1700 --- [productService] [DiscoveryClient-CacheRefreshExecutor-0] [                                                 ] o.s.web.client.RestTemplate              : Reading to [org.springframework.cloud.netflix.eureka.http.EurekaApplications]
2026-02-22T11:13:53.822+05:30 DEBUG 1700 --- [productService] [DiscoveryClient-HeartbeatExecutor-0] [                                                 ] o.s.web.client.RestTemplate              : HTTP PUT http://localhost:8761/eureka/apps/PRODUCTSERVICE/DESKTOP-ECRRR37.mshome.net:productService:8082?status=UP&lastDirtyTimestamp=1771738546502
2026-02-22T11:13:53.823+05:30 DEBUG 1700 --- [productService] [DiscoveryClient-HeartbeatExecutor-0] [                                                 ] o.s.web.client.RestTemplate              : Accept=[application/json, application/*+json]
2026-02-22T11:13:54.513+05:30 DEBUG 1700 --- [productService] [DiscoveryClient-CacheRefreshExecutor-0] [                                                 ] o.s.web.client.RestTemplate              : HTTP GET http://localhost:8761/eureka/apps/delta
2026-02-22T11:13:54.514+05:30 DEBUG 1700 --- [productService] [DiscoveryClient-CacheRefreshExecutor-0] [                                                 ] o.s.web.client.RestTemplate              : Accept=[application/json, application/*+json]
2026-02-22T11:13:54.868+05:30 DEBUG 1700 --- [productService] [DiscoveryClient-HeartbeatExecutor-0] [                                                 ] o.s.web.client.RestTemplate              : Response 200 OK
2026-02-22T11:13:55.222+05:30 DEBUG 1700 --- [productService] [DiscoveryClient-CacheRefreshExecutor-0] [                                                 ] o.s.web.client.RestTemplate              : Response 200 OK
2026-02-22T11:13:55.222+05:30 DEBUG 1700 --- [productService] [DiscoveryClient-CacheRefreshExecutor-0] [                                                 ] o.s.web.client.RestTemplate              : Reading to [org.springframework.cloud.netflix.eureka.http.EurekaApplications]
2026-02-22T11:14:25.203+05:30 DEBUG 1700 --- [productService] [DiscoveryClient-HeartbeatExecutor-0] [                                                 ] o.s.web.client.RestTemplate              : HTTP PUT http://localhost:8761/eureka/apps/PRODUCTSERVICE/DESKTOP-ECRRR37.mshome.net:productService:8082?status=UP&lastDirtyTimestamp=1771738546502
2026-02-22T11:14:25.230+05:30 DEBUG 1700 --- [productService] [DiscoveryClient-CacheRefreshExecutor-0] [                                                 ] o.s.web.client.RestTemplate              : HTTP GET http://localhost:8761/eureka/apps/delta
2026-02-22T11:14:25.230+05:30 DEBUG 1700 --- [productService] [DiscoveryClient-CacheRefreshExecutor-0] [                                                 ] o.s.web.client.RestTemplate              : Accept=[application/json, application/*+json]
2026-02-22T11:14:25.205+05:30 DEBUG 1700 --- [productService] [DiscoveryClient-HeartbeatExecutor-0] [                                                 ] o.s.web.client.RestTemplate              : Accept=[application/json, application/*+json]
2026-02-22T11:14:26.125+05:30 DEBUG 1700 --- [productService] [DiscoveryClient-CacheRefreshExecutor-0] [                                                 ] o.s.web.client.RestTemplate              : Response 200 OK
2026-02-22T11:14:26.014+05:30 DEBUG 1700 --- [productService] [DiscoveryClient-HeartbeatExecutor-0] [                                                 ] o.s.web.client.RestTemplate              : Response 200 OK
2026-02-22T11:14:26.784+05:30 DEBUG 1700 --- [productService] [DiscoveryClient-CacheRefreshExecutor-0] [                                                 ] o.s.web.client.RestTemplate              : Reading to [org.springframework.cloud.netflix.eureka.http.EurekaApplications]
2026-02-22T11:14:56.157+05:30 DEBUG 1700 --- [productService] [DiscoveryClient-HeartbeatExecutor-0] [                                                 ] o.s.web.client.RestTemplate              : HTTP PUT http://localhost:8761/eureka/apps/PRODUCTSERVICE/DESKTOP-ECRRR37.mshome.net:productService:8082?status=UP&lastDirtyTimestamp=1771738546502
2026-02-22T11:14:56.161+05:30 DEBUG 1700 --- [productService] [DiscoveryClient-HeartbeatExecutor-0] [                                                 ] o.s.web.client.RestTemplate              : Accept=[application/json, application/*+json]
2026-02-22T11:14:56.176+05:30 DEBUG 1700 --- [productService] [DiscoveryClient-HeartbeatExecutor-0] [                                                 ] o.s.web.client.RestTemplate              : Response 200 OK
2026-02-22T11:14:57.155+05:30 DEBUG 1700 --- [productService] [DiscoveryClient-CacheRefreshExecutor-0] [                                                 ] o.s.web.client.RestTemplate              : HTTP GET http://localhost:8761/eureka/apps/delta
2026-02-22T11:14:57.156+05:30 DEBUG 1700 --- [productService] [DiscoveryClient-CacheRefreshExecutor-0] [                                                 ] o.s.web.client.RestTemplate              : Accept=[application/json, application/*+json]
2026-02-22T11:14:57.165+05:30 DEBUG 1700 --- [productService] [DiscoveryClient-CacheRefreshExecutor-0] [                                                 ] o.s.web.client.RestTemplate              : Response 200 OK
2026-02-22T11:14:57.168+05:30 DEBUG 1700 --- [productService] [DiscoveryClient-CacheRefreshExecutor-0] [                                                 ] o.s.web.client.RestTemplate              : Reading to [org.springframework.cloud.netflix.eureka.http.EurekaApplications]
2026-02-22T11:15:10.329+05:30 DEBUG 1700 --- [productService] [AsyncReporter{org.springframework.boot.actuate.autoconfigure.tracing.zipkin.ZipkinRestTemplateSender@3516b881}] [                                                 ] o.s.web.client.RestTemplate              : HTTP POST http://localhost:9411/api/v2/spans
2026-02-22T11:15:10.346+05:30 DEBUG 1700 --- [productService] [AsyncReporter{org.springframework.boot.actuate.autoconfigure.tracing.zipkin.ZipkinRestTemplateSender@3516b881}] [                                                 ] o.s.web.client.RestTemplate              : Accept=[application/json, application/*+json]
2026-02-22T11:15:10.347+05:30 DEBUG 1700 --- [productService] [AsyncReporter{org.springframework.boot.actuate.autoconfigure.tracing.zipkin.ZipkinRestTemplateSender@3516b881}] [                                                 ] o.s.web.client.RestTemplate              : Writing [[B@4974d714] as "application/json"
2026-02-22T11:15:10.371+05:30 DEBUG 1700 --- [productService] [AsyncReporter{org.springframework.boot.actuate.autoconfigure.tracing.zipkin.ZipkinRestTemplateSender@3516b881}] [                                                 ] o.s.web.client.RestTemplate              : Response 202 ACCEPTED
2026-02-22T11:15:26.423+05:30 DEBUG 1700 --- [productService] [DiscoveryClient-HeartbeatExecutor-0] [                                                 ] o.s.web.client.RestTemplate              : HTTP PUT http://localhost:8761/eureka/apps/PRODUCTSERVICE/DESKTOP-ECRRR37.mshome.net:productService:8082?status=UP&lastDirtyTimestamp=1771738546502
2026-02-22T11:15:26.424+05:30 DEBUG 1700 --- [productService] [DiscoveryClient-HeartbeatExecutor-0] [                                                 ] o.s.web.client.RestTemplate              : Accept=[application/json, application/*+json]
2026-02-22T11:15:27.188+05:30 DEBUG 1700 --- [productService] [DiscoveryClient-CacheRefreshExecutor-0] [                                                 ] o.s.web.client.RestTemplate              : HTTP GET http://localhost:8761/eureka/apps/delta
2026-02-22T11:15:27.777+05:30 DEBUG 1700 --- [productService] [DiscoveryClient-CacheRefreshExecutor-0] [                                                 ] o.s.web.client.RestTemplate              : Accept=[application/json, application/*+json]
2026-02-22T11:15:28.108+05:30 DEBUG 1700 --- [productService] [DiscoveryClient-CacheRefreshExecutor-0] [                                                 ] o.s.web.client.RestTemplate              : Response 200 OK
2026-02-22T11:15:28.548+05:30 DEBUG 1700 --- [productService] [DiscoveryClient-CacheRefreshExecutor-0] [                                                 ] o.s.web.client.RestTemplate              : Reading to [org.springframework.cloud.netflix.eureka.http.EurekaApplications]
2026-02-22T11:15:29.271+05:30 DEBUG 1700 --- [productService] [DiscoveryClient-HeartbeatExecutor-0] [                                                 ] o.s.web.client.RestTemplate              : Response 200 OK
2026-02-22T11:15:34.602+05:30 DEBUG 1700 --- [productService] [AsyncReporter{org.springframework.boot.actuate.autoconfigure.tracing.zipkin.ZipkinRestTemplateSender@3516b881}] [                                                 ] o.s.web.client.RestTemplate              : HTTP POST http://localhost:9411/api/v2/spans
2026-02-22T11:15:34.604+05:30 DEBUG 1700 --- [productService] [AsyncReporter{org.springframework.boot.actuate.autoconfigure.tracing.zipkin.ZipkinRestTemplateSender@3516b881}] [                                                 ] o.s.web.client.RestTemplate              : Accept=[application/json, application/*+json]
2026-02-22T11:15:34.605+05:30 DEBUG 1700 --- [productService] [AsyncReporter{org.springframework.boot.actuate.autoconfigure.tracing.zipkin.ZipkinRestTemplateSender@3516b881}] [                                                 ] o.s.web.client.RestTemplate              : Writing [[B@3607254b] as "application/json"
2026-02-22T11:15:34.629+05:30 DEBUG 1700 --- [productService] [AsyncReporter{org.springframework.boot.actuate.autoconfigure.tracing.zipkin.ZipkinRestTemplateSender@3516b881}] [                                                 ] o.s.web.client.RestTemplate              : Response 202 ACCEPTED
2026-02-22T11:15:43.714+05:30 DEBUG 1700 --- [productService] [AsyncReporter{org.springframework.boot.actuate.autoconfigure.tracing.zipkin.ZipkinRestTemplateSender@3516b881}] [                                                 ] o.s.web.client.RestTemplate              : HTTP POST http://localhost:9411/api/v2/spans
2026-02-22T11:15:43.717+05:30 DEBUG 1700 --- [productService] [AsyncReporter{org.springframework.boot.actuate.autoconfigure.tracing.zipkin.ZipkinRestTemplateSender@3516b881}] [                                                 ] o.s.web.client.RestTemplate              : Accept=[application/json, application/*+json]
2026-02-22T11:15:43.718+05:30 DEBUG 1700 --- [productService] [AsyncReporter{org.springframework.boot.actuate.autoconfigure.tracing.zipkin.ZipkinRestTemplateSender@3516b881}] [                                                 ] o.s.web.client.RestTemplate              : Writing [[B@22df4e6b] as "application/json"
2026-02-22T11:15:43.746+05:30 DEBUG 1700 --- [productService] [AsyncReporter{org.springframework.boot.actuate.autoconfigure.tracing.zipkin.ZipkinRestTemplateSender@3516b881}] [                                                 ] o.s.web.client.RestTemplate              : Response 202 ACCEPTED
2026-02-22T11:15:46.682+05:30  INFO 1700 --- [productService] [AsyncResolver-bootstrap-executor-0] [                                                 ] c.n.d.s.r.aws.ConfigClusterResolver      : Resolving eureka endpoints via configuration
2026-02-22T11:15:51.813+05:30 DEBUG 1700 --- [productService] [AsyncReporter{org.springframework.boot.actuate.autoconfigure.tracing.zipkin.ZipkinRestTemplateSender@3516b881}] [                                                 ] o.s.web.client.RestTemplate              : HTTP POST http://localhost:9411/api/v2/spans
2026-02-22T11:15:51.815+05:30 DEBUG 1700 --- [productService] [AsyncReporter{org.springframework.boot.actuate.autoconfigure.tracing.zipkin.ZipkinRestTemplateSender@3516b881}] [                                                 ] o.s.web.client.RestTemplate              : Accept=[application/json, application/*+json]
2026-02-22T11:15:51.815+05:30 DEBUG 1700 --- [productService] [AsyncReporter{org.springframework.boot.actuate.autoconfigure.tracing.zipkin.ZipkinRestTemplateSender@3516b881}] [                                                 ] o.s.web.client.RestTemplate              : Writing [[B@4dfcf153] as "application/json"
2026-02-22T11:15:51.834+05:30 DEBUG 1700 --- [productService] [AsyncReporter{org.springframework.boot.actuate.autoconfigure.tracing.zipkin.ZipkinRestTemplateSender@3516b881}] [                                                 ] o.s.web.client.RestTemplate              : Response 202 ACCEPTED
2026-02-22T11:15:58.835+05:30 DEBUG 1700 --- [productService] [DiscoveryClient-CacheRefreshExecutor-0] [                                                 ] o.s.web.client.RestTemplate              : HTTP GET http://localhost:8761/eureka/apps/delta
2026-02-22T11:15:58.836+05:30 DEBUG 1700 --- [productService] [DiscoveryClient-CacheRefreshExecutor-0] [                                                 ] o.s.web.client.RestTemplate              : Accept=[application/json, application/*+json]
2026-02-22T11:15:58.854+05:30 DEBUG 1700 --- [productService] [DiscoveryClient-CacheRefreshExecutor-0] [                                                 ] o.s.web.client.RestTemplate              : Response 200 OK
2026-02-22T11:15:58.854+05:30 DEBUG 1700 --- [productService] [DiscoveryClient-CacheRefreshExecutor-0] [                                                 ] o.s.web.client.RestTemplate              : Reading to [org.springframework.cloud.netflix.eureka.http.EurekaApplications]
2026-02-22T11:15:59.742+05:30 DEBUG 1700 --- [productService] [DiscoveryClient-HeartbeatExecutor-0] [                                                 ] o.s.web.client.RestTemplate              : HTTP PUT http://localhost:8761/eureka/apps/PRODUCTSERVICE/DESKTOP-ECRRR37.mshome.net:productService:8082?status=UP&lastDirtyTimestamp=1771738546502
2026-02-22T11:15:59.976+05:30 DEBUG 1700 --- [productService] [DiscoveryClient-HeartbeatExecutor-0] [                                                 ] o.s.web.client.RestTemplate              : Accept=[application/json, application/*+json]
2026-02-22T11:15:59.985+05:30 DEBUG 1700 --- [productService] [DiscoveryClient-HeartbeatExecutor-0] [                                                 ] o.s.web.client.RestTemplate              : Response 200 OK
2026-02-22T11:16:28.863+05:30 DEBUG 1700 --- [productService] [DiscoveryClient-CacheRefreshExecutor-0] [                                                 ] o.s.web.client.RestTemplate              : HTTP GET http://localhost:8761/eureka/apps/delta
2026-02-22T11:16:28.864+05:30 DEBUG 1700 --- [productService] [DiscoveryClient-CacheRefreshExecutor-0] [                                                 ] o.s.web.client.RestTemplate              : Accept=[application/json, application/*+json]
2026-02-22T11:16:28.882+05:30 DEBUG 1700 --- [productService] [DiscoveryClient-CacheRefreshExecutor-0] [                                                 ] o.s.web.client.RestTemplate              : Response 200 OK
2026-02-22T11:16:28.882+05:30 DEBUG 1700 --- [productService] [DiscoveryClient-CacheRefreshExecutor-0] [                                                 ] o.s.web.client.RestTemplate              : Reading to [org.springframework.cloud.netflix.eureka.http.EurekaApplications]
2026-02-22T11:16:29.996+05:30 DEBUG 1700 --- [productService] [DiscoveryClient-HeartbeatExecutor-0] [                                                 ] o.s.web.client.RestTemplate              : HTTP PUT http://localhost:8761/eureka/apps/PRODUCTSERVICE/DESKTOP-ECRRR37.mshome.net:productService:8082?status=UP&lastDirtyTimestamp=1771738546502
2026-02-22T11:16:30.002+05:30 DEBUG 1700 --- [productService] [DiscoveryClient-HeartbeatExecutor-0] [                                                 ] o.s.web.client.RestTemplate              : Accept=[application/json, application/*+json]
2026-02-22T11:16:30.017+05:30 DEBUG 1700 --- [productService] [DiscoveryClient-HeartbeatExecutor-0] [                                                 ] o.s.web.client.RestTemplate              : Response 200 OK
2026-02-22T11:16:56.407+05:30 DEBUG 1700 --- [productService] [AsyncReporter{org.springframework.boot.actuate.autoconfigure.tracing.zipkin.ZipkinRestTemplateSender@3516b881}] [                                                 ] o.s.web.client.RestTemplate              : HTTP POST http://localhost:9411/api/v2/spans
2026-02-22T11:16:56.409+05:30 DEBUG 1700 --- [productService] [AsyncReporter{org.springframework.boot.actuate.autoconfigure.tracing.zipkin.ZipkinRestTemplateSender@3516b881}] [                                                 ] o.s.web.client.RestTemplate              : Accept=[application/json, application/*+json]
2026-02-22T11:16:56.409+05:30 DEBUG 1700 --- [productService] [AsyncReporter{org.springframework.boot.actuate.autoconfigure.tracing.zipkin.ZipkinRestTemplateSender@3516b881}] [                                                 ] o.s.web.client.RestTemplate              : Writing [[B@1ec93889] as "application/json"
2026-02-22T11:16:56.428+05:30 DEBUG 1700 --- [productService] [AsyncReporter{org.springframework.boot.actuate.autoconfigure.tracing.zipkin.ZipkinRestTemplateSender@3516b881}] [                                                 ] o.s.web.client.RestTemplate              : Response 202 ACCEPTED
2026-02-22T11:16:58.889+05:30 DEBUG 1700 --- [productService] [DiscoveryClient-CacheRefreshExecutor-0] [                                                 ] o.s.web.client.RestTemplate              : HTTP GET http://localhost:8761/eureka/apps/delta
2026-02-22T11:16:58.890+05:30 DEBUG 1700 --- [productService] [DiscoveryClient-CacheRefreshExecutor-0] [                                                 ] o.s.web.client.RestTemplate              : Accept=[application/json, application/*+json]
2026-02-22T11:16:58.909+05:30 DEBUG 1700 --- [productService] [DiscoveryClient-CacheRefreshExecutor-0] [                                                 ] o.s.web.client.RestTemplate              : Response 200 OK
2026-02-22T11:16:58.909+05:30 DEBUG 1700 --- [productService] [DiscoveryClient-CacheRefreshExecutor-0] [                                                 ] o.s.web.client.RestTemplate              : Reading to [org.springframework.cloud.netflix.eureka.http.EurekaApplications]
2026-02-22T11:17:00.030+05:30 DEBUG 1700 --- [productService] [DiscoveryClient-HeartbeatExecutor-0] [                                                 ] o.s.web.client.RestTemplate              : HTTP PUT http://localhost:8761/eureka/apps/PRODUCTSERVICE/DESKTOP-ECRRR37.mshome.net:productService:8082?status=UP&lastDirtyTimestamp=1771738546502
2026-02-22T11:17:00.031+05:30 DEBUG 1700 --- [productService] [DiscoveryClient-HeartbeatExecutor-0] [                                                 ] o.s.web.client.RestTemplate              : Accept=[application/json, application/*+json]
2026-02-22T11:17:00.040+05:30 DEBUG 1700 --- [productService] [DiscoveryClient-HeartbeatExecutor-0] [                                                 ] o.s.web.client.RestTemplate              : Response 200 OK
2026-02-22T11:17:03.521+05:30 DEBUG 1700 --- [productService] [AsyncReporter{org.springframework.boot.actuate.autoconfigure.tracing.zipkin.ZipkinRestTemplateSender@3516b881}] [                                                 ] o.s.web.client.RestTemplate              : HTTP POST http://localhost:9411/api/v2/spans
2026-02-22T11:17:03.522+05:30 DEBUG 1700 --- [productService] [AsyncReporter{org.springframework.boot.actuate.autoconfigure.tracing.zipkin.ZipkinRestTemplateSender@3516b881}] [                                                 ] o.s.web.client.RestTemplate              : Accept=[application/json, application/*+json]
2026-02-22T11:17:03.524+05:30 DEBUG 1700 --- [productService] [AsyncReporter{org.springframework.boot.actuate.autoconfigure.tracing.zipkin.ZipkinRestTemplateSender@3516b881}] [                                                 ] o.s.web.client.RestTemplate              : Writing [[B@11eb6b66] as "application/json"
2026-02-22T11:17:03.546+05:30 DEBUG 1700 --- [productService] [AsyncReporter{org.springframework.boot.actuate.autoconfigure.tracing.zipkin.ZipkinRestTemplateSender@3516b881}] [                                                 ] o.s.web.client.RestTemplate              : Response 202 ACCEPTED
2026-02-22T11:17:10.622+05:30 DEBUG 1700 --- [productService] [AsyncReporter{org.springframework.boot.actuate.autoconfigure.tracing.zipkin.ZipkinRestTemplateSender@3516b881}] [                                                 ] o.s.web.client.RestTemplate              : HTTP POST http://localhost:9411/api/v2/spans
2026-02-22T11:17:10.623+05:30 DEBUG 1700 --- [productService] [AsyncReporter{org.springframework.boot.actuate.autoconfigure.tracing.zipkin.ZipkinRestTemplateSender@3516b881}] [                                                 ] o.s.web.client.RestTemplate              : Accept=[application/json, application/*+json]
2026-02-22T11:17:10.624+05:30 DEBUG 1700 --- [productService] [AsyncReporter{org.springframework.boot.actuate.autoconfigure.tracing.zipkin.ZipkinRestTemplateSender@3516b881}] [                                                 ] o.s.web.client.RestTemplate              : Writing [[B@499fd326] as "application/json"
2026-02-22T11:17:10.656+05:30 DEBUG 1700 --- [productService] [AsyncReporter{org.springframework.boot.actuate.autoconfigure.tracing.zipkin.ZipkinRestTemplateSender@3516b881}] [                                                 ] o.s.web.client.RestTemplate              : Response 202 ACCEPTED
2026-02-22T11:17:17.721+05:30 DEBUG 1700 --- [productService] [AsyncReporter{org.springframework.boot.actuate.autoconfigure.tracing.zipkin.ZipkinRestTemplateSender@3516b881}] [                                                 ] o.s.web.client.RestTemplate              : HTTP POST http://localhost:9411/api/v2/spans
2026-02-22T11:17:17.721+05:30 DEBUG 1700 --- [productService] [AsyncReporter{org.springframework.boot.actuate.autoconfigure.tracing.zipkin.ZipkinRestTemplateSender@3516b881}] [                                                 ] o.s.web.client.RestTemplate              : Accept=[application/json, application/*+json]
2026-02-22T11:17:17.722+05:30 DEBUG 1700 --- [productService] [AsyncReporter{org.springframework.boot.actuate.autoconfigure.tracing.zipkin.ZipkinRestTemplateSender@3516b881}] [                                                 ] o.s.web.client.RestTemplate              : Writing [[B@63c3d52f] as "application/json"
2026-02-22T11:17:17.744+05:30 DEBUG 1700 --- [productService] [AsyncReporter{org.springframework.boot.actuate.autoconfigure.tracing.zipkin.ZipkinRestTemplateSender@3516b881}] [                                                 ] o.s.web.client.RestTemplate              : Response 202 ACCEPTED
2026-02-22T11:17:24.817+05:30 DEBUG 1700 --- [productService] [AsyncReporter{org.springframework.boot.actuate.autoconfigure.tracing.zipkin.ZipkinRestTemplateSender@3516b881}] [                                                 ] o.s.web.client.RestTemplate              : HTTP POST http://localhost:9411/api/v2/spans
2026-02-22T11:17:24.818+05:30 DEBUG 1700 --- [productService] [AsyncReporter{org.springframework.boot.actuate.autoconfigure.tracing.zipkin.ZipkinRestTemplateSender@3516b881}] [                                                 ] o.s.web.client.RestTemplate              : Accept=[application/json, application/*+json]
2026-02-22T11:17:24.819+05:30 DEBUG 1700 --- [productService] [AsyncReporter{org.springframework.boot.actuate.autoconfigure.tracing.zipkin.ZipkinRestTemplateSender@3516b881}] [                                                 ] o.s.web.client.RestTemplate              : Writing [[B@3499b4ae] as "application/json"
2026-02-22T11:17:24.872+05:30 DEBUG 1700 --- [productService] [AsyncReporter{org.springframework.boot.actuate.autoconfigure.tracing.zipkin.ZipkinRestTemplateSender@3516b881}] [                                                 ] o.s.web.client.RestTemplate              : Response 202 ACCEPTED
2026-02-22T11:17:28.922+05:30 DEBUG 1700 --- [productService] [DiscoveryClient-CacheRefreshExecutor-0] [                                                 ] o.s.web.client.RestTemplate              : HTTP GET http://localhost:8761/eureka/apps/delta
2026-02-22T11:17:28.924+05:30 DEBUG 1700 --- [productService] [DiscoveryClient-CacheRefreshExecutor-0] [                                                 ] o.s.web.client.RestTemplate              : Accept=[application/json, application/*+json]
2026-02-22T11:17:28.943+05:30 DEBUG 1700 --- [productService] [DiscoveryClient-CacheRefreshExecutor-0] [                                                 ] o.s.web.client.RestTemplate              : Response 200 OK
2026-02-22T11:17:28.945+05:30 DEBUG 1700 --- [productService] [DiscoveryClient-CacheRefreshExecutor-0] [                                                 ] o.s.web.client.RestTemplate              : Reading to [org.springframework.cloud.netflix.eureka.http.EurekaApplications]
2026-02-22T11:17:30.056+05:30 DEBUG 1700 --- [productService] [DiscoveryClient-HeartbeatExecutor-0] [                                                 ] o.s.web.client.RestTemplate              : HTTP PUT http://localhost:8761/eureka/apps/PRODUCTSERVICE/DESKTOP-ECRRR37.mshome.net:productService:8082?status=UP&lastDirtyTimestamp=1771738546502
2026-02-22T11:17:30.057+05:30 DEBUG 1700 --- [productService] [DiscoveryClient-HeartbeatExecutor-0] [                                                 ] o.s.web.client.RestTemplate              : Accept=[application/json, application/*+json]
2026-02-22T11:17:30.061+05:30 DEBUG 1700 --- [productService] [DiscoveryClient-HeartbeatExecutor-0] [                                                 ] o.s.web.client.RestTemplate              : Response 200 OK
2026-02-22T11:17:58.957+05:30 DEBUG 1700 --- [productService] [DiscoveryClient-CacheRefreshExecutor-0] [                                                 ] o.s.web.client.RestTemplate              : HTTP GET http://localhost:8761/eureka/apps/delta
2026-02-22T11:17:58.964+05:30 DEBUG 1700 --- [productService] [DiscoveryClient-CacheRefreshExecutor-0] [                                                 ] o.s.web.client.RestTemplate              : Accept=[application/json, application/*+json]
2026-02-22T11:17:58.974+05:30 DEBUG 1700 --- [productService] [DiscoveryClient-CacheRefreshExecutor-0] [                                                 ] o.s.web.client.RestTemplate              : Response 200 OK
2026-02-22T11:17:58.975+05:30 DEBUG 1700 --- [productService] [DiscoveryClient-CacheRefreshExecutor-0] [                                                 ] o.s.web.client.RestTemplate              : Reading to [org.springframework.cloud.netflix.eureka.http.EurekaApplications]
2026-02-22T11:18:00.064+05:30 DEBUG 1700 --- [productService] [DiscoveryClient-HeartbeatExecutor-0] [                                                 ] o.s.web.client.RestTemplate              : HTTP PUT http://localhost:8761/eureka/apps/PRODUCTSERVICE/DESKTOP-ECRRR37.mshome.net:productService:8082?status=UP&lastDirtyTimestamp=1771738546502
2026-02-22T11:18:00.065+05:30 DEBUG 1700 --- [productService] [DiscoveryClient-HeartbeatExecutor-0] [                                                 ] o.s.web.client.RestTemplate              : Accept=[application/json, application/*+json]
2026-02-22T11:18:00.070+05:30 DEBUG 1700 --- [productService] [DiscoveryClient-HeartbeatExecutor-0] [                                                 ] o.s.web.client.RestTemplate              : Response 200 OK
2026-02-22T11:18:29.001+05:30 DEBUG 1700 --- [productService] [DiscoveryClient-CacheRefreshExecutor-0] [                                                 ] o.s.web.client.RestTemplate              : HTTP GET http://localhost:8761/eureka/apps/delta
2026-02-22T11:18:29.004+05:30 DEBUG 1700 --- [productService] [DiscoveryClient-CacheRefreshExecutor-0] [                                                 ] o.s.web.client.RestTemplate              : Accept=[application/json, application/*+json]
2026-02-22T11:18:29.023+05:30 DEBUG 1700 --- [productService] [DiscoveryClient-CacheRefreshExecutor-0] [                                                 ] o.s.web.client.RestTemplate              : Response 200 OK
2026-02-22T11:18:29.023+05:30 DEBUG 1700 --- [productService] [DiscoveryClient-CacheRefreshExecutor-0] [                                                 ] o.s.web.client.RestTemplate              : Reading to [org.springframework.cloud.netflix.eureka.http.EurekaApplications]
2026-02-22T11:18:30.084+05:30 DEBUG 1700 --- [productService] [DiscoveryClient-HeartbeatExecutor-0] [                                                 ] o.s.web.client.RestTemplate              : HTTP PUT http://localhost:8761/eureka/apps/PRODUCTSERVICE/DESKTOP-ECRRR37.mshome.net:productService:8082?status=UP&lastDirtyTimestamp=1771738546502
2026-02-22T11:18:30.084+05:30 DEBUG 1700 --- [productService] [DiscoveryClient-HeartbeatExecutor-0] [                                                 ] o.s.web.client.RestTemplate              : Accept=[application/json, application/*+json]
2026-02-22T11:18:30.089+05:30 DEBUG 1700 --- [productService] [DiscoveryClient-HeartbeatExecutor-0] [                                                 ] o.s.web.client.RestTemplate              : Response 200 OK
2026-02-22T11:18:59.192+05:30 DEBUG 1700 --- [productService] [DiscoveryClient-CacheRefreshExecutor-0] [                                                 ] o.s.web.client.RestTemplate              : HTTP GET http://localhost:8761/eureka/apps/delta
2026-02-22T11:18:59.473+05:30 DEBUG 1700 --- [productService] [DiscoveryClient-CacheRefreshExecutor-0] [                                                 ] o.s.web.client.RestTemplate              : Accept=[application/json, application/*+json]
2026-02-22T11:19:00.332+05:30 DEBUG 1700 --- [productService] [DiscoveryClient-HeartbeatExecutor-0] [                                                 ] o.s.web.client.RestTemplate              : HTTP PUT http://localhost:8761/eureka/apps/PRODUCTSERVICE/DESKTOP-ECRRR37.mshome.net:productService:8082?status=UP&lastDirtyTimestamp=1771738546502
2026-02-22T11:19:00.333+05:30 DEBUG 1700 --- [productService] [DiscoveryClient-HeartbeatExecutor-0] [                                                 ] o.s.web.client.RestTemplate              : Accept=[application/json, application/*+json]
2026-02-22T11:19:00.526+05:30 DEBUG 1700 --- [productService] [DiscoveryClient-CacheRefreshExecutor-0] [                                                 ] o.s.web.client.RestTemplate              : Response 200 OK
2026-02-22T11:19:00.527+05:30 DEBUG 1700 --- [productService] [DiscoveryClient-CacheRefreshExecutor-0] [                                                 ] o.s.web.client.RestTemplate              : Reading to [org.springframework.cloud.netflix.eureka.http.EurekaApplications]
2026-02-22T11:19:03.917+05:30 DEBUG 1700 --- [productService] [DiscoveryClient-HeartbeatExecutor-0] [                                                 ] o.s.web.client.RestTemplate              : Response 200 OK
2026-02-22T11:19:32.727+05:30 DEBUG 1700 --- [productService] [DiscoveryClient-CacheRefreshExecutor-0] [                                                 ] o.s.web.client.RestTemplate              : HTTP GET http://localhost:8761/eureka/apps/delta
2026-02-22T11:19:32.728+05:30 DEBUG 1700 --- [productService] [DiscoveryClient-CacheRefreshExecutor-0] [                                                 ] o.s.web.client.RestTemplate              : Accept=[application/json, application/*+json]
2026-02-22T11:19:32.743+05:30 DEBUG 1700 --- [productService] [DiscoveryClient-CacheRefreshExecutor-0] [                                                 ] o.s.web.client.RestTemplate              : Response 200 OK
2026-02-22T11:19:32.745+05:30 DEBUG 1700 --- [productService] [DiscoveryClient-CacheRefreshExecutor-0] [                                                 ] o.s.web.client.RestTemplate              : Reading to [org.springframework.cloud.netflix.eureka.http.EurekaApplications]
2026-02-22T11:19:33.923+05:30 DEBUG 1700 --- [productService] [DiscoveryClient-HeartbeatExecutor-0] [                                                 ] o.s.web.client.RestTemplate              : HTTP PUT http://localhost:8761/eureka/apps/PRODUCTSERVICE/DESKTOP-ECRRR37.mshome.net:productService:8082?status=UP&lastDirtyTimestamp=1771738546502
2026-02-22T11:19:33.925+05:30 DEBUG 1700 --- [productService] [DiscoveryClient-HeartbeatExecutor-0] [                                                 ] o.s.web.client.RestTemplate              : Accept=[application/json, application/*+json]
2026-02-22T11:19:33.932+05:30 DEBUG 1700 --- [productService] [DiscoveryClient-HeartbeatExecutor-0] [                                                 ] o.s.web.client.RestTemplate              : Response 200 OK
2026-02-22T11:20:03.096+05:30 DEBUG 1700 --- [productService] [DiscoveryClient-CacheRefreshExecutor-0] [                                                 ] o.s.web.client.RestTemplate              : HTTP GET http://localhost:8761/eureka/apps/delta
2026-02-22T11:20:03.117+05:30 DEBUG 1700 --- [productService] [DiscoveryClient-CacheRefreshExecutor-0] [                                                 ] o.s.web.client.RestTemplate              : Accept=[application/json, application/*+json]
2026-02-22T11:20:03.180+05:30 DEBUG 1700 --- [productService] [DiscoveryClient-CacheRefreshExecutor-0] [                                                 ] o.s.web.client.RestTemplate              : Response 200 OK
2026-02-22T11:20:03.182+05:30 DEBUG 1700 --- [productService] [DiscoveryClient-CacheRefreshExecutor-0] [                                                 ] o.s.web.client.RestTemplate              : Reading to [org.springframework.cloud.netflix.eureka.http.EurekaApplications]
2026-02-22T11:20:03.950+05:30 DEBUG 1700 --- [productService] [DiscoveryClient-HeartbeatExecutor-0] [                                                 ] o.s.web.client.RestTemplate              : HTTP PUT http://localhost:8761/eureka/apps/PRODUCTSERVICE/DESKTOP-ECRRR37.mshome.net:productService:8082?status=UP&lastDirtyTimestamp=1771738546502
2026-02-22T11:20:03.958+05:30 DEBUG 1700 --- [productService] [DiscoveryClient-HeartbeatExecutor-0] [                                                 ] o.s.web.client.RestTemplate              : Accept=[application/json, application/*+json]
2026-02-22T11:20:03.967+05:30 DEBUG 1700 --- [productService] [DiscoveryClient-HeartbeatExecutor-0] [                                                 ] o.s.web.client.RestTemplate              : Response 200 OK
2026-02-22T11:20:33.210+05:30 DEBUG 1700 --- [productService] [DiscoveryClient-CacheRefreshExecutor-0] [                                                 ] o.s.web.client.RestTemplate              : HTTP GET http://localhost:8761/eureka/apps/delta
2026-02-22T11:20:33.214+05:30 DEBUG 1700 --- [productService] [DiscoveryClient-CacheRefreshExecutor-0] [                                                 ] o.s.web.client.RestTemplate              : Accept=[application/json, application/*+json]
2026-02-22T11:20:33.234+05:30 DEBUG 1700 --- [productService] [DiscoveryClient-CacheRefreshExecutor-0] [                                                 ] o.s.web.client.RestTemplate              : Response 200 OK
2026-02-22T11:20:33.234+05:30 DEBUG 1700 --- [productService] [DiscoveryClient-CacheRefreshExecutor-0] [                                                 ] o.s.web.client.RestTemplate              : Reading to [org.springframework.cloud.netflix.eureka.http.EurekaApplications]
2026-02-22T11:20:33.972+05:30 DEBUG 1700 --- [productService] [DiscoveryClient-HeartbeatExecutor-0] [                                                 ] o.s.web.client.RestTemplate              : HTTP PUT http://localhost:8761/eureka/apps/PRODUCTSERVICE/DESKTOP-ECRRR37.mshome.net:productService:8082?status=UP&lastDirtyTimestamp=1771738546502
2026-02-22T11:20:33.972+05:30 DEBUG 1700 --- [productService] [DiscoveryClient-HeartbeatExecutor-0] [                                                 ] o.s.web.client.RestTemplate              : Accept=[application/json, application/*+json]
2026-02-22T11:20:33.977+05:30 DEBUG 1700 --- [productService] [DiscoveryClient-HeartbeatExecutor-0] [                                                 ] o.s.web.client.RestTemplate              : Response 200 OK
2026-02-22T11:20:47.003+05:30  INFO 1700 --- [productService] [AsyncResolver-bootstrap-executor-0] [                                                 ] c.n.d.s.r.aws.ConfigClusterResolver      : Resolving eureka endpoints via configuration
2026-02-22T11:21:03.252+05:30 DEBUG 1700 --- [productService] [DiscoveryClient-CacheRefreshExecutor-0] [                                                 ] o.s.web.client.RestTemplate              : HTTP GET http://localhost:8761/eureka/apps/delta
2026-02-22T11:21:03.267+05:30 DEBUG 1700 --- [productService] [DiscoveryClient-CacheRefreshExecutor-0] [                                                 ] o.s.web.client.RestTemplate              : Accept=[application/json, application/*+json]
2026-02-22T11:21:03.286+05:30 DEBUG 1700 --- [productService] [DiscoveryClient-CacheRefreshExecutor-0] [                                                 ] o.s.web.client.RestTemplate              : Response 200 OK
2026-02-22T11:21:03.287+05:30 DEBUG 1700 --- [productService] [DiscoveryClient-CacheRefreshExecutor-0] [                                                 ] o.s.web.client.RestTemplate              : Reading to [org.springframework.cloud.netflix.eureka.http.EurekaApplications]
2026-02-22T11:21:03.986+05:30 DEBUG 1700 --- [productService] [DiscoveryClient-HeartbeatExecutor-0] [                                                 ] o.s.web.client.RestTemplate              : HTTP PUT http://localhost:8761/eureka/apps/PRODUCTSERVICE/DESKTOP-ECRRR37.mshome.net:productService:8082?status=UP&lastDirtyTimestamp=1771738546502
2026-02-22T11:21:03.987+05:30 DEBUG 1700 --- [productService] [DiscoveryClient-HeartbeatExecutor-0] [                                                 ] o.s.web.client.RestTemplate              : Accept=[application/json, application/*+json]
2026-02-22T11:21:03.993+05:30 DEBUG 1700 --- [productService] [DiscoveryClient-HeartbeatExecutor-0] [                                                 ] o.s.web.client.RestTemplate              : Response 200 OK
2026-02-22T11:21:33.312+05:30 DEBUG 1700 --- [productService] [DiscoveryClient-CacheRefreshExecutor-0] [                                                 ] o.s.web.client.RestTemplate              : HTTP GET http://localhost:8761/eureka/apps/delta
2026-02-22T11:21:33.314+05:30 DEBUG 1700 --- [productService] [DiscoveryClient-CacheRefreshExecutor-0] [                                                 ] o.s.web.client.RestTemplate              : Accept=[application/json, application/*+json]
2026-02-22T11:21:33.321+05:30 DEBUG 1700 --- [productService] [DiscoveryClient-CacheRefreshExecutor-0] [                                                 ] o.s.web.client.RestTemplate              : Response 200 OK
2026-02-22T11:21:33.321+05:30 DEBUG 1700 --- [productService] [DiscoveryClient-CacheRefreshExecutor-0] [                                                 ] o.s.web.client.RestTemplate              : Reading to [org.springframework.cloud.netflix.eureka.http.EurekaApplications]
2026-02-22T11:21:34.013+05:30 DEBUG 1700 --- [productService] [DiscoveryClient-HeartbeatExecutor-0] [                                                 ] o.s.web.client.RestTemplate              : HTTP PUT http://localhost:8761/eureka/apps/PRODUCTSERVICE/DESKTOP-ECRRR37.mshome.net:productService:8082?status=UP&lastDirtyTimestamp=1771738546502
2026-02-22T11:21:34.015+05:30 DEBUG 1700 --- [productService] [DiscoveryClient-HeartbeatExecutor-0] [                                                 ] o.s.web.client.RestTemplate              : Accept=[application/json, application/*+json]
2026-02-22T11:21:34.022+05:30 DEBUG 1700 --- [productService] [DiscoveryClient-HeartbeatExecutor-0] [                                                 ] o.s.web.client.RestTemplate              : Response 200 OK
2026-02-22T11:22:03.342+05:30 DEBUG 1700 --- [productService] [DiscoveryClient-CacheRefreshExecutor-0] [                                                 ] o.s.web.client.RestTemplate              : HTTP GET http://localhost:8761/eureka/apps/delta
2026-02-22T11:22:03.344+05:30 DEBUG 1700 --- [productService] [DiscoveryClient-CacheRefreshExecutor-0] [                                                 ] o.s.web.client.RestTemplate              : Accept=[application/json, application/*+json]
2026-02-22T11:22:03.359+05:30 DEBUG 1700 --- [productService] [DiscoveryClient-CacheRefreshExecutor-0] [                                                 ] o.s.web.client.RestTemplate              : Response 200 OK
2026-02-22T11:22:03.359+05:30 DEBUG 1700 --- [productService] [DiscoveryClient-CacheRefreshExecutor-0] [                                                 ] o.s.web.client.RestTemplate              : Reading to [org.springframework.cloud.netflix.eureka.http.EurekaApplications]
2026-02-22T11:22:04.029+05:30 DEBUG 1700 --- [productService] [DiscoveryClient-HeartbeatExecutor-0] [                                                 ] o.s.web.client.RestTemplate              : HTTP PUT http://localhost:8761/eureka/apps/PRODUCTSERVICE/DESKTOP-ECRRR37.mshome.net:productService:8082?status=UP&lastDirtyTimestamp=1771738546502
2026-02-22T11:22:04.029+05:30 DEBUG 1700 --- [productService] [DiscoveryClient-HeartbeatExecutor-0] [                                                 ] o.s.web.client.RestTemplate              : Accept=[application/json, application/*+json]
2026-02-22T11:22:04.034+05:30 DEBUG 1700 --- [productService] [DiscoveryClient-HeartbeatExecutor-0] [                                                 ] o.s.web.client.RestTemplate              : Response 200 OK
2026-02-22T11:22:33.363+05:30 DEBUG 1700 --- [productService] [DiscoveryClient-CacheRefreshExecutor-0] [                                                 ] o.s.web.client.RestTemplate              : HTTP GET http://localhost:8761/eureka/apps/delta
2026-02-22T11:22:33.364+05:30 DEBUG 1700 --- [productService] [DiscoveryClient-CacheRefreshExecutor-0] [                                                 ] o.s.web.client.RestTemplate              : Accept=[application/json, application/*+json]
2026-02-22T11:22:33.388+05:30 DEBUG 1700 --- [productService] [DiscoveryClient-CacheRefreshExecutor-0] [                                                 ] o.s.web.client.RestTemplate              : Response 200 OK
2026-02-22T11:22:33.388+05:30 DEBUG 1700 --- [productService] [DiscoveryClient-CacheRefreshExecutor-0] [                                                 ] o.s.web.client.RestTemplate              : Reading to [org.springframework.cloud.netflix.eureka.http.EurekaApplications]
2026-02-22T11:22:34.076+05:30 DEBUG 1700 --- [productService] [DiscoveryClient-HeartbeatExecutor-0] [                                                 ] o.s.web.client.RestTemplate              : HTTP PUT http://localhost:8761/eureka/apps/PRODUCTSERVICE/DESKTOP-ECRRR37.mshome.net:productService:8082?status=UP&lastDirtyTimestamp=1771738546502
2026-02-22T11:22:34.077+05:30 DEBUG 1700 --- [productService] [DiscoveryClient-HeartbeatExecutor-0] [                                                 ] o.s.web.client.RestTemplate              : Accept=[application/json, application/*+json]
2026-02-22T11:22:34.082+05:30 DEBUG 1700 --- [productService] [DiscoveryClient-HeartbeatExecutor-0] [                                                 ] o.s.web.client.RestTemplate              : Response 200 OK
2026-02-22T11:23:03.404+05:30 DEBUG 1700 --- [productService] [DiscoveryClient-CacheRefreshExecutor-0] [                                                 ] o.s.web.client.RestTemplate              : HTTP GET http://localhost:8761/eureka/apps/delta
2026-02-22T11:23:03.406+05:30 DEBUG 1700 --- [productService] [DiscoveryClient-CacheRefreshExecutor-0] [                                                 ] o.s.web.client.RestTemplate              : Accept=[application/json, application/*+json]
2026-02-22T11:23:03.424+05:30 DEBUG 1700 --- [productService] [DiscoveryClient-CacheRefreshExecutor-0] [                                                 ] o.s.web.client.RestTemplate              : Response 200 OK
2026-02-22T11:23:03.426+05:30 DEBUG 1700 --- [productService] [DiscoveryClient-CacheRefreshExecutor-0] [                                                 ] o.s.web.client.RestTemplate              : Reading to [org.springframework.cloud.netflix.eureka.http.EurekaApplications]
2026-02-22T11:23:04.100+05:30 DEBUG 1700 --- [productService] [DiscoveryClient-HeartbeatExecutor-0] [                                                 ] o.s.web.client.RestTemplate              : HTTP PUT http://localhost:8761/eureka/apps/PRODUCTSERVICE/DESKTOP-ECRRR37.mshome.net:productService:8082?status=UP&lastDirtyTimestamp=1771738546502
2026-02-22T11:23:04.101+05:30 DEBUG 1700 --- [productService] [DiscoveryClient-HeartbeatExecutor-0] [                                                 ] o.s.web.client.RestTemplate              : Accept=[application/json, application/*+json]
2026-02-22T11:23:04.106+05:30 DEBUG 1700 --- [productService] [DiscoveryClient-HeartbeatExecutor-0] [                                                 ] o.s.web.client.RestTemplate              : Response 200 OK
2026-02-22T11:23:33.436+05:30 DEBUG 1700 --- [productService] [DiscoveryClient-CacheRefreshExecutor-0] [                                                 ] o.s.web.client.RestTemplate              : HTTP GET http://localhost:8761/eureka/apps/delta
2026-02-22T11:23:33.438+05:30 DEBUG 1700 --- [productService] [DiscoveryClient-CacheRefreshExecutor-0] [                                                 ] o.s.web.client.RestTemplate              : Accept=[application/json, application/*+json]
2026-02-22T11:23:33.454+05:30 DEBUG 1700 --- [productService] [DiscoveryClient-CacheRefreshExecutor-0] [                                                 ] o.s.web.client.RestTemplate              : Response 200 OK
2026-02-22T11:23:33.455+05:30 DEBUG 1700 --- [productService] [DiscoveryClient-CacheRefreshExecutor-0] [                                                 ] o.s.web.client.RestTemplate              : Reading to [org.springframework.cloud.netflix.eureka.http.EurekaApplications]
2026-02-22T11:23:34.121+05:30 DEBUG 1700 --- [productService] [DiscoveryClient-HeartbeatExecutor-0] [                                                 ] o.s.web.client.RestTemplate              : HTTP PUT http://localhost:8761/eureka/apps/PRODUCTSERVICE/DESKTOP-ECRRR37.mshome.net:productService:8082?status=UP&lastDirtyTimestamp=1771738546502
2026-02-22T11:23:34.124+05:30 DEBUG 1700 --- [productService] [DiscoveryClient-HeartbeatExecutor-0] [                                                 ] o.s.web.client.RestTemplate              : Accept=[application/json, application/*+json]
2026-02-22T11:23:34.131+05:30 DEBUG 1700 --- [productService] [DiscoveryClient-HeartbeatExecutor-0] [                                                 ] o.s.web.client.RestTemplate              : Response 200 OK
2026-02-22T11:24:03.462+05:30 DEBUG 1700 --- [productService] [DiscoveryClient-CacheRefreshExecutor-0] [                                                 ] o.s.web.client.RestTemplate              : HTTP GET http://localhost:8761/eureka/apps/delta
2026-02-22T11:24:03.466+05:30 DEBUG 1700 --- [productService] [DiscoveryClient-CacheRefreshExecutor-0] [                                                 ] o.s.web.client.RestTemplate              : Accept=[application/json, application/*+json]
2026-02-22T11:24:03.482+05:30 DEBUG 1700 --- [productService] [DiscoveryClient-CacheRefreshExecutor-0] [                                                 ] o.s.web.client.RestTemplate              : Response 200 OK
2026-02-22T11:24:03.482+05:30 DEBUG 1700 --- [productService] [DiscoveryClient-CacheRefreshExecutor-0] [                                                 ] o.s.web.client.RestTemplate              : Reading to [org.springframework.cloud.netflix.eureka.http.EurekaApplications]
2026-02-22T11:24:04.146+05:30 DEBUG 1700 --- [productService] [DiscoveryClient-HeartbeatExecutor-0] [                                                 ] o.s.web.client.RestTemplate              : HTTP PUT http://localhost:8761/eureka/apps/PRODUCTSERVICE/DESKTOP-ECRRR37.mshome.net:productService:8082?status=UP&lastDirtyTimestamp=1771738546502
2026-02-22T11:24:04.148+05:30 DEBUG 1700 --- [productService] [DiscoveryClient-HeartbeatExecutor-0] [                                                 ] o.s.web.client.RestTemplate              : Accept=[application/json, application/*+json]
2026-02-22T11:24:04.152+05:30 DEBUG 1700 --- [productService] [DiscoveryClient-HeartbeatExecutor-0] [                                                 ] o.s.web.client.RestTemplate              : Response 200 OK
2026-02-22T11:24:33.500+05:30 DEBUG 1700 --- [productService] [DiscoveryClient-CacheRefreshExecutor-0] [                                                 ] o.s.web.client.RestTemplate              : HTTP GET http://localhost:8761/eureka/apps/delta
2026-02-22T11:24:33.504+05:30 DEBUG 1700 --- [productService] [DiscoveryClient-CacheRefreshExecutor-0] [                                                 ] o.s.web.client.RestTemplate              : Accept=[application/json, application/*+json]
2026-02-22T11:24:33.538+05:30 DEBUG 1700 --- [productService] [DiscoveryClient-CacheRefreshExecutor-0] [                                                 ] o.s.web.client.RestTemplate              : Response 200 OK
2026-02-22T11:24:33.541+05:30 DEBUG 1700 --- [productService] [DiscoveryClient-CacheRefreshExecutor-0] [                                                 ] o.s.web.client.RestTemplate              : Reading to [org.springframework.cloud.netflix.eureka.http.EurekaApplications]
2026-02-22T11:24:34.493+05:30 DEBUG 1700 --- [productService] [DiscoveryClient-HeartbeatExecutor-0] [                                                 ] o.s.web.client.RestTemplate              : HTTP PUT http://localhost:8761/eureka/apps/PRODUCTSERVICE/DESKTOP-ECRRR37.mshome.net:productService:8082?status=UP&lastDirtyTimestamp=1771738546502
2026-02-22T11:24:34.506+05:30 DEBUG 1700 --- [productService] [DiscoveryClient-HeartbeatExecutor-0] [                                                 ] o.s.web.client.RestTemplate              : Accept=[application/json, application/*+json]
2026-02-22T11:24:34.523+05:30 DEBUG 1700 --- [productService] [DiscoveryClient-HeartbeatExecutor-0] [                                                 ] o.s.web.client.RestTemplate              : Response 200 OK
2026-02-22T11:24:41.968+05:30 DEBUG 1700 --- [productService] [AsyncReporter{org.springframework.boot.actuate.autoconfigure.tracing.zipkin.ZipkinRestTemplateSender@3516b881}] [                                                 ] o.s.web.client.RestTemplate              : HTTP POST http://localhost:9411/api/v2/spans
2026-02-22T11:24:42.138+05:30 DEBUG 1700 --- [productService] [AsyncReporter{org.springframework.boot.actuate.autoconfigure.tracing.zipkin.ZipkinRestTemplateSender@3516b881}] [                                                 ] o.s.web.client.RestTemplate              : Accept=[application/json, application/*+json]
2026-02-22T11:24:42.145+05:30 DEBUG 1700 --- [productService] [AsyncReporter{org.springframework.boot.actuate.autoconfigure.tracing.zipkin.ZipkinRestTemplateSender@3516b881}] [                                                 ] o.s.web.client.RestTemplate              : Writing [[B@7e634900] as "application/json"
2026-02-22T11:24:42.522+05:30 DEBUG 1700 --- [productService] [AsyncReporter{org.springframework.boot.actuate.autoconfigure.tracing.zipkin.ZipkinRestTemplateSender@3516b881}] [                                                 ] o.s.web.client.RestTemplate              : Response 202 ACCEPTED
2026-02-22T11:24:49.595+05:30 DEBUG 1700 --- [productService] [AsyncReporter{org.springframework.boot.actuate.autoconfigure.tracing.zipkin.ZipkinRestTemplateSender@3516b881}] [                                                 ] o.s.web.client.RestTemplate              : HTTP POST http://localhost:9411/api/v2/spans
2026-02-22T11:24:49.596+05:30 DEBUG 1700 --- [productService] [AsyncReporter{org.springframework.boot.actuate.autoconfigure.tracing.zipkin.ZipkinRestTemplateSender@3516b881}] [                                                 ] o.s.web.client.RestTemplate              : Accept=[application/json, application/*+json]
2026-02-22T11:24:49.597+05:30 DEBUG 1700 --- [productService] [AsyncReporter{org.springframework.boot.actuate.autoconfigure.tracing.zipkin.ZipkinRestTemplateSender@3516b881}] [                                                 ] o.s.web.client.RestTemplate              : Writing [[B@34c56da1] as "application/json"
2026-02-22T11:24:52.241+05:30 DEBUG 1700 --- [productService] [AsyncReporter{org.springframework.boot.actuate.autoconfigure.tracing.zipkin.ZipkinRestTemplateSender@3516b881}] [                                                 ] o.s.web.client.RestTemplate              : Response 202 ACCEPTED
2026-02-22T11:24:57.281+05:30 DEBUG 1700 --- [productService] [AsyncReporter{org.springframework.boot.actuate.autoconfigure.tracing.zipkin.ZipkinRestTemplateSender@3516b881}] [                                                 ] o.s.web.client.RestTemplate              : HTTP POST http://localhost:9411/api/v2/spans
2026-02-22T11:24:57.284+05:30 DEBUG 1700 --- [productService] [AsyncReporter{org.springframework.boot.actuate.autoconfigure.tracing.zipkin.ZipkinRestTemplateSender@3516b881}] [                                                 ] o.s.web.client.RestTemplate              : Accept=[application/json, application/*+json]
2026-02-22T11:24:57.286+05:30 DEBUG 1700 --- [productService] [AsyncReporter{org.springframework.boot.actuate.autoconfigure.tracing.zipkin.ZipkinRestTemplateSender@3516b881}] [                                                 ] o.s.web.client.RestTemplate              : Writing [[B@4d809353] as "application/json"
2026-02-22T11:24:57.416+05:30 DEBUG 1700 --- [productService] [AsyncReporter{org.springframework.boot.actuate.autoconfigure.tracing.zipkin.ZipkinRestTemplateSender@3516b881}] [                                                 ] o.s.web.client.RestTemplate              : Response 202 ACCEPTED
2026-02-22T11:25:03.574+05:30 DEBUG 1700 --- [productService] [DiscoveryClient-CacheRefreshExecutor-0] [                                                 ] o.s.web.client.RestTemplate              : HTTP GET http://localhost:8761/eureka/apps/delta
2026-02-22T11:25:03.581+05:30 DEBUG 1700 --- [productService] [DiscoveryClient-CacheRefreshExecutor-0] [                                                 ] o.s.web.client.RestTemplate              : Accept=[application/json, application/*+json]
2026-02-22T11:25:03.607+05:30 DEBUG 1700 --- [productService] [DiscoveryClient-CacheRefreshExecutor-0] [                                                 ] o.s.web.client.RestTemplate              : Response 200 OK
2026-02-22T11:25:03.608+05:30 DEBUG 1700 --- [productService] [DiscoveryClient-CacheRefreshExecutor-0] [                                                 ] o.s.web.client.RestTemplate              : Reading to [org.springframework.cloud.netflix.eureka.http.EurekaApplications]
2026-02-22T11:25:04.481+05:30 DEBUG 1700 --- [productService] [AsyncReporter{org.springframework.boot.actuate.autoconfigure.tracing.zipkin.ZipkinRestTemplateSender@3516b881}] [                                                 ] o.s.web.client.RestTemplate              : HTTP POST http://localhost:9411/api/v2/spans
2026-02-22T11:25:04.483+05:30 DEBUG 1700 --- [productService] [AsyncReporter{org.springframework.boot.actuate.autoconfigure.tracing.zipkin.ZipkinRestTemplateSender@3516b881}] [                                                 ] o.s.web.client.RestTemplate              : Accept=[application/json, application/*+json]
2026-02-22T11:25:04.486+05:30 DEBUG 1700 --- [productService] [AsyncReporter{org.springframework.boot.actuate.autoconfigure.tracing.zipkin.ZipkinRestTemplateSender@3516b881}] [                                                 ] o.s.web.client.RestTemplate              : Writing [[B@294ff8aa] as "application/json"
2026-02-22T11:25:04.504+05:30 DEBUG 1700 --- [productService] [AsyncReporter{org.springframework.boot.actuate.autoconfigure.tracing.zipkin.ZipkinRestTemplateSender@3516b881}] [                                                 ] o.s.web.client.RestTemplate              : Response 202 ACCEPTED
2026-02-22T11:25:04.527+05:30 DEBUG 1700 --- [productService] [DiscoveryClient-HeartbeatExecutor-0] [                                                 ] o.s.web.client.RestTemplate              : HTTP PUT http://localhost:8761/eureka/apps/PRODUCTSERVICE/DESKTOP-ECRRR37.mshome.net:productService:8082?status=UP&lastDirtyTimestamp=1771738546502
2026-02-22T11:25:04.529+05:30 DEBUG 1700 --- [productService] [DiscoveryClient-HeartbeatExecutor-0] [                                                 ] o.s.web.client.RestTemplate              : Accept=[application/json, application/*+json]
2026-02-22T11:25:04.540+05:30 DEBUG 1700 --- [productService] [DiscoveryClient-HeartbeatExecutor-0] [                                                 ] o.s.web.client.RestTemplate              : Response 200 OK
2026-02-22T11:25:16.607+05:30 DEBUG 1700 --- [productService] [AsyncReporter{org.springframework.boot.actuate.autoconfigure.tracing.zipkin.ZipkinRestTemplateSender@3516b881}] [                                                 ] o.s.web.client.RestTemplate              : HTTP POST http://localhost:9411/api/v2/spans
2026-02-22T11:25:16.611+05:30 DEBUG 1700 --- [productService] [AsyncReporter{org.springframework.boot.actuate.autoconfigure.tracing.zipkin.ZipkinRestTemplateSender@3516b881}] [                                                 ] o.s.web.client.RestTemplate              : Accept=[application/json, application/*+json]
2026-02-22T11:25:16.612+05:30 DEBUG 1700 --- [productService] [AsyncReporter{org.springframework.boot.actuate.autoconfigure.tracing.zipkin.ZipkinRestTemplateSender@3516b881}] [                                                 ] o.s.web.client.RestTemplate              : Writing [[B@75d9dc71] as "application/json"
2026-02-22T11:25:16.668+05:30 DEBUG 1700 --- [productService] [AsyncReporter{org.springframework.boot.actuate.autoconfigure.tracing.zipkin.ZipkinRestTemplateSender@3516b881}] [                                                 ] o.s.web.client.RestTemplate              : Response 202 ACCEPTED
2026-02-22T11:25:33.623+05:30 DEBUG 1700 --- [productService] [DiscoveryClient-CacheRefreshExecutor-0] [                                                 ] o.s.web.client.RestTemplate              : HTTP GET http://localhost:8761/eureka/apps/delta
2026-02-22T11:25:33.624+05:30 DEBUG 1700 --- [productService] [DiscoveryClient-CacheRefreshExecutor-0] [                                                 ] o.s.web.client.RestTemplate              : Accept=[application/json, application/*+json]
2026-02-22T11:25:33.643+05:30 DEBUG 1700 --- [productService] [DiscoveryClient-CacheRefreshExecutor-0] [                                                 ] o.s.web.client.RestTemplate              : Response 200 OK
2026-02-22T11:25:33.643+05:30 DEBUG 1700 --- [productService] [DiscoveryClient-CacheRefreshExecutor-0] [                                                 ] o.s.web.client.RestTemplate              : Reading to [org.springframework.cloud.netflix.eureka.http.EurekaApplications]
2026-02-22T11:25:34.543+05:30 DEBUG 1700 --- [productService] [DiscoveryClient-HeartbeatExecutor-0] [                                                 ] o.s.web.client.RestTemplate              : HTTP PUT http://localhost:8761/eureka/apps/PRODUCTSERVICE/DESKTOP-ECRRR37.mshome.net:productService:8082?status=UP&lastDirtyTimestamp=1771738546502
2026-02-22T11:25:34.544+05:30 DEBUG 1700 --- [productService] [DiscoveryClient-HeartbeatExecutor-0] [                                                 ] o.s.web.client.RestTemplate              : Accept=[application/json, application/*+json]
2026-02-22T11:25:34.548+05:30 DEBUG 1700 --- [productService] [DiscoveryClient-HeartbeatExecutor-0] [                                                 ] o.s.web.client.RestTemplate              : Response 200 OK
2026-02-22T11:25:47.056+05:30  INFO 1700 --- [productService] [AsyncResolver-bootstrap-executor-0] [                                                 ] c.n.d.s.r.aws.ConfigClusterResolver      : Resolving eureka endpoints via configuration
2026-02-22T11:26:03.649+05:30 DEBUG 1700 --- [productService] [DiscoveryClient-CacheRefreshExecutor-0] [                                                 ] o.s.web.client.RestTemplate              : HTTP GET http://localhost:8761/eureka/apps/delta
2026-02-22T11:26:03.653+05:30 DEBUG 1700 --- [productService] [DiscoveryClient-CacheRefreshExecutor-0] [                                                 ] o.s.web.client.RestTemplate              : Accept=[application/json, application/*+json]
2026-02-22T11:26:03.668+05:30 DEBUG 1700 --- [productService] [DiscoveryClient-CacheRefreshExecutor-0] [                                                 ] o.s.web.client.RestTemplate              : Response 200 OK
2026-02-22T11:26:03.669+05:30 DEBUG 1700 --- [productService] [DiscoveryClient-CacheRefreshExecutor-0] [                                                 ] o.s.web.client.RestTemplate              : Reading to [org.springframework.cloud.netflix.eureka.http.EurekaApplications]
2026-02-22T11:26:04.550+05:30 DEBUG 1700 --- [productService] [DiscoveryClient-HeartbeatExecutor-0] [                                                 ] o.s.web.client.RestTemplate              : HTTP PUT http://localhost:8761/eureka/apps/PRODUCTSERVICE/DESKTOP-ECRRR37.mshome.net:productService:8082?status=UP&lastDirtyTimestamp=1771738546502
2026-02-22T11:26:04.551+05:30 DEBUG 1700 --- [productService] [DiscoveryClient-HeartbeatExecutor-0] [                                                 ] o.s.web.client.RestTemplate              : Accept=[application/json, application/*+json]
2026-02-22T11:26:04.555+05:30 DEBUG 1700 --- [productService] [DiscoveryClient-HeartbeatExecutor-0] [                                                 ] o.s.web.client.RestTemplate              : Response 200 OK
2026-02-22T11:26:33.679+05:30 DEBUG 1700 --- [productService] [DiscoveryClient-CacheRefreshExecutor-0] [                                                 ] o.s.web.client.RestTemplate              : HTTP GET http://localhost:8761/eureka/apps/delta
2026-02-22T11:26:33.752+05:30 DEBUG 1700 --- [productService] [DiscoveryClient-CacheRefreshExecutor-0] [                                                 ] o.s.web.client.RestTemplate              : Accept=[application/json, application/*+json]
2026-02-22T11:26:33.761+05:30 DEBUG 1700 --- [productService] [DiscoveryClient-CacheRefreshExecutor-0] [                                                 ] o.s.web.client.RestTemplate              : Response 200 OK
2026-02-22T11:26:33.772+05:30 DEBUG 1700 --- [productService] [DiscoveryClient-CacheRefreshExecutor-0] [                                                 ] o.s.web.client.RestTemplate              : Reading to [org.springframework.cloud.netflix.eureka.http.EurekaApplications]
2026-02-22T11:26:34.572+05:30 DEBUG 1700 --- [productService] [DiscoveryClient-HeartbeatExecutor-0] [                                                 ] o.s.web.client.RestTemplate              : HTTP PUT http://localhost:8761/eureka/apps/PRODUCTSERVICE/DESKTOP-ECRRR37.mshome.net:productService:8082?status=UP&lastDirtyTimestamp=1771738546502
2026-02-22T11:26:34.573+05:30 DEBUG 1700 --- [productService] [DiscoveryClient-HeartbeatExecutor-0] [                                                 ] o.s.web.client.RestTemplate              : Accept=[application/json, application/*+json]
2026-02-22T11:26:34.647+05:30 DEBUG 1700 --- [productService] [DiscoveryClient-HeartbeatExecutor-0] [                                                 ] o.s.web.client.RestTemplate              : Response 200 OK
2026-02-22T11:27:03.792+05:30 DEBUG 1700 --- [productService] [DiscoveryClient-CacheRefreshExecutor-0] [                                                 ] o.s.web.client.RestTemplate              : HTTP GET http://localhost:8761/eureka/apps/delta
2026-02-22T11:27:03.793+05:30 DEBUG 1700 --- [productService] [DiscoveryClient-CacheRefreshExecutor-0] [                                                 ] o.s.web.client.RestTemplate              : Accept=[application/json, application/*+json]
2026-02-22T11:27:03.813+05:30 DEBUG 1700 --- [productService] [DiscoveryClient-CacheRefreshExecutor-0] [                                                 ] o.s.web.client.RestTemplate              : Response 200 OK
2026-02-22T11:27:03.814+05:30 DEBUG 1700 --- [productService] [DiscoveryClient-CacheRefreshExecutor-0] [                                                 ] o.s.web.client.RestTemplate              : Reading to [org.springframework.cloud.netflix.eureka.http.EurekaApplications]
2026-02-22T11:27:04.656+05:30 DEBUG 1700 --- [productService] [DiscoveryClient-HeartbeatExecutor-0] [                                                 ] o.s.web.client.RestTemplate              : HTTP PUT http://localhost:8761/eureka/apps/PRODUCTSERVICE/DESKTOP-ECRRR37.mshome.net:productService:8082?status=UP&lastDirtyTimestamp=1771738546502
2026-02-22T11:27:04.657+05:30 DEBUG 1700 --- [productService] [DiscoveryClient-HeartbeatExecutor-0] [                                                 ] o.s.web.client.RestTemplate              : Accept=[application/json, application/*+json]
2026-02-22T11:27:04.661+05:30 DEBUG 1700 --- [productService] [DiscoveryClient-HeartbeatExecutor-0] [                                                 ] o.s.web.client.RestTemplate              : Response 200 OK
2026-02-22T11:27:33.827+05:30 DEBUG 1700 --- [productService] [DiscoveryClient-CacheRefreshExecutor-0] [                                                 ] o.s.web.client.RestTemplate              : HTTP GET http://localhost:8761/eureka/apps/delta
2026-02-22T11:27:33.830+05:30 DEBUG 1700 --- [productService] [DiscoveryClient-CacheRefreshExecutor-0] [                                                 ] o.s.web.client.RestTemplate              : Accept=[application/json, application/*+json]
2026-02-22T11:27:33.842+05:30 DEBUG 1700 --- [productService] [DiscoveryClient-CacheRefreshExecutor-0] [                                                 ] o.s.web.client.RestTemplate              : Response 200 OK
2026-02-22T11:27:33.842+05:30 DEBUG 1700 --- [productService] [DiscoveryClient-CacheRefreshExecutor-0] [                                                 ] o.s.web.client.RestTemplate              : Reading to [org.springframework.cloud.netflix.eureka.http.EurekaApplications]
2026-02-22T11:27:34.675+05:30 DEBUG 1700 --- [productService] [DiscoveryClient-HeartbeatExecutor-0] [                                                 ] o.s.web.client.RestTemplate              : HTTP PUT http://localhost:8761/eureka/apps/PRODUCTSERVICE/DESKTOP-ECRRR37.mshome.net:productService:8082?status=UP&lastDirtyTimestamp=1771738546502
2026-02-22T11:27:34.676+05:30 DEBUG 1700 --- [productService] [DiscoveryClient-HeartbeatExecutor-0] [                                                 ] o.s.web.client.RestTemplate              : Accept=[application/json, application/*+json]
2026-02-22T11:27:34.680+05:30 DEBUG 1700 --- [productService] [DiscoveryClient-HeartbeatExecutor-0] [                                                 ] o.s.web.client.RestTemplate              : Response 200 OK
2026-02-22T11:28:03.847+05:30 DEBUG 1700 --- [productService] [DiscoveryClient-CacheRefreshExecutor-0] [                                                 ] o.s.web.client.RestTemplate              : HTTP GET http://localhost:8761/eureka/apps/delta
2026-02-22T11:28:03.857+05:30 DEBUG 1700 --- [productService] [DiscoveryClient-CacheRefreshExecutor-0] [                                                 ] o.s.web.client.RestTemplate              : Accept=[application/json, application/*+json]
2026-02-22T11:28:03.866+05:30 DEBUG 1700 --- [productService] [DiscoveryClient-CacheRefreshExecutor-0] [                                                 ] o.s.web.client.RestTemplate              : Response 200 OK
2026-02-22T11:28:03.867+05:30 DEBUG 1700 --- [productService] [DiscoveryClient-CacheRefreshExecutor-0] [                                                 ] o.s.web.client.RestTemplate              : Reading to [org.springframework.cloud.netflix.eureka.http.EurekaApplications]
2026-02-22T11:28:04.684+05:30 DEBUG 1700 --- [productService] [DiscoveryClient-HeartbeatExecutor-0] [                                                 ] o.s.web.client.RestTemplate              : HTTP PUT http://localhost:8761/eureka/apps/PRODUCTSERVICE/DESKTOP-ECRRR37.mshome.net:productService:8082?status=UP&lastDirtyTimestamp=1771738546502
2026-02-22T11:28:04.684+05:30 DEBUG 1700 --- [productService] [DiscoveryClient-HeartbeatExecutor-0] [                                                 ] o.s.web.client.RestTemplate              : Accept=[application/json, application/*+json]
2026-02-22T11:28:04.688+05:30 DEBUG 1700 --- [productService] [DiscoveryClient-HeartbeatExecutor-0] [                                                 ] o.s.web.client.RestTemplate              : Response 200 OK
2026-02-22T11:28:33.876+05:30 DEBUG 1700 --- [productService] [DiscoveryClient-CacheRefreshExecutor-0] [                                                 ] o.s.web.client.RestTemplate              : HTTP GET http://localhost:8761/eureka/apps/delta
2026-02-22T11:28:33.877+05:30 DEBUG 1700 --- [productService] [DiscoveryClient-CacheRefreshExecutor-0] [                                                 ] o.s.web.client.RestTemplate              : Accept=[application/json, application/*+json]
2026-02-22T11:28:33.895+05:30 DEBUG 1700 --- [productService] [DiscoveryClient-CacheRefreshExecutor-0] [                                                 ] o.s.web.client.RestTemplate              : Response 200 OK
2026-02-22T11:28:33.897+05:30 DEBUG 1700 --- [productService] [DiscoveryClient-CacheRefreshExecutor-0] [                                                 ] o.s.web.client.RestTemplate              : Reading to [org.springframework.cloud.netflix.eureka.http.EurekaApplications]
2026-02-22T11:28:34.724+05:30 DEBUG 1700 --- [productService] [DiscoveryClient-HeartbeatExecutor-0] [                                                 ] o.s.web.client.RestTemplate              : HTTP PUT http://localhost:8761/eureka/apps/PRODUCTSERVICE/DESKTOP-ECRRR37.mshome.net:productService:8082?status=UP&lastDirtyTimestamp=1771738546502
2026-02-22T11:28:34.725+05:30 DEBUG 1700 --- [productService] [DiscoveryClient-HeartbeatExecutor-0] [                                                 ] o.s.web.client.RestTemplate              : Accept=[application/json, application/*+json]
2026-02-22T11:28:34.733+05:30 DEBUG 1700 --- [productService] [DiscoveryClient-HeartbeatExecutor-0] [                                                 ] o.s.web.client.RestTemplate              : Response 200 OK
2026-02-22T11:29:03.905+05:30 DEBUG 1700 --- [productService] [DiscoveryClient-CacheRefreshExecutor-0] [                                                 ] o.s.web.client.RestTemplate              : HTTP GET http://localhost:8761/eureka/apps/delta
2026-02-22T11:29:03.913+05:30 DEBUG 1700 --- [productService] [DiscoveryClient-CacheRefreshExecutor-0] [                                                 ] o.s.web.client.RestTemplate              : Accept=[application/json, application/*+json]
2026-02-22T11:29:03.987+05:30 DEBUG 1700 --- [productService] [DiscoveryClient-CacheRefreshExecutor-0] [                                                 ] o.s.web.client.RestTemplate              : Response 200 OK
2026-02-22T11:29:03.988+05:30 DEBUG 1700 --- [productService] [DiscoveryClient-CacheRefreshExecutor-0] [                                                 ] o.s.web.client.RestTemplate              : Reading to [org.springframework.cloud.netflix.eureka.http.EurekaApplications]
2026-02-22T11:29:04.750+05:30 DEBUG 1700 --- [productService] [DiscoveryClient-HeartbeatExecutor-0] [                                                 ] o.s.web.client.RestTemplate              : HTTP PUT http://localhost:8761/eureka/apps/PRODUCTSERVICE/DESKTOP-ECRRR37.mshome.net:productService:8082?status=UP&lastDirtyTimestamp=1771738546502
2026-02-22T11:29:04.755+05:30 DEBUG 1700 --- [productService] [DiscoveryClient-HeartbeatExecutor-0] [                                                 ] o.s.web.client.RestTemplate              : Accept=[application/json, application/*+json]
2026-02-22T11:29:04.871+05:30 DEBUG 1700 --- [productService] [DiscoveryClient-HeartbeatExecutor-0] [                                                 ] o.s.web.client.RestTemplate              : Response 200 OK
2026-02-22T11:29:34.898+05:30 DEBUG 1700 --- [productService] [DiscoveryClient-CacheRefreshExecutor-0] [                                                 ] o.s.web.client.RestTemplate              : HTTP GET http://localhost:8761/eureka/apps/delta
2026-02-22T11:29:35.084+05:30 DEBUG 1700 --- [productService] [DiscoveryClient-CacheRefreshExecutor-0] [                                                 ] o.s.web.client.RestTemplate              : Accept=[application/json, application/*+json]
2026-02-22T11:29:35.916+05:30 DEBUG 1700 --- [productService] [DiscoveryClient-CacheRefreshExecutor-0] [                                                 ] o.s.web.client.RestTemplate              : Response 200 OK
2026-02-22T11:29:35.917+05:30 DEBUG 1700 --- [productService] [DiscoveryClient-CacheRefreshExecutor-0] [                                                 ] o.s.web.client.RestTemplate              : Reading to [org.springframework.cloud.netflix.eureka.http.EurekaApplications]
2026-02-22T11:29:40.027+05:30 DEBUG 1700 --- [productService] [DiscoveryClient-HeartbeatExecutor-0] [                                                 ] o.s.web.client.RestTemplate              : HTTP PUT http://localhost:8761/eureka/apps/PRODUCTSERVICE/DESKTOP-ECRRR37.mshome.net:productService:8082?status=UP&lastDirtyTimestamp=1771738546502
2026-02-22T11:29:40.065+05:30 DEBUG 1700 --- [productService] [DiscoveryClient-HeartbeatExecutor-0] [                                                 ] o.s.web.client.RestTemplate              : Accept=[application/json, application/*+json]
2026-02-22T11:29:40.219+05:30 DEBUG 1700 --- [productService] [DiscoveryClient-HeartbeatExecutor-0] [                                                 ] o.s.web.client.RestTemplate              : Response 200 OK
2026-02-22T11:30:06.587+05:30 DEBUG 1700 --- [productService] [DiscoveryClient-CacheRefreshExecutor-0] [                                                 ] o.s.web.client.RestTemplate              : HTTP GET http://localhost:8761/eureka/apps/delta
2026-02-22T11:30:06.855+05:30 DEBUG 1700 --- [productService] [DiscoveryClient-CacheRefreshExecutor-0] [                                                 ] o.s.web.client.RestTemplate              : Accept=[application/json, application/*+json]
2026-02-22T11:30:06.879+05:30 DEBUG 1700 --- [productService] [DiscoveryClient-CacheRefreshExecutor-0] [                                                 ] o.s.web.client.RestTemplate              : Response 200 OK
2026-02-22T11:30:06.880+05:30 DEBUG 1700 --- [productService] [DiscoveryClient-CacheRefreshExecutor-0] [                                                 ] o.s.web.client.RestTemplate              : Reading to [org.springframework.cloud.netflix.eureka.http.EurekaApplications]
2026-02-22T11:30:10.228+05:30 DEBUG 1700 --- [productService] [DiscoveryClient-HeartbeatExecutor-0] [                                                 ] o.s.web.client.RestTemplate              : HTTP PUT http://localhost:8761/eureka/apps/PRODUCTSERVICE/DESKTOP-ECRRR37.mshome.net:productService:8082?status=UP&lastDirtyTimestamp=1771738546502
2026-02-22T11:30:10.230+05:30 DEBUG 1700 --- [productService] [DiscoveryClient-HeartbeatExecutor-0] [                                                 ] o.s.web.client.RestTemplate              : Accept=[application/json, application/*+json]
2026-02-22T11:30:10.254+05:30 DEBUG 1700 --- [productService] [DiscoveryClient-HeartbeatExecutor-0] [                                                 ] o.s.web.client.RestTemplate              : Response 200 OK
2026-02-22T11:30:36.905+05:30 DEBUG 1700 --- [productService] [DiscoveryClient-CacheRefreshExecutor-0] [                                                 ] o.s.web.client.RestTemplate              : HTTP GET http://localhost:8761/eureka/apps/delta
2026-02-22T11:30:36.906+05:30 DEBUG 1700 --- [productService] [DiscoveryClient-CacheRefreshExecutor-0] [                                                 ] o.s.web.client.RestTemplate              : Accept=[application/json, application/*+json]
2026-02-22T11:30:36.922+05:30 DEBUG 1700 --- [productService] [DiscoveryClient-CacheRefreshExecutor-0] [                                                 ] o.s.web.client.RestTemplate              : Response 200 OK
2026-02-22T11:30:36.922+05:30 DEBUG 1700 --- [productService] [DiscoveryClient-CacheRefreshExecutor-0] [                                                 ] o.s.web.client.RestTemplate              : Reading to [org.springframework.cloud.netflix.eureka.http.EurekaApplications]
2026-02-22T11:30:40.270+05:30 DEBUG 1700 --- [productService] [DiscoveryClient-HeartbeatExecutor-0] [                                                 ] o.s.web.client.RestTemplate              : HTTP PUT http://localhost:8761/eureka/apps/PRODUCTSERVICE/DESKTOP-ECRRR37.mshome.net:productService:8082?status=UP&lastDirtyTimestamp=1771738546502
2026-02-22T11:30:40.273+05:30 DEBUG 1700 --- [productService] [DiscoveryClient-HeartbeatExecutor-0] [                                                 ] o.s.web.client.RestTemplate              : Accept=[application/json, application/*+json]
2026-02-22T11:30:40.288+05:30 DEBUG 1700 --- [productService] [DiscoveryClient-HeartbeatExecutor-0] [                                                 ] o.s.web.client.RestTemplate              : Response 200 OK
2026-02-22T11:30:47.077+05:30  INFO 1700 --- [productService] [AsyncResolver-bootstrap-executor-0] [                                                 ] c.n.d.s.r.aws.ConfigClusterResolver      : Resolving eureka endpoints via configuration
2026-02-22T11:31:06.937+05:30 DEBUG 1700 --- [productService] [DiscoveryClient-CacheRefreshExecutor-0] [                                                 ] o.s.web.client.RestTemplate              : HTTP GET http://localhost:8761/eureka/apps/delta
2026-02-22T11:31:06.944+05:30 DEBUG 1700 --- [productService] [DiscoveryClient-CacheRefreshExecutor-0] [                                                 ] o.s.web.client.RestTemplate              : Accept=[application/json, application/*+json]
2026-02-22T11:31:06.964+05:30 DEBUG 1700 --- [productService] [DiscoveryClient-CacheRefreshExecutor-0] [                                                 ] o.s.web.client.RestTemplate              : Response 200 OK
2026-02-22T11:31:06.965+05:30 DEBUG 1700 --- [productService] [DiscoveryClient-CacheRefreshExecutor-0] [                                                 ] o.s.web.client.RestTemplate              : Reading to [org.springframework.cloud.netflix.eureka.http.EurekaApplications]
2026-02-22T11:31:10.304+05:30 DEBUG 1700 --- [productService] [DiscoveryClient-HeartbeatExecutor-0] [                                                 ] o.s.web.client.RestTemplate              : HTTP PUT http://localhost:8761/eureka/apps/PRODUCTSERVICE/DESKTOP-ECRRR37.mshome.net:productService:8082?status=UP&lastDirtyTimestamp=1771738546502
2026-02-22T11:31:10.304+05:30 DEBUG 1700 --- [productService] [DiscoveryClient-HeartbeatExecutor-0] [                                                 ] o.s.web.client.RestTemplate              : Accept=[application/json, application/*+json]
2026-02-22T11:31:10.336+05:30 DEBUG 1700 --- [productService] [DiscoveryClient-HeartbeatExecutor-0] [                                                 ] o.s.web.client.RestTemplate              : Response 200 OK
2026-02-22T11:31:36.980+05:30 DEBUG 1700 --- [productService] [DiscoveryClient-CacheRefreshExecutor-0] [                                                 ] o.s.web.client.RestTemplate              : HTTP GET http://localhost:8761/eureka/apps/delta
2026-02-22T11:31:36.981+05:30 DEBUG 1700 --- [productService] [DiscoveryClient-CacheRefreshExecutor-0] [                                                 ] o.s.web.client.RestTemplate              : Accept=[application/json, application/*+json]
2026-02-22T11:31:36.999+05:30 DEBUG 1700 --- [productService] [DiscoveryClient-CacheRefreshExecutor-0] [                                                 ] o.s.web.client.RestTemplate              : Response 200 OK
2026-02-22T11:31:37.001+05:30 DEBUG 1700 --- [productService] [DiscoveryClient-CacheRefreshExecutor-0] [                                                 ] o.s.web.client.RestTemplate              : Reading to [org.springframework.cloud.netflix.eureka.http.EurekaApplications]
2026-02-22T11:31:40.345+05:30 DEBUG 1700 --- [productService] [DiscoveryClient-HeartbeatExecutor-0] [                                                 ] o.s.web.client.RestTemplate              : HTTP PUT http://localhost:8761/eureka/apps/PRODUCTSERVICE/DESKTOP-ECRRR37.mshome.net:productService:8082?status=UP&lastDirtyTimestamp=1771738546502
2026-02-22T11:31:40.345+05:30 DEBUG 1700 --- [productService] [DiscoveryClient-HeartbeatExecutor-0] [                                                 ] o.s.web.client.RestTemplate              : Accept=[application/json, application/*+json]
2026-02-22T11:31:40.364+05:30 DEBUG 1700 --- [productService] [DiscoveryClient-HeartbeatExecutor-0] [                                                 ] o.s.web.client.RestTemplate              : Response 200 OK
2026-02-22T11:32:07.053+05:30 DEBUG 1700 --- [productService] [DiscoveryClient-CacheRefreshExecutor-0] [                                                 ] o.s.web.client.RestTemplate              : HTTP GET http://localhost:8761/eureka/apps/delta
2026-02-22T11:32:07.055+05:30 DEBUG 1700 --- [productService] [DiscoveryClient-CacheRefreshExecutor-0] [                                                 ] o.s.web.client.RestTemplate              : Accept=[application/json, application/*+json]
2026-02-22T11:32:07.070+05:30 DEBUG 1700 --- [productService] [DiscoveryClient-CacheRefreshExecutor-0] [                                                 ] o.s.web.client.RestTemplate              : Response 200 OK
2026-02-22T11:32:07.071+05:30 DEBUG 1700 --- [productService] [DiscoveryClient-CacheRefreshExecutor-0] [                                                 ] o.s.web.client.RestTemplate              : Reading to [org.springframework.cloud.netflix.eureka.http.EurekaApplications]
2026-02-22T11:32:10.378+05:30 DEBUG 1700 --- [productService] [DiscoveryClient-HeartbeatExecutor-0] [                                                 ] o.s.web.client.RestTemplate              : HTTP PUT http://localhost:8761/eureka/apps/PRODUCTSERVICE/DESKTOP-ECRRR37.mshome.net:productService:8082?status=UP&lastDirtyTimestamp=1771738546502
2026-02-22T11:32:10.382+05:30 DEBUG 1700 --- [productService] [DiscoveryClient-HeartbeatExecutor-0] [                                                 ] o.s.web.client.RestTemplate              : Accept=[application/json, application/*+json]
2026-02-22T11:32:10.404+05:30 DEBUG 1700 --- [productService] [DiscoveryClient-HeartbeatExecutor-0] [                                                 ] o.s.web.client.RestTemplate              : Response 200 OK
2026-02-22T11:32:37.216+05:30 DEBUG 1700 --- [productService] [DiscoveryClient-CacheRefreshExecutor-0] [                                                 ] o.s.web.client.RestTemplate              : HTTP GET http://localhost:8761/eureka/apps/delta
2026-02-22T11:32:37.217+05:30 DEBUG 1700 --- [productService] [DiscoveryClient-CacheRefreshExecutor-0] [                                                 ] o.s.web.client.RestTemplate              : Accept=[application/json, application/*+json]
2026-02-22T11:32:37.304+05:30 DEBUG 1700 --- [productService] [DiscoveryClient-CacheRefreshExecutor-0] [                                                 ] o.s.web.client.RestTemplate              : Response 200 OK
2026-02-22T11:32:37.306+05:30 DEBUG 1700 --- [productService] [DiscoveryClient-CacheRefreshExecutor-0] [                                                 ] o.s.web.client.RestTemplate              : Reading to [org.springframework.cloud.netflix.eureka.http.EurekaApplications]
2026-02-22T11:32:40.418+05:30 DEBUG 1700 --- [productService] [DiscoveryClient-HeartbeatExecutor-0] [                                                 ] o.s.web.client.RestTemplate              : HTTP PUT http://localhost:8761/eureka/apps/PRODUCTSERVICE/DESKTOP-ECRRR37.mshome.net:productService:8082?status=UP&lastDirtyTimestamp=1771738546502
2026-02-22T11:32:40.420+05:30 DEBUG 1700 --- [productService] [DiscoveryClient-HeartbeatExecutor-0] [                                                 ] o.s.web.client.RestTemplate              : Accept=[application/json, application/*+json]
2026-02-22T11:32:40.436+05:30 DEBUG 1700 --- [productService] [DiscoveryClient-HeartbeatExecutor-0] [                                                 ] o.s.web.client.RestTemplate              : Response 200 OK
2026-02-22T11:33:07.336+05:30 DEBUG 1700 --- [productService] [DiscoveryClient-CacheRefreshExecutor-0] [                                                 ] o.s.web.client.RestTemplate              : HTTP GET http://localhost:8761/eureka/apps/delta
2026-02-22T11:33:07.336+05:30 DEBUG 1700 --- [productService] [DiscoveryClient-CacheRefreshExecutor-0] [                                                 ] o.s.web.client.RestTemplate              : Accept=[application/json, application/*+json]
2026-02-22T11:33:07.353+05:30 DEBUG 1700 --- [productService] [DiscoveryClient-CacheRefreshExecutor-0] [                                                 ] o.s.web.client.RestTemplate              : Response 200 OK
2026-02-22T11:33:07.353+05:30 DEBUG 1700 --- [productService] [DiscoveryClient-CacheRefreshExecutor-0] [                                                 ] o.s.web.client.RestTemplate              : Reading to [org.springframework.cloud.netflix.eureka.http.EurekaApplications]
2026-02-22T11:33:10.441+05:30 DEBUG 1700 --- [productService] [DiscoveryClient-HeartbeatExecutor-0] [                                                 ] o.s.web.client.RestTemplate              : HTTP PUT http://localhost:8761/eureka/apps/PRODUCTSERVICE/DESKTOP-ECRRR37.mshome.net:productService:8082?status=UP&lastDirtyTimestamp=1771738546502
2026-02-22T11:33:10.441+05:30 DEBUG 1700 --- [productService] [DiscoveryClient-HeartbeatExecutor-0] [                                                 ] o.s.web.client.RestTemplate              : Accept=[application/json, application/*+json]
2026-02-22T11:33:10.456+05:30 DEBUG 1700 --- [productService] [DiscoveryClient-HeartbeatExecutor-0] [                                                 ] o.s.web.client.RestTemplate              : Response 200 OK
2026-02-22T11:33:37.366+05:30 DEBUG 1700 --- [productService] [DiscoveryClient-CacheRefreshExecutor-0] [                                                 ] o.s.web.client.RestTemplate              : HTTP GET http://localhost:8761/eureka/apps/delta
2026-02-22T11:33:37.367+05:30 DEBUG 1700 --- [productService] [DiscoveryClient-CacheRefreshExecutor-0] [                                                 ] o.s.web.client.RestTemplate              : Accept=[application/json, application/*+json]
2026-02-22T11:33:37.386+05:30 DEBUG 1700 --- [productService] [DiscoveryClient-CacheRefreshExecutor-0] [                                                 ] o.s.web.client.RestTemplate              : Response 200 OK
2026-02-22T11:33:37.386+05:30 DEBUG 1700 --- [productService] [DiscoveryClient-CacheRefreshExecutor-0] [                                                 ] o.s.web.client.RestTemplate              : Reading to [org.springframework.cloud.netflix.eureka.http.EurekaApplications]
2026-02-22T11:33:40.470+05:30 DEBUG 1700 --- [productService] [DiscoveryClient-HeartbeatExecutor-0] [                                                 ] o.s.web.client.RestTemplate              : HTTP PUT http://localhost:8761/eureka/apps/PRODUCTSERVICE/DESKTOP-ECRRR37.mshome.net:productService:8082?status=UP&lastDirtyTimestamp=1771738546502
2026-02-22T11:33:40.471+05:30 DEBUG 1700 --- [productService] [DiscoveryClient-HeartbeatExecutor-0] [                                                 ] o.s.web.client.RestTemplate              : Accept=[application/json, application/*+json]
2026-02-22T11:33:40.487+05:30 DEBUG 1700 --- [productService] [DiscoveryClient-HeartbeatExecutor-0] [                                                 ] o.s.web.client.RestTemplate              : Response 200 OK
2026-02-22T11:33:45.876+05:30 DEBUG 1700 --- [productService] [AsyncReporter{org.springframework.boot.actuate.autoconfigure.tracing.zipkin.ZipkinRestTemplateSender@3516b881}] [                                                 ] o.s.web.client.RestTemplate              : HTTP POST http://localhost:9411/api/v2/spans
2026-02-22T11:33:45.894+05:30 DEBUG 1700 --- [productService] [AsyncReporter{org.springframework.boot.actuate.autoconfigure.tracing.zipkin.ZipkinRestTemplateSender@3516b881}] [                                                 ] o.s.web.client.RestTemplate              : Accept=[application/json, application/*+json]
2026-02-22T11:33:45.896+05:30 DEBUG 1700 --- [productService] [AsyncReporter{org.springframework.boot.actuate.autoconfigure.tracing.zipkin.ZipkinRestTemplateSender@3516b881}] [                                                 ] o.s.web.client.RestTemplate              : Writing [[B@6a6e0f0e] as "application/json"
2026-02-22T11:33:45.962+05:30 DEBUG 1700 --- [productService] [AsyncReporter{org.springframework.boot.actuate.autoconfigure.tracing.zipkin.ZipkinRestTemplateSender@3516b881}] [                                                 ] o.s.web.client.RestTemplate              : Response 202 ACCEPTED
2026-02-22T11:34:07.552+05:30 DEBUG 1700 --- [productService] [DiscoveryClient-CacheRefreshExecutor-0] [                                                 ] o.s.web.client.RestTemplate              : HTTP GET http://localhost:8761/eureka/apps/delta
2026-02-22T11:34:07.843+05:30 DEBUG 1700 --- [productService] [DiscoveryClient-CacheRefreshExecutor-0] [                                                 ] o.s.web.client.RestTemplate              : Accept=[application/json, application/*+json]
2026-02-22T11:34:08.072+05:30 DEBUG 1700 --- [productService] [DiscoveryClient-CacheRefreshExecutor-0] [                                                 ] o.s.web.client.RestTemplate              : Response 200 OK
2026-02-22T11:34:08.206+05:30 DEBUG 1700 --- [productService] [DiscoveryClient-CacheRefreshExecutor-0] [                                                 ] o.s.web.client.RestTemplate              : Reading to [org.springframework.cloud.netflix.eureka.http.EurekaApplications]
2026-02-22T11:34:08.172+05:30 DEBUG 1700 --- [productService] [AsyncReporter{org.springframework.boot.actuate.autoconfigure.tracing.zipkin.ZipkinRestTemplateSender@3516b881}] [                                                 ] o.s.web.client.RestTemplate              : HTTP POST http://localhost:9411/api/v2/spans
2026-02-22T11:34:08.263+05:30 DEBUG 1700 --- [productService] [AsyncReporter{org.springframework.boot.actuate.autoconfigure.tracing.zipkin.ZipkinRestTemplateSender@3516b881}] [                                                 ] o.s.web.client.RestTemplate              : Accept=[application/json, application/*+json]
2026-02-22T11:34:08.263+05:30 DEBUG 1700 --- [productService] [AsyncReporter{org.springframework.boot.actuate.autoconfigure.tracing.zipkin.ZipkinRestTemplateSender@3516b881}] [                                                 ] o.s.web.client.RestTemplate              : Writing [[B@7561357e] as "application/json"
2026-02-22T11:34:09.638+05:30 DEBUG 1700 --- [productService] [AsyncReporter{org.springframework.boot.actuate.autoconfigure.tracing.zipkin.ZipkinRestTemplateSender@3516b881}] [                                                 ] o.s.web.client.RestTemplate              : Response 202 ACCEPTED
2026-02-22T11:34:10.503+05:30 DEBUG 1700 --- [productService] [DiscoveryClient-HeartbeatExecutor-0] [                                                 ] o.s.web.client.RestTemplate              : HTTP PUT http://localhost:8761/eureka/apps/PRODUCTSERVICE/DESKTOP-ECRRR37.mshome.net:productService:8082?status=UP&lastDirtyTimestamp=1771738546502
2026-02-22T11:34:10.504+05:30 DEBUG 1700 --- [productService] [DiscoveryClient-HeartbeatExecutor-0] [                                                 ] o.s.web.client.RestTemplate              : Accept=[application/json, application/*+json]
2026-02-22T11:34:10.527+05:30 DEBUG 1700 --- [productService] [DiscoveryClient-HeartbeatExecutor-0] [                                                 ] o.s.web.client.RestTemplate              : Response 200 OK
2026-02-22T11:34:38.730+05:30 DEBUG 1700 --- [productService] [DiscoveryClient-CacheRefreshExecutor-0] [                                                 ] o.s.web.client.RestTemplate              : HTTP GET http://localhost:8761/eureka/apps/delta
2026-02-22T11:34:38.734+05:30 DEBUG 1700 --- [productService] [DiscoveryClient-CacheRefreshExecutor-0] [                                                 ] o.s.web.client.RestTemplate              : Accept=[application/json, application/*+json]
2026-02-22T11:34:38.758+05:30 DEBUG 1700 --- [productService] [DiscoveryClient-CacheRefreshExecutor-0] [                                                 ] o.s.web.client.RestTemplate              : Response 200 OK
2026-02-22T11:34:38.761+05:30 DEBUG 1700 --- [productService] [DiscoveryClient-CacheRefreshExecutor-0] [                                                 ] o.s.web.client.RestTemplate              : Reading to [org.springframework.cloud.netflix.eureka.http.EurekaApplications]
2026-02-22T11:34:40.647+05:30 DEBUG 1700 --- [productService] [DiscoveryClient-HeartbeatExecutor-0] [                                                 ] o.s.web.client.RestTemplate              : HTTP PUT http://localhost:8761/eureka/apps/PRODUCTSERVICE/DESKTOP-ECRRR37.mshome.net:productService:8082?status=UP&lastDirtyTimestamp=1771738546502
2026-02-22T11:34:40.648+05:30 DEBUG 1700 --- [productService] [DiscoveryClient-HeartbeatExecutor-0] [                                                 ] o.s.web.client.RestTemplate              : Accept=[application/json, application/*+json]
2026-02-22T11:34:40.662+05:30 DEBUG 1700 --- [productService] [DiscoveryClient-HeartbeatExecutor-0] [                                                 ] o.s.web.client.RestTemplate              : Response 200 OK
2026-02-22T11:35:08.783+05:30 DEBUG 1700 --- [productService] [DiscoveryClient-CacheRefreshExecutor-0] [                                                 ] o.s.web.client.RestTemplate              : HTTP GET http://localhost:8761/eureka/apps/delta
2026-02-22T11:35:08.785+05:30 DEBUG 1700 --- [productService] [DiscoveryClient-CacheRefreshExecutor-0] [                                                 ] o.s.web.client.RestTemplate              : Accept=[application/json, application/*+json]
2026-02-22T11:35:08.799+05:30 DEBUG 1700 --- [productService] [DiscoveryClient-CacheRefreshExecutor-0] [                                                 ] o.s.web.client.RestTemplate              : Response 200 OK
2026-02-22T11:35:08.799+05:30 DEBUG 1700 --- [productService] [DiscoveryClient-CacheRefreshExecutor-0] [                                                 ] o.s.web.client.RestTemplate              : Reading to [org.springframework.cloud.netflix.eureka.http.EurekaApplications]
2026-02-22T11:35:10.669+05:30 DEBUG 1700 --- [productService] [DiscoveryClient-HeartbeatExecutor-0] [                                                 ] o.s.web.client.RestTemplate              : HTTP PUT http://localhost:8761/eureka/apps/PRODUCTSERVICE/DESKTOP-ECRRR37.mshome.net:productService:8082?status=UP&lastDirtyTimestamp=1771738546502
2026-02-22T11:35:10.669+05:30 DEBUG 1700 --- [productService] [DiscoveryClient-HeartbeatExecutor-0] [                                                 ] o.s.web.client.RestTemplate              : Accept=[application/json, application/*+json]
2026-02-22T11:35:10.673+05:30 DEBUG 1700 --- [productService] [DiscoveryClient-HeartbeatExecutor-0] [                                                 ] o.s.web.client.RestTemplate              : Response 200 OK
2026-02-22T11:35:38.806+05:30 DEBUG 1700 --- [productService] [DiscoveryClient-CacheRefreshExecutor-0] [                                                 ] o.s.web.client.RestTemplate              : HTTP GET http://localhost:8761/eureka/apps/delta
2026-02-22T11:35:38.807+05:30 DEBUG 1700 --- [productService] [DiscoveryClient-CacheRefreshExecutor-0] [                                                 ] o.s.web.client.RestTemplate              : Accept=[application/json, application/*+json]
2026-02-22T11:35:38.824+05:30 DEBUG 1700 --- [productService] [DiscoveryClient-CacheRefreshExecutor-0] [                                                 ] o.s.web.client.RestTemplate              : Response 200 OK
2026-02-22T11:35:38.826+05:30 DEBUG 1700 --- [productService] [DiscoveryClient-CacheRefreshExecutor-0] [                                                 ] o.s.web.client.RestTemplate              : Reading to [org.springframework.cloud.netflix.eureka.http.EurekaApplications]
2026-02-22T11:35:40.761+05:30 DEBUG 1700 --- [productService] [DiscoveryClient-HeartbeatExecutor-0] [                                                 ] o.s.web.client.RestTemplate              : HTTP PUT http://localhost:8761/eureka/apps/PRODUCTSERVICE/DESKTOP-ECRRR37.mshome.net:productService:8082?status=UP&lastDirtyTimestamp=1771738546502
2026-02-22T11:35:40.831+05:30 DEBUG 1700 --- [productService] [DiscoveryClient-HeartbeatExecutor-0] [                                                 ] o.s.web.client.RestTemplate              : Accept=[application/json, application/*+json]
2026-02-22T11:35:40.848+05:30 DEBUG 1700 --- [productService] [DiscoveryClient-HeartbeatExecutor-0] [                                                 ] o.s.web.client.RestTemplate              : Response 200 OK
2026-02-22T11:35:47.459+05:30  INFO 1700 --- [productService] [AsyncResolver-bootstrap-executor-0] [                                                 ] c.n.d.s.r.aws.ConfigClusterResolver      : Resolving eureka endpoints via configuration
2026-02-22T11:36:08.839+05:30 DEBUG 1700 --- [productService] [DiscoveryClient-CacheRefreshExecutor-0] [                                                 ] o.s.web.client.RestTemplate              : HTTP GET http://localhost:8761/eureka/apps/delta
2026-02-22T11:36:08.840+05:30 DEBUG 1700 --- [productService] [DiscoveryClient-CacheRefreshExecutor-0] [                                                 ] o.s.web.client.RestTemplate              : Accept=[application/json, application/*+json]
2026-02-22T11:36:08.856+05:30 DEBUG 1700 --- [productService] [DiscoveryClient-CacheRefreshExecutor-0] [                                                 ] o.s.web.client.RestTemplate              : Response 200 OK
2026-02-22T11:36:08.857+05:30 DEBUG 1700 --- [productService] [DiscoveryClient-CacheRefreshExecutor-0] [                                                 ] o.s.web.client.RestTemplate              : Reading to [org.springframework.cloud.netflix.eureka.http.EurekaApplications]
2026-02-22T11:36:10.862+05:30 DEBUG 1700 --- [productService] [DiscoveryClient-HeartbeatExecutor-0] [                                                 ] o.s.web.client.RestTemplate              : HTTP PUT http://localhost:8761/eureka/apps/PRODUCTSERVICE/DESKTOP-ECRRR37.mshome.net:productService:8082?status=UP&lastDirtyTimestamp=1771738546502
2026-02-22T11:36:10.862+05:30 DEBUG 1700 --- [productService] [DiscoveryClient-HeartbeatExecutor-0] [                                                 ] o.s.web.client.RestTemplate              : Accept=[application/json, application/*+json]
2026-02-22T11:36:10.882+05:30 DEBUG 1700 --- [productService] [DiscoveryClient-HeartbeatExecutor-0] [                                                 ] o.s.web.client.RestTemplate              : Response 200 OK
2026-02-22T11:36:38.871+05:30 DEBUG 1700 --- [productService] [DiscoveryClient-CacheRefreshExecutor-0] [                                                 ] o.s.web.client.RestTemplate              : HTTP GET http://localhost:8761/eureka/apps/delta
2026-02-22T11:36:38.873+05:30 DEBUG 1700 --- [productService] [DiscoveryClient-CacheRefreshExecutor-0] [                                                 ] o.s.web.client.RestTemplate              : Accept=[application/json, application/*+json]
2026-02-22T11:36:38.891+05:30 DEBUG 1700 --- [productService] [DiscoveryClient-CacheRefreshExecutor-0] [                                                 ] o.s.web.client.RestTemplate              : Response 200 OK
2026-02-22T11:36:38.896+05:30 DEBUG 1700 --- [productService] [DiscoveryClient-CacheRefreshExecutor-0] [                                                 ] o.s.web.client.RestTemplate              : Reading to [org.springframework.cloud.netflix.eureka.http.EurekaApplications]
2026-02-22T11:36:40.899+05:30 DEBUG 1700 --- [productService] [DiscoveryClient-HeartbeatExecutor-0] [                                                 ] o.s.web.client.RestTemplate              : HTTP PUT http://localhost:8761/eureka/apps/PRODUCTSERVICE/DESKTOP-ECRRR37.mshome.net:productService:8082?status=UP&lastDirtyTimestamp=1771738546502
2026-02-22T11:36:40.904+05:30 DEBUG 1700 --- [productService] [DiscoveryClient-HeartbeatExecutor-0] [                                                 ] o.s.web.client.RestTemplate              : Accept=[application/json, application/*+json]
2026-02-22T11:36:40.944+05:30 DEBUG 1700 --- [productService] [DiscoveryClient-HeartbeatExecutor-0] [                                                 ] o.s.web.client.RestTemplate              : Response 200 OK
2026-02-22T11:37:08.922+05:30 DEBUG 1700 --- [productService] [DiscoveryClient-CacheRefreshExecutor-0] [                                                 ] o.s.web.client.RestTemplate              : HTTP GET http://localhost:8761/eureka/apps/delta
2026-02-22T11:37:08.923+05:30 DEBUG 1700 --- [productService] [DiscoveryClient-CacheRefreshExecutor-0] [                                                 ] o.s.web.client.RestTemplate              : Accept=[application/json, application/*+json]
2026-02-22T11:37:08.940+05:30 DEBUG 1700 --- [productService] [DiscoveryClient-CacheRefreshExecutor-0] [                                                 ] o.s.web.client.RestTemplate              : Response 200 OK
2026-02-22T11:37:08.941+05:30 DEBUG 1700 --- [productService] [DiscoveryClient-CacheRefreshExecutor-0] [                                                 ] o.s.web.client.RestTemplate              : Reading to [org.springframework.cloud.netflix.eureka.http.EurekaApplications]
2026-02-22T11:37:10.964+05:30 DEBUG 1700 --- [productService] [DiscoveryClient-HeartbeatExecutor-0] [                                                 ] o.s.web.client.RestTemplate              : HTTP PUT http://localhost:8761/eureka/apps/PRODUCTSERVICE/DESKTOP-ECRRR37.mshome.net:productService:8082?status=UP&lastDirtyTimestamp=1771738546502
2026-02-22T11:37:10.964+05:30 DEBUG 1700 --- [productService] [DiscoveryClient-HeartbeatExecutor-0] [                                                 ] o.s.web.client.RestTemplate              : Accept=[application/json, application/*+json]
2026-02-22T11:37:10.986+05:30 DEBUG 1700 --- [productService] [DiscoveryClient-HeartbeatExecutor-0] [                                                 ] o.s.web.client.RestTemplate              : Response 200 OK
2026-02-22T11:37:38.978+05:30 DEBUG 1700 --- [productService] [DiscoveryClient-CacheRefreshExecutor-0] [                                                 ] o.s.web.client.RestTemplate              : HTTP GET http://localhost:8761/eureka/apps/delta
2026-02-22T11:37:38.979+05:30 DEBUG 1700 --- [productService] [DiscoveryClient-CacheRefreshExecutor-0] [                                                 ] o.s.web.client.RestTemplate              : Accept=[application/json, application/*+json]
2026-02-22T11:37:38.987+05:30 DEBUG 1700 --- [productService] [DiscoveryClient-CacheRefreshExecutor-0] [                                                 ] o.s.web.client.RestTemplate              : Response 200 OK
2026-02-22T11:37:38.988+05:30 DEBUG 1700 --- [productService] [DiscoveryClient-CacheRefreshExecutor-0] [                                                 ] o.s.web.client.RestTemplate              : Reading to [org.springframework.cloud.netflix.eureka.http.EurekaApplications]
2026-02-22T11:37:40.992+05:30 DEBUG 1700 --- [productService] [DiscoveryClient-HeartbeatExecutor-0] [                                                 ] o.s.web.client.RestTemplate              : HTTP PUT http://localhost:8761/eureka/apps/PRODUCTSERVICE/DESKTOP-ECRRR37.mshome.net:productService:8082?status=UP&lastDirtyTimestamp=1771738546502
2026-02-22T11:37:40.992+05:30 DEBUG 1700 --- [productService] [DiscoveryClient-HeartbeatExecutor-0] [                                                 ] o.s.web.client.RestTemplate              : Accept=[application/json, application/*+json]
2026-02-22T11:37:40.997+05:30 DEBUG 1700 --- [productService] [DiscoveryClient-HeartbeatExecutor-0] [                                                 ] o.s.web.client.RestTemplate              : Response 200 OK
2026-02-22T11:37:58.929+05:30 DEBUG 1700 --- [productService] [AsyncReporter{org.springframework.boot.actuate.autoconfigure.tracing.zipkin.ZipkinRestTemplateSender@3516b881}] [                                                 ] o.s.web.client.RestTemplate              : HTTP POST http://localhost:9411/api/v2/spans
2026-02-22T11:37:58.951+05:30 DEBUG 1700 --- [productService] [AsyncReporter{org.springframework.boot.actuate.autoconfigure.tracing.zipkin.ZipkinRestTemplateSender@3516b881}] [                                                 ] o.s.web.client.RestTemplate              : Accept=[application/json, application/*+json]
2026-02-22T11:37:58.954+05:30 DEBUG 1700 --- [productService] [AsyncReporter{org.springframework.boot.actuate.autoconfigure.tracing.zipkin.ZipkinRestTemplateSender@3516b881}] [                                                 ] o.s.web.client.RestTemplate              : Writing [[B@4e6055f7] as "application/json"
2026-02-22T11:37:59.023+05:30 DEBUG 1700 --- [productService] [AsyncReporter{org.springframework.boot.actuate.autoconfigure.tracing.zipkin.ZipkinRestTemplateSender@3516b881}] [                                                 ] o.s.web.client.RestTemplate              : Response 202 ACCEPTED
2026-02-22T11:38:00.037+05:30 DEBUG 1700 --- [productService] [AsyncReporter{org.springframework.boot.actuate.autoconfigure.tracing.zipkin.ZipkinRestTemplateSender@3516b881}] [                                                 ] o.s.web.client.RestTemplate              : HTTP POST http://localhost:9411/api/v2/spans
2026-02-22T11:38:00.045+05:30 DEBUG 1700 --- [productService] [AsyncReporter{org.springframework.boot.actuate.autoconfigure.tracing.zipkin.ZipkinRestTemplateSender@3516b881}] [                                                 ] o.s.web.client.RestTemplate              : Accept=[application/json, application/*+json]
2026-02-22T11:38:00.053+05:30 DEBUG 1700 --- [productService] [AsyncReporter{org.springframework.boot.actuate.autoconfigure.tracing.zipkin.ZipkinRestTemplateSender@3516b881}] [                                                 ] o.s.web.client.RestTemplate              : Writing [[B@1f82d117] as "application/json"
2026-02-22T11:38:00.090+05:30 DEBUG 1700 --- [productService] [AsyncReporter{org.springframework.boot.actuate.autoconfigure.tracing.zipkin.ZipkinRestTemplateSender@3516b881}] [                                                 ] o.s.web.client.RestTemplate              : Response 202 ACCEPTED
2026-02-22T11:38:09.151+05:30 DEBUG 1700 --- [productService] [DiscoveryClient-CacheRefreshExecutor-0] [                                                 ] o.s.web.client.RestTemplate              : HTTP GET http://localhost:8761/eureka/apps/delta
2026-02-22T11:38:09.305+05:30 DEBUG 1700 --- [productService] [DiscoveryClient-CacheRefreshExecutor-0] [                                                 ] o.s.web.client.RestTemplate              : Accept=[application/json, application/*+json]
2026-02-22T11:38:09.577+05:30 DEBUG 1700 --- [productService] [DiscoveryClient-CacheRefreshExecutor-0] [                                                 ] o.s.web.client.RestTemplate              : Response 200 OK
2026-02-22T11:38:11.169+05:30 DEBUG 1700 --- [productService] [DiscoveryClient-CacheRefreshExecutor-0] [                                                 ] o.s.web.client.RestTemplate              : Reading to [org.springframework.cloud.netflix.eureka.http.EurekaApplications]
2026-02-22T11:38:11.169+05:30 DEBUG 1700 --- [productService] [DiscoveryClient-HeartbeatExecutor-0] [                                                 ] o.s.web.client.RestTemplate              : HTTP PUT http://localhost:8761/eureka/apps/PRODUCTSERVICE/DESKTOP-ECRRR37.mshome.net:productService:8082?status=UP&lastDirtyTimestamp=1771738546502
2026-02-22T11:38:11.438+05:30 DEBUG 1700 --- [productService] [DiscoveryClient-HeartbeatExecutor-0] [                                                 ] o.s.web.client.RestTemplate              : Accept=[application/json, application/*+json]
2026-02-22T11:38:11.620+05:30 DEBUG 1700 --- [productService] [DiscoveryClient-HeartbeatExecutor-0] [                                                 ] o.s.web.client.RestTemplate              : Response 200 OK
2026-02-22T11:38:41.450+05:30 DEBUG 1700 --- [productService] [DiscoveryClient-CacheRefreshExecutor-0] [                                                 ] o.s.web.client.RestTemplate              : HTTP GET http://localhost:8761/eureka/apps/delta
2026-02-22T11:38:41.455+05:30 DEBUG 1700 --- [productService] [DiscoveryClient-CacheRefreshExecutor-0] [                                                 ] o.s.web.client.RestTemplate              : Accept=[application/json, application/*+json]
2026-02-22T11:38:41.471+05:30 DEBUG 1700 --- [productService] [DiscoveryClient-CacheRefreshExecutor-0] [                                                 ] o.s.web.client.RestTemplate              : Response 200 OK
2026-02-22T11:38:41.473+05:30 DEBUG 1700 --- [productService] [DiscoveryClient-CacheRefreshExecutor-0] [                                                 ] o.s.web.client.RestTemplate              : Reading to [org.springframework.cloud.netflix.eureka.http.EurekaApplications]
2026-02-22T11:38:41.821+05:30 DEBUG 1700 --- [productService] [DiscoveryClient-HeartbeatExecutor-0] [                                                 ] o.s.web.client.RestTemplate              : HTTP PUT http://localhost:8761/eureka/apps/PRODUCTSERVICE/DESKTOP-ECRRR37.mshome.net:productService:8082?status=UP&lastDirtyTimestamp=1771738546502
2026-02-22T11:38:41.826+05:30 DEBUG 1700 --- [productService] [DiscoveryClient-HeartbeatExecutor-0] [                                                 ] o.s.web.client.RestTemplate              : Accept=[application/json, application/*+json]
2026-02-22T11:38:41.842+05:30 DEBUG 1700 --- [productService] [DiscoveryClient-HeartbeatExecutor-0] [                                                 ] o.s.web.client.RestTemplate              : Response 200 OK
2026-02-22T11:39:11.486+05:30 DEBUG 1700 --- [productService] [DiscoveryClient-CacheRefreshExecutor-0] [                                                 ] o.s.web.client.RestTemplate              : HTTP GET http://localhost:8761/eureka/apps/delta
2026-02-22T11:39:11.486+05:30 DEBUG 1700 --- [productService] [DiscoveryClient-CacheRefreshExecutor-0] [                                                 ] o.s.web.client.RestTemplate              : Accept=[application/json, application/*+json]
2026-02-22T11:39:11.504+05:30 DEBUG 1700 --- [productService] [DiscoveryClient-CacheRefreshExecutor-0] [                                                 ] o.s.web.client.RestTemplate              : Response 200 OK
2026-02-22T11:39:11.505+05:30 DEBUG 1700 --- [productService] [DiscoveryClient-CacheRefreshExecutor-0] [                                                 ] o.s.web.client.RestTemplate              : Reading to [org.springframework.cloud.netflix.eureka.http.EurekaApplications]
2026-02-22T11:39:11.844+05:30 DEBUG 1700 --- [productService] [DiscoveryClient-HeartbeatExecutor-0] [                                                 ] o.s.web.client.RestTemplate              : HTTP PUT http://localhost:8761/eureka/apps/PRODUCTSERVICE/DESKTOP-ECRRR37.mshome.net:productService:8082?status=UP&lastDirtyTimestamp=1771738546502
2026-02-22T11:39:11.844+05:30 DEBUG 1700 --- [productService] [DiscoveryClient-HeartbeatExecutor-0] [                                                 ] o.s.web.client.RestTemplate              : Accept=[application/json, application/*+json]
2026-02-22T11:39:11.850+05:30 DEBUG 1700 --- [productService] [DiscoveryClient-HeartbeatExecutor-0] [                                                 ] o.s.web.client.RestTemplate              : Response 200 OK
2026-02-22T11:39:41.533+05:30 DEBUG 1700 --- [productService] [DiscoveryClient-CacheRefreshExecutor-0] [                                                 ] o.s.web.client.RestTemplate              : HTTP GET http://localhost:8761/eureka/apps/delta
2026-02-22T11:39:41.534+05:30 DEBUG 1700 --- [productService] [DiscoveryClient-CacheRefreshExecutor-0] [                                                 ] o.s.web.client.RestTemplate              : Accept=[application/json, application/*+json]
2026-02-22T11:39:41.550+05:30 DEBUG 1700 --- [productService] [DiscoveryClient-CacheRefreshExecutor-0] [                                                 ] o.s.web.client.RestTemplate              : Response 200 OK
2026-02-22T11:39:41.551+05:30 DEBUG 1700 --- [productService] [DiscoveryClient-CacheRefreshExecutor-0] [                                                 ] o.s.web.client.RestTemplate              : Reading to [org.springframework.cloud.netflix.eureka.http.EurekaApplications]
2026-02-22T11:39:41.860+05:30 DEBUG 1700 --- [productService] [DiscoveryClient-HeartbeatExecutor-0] [                                                 ] o.s.web.client.RestTemplate              : HTTP PUT http://localhost:8761/eureka/apps/PRODUCTSERVICE/DESKTOP-ECRRR37.mshome.net:productService:8082?status=UP&lastDirtyTimestamp=1771738546502
2026-02-22T11:39:41.861+05:30 DEBUG 1700 --- [productService] [DiscoveryClient-HeartbeatExecutor-0] [                                                 ] o.s.web.client.RestTemplate              : Accept=[application/json, application/*+json]
2026-02-22T11:39:41.870+05:30 DEBUG 1700 --- [productService] [DiscoveryClient-HeartbeatExecutor-0] [                                                 ] o.s.web.client.RestTemplate              : Response 200 OK
2026-02-22T11:40:11.564+05:30 DEBUG 1700 --- [productService] [DiscoveryClient-CacheRefreshExecutor-0] [                                                 ] o.s.web.client.RestTemplate              : HTTP GET http://localhost:8761/eureka/apps/delta
2026-02-22T11:40:11.570+05:30 DEBUG 1700 --- [productService] [DiscoveryClient-CacheRefreshExecutor-0] [                                                 ] o.s.web.client.RestTemplate              : Accept=[application/json, application/*+json]
2026-02-22T11:40:11.582+05:30 DEBUG 1700 --- [productService] [DiscoveryClient-CacheRefreshExecutor-0] [                                                 ] o.s.web.client.RestTemplate              : Response 200 OK
2026-02-22T11:40:11.583+05:30 DEBUG 1700 --- [productService] [DiscoveryClient-CacheRefreshExecutor-0] [                                                 ] o.s.web.client.RestTemplate              : Reading to [org.springframework.cloud.netflix.eureka.http.EurekaApplications]
2026-02-22T11:40:11.874+05:30 DEBUG 1700 --- [productService] [DiscoveryClient-HeartbeatExecutor-0] [                                                 ] o.s.web.client.RestTemplate              : HTTP PUT http://localhost:8761/eureka/apps/PRODUCTSERVICE/DESKTOP-ECRRR37.mshome.net:productService:8082?status=UP&lastDirtyTimestamp=1771738546502
2026-02-22T11:40:11.879+05:30 DEBUG 1700 --- [productService] [DiscoveryClient-HeartbeatExecutor-0] [                                                 ] o.s.web.client.RestTemplate              : Accept=[application/json, application/*+json]
2026-02-22T11:40:11.882+05:30 DEBUG 1700 --- [productService] [DiscoveryClient-HeartbeatExecutor-0] [                                                 ] o.s.web.client.RestTemplate              : Response 200 OK
2026-02-22T11:40:41.594+05:30 DEBUG 1700 --- [productService] [DiscoveryClient-CacheRefreshExecutor-0] [                                                 ] o.s.web.client.RestTemplate              : HTTP GET http://localhost:8761/eureka/apps/delta
2026-02-22T11:40:41.595+05:30 DEBUG 1700 --- [productService] [DiscoveryClient-CacheRefreshExecutor-0] [                                                 ] o.s.web.client.RestTemplate              : Accept=[application/json, application/*+json]
2026-02-22T11:40:41.615+05:30 DEBUG 1700 --- [productService] [DiscoveryClient-CacheRefreshExecutor-0] [                                                 ] o.s.web.client.RestTemplate              : Response 200 OK
2026-02-22T11:40:41.615+05:30 DEBUG 1700 --- [productService] [DiscoveryClient-CacheRefreshExecutor-0] [                                                 ] o.s.web.client.RestTemplate              : Reading to [org.springframework.cloud.netflix.eureka.http.EurekaApplications]
2026-02-22T11:40:41.891+05:30 DEBUG 1700 --- [productService] [DiscoveryClient-HeartbeatExecutor-0] [                                                 ] o.s.web.client.RestTemplate              : HTTP PUT http://localhost:8761/eureka/apps/PRODUCTSERVICE/DESKTOP-ECRRR37.mshome.net:productService:8082?status=UP&lastDirtyTimestamp=1771738546502
2026-02-22T11:40:41.892+05:30 DEBUG 1700 --- [productService] [DiscoveryClient-HeartbeatExecutor-0] [                                                 ] o.s.web.client.RestTemplate              : Accept=[application/json, application/*+json]
2026-02-22T11:40:41.897+05:30 DEBUG 1700 --- [productService] [DiscoveryClient-HeartbeatExecutor-0] [                                                 ] o.s.web.client.RestTemplate              : Response 200 OK
2026-02-22T11:40:50.286+05:30  INFO 1700 --- [productService] [AsyncResolver-bootstrap-executor-0] [                                                 ] c.n.d.s.r.aws.ConfigClusterResolver      : Resolving eureka endpoints via configuration
2026-02-22T11:41:11.901+05:30 DEBUG 1700 --- [productService] [DiscoveryClient-HeartbeatExecutor-0] [                                                 ] o.s.web.client.RestTemplate              : HTTP PUT http://localhost:8761/eureka/apps/PRODUCTSERVICE/DESKTOP-ECRRR37.mshome.net:productService:8082?status=UP&lastDirtyTimestamp=1771738546502
2026-02-22T11:41:11.902+05:30 DEBUG 1700 --- [productService] [DiscoveryClient-HeartbeatExecutor-0] [                                                 ] o.s.web.client.RestTemplate              : Accept=[application/json, application/*+json]
2026-02-22T11:41:11.902+05:30 DEBUG 1700 --- [productService] [DiscoveryClient-CacheRefreshExecutor-0] [                                                 ] o.s.web.client.RestTemplate              : HTTP GET http://localhost:8761/eureka/apps/delta
2026-02-22T11:41:11.925+05:30 DEBUG 1700 --- [productService] [DiscoveryClient-HeartbeatExecutor-0] [                                                 ] o.s.web.client.RestTemplate              : Response 200 OK
2026-02-22T11:41:12.109+05:30 DEBUG 1700 --- [productService] [DiscoveryClient-CacheRefreshExecutor-0] [                                                 ] o.s.web.client.RestTemplate              : Accept=[application/json, application/*+json]
2026-02-22T11:41:12.113+05:30 DEBUG 1700 --- [productService] [DiscoveryClient-CacheRefreshExecutor-0] [                                                 ] o.s.web.client.RestTemplate              : Response 200 OK
2026-02-22T11:41:12.114+05:30 DEBUG 1700 --- [productService] [DiscoveryClient-CacheRefreshExecutor-0] [                                                 ] o.s.web.client.RestTemplate              : Reading to [org.springframework.cloud.netflix.eureka.http.EurekaApplications]
2026-02-22T11:41:41.932+05:30 DEBUG 1700 --- [productService] [DiscoveryClient-HeartbeatExecutor-0] [                                                 ] o.s.web.client.RestTemplate              : HTTP PUT http://localhost:8761/eureka/apps/PRODUCTSERVICE/DESKTOP-ECRRR37.mshome.net:productService:8082?status=UP&lastDirtyTimestamp=1771738546502
2026-02-22T11:41:41.934+05:30 DEBUG 1700 --- [productService] [DiscoveryClient-HeartbeatExecutor-0] [                                                 ] o.s.web.client.RestTemplate              : Accept=[application/json, application/*+json]
2026-02-22T11:41:41.952+05:30 DEBUG 1700 --- [productService] [DiscoveryClient-HeartbeatExecutor-0] [                                                 ] o.s.web.client.RestTemplate              : Response 200 OK
2026-02-22T11:41:42.135+05:30 DEBUG 1700 --- [productService] [DiscoveryClient-CacheRefreshExecutor-0] [                                                 ] o.s.web.client.RestTemplate              : HTTP GET http://localhost:8761/eureka/apps/delta
2026-02-22T11:41:42.136+05:30 DEBUG 1700 --- [productService] [DiscoveryClient-CacheRefreshExecutor-0] [                                                 ] o.s.web.client.RestTemplate              : Accept=[application/json, application/*+json]
2026-02-22T11:41:42.146+05:30 DEBUG 1700 --- [productService] [DiscoveryClient-CacheRefreshExecutor-0] [                                                 ] o.s.web.client.RestTemplate              : Response 200 OK
2026-02-22T11:41:42.147+05:30 DEBUG 1700 --- [productService] [DiscoveryClient-CacheRefreshExecutor-0] [                                                 ] o.s.web.client.RestTemplate              : Reading to [org.springframework.cloud.netflix.eureka.http.EurekaApplications]
2026-02-22T11:42:11.970+05:30 DEBUG 1700 --- [productService] [DiscoveryClient-HeartbeatExecutor-0] [                                                 ] o.s.web.client.RestTemplate              : HTTP PUT http://localhost:8761/eureka/apps/PRODUCTSERVICE/DESKTOP-ECRRR37.mshome.net:productService:8082?status=UP&lastDirtyTimestamp=1771738546502
2026-02-22T11:42:11.980+05:30 DEBUG 1700 --- [productService] [DiscoveryClient-HeartbeatExecutor-0] [                                                 ] o.s.web.client.RestTemplate              : Accept=[application/json, application/*+json]
2026-02-22T11:42:12.016+05:30 DEBUG 1700 --- [productService] [DiscoveryClient-HeartbeatExecutor-0] [                                                 ] o.s.web.client.RestTemplate              : Response 200 OK
2026-02-22T11:42:12.172+05:30 DEBUG 1700 --- [productService] [DiscoveryClient-CacheRefreshExecutor-0] [                                                 ] o.s.web.client.RestTemplate              : HTTP GET http://localhost:8761/eureka/apps/delta
2026-02-22T11:42:12.176+05:30 DEBUG 1700 --- [productService] [DiscoveryClient-CacheRefreshExecutor-0] [                                                 ] o.s.web.client.RestTemplate              : Accept=[application/json, application/*+json]
2026-02-22T11:42:12.178+05:30 DEBUG 1700 --- [productService] [DiscoveryClient-CacheRefreshExecutor-0] [                                                 ] o.s.web.client.RestTemplate              : Response 200 OK
2026-02-22T11:42:12.191+05:30 DEBUG 1700 --- [productService] [DiscoveryClient-CacheRefreshExecutor-0] [                                                 ] o.s.web.client.RestTemplate              : Reading to [org.springframework.cloud.netflix.eureka.http.EurekaApplications]
2026-02-22T11:42:42.165+05:30 DEBUG 1700 --- [productService] [DiscoveryClient-HeartbeatExecutor-0] [                                                 ] o.s.web.client.RestTemplate              : HTTP PUT http://localhost:8761/eureka/apps/PRODUCTSERVICE/DESKTOP-ECRRR37.mshome.net:productService:8082?status=UP&lastDirtyTimestamp=1771738546502
2026-02-22T11:42:42.166+05:30 DEBUG 1700 --- [productService] [DiscoveryClient-HeartbeatExecutor-0] [                                                 ] o.s.web.client.RestTemplate              : Accept=[application/json, application/*+json]
2026-02-22T11:42:42.181+05:30 DEBUG 1700 --- [productService] [DiscoveryClient-HeartbeatExecutor-0] [                                                 ] o.s.web.client.RestTemplate              : Response 200 OK
2026-02-22T11:42:42.210+05:30 DEBUG 1700 --- [productService] [DiscoveryClient-CacheRefreshExecutor-0] [                                                 ] o.s.web.client.RestTemplate              : HTTP GET http://localhost:8761/eureka/apps/delta
2026-02-22T11:42:42.210+05:30 DEBUG 1700 --- [productService] [DiscoveryClient-CacheRefreshExecutor-0] [                                                 ] o.s.web.client.RestTemplate              : Accept=[application/json, application/*+json]
2026-02-22T11:42:42.214+05:30 DEBUG 1700 --- [productService] [DiscoveryClient-CacheRefreshExecutor-0] [                                                 ] o.s.web.client.RestTemplate              : Response 200 OK
2026-02-22T11:42:42.216+05:30 DEBUG 1700 --- [productService] [DiscoveryClient-CacheRefreshExecutor-0] [                                                 ] o.s.web.client.RestTemplate              : Reading to [org.springframework.cloud.netflix.eureka.http.EurekaApplications]
2026-02-22T11:43:12.309+05:30 DEBUG 1700 --- [productService] [DiscoveryClient-HeartbeatExecutor-0] [                                                 ] o.s.web.client.RestTemplate              : HTTP PUT http://localhost:8761/eureka/apps/PRODUCTSERVICE/DESKTOP-ECRRR37.mshome.net:productService:8082?status=UP&lastDirtyTimestamp=1771738546502
2026-02-22T11:43:12.460+05:30 DEBUG 1700 --- [productService] [DiscoveryClient-CacheRefreshExecutor-0] [                                                 ] o.s.web.client.RestTemplate              : HTTP GET http://localhost:8761/eureka/apps/delta
2026-02-22T11:43:12.461+05:30 DEBUG 1700 --- [productService] [DiscoveryClient-CacheRefreshExecutor-0] [                                                 ] o.s.web.client.RestTemplate              : Accept=[application/json, application/*+json]
2026-02-22T11:43:12.461+05:30 DEBUG 1700 --- [productService] [DiscoveryClient-HeartbeatExecutor-0] [                                                 ] o.s.web.client.RestTemplate              : Accept=[application/json, application/*+json]
2026-02-22T11:43:12.711+05:30 DEBUG 1700 --- [productService] [DiscoveryClient-HeartbeatExecutor-0] [                                                 ] o.s.web.client.RestTemplate              : Response 200 OK
2026-02-22T11:43:13.297+05:30 DEBUG 1700 --- [productService] [DiscoveryClient-CacheRefreshExecutor-0] [                                                 ] o.s.web.client.RestTemplate              : Response 200 OK
2026-02-22T11:43:13.304+05:30 DEBUG 1700 --- [productService] [DiscoveryClient-CacheRefreshExecutor-0] [                                                 ] o.s.web.client.RestTemplate              : Reading to [org.springframework.cloud.netflix.eureka.http.EurekaApplications]
2026-02-22T11:43:42.960+05:30 DEBUG 1700 --- [productService] [DiscoveryClient-HeartbeatExecutor-0] [                                                 ] o.s.web.client.RestTemplate              : HTTP PUT http://localhost:8761/eureka/apps/PRODUCTSERVICE/DESKTOP-ECRRR37.mshome.net:productService:8082?status=UP&lastDirtyTimestamp=1771738546502
2026-02-22T11:43:42.962+05:30 DEBUG 1700 --- [productService] [DiscoveryClient-HeartbeatExecutor-0] [                                                 ] o.s.web.client.RestTemplate              : Accept=[application/json, application/*+json]
2026-02-22T11:43:42.981+05:30 DEBUG 1700 --- [productService] [DiscoveryClient-HeartbeatExecutor-0] [                                                 ] o.s.web.client.RestTemplate              : Response 200 OK
2026-02-22T11:43:43.316+05:30 DEBUG 1700 --- [productService] [DiscoveryClient-CacheRefreshExecutor-0] [                                                 ] o.s.web.client.RestTemplate              : HTTP GET http://localhost:8761/eureka/apps/delta
2026-02-22T11:43:43.320+05:30 DEBUG 1700 --- [productService] [DiscoveryClient-CacheRefreshExecutor-0] [                                                 ] o.s.web.client.RestTemplate              : Accept=[application/json, application/*+json]
2026-02-22T11:43:43.324+05:30 DEBUG 1700 --- [productService] [DiscoveryClient-CacheRefreshExecutor-0] [                                                 ] o.s.web.client.RestTemplate              : Response 200 OK
2026-02-22T11:43:43.325+05:30 DEBUG 1700 --- [productService] [DiscoveryClient-CacheRefreshExecutor-0] [                                                 ] o.s.web.client.RestTemplate              : Reading to [org.springframework.cloud.netflix.eureka.http.EurekaApplications]
2026-02-22T11:44:13.024+05:30 DEBUG 1700 --- [productService] [DiscoveryClient-HeartbeatExecutor-0] [                                                 ] o.s.web.client.RestTemplate              : HTTP PUT http://localhost:8761/eureka/apps/PRODUCTSERVICE/DESKTOP-ECRRR37.mshome.net:productService:8082?status=UP&lastDirtyTimestamp=1771738546502
2026-02-22T11:44:13.039+05:30 DEBUG 1700 --- [productService] [DiscoveryClient-HeartbeatExecutor-0] [                                                 ] o.s.web.client.RestTemplate              : Accept=[application/json, application/*+json]
2026-02-22T11:44:13.077+05:30 DEBUG 1700 --- [productService] [DiscoveryClient-HeartbeatExecutor-0] [                                                 ] o.s.web.client.RestTemplate              : Response 200 OK
2026-02-22T11:44:13.344+05:30 DEBUG 1700 --- [productService] [DiscoveryClient-CacheRefreshExecutor-0] [                                                 ] o.s.web.client.RestTemplate              : HTTP GET http://localhost:8761/eureka/apps/delta
2026-02-22T11:44:13.453+05:30 DEBUG 1700 --- [productService] [DiscoveryClient-CacheRefreshExecutor-0] [                                                 ] o.s.web.client.RestTemplate              : Accept=[application/json, application/*+json]
2026-02-22T11:44:13.470+05:30 DEBUG 1700 --- [productService] [DiscoveryClient-CacheRefreshExecutor-0] [                                                 ] o.s.web.client.RestTemplate              : Response 200 OK
2026-02-22T11:44:13.477+05:30 DEBUG 1700 --- [productService] [DiscoveryClient-CacheRefreshExecutor-0] [                                                 ] o.s.web.client.RestTemplate              : Reading to [org.springframework.cloud.netflix.eureka.http.EurekaApplications]
2026-02-22T11:44:43.534+05:30 DEBUG 1700 --- [productService] [DiscoveryClient-CacheRefreshExecutor-0] [                                                 ] o.s.web.client.RestTemplate              : HTTP GET http://localhost:8761/eureka/apps/delta
2026-02-22T11:44:43.786+05:30 DEBUG 1700 --- [productService] [DiscoveryClient-CacheRefreshExecutor-0] [                                                 ] o.s.web.client.RestTemplate              : Accept=[application/json, application/*+json]
2026-02-22T11:44:43.433+05:30 DEBUG 1700 --- [productService] [DiscoveryClient-HeartbeatExecutor-0] [                                                 ] o.s.web.client.RestTemplate              : HTTP PUT http://localhost:8761/eureka/apps/PRODUCTSERVICE/DESKTOP-ECRRR37.mshome.net:productService:8082?status=UP&lastDirtyTimestamp=1771738546502
2026-02-22T11:44:43.989+05:30 DEBUG 1700 --- [productService] [DiscoveryClient-HeartbeatExecutor-0] [                                                 ] o.s.web.client.RestTemplate              : Accept=[application/json, application/*+json]
2026-02-22T11:44:44.513+05:30 DEBUG 1700 --- [productService] [DiscoveryClient-CacheRefreshExecutor-0] [                                                 ] o.s.web.client.RestTemplate              : Response 200 OK
2026-02-22T11:44:44.599+05:30 DEBUG 1700 --- [productService] [DiscoveryClient-CacheRefreshExecutor-0] [                                                 ] o.s.web.client.RestTemplate              : Reading to [org.springframework.cloud.netflix.eureka.http.EurekaApplications]
2026-02-22T11:44:46.153+05:30 DEBUG 1700 --- [productService] [DiscoveryClient-HeartbeatExecutor-0] [                                                 ] o.s.web.client.RestTemplate              : Response 200 OK
2026-02-22T11:45:15.079+05:30 DEBUG 1700 --- [productService] [DiscoveryClient-CacheRefreshExecutor-0] [                                                 ] o.s.web.client.RestTemplate              : HTTP GET http://localhost:8761/eureka/apps/delta
2026-02-22T11:45:15.088+05:30 DEBUG 1700 --- [productService] [DiscoveryClient-CacheRefreshExecutor-0] [                                                 ] o.s.web.client.RestTemplate              : Accept=[application/json, application/*+json]
2026-02-22T11:45:15.101+05:30 DEBUG 1700 --- [productService] [DiscoveryClient-CacheRefreshExecutor-0] [                                                 ] o.s.web.client.RestTemplate              : Response 200 OK
2026-02-22T11:45:15.109+05:30 DEBUG 1700 --- [productService] [DiscoveryClient-CacheRefreshExecutor-0] [                                                 ] o.s.web.client.RestTemplate              : Reading to [org.springframework.cloud.netflix.eureka.http.EurekaApplications]
2026-02-22T11:45:16.467+05:30 DEBUG 1700 --- [productService] [DiscoveryClient-HeartbeatExecutor-0] [                                                 ] o.s.web.client.RestTemplate              : HTTP PUT http://localhost:8761/eureka/apps/PRODUCTSERVICE/DESKTOP-ECRRR37.mshome.net:productService:8082?status=UP&lastDirtyTimestamp=1771738546502
2026-02-22T11:45:16.471+05:30 DEBUG 1700 --- [productService] [DiscoveryClient-HeartbeatExecutor-0] [                                                 ] o.s.web.client.RestTemplate              : Accept=[application/json, application/*+json]
2026-02-22T11:45:16.488+05:30 DEBUG 1700 --- [productService] [DiscoveryClient-HeartbeatExecutor-0] [                                                 ] o.s.web.client.RestTemplate              : Response 200 OK
2026-02-22T11:45:45.992+05:30 DEBUG 1700 --- [productService] [DiscoveryClient-CacheRefreshExecutor-0] [                                                 ] o.s.web.client.RestTemplate              : HTTP GET http://localhost:8761/eureka/apps/delta
2026-02-22T11:45:45.993+05:30 DEBUG 1700 --- [productService] [DiscoveryClient-CacheRefreshExecutor-0] [                                                 ] o.s.web.client.RestTemplate              : Accept=[application/json, application/*+json]
2026-02-22T11:45:46.811+05:30 DEBUG 1700 --- [productService] [DiscoveryClient-HeartbeatExecutor-0] [                                                 ] o.s.web.client.RestTemplate              : HTTP PUT http://localhost:8761/eureka/apps/PRODUCTSERVICE/DESKTOP-ECRRR37.mshome.net:productService:8082?status=UP&lastDirtyTimestamp=1771738546502
2026-02-22T11:45:51.045+05:30 DEBUG 1700 --- [productService] [DiscoveryClient-CacheRefreshExecutor-0] [                                                 ] o.s.web.client.RestTemplate              : Response 200 OK
2026-02-22T11:45:51.162+05:30 DEBUG 1700 --- [productService] [DiscoveryClient-CacheRefreshExecutor-0] [                                                 ] o.s.web.client.RestTemplate              : Reading to [org.springframework.cloud.netflix.eureka.http.EurekaApplications]
2026-02-22T11:45:52.876+05:30 DEBUG 1700 --- [productService] [DiscoveryClient-HeartbeatExecutor-0] [                                                 ] o.s.web.client.RestTemplate              : Accept=[application/json, application/*+json]
2026-02-22T11:45:53.204+05:30 DEBUG 1700 --- [productService] [DiscoveryClient-HeartbeatExecutor-0] [                                                 ] o.s.web.client.RestTemplate              : Response 200 OK
2026-02-22T11:45:55.230+05:30  INFO 1700 --- [productService] [AsyncResolver-bootstrap-executor-0] [                                                 ] c.n.d.s.r.aws.ConfigClusterResolver      : Resolving eureka endpoints via configuration
2026-02-22T11:46:02.427+05:30 DEBUG 1700 --- [productService] [AsyncReporter{org.springframework.boot.actuate.autoconfigure.tracing.zipkin.ZipkinRestTemplateSender@3516b881}] [                                                 ] o.s.web.client.RestTemplate              : HTTP POST http://localhost:9411/api/v2/spans
2026-02-22T11:46:02.452+05:30 DEBUG 1700 --- [productService] [AsyncReporter{org.springframework.boot.actuate.autoconfigure.tracing.zipkin.ZipkinRestTemplateSender@3516b881}] [                                                 ] o.s.web.client.RestTemplate              : Accept=[application/json, application/*+json]
2026-02-22T11:46:02.452+05:30 DEBUG 1700 --- [productService] [AsyncReporter{org.springframework.boot.actuate.autoconfigure.tracing.zipkin.ZipkinRestTemplateSender@3516b881}] [                                                 ] o.s.web.client.RestTemplate              : Writing [[B@6334cd5c] as "application/json"
2026-02-22T11:46:02.490+05:30 DEBUG 1700 --- [productService] [AsyncReporter{org.springframework.boot.actuate.autoconfigure.tracing.zipkin.ZipkinRestTemplateSender@3516b881}] [                                                 ] o.s.web.client.RestTemplate              : Response 202 ACCEPTED
2026-02-22T11:46:03.497+05:30 DEBUG 1700 --- [productService] [AsyncReporter{org.springframework.boot.actuate.autoconfigure.tracing.zipkin.ZipkinRestTemplateSender@3516b881}] [                                                 ] o.s.web.client.RestTemplate              : HTTP POST http://localhost:9411/api/v2/spans
2026-02-22T11:46:03.498+05:30 DEBUG 1700 --- [productService] [AsyncReporter{org.springframework.boot.actuate.autoconfigure.tracing.zipkin.ZipkinRestTemplateSender@3516b881}] [                                                 ] o.s.web.client.RestTemplate              : Accept=[application/json, application/*+json]
2026-02-22T11:46:03.498+05:30 DEBUG 1700 --- [productService] [AsyncReporter{org.springframework.boot.actuate.autoconfigure.tracing.zipkin.ZipkinRestTemplateSender@3516b881}] [                                                 ] o.s.web.client.RestTemplate              : Writing [[B@1a44c5f9] as "application/json"
2026-02-22T11:46:03.506+05:30 DEBUG 1700 --- [productService] [AsyncReporter{org.springframework.boot.actuate.autoconfigure.tracing.zipkin.ZipkinRestTemplateSender@3516b881}] [                                                 ] o.s.web.client.RestTemplate              : Response 202 ACCEPTED
2026-02-22T11:46:10.592+05:30 DEBUG 1700 --- [productService] [AsyncReporter{org.springframework.boot.actuate.autoconfigure.tracing.zipkin.ZipkinRestTemplateSender@3516b881}] [                                                 ] o.s.web.client.RestTemplate              : HTTP POST http://localhost:9411/api/v2/spans
2026-02-22T11:46:10.593+05:30 DEBUG 1700 --- [productService] [AsyncReporter{org.springframework.boot.actuate.autoconfigure.tracing.zipkin.ZipkinRestTemplateSender@3516b881}] [                                                 ] o.s.web.client.RestTemplate              : Accept=[application/json, application/*+json]
2026-02-22T11:46:10.594+05:30 DEBUG 1700 --- [productService] [AsyncReporter{org.springframework.boot.actuate.autoconfigure.tracing.zipkin.ZipkinRestTemplateSender@3516b881}] [                                                 ] o.s.web.client.RestTemplate              : Writing [[B@13c7a5cf] as "application/json"
2026-02-22T11:46:10.619+05:30 DEBUG 1700 --- [productService] [AsyncReporter{org.springframework.boot.actuate.autoconfigure.tracing.zipkin.ZipkinRestTemplateSender@3516b881}] [                                                 ] o.s.web.client.RestTemplate              : Response 202 ACCEPTED
2026-02-22T11:46:11.629+05:30 DEBUG 1700 --- [productService] [AsyncReporter{org.springframework.boot.actuate.autoconfigure.tracing.zipkin.ZipkinRestTemplateSender@3516b881}] [                                                 ] o.s.web.client.RestTemplate              : HTTP POST http://localhost:9411/api/v2/spans
2026-02-22T11:46:11.630+05:30 DEBUG 1700 --- [productService] [AsyncReporter{org.springframework.boot.actuate.autoconfigure.tracing.zipkin.ZipkinRestTemplateSender@3516b881}] [                                                 ] o.s.web.client.RestTemplate              : Accept=[application/json, application/*+json]
2026-02-22T11:46:11.631+05:30 DEBUG 1700 --- [productService] [AsyncReporter{org.springframework.boot.actuate.autoconfigure.tracing.zipkin.ZipkinRestTemplateSender@3516b881}] [                                                 ] o.s.web.client.RestTemplate              : Writing [[B@56dcc4c6] as "application/json"
2026-02-22T11:46:11.643+05:30 DEBUG 1700 --- [productService] [AsyncReporter{org.springframework.boot.actuate.autoconfigure.tracing.zipkin.ZipkinRestTemplateSender@3516b881}] [                                                 ] o.s.web.client.RestTemplate              : Response 202 ACCEPTED
2026-02-22T11:46:22.196+05:30 DEBUG 1700 --- [productService] [DiscoveryClient-CacheRefreshExecutor-0] [                                                 ] o.s.web.client.RestTemplate              : HTTP GET http://localhost:8761/eureka/apps/delta
2026-02-22T11:46:22.430+05:30 DEBUG 1700 --- [productService] [DiscoveryClient-CacheRefreshExecutor-0] [                                                 ] o.s.web.client.RestTemplate              : Accept=[application/json, application/*+json]
2026-02-22T11:46:22.664+05:30 DEBUG 1700 --- [productService] [DiscoveryClient-CacheRefreshExecutor-0] [                                                 ] o.s.web.client.RestTemplate              : Response 200 OK
2026-02-22T11:46:22.737+05:30 DEBUG 1700 --- [productService] [DiscoveryClient-CacheRefreshExecutor-0] [                                                 ] o.s.web.client.RestTemplate              : Reading to [org.springframework.cloud.netflix.eureka.http.EurekaApplications]
2026-02-22T11:46:23.556+05:30 DEBUG 1700 --- [productService] [DiscoveryClient-HeartbeatExecutor-0] [                                                 ] o.s.web.client.RestTemplate              : HTTP PUT http://localhost:8761/eureka/apps/PRODUCTSERVICE/DESKTOP-ECRRR37.mshome.net:productService:8082?status=UP&lastDirtyTimestamp=1771738546502
2026-02-22T11:46:23.942+05:30 DEBUG 1700 --- [productService] [DiscoveryClient-HeartbeatExecutor-0] [                                                 ] o.s.web.client.RestTemplate              : Accept=[application/json, application/*+json]
2026-02-22T11:46:24.518+05:30 DEBUG 1700 --- [productService] [DiscoveryClient-HeartbeatExecutor-0] [                                                 ] o.s.web.client.RestTemplate              : Response 200 OK
2026-02-22T11:46:33.881+05:30 DEBUG 1700 --- [productService] [AsyncReporter{org.springframework.boot.actuate.autoconfigure.tracing.zipkin.ZipkinRestTemplateSender@3516b881}] [                                                 ] o.s.web.client.RestTemplate              : HTTP POST http://localhost:9411/api/v2/spans
2026-02-22T11:46:33.886+05:30 DEBUG 1700 --- [productService] [AsyncReporter{org.springframework.boot.actuate.autoconfigure.tracing.zipkin.ZipkinRestTemplateSender@3516b881}] [                                                 ] o.s.web.client.RestTemplate              : Accept=[application/json, application/*+json]
2026-02-22T11:46:33.888+05:30 DEBUG 1700 --- [productService] [AsyncReporter{org.springframework.boot.actuate.autoconfigure.tracing.zipkin.ZipkinRestTemplateSender@3516b881}] [                                                 ] o.s.web.client.RestTemplate              : Writing [[B@46e203ce] as "application/json"
2026-02-22T11:46:33.960+05:30 DEBUG 1700 --- [productService] [AsyncReporter{org.springframework.boot.actuate.autoconfigure.tracing.zipkin.ZipkinRestTemplateSender@3516b881}] [                                                 ] o.s.web.client.RestTemplate              : Response 202 ACCEPTED
2026-02-22T11:46:34.976+05:30 DEBUG 1700 --- [productService] [AsyncReporter{org.springframework.boot.actuate.autoconfigure.tracing.zipkin.ZipkinRestTemplateSender@3516b881}] [                                                 ] o.s.web.client.RestTemplate              : HTTP POST http://localhost:9411/api/v2/spans
2026-02-22T11:46:34.980+05:30 DEBUG 1700 --- [productService] [AsyncReporter{org.springframework.boot.actuate.autoconfigure.tracing.zipkin.ZipkinRestTemplateSender@3516b881}] [                                                 ] o.s.web.client.RestTemplate              : Accept=[application/json, application/*+json]
2026-02-22T11:46:34.982+05:30 DEBUG 1700 --- [productService] [AsyncReporter{org.springframework.boot.actuate.autoconfigure.tracing.zipkin.ZipkinRestTemplateSender@3516b881}] [                                                 ] o.s.web.client.RestTemplate              : Writing [[B@7ab57de6] as "application/json"
2026-02-22T11:46:35.017+05:30 DEBUG 1700 --- [productService] [AsyncReporter{org.springframework.boot.actuate.autoconfigure.tracing.zipkin.ZipkinRestTemplateSender@3516b881}] [                                                 ] o.s.web.client.RestTemplate              : Response 202 ACCEPTED
2026-02-22T11:46:52.851+05:30 DEBUG 1700 --- [productService] [DiscoveryClient-CacheRefreshExecutor-0] [                                                 ] o.s.web.client.RestTemplate              : HTTP GET http://localhost:8761/eureka/apps/delta
2026-02-22T11:46:52.854+05:30 DEBUG 1700 --- [productService] [DiscoveryClient-CacheRefreshExecutor-0] [                                                 ] o.s.web.client.RestTemplate              : Accept=[application/json, application/*+json]
2026-02-22T11:46:52.869+05:30 DEBUG 1700 --- [productService] [DiscoveryClient-CacheRefreshExecutor-0] [                                                 ] o.s.web.client.RestTemplate              : Response 200 OK
2026-02-22T11:46:52.902+05:30 DEBUG 1700 --- [productService] [DiscoveryClient-CacheRefreshExecutor-0] [                                                 ] o.s.web.client.RestTemplate              : Reading to [org.springframework.cloud.netflix.eureka.http.EurekaApplications]
2026-02-22T11:46:54.918+05:30 DEBUG 1700 --- [productService] [DiscoveryClient-HeartbeatExecutor-0] [                                                 ] o.s.web.client.RestTemplate              : HTTP PUT http://localhost:8761/eureka/apps/PRODUCTSERVICE/DESKTOP-ECRRR37.mshome.net:productService:8082?status=UP&lastDirtyTimestamp=1771738546502
2026-02-22T11:46:54.918+05:30 DEBUG 1700 --- [productService] [DiscoveryClient-HeartbeatExecutor-0] [                                                 ] o.s.web.client.RestTemplate              : Accept=[application/json, application/*+json]
2026-02-22T11:46:54.946+05:30 DEBUG 1700 --- [productService] [DiscoveryClient-HeartbeatExecutor-0] [                                                 ] o.s.web.client.RestTemplate              : Response 200 OK
2026-02-22T11:47:22.929+05:30 DEBUG 1700 --- [productService] [DiscoveryClient-CacheRefreshExecutor-0] [                                                 ] o.s.web.client.RestTemplate              : HTTP GET http://localhost:8761/eureka/apps/delta
2026-02-22T11:47:22.930+05:30 DEBUG 1700 --- [productService] [DiscoveryClient-CacheRefreshExecutor-0] [                                                 ] o.s.web.client.RestTemplate              : Accept=[application/json, application/*+json]
2026-02-22T11:47:22.944+05:30 DEBUG 1700 --- [productService] [DiscoveryClient-CacheRefreshExecutor-0] [                                                 ] o.s.web.client.RestTemplate              : Response 200 OK
2026-02-22T11:47:22.945+05:30 DEBUG 1700 --- [productService] [DiscoveryClient-CacheRefreshExecutor-0] [                                                 ] o.s.web.client.RestTemplate              : Reading to [org.springframework.cloud.netflix.eureka.http.EurekaApplications]
2026-02-22T11:47:24.953+05:30 DEBUG 1700 --- [productService] [DiscoveryClient-HeartbeatExecutor-0] [                                                 ] o.s.web.client.RestTemplate              : HTTP PUT http://localhost:8761/eureka/apps/PRODUCTSERVICE/DESKTOP-ECRRR37.mshome.net:productService:8082?status=UP&lastDirtyTimestamp=1771738546502
2026-02-22T11:47:24.954+05:30 DEBUG 1700 --- [productService] [DiscoveryClient-HeartbeatExecutor-0] [                                                 ] o.s.web.client.RestTemplate              : Accept=[application/json, application/*+json]
2026-02-22T11:47:24.971+05:30 DEBUG 1700 --- [productService] [DiscoveryClient-HeartbeatExecutor-0] [                                                 ] o.s.web.client.RestTemplate              : Response 200 OK
2026-02-22T11:47:44.680+05:30 DEBUG 1700 --- [productService] [AsyncReporter{org.springframework.boot.actuate.autoconfigure.tracing.zipkin.ZipkinRestTemplateSender@3516b881}] [                                                 ] o.s.web.client.RestTemplate              : HTTP POST http://localhost:9411/api/v2/spans
2026-02-22T11:47:44.687+05:30 DEBUG 1700 --- [productService] [AsyncReporter{org.springframework.boot.actuate.autoconfigure.tracing.zipkin.ZipkinRestTemplateSender@3516b881}] [                                                 ] o.s.web.client.RestTemplate              : Accept=[application/json, application/*+json]
2026-02-22T11:47:44.687+05:30 DEBUG 1700 --- [productService] [AsyncReporter{org.springframework.boot.actuate.autoconfigure.tracing.zipkin.ZipkinRestTemplateSender@3516b881}] [                                                 ] o.s.web.client.RestTemplate              : Writing [[B@54f256a2] as "application/json"
2026-02-22T11:47:44.721+05:30 DEBUG 1700 --- [productService] [AsyncReporter{org.springframework.boot.actuate.autoconfigure.tracing.zipkin.ZipkinRestTemplateSender@3516b881}] [                                                 ] o.s.web.client.RestTemplate              : Response 202 ACCEPTED
2026-02-22T11:47:45.724+05:30 DEBUG 1700 --- [productService] [AsyncReporter{org.springframework.boot.actuate.autoconfigure.tracing.zipkin.ZipkinRestTemplateSender@3516b881}] [                                                 ] o.s.web.client.RestTemplate              : HTTP POST http://localhost:9411/api/v2/spans
2026-02-22T11:47:45.725+05:30 DEBUG 1700 --- [productService] [AsyncReporter{org.springframework.boot.actuate.autoconfigure.tracing.zipkin.ZipkinRestTemplateSender@3516b881}] [                                                 ] o.s.web.client.RestTemplate              : Accept=[application/json, application/*+json]
2026-02-22T11:47:45.725+05:30 DEBUG 1700 --- [productService] [AsyncReporter{org.springframework.boot.actuate.autoconfigure.tracing.zipkin.ZipkinRestTemplateSender@3516b881}] [                                                 ] o.s.web.client.RestTemplate              : Writing [[B@6438520e] as "application/json"
2026-02-22T11:47:45.751+05:30 DEBUG 1700 --- [productService] [AsyncReporter{org.springframework.boot.actuate.autoconfigure.tracing.zipkin.ZipkinRestTemplateSender@3516b881}] [                                                 ] o.s.web.client.RestTemplate              : Response 202 ACCEPTED
2026-02-22T11:47:52.954+05:30 DEBUG 1700 --- [productService] [DiscoveryClient-CacheRefreshExecutor-0] [                                                 ] o.s.web.client.RestTemplate              : HTTP GET http://localhost:8761/eureka/apps/delta
2026-02-22T11:47:52.955+05:30 DEBUG 1700 --- [productService] [DiscoveryClient-CacheRefreshExecutor-0] [                                                 ] o.s.web.client.RestTemplate              : Accept=[application/json, application/*+json]
2026-02-22T11:47:52.978+05:30 DEBUG 1700 --- [productService] [DiscoveryClient-CacheRefreshExecutor-0] [                                                 ] o.s.web.client.RestTemplate              : Response 200 OK
2026-02-22T11:47:52.979+05:30 DEBUG 1700 --- [productService] [DiscoveryClient-CacheRefreshExecutor-0] [                                                 ] o.s.web.client.RestTemplate              : Reading to [org.springframework.cloud.netflix.eureka.http.EurekaApplications]
2026-02-22T11:47:54.976+05:30 DEBUG 1700 --- [productService] [DiscoveryClient-HeartbeatExecutor-0] [                                                 ] o.s.web.client.RestTemplate              : HTTP PUT http://localhost:8761/eureka/apps/PRODUCTSERVICE/DESKTOP-ECRRR37.mshome.net:productService:8082?status=UP&lastDirtyTimestamp=1771738546502
2026-02-22T11:47:54.976+05:30 DEBUG 1700 --- [productService] [DiscoveryClient-HeartbeatExecutor-0] [                                                 ] o.s.web.client.RestTemplate              : Accept=[application/json, application/*+json]
2026-02-22T11:47:55.236+05:30 DEBUG 1700 --- [productService] [DiscoveryClient-HeartbeatExecutor-0] [                                                 ] o.s.web.client.RestTemplate              : Response 200 OK
2026-02-22T11:48:22.985+05:30 DEBUG 1700 --- [productService] [DiscoveryClient-CacheRefreshExecutor-0] [                                                 ] o.s.web.client.RestTemplate              : HTTP GET http://localhost:8761/eureka/apps/delta
2026-02-22T11:48:22.986+05:30 DEBUG 1700 --- [productService] [DiscoveryClient-CacheRefreshExecutor-0] [                                                 ] o.s.web.client.RestTemplate              : Accept=[application/json, application/*+json]
2026-02-22T11:48:23.004+05:30 DEBUG 1700 --- [productService] [DiscoveryClient-CacheRefreshExecutor-0] [                                                 ] o.s.web.client.RestTemplate              : Response 200 OK
2026-02-22T11:48:23.004+05:30 DEBUG 1700 --- [productService] [DiscoveryClient-CacheRefreshExecutor-0] [                                                 ] o.s.web.client.RestTemplate              : Reading to [org.springframework.cloud.netflix.eureka.http.EurekaApplications]
2026-02-22T11:48:25.508+05:30 DEBUG 1700 --- [productService] [DiscoveryClient-HeartbeatExecutor-0] [                                                 ] o.s.web.client.RestTemplate              : HTTP PUT http://localhost:8761/eureka/apps/PRODUCTSERVICE/DESKTOP-ECRRR37.mshome.net:productService:8082?status=UP&lastDirtyTimestamp=1771738546502
2026-02-22T11:48:25.508+05:30 DEBUG 1700 --- [productService] [DiscoveryClient-HeartbeatExecutor-0] [                                                 ] o.s.web.client.RestTemplate              : Accept=[application/json, application/*+json]
2026-02-22T11:48:25.530+05:30 DEBUG 1700 --- [productService] [DiscoveryClient-HeartbeatExecutor-0] [                                                 ] o.s.web.client.RestTemplate              : Response 200 OK
2026-02-22T11:48:53.011+05:30 DEBUG 1700 --- [productService] [DiscoveryClient-CacheRefreshExecutor-0] [                                                 ] o.s.web.client.RestTemplate              : HTTP GET http://localhost:8761/eureka/apps/delta
2026-02-22T11:48:53.016+05:30 DEBUG 1700 --- [productService] [DiscoveryClient-CacheRefreshExecutor-0] [                                                 ] o.s.web.client.RestTemplate              : Accept=[application/json, application/*+json]
2026-02-22T11:48:53.032+05:30 DEBUG 1700 --- [productService] [DiscoveryClient-CacheRefreshExecutor-0] [                                                 ] o.s.web.client.RestTemplate              : Response 200 OK
2026-02-22T11:48:53.032+05:30 DEBUG 1700 --- [productService] [DiscoveryClient-CacheRefreshExecutor-0] [                                                 ] o.s.web.client.RestTemplate              : Reading to [org.springframework.cloud.netflix.eureka.http.EurekaApplications]
2026-02-22T11:48:55.535+05:30 DEBUG 1700 --- [productService] [DiscoveryClient-HeartbeatExecutor-0] [                                                 ] o.s.web.client.RestTemplate              : HTTP PUT http://localhost:8761/eureka/apps/PRODUCTSERVICE/DESKTOP-ECRRR37.mshome.net:productService:8082?status=UP&lastDirtyTimestamp=1771738546502
2026-02-22T11:48:55.536+05:30 DEBUG 1700 --- [productService] [DiscoveryClient-HeartbeatExecutor-0] [                                                 ] o.s.web.client.RestTemplate              : Accept=[application/json, application/*+json]
2026-02-22T11:48:55.554+05:30 DEBUG 1700 --- [productService] [DiscoveryClient-HeartbeatExecutor-0] [                                                 ] o.s.web.client.RestTemplate              : Response 200 OK
2026-02-22T11:49:23.160+05:30 DEBUG 1700 --- [productService] [DiscoveryClient-CacheRefreshExecutor-0] [                                                 ] o.s.web.client.RestTemplate              : HTTP GET http://localhost:8761/eureka/apps/delta
2026-02-22T11:49:23.162+05:30 DEBUG 1700 --- [productService] [DiscoveryClient-CacheRefreshExecutor-0] [                                                 ] o.s.web.client.RestTemplate              : Accept=[application/json, application/*+json]
2026-02-22T11:49:23.168+05:30 DEBUG 1700 --- [productService] [DiscoveryClient-CacheRefreshExecutor-0] [                                                 ] o.s.web.client.RestTemplate              : Response 200 OK
2026-02-22T11:49:23.256+05:30 DEBUG 1700 --- [productService] [DiscoveryClient-CacheRefreshExecutor-0] [                                                 ] o.s.web.client.RestTemplate              : Reading to [org.springframework.cloud.netflix.eureka.http.EurekaApplications]
2026-02-22T11:49:25.570+05:30 DEBUG 1700 --- [productService] [DiscoveryClient-HeartbeatExecutor-0] [                                                 ] o.s.web.client.RestTemplate              : HTTP PUT http://localhost:8761/eureka/apps/PRODUCTSERVICE/DESKTOP-ECRRR37.mshome.net:productService:8082?status=UP&lastDirtyTimestamp=1771738546502
2026-02-22T11:49:25.572+05:30 DEBUG 1700 --- [productService] [DiscoveryClient-HeartbeatExecutor-0] [                                                 ] o.s.web.client.RestTemplate              : Accept=[application/json, application/*+json]
2026-02-22T11:49:25.589+05:30 DEBUG 1700 --- [productService] [DiscoveryClient-HeartbeatExecutor-0] [                                                 ] o.s.web.client.RestTemplate              : Response 200 OK
2026-02-22T11:49:53.274+05:30 DEBUG 1700 --- [productService] [DiscoveryClient-CacheRefreshExecutor-0] [                                                 ] o.s.web.client.RestTemplate              : HTTP GET http://localhost:8761/eureka/apps/delta
2026-02-22T11:49:53.280+05:30 DEBUG 1700 --- [productService] [DiscoveryClient-CacheRefreshExecutor-0] [                                                 ] o.s.web.client.RestTemplate              : Accept=[application/json, application/*+json]
2026-02-22T11:49:53.301+05:30 DEBUG 1700 --- [productService] [DiscoveryClient-CacheRefreshExecutor-0] [                                                 ] o.s.web.client.RestTemplate              : Response 200 OK
2026-02-22T11:49:53.305+05:30 DEBUG 1700 --- [productService] [DiscoveryClient-CacheRefreshExecutor-0] [                                                 ] o.s.web.client.RestTemplate              : Reading to [org.springframework.cloud.netflix.eureka.http.EurekaApplications]
2026-02-22T11:49:55.599+05:30 DEBUG 1700 --- [productService] [DiscoveryClient-HeartbeatExecutor-0] [                                                 ] o.s.web.client.RestTemplate              : HTTP PUT http://localhost:8761/eureka/apps/PRODUCTSERVICE/DESKTOP-ECRRR37.mshome.net:productService:8082?status=UP&lastDirtyTimestamp=1771738546502
2026-02-22T11:49:55.601+05:30 DEBUG 1700 --- [productService] [DiscoveryClient-HeartbeatExecutor-0] [                                                 ] o.s.web.client.RestTemplate              : Accept=[application/json, application/*+json]
2026-02-22T11:49:55.617+05:30 DEBUG 1700 --- [productService] [DiscoveryClient-HeartbeatExecutor-0] [                                                 ] o.s.web.client.RestTemplate              : Response 200 OK
2026-02-22T11:50:23.327+05:30 DEBUG 1700 --- [productService] [DiscoveryClient-CacheRefreshExecutor-0] [                                                 ] o.s.web.client.RestTemplate              : HTTP GET http://localhost:8761/eureka/apps/delta
2026-02-22T11:50:23.329+05:30 DEBUG 1700 --- [productService] [DiscoveryClient-CacheRefreshExecutor-0] [                                                 ] o.s.web.client.RestTemplate              : Accept=[application/json, application/*+json]
2026-02-22T11:50:23.346+05:30 DEBUG 1700 --- [productService] [DiscoveryClient-CacheRefreshExecutor-0] [                                                 ] o.s.web.client.RestTemplate              : Response 200 OK
2026-02-22T11:50:23.347+05:30 DEBUG 1700 --- [productService] [DiscoveryClient-CacheRefreshExecutor-0] [                                                 ] o.s.web.client.RestTemplate              : Reading to [org.springframework.cloud.netflix.eureka.http.EurekaApplications]
2026-02-22T11:50:25.636+05:30 DEBUG 1700 --- [productService] [DiscoveryClient-HeartbeatExecutor-0] [                                                 ] o.s.web.client.RestTemplate              : HTTP PUT http://localhost:8761/eureka/apps/PRODUCTSERVICE/DESKTOP-ECRRR37.mshome.net:productService:8082?status=UP&lastDirtyTimestamp=1771738546502
2026-02-22T11:50:25.636+05:30 DEBUG 1700 --- [productService] [DiscoveryClient-HeartbeatExecutor-0] [                                                 ] o.s.web.client.RestTemplate              : Accept=[application/json, application/*+json]
2026-02-22T11:50:25.648+05:30 DEBUG 1700 --- [productService] [DiscoveryClient-HeartbeatExecutor-0] [                                                 ] o.s.web.client.RestTemplate              : Response 200 OK
2026-02-22T11:50:53.356+05:30 DEBUG 1700 --- [productService] [DiscoveryClient-CacheRefreshExecutor-0] [                                                 ] o.s.web.client.RestTemplate              : HTTP GET http://localhost:8761/eureka/apps/delta
2026-02-22T11:50:53.358+05:30 DEBUG 1700 --- [productService] [DiscoveryClient-CacheRefreshExecutor-0] [                                                 ] o.s.web.client.RestTemplate              : Accept=[application/json, application/*+json]
2026-02-22T11:50:53.374+05:30 DEBUG 1700 --- [productService] [DiscoveryClient-CacheRefreshExecutor-0] [                                                 ] o.s.web.client.RestTemplate              : Response 200 OK
2026-02-22T11:50:53.374+05:30 DEBUG 1700 --- [productService] [DiscoveryClient-CacheRefreshExecutor-0] [                                                 ] o.s.web.client.RestTemplate              : Reading to [org.springframework.cloud.netflix.eureka.http.EurekaApplications]
2026-02-22T11:50:55.651+05:30 DEBUG 1700 --- [productService] [DiscoveryClient-HeartbeatExecutor-0] [                                                 ] o.s.web.client.RestTemplate              : HTTP PUT http://localhost:8761/eureka/apps/PRODUCTSERVICE/DESKTOP-ECRRR37.mshome.net:productService:8082?status=UP&lastDirtyTimestamp=1771738546502
2026-02-22T11:50:55.653+05:30 DEBUG 1700 --- [productService] [DiscoveryClient-HeartbeatExecutor-0] [                                                 ] o.s.web.client.RestTemplate              : Accept=[application/json, application/*+json]
2026-02-22T11:50:55.672+05:30 DEBUG 1700 --- [productService] [DiscoveryClient-HeartbeatExecutor-0] [                                                 ] o.s.web.client.RestTemplate              : Response 200 OK
2026-02-22T11:50:57.157+05:30  INFO 1700 --- [productService] [AsyncResolver-bootstrap-executor-0] [                                                 ] c.n.d.s.r.aws.ConfigClusterResolver      : Resolving eureka endpoints via configuration
2026-02-22T11:51:23.390+05:30 DEBUG 1700 --- [productService] [DiscoveryClient-CacheRefreshExecutor-0] [                                                 ] o.s.web.client.RestTemplate              : HTTP GET http://localhost:8761/eureka/apps/delta
2026-02-22T11:51:23.392+05:30 DEBUG 1700 --- [productService] [DiscoveryClient-CacheRefreshExecutor-0] [                                                 ] o.s.web.client.RestTemplate              : Accept=[application/json, application/*+json]
2026-02-22T11:51:23.409+05:30 DEBUG 1700 --- [productService] [DiscoveryClient-CacheRefreshExecutor-0] [                                                 ] o.s.web.client.RestTemplate              : Response 200 OK
2026-02-22T11:51:23.409+05:30 DEBUG 1700 --- [productService] [DiscoveryClient-CacheRefreshExecutor-0] [                                                 ] o.s.web.client.RestTemplate              : Reading to [org.springframework.cloud.netflix.eureka.http.EurekaApplications]
2026-02-22T11:51:25.679+05:30 DEBUG 1700 --- [productService] [DiscoveryClient-HeartbeatExecutor-0] [                                                 ] o.s.web.client.RestTemplate              : HTTP PUT http://localhost:8761/eureka/apps/PRODUCTSERVICE/DESKTOP-ECRRR37.mshome.net:productService:8082?status=UP&lastDirtyTimestamp=1771738546502
2026-02-22T11:51:25.679+05:30 DEBUG 1700 --- [productService] [DiscoveryClient-HeartbeatExecutor-0] [                                                 ] o.s.web.client.RestTemplate              : Accept=[application/json, application/*+json]
2026-02-22T11:51:25.695+05:30 DEBUG 1700 --- [productService] [DiscoveryClient-HeartbeatExecutor-0] [                                                 ] o.s.web.client.RestTemplate              : Response 200 OK
2026-02-22T11:51:53.429+05:30 DEBUG 1700 --- [productService] [DiscoveryClient-CacheRefreshExecutor-0] [                                                 ] o.s.web.client.RestTemplate              : HTTP GET http://localhost:8761/eureka/apps/delta
2026-02-22T11:51:53.430+05:30 DEBUG 1700 --- [productService] [DiscoveryClient-CacheRefreshExecutor-0] [                                                 ] o.s.web.client.RestTemplate              : Accept=[application/json, application/*+json]
2026-02-22T11:51:53.445+05:30 DEBUG 1700 --- [productService] [DiscoveryClient-CacheRefreshExecutor-0] [                                                 ] o.s.web.client.RestTemplate              : Response 200 OK
2026-02-22T11:51:53.446+05:30 DEBUG 1700 --- [productService] [DiscoveryClient-CacheRefreshExecutor-0] [                                                 ] o.s.web.client.RestTemplate              : Reading to [org.springframework.cloud.netflix.eureka.http.EurekaApplications]
2026-02-22T11:51:55.713+05:30 DEBUG 1700 --- [productService] [DiscoveryClient-HeartbeatExecutor-0] [                                                 ] o.s.web.client.RestTemplate              : HTTP PUT http://localhost:8761/eureka/apps/PRODUCTSERVICE/DESKTOP-ECRRR37.mshome.net:productService:8082?status=UP&lastDirtyTimestamp=1771738546502
2026-02-22T11:51:55.714+05:30 DEBUG 1700 --- [productService] [DiscoveryClient-HeartbeatExecutor-0] [                                                 ] o.s.web.client.RestTemplate              : Accept=[application/json, application/*+json]
2026-02-22T11:51:55.736+05:30 DEBUG 1700 --- [productService] [DiscoveryClient-HeartbeatExecutor-0] [                                                 ] o.s.web.client.RestTemplate              : Response 200 OK
2026-02-22T11:52:23.452+05:30 DEBUG 1700 --- [productService] [DiscoveryClient-CacheRefreshExecutor-0] [                                                 ] o.s.web.client.RestTemplate              : HTTP GET http://localhost:8761/eureka/apps/delta
2026-02-22T11:52:23.453+05:30 DEBUG 1700 --- [productService] [DiscoveryClient-CacheRefreshExecutor-0] [                                                 ] o.s.web.client.RestTemplate              : Accept=[application/json, application/*+json]
2026-02-22T11:52:23.470+05:30 DEBUG 1700 --- [productService] [DiscoveryClient-CacheRefreshExecutor-0] [                                                 ] o.s.web.client.RestTemplate              : Response 200 OK
2026-02-22T11:52:23.472+05:30 DEBUG 1700 --- [productService] [DiscoveryClient-CacheRefreshExecutor-0] [                                                 ] o.s.web.client.RestTemplate              : Reading to [org.springframework.cloud.netflix.eureka.http.EurekaApplications]
2026-02-22T11:52:25.747+05:30 DEBUG 1700 --- [productService] [DiscoveryClient-HeartbeatExecutor-0] [                                                 ] o.s.web.client.RestTemplate              : HTTP PUT http://localhost:8761/eureka/apps/PRODUCTSERVICE/DESKTOP-ECRRR37.mshome.net:productService:8082?status=UP&lastDirtyTimestamp=1771738546502
2026-02-22T11:52:25.749+05:30 DEBUG 1700 --- [productService] [DiscoveryClient-HeartbeatExecutor-0] [                                                 ] o.s.web.client.RestTemplate              : Accept=[application/json, application/*+json]
2026-02-22T11:52:25.767+05:30 DEBUG 1700 --- [productService] [DiscoveryClient-HeartbeatExecutor-0] [                                                 ] o.s.web.client.RestTemplate              : Response 200 OK
2026-02-22T11:52:53.490+05:30 DEBUG 1700 --- [productService] [DiscoveryClient-CacheRefreshExecutor-0] [                                                 ] o.s.web.client.RestTemplate              : HTTP GET http://localhost:8761/eureka/apps/delta
2026-02-22T11:52:53.491+05:30 DEBUG 1700 --- [productService] [DiscoveryClient-CacheRefreshExecutor-0] [                                                 ] o.s.web.client.RestTemplate              : Accept=[application/json, application/*+json]
2026-02-22T11:52:53.506+05:30 DEBUG 1700 --- [productService] [DiscoveryClient-CacheRefreshExecutor-0] [                                                 ] o.s.web.client.RestTemplate              : Response 200 OK
2026-02-22T11:52:53.507+05:30 DEBUG 1700 --- [productService] [DiscoveryClient-CacheRefreshExecutor-0] [                                                 ] o.s.web.client.RestTemplate              : Reading to [org.springframework.cloud.netflix.eureka.http.EurekaApplications]
2026-02-22T11:52:55.784+05:30 DEBUG 1700 --- [productService] [DiscoveryClient-HeartbeatExecutor-0] [                                                 ] o.s.web.client.RestTemplate              : HTTP PUT http://localhost:8761/eureka/apps/PRODUCTSERVICE/DESKTOP-ECRRR37.mshome.net:productService:8082?status=UP&lastDirtyTimestamp=1771738546502
2026-02-22T11:52:55.785+05:30 DEBUG 1700 --- [productService] [DiscoveryClient-HeartbeatExecutor-0] [                                                 ] o.s.web.client.RestTemplate              : Accept=[application/json, application/*+json]
2026-02-22T11:52:55.803+05:30 DEBUG 1700 --- [productService] [DiscoveryClient-HeartbeatExecutor-0] [                                                 ] o.s.web.client.RestTemplate              : Response 200 OK
2026-02-22T11:53:23.969+05:30 DEBUG 1700 --- [productService] [DiscoveryClient-CacheRefreshExecutor-0] [                                                 ] o.s.web.client.RestTemplate              : HTTP GET http://localhost:8761/eureka/apps/delta
2026-02-22T11:53:23.969+05:30 DEBUG 1700 --- [productService] [DiscoveryClient-CacheRefreshExecutor-0] [                                                 ] o.s.web.client.RestTemplate              : Accept=[application/json, application/*+json]
2026-02-22T11:53:24.238+05:30 DEBUG 1700 --- [productService] [DiscoveryClient-CacheRefreshExecutor-0] [                                                 ] o.s.web.client.RestTemplate              : Response 200 OK
2026-02-22T11:53:24.575+05:30 DEBUG 1700 --- [productService] [DiscoveryClient-CacheRefreshExecutor-0] [                                                 ] o.s.web.client.RestTemplate              : Reading to [org.springframework.cloud.netflix.eureka.http.EurekaApplications]
2026-02-22T11:53:25.809+05:30 DEBUG 1700 --- [productService] [DiscoveryClient-HeartbeatExecutor-0] [                                                 ] o.s.web.client.RestTemplate              : HTTP PUT http://localhost:8761/eureka/apps/PRODUCTSERVICE/DESKTOP-ECRRR37.mshome.net:productService:8082?status=UP&lastDirtyTimestamp=1771738546502
2026-02-22T11:53:26.386+05:30 DEBUG 1700 --- [productService] [DiscoveryClient-HeartbeatExecutor-0] [                                                 ] o.s.web.client.RestTemplate              : Accept=[application/json, application/*+json]
2026-02-22T11:53:26.732+05:30 DEBUG 1700 --- [productService] [DiscoveryClient-HeartbeatExecutor-0] [                                                 ] o.s.web.client.RestTemplate              : Response 200 OK
2026-02-22T11:53:56.782+05:30 DEBUG 1700 --- [productService] [DiscoveryClient-CacheRefreshExecutor-0] [                                                 ] o.s.web.client.RestTemplate              : HTTP GET http://localhost:8761/eureka/apps/delta
2026-02-22T11:53:56.745+05:30 DEBUG 1700 --- [productService] [DiscoveryClient-HeartbeatExecutor-0] [                                                 ] o.s.web.client.RestTemplate              : HTTP PUT http://localhost:8761/eureka/apps/PRODUCTSERVICE/DESKTOP-ECRRR37.mshome.net:productService:8082?status=UP&lastDirtyTimestamp=1771738546502
2026-02-22T11:53:56.938+05:30 DEBUG 1700 --- [productService] [DiscoveryClient-HeartbeatExecutor-0] [                                                 ] o.s.web.client.RestTemplate              : Accept=[application/json, application/*+json]
2026-02-22T11:53:57.086+05:30 DEBUG 1700 --- [productService] [DiscoveryClient-CacheRefreshExecutor-0] [                                                 ] o.s.web.client.RestTemplate              : Accept=[application/json, application/*+json]
2026-02-22T11:53:57.087+05:30 DEBUG 1700 --- [productService] [DiscoveryClient-HeartbeatExecutor-0] [                                                 ] o.s.web.client.RestTemplate              : Response 200 OK
2026-02-22T11:53:57.301+05:30 DEBUG 1700 --- [productService] [DiscoveryClient-CacheRefreshExecutor-0] [                                                 ] o.s.web.client.RestTemplate              : Response 200 OK
2026-02-22T11:53:57.505+05:30 DEBUG 1700 --- [productService] [DiscoveryClient-CacheRefreshExecutor-0] [                                                 ] o.s.web.client.RestTemplate              : Reading to [org.springframework.cloud.netflix.eureka.http.EurekaApplications]
2026-02-22T11:54:27.111+05:30 DEBUG 1700 --- [productService] [DiscoveryClient-HeartbeatExecutor-0] [                                                 ] o.s.web.client.RestTemplate              : HTTP PUT http://localhost:8761/eureka/apps/PRODUCTSERVICE/DESKTOP-ECRRR37.mshome.net:productService:8082?status=UP&lastDirtyTimestamp=1771738546502
2026-02-22T11:54:27.209+05:30 DEBUG 1700 --- [productService] [DiscoveryClient-HeartbeatExecutor-0] [                                                 ] o.s.web.client.RestTemplate              : Accept=[application/json, application/*+json]
2026-02-22T11:54:27.348+05:30 DEBUG 1700 --- [productService] [DiscoveryClient-HeartbeatExecutor-0] [                                                 ] o.s.web.client.RestTemplate              : Response 200 OK
2026-02-22T11:54:27.575+05:30 DEBUG 1700 --- [productService] [DiscoveryClient-CacheRefreshExecutor-0] [                                                 ] o.s.web.client.RestTemplate              : HTTP GET http://localhost:8761/eureka/apps/delta
2026-02-22T11:54:27.576+05:30 DEBUG 1700 --- [productService] [DiscoveryClient-CacheRefreshExecutor-0] [                                                 ] o.s.web.client.RestTemplate              : Accept=[application/json, application/*+json]
2026-02-22T11:54:27.581+05:30 DEBUG 1700 --- [productService] [DiscoveryClient-CacheRefreshExecutor-0] [                                                 ] o.s.web.client.RestTemplate              : Response 200 OK
2026-02-22T11:54:27.584+05:30 DEBUG 1700 --- [productService] [DiscoveryClient-CacheRefreshExecutor-0] [                                                 ] o.s.web.client.RestTemplate              : Reading to [org.springframework.cloud.netflix.eureka.http.EurekaApplications]
2026-02-22T11:54:57.353+05:30 DEBUG 1700 --- [productService] [DiscoveryClient-HeartbeatExecutor-0] [                                                 ] o.s.web.client.RestTemplate              : HTTP PUT http://localhost:8761/eureka/apps/PRODUCTSERVICE/DESKTOP-ECRRR37.mshome.net:productService:8082?status=UP&lastDirtyTimestamp=1771738546502
2026-02-22T11:54:57.354+05:30 DEBUG 1700 --- [productService] [DiscoveryClient-HeartbeatExecutor-0] [                                                 ] o.s.web.client.RestTemplate              : Accept=[application/json, application/*+json]
2026-02-22T11:54:57.370+05:30 DEBUG 1700 --- [productService] [DiscoveryClient-HeartbeatExecutor-0] [                                                 ] o.s.web.client.RestTemplate              : Response 200 OK
2026-02-22T11:54:57.603+05:30 DEBUG 1700 --- [productService] [DiscoveryClient-CacheRefreshExecutor-0] [                                                 ] o.s.web.client.RestTemplate              : HTTP GET http://localhost:8761/eureka/apps/delta
2026-02-22T11:54:57.604+05:30 DEBUG 1700 --- [productService] [DiscoveryClient-CacheRefreshExecutor-0] [                                                 ] o.s.web.client.RestTemplate              : Accept=[application/json, application/*+json]
2026-02-22T11:54:57.611+05:30 DEBUG 1700 --- [productService] [DiscoveryClient-CacheRefreshExecutor-0] [                                                 ] o.s.web.client.RestTemplate              : Response 200 OK
2026-02-22T11:54:57.613+05:30 DEBUG 1700 --- [productService] [DiscoveryClient-CacheRefreshExecutor-0] [                                                 ] o.s.web.client.RestTemplate              : Reading to [org.springframework.cloud.netflix.eureka.http.EurekaApplications]
2026-02-22T11:54:57.752+05:30 DEBUG 1700 --- [productService] [AsyncReporter{org.springframework.boot.actuate.autoconfigure.tracing.zipkin.ZipkinRestTemplateSender@3516b881}] [                                                 ] o.s.web.client.RestTemplate              : HTTP POST http://localhost:9411/api/v2/spans
2026-02-22T11:54:57.801+05:30 DEBUG 1700 --- [productService] [AsyncReporter{org.springframework.boot.actuate.autoconfigure.tracing.zipkin.ZipkinRestTemplateSender@3516b881}] [                                                 ] o.s.web.client.RestTemplate              : Accept=[application/json, application/*+json]
2026-02-22T11:54:57.811+05:30 DEBUG 1700 --- [productService] [AsyncReporter{org.springframework.boot.actuate.autoconfigure.tracing.zipkin.ZipkinRestTemplateSender@3516b881}] [                                                 ] o.s.web.client.RestTemplate              : Writing [[B@3212d134] as "application/json"
2026-02-22T11:54:57.880+05:30 DEBUG 1700 --- [productService] [AsyncReporter{org.springframework.boot.actuate.autoconfigure.tracing.zipkin.ZipkinRestTemplateSender@3516b881}] [                                                 ] o.s.web.client.RestTemplate              : Response 202 ACCEPTED
2026-02-22T11:55:27.592+05:30 DEBUG 1700 --- [productService] [DiscoveryClient-HeartbeatExecutor-0] [                                                 ] o.s.web.client.RestTemplate              : HTTP PUT http://localhost:8761/eureka/apps/PRODUCTSERVICE/DESKTOP-ECRRR37.mshome.net:productService:8082?status=UP&lastDirtyTimestamp=1771738546502
2026-02-22T11:55:27.622+05:30 DEBUG 1700 --- [productService] [DiscoveryClient-HeartbeatExecutor-0] [                                                 ] o.s.web.client.RestTemplate              : Accept=[application/json, application/*+json]
2026-02-22T11:55:27.707+05:30 DEBUG 1700 --- [productService] [DiscoveryClient-HeartbeatExecutor-0] [                                                 ] o.s.web.client.RestTemplate              : Response 200 OK
2026-02-22T11:55:28.183+05:30 DEBUG 1700 --- [productService] [DiscoveryClient-CacheRefreshExecutor-0] [                                                 ] o.s.web.client.RestTemplate              : HTTP GET http://localhost:8761/eureka/apps/delta
2026-02-22T11:55:28.194+05:30 DEBUG 1700 --- [productService] [DiscoveryClient-CacheRefreshExecutor-0] [                                                 ] o.s.web.client.RestTemplate              : Accept=[application/json, application/*+json]
2026-02-22T11:55:28.214+05:30 DEBUG 1700 --- [productService] [DiscoveryClient-CacheRefreshExecutor-0] [                                                 ] o.s.web.client.RestTemplate              : Response 200 OK
2026-02-22T11:55:28.406+05:30 DEBUG 1700 --- [productService] [DiscoveryClient-CacheRefreshExecutor-0] [                                                 ] o.s.web.client.RestTemplate              : Reading to [org.springframework.cloud.netflix.eureka.http.EurekaApplications]
2026-02-22T11:55:38.272+05:30 DEBUG 1700 --- [productService] [AsyncReporter{org.springframework.boot.actuate.autoconfigure.tracing.zipkin.ZipkinRestTemplateSender@3516b881}] [                                                 ] o.s.web.client.RestTemplate              : HTTP POST http://localhost:9411/api/v2/spans
2026-02-22T11:55:38.273+05:30 DEBUG 1700 --- [productService] [AsyncReporter{org.springframework.boot.actuate.autoconfigure.tracing.zipkin.ZipkinRestTemplateSender@3516b881}] [                                                 ] o.s.web.client.RestTemplate              : Accept=[application/json, application/*+json]
2026-02-22T11:55:38.274+05:30 DEBUG 1700 --- [productService] [AsyncReporter{org.springframework.boot.actuate.autoconfigure.tracing.zipkin.ZipkinRestTemplateSender@3516b881}] [                                                 ] o.s.web.client.RestTemplate              : Writing [[B@2598cd5a] as "application/json"
2026-02-22T11:55:38.308+05:30 DEBUG 1700 --- [productService] [AsyncReporter{org.springframework.boot.actuate.autoconfigure.tracing.zipkin.ZipkinRestTemplateSender@3516b881}] [                                                 ] o.s.web.client.RestTemplate              : Response 202 ACCEPTED
2026-02-22T11:55:40.332+05:30 DEBUG 1700 --- [productService] [AsyncReporter{org.springframework.boot.actuate.autoconfigure.tracing.zipkin.ZipkinRestTemplateSender@3516b881}] [                                                 ] o.s.web.client.RestTemplate              : HTTP POST http://localhost:9411/api/v2/spans
2026-02-22T11:55:40.332+05:30 DEBUG 1700 --- [productService] [AsyncReporter{org.springframework.boot.actuate.autoconfigure.tracing.zipkin.ZipkinRestTemplateSender@3516b881}] [                                                 ] o.s.web.client.RestTemplate              : Accept=[application/json, application/*+json]
2026-02-22T11:55:40.332+05:30 DEBUG 1700 --- [productService] [AsyncReporter{org.springframework.boot.actuate.autoconfigure.tracing.zipkin.ZipkinRestTemplateSender@3516b881}] [                                                 ] o.s.web.client.RestTemplate              : Writing [[B@39643c5] as "application/json"
2026-02-22T11:55:40.354+05:30 DEBUG 1700 --- [productService] [AsyncReporter{org.springframework.boot.actuate.autoconfigure.tracing.zipkin.ZipkinRestTemplateSender@3516b881}] [                                                 ] o.s.web.client.RestTemplate              : Response 202 ACCEPTED
2026-02-22T11:55:41.357+05:30 DEBUG 1700 --- [productService] [AsyncReporter{org.springframework.boot.actuate.autoconfigure.tracing.zipkin.ZipkinRestTemplateSender@3516b881}] [                                                 ] o.s.web.client.RestTemplate              : HTTP POST http://localhost:9411/api/v2/spans
2026-02-22T11:55:41.357+05:30 DEBUG 1700 --- [productService] [AsyncReporter{org.springframework.boot.actuate.autoconfigure.tracing.zipkin.ZipkinRestTemplateSender@3516b881}] [                                                 ] o.s.web.client.RestTemplate              : Accept=[application/json, application/*+json]
2026-02-22T11:55:41.358+05:30 DEBUG 1700 --- [productService] [AsyncReporter{org.springframework.boot.actuate.autoconfigure.tracing.zipkin.ZipkinRestTemplateSender@3516b881}] [                                                 ] o.s.web.client.RestTemplate              : Writing [[B@2729b9f2] as "application/json"
2026-02-22T11:55:41.366+05:30 DEBUG 1700 --- [productService] [AsyncReporter{org.springframework.boot.actuate.autoconfigure.tracing.zipkin.ZipkinRestTemplateSender@3516b881}] [                                                 ] o.s.web.client.RestTemplate              : Response 202 ACCEPTED
2026-02-22T11:55:42.367+05:30 DEBUG 1700 --- [productService] [AsyncReporter{org.springframework.boot.actuate.autoconfigure.tracing.zipkin.ZipkinRestTemplateSender@3516b881}] [                                                 ] o.s.web.client.RestTemplate              : HTTP POST http://localhost:9411/api/v2/spans
2026-02-22T11:55:42.381+05:30 DEBUG 1700 --- [productService] [AsyncReporter{org.springframework.boot.actuate.autoconfigure.tracing.zipkin.ZipkinRestTemplateSender@3516b881}] [                                                 ] o.s.web.client.RestTemplate              : Accept=[application/json, application/*+json]
2026-02-22T11:55:42.382+05:30 DEBUG 1700 --- [productService] [AsyncReporter{org.springframework.boot.actuate.autoconfigure.tracing.zipkin.ZipkinRestTemplateSender@3516b881}] [                                                 ] o.s.web.client.RestTemplate              : Writing [[B@a9b0af2] as "application/json"
2026-02-22T11:55:42.396+05:30 DEBUG 1700 --- [productService] [AsyncReporter{org.springframework.boot.actuate.autoconfigure.tracing.zipkin.ZipkinRestTemplateSender@3516b881}] [                                                 ] o.s.web.client.RestTemplate              : Response 202 ACCEPTED
2026-02-22T11:55:43.409+05:30 DEBUG 1700 --- [productService] [AsyncReporter{org.springframework.boot.actuate.autoconfigure.tracing.zipkin.ZipkinRestTemplateSender@3516b881}] [                                                 ] o.s.web.client.RestTemplate              : HTTP POST http://localhost:9411/api/v2/spans
2026-02-22T11:55:43.412+05:30 DEBUG 1700 --- [productService] [AsyncReporter{org.springframework.boot.actuate.autoconfigure.tracing.zipkin.ZipkinRestTemplateSender@3516b881}] [                                                 ] o.s.web.client.RestTemplate              : Accept=[application/json, application/*+json]
2026-02-22T11:55:43.412+05:30 DEBUG 1700 --- [productService] [AsyncReporter{org.springframework.boot.actuate.autoconfigure.tracing.zipkin.ZipkinRestTemplateSender@3516b881}] [                                                 ] o.s.web.client.RestTemplate              : Writing [[B@698af4e6] as "application/json"
2026-02-22T11:55:43.423+05:30 DEBUG 1700 --- [productService] [AsyncReporter{org.springframework.boot.actuate.autoconfigure.tracing.zipkin.ZipkinRestTemplateSender@3516b881}] [                                                 ] o.s.web.client.RestTemplate              : Response 202 ACCEPTED
2026-02-22T11:55:44.431+05:30 DEBUG 1700 --- [productService] [AsyncReporter{org.springframework.boot.actuate.autoconfigure.tracing.zipkin.ZipkinRestTemplateSender@3516b881}] [                                                 ] o.s.web.client.RestTemplate              : HTTP POST http://localhost:9411/api/v2/spans
2026-02-22T11:55:44.433+05:30 DEBUG 1700 --- [productService] [AsyncReporter{org.springframework.boot.actuate.autoconfigure.tracing.zipkin.ZipkinRestTemplateSender@3516b881}] [                                                 ] o.s.web.client.RestTemplate              : Accept=[application/json, application/*+json]
2026-02-22T11:55:44.435+05:30 DEBUG 1700 --- [productService] [AsyncReporter{org.springframework.boot.actuate.autoconfigure.tracing.zipkin.ZipkinRestTemplateSender@3516b881}] [                                                 ] o.s.web.client.RestTemplate              : Writing [[B@58331a79] as "application/json"
2026-02-22T11:55:44.446+05:30 DEBUG 1700 --- [productService] [AsyncReporter{org.springframework.boot.actuate.autoconfigure.tracing.zipkin.ZipkinRestTemplateSender@3516b881}] [                                                 ] o.s.web.client.RestTemplate              : Response 202 ACCEPTED
2026-02-22T11:55:46.473+05:30 DEBUG 1700 --- [productService] [AsyncReporter{org.springframework.boot.actuate.autoconfigure.tracing.zipkin.ZipkinRestTemplateSender@3516b881}] [                                                 ] o.s.web.client.RestTemplate              : HTTP POST http://localhost:9411/api/v2/spans
2026-02-22T11:55:46.475+05:30 DEBUG 1700 --- [productService] [AsyncReporter{org.springframework.boot.actuate.autoconfigure.tracing.zipkin.ZipkinRestTemplateSender@3516b881}] [                                                 ] o.s.web.client.RestTemplate              : Accept=[application/json, application/*+json]
2026-02-22T11:55:46.476+05:30 DEBUG 1700 --- [productService] [AsyncReporter{org.springframework.boot.actuate.autoconfigure.tracing.zipkin.ZipkinRestTemplateSender@3516b881}] [                                                 ] o.s.web.client.RestTemplate              : Writing [[B@323fdea4] as "application/json"
2026-02-22T11:55:46.494+05:30 DEBUG 1700 --- [productService] [AsyncReporter{org.springframework.boot.actuate.autoconfigure.tracing.zipkin.ZipkinRestTemplateSender@3516b881}] [                                                 ] o.s.web.client.RestTemplate              : Response 202 ACCEPTED
2026-02-22T11:55:57.182+05:30  INFO 1700 --- [productService] [AsyncResolver-bootstrap-executor-0] [                                                 ] c.n.d.s.r.aws.ConfigClusterResolver      : Resolving eureka endpoints via configuration
2026-02-22T11:55:57.726+05:30 DEBUG 1700 --- [productService] [DiscoveryClient-HeartbeatExecutor-0] [                                                 ] o.s.web.client.RestTemplate              : HTTP PUT http://localhost:8761/eureka/apps/PRODUCTSERVICE/DESKTOP-ECRRR37.mshome.net:productService:8082?status=UP&lastDirtyTimestamp=1771738546502
2026-02-22T11:55:57.726+05:30 DEBUG 1700 --- [productService] [DiscoveryClient-HeartbeatExecutor-0] [                                                 ] o.s.web.client.RestTemplate              : Accept=[application/json, application/*+json]
2026-02-22T11:55:57.743+05:30 DEBUG 1700 --- [productService] [DiscoveryClient-HeartbeatExecutor-0] [                                                 ] o.s.web.client.RestTemplate              : Response 200 OK
2026-02-22T11:55:59.426+05:30 DEBUG 1700 --- [productService] [DiscoveryClient-CacheRefreshExecutor-0] [                                                 ] o.s.web.client.RestTemplate              : HTTP GET http://localhost:8761/eureka/apps/delta
2026-02-22T11:55:59.426+05:30 DEBUG 1700 --- [productService] [DiscoveryClient-CacheRefreshExecutor-0] [                                                 ] o.s.web.client.RestTemplate              : Accept=[application/json, application/*+json]
2026-02-22T11:55:59.429+05:30 DEBUG 1700 --- [productService] [DiscoveryClient-CacheRefreshExecutor-0] [                                                 ] o.s.web.client.RestTemplate              : Response 200 OK
2026-02-22T11:55:59.429+05:30 DEBUG 1700 --- [productService] [DiscoveryClient-CacheRefreshExecutor-0] [                                                 ] o.s.web.client.RestTemplate              : Reading to [org.springframework.cloud.netflix.eureka.http.EurekaApplications]
2026-02-22T11:56:27.747+05:30 DEBUG 1700 --- [productService] [DiscoveryClient-HeartbeatExecutor-0] [                                                 ] o.s.web.client.RestTemplate              : HTTP PUT http://localhost:8761/eureka/apps/PRODUCTSERVICE/DESKTOP-ECRRR37.mshome.net:productService:8082?status=UP&lastDirtyTimestamp=1771738546502
2026-02-22T11:56:27.748+05:30 DEBUG 1700 --- [productService] [DiscoveryClient-HeartbeatExecutor-0] [                                                 ] o.s.web.client.RestTemplate              : Accept=[application/json, application/*+json]
2026-02-22T11:56:27.764+05:30 DEBUG 1700 --- [productService] [DiscoveryClient-HeartbeatExecutor-0] [                                                 ] o.s.web.client.RestTemplate              : Response 200 OK
2026-02-22T11:56:29.439+05:30 DEBUG 1700 --- [productService] [DiscoveryClient-CacheRefreshExecutor-0] [                                                 ] o.s.web.client.RestTemplate              : HTTP GET http://localhost:8761/eureka/apps/delta
2026-02-22T11:56:29.439+05:30 DEBUG 1700 --- [productService] [DiscoveryClient-CacheRefreshExecutor-0] [                                                 ] o.s.web.client.RestTemplate              : Accept=[application/json, application/*+json]
2026-02-22T11:56:29.444+05:30 DEBUG 1700 --- [productService] [DiscoveryClient-CacheRefreshExecutor-0] [                                                 ] o.s.web.client.RestTemplate              : Response 200 OK
2026-02-22T11:56:29.445+05:30 DEBUG 1700 --- [productService] [DiscoveryClient-CacheRefreshExecutor-0] [                                                 ] o.s.web.client.RestTemplate              : Reading to [org.springframework.cloud.netflix.eureka.http.EurekaApplications]
2026-02-22T11:56:58.224+05:30 DEBUG 1700 --- [productService] [DiscoveryClient-HeartbeatExecutor-0] [                                                 ] o.s.web.client.RestTemplate              : HTTP PUT http://localhost:8761/eureka/apps/PRODUCTSERVICE/DESKTOP-ECRRR37.mshome.net:productService:8082?status=UP&lastDirtyTimestamp=1771738546502
2026-02-22T11:56:58.487+05:30 DEBUG 1700 --- [productService] [DiscoveryClient-HeartbeatExecutor-0] [                                                 ] o.s.web.client.RestTemplate              : Accept=[application/json, application/*+json]
2026-02-22T11:56:58.527+05:30 DEBUG 1700 --- [productService] [DiscoveryClient-HeartbeatExecutor-0] [                                                 ] o.s.web.client.RestTemplate              : Response 200 OK
2026-02-22T11:56:59.456+05:30 DEBUG 1700 --- [productService] [DiscoveryClient-CacheRefreshExecutor-0] [                                                 ] o.s.web.client.RestTemplate              : HTTP GET http://localhost:8761/eureka/apps/delta
2026-02-22T11:56:59.458+05:30 DEBUG 1700 --- [productService] [DiscoveryClient-CacheRefreshExecutor-0] [                                                 ] o.s.web.client.RestTemplate              : Accept=[application/json, application/*+json]
2026-02-22T11:56:59.464+05:30 DEBUG 1700 --- [productService] [DiscoveryClient-CacheRefreshExecutor-0] [                                                 ] o.s.web.client.RestTemplate              : Response 200 OK
2026-02-22T11:56:59.467+05:30 DEBUG 1700 --- [productService] [DiscoveryClient-CacheRefreshExecutor-0] [                                                 ] o.s.web.client.RestTemplate              : Reading to [org.springframework.cloud.netflix.eureka.http.EurekaApplications]
2026-02-22T11:57:29.159+05:30 DEBUG 1700 --- [productService] [DiscoveryClient-HeartbeatExecutor-0] [                                                 ] o.s.web.client.RestTemplate              : HTTP PUT http://localhost:8761/eureka/apps/PRODUCTSERVICE/DESKTOP-ECRRR37.mshome.net:productService:8082?status=UP&lastDirtyTimestamp=1771738546502
2026-02-22T11:57:29.380+05:30 DEBUG 1700 --- [productService] [DiscoveryClient-HeartbeatExecutor-0] [                                                 ] o.s.web.client.RestTemplate              : Accept=[application/json, application/*+json]
2026-02-22T11:57:29.571+05:30 DEBUG 1700 --- [productService] [DiscoveryClient-CacheRefreshExecutor-0] [                                                 ] o.s.web.client.RestTemplate              : HTTP GET http://localhost:8761/eureka/apps/delta
2026-02-22T11:57:29.571+05:30 DEBUG 1700 --- [productService] [DiscoveryClient-CacheRefreshExecutor-0] [                                                 ] o.s.web.client.RestTemplate              : Accept=[application/json, application/*+json]
2026-02-22T11:57:32.051+05:30 DEBUG 1700 --- [productService] [DiscoveryClient-HeartbeatExecutor-0] [                                                 ] o.s.web.client.RestTemplate              : Response 200 OK
2026-02-22T11:57:32.309+05:30 DEBUG 1700 --- [productService] [DiscoveryClient-CacheRefreshExecutor-0] [                                                 ] o.s.web.client.RestTemplate              : Response 200 OK
2026-02-22T11:57:32.309+05:30 DEBUG 1700 --- [productService] [DiscoveryClient-CacheRefreshExecutor-0] [                                                 ] o.s.web.client.RestTemplate              : Reading to [org.springframework.cloud.netflix.eureka.http.EurekaApplications]
2026-02-22T11:58:02.161+05:30 DEBUG 1700 --- [productService] [DiscoveryClient-HeartbeatExecutor-0] [                                                 ] o.s.web.client.RestTemplate              : HTTP PUT http://localhost:8761/eureka/apps/PRODUCTSERVICE/DESKTOP-ECRRR37.mshome.net:productService:8082?status=UP&lastDirtyTimestamp=1771738546502
2026-02-22T11:58:02.163+05:30 DEBUG 1700 --- [productService] [DiscoveryClient-HeartbeatExecutor-0] [                                                 ] o.s.web.client.RestTemplate              : Accept=[application/json, application/*+json]
2026-02-22T11:58:02.404+05:30 DEBUG 1700 --- [productService] [DiscoveryClient-CacheRefreshExecutor-0] [                                                 ] o.s.web.client.RestTemplate              : HTTP GET http://localhost:8761/eureka/apps/delta
2026-02-22T11:58:02.799+05:30 DEBUG 1700 --- [productService] [DiscoveryClient-CacheRefreshExecutor-0] [                                                 ] o.s.web.client.RestTemplate              : Accept=[application/json, application/*+json]
2026-02-22T11:58:02.883+05:30 DEBUG 1700 --- [productService] [DiscoveryClient-CacheRefreshExecutor-0] [                                                 ] o.s.web.client.RestTemplate              : Response 200 OK
2026-02-22T11:58:02.899+05:30 DEBUG 1700 --- [productService] [DiscoveryClient-HeartbeatExecutor-0] [                                                 ] o.s.web.client.RestTemplate              : Response 200 OK
2026-02-22T11:58:02.901+05:30 DEBUG 1700 --- [productService] [DiscoveryClient-CacheRefreshExecutor-0] [                                                 ] o.s.web.client.RestTemplate              : Reading to [org.springframework.cloud.netflix.eureka.http.EurekaApplications]
2026-02-22T11:58:32.958+05:30 DEBUG 1700 --- [productService] [DiscoveryClient-CacheRefreshExecutor-0] [                                                 ] o.s.web.client.RestTemplate              : HTTP GET http://localhost:8761/eureka/apps/delta
2026-02-22T11:58:32.959+05:30 DEBUG 1700 --- [productService] [DiscoveryClient-CacheRefreshExecutor-0] [                                                 ] o.s.web.client.RestTemplate              : Accept=[application/json, application/*+json]
2026-02-22T11:58:33.142+05:30 DEBUG 1700 --- [productService] [DiscoveryClient-HeartbeatExecutor-0] [                                                 ] o.s.web.client.RestTemplate              : HTTP PUT http://localhost:8761/eureka/apps/PRODUCTSERVICE/DESKTOP-ECRRR37.mshome.net:productService:8082?status=UP&lastDirtyTimestamp=1771738546502
2026-02-22T11:58:33.584+05:30 DEBUG 1700 --- [productService] [DiscoveryClient-CacheRefreshExecutor-0] [                                                 ] o.s.web.client.RestTemplate              : Response 200 OK
2026-02-22T11:58:33.585+05:30 DEBUG 1700 --- [productService] [DiscoveryClient-CacheRefreshExecutor-0] [                                                 ] o.s.web.client.RestTemplate              : Reading to [org.springframework.cloud.netflix.eureka.http.EurekaApplications]
2026-02-22T11:58:33.543+05:30 DEBUG 1700 --- [productService] [DiscoveryClient-HeartbeatExecutor-0] [                                                 ] o.s.web.client.RestTemplate              : Accept=[application/json, application/*+json]
2026-02-22T11:58:34.925+05:30 DEBUG 1700 --- [productService] [DiscoveryClient-HeartbeatExecutor-0] [                                                 ] o.s.web.client.RestTemplate              : Response 200 OK
2026-02-22T11:59:04.996+05:30 DEBUG 1700 --- [productService] [DiscoveryClient-HeartbeatExecutor-0] [                                                 ] o.s.web.client.RestTemplate              : HTTP PUT http://localhost:8761/eureka/apps/PRODUCTSERVICE/DESKTOP-ECRRR37.mshome.net:productService:8082?status=UP&lastDirtyTimestamp=1771738546502
2026-02-22T11:59:04.997+05:30 DEBUG 1700 --- [productService] [DiscoveryClient-HeartbeatExecutor-0] [                                                 ] o.s.web.client.RestTemplate              : Accept=[application/json, application/*+json]
2026-02-22T11:59:05.095+05:30 DEBUG 1700 --- [productService] [DiscoveryClient-HeartbeatExecutor-0] [                                                 ] o.s.web.client.RestTemplate              : Response 200 OK
2026-02-22T11:59:06.163+05:30 DEBUG 1700 --- [productService] [DiscoveryClient-CacheRefreshExecutor-0] [                                                 ] o.s.web.client.RestTemplate              : HTTP GET http://localhost:8761/eureka/apps/delta
2026-02-22T11:59:06.164+05:30 DEBUG 1700 --- [productService] [DiscoveryClient-CacheRefreshExecutor-0] [                                                 ] o.s.web.client.RestTemplate              : Accept=[application/json, application/*+json]
2026-02-22T11:59:06.169+05:30 DEBUG 1700 --- [productService] [DiscoveryClient-CacheRefreshExecutor-0] [                                                 ] o.s.web.client.RestTemplate              : Response 200 OK
2026-02-22T11:59:06.170+05:30 DEBUG 1700 --- [productService] [DiscoveryClient-CacheRefreshExecutor-0] [                                                 ] o.s.web.client.RestTemplate              : Reading to [org.springframework.cloud.netflix.eureka.http.EurekaApplications]
2026-02-22T11:59:35.110+05:30 DEBUG 1700 --- [productService] [DiscoveryClient-HeartbeatExecutor-0] [                                                 ] o.s.web.client.RestTemplate              : HTTP PUT http://localhost:8761/eureka/apps/PRODUCTSERVICE/DESKTOP-ECRRR37.mshome.net:productService:8082?status=UP&lastDirtyTimestamp=1771738546502
2026-02-22T11:59:35.114+05:30 DEBUG 1700 --- [productService] [DiscoveryClient-HeartbeatExecutor-0] [                                                 ] o.s.web.client.RestTemplate              : Accept=[application/json, application/*+json]
2026-02-22T11:59:35.128+05:30 DEBUG 1700 --- [productService] [DiscoveryClient-HeartbeatExecutor-0] [                                                 ] o.s.web.client.RestTemplate              : Response 200 OK
2026-02-22T11:59:36.910+05:30 DEBUG 1700 --- [productService] [DiscoveryClient-CacheRefreshExecutor-0] [                                                 ] o.s.web.client.RestTemplate              : HTTP GET http://localhost:8761/eureka/apps/delta
2026-02-22T11:59:37.021+05:30 DEBUG 1700 --- [productService] [DiscoveryClient-CacheRefreshExecutor-0] [                                                 ] o.s.web.client.RestTemplate              : Accept=[application/json, application/*+json]
2026-02-22T11:59:37.352+05:30 DEBUG 1700 --- [productService] [DiscoveryClient-CacheRefreshExecutor-0] [                                                 ] o.s.web.client.RestTemplate              : Response 200 OK
2026-02-22T11:59:37.352+05:30 DEBUG 1700 --- [productService] [DiscoveryClient-CacheRefreshExecutor-0] [                                                 ] o.s.web.client.RestTemplate              : Reading to [org.springframework.cloud.netflix.eureka.http.EurekaApplications]
2026-02-22T11:59:58.977+05:30 DEBUG 1700 --- [productService] [AsyncReporter{org.springframework.boot.actuate.autoconfigure.tracing.zipkin.ZipkinRestTemplateSender@3516b881}] [                                                 ] o.s.web.client.RestTemplate              : HTTP POST http://localhost:9411/api/v2/spans
2026-02-22T11:59:59.005+05:30 DEBUG 1700 --- [productService] [AsyncReporter{org.springframework.boot.actuate.autoconfigure.tracing.zipkin.ZipkinRestTemplateSender@3516b881}] [                                                 ] o.s.web.client.RestTemplate              : Accept=[application/json, application/*+json]
2026-02-22T11:59:59.006+05:30 DEBUG 1700 --- [productService] [AsyncReporter{org.springframework.boot.actuate.autoconfigure.tracing.zipkin.ZipkinRestTemplateSender@3516b881}] [                                                 ] o.s.web.client.RestTemplate              : Writing [[B@60a19e8b] as "application/json"
2026-02-22T11:59:59.114+05:30 DEBUG 1700 --- [productService] [AsyncReporter{org.springframework.boot.actuate.autoconfigure.tracing.zipkin.ZipkinRestTemplateSender@3516b881}] [                                                 ] o.s.web.client.RestTemplate              : Response 202 ACCEPTED
2026-02-22T12:00:05.139+05:30 DEBUG 1700 --- [productService] [DiscoveryClient-HeartbeatExecutor-0] [                                                 ] o.s.web.client.RestTemplate              : HTTP PUT http://localhost:8761/eureka/apps/PRODUCTSERVICE/DESKTOP-ECRRR37.mshome.net:productService:8082?status=UP&lastDirtyTimestamp=1771738546502
2026-02-22T12:00:05.140+05:30 DEBUG 1700 --- [productService] [DiscoveryClient-HeartbeatExecutor-0] [                                                 ] o.s.web.client.RestTemplate              : Accept=[application/json, application/*+json]
2026-02-22T12:00:05.168+05:30 DEBUG 1700 --- [productService] [DiscoveryClient-HeartbeatExecutor-0] [                                                 ] o.s.web.client.RestTemplate              : Response 200 OK
2026-02-22T12:00:07.629+05:30 DEBUG 1700 --- [productService] [DiscoveryClient-CacheRefreshExecutor-0] [                                                 ] o.s.web.client.RestTemplate              : HTTP GET http://localhost:8761/eureka/apps/delta
2026-02-22T12:00:07.633+05:30 DEBUG 1700 --- [productService] [DiscoveryClient-CacheRefreshExecutor-0] [                                                 ] o.s.web.client.RestTemplate              : Accept=[application/json, application/*+json]
2026-02-22T12:00:07.654+05:30 DEBUG 1700 --- [productService] [DiscoveryClient-CacheRefreshExecutor-0] [                                                 ] o.s.web.client.RestTemplate              : Response 200 OK
2026-02-22T12:00:07.656+05:30 DEBUG 1700 --- [productService] [DiscoveryClient-CacheRefreshExecutor-0] [                                                 ] o.s.web.client.RestTemplate              : Reading to [org.springframework.cloud.netflix.eureka.http.EurekaApplications]
2026-02-22T12:00:35.189+05:30 DEBUG 1700 --- [productService] [DiscoveryClient-HeartbeatExecutor-0] [                                                 ] o.s.web.client.RestTemplate              : HTTP PUT http://localhost:8761/eureka/apps/PRODUCTSERVICE/DESKTOP-ECRRR37.mshome.net:productService:8082?status=UP&lastDirtyTimestamp=1771738546502
2026-02-22T12:00:35.190+05:30 DEBUG 1700 --- [productService] [DiscoveryClient-HeartbeatExecutor-0] [                                                 ] o.s.web.client.RestTemplate              : Accept=[application/json, application/*+json]
2026-02-22T12:00:35.198+05:30 DEBUG 1700 --- [productService] [DiscoveryClient-HeartbeatExecutor-0] [                                                 ] o.s.web.client.RestTemplate              : Response 200 OK
2026-02-22T12:00:37.673+05:30 DEBUG 1700 --- [productService] [DiscoveryClient-CacheRefreshExecutor-0] [                                                 ] o.s.web.client.RestTemplate              : HTTP GET http://localhost:8761/eureka/apps/delta
2026-02-22T12:00:37.674+05:30 DEBUG 1700 --- [productService] [DiscoveryClient-CacheRefreshExecutor-0] [                                                 ] o.s.web.client.RestTemplate              : Accept=[application/json, application/*+json]
2026-02-22T12:00:37.692+05:30 DEBUG 1700 --- [productService] [DiscoveryClient-CacheRefreshExecutor-0] [                                                 ] o.s.web.client.RestTemplate              : Response 200 OK
2026-02-22T12:00:37.693+05:30 DEBUG 1700 --- [productService] [DiscoveryClient-CacheRefreshExecutor-0] [                                                 ] o.s.web.client.RestTemplate              : Reading to [org.springframework.cloud.netflix.eureka.http.EurekaApplications]
2026-02-22T12:00:57.226+05:30  INFO 1700 --- [productService] [AsyncResolver-bootstrap-executor-0] [                                                 ] c.n.d.s.r.aws.ConfigClusterResolver      : Resolving eureka endpoints via configuration
2026-02-22T12:01:05.218+05:30 DEBUG 1700 --- [productService] [DiscoveryClient-HeartbeatExecutor-0] [                                                 ] o.s.web.client.RestTemplate              : HTTP PUT http://localhost:8761/eureka/apps/PRODUCTSERVICE/DESKTOP-ECRRR37.mshome.net:productService:8082?status=UP&lastDirtyTimestamp=1771738546502
2026-02-22T12:01:05.218+05:30 DEBUG 1700 --- [productService] [DiscoveryClient-HeartbeatExecutor-0] [                                                 ] o.s.web.client.RestTemplate              : Accept=[application/json, application/*+json]
2026-02-22T12:01:05.235+05:30 DEBUG 1700 --- [productService] [DiscoveryClient-HeartbeatExecutor-0] [                                                 ] o.s.web.client.RestTemplate              : Response 200 OK
2026-02-22T12:01:07.706+05:30 DEBUG 1700 --- [productService] [DiscoveryClient-CacheRefreshExecutor-0] [                                                 ] o.s.web.client.RestTemplate              : HTTP GET http://localhost:8761/eureka/apps/delta
2026-02-22T12:01:07.709+05:30 DEBUG 1700 --- [productService] [DiscoveryClient-CacheRefreshExecutor-0] [                                                 ] o.s.web.client.RestTemplate              : Accept=[application/json, application/*+json]
2026-02-22T12:01:07.727+05:30 DEBUG 1700 --- [productService] [DiscoveryClient-CacheRefreshExecutor-0] [                                                 ] o.s.web.client.RestTemplate              : Response 200 OK
2026-02-22T12:01:07.729+05:30 DEBUG 1700 --- [productService] [DiscoveryClient-CacheRefreshExecutor-0] [                                                 ] o.s.web.client.RestTemplate              : Reading to [org.springframework.cloud.netflix.eureka.http.EurekaApplications]
2026-02-22T12:01:35.245+05:30 DEBUG 1700 --- [productService] [DiscoveryClient-HeartbeatExecutor-0] [                                                 ] o.s.web.client.RestTemplate              : HTTP PUT http://localhost:8761/eureka/apps/PRODUCTSERVICE/DESKTOP-ECRRR37.mshome.net:productService:8082?status=UP&lastDirtyTimestamp=1771738546502
2026-02-22T12:01:35.246+05:30 DEBUG 1700 --- [productService] [DiscoveryClient-HeartbeatExecutor-0] [                                                 ] o.s.web.client.RestTemplate              : Accept=[application/json, application/*+json]
2026-02-22T12:01:35.259+05:30 DEBUG 1700 --- [productService] [DiscoveryClient-HeartbeatExecutor-0] [                                                 ] o.s.web.client.RestTemplate              : Response 200 OK
2026-02-22T12:01:37.751+05:30 DEBUG 1700 --- [productService] [DiscoveryClient-CacheRefreshExecutor-0] [                                                 ] o.s.web.client.RestTemplate              : HTTP GET http://localhost:8761/eureka/apps/delta
2026-02-22T12:01:37.752+05:30 DEBUG 1700 --- [productService] [DiscoveryClient-CacheRefreshExecutor-0] [                                                 ] o.s.web.client.RestTemplate              : Accept=[application/json, application/*+json]
2026-02-22T12:01:37.769+05:30 DEBUG 1700 --- [productService] [DiscoveryClient-CacheRefreshExecutor-0] [                                                 ] o.s.web.client.RestTemplate              : Response 200 OK
2026-02-22T12:01:37.770+05:30 DEBUG 1700 --- [productService] [DiscoveryClient-CacheRefreshExecutor-0] [                                                 ] o.s.web.client.RestTemplate              : Reading to [org.springframework.cloud.netflix.eureka.http.EurekaApplications]
2026-02-22T12:02:05.274+05:30 DEBUG 1700 --- [productService] [DiscoveryClient-HeartbeatExecutor-0] [                                                 ] o.s.web.client.RestTemplate              : HTTP PUT http://localhost:8761/eureka/apps/PRODUCTSERVICE/DESKTOP-ECRRR37.mshome.net:productService:8082?status=UP&lastDirtyTimestamp=1771738546502
2026-02-22T12:02:05.277+05:30 DEBUG 1700 --- [productService] [DiscoveryClient-HeartbeatExecutor-0] [                                                 ] o.s.web.client.RestTemplate              : Accept=[application/json, application/*+json]
2026-02-22T12:02:05.294+05:30 DEBUG 1700 --- [productService] [DiscoveryClient-HeartbeatExecutor-0] [                                                 ] o.s.web.client.RestTemplate              : Response 200 OK
2026-02-22T12:02:07.882+05:30 DEBUG 1700 --- [productService] [DiscoveryClient-CacheRefreshExecutor-0] [                                                 ] o.s.web.client.RestTemplate              : HTTP GET http://localhost:8761/eureka/apps/delta
2026-02-22T12:02:07.883+05:30 DEBUG 1700 --- [productService] [DiscoveryClient-CacheRefreshExecutor-0] [                                                 ] o.s.web.client.RestTemplate              : Accept=[application/json, application/*+json]
2026-02-22T12:02:08.829+05:30 DEBUG 1700 --- [productService] [DiscoveryClient-CacheRefreshExecutor-0] [                                                 ] o.s.web.client.RestTemplate              : Response 200 OK
2026-02-22T12:02:08.830+05:30 DEBUG 1700 --- [productService] [DiscoveryClient-CacheRefreshExecutor-0] [                                                 ] o.s.web.client.RestTemplate              : Reading to [org.springframework.cloud.netflix.eureka.http.EurekaApplications]
2026-02-22T12:02:35.586+05:30 DEBUG 1700 --- [productService] [DiscoveryClient-HeartbeatExecutor-0] [                                                 ] o.s.web.client.RestTemplate              : HTTP PUT http://localhost:8761/eureka/apps/PRODUCTSERVICE/DESKTOP-ECRRR37.mshome.net:productService:8082?status=UP&lastDirtyTimestamp=1771738546502
2026-02-22T12:02:35.586+05:30 DEBUG 1700 --- [productService] [DiscoveryClient-HeartbeatExecutor-0] [                                                 ] o.s.web.client.RestTemplate              : Accept=[application/json, application/*+json]
2026-02-22T12:02:36.653+05:30 DEBUG 1700 --- [productService] [DiscoveryClient-HeartbeatExecutor-0] [                                                 ] o.s.web.client.RestTemplate              : Response 200 OK
2026-02-22T12:02:39.238+05:30 DEBUG 1700 --- [productService] [DiscoveryClient-CacheRefreshExecutor-0] [                                                 ] o.s.web.client.RestTemplate              : HTTP GET http://localhost:8761/eureka/apps/delta
2026-02-22T12:02:39.238+05:30 DEBUG 1700 --- [productService] [DiscoveryClient-CacheRefreshExecutor-0] [                                                 ] o.s.web.client.RestTemplate              : Accept=[application/json, application/*+json]
2026-02-22T12:02:39.540+05:30 DEBUG 1700 --- [productService] [DiscoveryClient-CacheRefreshExecutor-0] [                                                 ] o.s.web.client.RestTemplate              : Response 200 OK
2026-02-22T12:02:39.540+05:30 DEBUG 1700 --- [productService] [DiscoveryClient-CacheRefreshExecutor-0] [                                                 ] o.s.web.client.RestTemplate              : Reading to [org.springframework.cloud.netflix.eureka.http.EurekaApplications]
2026-02-22T12:03:06.682+05:30 DEBUG 1700 --- [productService] [DiscoveryClient-HeartbeatExecutor-0] [                                                 ] o.s.web.client.RestTemplate              : HTTP PUT http://localhost:8761/eureka/apps/PRODUCTSERVICE/DESKTOP-ECRRR37.mshome.net:productService:8082?status=UP&lastDirtyTimestamp=1771738546502
2026-02-22T12:03:06.682+05:30 DEBUG 1700 --- [productService] [DiscoveryClient-HeartbeatExecutor-0] [                                                 ] o.s.web.client.RestTemplate              : Accept=[application/json, application/*+json]
2026-02-22T12:03:06.702+05:30 DEBUG 1700 --- [productService] [DiscoveryClient-HeartbeatExecutor-0] [                                                 ] o.s.web.client.RestTemplate              : Response 200 OK
2026-02-22T12:03:09.552+05:30 DEBUG 1700 --- [productService] [DiscoveryClient-CacheRefreshExecutor-0] [                                                 ] o.s.web.client.RestTemplate              : HTTP GET http://localhost:8761/eureka/apps/delta
2026-02-22T12:03:09.553+05:30 DEBUG 1700 --- [productService] [DiscoveryClient-CacheRefreshExecutor-0] [                                                 ] o.s.web.client.RestTemplate              : Accept=[application/json, application/*+json]
2026-02-22T12:03:09.571+05:30 DEBUG 1700 --- [productService] [DiscoveryClient-CacheRefreshExecutor-0] [                                                 ] o.s.web.client.RestTemplate              : Response 200 OK
2026-02-22T12:03:09.572+05:30 DEBUG 1700 --- [productService] [DiscoveryClient-CacheRefreshExecutor-0] [                                                 ] o.s.web.client.RestTemplate              : Reading to [org.springframework.cloud.netflix.eureka.http.EurekaApplications]
2026-02-22T12:03:36.715+05:30 DEBUG 1700 --- [productService] [DiscoveryClient-HeartbeatExecutor-0] [                                                 ] o.s.web.client.RestTemplate              : HTTP PUT http://localhost:8761/eureka/apps/PRODUCTSERVICE/DESKTOP-ECRRR37.mshome.net:productService:8082?status=UP&lastDirtyTimestamp=1771738546502
2026-02-22T12:03:36.719+05:30 DEBUG 1700 --- [productService] [DiscoveryClient-HeartbeatExecutor-0] [                                                 ] o.s.web.client.RestTemplate              : Accept=[application/json, application/*+json]
2026-02-22T12:03:36.740+05:30 DEBUG 1700 --- [productService] [DiscoveryClient-HeartbeatExecutor-0] [                                                 ] o.s.web.client.RestTemplate              : Response 200 OK
2026-02-22T12:03:39.582+05:30 DEBUG 1700 --- [productService] [DiscoveryClient-CacheRefreshExecutor-0] [                                                 ] o.s.web.client.RestTemplate              : HTTP GET http://localhost:8761/eureka/apps/delta
2026-02-22T12:03:39.582+05:30 DEBUG 1700 --- [productService] [DiscoveryClient-CacheRefreshExecutor-0] [                                                 ] o.s.web.client.RestTemplate              : Accept=[application/json, application/*+json]
2026-02-22T12:03:39.598+05:30 DEBUG 1700 --- [productService] [DiscoveryClient-CacheRefreshExecutor-0] [                                                 ] o.s.web.client.RestTemplate              : Response 200 OK
2026-02-22T12:03:39.599+05:30 DEBUG 1700 --- [productService] [DiscoveryClient-CacheRefreshExecutor-0] [                                                 ] o.s.web.client.RestTemplate              : Reading to [org.springframework.cloud.netflix.eureka.http.EurekaApplications]
2026-02-22T12:04:06.984+05:30 DEBUG 1700 --- [productService] [DiscoveryClient-HeartbeatExecutor-0] [                                                 ] o.s.web.client.RestTemplate              : HTTP PUT http://localhost:8761/eureka/apps/PRODUCTSERVICE/DESKTOP-ECRRR37.mshome.net:productService:8082?status=UP&lastDirtyTimestamp=1771738546502
2026-02-22T12:04:07.170+05:30 DEBUG 1700 --- [productService] [DiscoveryClient-HeartbeatExecutor-0] [                                                 ] o.s.web.client.RestTemplate              : Accept=[application/json, application/*+json]
2026-02-22T12:04:08.009+05:30 DEBUG 1700 --- [productService] [DiscoveryClient-HeartbeatExecutor-0] [                                                 ] o.s.web.client.RestTemplate              : Response 200 OK
2026-02-22T12:04:09.660+05:30 DEBUG 1700 --- [productService] [DiscoveryClient-CacheRefreshExecutor-0] [                                                 ] o.s.web.client.RestTemplate              : HTTP GET http://localhost:8761/eureka/apps/delta
2026-02-22T12:04:09.683+05:30 DEBUG 1700 --- [productService] [DiscoveryClient-CacheRefreshExecutor-0] [                                                 ] o.s.web.client.RestTemplate              : Accept=[application/json, application/*+json]
2026-02-22T12:04:09.712+05:30 DEBUG 1700 --- [productService] [DiscoveryClient-CacheRefreshExecutor-0] [                                                 ] o.s.web.client.RestTemplate              : Response 200 OK
2026-02-22T12:04:09.714+05:30 DEBUG 1700 --- [productService] [DiscoveryClient-CacheRefreshExecutor-0] [                                                 ] o.s.web.client.RestTemplate              : Reading to [org.springframework.cloud.netflix.eureka.http.EurekaApplications]
2026-02-22T12:04:38.027+05:30 DEBUG 1700 --- [productService] [DiscoveryClient-HeartbeatExecutor-0] [                                                 ] o.s.web.client.RestTemplate              : HTTP PUT http://localhost:8761/eureka/apps/PRODUCTSERVICE/DESKTOP-ECRRR37.mshome.net:productService:8082?status=UP&lastDirtyTimestamp=1771738546502
2026-02-22T12:04:38.032+05:30 DEBUG 1700 --- [productService] [DiscoveryClient-HeartbeatExecutor-0] [                                                 ] o.s.web.client.RestTemplate              : Accept=[application/json, application/*+json]
2026-02-22T12:04:38.049+05:30 DEBUG 1700 --- [productService] [DiscoveryClient-HeartbeatExecutor-0] [                                                 ] o.s.web.client.RestTemplate              : Response 200 OK
2026-02-22T12:04:40.088+05:30 DEBUG 1700 --- [productService] [DiscoveryClient-CacheRefreshExecutor-0] [                                                 ] o.s.web.client.RestTemplate              : HTTP GET http://localhost:8761/eureka/apps/delta
2026-02-22T12:04:40.088+05:30 DEBUG 1700 --- [productService] [DiscoveryClient-CacheRefreshExecutor-0] [                                                 ] o.s.web.client.RestTemplate              : Accept=[application/json, application/*+json]
2026-02-22T12:04:40.138+05:30 DEBUG 1700 --- [productService] [DiscoveryClient-CacheRefreshExecutor-0] [                                                 ] o.s.web.client.RestTemplate              : Response 200 OK
2026-02-22T12:04:40.156+05:30 DEBUG 1700 --- [productService] [DiscoveryClient-CacheRefreshExecutor-0] [                                                 ] o.s.web.client.RestTemplate              : Reading to [org.springframework.cloud.netflix.eureka.http.EurekaApplications]
2026-02-22T12:05:08.065+05:30 DEBUG 1700 --- [productService] [DiscoveryClient-HeartbeatExecutor-0] [                                                 ] o.s.web.client.RestTemplate              : HTTP PUT http://localhost:8761/eureka/apps/PRODUCTSERVICE/DESKTOP-ECRRR37.mshome.net:productService:8082?status=UP&lastDirtyTimestamp=1771738546502
2026-02-22T12:05:08.069+05:30 DEBUG 1700 --- [productService] [DiscoveryClient-HeartbeatExecutor-0] [                                                 ] o.s.web.client.RestTemplate              : Accept=[application/json, application/*+json]
2026-02-22T12:05:08.098+05:30 DEBUG 1700 --- [productService] [DiscoveryClient-HeartbeatExecutor-0] [                                                 ] o.s.web.client.RestTemplate              : Response 200 OK
2026-02-22T12:05:10.169+05:30 DEBUG 1700 --- [productService] [DiscoveryClient-CacheRefreshExecutor-0] [                                                 ] o.s.web.client.RestTemplate              : HTTP GET http://localhost:8761/eureka/apps/delta
2026-02-22T12:05:10.169+05:30 DEBUG 1700 --- [productService] [DiscoveryClient-CacheRefreshExecutor-0] [                                                 ] o.s.web.client.RestTemplate              : Accept=[application/json, application/*+json]
2026-02-22T12:05:10.187+05:30 DEBUG 1700 --- [productService] [DiscoveryClient-CacheRefreshExecutor-0] [                                                 ] o.s.web.client.RestTemplate              : Response 200 OK
2026-02-22T12:05:10.189+05:30 DEBUG 1700 --- [productService] [DiscoveryClient-CacheRefreshExecutor-0] [                                                 ] o.s.web.client.RestTemplate              : Reading to [org.springframework.cloud.netflix.eureka.http.EurekaApplications]
2026-02-22T12:05:38.106+05:30 DEBUG 1700 --- [productService] [DiscoveryClient-HeartbeatExecutor-0] [                                                 ] o.s.web.client.RestTemplate              : HTTP PUT http://localhost:8761/eureka/apps/PRODUCTSERVICE/DESKTOP-ECRRR37.mshome.net:productService:8082?status=UP&lastDirtyTimestamp=1771738546502
2026-02-22T12:05:38.239+05:30 DEBUG 1700 --- [productService] [DiscoveryClient-HeartbeatExecutor-0] [                                                 ] o.s.web.client.RestTemplate              : Accept=[application/json, application/*+json]
2026-02-22T12:05:38.252+05:30 DEBUG 1700 --- [productService] [DiscoveryClient-HeartbeatExecutor-0] [                                                 ] o.s.web.client.RestTemplate              : Response 200 OK
2026-02-22T12:05:40.202+05:30 DEBUG 1700 --- [productService] [DiscoveryClient-CacheRefreshExecutor-0] [                                                 ] o.s.web.client.RestTemplate              : HTTP GET http://localhost:8761/eureka/apps/delta
2026-02-22T12:05:40.203+05:30 DEBUG 1700 --- [productService] [DiscoveryClient-CacheRefreshExecutor-0] [                                                 ] o.s.web.client.RestTemplate              : Accept=[application/json, application/*+json]
2026-02-22T12:05:40.210+05:30 DEBUG 1700 --- [productService] [DiscoveryClient-CacheRefreshExecutor-0] [                                                 ] o.s.web.client.RestTemplate              : Response 200 OK
2026-02-22T12:05:40.211+05:30 DEBUG 1700 --- [productService] [DiscoveryClient-CacheRefreshExecutor-0] [                                                 ] o.s.web.client.RestTemplate              : Reading to [org.springframework.cloud.netflix.eureka.http.EurekaApplications]
2026-02-22T12:05:57.262+05:30  INFO 1700 --- [productService] [AsyncResolver-bootstrap-executor-0] [                                                 ] c.n.d.s.r.aws.ConfigClusterResolver      : Resolving eureka endpoints via configuration
2026-02-22T12:06:08.274+05:30 DEBUG 1700 --- [productService] [DiscoveryClient-HeartbeatExecutor-0] [                                                 ] o.s.web.client.RestTemplate              : HTTP PUT http://localhost:8761/eureka/apps/PRODUCTSERVICE/DESKTOP-ECRRR37.mshome.net:productService:8082?status=UP&lastDirtyTimestamp=1771738546502
2026-02-22T12:06:08.277+05:30 DEBUG 1700 --- [productService] [DiscoveryClient-HeartbeatExecutor-0] [                                                 ] o.s.web.client.RestTemplate              : Accept=[application/json, application/*+json]
2026-02-22T12:06:08.300+05:30 DEBUG 1700 --- [productService] [DiscoveryClient-HeartbeatExecutor-0] [                                                 ] o.s.web.client.RestTemplate              : Response 200 OK
2026-02-22T12:06:10.226+05:30 DEBUG 1700 --- [productService] [DiscoveryClient-CacheRefreshExecutor-0] [                                                 ] o.s.web.client.RestTemplate              : HTTP GET http://localhost:8761/eureka/apps/delta
2026-02-22T12:06:10.231+05:30 DEBUG 1700 --- [productService] [DiscoveryClient-CacheRefreshExecutor-0] [                                                 ] o.s.web.client.RestTemplate              : Accept=[application/json, application/*+json]
2026-02-22T12:06:10.284+05:30 DEBUG 1700 --- [productService] [DiscoveryClient-CacheRefreshExecutor-0] [                                                 ] o.s.web.client.RestTemplate              : Response 200 OK
2026-02-22T12:06:10.284+05:30 DEBUG 1700 --- [productService] [DiscoveryClient-CacheRefreshExecutor-0] [                                                 ] o.s.web.client.RestTemplate              : Reading to [org.springframework.cloud.netflix.eureka.http.EurekaApplications]
2026-02-22T12:06:38.310+05:30 DEBUG 1700 --- [productService] [DiscoveryClient-HeartbeatExecutor-0] [                                                 ] o.s.web.client.RestTemplate              : HTTP PUT http://localhost:8761/eureka/apps/PRODUCTSERVICE/DESKTOP-ECRRR37.mshome.net:productService:8082?status=UP&lastDirtyTimestamp=1771738546502
2026-02-22T12:06:38.311+05:30 DEBUG 1700 --- [productService] [DiscoveryClient-HeartbeatExecutor-0] [                                                 ] o.s.web.client.RestTemplate              : Accept=[application/json, application/*+json]
2026-02-22T12:06:38.334+05:30 DEBUG 1700 --- [productService] [DiscoveryClient-HeartbeatExecutor-0] [                                                 ] o.s.web.client.RestTemplate              : Response 200 OK
2026-02-22T12:06:40.318+05:30 DEBUG 1700 --- [productService] [DiscoveryClient-CacheRefreshExecutor-0] [                                                 ] o.s.web.client.RestTemplate              : HTTP GET http://localhost:8761/eureka/apps/delta
2026-02-22T12:06:40.319+05:30 DEBUG 1700 --- [productService] [DiscoveryClient-CacheRefreshExecutor-0] [                                                 ] o.s.web.client.RestTemplate              : Accept=[application/json, application/*+json]
2026-02-22T12:06:40.330+05:30 DEBUG 1700 --- [productService] [DiscoveryClient-CacheRefreshExecutor-0] [                                                 ] o.s.web.client.RestTemplate              : Response 200 OK
2026-02-22T12:06:40.331+05:30 DEBUG 1700 --- [productService] [DiscoveryClient-CacheRefreshExecutor-0] [                                                 ] o.s.web.client.RestTemplate              : Reading to [org.springframework.cloud.netflix.eureka.http.EurekaApplications]
2026-02-22T12:07:08.350+05:30 DEBUG 1700 --- [productService] [DiscoveryClient-HeartbeatExecutor-0] [                                                 ] o.s.web.client.RestTemplate              : HTTP PUT http://localhost:8761/eureka/apps/PRODUCTSERVICE/DESKTOP-ECRRR37.mshome.net:productService:8082?status=UP&lastDirtyTimestamp=1771738546502
2026-02-22T12:07:08.353+05:30 DEBUG 1700 --- [productService] [DiscoveryClient-HeartbeatExecutor-0] [                                                 ] o.s.web.client.RestTemplate              : Accept=[application/json, application/*+json]
2026-02-22T12:07:08.370+05:30 DEBUG 1700 --- [productService] [DiscoveryClient-HeartbeatExecutor-0] [                                                 ] o.s.web.client.RestTemplate              : Response 200 OK
2026-02-22T12:07:10.630+05:30 DEBUG 1700 --- [productService] [DiscoveryClient-CacheRefreshExecutor-0] [                                                 ] o.s.web.client.RestTemplate              : HTTP GET http://localhost:8761/eureka/apps/delta
2026-02-22T12:07:10.800+05:30 DEBUG 1700 --- [productService] [DiscoveryClient-CacheRefreshExecutor-0] [                                                 ] o.s.web.client.RestTemplate              : Accept=[application/json, application/*+json]
2026-02-22T12:07:10.815+05:30 DEBUG 1700 --- [productService] [DiscoveryClient-CacheRefreshExecutor-0] [                                                 ] o.s.web.client.RestTemplate              : Response 200 OK
2026-02-22T12:07:10.815+05:30 DEBUG 1700 --- [productService] [DiscoveryClient-CacheRefreshExecutor-0] [                                                 ] o.s.web.client.RestTemplate              : Reading to [org.springframework.cloud.netflix.eureka.http.EurekaApplications]
2026-02-22T12:07:38.374+05:30 DEBUG 1700 --- [productService] [DiscoveryClient-HeartbeatExecutor-0] [                                                 ] o.s.web.client.RestTemplate              : HTTP PUT http://localhost:8761/eureka/apps/PRODUCTSERVICE/DESKTOP-ECRRR37.mshome.net:productService:8082?status=UP&lastDirtyTimestamp=1771738546502
2026-02-22T12:07:38.472+05:30 DEBUG 1700 --- [productService] [DiscoveryClient-HeartbeatExecutor-0] [                                                 ] o.s.web.client.RestTemplate              : Accept=[application/json, application/*+json]
2026-02-22T12:07:38.506+05:30 DEBUG 1700 --- [productService] [DiscoveryClient-HeartbeatExecutor-0] [                                                 ] o.s.web.client.RestTemplate              : Response 200 OK
2026-02-22T12:07:40.829+05:30 DEBUG 1700 --- [productService] [DiscoveryClient-CacheRefreshExecutor-0] [                                                 ] o.s.web.client.RestTemplate              : HTTP GET http://localhost:8761/eureka/apps/delta
2026-02-22T12:07:40.829+05:30 DEBUG 1700 --- [productService] [DiscoveryClient-CacheRefreshExecutor-0] [                                                 ] o.s.web.client.RestTemplate              : Accept=[application/json, application/*+json]
2026-02-22T12:07:40.849+05:30 DEBUG 1700 --- [productService] [DiscoveryClient-CacheRefreshExecutor-0] [                                                 ] o.s.web.client.RestTemplate              : Response 200 OK
2026-02-22T12:07:40.849+05:30 DEBUG 1700 --- [productService] [DiscoveryClient-CacheRefreshExecutor-0] [                                                 ] o.s.web.client.RestTemplate              : Reading to [org.springframework.cloud.netflix.eureka.http.EurekaApplications]
2026-02-22T12:08:08.512+05:30 DEBUG 1700 --- [productService] [DiscoveryClient-HeartbeatExecutor-0] [                                                 ] o.s.web.client.RestTemplate              : HTTP PUT http://localhost:8761/eureka/apps/PRODUCTSERVICE/DESKTOP-ECRRR37.mshome.net:productService:8082?status=UP&lastDirtyTimestamp=1771738546502
2026-02-22T12:08:08.513+05:30 DEBUG 1700 --- [productService] [DiscoveryClient-HeartbeatExecutor-0] [                                                 ] o.s.web.client.RestTemplate              : Accept=[application/json, application/*+json]
2026-02-22T12:08:08.531+05:30 DEBUG 1700 --- [productService] [DiscoveryClient-HeartbeatExecutor-0] [                                                 ] o.s.web.client.RestTemplate              : Response 200 OK
2026-02-22T12:08:10.855+05:30 DEBUG 1700 --- [productService] [DiscoveryClient-CacheRefreshExecutor-0] [                                                 ] o.s.web.client.RestTemplate              : HTTP GET http://localhost:8761/eureka/apps/delta
2026-02-22T12:08:10.856+05:30 DEBUG 1700 --- [productService] [DiscoveryClient-CacheRefreshExecutor-0] [                                                 ] o.s.web.client.RestTemplate              : Accept=[application/json, application/*+json]
2026-02-22T12:08:10.874+05:30 DEBUG 1700 --- [productService] [DiscoveryClient-CacheRefreshExecutor-0] [                                                 ] o.s.web.client.RestTemplate              : Response 200 OK
2026-02-22T12:08:10.874+05:30 DEBUG 1700 --- [productService] [DiscoveryClient-CacheRefreshExecutor-0] [                                                 ] o.s.web.client.RestTemplate              : Reading to [org.springframework.cloud.netflix.eureka.http.EurekaApplications]
2026-02-22T12:08:38.548+05:30 DEBUG 1700 --- [productService] [DiscoveryClient-HeartbeatExecutor-0] [                                                 ] o.s.web.client.RestTemplate              : HTTP PUT http://localhost:8761/eureka/apps/PRODUCTSERVICE/DESKTOP-ECRRR37.mshome.net:productService:8082?status=UP&lastDirtyTimestamp=1771738546502
2026-02-22T12:08:38.553+05:30 DEBUG 1700 --- [productService] [DiscoveryClient-HeartbeatExecutor-0] [                                                 ] o.s.web.client.RestTemplate              : Accept=[application/json, application/*+json]
2026-02-22T12:08:38.590+05:30 DEBUG 1700 --- [productService] [DiscoveryClient-HeartbeatExecutor-0] [                                                 ] o.s.web.client.RestTemplate              : Response 200 OK
2026-02-22T12:08:40.890+05:30 DEBUG 1700 --- [productService] [DiscoveryClient-CacheRefreshExecutor-0] [                                                 ] o.s.web.client.RestTemplate              : HTTP GET http://localhost:8761/eureka/apps/delta
2026-02-22T12:08:40.891+05:30 DEBUG 1700 --- [productService] [DiscoveryClient-CacheRefreshExecutor-0] [                                                 ] o.s.web.client.RestTemplate              : Accept=[application/json, application/*+json]
2026-02-22T12:08:40.925+05:30 DEBUG 1700 --- [productService] [DiscoveryClient-CacheRefreshExecutor-0] [                                                 ] o.s.web.client.RestTemplate              : Response 200 OK
2026-02-22T12:08:40.930+05:30 DEBUG 1700 --- [productService] [DiscoveryClient-CacheRefreshExecutor-0] [                                                 ] o.s.web.client.RestTemplate              : Reading to [org.springframework.cloud.netflix.eureka.http.EurekaApplications]
2026-02-22T12:09:08.613+05:30 DEBUG 1700 --- [productService] [DiscoveryClient-HeartbeatExecutor-0] [                                                 ] o.s.web.client.RestTemplate              : HTTP PUT http://localhost:8761/eureka/apps/PRODUCTSERVICE/DESKTOP-ECRRR37.mshome.net:productService:8082?status=UP&lastDirtyTimestamp=1771738546502
2026-02-22T12:09:08.614+05:30 DEBUG 1700 --- [productService] [DiscoveryClient-HeartbeatExecutor-0] [                                                 ] o.s.web.client.RestTemplate              : Accept=[application/json, application/*+json]
2026-02-22T12:09:08.630+05:30 DEBUG 1700 --- [productService] [DiscoveryClient-HeartbeatExecutor-0] [                                                 ] o.s.web.client.RestTemplate              : Response 200 OK
2026-02-22T12:09:11.044+05:30 DEBUG 1700 --- [productService] [DiscoveryClient-CacheRefreshExecutor-0] [                                                 ] o.s.web.client.RestTemplate              : HTTP GET http://localhost:8761/eureka/apps/delta
2026-02-22T12:09:11.047+05:30 DEBUG 1700 --- [productService] [DiscoveryClient-CacheRefreshExecutor-0] [                                                 ] o.s.web.client.RestTemplate              : Accept=[application/json, application/*+json]
2026-02-22T12:09:11.062+05:30 DEBUG 1700 --- [productService] [DiscoveryClient-CacheRefreshExecutor-0] [                                                 ] o.s.web.client.RestTemplate              : Response 200 OK
2026-02-22T12:09:11.065+05:30 DEBUG 1700 --- [productService] [DiscoveryClient-CacheRefreshExecutor-0] [                                                 ] o.s.web.client.RestTemplate              : Reading to [org.springframework.cloud.netflix.eureka.http.EurekaApplications]
2026-02-22T12:09:38.726+05:30 DEBUG 1700 --- [productService] [DiscoveryClient-HeartbeatExecutor-0] [                                                 ] o.s.web.client.RestTemplate              : HTTP PUT http://localhost:8761/eureka/apps/PRODUCTSERVICE/DESKTOP-ECRRR37.mshome.net:productService:8082?status=UP&lastDirtyTimestamp=1771738546502
2026-02-22T12:09:38.727+05:30 DEBUG 1700 --- [productService] [DiscoveryClient-HeartbeatExecutor-0] [                                                 ] o.s.web.client.RestTemplate              : Accept=[application/json, application/*+json]
2026-02-22T12:09:39.774+05:30 DEBUG 1700 --- [productService] [DiscoveryClient-HeartbeatExecutor-0] [                                                 ] o.s.web.client.RestTemplate              : Response 200 OK
2026-02-22T12:09:41.286+05:30 DEBUG 1700 --- [productService] [DiscoveryClient-CacheRefreshExecutor-0] [                                                 ] o.s.web.client.RestTemplate              : HTTP GET http://localhost:8761/eureka/apps/delta
2026-02-22T12:09:41.305+05:30 DEBUG 1700 --- [productService] [DiscoveryClient-CacheRefreshExecutor-0] [                                                 ] o.s.web.client.RestTemplate              : Accept=[application/json, application/*+json]
2026-02-22T12:09:41.547+05:30 DEBUG 1700 --- [productService] [DiscoveryClient-CacheRefreshExecutor-0] [                                                 ] o.s.web.client.RestTemplate              : Response 200 OK
2026-02-22T12:09:41.547+05:30 DEBUG 1700 --- [productService] [DiscoveryClient-CacheRefreshExecutor-0] [                                                 ] o.s.web.client.RestTemplate              : Reading to [org.springframework.cloud.netflix.eureka.http.EurekaApplications]
2026-02-22T12:10:01.293+05:30 DEBUG 1700 --- [productService] [AsyncReporter{org.springframework.boot.actuate.autoconfigure.tracing.zipkin.ZipkinRestTemplateSender@3516b881}] [                                                 ] o.s.web.client.RestTemplate              : HTTP POST http://localhost:9411/api/v2/spans
2026-02-22T12:10:02.183+05:30 DEBUG 1700 --- [productService] [AsyncReporter{org.springframework.boot.actuate.autoconfigure.tracing.zipkin.ZipkinRestTemplateSender@3516b881}] [                                                 ] o.s.web.client.RestTemplate              : Accept=[application/json, application/*+json]
2026-02-22T12:10:02.198+05:30 DEBUG 1700 --- [productService] [AsyncReporter{org.springframework.boot.actuate.autoconfigure.tracing.zipkin.ZipkinRestTemplateSender@3516b881}] [                                                 ] o.s.web.client.RestTemplate              : Writing [[B@1e9242c0] as "application/json"
2026-02-22T12:10:02.533+05:30 DEBUG 1700 --- [productService] [AsyncReporter{org.springframework.boot.actuate.autoconfigure.tracing.zipkin.ZipkinRestTemplateSender@3516b881}] [                                                 ] o.s.web.client.RestTemplate              : Response 202 ACCEPTED
2026-02-22T12:10:10.002+05:30 DEBUG 1700 --- [productService] [DiscoveryClient-HeartbeatExecutor-0] [                                                 ] o.s.web.client.RestTemplate              : HTTP PUT http://localhost:8761/eureka/apps/PRODUCTSERVICE/DESKTOP-ECRRR37.mshome.net:productService:8082?status=UP&lastDirtyTimestamp=1771738546502
2026-02-22T12:10:10.008+05:30 DEBUG 1700 --- [productService] [DiscoveryClient-HeartbeatExecutor-0] [                                                 ] o.s.web.client.RestTemplate              : Accept=[application/json, application/*+json]
2026-02-22T12:10:10.034+05:30 DEBUG 1700 --- [productService] [DiscoveryClient-HeartbeatExecutor-0] [                                                 ] o.s.web.client.RestTemplate              : Response 200 OK
2026-02-22T12:10:11.623+05:30 DEBUG 1700 --- [productService] [DiscoveryClient-CacheRefreshExecutor-0] [                                                 ] o.s.web.client.RestTemplate              : HTTP GET http://localhost:8761/eureka/apps/delta
2026-02-22T12:10:11.624+05:30 DEBUG 1700 --- [productService] [DiscoveryClient-CacheRefreshExecutor-0] [                                                 ] o.s.web.client.RestTemplate              : Accept=[application/json, application/*+json]
2026-02-22T12:10:11.646+05:30 DEBUG 1700 --- [productService] [DiscoveryClient-CacheRefreshExecutor-0] [                                                 ] o.s.web.client.RestTemplate              : Response 200 OK
2026-02-22T12:10:11.653+05:30 DEBUG 1700 --- [productService] [DiscoveryClient-CacheRefreshExecutor-0] [                                                 ] o.s.web.client.RestTemplate              : Reading to [org.springframework.cloud.netflix.eureka.http.EurekaApplications]
2026-02-22T12:10:40.065+05:30 DEBUG 1700 --- [productService] [DiscoveryClient-HeartbeatExecutor-0] [                                                 ] o.s.web.client.RestTemplate              : HTTP PUT http://localhost:8761/eureka/apps/PRODUCTSERVICE/DESKTOP-ECRRR37.mshome.net:productService:8082?status=UP&lastDirtyTimestamp=1771738546502
2026-02-22T12:10:40.067+05:30 DEBUG 1700 --- [productService] [DiscoveryClient-HeartbeatExecutor-0] [                                                 ] o.s.web.client.RestTemplate              : Accept=[application/json, application/*+json]
2026-02-22T12:10:40.100+05:30 DEBUG 1700 --- [productService] [DiscoveryClient-HeartbeatExecutor-0] [                                                 ] o.s.web.client.RestTemplate              : Response 200 OK
2026-02-22T12:10:41.828+05:30 DEBUG 1700 --- [productService] [DiscoveryClient-CacheRefreshExecutor-0] [                                                 ] o.s.web.client.RestTemplate              : HTTP GET http://localhost:8761/eureka/apps/delta
2026-02-22T12:10:41.828+05:30 DEBUG 1700 --- [productService] [DiscoveryClient-CacheRefreshExecutor-0] [                                                 ] o.s.web.client.RestTemplate              : Accept=[application/json, application/*+json]
2026-02-22T12:10:41.843+05:30 DEBUG 1700 --- [productService] [DiscoveryClient-CacheRefreshExecutor-0] [                                                 ] o.s.web.client.RestTemplate              : Response 200 OK
2026-02-22T12:10:41.847+05:30 DEBUG 1700 --- [productService] [DiscoveryClient-CacheRefreshExecutor-0] [                                                 ] o.s.web.client.RestTemplate              : Reading to [org.springframework.cloud.netflix.eureka.http.EurekaApplications]
2026-02-22T12:10:57.391+05:30  INFO 1700 --- [productService] [AsyncResolver-bootstrap-executor-0] [                                                 ] c.n.d.s.r.aws.ConfigClusterResolver      : Resolving eureka endpoints via configuration
2026-02-22T12:11:10.119+05:30 DEBUG 1700 --- [productService] [DiscoveryClient-HeartbeatExecutor-0] [                                                 ] o.s.web.client.RestTemplate              : HTTP PUT http://localhost:8761/eureka/apps/PRODUCTSERVICE/DESKTOP-ECRRR37.mshome.net:productService:8082?status=UP&lastDirtyTimestamp=1771738546502
2026-02-22T12:11:10.154+05:30 DEBUG 1700 --- [productService] [DiscoveryClient-HeartbeatExecutor-0] [                                                 ] o.s.web.client.RestTemplate              : Accept=[application/json, application/*+json]
2026-02-22T12:11:10.181+05:30 DEBUG 1700 --- [productService] [DiscoveryClient-HeartbeatExecutor-0] [                                                 ] o.s.web.client.RestTemplate              : Response 200 OK
2026-02-22T12:11:11.855+05:30 DEBUG 1700 --- [productService] [DiscoveryClient-CacheRefreshExecutor-0] [                                                 ] o.s.web.client.RestTemplate              : HTTP GET http://localhost:8761/eureka/apps/delta
2026-02-22T12:11:11.855+05:30 DEBUG 1700 --- [productService] [DiscoveryClient-CacheRefreshExecutor-0] [                                                 ] o.s.web.client.RestTemplate              : Accept=[application/json, application/*+json]
2026-02-22T12:11:12.074+05:30 DEBUG 1700 --- [productService] [DiscoveryClient-CacheRefreshExecutor-0] [                                                 ] o.s.web.client.RestTemplate              : Response 200 OK
2026-02-22T12:11:12.653+05:30 DEBUG 1700 --- [productService] [DiscoveryClient-CacheRefreshExecutor-0] [                                                 ] o.s.web.client.RestTemplate              : Reading to [org.springframework.cloud.netflix.eureka.http.EurekaApplications]
2026-02-22T12:11:40.191+05:30 DEBUG 1700 --- [productService] [DiscoveryClient-HeartbeatExecutor-0] [                                                 ] o.s.web.client.RestTemplate              : HTTP PUT http://localhost:8761/eureka/apps/PRODUCTSERVICE/DESKTOP-ECRRR37.mshome.net:productService:8082?status=UP&lastDirtyTimestamp=1771738546502
2026-02-22T12:11:40.499+05:30 DEBUG 1700 --- [productService] [DiscoveryClient-HeartbeatExecutor-0] [                                                 ] o.s.web.client.RestTemplate              : Accept=[application/json, application/*+json]
2026-02-22T12:11:41.182+05:30 DEBUG 1700 --- [productService] [DiscoveryClient-HeartbeatExecutor-0] [                                                 ] o.s.web.client.RestTemplate              : Response 200 OK
2026-02-22T12:11:44.175+05:30 DEBUG 1700 --- [productService] [DiscoveryClient-CacheRefreshExecutor-0] [                                                 ] o.s.web.client.RestTemplate              : HTTP GET http://localhost:8761/eureka/apps/delta
2026-02-22T12:11:44.175+05:30 DEBUG 1700 --- [productService] [DiscoveryClient-CacheRefreshExecutor-0] [                                                 ] o.s.web.client.RestTemplate              : Accept=[application/json, application/*+json]
2026-02-22T12:11:44.302+05:30 DEBUG 1700 --- [productService] [DiscoveryClient-CacheRefreshExecutor-0] [                                                 ] o.s.web.client.RestTemplate              : Response 200 OK
2026-02-22T12:11:44.302+05:30 DEBUG 1700 --- [productService] [DiscoveryClient-CacheRefreshExecutor-0] [                                                 ] o.s.web.client.RestTemplate              : Reading to [org.springframework.cloud.netflix.eureka.http.EurekaApplications]
2026-02-22T12:12:11.531+05:30 DEBUG 1700 --- [productService] [DiscoveryClient-HeartbeatExecutor-0] [                                                 ] o.s.web.client.RestTemplate              : HTTP PUT http://localhost:8761/eureka/apps/PRODUCTSERVICE/DESKTOP-ECRRR37.mshome.net:productService:8082?status=UP&lastDirtyTimestamp=1771738546502
2026-02-22T12:12:11.531+05:30 DEBUG 1700 --- [productService] [DiscoveryClient-HeartbeatExecutor-0] [                                                 ] o.s.web.client.RestTemplate              : Accept=[application/json, application/*+json]
2026-02-22T12:12:11.603+05:30 DEBUG 1700 --- [productService] [DiscoveryClient-HeartbeatExecutor-0] [                                                 ] o.s.web.client.RestTemplate              : Response 200 OK
2026-02-22T12:12:14.624+05:30 DEBUG 1700 --- [productService] [DiscoveryClient-CacheRefreshExecutor-0] [                                                 ] o.s.web.client.RestTemplate              : HTTP GET http://localhost:8761/eureka/apps/delta
2026-02-22T12:12:15.017+05:30 DEBUG 1700 --- [productService] [DiscoveryClient-CacheRefreshExecutor-0] [                                                 ] o.s.web.client.RestTemplate              : Accept=[application/json, application/*+json]
2026-02-22T12:12:16.660+05:30 DEBUG 1700 --- [productService] [DiscoveryClient-CacheRefreshExecutor-0] [                                                 ] o.s.web.client.RestTemplate              : Response 200 OK
2026-02-22T12:12:16.660+05:30 DEBUG 1700 --- [productService] [DiscoveryClient-CacheRefreshExecutor-0] [                                                 ] o.s.web.client.RestTemplate              : Reading to [org.springframework.cloud.netflix.eureka.http.EurekaApplications]
2026-02-22T12:12:41.714+05:30 DEBUG 1700 --- [productService] [DiscoveryClient-HeartbeatExecutor-0] [                                                 ] o.s.web.client.RestTemplate              : HTTP PUT http://localhost:8761/eureka/apps/PRODUCTSERVICE/DESKTOP-ECRRR37.mshome.net:productService:8082?status=UP&lastDirtyTimestamp=1771738546502
2026-02-22T12:12:41.857+05:30 DEBUG 1700 --- [productService] [DiscoveryClient-HeartbeatExecutor-0] [                                                 ] o.s.web.client.RestTemplate              : Accept=[application/json, application/*+json]
2026-02-22T12:12:41.987+05:30 DEBUG 1700 --- [productService] [DiscoveryClient-HeartbeatExecutor-0] [                                                 ] o.s.web.client.RestTemplate              : Response 200 OK
2026-02-22T12:12:47.060+05:30 DEBUG 1700 --- [productService] [DiscoveryClient-CacheRefreshExecutor-0] [                                                 ] o.s.web.client.RestTemplate              : HTTP GET http://localhost:8761/eureka/apps/delta
2026-02-22T12:12:47.142+05:30 DEBUG 1700 --- [productService] [DiscoveryClient-CacheRefreshExecutor-0] [                                                 ] o.s.web.client.RestTemplate              : Accept=[application/json, application/*+json]
2026-02-22T12:12:47.253+05:30 DEBUG 1700 --- [productService] [DiscoveryClient-CacheRefreshExecutor-0] [                                                 ] o.s.web.client.RestTemplate              : Response 200 OK
2026-02-22T12:12:47.353+05:30 DEBUG 1700 --- [productService] [DiscoveryClient-CacheRefreshExecutor-0] [                                                 ] o.s.web.client.RestTemplate              : Reading to [org.springframework.cloud.netflix.eureka.http.EurekaApplications]
2026-02-22T12:13:12.137+05:30 DEBUG 1700 --- [productService] [DiscoveryClient-HeartbeatExecutor-0] [                                                 ] o.s.web.client.RestTemplate              : HTTP PUT http://localhost:8761/eureka/apps/PRODUCTSERVICE/DESKTOP-ECRRR37.mshome.net:productService:8082?status=UP&lastDirtyTimestamp=1771738546502
2026-02-22T12:13:12.140+05:30 DEBUG 1700 --- [productService] [DiscoveryClient-HeartbeatExecutor-0] [                                                 ] o.s.web.client.RestTemplate              : Accept=[application/json, application/*+json]
2026-02-22T12:13:14.251+05:30 DEBUG 1700 --- [productService] [DiscoveryClient-HeartbeatExecutor-0] [                                                 ] o.s.web.client.RestTemplate              : Response 200 OK
2026-02-22T12:13:18.250+05:30 DEBUG 1700 --- [productService] [DiscoveryClient-CacheRefreshExecutor-0] [                                                 ] o.s.web.client.RestTemplate              : HTTP GET http://localhost:8761/eureka/apps/delta
2026-02-22T12:13:18.541+05:30 DEBUG 1700 --- [productService] [DiscoveryClient-CacheRefreshExecutor-0] [                                                 ] o.s.web.client.RestTemplate              : Accept=[application/json, application/*+json]
2026-02-22T12:13:18.636+05:30 DEBUG 1700 --- [productService] [DiscoveryClient-CacheRefreshExecutor-0] [                                                 ] o.s.web.client.RestTemplate              : Response 200 OK
2026-02-22T12:13:18.666+05:30 DEBUG 1700 --- [productService] [DiscoveryClient-CacheRefreshExecutor-0] [                                                 ] o.s.web.client.RestTemplate              : Reading to [org.springframework.cloud.netflix.eureka.http.EurekaApplications]
2026-02-22T12:13:45.208+05:30 DEBUG 1700 --- [productService] [DiscoveryClient-HeartbeatExecutor-0] [                                                 ] o.s.web.client.RestTemplate              : HTTP PUT http://localhost:8761/eureka/apps/PRODUCTSERVICE/DESKTOP-ECRRR37.mshome.net:productService:8082?status=UP&lastDirtyTimestamp=1771738546502
2026-02-22T12:13:45.516+05:30 DEBUG 1700 --- [productService] [DiscoveryClient-HeartbeatExecutor-0] [                                                 ] o.s.web.client.RestTemplate              : Accept=[application/json, application/*+json]
2026-02-22T12:13:45.671+05:30 DEBUG 1700 --- [productService] [DiscoveryClient-HeartbeatExecutor-0] [                                                 ] o.s.web.client.RestTemplate              : Response 200 OK
2026-02-22T12:13:48.697+05:30 DEBUG 1700 --- [productService] [DiscoveryClient-CacheRefreshExecutor-0] [                                                 ] o.s.web.client.RestTemplate              : HTTP GET http://localhost:8761/eureka/apps/delta
2026-02-22T12:13:48.810+05:30 DEBUG 1700 --- [productService] [DiscoveryClient-CacheRefreshExecutor-0] [                                                 ] o.s.web.client.RestTemplate              : Accept=[application/json, application/*+json]
2026-02-22T12:13:48.837+05:30 DEBUG 1700 --- [productService] [DiscoveryClient-CacheRefreshExecutor-0] [                                                 ] o.s.web.client.RestTemplate              : Response 200 OK
2026-02-22T12:13:48.874+05:30 DEBUG 1700 --- [productService] [DiscoveryClient-CacheRefreshExecutor-0] [                                                 ] o.s.web.client.RestTemplate              : Reading to [org.springframework.cloud.netflix.eureka.http.EurekaApplications]
2026-02-22T12:14:15.795+05:30 DEBUG 1700 --- [productService] [DiscoveryClient-HeartbeatExecutor-0] [                                                 ] o.s.web.client.RestTemplate              : HTTP PUT http://localhost:8761/eureka/apps/PRODUCTSERVICE/DESKTOP-ECRRR37.mshome.net:productService:8082?status=UP&lastDirtyTimestamp=1771738546502
2026-02-22T12:14:15.800+05:30 DEBUG 1700 --- [productService] [DiscoveryClient-HeartbeatExecutor-0] [                                                 ] o.s.web.client.RestTemplate              : Accept=[application/json, application/*+json]
2026-02-22T12:14:15.828+05:30 DEBUG 1700 --- [productService] [DiscoveryClient-HeartbeatExecutor-0] [                                                 ] o.s.web.client.RestTemplate              : Response 200 OK
2026-02-22T12:14:19.140+05:30 DEBUG 1700 --- [productService] [DiscoveryClient-CacheRefreshExecutor-0] [                                                 ] o.s.web.client.RestTemplate              : HTTP GET http://localhost:8761/eureka/apps/delta
2026-02-22T12:14:19.140+05:30 DEBUG 1700 --- [productService] [DiscoveryClient-CacheRefreshExecutor-0] [                                                 ] o.s.web.client.RestTemplate              : Accept=[application/json, application/*+json]
2026-02-22T12:14:19.547+05:30 DEBUG 1700 --- [productService] [DiscoveryClient-CacheRefreshExecutor-0] [                                                 ] o.s.web.client.RestTemplate              : Response 200 OK
2026-02-22T12:14:19.710+05:30 DEBUG 1700 --- [productService] [DiscoveryClient-CacheRefreshExecutor-0] [                                                 ] o.s.web.client.RestTemplate              : Reading to [org.springframework.cloud.netflix.eureka.http.EurekaApplications]
2026-02-22T12:14:45.846+05:30 DEBUG 1700 --- [productService] [DiscoveryClient-HeartbeatExecutor-0] [                                                 ] o.s.web.client.RestTemplate              : HTTP PUT http://localhost:8761/eureka/apps/PRODUCTSERVICE/DESKTOP-ECRRR37.mshome.net:productService:8082?status=UP&lastDirtyTimestamp=1771738546502
2026-02-22T12:14:45.849+05:30 DEBUG 1700 --- [productService] [DiscoveryClient-HeartbeatExecutor-0] [                                                 ] o.s.web.client.RestTemplate              : Accept=[application/json, application/*+json]
2026-02-22T12:14:45.869+05:30 DEBUG 1700 --- [productService] [DiscoveryClient-HeartbeatExecutor-0] [                                                 ] o.s.web.client.RestTemplate              : Response 200 OK
2026-02-22T12:14:50.354+05:30 DEBUG 1700 --- [productService] [DiscoveryClient-CacheRefreshExecutor-0] [                                                 ] o.s.web.client.RestTemplate              : HTTP GET http://localhost:8761/eureka/apps/delta
2026-02-22T12:14:50.355+05:30 DEBUG 1700 --- [productService] [DiscoveryClient-CacheRefreshExecutor-0] [                                                 ] o.s.web.client.RestTemplate              : Accept=[application/json, application/*+json]
2026-02-22T12:14:50.374+05:30 DEBUG 1700 --- [productService] [DiscoveryClient-CacheRefreshExecutor-0] [                                                 ] o.s.web.client.RestTemplate              : Response 200 OK
2026-02-22T12:14:50.377+05:30 DEBUG 1700 --- [productService] [DiscoveryClient-CacheRefreshExecutor-0] [                                                 ] o.s.web.client.RestTemplate              : Reading to [org.springframework.cloud.netflix.eureka.http.EurekaApplications]
2026-02-22T12:15:16.039+05:30 DEBUG 1700 --- [productService] [DiscoveryClient-HeartbeatExecutor-0] [                                                 ] o.s.web.client.RestTemplate              : HTTP PUT http://localhost:8761/eureka/apps/PRODUCTSERVICE/DESKTOP-ECRRR37.mshome.net:productService:8082?status=UP&lastDirtyTimestamp=1771738546502
2026-02-22T12:15:16.039+05:30 DEBUG 1700 --- [productService] [DiscoveryClient-HeartbeatExecutor-0] [                                                 ] o.s.web.client.RestTemplate              : Accept=[application/json, application/*+json]
2026-02-22T12:15:17.910+05:30 DEBUG 1700 --- [productService] [DiscoveryClient-HeartbeatExecutor-0] [                                                 ] o.s.web.client.RestTemplate              : Response 200 OK
2026-02-22T12:15:20.485+05:30 DEBUG 1700 --- [productService] [DiscoveryClient-CacheRefreshExecutor-0] [                                                 ] o.s.web.client.RestTemplate              : HTTP GET http://localhost:8761/eureka/apps/delta
2026-02-22T12:15:20.486+05:30 DEBUG 1700 --- [productService] [DiscoveryClient-CacheRefreshExecutor-0] [                                                 ] o.s.web.client.RestTemplate              : Accept=[application/json, application/*+json]
2026-02-22T12:15:20.512+05:30 DEBUG 1700 --- [productService] [DiscoveryClient-CacheRefreshExecutor-0] [                                                 ] o.s.web.client.RestTemplate              : Response 200 OK
2026-02-22T12:15:20.513+05:30 DEBUG 1700 --- [productService] [DiscoveryClient-CacheRefreshExecutor-0] [                                                 ] o.s.web.client.RestTemplate              : Reading to [org.springframework.cloud.netflix.eureka.http.EurekaApplications]
2026-02-22T12:15:47.928+05:30 DEBUG 1700 --- [productService] [DiscoveryClient-HeartbeatExecutor-0] [                                                 ] o.s.web.client.RestTemplate              : HTTP PUT http://localhost:8761/eureka/apps/PRODUCTSERVICE/DESKTOP-ECRRR37.mshome.net:productService:8082?status=UP&lastDirtyTimestamp=1771738546502
2026-02-22T12:15:47.933+05:30 DEBUG 1700 --- [productService] [DiscoveryClient-HeartbeatExecutor-0] [                                                 ] o.s.web.client.RestTemplate              : Accept=[application/json, application/*+json]
2026-02-22T12:15:47.968+05:30 DEBUG 1700 --- [productService] [DiscoveryClient-HeartbeatExecutor-0] [                                                 ] o.s.web.client.RestTemplate              : Response 200 OK
2026-02-22T12:15:50.546+05:30 DEBUG 1700 --- [productService] [DiscoveryClient-CacheRefreshExecutor-0] [                                                 ] o.s.web.client.RestTemplate              : HTTP GET http://localhost:8761/eureka/apps/delta
2026-02-22T12:15:50.548+05:30 DEBUG 1700 --- [productService] [DiscoveryClient-CacheRefreshExecutor-0] [                                                 ] o.s.web.client.RestTemplate              : Accept=[application/json, application/*+json]
2026-02-22T12:15:50.577+05:30 DEBUG 1700 --- [productService] [DiscoveryClient-CacheRefreshExecutor-0] [                                                 ] o.s.web.client.RestTemplate              : Response 200 OK
2026-02-22T12:15:50.580+05:30 DEBUG 1700 --- [productService] [DiscoveryClient-CacheRefreshExecutor-0] [                                                 ] o.s.web.client.RestTemplate              : Reading to [org.springframework.cloud.netflix.eureka.http.EurekaApplications]
2026-02-22T12:15:59.590+05:30  INFO 1700 --- [productService] [AsyncResolver-bootstrap-executor-0] [                                                 ] c.n.d.s.r.aws.ConfigClusterResolver      : Resolving eureka endpoints via configuration
2026-02-22T12:16:17.985+05:30 DEBUG 1700 --- [productService] [DiscoveryClient-HeartbeatExecutor-0] [                                                 ] o.s.web.client.RestTemplate              : HTTP PUT http://localhost:8761/eureka/apps/PRODUCTSERVICE/DESKTOP-ECRRR37.mshome.net:productService:8082?status=UP&lastDirtyTimestamp=1771738546502
2026-02-22T12:16:17.987+05:30 DEBUG 1700 --- [productService] [DiscoveryClient-HeartbeatExecutor-0] [                                                 ] o.s.web.client.RestTemplate              : Accept=[application/json, application/*+json]
2026-02-22T12:16:18.003+05:30 DEBUG 1700 --- [productService] [DiscoveryClient-HeartbeatExecutor-0] [                                                 ] o.s.web.client.RestTemplate              : Response 200 OK
2026-02-22T12:16:20.594+05:30 DEBUG 1700 --- [productService] [DiscoveryClient-CacheRefreshExecutor-0] [                                                 ] o.s.web.client.RestTemplate              : HTTP GET http://localhost:8761/eureka/apps/delta
2026-02-22T12:16:20.596+05:30 DEBUG 1700 --- [productService] [DiscoveryClient-CacheRefreshExecutor-0] [                                                 ] o.s.web.client.RestTemplate              : Accept=[application/json, application/*+json]
2026-02-22T12:16:20.610+05:30 DEBUG 1700 --- [productService] [DiscoveryClient-CacheRefreshExecutor-0] [                                                 ] o.s.web.client.RestTemplate              : Response 200 OK
2026-02-22T12:16:20.610+05:30 DEBUG 1700 --- [productService] [DiscoveryClient-CacheRefreshExecutor-0] [                                                 ] o.s.web.client.RestTemplate              : Reading to [org.springframework.cloud.netflix.eureka.http.EurekaApplications]
2026-02-22T12:16:48.212+05:30 DEBUG 1700 --- [productService] [DiscoveryClient-HeartbeatExecutor-0] [                                                 ] o.s.web.client.RestTemplate              : HTTP PUT http://localhost:8761/eureka/apps/PRODUCTSERVICE/DESKTOP-ECRRR37.mshome.net:productService:8082?status=UP&lastDirtyTimestamp=1771738546502
2026-02-22T12:16:48.331+05:30 DEBUG 1700 --- [productService] [DiscoveryClient-HeartbeatExecutor-0] [                                                 ] o.s.web.client.RestTemplate              : Accept=[application/json, application/*+json]
2026-02-22T12:16:48.340+05:30 DEBUG 1700 --- [productService] [DiscoveryClient-HeartbeatExecutor-0] [                                                 ] o.s.web.client.RestTemplate              : Response 200 OK
2026-02-22T12:16:50.627+05:30 DEBUG 1700 --- [productService] [DiscoveryClient-CacheRefreshExecutor-0] [                                                 ] o.s.web.client.RestTemplate              : HTTP GET http://localhost:8761/eureka/apps/delta
2026-02-22T12:16:50.634+05:30 DEBUG 1700 --- [productService] [DiscoveryClient-CacheRefreshExecutor-0] [                                                 ] o.s.web.client.RestTemplate              : Accept=[application/json, application/*+json]
2026-02-22T12:16:50.659+05:30 DEBUG 1700 --- [productService] [DiscoveryClient-CacheRefreshExecutor-0] [                                                 ] o.s.web.client.RestTemplate              : Response 200 OK
2026-02-22T12:16:50.659+05:30 DEBUG 1700 --- [productService] [DiscoveryClient-CacheRefreshExecutor-0] [                                                 ] o.s.web.client.RestTemplate              : Reading to [org.springframework.cloud.netflix.eureka.http.EurekaApplications]
2026-02-22T12:17:18.346+05:30 DEBUG 1700 --- [productService] [DiscoveryClient-HeartbeatExecutor-0] [                                                 ] o.s.web.client.RestTemplate              : HTTP PUT http://localhost:8761/eureka/apps/PRODUCTSERVICE/DESKTOP-ECRRR37.mshome.net:productService:8082?status=UP&lastDirtyTimestamp=1771738546502
2026-02-22T12:17:18.355+05:30 DEBUG 1700 --- [productService] [DiscoveryClient-HeartbeatExecutor-0] [                                                 ] o.s.web.client.RestTemplate              : Accept=[application/json, application/*+json]
2026-02-22T12:17:18.465+05:30 DEBUG 1700 --- [productService] [DiscoveryClient-HeartbeatExecutor-0] [                                                 ] o.s.web.client.RestTemplate              : Response 200 OK
2026-02-22T12:17:20.228+05:30 DEBUG 1700 --- [productService] [AsyncReporter{org.springframework.boot.actuate.autoconfigure.tracing.zipkin.ZipkinRestTemplateSender@3516b881}] [                                                 ] o.s.web.client.RestTemplate              : HTTP POST http://localhost:9411/api/v2/spans
2026-02-22T12:17:20.232+05:30 DEBUG 1700 --- [productService] [AsyncReporter{org.springframework.boot.actuate.autoconfigure.tracing.zipkin.ZipkinRestTemplateSender@3516b881}] [                                                 ] o.s.web.client.RestTemplate              : Accept=[application/json, application/*+json]
2026-02-22T12:17:20.234+05:30 DEBUG 1700 --- [productService] [AsyncReporter{org.springframework.boot.actuate.autoconfigure.tracing.zipkin.ZipkinRestTemplateSender@3516b881}] [                                                 ] o.s.web.client.RestTemplate              : Writing [[B@3eadec47] as "application/json"
2026-02-22T12:17:20.284+05:30 DEBUG 1700 --- [productService] [AsyncReporter{org.springframework.boot.actuate.autoconfigure.tracing.zipkin.ZipkinRestTemplateSender@3516b881}] [                                                 ] o.s.web.client.RestTemplate              : Response 202 ACCEPTED
2026-02-22T12:17:20.672+05:30 DEBUG 1700 --- [productService] [DiscoveryClient-CacheRefreshExecutor-0] [                                                 ] o.s.web.client.RestTemplate              : HTTP GET http://localhost:8761/eureka/apps/delta
2026-02-22T12:17:20.674+05:30 DEBUG 1700 --- [productService] [DiscoveryClient-CacheRefreshExecutor-0] [                                                 ] o.s.web.client.RestTemplate              : Accept=[application/json, application/*+json]
2026-02-22T12:17:20.694+05:30 DEBUG 1700 --- [productService] [DiscoveryClient-CacheRefreshExecutor-0] [                                                 ] o.s.web.client.RestTemplate              : Response 200 OK
2026-02-22T12:17:20.695+05:30 DEBUG 1700 --- [productService] [DiscoveryClient-CacheRefreshExecutor-0] [                                                 ] o.s.web.client.RestTemplate              : Reading to [org.springframework.cloud.netflix.eureka.http.EurekaApplications]
2026-02-22T12:17:48.520+05:30 DEBUG 1700 --- [productService] [DiscoveryClient-HeartbeatExecutor-0] [                                                 ] o.s.web.client.RestTemplate              : HTTP PUT http://localhost:8761/eureka/apps/PRODUCTSERVICE/DESKTOP-ECRRR37.mshome.net:productService:8082?status=UP&lastDirtyTimestamp=1771738546502
2026-02-22T12:17:48.781+05:30 DEBUG 1700 --- [productService] [DiscoveryClient-HeartbeatExecutor-0] [                                                 ] o.s.web.client.RestTemplate              : Accept=[application/json, application/*+json]
2026-02-22T12:17:48.869+05:30 DEBUG 1700 --- [productService] [DiscoveryClient-HeartbeatExecutor-0] [                                                 ] o.s.web.client.RestTemplate              : Response 200 OK
2026-02-22T12:17:50.710+05:30 DEBUG 1700 --- [productService] [DiscoveryClient-CacheRefreshExecutor-0] [                                                 ] o.s.web.client.RestTemplate              : HTTP GET http://localhost:8761/eureka/apps/delta
2026-02-22T12:17:50.712+05:30 DEBUG 1700 --- [productService] [DiscoveryClient-CacheRefreshExecutor-0] [                                                 ] o.s.web.client.RestTemplate              : Accept=[application/json, application/*+json]
2026-02-22T12:17:50.718+05:30 DEBUG 1700 --- [productService] [DiscoveryClient-CacheRefreshExecutor-0] [                                                 ] o.s.web.client.RestTemplate              : Response 200 OK
2026-02-22T12:17:50.719+05:30 DEBUG 1700 --- [productService] [DiscoveryClient-CacheRefreshExecutor-0] [                                                 ] o.s.web.client.RestTemplate              : Reading to [org.springframework.cloud.netflix.eureka.http.EurekaApplications]
2026-02-22T12:18:18.883+05:30 DEBUG 1700 --- [productService] [DiscoveryClient-HeartbeatExecutor-0] [                                                 ] o.s.web.client.RestTemplate              : HTTP PUT http://localhost:8761/eureka/apps/PRODUCTSERVICE/DESKTOP-ECRRR37.mshome.net:productService:8082?status=UP&lastDirtyTimestamp=1771738546502
2026-02-22T12:18:18.885+05:30 DEBUG 1700 --- [productService] [DiscoveryClient-HeartbeatExecutor-0] [                                                 ] o.s.web.client.RestTemplate              : Accept=[application/json, application/*+json]
2026-02-22T12:18:18.935+05:30 DEBUG 1700 --- [productService] [DiscoveryClient-HeartbeatExecutor-0] [                                                 ] o.s.web.client.RestTemplate              : Response 200 OK
2026-02-22T12:18:20.734+05:30 DEBUG 1700 --- [productService] [DiscoveryClient-CacheRefreshExecutor-0] [                                                 ] o.s.web.client.RestTemplate              : HTTP GET http://localhost:8761/eureka/apps/delta
2026-02-22T12:18:20.736+05:30 DEBUG 1700 --- [productService] [DiscoveryClient-CacheRefreshExecutor-0] [                                                 ] o.s.web.client.RestTemplate              : Accept=[application/json, application/*+json]
2026-02-22T12:18:20.739+05:30 DEBUG 1700 --- [productService] [DiscoveryClient-CacheRefreshExecutor-0] [                                                 ] o.s.web.client.RestTemplate              : Response 200 OK
2026-02-22T12:18:20.741+05:30 DEBUG 1700 --- [productService] [DiscoveryClient-CacheRefreshExecutor-0] [                                                 ] o.s.web.client.RestTemplate              : Reading to [org.springframework.cloud.netflix.eureka.http.EurekaApplications]
2026-02-22T12:18:48.948+05:30 DEBUG 1700 --- [productService] [DiscoveryClient-HeartbeatExecutor-0] [                                                 ] o.s.web.client.RestTemplate              : HTTP PUT http://localhost:8761/eureka/apps/PRODUCTSERVICE/DESKTOP-ECRRR37.mshome.net:productService:8082?status=UP&lastDirtyTimestamp=1771738546502
2026-02-22T12:18:48.952+05:30 DEBUG 1700 --- [productService] [DiscoveryClient-HeartbeatExecutor-0] [                                                 ] o.s.web.client.RestTemplate              : Accept=[application/json, application/*+json]
2026-02-22T12:18:48.971+05:30 DEBUG 1700 --- [productService] [DiscoveryClient-HeartbeatExecutor-0] [                                                 ] o.s.web.client.RestTemplate              : Response 200 OK
2026-02-22T12:18:50.751+05:30 DEBUG 1700 --- [productService] [DiscoveryClient-CacheRefreshExecutor-0] [                                                 ] o.s.web.client.RestTemplate              : HTTP GET http://localhost:8761/eureka/apps/delta
2026-02-22T12:18:50.754+05:30 DEBUG 1700 --- [productService] [DiscoveryClient-CacheRefreshExecutor-0] [                                                 ] o.s.web.client.RestTemplate              : Accept=[application/json, application/*+json]
2026-02-22T12:18:50.761+05:30 DEBUG 1700 --- [productService] [DiscoveryClient-CacheRefreshExecutor-0] [                                                 ] o.s.web.client.RestTemplate              : Response 200 OK
2026-02-22T12:18:50.762+05:30 DEBUG 1700 --- [productService] [DiscoveryClient-CacheRefreshExecutor-0] [                                                 ] o.s.web.client.RestTemplate              : Reading to [org.springframework.cloud.netflix.eureka.http.EurekaApplications]
2026-02-22T12:19:18.981+05:30 DEBUG 1700 --- [productService] [DiscoveryClient-HeartbeatExecutor-0] [                                                 ] o.s.web.client.RestTemplate              : HTTP PUT http://localhost:8761/eureka/apps/PRODUCTSERVICE/DESKTOP-ECRRR37.mshome.net:productService:8082?status=UP&lastDirtyTimestamp=1771738546502
2026-02-22T12:19:18.981+05:30 DEBUG 1700 --- [productService] [DiscoveryClient-HeartbeatExecutor-0] [                                                 ] o.s.web.client.RestTemplate              : Accept=[application/json, application/*+json]
2026-02-22T12:19:19.289+05:30 DEBUG 1700 --- [productService] [DiscoveryClient-HeartbeatExecutor-0] [                                                 ] o.s.web.client.RestTemplate              : Response 200 OK
2026-02-22T12:19:20.884+05:30 DEBUG 1700 --- [productService] [DiscoveryClient-CacheRefreshExecutor-0] [                                                 ] o.s.web.client.RestTemplate              : HTTP GET http://localhost:8761/eureka/apps/delta
2026-02-22T12:19:21.188+05:30 DEBUG 1700 --- [productService] [DiscoveryClient-CacheRefreshExecutor-0] [                                                 ] o.s.web.client.RestTemplate              : Accept=[application/json, application/*+json]
2026-02-22T12:19:21.297+05:30 DEBUG 1700 --- [productService] [DiscoveryClient-CacheRefreshExecutor-0] [                                                 ] o.s.web.client.RestTemplate              : Response 200 OK
2026-02-22T12:19:21.482+05:30 DEBUG 1700 --- [productService] [DiscoveryClient-CacheRefreshExecutor-0] [                                                 ] o.s.web.client.RestTemplate              : Reading to [org.springframework.cloud.netflix.eureka.http.EurekaApplications]
2026-02-22T12:19:49.617+05:30 DEBUG 1700 --- [productService] [DiscoveryClient-HeartbeatExecutor-0] [                                                 ] o.s.web.client.RestTemplate              : HTTP PUT http://localhost:8761/eureka/apps/PRODUCTSERVICE/DESKTOP-ECRRR37.mshome.net:productService:8082?status=UP&lastDirtyTimestamp=1771738546502
2026-02-22T12:19:49.618+05:30 DEBUG 1700 --- [productService] [DiscoveryClient-HeartbeatExecutor-0] [                                                 ] o.s.web.client.RestTemplate              : Accept=[application/json, application/*+json]
2026-02-22T12:19:49.674+05:30 DEBUG 1700 --- [productService] [DiscoveryClient-HeartbeatExecutor-0] [                                                 ] o.s.web.client.RestTemplate              : Response 200 OK
2026-02-22T12:19:51.811+05:30 DEBUG 1700 --- [productService] [DiscoveryClient-CacheRefreshExecutor-0] [                                                 ] o.s.web.client.RestTemplate              : HTTP GET http://localhost:8761/eureka/apps/delta
2026-02-22T12:19:51.814+05:30 DEBUG 1700 --- [productService] [DiscoveryClient-CacheRefreshExecutor-0] [                                                 ] o.s.web.client.RestTemplate              : Accept=[application/json, application/*+json]
2026-02-22T12:19:51.832+05:30 DEBUG 1700 --- [productService] [DiscoveryClient-CacheRefreshExecutor-0] [                                                 ] o.s.web.client.RestTemplate              : Response 200 OK
2026-02-22T12:19:51.847+05:30 DEBUG 1700 --- [productService] [DiscoveryClient-CacheRefreshExecutor-0] [                                                 ] o.s.web.client.RestTemplate              : Reading to [org.springframework.cloud.netflix.eureka.http.EurekaApplications]
2026-02-22T12:20:19.698+05:30 DEBUG 1700 --- [productService] [DiscoveryClient-HeartbeatExecutor-0] [                                                 ] o.s.web.client.RestTemplate              : HTTP PUT http://localhost:8761/eureka/apps/PRODUCTSERVICE/DESKTOP-ECRRR37.mshome.net:productService:8082?status=UP&lastDirtyTimestamp=1771738546502
2026-02-22T12:20:19.699+05:30 DEBUG 1700 --- [productService] [DiscoveryClient-HeartbeatExecutor-0] [                                                 ] o.s.web.client.RestTemplate              : Accept=[application/json, application/*+json]
2026-02-22T12:20:19.717+05:30 DEBUG 1700 --- [productService] [DiscoveryClient-HeartbeatExecutor-0] [                                                 ] o.s.web.client.RestTemplate              : Response 200 OK
2026-02-22T12:20:21.858+05:30 DEBUG 1700 --- [productService] [DiscoveryClient-CacheRefreshExecutor-0] [                                                 ] o.s.web.client.RestTemplate              : HTTP GET http://localhost:8761/eureka/apps/delta
2026-02-22T12:20:21.862+05:30 DEBUG 1700 --- [productService] [DiscoveryClient-CacheRefreshExecutor-0] [                                                 ] o.s.web.client.RestTemplate              : Accept=[application/json, application/*+json]
2026-02-22T12:20:21.877+05:30 DEBUG 1700 --- [productService] [DiscoveryClient-CacheRefreshExecutor-0] [                                                 ] o.s.web.client.RestTemplate              : Response 200 OK
2026-02-22T12:20:21.880+05:30 DEBUG 1700 --- [productService] [DiscoveryClient-CacheRefreshExecutor-0] [                                                 ] o.s.web.client.RestTemplate              : Reading to [org.springframework.cloud.netflix.eureka.http.EurekaApplications]
2026-02-22T12:20:49.729+05:30 DEBUG 1700 --- [productService] [DiscoveryClient-HeartbeatExecutor-0] [                                                 ] o.s.web.client.RestTemplate              : HTTP PUT http://localhost:8761/eureka/apps/PRODUCTSERVICE/DESKTOP-ECRRR37.mshome.net:productService:8082?status=UP&lastDirtyTimestamp=1771738546502
2026-02-22T12:20:49.754+05:30 DEBUG 1700 --- [productService] [DiscoveryClient-HeartbeatExecutor-0] [                                                 ] o.s.web.client.RestTemplate              : Accept=[application/json, application/*+json]
2026-02-22T12:20:49.770+05:30 DEBUG 1700 --- [productService] [DiscoveryClient-HeartbeatExecutor-0] [                                                 ] o.s.web.client.RestTemplate              : Response 200 OK
2026-02-22T12:20:51.900+05:30 DEBUG 1700 --- [productService] [DiscoveryClient-CacheRefreshExecutor-0] [                                                 ] o.s.web.client.RestTemplate              : HTTP GET http://localhost:8761/eureka/apps/delta
2026-02-22T12:20:52.249+05:30 DEBUG 1700 --- [productService] [DiscoveryClient-CacheRefreshExecutor-0] [                                                 ] o.s.web.client.RestTemplate              : Accept=[application/json, application/*+json]
2026-02-22T12:20:56.280+05:30 DEBUG 1700 --- [productService] [DiscoveryClient-CacheRefreshExecutor-0] [                                                 ] o.s.web.client.RestTemplate              : Response 200 OK
2026-02-22T12:20:56.282+05:30 DEBUG 1700 --- [productService] [DiscoveryClient-CacheRefreshExecutor-0] [                                                 ] o.s.web.client.RestTemplate              : Reading to [org.springframework.cloud.netflix.eureka.http.EurekaApplications]
2026-02-22T12:21:00.969+05:30  INFO 1700 --- [productService] [AsyncResolver-bootstrap-executor-0] [                                                 ] c.n.d.s.r.aws.ConfigClusterResolver      : Resolving eureka endpoints via configuration
2026-02-22T12:21:19.820+05:30 DEBUG 1700 --- [productService] [DiscoveryClient-HeartbeatExecutor-0] [                                                 ] o.s.web.client.RestTemplate              : HTTP PUT http://localhost:8761/eureka/apps/PRODUCTSERVICE/DESKTOP-ECRRR37.mshome.net:productService:8082?status=UP&lastDirtyTimestamp=1771738546502
2026-02-22T12:21:19.820+05:30 DEBUG 1700 --- [productService] [DiscoveryClient-HeartbeatExecutor-0] [                                                 ] o.s.web.client.RestTemplate              : Accept=[application/json, application/*+json]
2026-02-22T12:21:19.855+05:30 DEBUG 1700 --- [productService] [DiscoveryClient-HeartbeatExecutor-0] [                                                 ] o.s.web.client.RestTemplate              : Response 200 OK
2026-02-22T12:21:26.289+05:30 DEBUG 1700 --- [productService] [DiscoveryClient-CacheRefreshExecutor-0] [                                                 ] o.s.web.client.RestTemplate              : HTTP GET http://localhost:8761/eureka/apps/delta
2026-02-22T12:21:26.290+05:30 DEBUG 1700 --- [productService] [DiscoveryClient-CacheRefreshExecutor-0] [                                                 ] o.s.web.client.RestTemplate              : Accept=[application/json, application/*+json]
2026-02-22T12:21:26.309+05:30 DEBUG 1700 --- [productService] [DiscoveryClient-CacheRefreshExecutor-0] [                                                 ] o.s.web.client.RestTemplate              : Response 200 OK
2026-02-22T12:21:26.320+05:30 DEBUG 1700 --- [productService] [DiscoveryClient-CacheRefreshExecutor-0] [                                                 ] o.s.web.client.RestTemplate              : Reading to [org.springframework.cloud.netflix.eureka.http.EurekaApplications]
2026-02-22T12:21:49.864+05:30 DEBUG 1700 --- [productService] [DiscoveryClient-HeartbeatExecutor-0] [                                                 ] o.s.web.client.RestTemplate              : HTTP PUT http://localhost:8761/eureka/apps/PRODUCTSERVICE/DESKTOP-ECRRR37.mshome.net:productService:8082?status=UP&lastDirtyTimestamp=1771738546502
2026-02-22T12:21:49.882+05:30 DEBUG 1700 --- [productService] [DiscoveryClient-HeartbeatExecutor-0] [                                                 ] o.s.web.client.RestTemplate              : Accept=[application/json, application/*+json]
2026-02-22T12:21:49.897+05:30 DEBUG 1700 --- [productService] [DiscoveryClient-HeartbeatExecutor-0] [                                                 ] o.s.web.client.RestTemplate              : Response 200 OK
2026-02-22T12:21:56.330+05:30 DEBUG 1700 --- [productService] [DiscoveryClient-CacheRefreshExecutor-0] [                                                 ] o.s.web.client.RestTemplate              : HTTP GET http://localhost:8761/eureka/apps/delta
2026-02-22T12:21:56.332+05:30 DEBUG 1700 --- [productService] [DiscoveryClient-CacheRefreshExecutor-0] [                                                 ] o.s.web.client.RestTemplate              : Accept=[application/json, application/*+json]
2026-02-22T12:21:56.352+05:30 DEBUG 1700 --- [productService] [DiscoveryClient-CacheRefreshExecutor-0] [                                                 ] o.s.web.client.RestTemplate              : Response 200 OK
2026-02-22T12:21:56.354+05:30 DEBUG 1700 --- [productService] [DiscoveryClient-CacheRefreshExecutor-0] [                                                 ] o.s.web.client.RestTemplate              : Reading to [org.springframework.cloud.netflix.eureka.http.EurekaApplications]
2026-02-22T12:22:20.016+05:30 DEBUG 1700 --- [productService] [DiscoveryClient-HeartbeatExecutor-0] [                                                 ] o.s.web.client.RestTemplate              : HTTP PUT http://localhost:8761/eureka/apps/PRODUCTSERVICE/DESKTOP-ECRRR37.mshome.net:productService:8082?status=UP&lastDirtyTimestamp=1771738546502
2026-02-22T12:22:20.215+05:30 DEBUG 1700 --- [productService] [DiscoveryClient-HeartbeatExecutor-0] [                                                 ] o.s.web.client.RestTemplate              : Accept=[application/json, application/*+json]
2026-02-22T12:22:20.341+05:30 DEBUG 1700 --- [productService] [DiscoveryClient-HeartbeatExecutor-0] [                                                 ] o.s.web.client.RestTemplate              : Response 200 OK
2026-02-22T12:22:26.405+05:30 DEBUG 1700 --- [productService] [DiscoveryClient-CacheRefreshExecutor-0] [                                                 ] o.s.web.client.RestTemplate              : HTTP GET http://localhost:8761/eureka/apps/delta
2026-02-22T12:22:26.406+05:30 DEBUG 1700 --- [productService] [DiscoveryClient-CacheRefreshExecutor-0] [                                                 ] o.s.web.client.RestTemplate              : Accept=[application/json, application/*+json]
2026-02-22T12:22:26.427+05:30 DEBUG 1700 --- [productService] [DiscoveryClient-CacheRefreshExecutor-0] [                                                 ] o.s.web.client.RestTemplate              : Response 200 OK
2026-02-22T12:22:26.427+05:30 DEBUG 1700 --- [productService] [DiscoveryClient-CacheRefreshExecutor-0] [                                                 ] o.s.web.client.RestTemplate              : Reading to [org.springframework.cloud.netflix.eureka.http.EurekaApplications]
2026-02-22T12:22:50.352+05:30 DEBUG 1700 --- [productService] [DiscoveryClient-HeartbeatExecutor-0] [                                                 ] o.s.web.client.RestTemplate              : HTTP PUT http://localhost:8761/eureka/apps/PRODUCTSERVICE/DESKTOP-ECRRR37.mshome.net:productService:8082?status=UP&lastDirtyTimestamp=1771738546502
2026-02-22T12:22:50.356+05:30 DEBUG 1700 --- [productService] [DiscoveryClient-HeartbeatExecutor-0] [                                                 ] o.s.web.client.RestTemplate              : Accept=[application/json, application/*+json]
2026-02-22T12:22:50.373+05:30 DEBUG 1700 --- [productService] [DiscoveryClient-HeartbeatExecutor-0] [                                                 ] o.s.web.client.RestTemplate              : Response 200 OK
2026-02-22T12:22:56.434+05:30 DEBUG 1700 --- [productService] [DiscoveryClient-CacheRefreshExecutor-0] [                                                 ] o.s.web.client.RestTemplate              : HTTP GET http://localhost:8761/eureka/apps/delta
2026-02-22T12:22:56.436+05:30 DEBUG 1700 --- [productService] [DiscoveryClient-CacheRefreshExecutor-0] [                                                 ] o.s.web.client.RestTemplate              : Accept=[application/json, application/*+json]
2026-02-22T12:22:56.452+05:30 DEBUG 1700 --- [productService] [DiscoveryClient-CacheRefreshExecutor-0] [                                                 ] o.s.web.client.RestTemplate              : Response 200 OK
2026-02-22T12:22:56.454+05:30 DEBUG 1700 --- [productService] [DiscoveryClient-CacheRefreshExecutor-0] [                                                 ] o.s.web.client.RestTemplate              : Reading to [org.springframework.cloud.netflix.eureka.http.EurekaApplications]
2026-02-22T12:23:20.387+05:30 DEBUG 1700 --- [productService] [DiscoveryClient-HeartbeatExecutor-0] [                                                 ] o.s.web.client.RestTemplate              : HTTP PUT http://localhost:8761/eureka/apps/PRODUCTSERVICE/DESKTOP-ECRRR37.mshome.net:productService:8082?status=UP&lastDirtyTimestamp=1771738546502
2026-02-22T12:23:20.387+05:30 DEBUG 1700 --- [productService] [DiscoveryClient-HeartbeatExecutor-0] [                                                 ] o.s.web.client.RestTemplate              : Accept=[application/json, application/*+json]
2026-02-22T12:23:20.404+05:30 DEBUG 1700 --- [productService] [DiscoveryClient-HeartbeatExecutor-0] [                                                 ] o.s.web.client.RestTemplate              : Response 200 OK
2026-02-22T12:23:26.467+05:30 DEBUG 1700 --- [productService] [DiscoveryClient-CacheRefreshExecutor-0] [                                                 ] o.s.web.client.RestTemplate              : HTTP GET http://localhost:8761/eureka/apps/delta
2026-02-22T12:23:26.467+05:30 DEBUG 1700 --- [productService] [DiscoveryClient-CacheRefreshExecutor-0] [                                                 ] o.s.web.client.RestTemplate              : Accept=[application/json, application/*+json]
2026-02-22T12:23:26.484+05:30 DEBUG 1700 --- [productService] [DiscoveryClient-CacheRefreshExecutor-0] [                                                 ] o.s.web.client.RestTemplate              : Response 200 OK
2026-02-22T12:23:26.484+05:30 DEBUG 1700 --- [productService] [DiscoveryClient-CacheRefreshExecutor-0] [                                                 ] o.s.web.client.RestTemplate              : Reading to [org.springframework.cloud.netflix.eureka.http.EurekaApplications]
2026-02-22T12:23:50.411+05:30 DEBUG 1700 --- [productService] [DiscoveryClient-HeartbeatExecutor-0] [                                                 ] o.s.web.client.RestTemplate              : HTTP PUT http://localhost:8761/eureka/apps/PRODUCTSERVICE/DESKTOP-ECRRR37.mshome.net:productService:8082?status=UP&lastDirtyTimestamp=1771738546502
2026-02-22T12:23:50.413+05:30 DEBUG 1700 --- [productService] [DiscoveryClient-HeartbeatExecutor-0] [                                                 ] o.s.web.client.RestTemplate              : Accept=[application/json, application/*+json]
2026-02-22T12:23:50.429+05:30 DEBUG 1700 --- [productService] [DiscoveryClient-HeartbeatExecutor-0] [                                                 ] o.s.web.client.RestTemplate              : Response 200 OK
2026-02-22T12:23:56.504+05:30 DEBUG 1700 --- [productService] [DiscoveryClient-CacheRefreshExecutor-0] [                                                 ] o.s.web.client.RestTemplate              : HTTP GET http://localhost:8761/eureka/apps/delta
2026-02-22T12:23:56.505+05:30 DEBUG 1700 --- [productService] [DiscoveryClient-CacheRefreshExecutor-0] [                                                 ] o.s.web.client.RestTemplate              : Accept=[application/json, application/*+json]
2026-02-22T12:23:56.522+05:30 DEBUG 1700 --- [productService] [DiscoveryClient-CacheRefreshExecutor-0] [                                                 ] o.s.web.client.RestTemplate              : Response 200 OK
2026-02-22T12:23:56.523+05:30 DEBUG 1700 --- [productService] [DiscoveryClient-CacheRefreshExecutor-0] [                                                 ] o.s.web.client.RestTemplate              : Reading to [org.springframework.cloud.netflix.eureka.http.EurekaApplications]
2026-02-22T12:24:20.434+05:30 DEBUG 1700 --- [productService] [DiscoveryClient-HeartbeatExecutor-0] [                                                 ] o.s.web.client.RestTemplate              : HTTP PUT http://localhost:8761/eureka/apps/PRODUCTSERVICE/DESKTOP-ECRRR37.mshome.net:productService:8082?status=UP&lastDirtyTimestamp=1771738546502
2026-02-22T12:24:20.434+05:30 DEBUG 1700 --- [productService] [DiscoveryClient-HeartbeatExecutor-0] [                                                 ] o.s.web.client.RestTemplate              : Accept=[application/json, application/*+json]
2026-02-22T12:24:20.449+05:30 DEBUG 1700 --- [productService] [DiscoveryClient-HeartbeatExecutor-0] [                                                 ] o.s.web.client.RestTemplate              : Response 200 OK
2026-02-22T12:24:26.535+05:30 DEBUG 1700 --- [productService] [DiscoveryClient-CacheRefreshExecutor-0] [                                                 ] o.s.web.client.RestTemplate              : HTTP GET http://localhost:8761/eureka/apps/delta
2026-02-22T12:24:26.536+05:30 DEBUG 1700 --- [productService] [DiscoveryClient-CacheRefreshExecutor-0] [                                                 ] o.s.web.client.RestTemplate              : Accept=[application/json, application/*+json]
2026-02-22T12:24:26.552+05:30 DEBUG 1700 --- [productService] [DiscoveryClient-CacheRefreshExecutor-0] [                                                 ] o.s.web.client.RestTemplate              : Response 200 OK
2026-02-22T12:24:26.553+05:30 DEBUG 1700 --- [productService] [DiscoveryClient-CacheRefreshExecutor-0] [                                                 ] o.s.web.client.RestTemplate              : Reading to [org.springframework.cloud.netflix.eureka.http.EurekaApplications]
2026-02-22T12:24:50.470+05:30 DEBUG 1700 --- [productService] [DiscoveryClient-HeartbeatExecutor-0] [                                                 ] o.s.web.client.RestTemplate              : HTTP PUT http://localhost:8761/eureka/apps/PRODUCTSERVICE/DESKTOP-ECRRR37.mshome.net:productService:8082?status=UP&lastDirtyTimestamp=1771738546502
2026-02-22T12:24:50.508+05:30 DEBUG 1700 --- [productService] [DiscoveryClient-HeartbeatExecutor-0] [                                                 ] o.s.web.client.RestTemplate              : Accept=[application/json, application/*+json]
2026-02-22T12:24:50.557+05:30 DEBUG 1700 --- [productService] [DiscoveryClient-HeartbeatExecutor-0] [                                                 ] o.s.web.client.RestTemplate              : Response 200 OK
2026-02-22T12:24:56.569+05:30 DEBUG 1700 --- [productService] [DiscoveryClient-CacheRefreshExecutor-0] [                                                 ] o.s.web.client.RestTemplate              : HTTP GET http://localhost:8761/eureka/apps/delta
2026-02-22T12:24:56.571+05:30 DEBUG 1700 --- [productService] [DiscoveryClient-CacheRefreshExecutor-0] [                                                 ] o.s.web.client.RestTemplate              : Accept=[application/json, application/*+json]
2026-02-22T12:24:56.588+05:30 DEBUG 1700 --- [productService] [DiscoveryClient-CacheRefreshExecutor-0] [                                                 ] o.s.web.client.RestTemplate              : Response 200 OK
2026-02-22T12:24:56.588+05:30 DEBUG 1700 --- [productService] [DiscoveryClient-CacheRefreshExecutor-0] [                                                 ] o.s.web.client.RestTemplate              : Reading to [org.springframework.cloud.netflix.eureka.http.EurekaApplications]
2026-02-22T12:25:20.573+05:30 DEBUG 1700 --- [productService] [DiscoveryClient-HeartbeatExecutor-0] [                                                 ] o.s.web.client.RestTemplate              : HTTP PUT http://localhost:8761/eureka/apps/PRODUCTSERVICE/DESKTOP-ECRRR37.mshome.net:productService:8082?status=UP&lastDirtyTimestamp=1771738546502
2026-02-22T12:25:20.755+05:30 DEBUG 1700 --- [productService] [DiscoveryClient-HeartbeatExecutor-0] [                                                 ] o.s.web.client.RestTemplate              : Accept=[application/json, application/*+json]
2026-02-22T12:25:22.614+05:30 DEBUG 1700 --- [productService] [DiscoveryClient-HeartbeatExecutor-0] [                                                 ] o.s.web.client.RestTemplate              : Response 200 OK
2026-02-22T12:25:26.607+05:30 DEBUG 1700 --- [productService] [DiscoveryClient-CacheRefreshExecutor-0] [                                                 ] o.s.web.client.RestTemplate              : HTTP GET http://localhost:8761/eureka/apps/delta
2026-02-22T12:25:27.593+05:30 DEBUG 1700 --- [productService] [DiscoveryClient-CacheRefreshExecutor-0] [                                                 ] o.s.web.client.RestTemplate              : Accept=[application/json, application/*+json]
2026-02-22T12:25:27.604+05:30 DEBUG 1700 --- [productService] [DiscoveryClient-CacheRefreshExecutor-0] [                                                 ] o.s.web.client.RestTemplate              : Response 200 OK
2026-02-22T12:25:28.217+05:30 DEBUG 1700 --- [productService] [DiscoveryClient-CacheRefreshExecutor-0] [                                                 ] o.s.web.client.RestTemplate              : Reading to [org.springframework.cloud.netflix.eureka.http.EurekaApplications]
2026-02-22T12:25:52.623+05:30 DEBUG 1700 --- [productService] [DiscoveryClient-HeartbeatExecutor-0] [                                                 ] o.s.web.client.RestTemplate              : HTTP PUT http://localhost:8761/eureka/apps/PRODUCTSERVICE/DESKTOP-ECRRR37.mshome.net:productService:8082?status=UP&lastDirtyTimestamp=1771738546502
2026-02-22T12:25:52.629+05:30 DEBUG 1700 --- [productService] [DiscoveryClient-HeartbeatExecutor-0] [                                                 ] o.s.web.client.RestTemplate              : Accept=[application/json, application/*+json]
2026-02-22T12:25:52.652+05:30 DEBUG 1700 --- [productService] [DiscoveryClient-HeartbeatExecutor-0] [                                                 ] o.s.web.client.RestTemplate              : Response 200 OK
2026-02-22T12:25:58.327+05:30 DEBUG 1700 --- [productService] [DiscoveryClient-CacheRefreshExecutor-0] [                                                 ] o.s.web.client.RestTemplate              : HTTP GET http://localhost:8761/eureka/apps/delta
2026-02-22T12:25:58.328+05:30 DEBUG 1700 --- [productService] [DiscoveryClient-CacheRefreshExecutor-0] [                                                 ] o.s.web.client.RestTemplate              : Accept=[application/json, application/*+json]
2026-02-22T12:25:58.345+05:30 DEBUG 1700 --- [productService] [DiscoveryClient-CacheRefreshExecutor-0] [                                                 ] o.s.web.client.RestTemplate              : Response 200 OK
2026-02-22T12:25:58.957+05:30 DEBUG 1700 --- [productService] [DiscoveryClient-CacheRefreshExecutor-0] [                                                 ] o.s.web.client.RestTemplate              : Reading to [org.springframework.cloud.netflix.eureka.http.EurekaApplications]
2026-02-22T12:26:04.118+05:30  INFO 1700 --- [productService] [AsyncResolver-bootstrap-executor-0] [                                                 ] c.n.d.s.r.aws.ConfigClusterResolver      : Resolving eureka endpoints via configuration
2026-02-22T12:26:22.661+05:30 DEBUG 1700 --- [productService] [DiscoveryClient-HeartbeatExecutor-0] [                                                 ] o.s.web.client.RestTemplate              : HTTP PUT http://localhost:8761/eureka/apps/PRODUCTSERVICE/DESKTOP-ECRRR37.mshome.net:productService:8082?status=UP&lastDirtyTimestamp=1771738546502
2026-02-22T12:26:22.661+05:30 DEBUG 1700 --- [productService] [DiscoveryClient-HeartbeatExecutor-0] [                                                 ] o.s.web.client.RestTemplate              : Accept=[application/json, application/*+json]
2026-02-22T12:26:22.678+05:30 DEBUG 1700 --- [productService] [DiscoveryClient-HeartbeatExecutor-0] [                                                 ] o.s.web.client.RestTemplate              : Response 200 OK
2026-02-22T12:26:29.679+05:30 DEBUG 1700 --- [productService] [DiscoveryClient-CacheRefreshExecutor-0] [                                                 ] o.s.web.client.RestTemplate              : HTTP GET http://localhost:8761/eureka/apps/delta
2026-02-22T12:26:29.680+05:30 DEBUG 1700 --- [productService] [DiscoveryClient-CacheRefreshExecutor-0] [                                                 ] o.s.web.client.RestTemplate              : Accept=[application/json, application/*+json]
2026-02-22T12:26:29.696+05:30 DEBUG 1700 --- [productService] [DiscoveryClient-CacheRefreshExecutor-0] [                                                 ] o.s.web.client.RestTemplate              : Response 200 OK
2026-02-22T12:26:29.698+05:30 DEBUG 1700 --- [productService] [DiscoveryClient-CacheRefreshExecutor-0] [                                                 ] o.s.web.client.RestTemplate              : Reading to [org.springframework.cloud.netflix.eureka.http.EurekaApplications]
2026-02-22T12:26:52.690+05:30 DEBUG 1700 --- [productService] [DiscoveryClient-HeartbeatExecutor-0] [                                                 ] o.s.web.client.RestTemplate              : HTTP PUT http://localhost:8761/eureka/apps/PRODUCTSERVICE/DESKTOP-ECRRR37.mshome.net:productService:8082?status=UP&lastDirtyTimestamp=1771738546502
2026-02-22T12:26:52.691+05:30 DEBUG 1700 --- [productService] [DiscoveryClient-HeartbeatExecutor-0] [                                                 ] o.s.web.client.RestTemplate              : Accept=[application/json, application/*+json]
2026-02-22T12:26:52.703+05:30 DEBUG 1700 --- [productService] [DiscoveryClient-HeartbeatExecutor-0] [                                                 ] o.s.web.client.RestTemplate              : Response 200 OK
2026-02-22T12:26:59.719+05:30 DEBUG 1700 --- [productService] [DiscoveryClient-CacheRefreshExecutor-0] [                                                 ] o.s.web.client.RestTemplate              : HTTP GET http://localhost:8761/eureka/apps/delta
2026-02-22T12:26:59.719+05:30 DEBUG 1700 --- [productService] [DiscoveryClient-CacheRefreshExecutor-0] [                                                 ] o.s.web.client.RestTemplate              : Accept=[application/json, application/*+json]
2026-02-22T12:26:59.732+05:30 DEBUG 1700 --- [productService] [DiscoveryClient-CacheRefreshExecutor-0] [                                                 ] o.s.web.client.RestTemplate              : Response 200 OK
2026-02-22T12:26:59.732+05:30 DEBUG 1700 --- [productService] [DiscoveryClient-CacheRefreshExecutor-0] [                                                 ] o.s.web.client.RestTemplate              : Reading to [org.springframework.cloud.netflix.eureka.http.EurekaApplications]
2026-02-22T12:27:23.019+05:30 DEBUG 1700 --- [productService] [DiscoveryClient-HeartbeatExecutor-0] [                                                 ] o.s.web.client.RestTemplate              : HTTP PUT http://localhost:8761/eureka/apps/PRODUCTSERVICE/DESKTOP-ECRRR37.mshome.net:productService:8082?status=UP&lastDirtyTimestamp=1771738546502
2026-02-22T12:27:23.347+05:30 DEBUG 1700 --- [productService] [DiscoveryClient-HeartbeatExecutor-0] [                                                 ] o.s.web.client.RestTemplate              : Accept=[application/json, application/*+json]
2026-02-22T12:27:23.364+05:30 DEBUG 1700 --- [productService] [DiscoveryClient-HeartbeatExecutor-0] [                                                 ] o.s.web.client.RestTemplate              : Response 200 OK
2026-02-22T12:27:29.919+05:30 DEBUG 1700 --- [productService] [DiscoveryClient-CacheRefreshExecutor-0] [                                                 ] o.s.web.client.RestTemplate              : HTTP GET http://localhost:8761/eureka/apps/delta
2026-02-22T12:27:29.921+05:30 DEBUG 1700 --- [productService] [DiscoveryClient-CacheRefreshExecutor-0] [                                                 ] o.s.web.client.RestTemplate              : Accept=[application/json, application/*+json]
2026-02-22T12:27:29.939+05:30 DEBUG 1700 --- [productService] [DiscoveryClient-CacheRefreshExecutor-0] [                                                 ] o.s.web.client.RestTemplate              : Response 200 OK
2026-02-22T12:27:29.941+05:30 DEBUG 1700 --- [productService] [DiscoveryClient-CacheRefreshExecutor-0] [                                                 ] o.s.web.client.RestTemplate              : Reading to [org.springframework.cloud.netflix.eureka.http.EurekaApplications]
2026-02-22T12:27:53.410+05:30 DEBUG 1700 --- [productService] [DiscoveryClient-HeartbeatExecutor-0] [                                                 ] o.s.web.client.RestTemplate              : HTTP PUT http://localhost:8761/eureka/apps/PRODUCTSERVICE/DESKTOP-ECRRR37.mshome.net:productService:8082?status=UP&lastDirtyTimestamp=1771738546502
2026-02-22T12:27:53.411+05:30 DEBUG 1700 --- [productService] [DiscoveryClient-HeartbeatExecutor-0] [                                                 ] o.s.web.client.RestTemplate              : Accept=[application/json, application/*+json]
2026-02-22T12:27:53.426+05:30 DEBUG 1700 --- [productService] [DiscoveryClient-HeartbeatExecutor-0] [                                                 ] o.s.web.client.RestTemplate              : Response 200 OK
2026-02-22T12:27:59.957+05:30 DEBUG 1700 --- [productService] [DiscoveryClient-CacheRefreshExecutor-0] [                                                 ] o.s.web.client.RestTemplate              : HTTP GET http://localhost:8761/eureka/apps/delta
2026-02-22T12:27:59.959+05:30 DEBUG 1700 --- [productService] [DiscoveryClient-CacheRefreshExecutor-0] [                                                 ] o.s.web.client.RestTemplate              : Accept=[application/json, application/*+json]
2026-02-22T12:27:59.981+05:30 DEBUG 1700 --- [productService] [DiscoveryClient-CacheRefreshExecutor-0] [                                                 ] o.s.web.client.RestTemplate              : Response 200 OK
2026-02-22T12:27:59.983+05:30 DEBUG 1700 --- [productService] [DiscoveryClient-CacheRefreshExecutor-0] [                                                 ] o.s.web.client.RestTemplate              : Reading to [org.springframework.cloud.netflix.eureka.http.EurekaApplications]
2026-02-22T12:28:23.431+05:30 DEBUG 1700 --- [productService] [DiscoveryClient-HeartbeatExecutor-0] [                                                 ] o.s.web.client.RestTemplate              : HTTP PUT http://localhost:8761/eureka/apps/PRODUCTSERVICE/DESKTOP-ECRRR37.mshome.net:productService:8082?status=UP&lastDirtyTimestamp=1771738546502
2026-02-22T12:28:23.434+05:30 DEBUG 1700 --- [productService] [DiscoveryClient-HeartbeatExecutor-0] [                                                 ] o.s.web.client.RestTemplate              : Accept=[application/json, application/*+json]
2026-02-22T12:28:23.447+05:30 DEBUG 1700 --- [productService] [DiscoveryClient-HeartbeatExecutor-0] [                                                 ] o.s.web.client.RestTemplate              : Response 200 OK
2026-02-22T12:28:30.010+05:30 DEBUG 1700 --- [productService] [DiscoveryClient-CacheRefreshExecutor-0] [                                                 ] o.s.web.client.RestTemplate              : HTTP GET http://localhost:8761/eureka/apps/delta
2026-02-22T12:28:30.010+05:30 DEBUG 1700 --- [productService] [DiscoveryClient-CacheRefreshExecutor-0] [                                                 ] o.s.web.client.RestTemplate              : Accept=[application/json, application/*+json]
2026-02-22T12:28:30.027+05:30 DEBUG 1700 --- [productService] [DiscoveryClient-CacheRefreshExecutor-0] [                                                 ] o.s.web.client.RestTemplate              : Response 200 OK
2026-02-22T12:28:30.028+05:30 DEBUG 1700 --- [productService] [DiscoveryClient-CacheRefreshExecutor-0] [                                                 ] o.s.web.client.RestTemplate              : Reading to [org.springframework.cloud.netflix.eureka.http.EurekaApplications]
2026-02-22T12:28:53.455+05:30 DEBUG 1700 --- [productService] [DiscoveryClient-HeartbeatExecutor-0] [                                                 ] o.s.web.client.RestTemplate              : HTTP PUT http://localhost:8761/eureka/apps/PRODUCTSERVICE/DESKTOP-ECRRR37.mshome.net:productService:8082?status=UP&lastDirtyTimestamp=1771738546502
2026-02-22T12:28:53.457+05:30 DEBUG 1700 --- [productService] [DiscoveryClient-HeartbeatExecutor-0] [                                                 ] o.s.web.client.RestTemplate              : Accept=[application/json, application/*+json]
2026-02-22T12:28:53.484+05:30 DEBUG 1700 --- [productService] [DiscoveryClient-HeartbeatExecutor-0] [                                                 ] o.s.web.client.RestTemplate              : Response 200 OK
2026-02-22T12:29:00.037+05:30 DEBUG 1700 --- [productService] [DiscoveryClient-CacheRefreshExecutor-0] [                                                 ] o.s.web.client.RestTemplate              : HTTP GET http://localhost:8761/eureka/apps/delta
2026-02-22T12:29:00.038+05:30 DEBUG 1700 --- [productService] [DiscoveryClient-CacheRefreshExecutor-0] [                                                 ] o.s.web.client.RestTemplate              : Accept=[application/json, application/*+json]
2026-02-22T12:29:00.055+05:30 DEBUG 1700 --- [productService] [DiscoveryClient-CacheRefreshExecutor-0] [                                                 ] o.s.web.client.RestTemplate              : Response 200 OK
2026-02-22T12:29:00.056+05:30 DEBUG 1700 --- [productService] [DiscoveryClient-CacheRefreshExecutor-0] [                                                 ] o.s.web.client.RestTemplate              : Reading to [org.springframework.cloud.netflix.eureka.http.EurekaApplications]
2026-02-22T12:29:23.613+05:30 DEBUG 1700 --- [productService] [DiscoveryClient-HeartbeatExecutor-0] [                                                 ] o.s.web.client.RestTemplate              : HTTP PUT http://localhost:8761/eureka/apps/PRODUCTSERVICE/DESKTOP-ECRRR37.mshome.net:productService:8082?status=UP&lastDirtyTimestamp=1771738546502
2026-02-22T12:29:23.712+05:30 DEBUG 1700 --- [productService] [DiscoveryClient-HeartbeatExecutor-0] [                                                 ] o.s.web.client.RestTemplate              : Accept=[application/json, application/*+json]
2026-02-22T12:29:23.958+05:30 DEBUG 1700 --- [productService] [DiscoveryClient-HeartbeatExecutor-0] [                                                 ] o.s.web.client.RestTemplate              : Response 200 OK
2026-02-22T12:29:30.067+05:30 DEBUG 1700 --- [productService] [DiscoveryClient-CacheRefreshExecutor-0] [                                                 ] o.s.web.client.RestTemplate              : HTTP GET http://localhost:8761/eureka/apps/delta
2026-02-22T12:29:30.069+05:30 DEBUG 1700 --- [productService] [DiscoveryClient-CacheRefreshExecutor-0] [                                                 ] o.s.web.client.RestTemplate              : Accept=[application/json, application/*+json]
2026-02-22T12:29:30.083+05:30 DEBUG 1700 --- [productService] [DiscoveryClient-CacheRefreshExecutor-0] [                                                 ] o.s.web.client.RestTemplate              : Response 200 OK
2026-02-22T12:29:30.084+05:30 DEBUG 1700 --- [productService] [DiscoveryClient-CacheRefreshExecutor-0] [                                                 ] o.s.web.client.RestTemplate              : Reading to [org.springframework.cloud.netflix.eureka.http.EurekaApplications]
2026-02-22T12:29:54.056+05:30 DEBUG 1700 --- [productService] [DiscoveryClient-HeartbeatExecutor-0] [                                                 ] o.s.web.client.RestTemplate              : HTTP PUT http://localhost:8761/eureka/apps/PRODUCTSERVICE/DESKTOP-ECRRR37.mshome.net:productService:8082?status=UP&lastDirtyTimestamp=1771738546502
2026-02-22T12:29:54.063+05:30 DEBUG 1700 --- [productService] [DiscoveryClient-HeartbeatExecutor-0] [                                                 ] o.s.web.client.RestTemplate              : Accept=[application/json, application/*+json]
2026-02-22T12:29:54.073+05:30 DEBUG 1700 --- [productService] [DiscoveryClient-HeartbeatExecutor-0] [                                                 ] o.s.web.client.RestTemplate              : Response 200 OK
2026-02-22T12:30:00.105+05:30 DEBUG 1700 --- [productService] [DiscoveryClient-CacheRefreshExecutor-0] [                                                 ] o.s.web.client.RestTemplate              : HTTP GET http://localhost:8761/eureka/apps/delta
2026-02-22T12:30:00.107+05:30 DEBUG 1700 --- [productService] [DiscoveryClient-CacheRefreshExecutor-0] [                                                 ] o.s.web.client.RestTemplate              : Accept=[application/json, application/*+json]
2026-02-22T12:30:00.123+05:30 DEBUG 1700 --- [productService] [DiscoveryClient-CacheRefreshExecutor-0] [                                                 ] o.s.web.client.RestTemplate              : Response 200 OK
2026-02-22T12:30:00.126+05:30 DEBUG 1700 --- [productService] [DiscoveryClient-CacheRefreshExecutor-0] [                                                 ] o.s.web.client.RestTemplate              : Reading to [org.springframework.cloud.netflix.eureka.http.EurekaApplications]
2026-02-22T12:30:24.523+05:30 DEBUG 1700 --- [productService] [DiscoveryClient-HeartbeatExecutor-0] [                                                 ] o.s.web.client.RestTemplate              : HTTP PUT http://localhost:8761/eureka/apps/PRODUCTSERVICE/DESKTOP-ECRRR37.mshome.net:productService:8082?status=UP&lastDirtyTimestamp=1771738546502
2026-02-22T12:30:24.524+05:30 DEBUG 1700 --- [productService] [DiscoveryClient-HeartbeatExecutor-0] [                                                 ] o.s.web.client.RestTemplate              : Accept=[application/json, application/*+json]
2026-02-22T12:30:24.869+05:30 DEBUG 1700 --- [productService] [DiscoveryClient-HeartbeatExecutor-0] [                                                 ] o.s.web.client.RestTemplate              : Response 200 OK
2026-02-22T12:30:30.143+05:30 DEBUG 1700 --- [productService] [DiscoveryClient-CacheRefreshExecutor-0] [                                                 ] o.s.web.client.RestTemplate              : HTTP GET http://localhost:8761/eureka/apps/delta
2026-02-22T12:30:30.143+05:30 DEBUG 1700 --- [productService] [DiscoveryClient-CacheRefreshExecutor-0] [                                                 ] o.s.web.client.RestTemplate              : Accept=[application/json, application/*+json]
2026-02-22T12:30:30.581+05:30 DEBUG 1700 --- [productService] [DiscoveryClient-CacheRefreshExecutor-0] [                                                 ] o.s.web.client.RestTemplate              : Response 200 OK
2026-02-22T12:30:30.704+05:30 DEBUG 1700 --- [productService] [DiscoveryClient-CacheRefreshExecutor-0] [                                                 ] o.s.web.client.RestTemplate              : Reading to [org.springframework.cloud.netflix.eureka.http.EurekaApplications]
2026-02-22T12:30:54.886+05:30 DEBUG 1700 --- [productService] [DiscoveryClient-HeartbeatExecutor-0] [                                                 ] o.s.web.client.RestTemplate              : HTTP PUT http://localhost:8761/eureka/apps/PRODUCTSERVICE/DESKTOP-ECRRR37.mshome.net:productService:8082?status=UP&lastDirtyTimestamp=1771738546502
2026-02-22T12:30:54.900+05:30 DEBUG 1700 --- [productService] [DiscoveryClient-HeartbeatExecutor-0] [                                                 ] o.s.web.client.RestTemplate              : Accept=[application/json, application/*+json]
2026-02-22T12:30:54.910+05:30 DEBUG 1700 --- [productService] [DiscoveryClient-HeartbeatExecutor-0] [                                                 ] o.s.web.client.RestTemplate              : Response 200 OK
2026-02-22T12:31:01.455+05:30 DEBUG 1700 --- [productService] [DiscoveryClient-CacheRefreshExecutor-0] [                                                 ] o.s.web.client.RestTemplate              : HTTP GET http://localhost:8761/eureka/apps/delta
2026-02-22T12:31:01.456+05:30 DEBUG 1700 --- [productService] [DiscoveryClient-CacheRefreshExecutor-0] [                                                 ] o.s.web.client.RestTemplate              : Accept=[application/json, application/*+json]
2026-02-22T12:31:01.473+05:30 DEBUG 1700 --- [productService] [DiscoveryClient-CacheRefreshExecutor-0] [                                                 ] o.s.web.client.RestTemplate              : Response 200 OK
2026-02-22T12:31:01.474+05:30 DEBUG 1700 --- [productService] [DiscoveryClient-CacheRefreshExecutor-0] [                                                 ] o.s.web.client.RestTemplate              : Reading to [org.springframework.cloud.netflix.eureka.http.EurekaApplications]
2026-02-22T12:31:10.094+05:30  INFO 1700 --- [productService] [AsyncResolver-bootstrap-executor-0] [                                                 ] c.n.d.s.r.aws.ConfigClusterResolver      : Resolving eureka endpoints via configuration
2026-02-22T12:31:24.924+05:30 DEBUG 1700 --- [productService] [DiscoveryClient-HeartbeatExecutor-0] [                                                 ] o.s.web.client.RestTemplate              : HTTP PUT http://localhost:8761/eureka/apps/PRODUCTSERVICE/DESKTOP-ECRRR37.mshome.net:productService:8082?status=UP&lastDirtyTimestamp=1771738546502
2026-02-22T12:31:24.926+05:30 DEBUG 1700 --- [productService] [DiscoveryClient-HeartbeatExecutor-0] [                                                 ] o.s.web.client.RestTemplate              : Accept=[application/json, application/*+json]
2026-02-22T12:31:24.943+05:30 DEBUG 1700 --- [productService] [DiscoveryClient-HeartbeatExecutor-0] [                                                 ] o.s.web.client.RestTemplate              : Response 200 OK
2026-02-22T12:31:31.485+05:30 DEBUG 1700 --- [productService] [DiscoveryClient-CacheRefreshExecutor-0] [                                                 ] o.s.web.client.RestTemplate              : HTTP GET http://localhost:8761/eureka/apps/delta
2026-02-22T12:31:31.486+05:30 DEBUG 1700 --- [productService] [DiscoveryClient-CacheRefreshExecutor-0] [                                                 ] o.s.web.client.RestTemplate              : Accept=[application/json, application/*+json]
2026-02-22T12:31:31.507+05:30 DEBUG 1700 --- [productService] [DiscoveryClient-CacheRefreshExecutor-0] [                                                 ] o.s.web.client.RestTemplate              : Response 200 OK
2026-02-22T12:31:31.508+05:30 DEBUG 1700 --- [productService] [DiscoveryClient-CacheRefreshExecutor-0] [                                                 ] o.s.web.client.RestTemplate              : Reading to [org.springframework.cloud.netflix.eureka.http.EurekaApplications]
2026-02-22T12:31:54.951+05:30 DEBUG 1700 --- [productService] [DiscoveryClient-HeartbeatExecutor-0] [                                                 ] o.s.web.client.RestTemplate              : HTTP PUT http://localhost:8761/eureka/apps/PRODUCTSERVICE/DESKTOP-ECRRR37.mshome.net:productService:8082?status=UP&lastDirtyTimestamp=1771738546502
2026-02-22T12:31:55.001+05:30 DEBUG 1700 --- [productService] [DiscoveryClient-HeartbeatExecutor-0] [                                                 ] o.s.web.client.RestTemplate              : Accept=[application/json, application/*+json]
2026-02-22T12:31:55.501+05:30 DEBUG 1700 --- [productService] [DiscoveryClient-HeartbeatExecutor-0] [                                                 ] o.s.web.client.RestTemplate              : Response 200 OK
2026-02-22T12:32:01.519+05:30 DEBUG 1700 --- [productService] [DiscoveryClient-CacheRefreshExecutor-0] [                                                 ] o.s.web.client.RestTemplate              : HTTP GET http://localhost:8761/eureka/apps/delta
2026-02-22T12:32:01.521+05:30 DEBUG 1700 --- [productService] [DiscoveryClient-CacheRefreshExecutor-0] [                                                 ] o.s.web.client.RestTemplate              : Accept=[application/json, application/*+json]
2026-02-22T12:32:01.536+05:30 DEBUG 1700 --- [productService] [DiscoveryClient-CacheRefreshExecutor-0] [                                                 ] o.s.web.client.RestTemplate              : Response 200 OK
2026-02-22T12:32:01.537+05:30 DEBUG 1700 --- [productService] [DiscoveryClient-CacheRefreshExecutor-0] [                                                 ] o.s.web.client.RestTemplate              : Reading to [org.springframework.cloud.netflix.eureka.http.EurekaApplications]
2026-02-22T12:32:25.667+05:30 DEBUG 1700 --- [productService] [DiscoveryClient-HeartbeatExecutor-0] [                                                 ] o.s.web.client.RestTemplate              : HTTP PUT http://localhost:8761/eureka/apps/PRODUCTSERVICE/DESKTOP-ECRRR37.mshome.net:productService:8082?status=UP&lastDirtyTimestamp=1771738546502
2026-02-22T12:32:25.669+05:30 DEBUG 1700 --- [productService] [DiscoveryClient-HeartbeatExecutor-0] [                                                 ] o.s.web.client.RestTemplate              : Accept=[application/json, application/*+json]
2026-02-22T12:32:25.686+05:30 DEBUG 1700 --- [productService] [DiscoveryClient-HeartbeatExecutor-0] [                                                 ] o.s.web.client.RestTemplate              : Response 200 OK
2026-02-22T12:32:31.546+05:30 DEBUG 1700 --- [productService] [DiscoveryClient-CacheRefreshExecutor-0] [                                                 ] o.s.web.client.RestTemplate              : HTTP GET http://localhost:8761/eureka/apps/delta
2026-02-22T12:32:31.547+05:30 DEBUG 1700 --- [productService] [DiscoveryClient-CacheRefreshExecutor-0] [                                                 ] o.s.web.client.RestTemplate              : Accept=[application/json, application/*+json]
2026-02-22T12:32:31.564+05:30 DEBUG 1700 --- [productService] [DiscoveryClient-CacheRefreshExecutor-0] [                                                 ] o.s.web.client.RestTemplate              : Response 200 OK
2026-02-22T12:32:31.565+05:30 DEBUG 1700 --- [productService] [DiscoveryClient-CacheRefreshExecutor-0] [                                                 ] o.s.web.client.RestTemplate              : Reading to [org.springframework.cloud.netflix.eureka.http.EurekaApplications]
2026-02-22T12:32:55.694+05:30 DEBUG 1700 --- [productService] [DiscoveryClient-HeartbeatExecutor-0] [                                                 ] o.s.web.client.RestTemplate              : HTTP PUT http://localhost:8761/eureka/apps/PRODUCTSERVICE/DESKTOP-ECRRR37.mshome.net:productService:8082?status=UP&lastDirtyTimestamp=1771738546502
2026-02-22T12:32:55.695+05:30 DEBUG 1700 --- [productService] [DiscoveryClient-HeartbeatExecutor-0] [                                                 ] o.s.web.client.RestTemplate              : Accept=[application/json, application/*+json]
2026-02-22T12:32:55.713+05:30 DEBUG 1700 --- [productService] [DiscoveryClient-HeartbeatExecutor-0] [                                                 ] o.s.web.client.RestTemplate              : Response 200 OK
2026-02-22T12:33:01.574+05:30 DEBUG 1700 --- [productService] [DiscoveryClient-CacheRefreshExecutor-0] [                                                 ] o.s.web.client.RestTemplate              : HTTP GET http://localhost:8761/eureka/apps/delta
2026-02-22T12:33:01.574+05:30 DEBUG 1700 --- [productService] [DiscoveryClient-CacheRefreshExecutor-0] [                                                 ] o.s.web.client.RestTemplate              : Accept=[application/json, application/*+json]
2026-02-22T12:33:01.593+05:30 DEBUG 1700 --- [productService] [DiscoveryClient-CacheRefreshExecutor-0] [                                                 ] o.s.web.client.RestTemplate              : Response 200 OK
2026-02-22T12:33:01.593+05:30 DEBUG 1700 --- [productService] [DiscoveryClient-CacheRefreshExecutor-0] [                                                 ] o.s.web.client.RestTemplate              : Reading to [org.springframework.cloud.netflix.eureka.http.EurekaApplications]
2026-02-22T12:33:25.717+05:30 DEBUG 1700 --- [productService] [DiscoveryClient-HeartbeatExecutor-0] [                                                 ] o.s.web.client.RestTemplate              : HTTP PUT http://localhost:8761/eureka/apps/PRODUCTSERVICE/DESKTOP-ECRRR37.mshome.net:productService:8082?status=UP&lastDirtyTimestamp=1771738546502
2026-02-22T12:33:25.719+05:30 DEBUG 1700 --- [productService] [DiscoveryClient-HeartbeatExecutor-0] [                                                 ] o.s.web.client.RestTemplate              : Accept=[application/json, application/*+json]
2026-02-22T12:33:25.736+05:30 DEBUG 1700 --- [productService] [DiscoveryClient-HeartbeatExecutor-0] [                                                 ] o.s.web.client.RestTemplate              : Response 200 OK
2026-02-22T12:33:31.602+05:30 DEBUG 1700 --- [productService] [DiscoveryClient-CacheRefreshExecutor-0] [                                                 ] o.s.web.client.RestTemplate              : HTTP GET http://localhost:8761/eureka/apps/delta
2026-02-22T12:33:31.602+05:30 DEBUG 1700 --- [productService] [DiscoveryClient-CacheRefreshExecutor-0] [                                                 ] o.s.web.client.RestTemplate              : Accept=[application/json, application/*+json]
2026-02-22T12:33:31.639+05:30 DEBUG 1700 --- [productService] [DiscoveryClient-CacheRefreshExecutor-0] [                                                 ] o.s.web.client.RestTemplate              : Response 200 OK
2026-02-22T12:33:31.639+05:30 DEBUG 1700 --- [productService] [DiscoveryClient-CacheRefreshExecutor-0] [                                                 ] o.s.web.client.RestTemplate              : Reading to [org.springframework.cloud.netflix.eureka.http.EurekaApplications]
2026-02-22T12:33:55.742+05:30 DEBUG 1700 --- [productService] [DiscoveryClient-HeartbeatExecutor-0] [                                                 ] o.s.web.client.RestTemplate              : HTTP PUT http://localhost:8761/eureka/apps/PRODUCTSERVICE/DESKTOP-ECRRR37.mshome.net:productService:8082?status=UP&lastDirtyTimestamp=1771738546502
2026-02-22T12:33:55.745+05:30 DEBUG 1700 --- [productService] [DiscoveryClient-HeartbeatExecutor-0] [                                                 ] o.s.web.client.RestTemplate              : Accept=[application/json, application/*+json]
2026-02-22T12:33:55.761+05:30 DEBUG 1700 --- [productService] [DiscoveryClient-HeartbeatExecutor-0] [                                                 ] o.s.web.client.RestTemplate              : Response 200 OK
2026-02-22T12:34:01.645+05:30 DEBUG 1700 --- [productService] [DiscoveryClient-CacheRefreshExecutor-0] [                                                 ] o.s.web.client.RestTemplate              : HTTP GET http://localhost:8761/eureka/apps/delta
2026-02-22T12:34:01.648+05:30 DEBUG 1700 --- [productService] [DiscoveryClient-CacheRefreshExecutor-0] [                                                 ] o.s.web.client.RestTemplate              : Accept=[application/json, application/*+json]
2026-02-22T12:34:01.667+05:30 DEBUG 1700 --- [productService] [DiscoveryClient-CacheRefreshExecutor-0] [                                                 ] o.s.web.client.RestTemplate              : Response 200 OK
2026-02-22T12:34:01.689+05:30 DEBUG 1700 --- [productService] [DiscoveryClient-CacheRefreshExecutor-0] [                                                 ] o.s.web.client.RestTemplate              : Reading to [org.springframework.cloud.netflix.eureka.http.EurekaApplications]
2026-02-22T12:34:25.768+05:30 DEBUG 1700 --- [productService] [DiscoveryClient-HeartbeatExecutor-0] [                                                 ] o.s.web.client.RestTemplate              : HTTP PUT http://localhost:8761/eureka/apps/PRODUCTSERVICE/DESKTOP-ECRRR37.mshome.net:productService:8082?status=UP&lastDirtyTimestamp=1771738546502
2026-02-22T12:34:25.775+05:30 DEBUG 1700 --- [productService] [DiscoveryClient-HeartbeatExecutor-0] [                                                 ] o.s.web.client.RestTemplate              : Accept=[application/json, application/*+json]
2026-02-22T12:34:25.784+05:30 DEBUG 1700 --- [productService] [DiscoveryClient-HeartbeatExecutor-0] [                                                 ] o.s.web.client.RestTemplate              : Response 200 OK
2026-02-22T12:34:31.949+05:30 DEBUG 1700 --- [productService] [DiscoveryClient-CacheRefreshExecutor-0] [                                                 ] o.s.web.client.RestTemplate              : HTTP GET http://localhost:8761/eureka/apps/delta
2026-02-22T12:34:32.109+05:30 DEBUG 1700 --- [productService] [DiscoveryClient-CacheRefreshExecutor-0] [                                                 ] o.s.web.client.RestTemplate              : Accept=[application/json, application/*+json]
2026-02-22T12:34:32.116+05:30 DEBUG 1700 --- [productService] [DiscoveryClient-CacheRefreshExecutor-0] [                                                 ] o.s.web.client.RestTemplate              : Response 200 OK
2026-02-22T12:34:32.116+05:30 DEBUG 1700 --- [productService] [DiscoveryClient-CacheRefreshExecutor-0] [                                                 ] o.s.web.client.RestTemplate              : Reading to [org.springframework.cloud.netflix.eureka.http.EurekaApplications]
2026-02-22T12:34:55.788+05:30 DEBUG 1700 --- [productService] [DiscoveryClient-HeartbeatExecutor-0] [                                                 ] o.s.web.client.RestTemplate              : HTTP PUT http://localhost:8761/eureka/apps/PRODUCTSERVICE/DESKTOP-ECRRR37.mshome.net:productService:8082?status=UP&lastDirtyTimestamp=1771738546502
2026-02-22T12:34:55.790+05:30 DEBUG 1700 --- [productService] [DiscoveryClient-HeartbeatExecutor-0] [                                                 ] o.s.web.client.RestTemplate              : Accept=[application/json, application/*+json]
2026-02-22T12:34:55.806+05:30 DEBUG 1700 --- [productService] [DiscoveryClient-HeartbeatExecutor-0] [                                                 ] o.s.web.client.RestTemplate              : Response 200 OK
2026-02-22T12:35:02.130+05:30 DEBUG 1700 --- [productService] [DiscoveryClient-CacheRefreshExecutor-0] [                                                 ] o.s.web.client.RestTemplate              : HTTP GET http://localhost:8761/eureka/apps/delta
2026-02-22T12:35:02.131+05:30 DEBUG 1700 --- [productService] [DiscoveryClient-CacheRefreshExecutor-0] [                                                 ] o.s.web.client.RestTemplate              : Accept=[application/json, application/*+json]
2026-02-22T12:35:02.148+05:30 DEBUG 1700 --- [productService] [DiscoveryClient-CacheRefreshExecutor-0] [                                                 ] o.s.web.client.RestTemplate              : Response 200 OK
2026-02-22T12:35:02.149+05:30 DEBUG 1700 --- [productService] [DiscoveryClient-CacheRefreshExecutor-0] [                                                 ] o.s.web.client.RestTemplate              : Reading to [org.springframework.cloud.netflix.eureka.http.EurekaApplications]
2026-02-22T12:35:25.821+05:30 DEBUG 1700 --- [productService] [DiscoveryClient-HeartbeatExecutor-0] [                                                 ] o.s.web.client.RestTemplate              : HTTP PUT http://localhost:8761/eureka/apps/PRODUCTSERVICE/DESKTOP-ECRRR37.mshome.net:productService:8082?status=UP&lastDirtyTimestamp=1771738546502
2026-02-22T12:35:25.822+05:30 DEBUG 1700 --- [productService] [DiscoveryClient-HeartbeatExecutor-0] [                                                 ] o.s.web.client.RestTemplate              : Accept=[application/json, application/*+json]
2026-02-22T12:35:26.059+05:30 DEBUG 1700 --- [productService] [DiscoveryClient-HeartbeatExecutor-0] [                                                 ] o.s.web.client.RestTemplate              : Response 200 OK
2026-02-22T12:35:32.154+05:30 DEBUG 1700 --- [productService] [DiscoveryClient-CacheRefreshExecutor-0] [                                                 ] o.s.web.client.RestTemplate              : HTTP GET http://localhost:8761/eureka/apps/delta
2026-02-22T12:35:32.154+05:30 DEBUG 1700 --- [productService] [DiscoveryClient-CacheRefreshExecutor-0] [                                                 ] o.s.web.client.RestTemplate              : Accept=[application/json, application/*+json]
2026-02-22T12:35:32.172+05:30 DEBUG 1700 --- [productService] [DiscoveryClient-CacheRefreshExecutor-0] [                                                 ] o.s.web.client.RestTemplate              : Response 200 OK
2026-02-22T12:35:32.173+05:30 DEBUG 1700 --- [productService] [DiscoveryClient-CacheRefreshExecutor-0] [                                                 ] o.s.web.client.RestTemplate              : Reading to [org.springframework.cloud.netflix.eureka.http.EurekaApplications]
2026-02-22T12:35:56.201+05:30 DEBUG 1700 --- [productService] [DiscoveryClient-HeartbeatExecutor-0] [                                                 ] o.s.web.client.RestTemplate              : HTTP PUT http://localhost:8761/eureka/apps/PRODUCTSERVICE/DESKTOP-ECRRR37.mshome.net:productService:8082?status=UP&lastDirtyTimestamp=1771738546502
2026-02-22T12:35:56.302+05:30 DEBUG 1700 --- [productService] [DiscoveryClient-HeartbeatExecutor-0] [                                                 ] o.s.web.client.RestTemplate              : Accept=[application/json, application/*+json]
2026-02-22T12:35:56.328+05:30 DEBUG 1700 --- [productService] [DiscoveryClient-HeartbeatExecutor-0] [                                                 ] o.s.web.client.RestTemplate              : Response 200 OK
2026-02-22T12:36:02.212+05:30 DEBUG 1700 --- [productService] [DiscoveryClient-CacheRefreshExecutor-0] [                                                 ] o.s.web.client.RestTemplate              : HTTP GET http://localhost:8761/eureka/apps/delta
2026-02-22T12:36:02.391+05:30 DEBUG 1700 --- [productService] [DiscoveryClient-CacheRefreshExecutor-0] [                                                 ] o.s.web.client.RestTemplate              : Accept=[application/json, application/*+json]
2026-02-22T12:36:02.705+05:30 DEBUG 1700 --- [productService] [DiscoveryClient-CacheRefreshExecutor-0] [                                                 ] o.s.web.client.RestTemplate              : Response 200 OK
2026-02-22T12:36:02.829+05:30 DEBUG 1700 --- [productService] [DiscoveryClient-CacheRefreshExecutor-0] [                                                 ] o.s.web.client.RestTemplate              : Reading to [org.springframework.cloud.netflix.eureka.http.EurekaApplications]
2026-02-22T12:36:10.570+05:30  INFO 1700 --- [productService] [AsyncResolver-bootstrap-executor-0] [                                                 ] c.n.d.s.r.aws.ConfigClusterResolver      : Resolving eureka endpoints via configuration
2026-02-22T12:36:26.345+05:30 DEBUG 1700 --- [productService] [DiscoveryClient-HeartbeatExecutor-0] [                                                 ] o.s.web.client.RestTemplate              : HTTP PUT http://localhost:8761/eureka/apps/PRODUCTSERVICE/DESKTOP-ECRRR37.mshome.net:productService:8082?status=UP&lastDirtyTimestamp=1771738546502
2026-02-22T12:36:26.500+05:30 DEBUG 1700 --- [productService] [DiscoveryClient-HeartbeatExecutor-0] [                                                 ] o.s.web.client.RestTemplate              : Accept=[application/json, application/*+json]
2026-02-22T12:36:26.785+05:30 DEBUG 1700 --- [productService] [DiscoveryClient-HeartbeatExecutor-0] [                                                 ] o.s.web.client.RestTemplate              : Response 200 OK
2026-02-22T12:36:33.057+05:30 DEBUG 1700 --- [productService] [DiscoveryClient-CacheRefreshExecutor-0] [                                                 ] o.s.web.client.RestTemplate              : HTTP GET http://localhost:8761/eureka/apps/delta
2026-02-22T12:36:33.057+05:30 DEBUG 1700 --- [productService] [DiscoveryClient-CacheRefreshExecutor-0] [                                                 ] o.s.web.client.RestTemplate              : Accept=[application/json, application/*+json]
2026-02-22T12:36:33.075+05:30 DEBUG 1700 --- [productService] [DiscoveryClient-CacheRefreshExecutor-0] [                                                 ] o.s.web.client.RestTemplate              : Response 200 OK
2026-02-22T12:36:33.076+05:30 DEBUG 1700 --- [productService] [DiscoveryClient-CacheRefreshExecutor-0] [                                                 ] o.s.web.client.RestTemplate              : Reading to [org.springframework.cloud.netflix.eureka.http.EurekaApplications]
2026-02-22T12:36:56.804+05:30 DEBUG 1700 --- [productService] [DiscoveryClient-HeartbeatExecutor-0] [                                                 ] o.s.web.client.RestTemplate              : HTTP PUT http://localhost:8761/eureka/apps/PRODUCTSERVICE/DESKTOP-ECRRR37.mshome.net:productService:8082?status=UP&lastDirtyTimestamp=1771738546502
2026-02-22T12:36:56.806+05:30 DEBUG 1700 --- [productService] [DiscoveryClient-HeartbeatExecutor-0] [                                                 ] o.s.web.client.RestTemplate              : Accept=[application/json, application/*+json]
2026-02-22T12:36:56.820+05:30 DEBUG 1700 --- [productService] [DiscoveryClient-HeartbeatExecutor-0] [                                                 ] o.s.web.client.RestTemplate              : Response 200 OK
2026-02-22T12:37:03.082+05:30 DEBUG 1700 --- [productService] [DiscoveryClient-CacheRefreshExecutor-0] [                                                 ] o.s.web.client.RestTemplate              : HTTP GET http://localhost:8761/eureka/apps/delta
2026-02-22T12:37:03.084+05:30 DEBUG 1700 --- [productService] [DiscoveryClient-CacheRefreshExecutor-0] [                                                 ] o.s.web.client.RestTemplate              : Accept=[application/json, application/*+json]
2026-02-22T12:37:03.103+05:30 DEBUG 1700 --- [productService] [DiscoveryClient-CacheRefreshExecutor-0] [                                                 ] o.s.web.client.RestTemplate              : Response 200 OK
2026-02-22T12:37:03.106+05:30 DEBUG 1700 --- [productService] [DiscoveryClient-CacheRefreshExecutor-0] [                                                 ] o.s.web.client.RestTemplate              : Reading to [org.springframework.cloud.netflix.eureka.http.EurekaApplications]
2026-02-22T12:37:26.855+05:30 DEBUG 1700 --- [productService] [DiscoveryClient-HeartbeatExecutor-0] [                                                 ] o.s.web.client.RestTemplate              : HTTP PUT http://localhost:8761/eureka/apps/PRODUCTSERVICE/DESKTOP-ECRRR37.mshome.net:productService:8082?status=UP&lastDirtyTimestamp=1771738546502
2026-02-22T12:37:26.858+05:30 DEBUG 1700 --- [productService] [DiscoveryClient-HeartbeatExecutor-0] [                                                 ] o.s.web.client.RestTemplate              : Accept=[application/json, application/*+json]
2026-02-22T12:37:26.877+05:30 DEBUG 1700 --- [productService] [DiscoveryClient-HeartbeatExecutor-0] [                                                 ] o.s.web.client.RestTemplate              : Response 200 OK
2026-02-22T12:37:33.115+05:30 DEBUG 1700 --- [productService] [DiscoveryClient-CacheRefreshExecutor-0] [                                                 ] o.s.web.client.RestTemplate              : HTTP GET http://localhost:8761/eureka/apps/delta
2026-02-22T12:37:33.115+05:30 DEBUG 1700 --- [productService] [DiscoveryClient-CacheRefreshExecutor-0] [                                                 ] o.s.web.client.RestTemplate              : Accept=[application/json, application/*+json]
2026-02-22T12:37:33.131+05:30 DEBUG 1700 --- [productService] [DiscoveryClient-CacheRefreshExecutor-0] [                                                 ] o.s.web.client.RestTemplate              : Response 200 OK
2026-02-22T12:37:33.131+05:30 DEBUG 1700 --- [productService] [DiscoveryClient-CacheRefreshExecutor-0] [                                                 ] o.s.web.client.RestTemplate              : Reading to [org.springframework.cloud.netflix.eureka.http.EurekaApplications]
2026-02-22T12:37:56.894+05:30 DEBUG 1700 --- [productService] [DiscoveryClient-HeartbeatExecutor-0] [                                                 ] o.s.web.client.RestTemplate              : HTTP PUT http://localhost:8761/eureka/apps/PRODUCTSERVICE/DESKTOP-ECRRR37.mshome.net:productService:8082?status=UP&lastDirtyTimestamp=1771738546502
2026-02-22T12:37:56.895+05:30 DEBUG 1700 --- [productService] [DiscoveryClient-HeartbeatExecutor-0] [                                                 ] o.s.web.client.RestTemplate              : Accept=[application/json, application/*+json]
2026-02-22T12:37:56.911+05:30 DEBUG 1700 --- [productService] [DiscoveryClient-HeartbeatExecutor-0] [                                                 ] o.s.web.client.RestTemplate              : Response 200 OK
2026-02-22T12:38:03.146+05:30 DEBUG 1700 --- [productService] [DiscoveryClient-CacheRefreshExecutor-0] [                                                 ] o.s.web.client.RestTemplate              : HTTP GET http://localhost:8761/eureka/apps/delta
2026-02-22T12:38:03.146+05:30 DEBUG 1700 --- [productService] [DiscoveryClient-CacheRefreshExecutor-0] [                                                 ] o.s.web.client.RestTemplate              : Accept=[application/json, application/*+json]
2026-02-22T12:38:03.164+05:30 DEBUG 1700 --- [productService] [DiscoveryClient-CacheRefreshExecutor-0] [                                                 ] o.s.web.client.RestTemplate              : Response 200 OK
2026-02-22T12:38:03.165+05:30 DEBUG 1700 --- [productService] [DiscoveryClient-CacheRefreshExecutor-0] [                                                 ] o.s.web.client.RestTemplate              : Reading to [org.springframework.cloud.netflix.eureka.http.EurekaApplications]
2026-02-22T12:38:26.948+05:30 DEBUG 1700 --- [productService] [DiscoveryClient-HeartbeatExecutor-0] [                                                 ] o.s.web.client.RestTemplate              : HTTP PUT http://localhost:8761/eureka/apps/PRODUCTSERVICE/DESKTOP-ECRRR37.mshome.net:productService:8082?status=UP&lastDirtyTimestamp=1771738546502
2026-02-22T12:38:26.952+05:30 DEBUG 1700 --- [productService] [DiscoveryClient-HeartbeatExecutor-0] [                                                 ] o.s.web.client.RestTemplate              : Accept=[application/json, application/*+json]
2026-02-22T12:38:26.979+05:30 DEBUG 1700 --- [productService] [DiscoveryClient-HeartbeatExecutor-0] [                                                 ] o.s.web.client.RestTemplate              : Response 200 OK
2026-02-22T12:38:33.309+05:30 DEBUG 1700 --- [productService] [DiscoveryClient-CacheRefreshExecutor-0] [                                                 ] o.s.web.client.RestTemplate              : HTTP GET http://localhost:8761/eureka/apps/delta
2026-02-22T12:38:33.311+05:30 DEBUG 1700 --- [productService] [DiscoveryClient-CacheRefreshExecutor-0] [                                                 ] o.s.web.client.RestTemplate              : Accept=[application/json, application/*+json]
2026-02-22T12:38:33.322+05:30 DEBUG 1700 --- [productService] [DiscoveryClient-CacheRefreshExecutor-0] [                                                 ] o.s.web.client.RestTemplate              : Response 200 OK
2026-02-22T12:38:33.325+05:30 DEBUG 1700 --- [productService] [DiscoveryClient-CacheRefreshExecutor-0] [                                                 ] o.s.web.client.RestTemplate              : Reading to [org.springframework.cloud.netflix.eureka.http.EurekaApplications]
2026-02-22T12:38:56.989+05:30 DEBUG 1700 --- [productService] [DiscoveryClient-HeartbeatExecutor-0] [                                                 ] o.s.web.client.RestTemplate              : HTTP PUT http://localhost:8761/eureka/apps/PRODUCTSERVICE/DESKTOP-ECRRR37.mshome.net:productService:8082?status=UP&lastDirtyTimestamp=1771738546502
2026-02-22T12:38:57.429+05:30 DEBUG 1700 --- [productService] [DiscoveryClient-HeartbeatExecutor-0] [                                                 ] o.s.web.client.RestTemplate              : Accept=[application/json, application/*+json]
2026-02-22T12:38:57.861+05:30 DEBUG 1700 --- [productService] [DiscoveryClient-HeartbeatExecutor-0] [                                                 ] o.s.web.client.RestTemplate              : Response 200 OK
2026-02-22T12:39:03.551+05:30 DEBUG 1700 --- [productService] [DiscoveryClient-CacheRefreshExecutor-0] [                                                 ] o.s.web.client.RestTemplate              : HTTP GET http://localhost:8761/eureka/apps/delta
2026-02-22T12:39:03.646+05:30 DEBUG 1700 --- [productService] [DiscoveryClient-CacheRefreshExecutor-0] [                                                 ] o.s.web.client.RestTemplate              : Accept=[application/json, application/*+json]
2026-02-22T12:39:04.049+05:30 DEBUG 1700 --- [productService] [DiscoveryClient-CacheRefreshExecutor-0] [                                                 ] o.s.web.client.RestTemplate              : Response 200 OK
2026-02-22T12:39:04.163+05:30 DEBUG 1700 --- [productService] [DiscoveryClient-CacheRefreshExecutor-0] [                                                 ] o.s.web.client.RestTemplate              : Reading to [org.springframework.cloud.netflix.eureka.http.EurekaApplications]
2026-02-22T12:39:28.293+05:30 DEBUG 1700 --- [productService] [DiscoveryClient-HeartbeatExecutor-0] [                                                 ] o.s.web.client.RestTemplate              : HTTP PUT http://localhost:8761/eureka/apps/PRODUCTSERVICE/DESKTOP-ECRRR37.mshome.net:productService:8082?status=UP&lastDirtyTimestamp=1771738546502
2026-02-22T12:39:28.294+05:30 DEBUG 1700 --- [productService] [DiscoveryClient-HeartbeatExecutor-0] [                                                 ] o.s.web.client.RestTemplate              : Accept=[application/json, application/*+json]
2026-02-22T12:39:28.299+05:30 DEBUG 1700 --- [productService] [DiscoveryClient-HeartbeatExecutor-0] [                                                 ] o.s.web.client.RestTemplate              : Response 200 OK
2026-02-22T12:39:35.435+05:30 DEBUG 1700 --- [productService] [DiscoveryClient-CacheRefreshExecutor-0] [                                                 ] o.s.web.client.RestTemplate              : HTTP GET http://localhost:8761/eureka/apps/delta
2026-02-22T12:39:35.436+05:30 DEBUG 1700 --- [productService] [DiscoveryClient-CacheRefreshExecutor-0] [                                                 ] o.s.web.client.RestTemplate              : Accept=[application/json, application/*+json]
2026-02-22T12:39:35.453+05:30 DEBUG 1700 --- [productService] [DiscoveryClient-CacheRefreshExecutor-0] [                                                 ] o.s.web.client.RestTemplate              : Response 200 OK
2026-02-22T12:39:35.456+05:30 DEBUG 1700 --- [productService] [DiscoveryClient-CacheRefreshExecutor-0] [                                                 ] o.s.web.client.RestTemplate              : Reading to [org.springframework.cloud.netflix.eureka.http.EurekaApplications]
2026-02-22T12:39:58.340+05:30 DEBUG 1700 --- [productService] [DiscoveryClient-HeartbeatExecutor-0] [                                                 ] o.s.web.client.RestTemplate              : HTTP PUT http://localhost:8761/eureka/apps/PRODUCTSERVICE/DESKTOP-ECRRR37.mshome.net:productService:8082?status=UP&lastDirtyTimestamp=1771738546502
2026-02-22T12:39:58.344+05:30 DEBUG 1700 --- [productService] [DiscoveryClient-HeartbeatExecutor-0] [                                                 ] o.s.web.client.RestTemplate              : Accept=[application/json, application/*+json]
2026-02-22T12:39:58.372+05:30 DEBUG 1700 --- [productService] [DiscoveryClient-HeartbeatExecutor-0] [                                                 ] o.s.web.client.RestTemplate              : Response 200 OK
2026-02-22T12:40:05.744+05:30 DEBUG 1700 --- [productService] [DiscoveryClient-CacheRefreshExecutor-0] [                                                 ] o.s.web.client.RestTemplate              : HTTP GET http://localhost:8761/eureka/apps/delta
2026-02-22T12:40:06.086+05:30 DEBUG 1700 --- [productService] [DiscoveryClient-CacheRefreshExecutor-0] [                                                 ] o.s.web.client.RestTemplate              : Accept=[application/json, application/*+json]
2026-02-22T12:40:07.487+05:30 DEBUG 1700 --- [productService] [DiscoveryClient-CacheRefreshExecutor-0] [                                                 ] o.s.web.client.RestTemplate              : Response 200 OK
2026-02-22T12:40:07.592+05:30 DEBUG 1700 --- [productService] [DiscoveryClient-CacheRefreshExecutor-0] [                                                 ] o.s.web.client.RestTemplate              : Reading to [org.springframework.cloud.netflix.eureka.http.EurekaApplications]
2026-02-22T12:40:28.389+05:30 DEBUG 1700 --- [productService] [DiscoveryClient-HeartbeatExecutor-0] [                                                 ] o.s.web.client.RestTemplate              : HTTP PUT http://localhost:8761/eureka/apps/PRODUCTSERVICE/DESKTOP-ECRRR37.mshome.net:productService:8082?status=UP&lastDirtyTimestamp=1771738546502
2026-02-22T12:40:28.395+05:30 DEBUG 1700 --- [productService] [DiscoveryClient-HeartbeatExecutor-0] [                                                 ] o.s.web.client.RestTemplate              : Accept=[application/json, application/*+json]
2026-02-22T12:40:28.414+05:30 DEBUG 1700 --- [productService] [DiscoveryClient-HeartbeatExecutor-0] [                                                 ] o.s.web.client.RestTemplate              : Response 200 OK
2026-02-22T12:40:38.033+05:30 DEBUG 1700 --- [productService] [DiscoveryClient-CacheRefreshExecutor-0] [                                                 ] o.s.web.client.RestTemplate              : HTTP GET http://localhost:8761/eureka/apps/delta
2026-02-22T12:40:38.034+05:30 DEBUG 1700 --- [productService] [DiscoveryClient-CacheRefreshExecutor-0] [                                                 ] o.s.web.client.RestTemplate              : Accept=[application/json, application/*+json]
2026-02-22T12:40:38.726+05:30 DEBUG 1700 --- [productService] [DiscoveryClient-CacheRefreshExecutor-0] [                                                 ] o.s.web.client.RestTemplate              : Response 200 OK
2026-02-22T12:40:39.607+05:30 DEBUG 1700 --- [productService] [DiscoveryClient-CacheRefreshExecutor-0] [                                                 ] o.s.web.client.RestTemplate              : Reading to [org.springframework.cloud.netflix.eureka.http.EurekaApplications]
2026-02-22T12:40:58.452+05:30 DEBUG 1700 --- [productService] [DiscoveryClient-HeartbeatExecutor-0] [                                                 ] o.s.web.client.RestTemplate              : HTTP PUT http://localhost:8761/eureka/apps/PRODUCTSERVICE/DESKTOP-ECRRR37.mshome.net:productService:8082?status=UP&lastDirtyTimestamp=1771738546502
2026-02-22T12:40:58.604+05:30 DEBUG 1700 --- [productService] [DiscoveryClient-HeartbeatExecutor-0] [                                                 ] o.s.web.client.RestTemplate              : Accept=[application/json, application/*+json]
2026-02-22T12:41:01.159+05:30 DEBUG 1700 --- [productService] [DiscoveryClient-HeartbeatExecutor-0] [                                                 ] o.s.web.client.RestTemplate              : Response 200 OK
2026-02-22T12:41:10.970+05:30 DEBUG 1700 --- [productService] [DiscoveryClient-CacheRefreshExecutor-0] [                                                 ] o.s.web.client.RestTemplate              : HTTP GET http://localhost:8761/eureka/apps/delta
2026-02-22T12:41:10.971+05:30 DEBUG 1700 --- [productService] [DiscoveryClient-CacheRefreshExecutor-0] [                                                 ] o.s.web.client.RestTemplate              : Accept=[application/json, application/*+json]
2026-02-22T12:41:11.198+05:30 DEBUG 1700 --- [productService] [DiscoveryClient-CacheRefreshExecutor-0] [                                                 ] o.s.web.client.RestTemplate              : Response 200 OK
2026-02-22T12:41:12.812+05:30  INFO 1700 --- [productService] [AsyncResolver-bootstrap-executor-0] [                                                 ] c.n.d.s.r.aws.ConfigClusterResolver      : Resolving eureka endpoints via configuration
2026-02-22T12:41:17.832+05:30 DEBUG 1700 --- [productService] [DiscoveryClient-CacheRefreshExecutor-0] [                                                 ] o.s.web.client.RestTemplate              : Reading to [org.springframework.cloud.netflix.eureka.http.EurekaApplications]
2026-02-22T12:41:31.218+05:30 DEBUG 1700 --- [productService] [DiscoveryClient-HeartbeatExecutor-0] [                                                 ] o.s.web.client.RestTemplate              : HTTP PUT http://localhost:8761/eureka/apps/PRODUCTSERVICE/DESKTOP-ECRRR37.mshome.net:productService:8082?status=UP&lastDirtyTimestamp=1771738546502
2026-02-22T12:41:31.219+05:30 DEBUG 1700 --- [productService] [DiscoveryClient-HeartbeatExecutor-0] [                                                 ] o.s.web.client.RestTemplate              : Accept=[application/json, application/*+json]
2026-02-22T12:41:31.258+05:30 DEBUG 1700 --- [productService] [DiscoveryClient-HeartbeatExecutor-0] [                                                 ] o.s.web.client.RestTemplate              : Response 200 OK
2026-02-22T12:41:48.365+05:30 DEBUG 1700 --- [productService] [DiscoveryClient-CacheRefreshExecutor-0] [                                                 ] o.s.web.client.RestTemplate              : HTTP GET http://localhost:8761/eureka/apps/delta
2026-02-22T12:41:48.366+05:30 DEBUG 1700 --- [productService] [DiscoveryClient-CacheRefreshExecutor-0] [                                                 ] o.s.web.client.RestTemplate              : Accept=[application/json, application/*+json]
2026-02-22T12:41:50.542+05:30 DEBUG 1700 --- [productService] [DiscoveryClient-CacheRefreshExecutor-0] [                                                 ] o.s.web.client.RestTemplate              : Response 200 OK
2026-02-22T12:41:50.543+05:30 DEBUG 1700 --- [productService] [DiscoveryClient-CacheRefreshExecutor-0] [                                                 ] o.s.web.client.RestTemplate              : Reading to [org.springframework.cloud.netflix.eureka.http.EurekaApplications]
2026-02-22T12:42:01.264+05:30 DEBUG 1700 --- [productService] [DiscoveryClient-HeartbeatExecutor-0] [                                                 ] o.s.web.client.RestTemplate              : HTTP PUT http://localhost:8761/eureka/apps/PRODUCTSERVICE/DESKTOP-ECRRR37.mshome.net:productService:8082?status=UP&lastDirtyTimestamp=1771738546502
2026-02-22T12:42:01.264+05:30 DEBUG 1700 --- [productService] [DiscoveryClient-HeartbeatExecutor-0] [                                                 ] o.s.web.client.RestTemplate              : Accept=[application/json, application/*+json]
2026-02-22T12:42:01.280+05:30 DEBUG 1700 --- [productService] [DiscoveryClient-HeartbeatExecutor-0] [                                                 ] o.s.web.client.RestTemplate              : Response 200 OK
2026-02-22T12:42:20.704+05:30 DEBUG 1700 --- [productService] [DiscoveryClient-CacheRefreshExecutor-0] [                                                 ] o.s.web.client.RestTemplate              : HTTP GET http://localhost:8761/eureka/apps/delta
2026-02-22T12:42:20.705+05:30 DEBUG 1700 --- [productService] [DiscoveryClient-CacheRefreshExecutor-0] [                                                 ] o.s.web.client.RestTemplate              : Accept=[application/json, application/*+json]
2026-02-22T12:42:20.736+05:30 DEBUG 1700 --- [productService] [DiscoveryClient-CacheRefreshExecutor-0] [                                                 ] o.s.web.client.RestTemplate              : Response 200 OK
2026-02-22T12:42:20.745+05:30 DEBUG 1700 --- [productService] [DiscoveryClient-CacheRefreshExecutor-0] [                                                 ] o.s.web.client.RestTemplate              : Reading to [org.springframework.cloud.netflix.eureka.http.EurekaApplications]
2026-02-22T12:42:31.288+05:30 DEBUG 1700 --- [productService] [DiscoveryClient-HeartbeatExecutor-0] [                                                 ] o.s.web.client.RestTemplate              : HTTP PUT http://localhost:8761/eureka/apps/PRODUCTSERVICE/DESKTOP-ECRRR37.mshome.net:productService:8082?status=UP&lastDirtyTimestamp=1771738546502
2026-02-22T12:42:31.289+05:30 DEBUG 1700 --- [productService] [DiscoveryClient-HeartbeatExecutor-0] [                                                 ] o.s.web.client.RestTemplate              : Accept=[application/json, application/*+json]
2026-02-22T12:42:31.304+05:30 DEBUG 1700 --- [productService] [DiscoveryClient-HeartbeatExecutor-0] [                                                 ] o.s.web.client.RestTemplate              : Response 200 OK
2026-02-22T12:42:31.951+05:30 DEBUG 1700 --- [productService] [AsyncReporter{org.springframework.boot.actuate.autoconfigure.tracing.zipkin.ZipkinRestTemplateSender@3516b881}] [                                                 ] o.s.web.client.RestTemplate              : HTTP POST http://localhost:9411/api/v2/spans
2026-02-22T12:42:31.990+05:30 DEBUG 1700 --- [productService] [AsyncReporter{org.springframework.boot.actuate.autoconfigure.tracing.zipkin.ZipkinRestTemplateSender@3516b881}] [                                                 ] o.s.web.client.RestTemplate              : Accept=[application/json, application/*+json]
2026-02-22T12:42:32.000+05:30 DEBUG 1700 --- [productService] [AsyncReporter{org.springframework.boot.actuate.autoconfigure.tracing.zipkin.ZipkinRestTemplateSender@3516b881}] [                                                 ] o.s.web.client.RestTemplate              : Writing [[B@7f074f4f] as "application/json"
2026-02-22T12:42:32.054+05:30 DEBUG 1700 --- [productService] [AsyncReporter{org.springframework.boot.actuate.autoconfigure.tracing.zipkin.ZipkinRestTemplateSender@3516b881}] [                                                 ] o.s.web.client.RestTemplate              : Response 202 ACCEPTED
2026-02-22T12:42:50.801+05:30 DEBUG 1700 --- [productService] [DiscoveryClient-CacheRefreshExecutor-0] [                                                 ] o.s.web.client.RestTemplate              : HTTP GET http://localhost:8761/eureka/apps/delta
2026-02-22T12:42:50.812+05:30 DEBUG 1700 --- [productService] [DiscoveryClient-CacheRefreshExecutor-0] [                                                 ] o.s.web.client.RestTemplate              : Accept=[application/json, application/*+json]
2026-02-22T12:42:50.834+05:30 DEBUG 1700 --- [productService] [DiscoveryClient-CacheRefreshExecutor-0] [                                                 ] o.s.web.client.RestTemplate              : Response 200 OK
2026-02-22T12:42:50.926+05:30 DEBUG 1700 --- [productService] [DiscoveryClient-CacheRefreshExecutor-0] [                                                 ] o.s.web.client.RestTemplate              : Reading to [org.springframework.cloud.netflix.eureka.http.EurekaApplications]
2026-02-22T12:43:01.393+05:30 DEBUG 1700 --- [productService] [DiscoveryClient-HeartbeatExecutor-0] [                                                 ] o.s.web.client.RestTemplate              : HTTP PUT http://localhost:8761/eureka/apps/PRODUCTSERVICE/DESKTOP-ECRRR37.mshome.net:productService:8082?status=UP&lastDirtyTimestamp=1771738546502
2026-02-22T12:43:01.537+05:30 DEBUG 1700 --- [productService] [DiscoveryClient-HeartbeatExecutor-0] [                                                 ] o.s.web.client.RestTemplate              : Accept=[application/json, application/*+json]
2026-02-22T12:43:01.690+05:30 DEBUG 1700 --- [productService] [DiscoveryClient-HeartbeatExecutor-0] [                                                 ] o.s.web.client.RestTemplate              : Response 200 OK
2026-02-22T12:43:20.966+05:30 DEBUG 1700 --- [productService] [DiscoveryClient-CacheRefreshExecutor-0] [                                                 ] o.s.web.client.RestTemplate              : HTTP GET http://localhost:8761/eureka/apps/delta
2026-02-22T12:43:20.966+05:30 DEBUG 1700 --- [productService] [DiscoveryClient-CacheRefreshExecutor-0] [                                                 ] o.s.web.client.RestTemplate              : Accept=[application/json, application/*+json]
2026-02-22T12:43:20.984+05:30 DEBUG 1700 --- [productService] [DiscoveryClient-CacheRefreshExecutor-0] [                                                 ] o.s.web.client.RestTemplate              : Response 200 OK
2026-02-22T12:43:20.984+05:30 DEBUG 1700 --- [productService] [DiscoveryClient-CacheRefreshExecutor-0] [                                                 ] o.s.web.client.RestTemplate              : Reading to [org.springframework.cloud.netflix.eureka.http.EurekaApplications]
2026-02-22T12:43:31.718+05:30 DEBUG 1700 --- [productService] [DiscoveryClient-HeartbeatExecutor-0] [                                                 ] o.s.web.client.RestTemplate              : HTTP PUT http://localhost:8761/eureka/apps/PRODUCTSERVICE/DESKTOP-ECRRR37.mshome.net:productService:8082?status=UP&lastDirtyTimestamp=1771738546502
2026-02-22T12:43:31.718+05:30 DEBUG 1700 --- [productService] [DiscoveryClient-HeartbeatExecutor-0] [                                                 ] o.s.web.client.RestTemplate              : Accept=[application/json, application/*+json]
2026-02-22T12:43:31.731+05:30 DEBUG 1700 --- [productService] [DiscoveryClient-HeartbeatExecutor-0] [                                                 ] o.s.web.client.RestTemplate              : Response 200 OK
2026-02-22T12:43:50.988+05:30 DEBUG 1700 --- [productService] [DiscoveryClient-CacheRefreshExecutor-0] [                                                 ] o.s.web.client.RestTemplate              : HTTP GET http://localhost:8761/eureka/apps/delta
2026-02-22T12:43:50.988+05:30 DEBUG 1700 --- [productService] [DiscoveryClient-CacheRefreshExecutor-0] [                                                 ] o.s.web.client.RestTemplate              : Accept=[application/json, application/*+json]
2026-02-22T12:43:51.009+05:30 DEBUG 1700 --- [productService] [DiscoveryClient-CacheRefreshExecutor-0] [                                                 ] o.s.web.client.RestTemplate              : Response 200 OK
2026-02-22T12:43:51.009+05:30 DEBUG 1700 --- [productService] [DiscoveryClient-CacheRefreshExecutor-0] [                                                 ] o.s.web.client.RestTemplate              : Reading to [org.springframework.cloud.netflix.eureka.http.EurekaApplications]
2026-02-22T12:44:01.745+05:30 DEBUG 1700 --- [productService] [DiscoveryClient-HeartbeatExecutor-0] [                                                 ] o.s.web.client.RestTemplate              : HTTP PUT http://localhost:8761/eureka/apps/PRODUCTSERVICE/DESKTOP-ECRRR37.mshome.net:productService:8082?status=UP&lastDirtyTimestamp=1771738546502
2026-02-22T12:44:01.751+05:30 DEBUG 1700 --- [productService] [DiscoveryClient-HeartbeatExecutor-0] [                                                 ] o.s.web.client.RestTemplate              : Accept=[application/json, application/*+json]
2026-02-22T12:44:01.764+05:30 DEBUG 1700 --- [productService] [DiscoveryClient-HeartbeatExecutor-0] [                                                 ] o.s.web.client.RestTemplate              : Response 200 OK
2026-02-22T12:44:21.012+05:30 DEBUG 1700 --- [productService] [DiscoveryClient-CacheRefreshExecutor-0] [                                                 ] o.s.web.client.RestTemplate              : HTTP GET http://localhost:8761/eureka/apps/delta
2026-02-22T12:44:21.012+05:30 DEBUG 1700 --- [productService] [DiscoveryClient-CacheRefreshExecutor-0] [                                                 ] o.s.web.client.RestTemplate              : Accept=[application/json, application/*+json]
2026-02-22T12:44:21.029+05:30 DEBUG 1700 --- [productService] [DiscoveryClient-CacheRefreshExecutor-0] [                                                 ] o.s.web.client.RestTemplate              : Response 200 OK
2026-02-22T12:44:21.029+05:30 DEBUG 1700 --- [productService] [DiscoveryClient-CacheRefreshExecutor-0] [                                                 ] o.s.web.client.RestTemplate              : Reading to [org.springframework.cloud.netflix.eureka.http.EurekaApplications]
2026-02-22T12:44:32.091+05:30 DEBUG 1700 --- [productService] [DiscoveryClient-HeartbeatExecutor-0] [                                                 ] o.s.web.client.RestTemplate              : HTTP PUT http://localhost:8761/eureka/apps/PRODUCTSERVICE/DESKTOP-ECRRR37.mshome.net:productService:8082?status=UP&lastDirtyTimestamp=1771738546502
2026-02-22T12:44:32.091+05:30 DEBUG 1700 --- [productService] [DiscoveryClient-HeartbeatExecutor-0] [                                                 ] o.s.web.client.RestTemplate              : Accept=[application/json, application/*+json]
2026-02-22T12:44:32.174+05:30 DEBUG 1700 --- [productService] [DiscoveryClient-HeartbeatExecutor-0] [                                                 ] o.s.web.client.RestTemplate              : Response 200 OK
2026-02-22T12:44:51.042+05:30 DEBUG 1700 --- [productService] [DiscoveryClient-CacheRefreshExecutor-0] [                                                 ] o.s.web.client.RestTemplate              : HTTP GET http://localhost:8761/eureka/apps/delta
2026-02-22T12:44:51.042+05:30 DEBUG 1700 --- [productService] [DiscoveryClient-CacheRefreshExecutor-0] [                                                 ] o.s.web.client.RestTemplate              : Accept=[application/json, application/*+json]
2026-02-22T12:44:51.066+05:30 DEBUG 1700 --- [productService] [DiscoveryClient-CacheRefreshExecutor-0] [                                                 ] o.s.web.client.RestTemplate              : Response 200 OK
2026-02-22T12:44:51.067+05:30 DEBUG 1700 --- [productService] [DiscoveryClient-CacheRefreshExecutor-0] [                                                 ] o.s.web.client.RestTemplate              : Reading to [org.springframework.cloud.netflix.eureka.http.EurekaApplications]
2026-02-22T12:45:02.190+05:30 DEBUG 1700 --- [productService] [DiscoveryClient-HeartbeatExecutor-0] [                                                 ] o.s.web.client.RestTemplate              : HTTP PUT http://localhost:8761/eureka/apps/PRODUCTSERVICE/DESKTOP-ECRRR37.mshome.net:productService:8082?status=UP&lastDirtyTimestamp=1771738546502
2026-02-22T12:45:02.199+05:30 DEBUG 1700 --- [productService] [DiscoveryClient-HeartbeatExecutor-0] [                                                 ] o.s.web.client.RestTemplate              : Accept=[application/json, application/*+json]
2026-02-22T12:45:02.344+05:30 DEBUG 1700 --- [productService] [DiscoveryClient-HeartbeatExecutor-0] [                                                 ] o.s.web.client.RestTemplate              : Response 200 OK
2026-02-22T12:45:21.093+05:30 DEBUG 1700 --- [productService] [DiscoveryClient-CacheRefreshExecutor-0] [                                                 ] o.s.web.client.RestTemplate              : HTTP GET http://localhost:8761/eureka/apps/delta
2026-02-22T12:45:21.094+05:30 DEBUG 1700 --- [productService] [DiscoveryClient-CacheRefreshExecutor-0] [                                                 ] o.s.web.client.RestTemplate              : Accept=[application/json, application/*+json]
2026-02-22T12:45:21.119+05:30 DEBUG 1700 --- [productService] [DiscoveryClient-CacheRefreshExecutor-0] [                                                 ] o.s.web.client.RestTemplate              : Response 200 OK
2026-02-22T12:45:21.119+05:30 DEBUG 1700 --- [productService] [DiscoveryClient-CacheRefreshExecutor-0] [                                                 ] o.s.web.client.RestTemplate              : Reading to [org.springframework.cloud.netflix.eureka.http.EurekaApplications]
2026-02-22T12:45:32.357+05:30 DEBUG 1700 --- [productService] [DiscoveryClient-HeartbeatExecutor-0] [                                                 ] o.s.web.client.RestTemplate              : HTTP PUT http://localhost:8761/eureka/apps/PRODUCTSERVICE/DESKTOP-ECRRR37.mshome.net:productService:8082?status=UP&lastDirtyTimestamp=1771738546502
2026-02-22T12:45:32.357+05:30 DEBUG 1700 --- [productService] [DiscoveryClient-HeartbeatExecutor-0] [                                                 ] o.s.web.client.RestTemplate              : Accept=[application/json, application/*+json]
2026-02-22T12:45:32.375+05:30 DEBUG 1700 --- [productService] [DiscoveryClient-HeartbeatExecutor-0] [                                                 ] o.s.web.client.RestTemplate              : Response 200 OK
2026-02-22T12:45:51.176+05:30 DEBUG 1700 --- [productService] [DiscoveryClient-CacheRefreshExecutor-0] [                                                 ] o.s.web.client.RestTemplate              : HTTP GET http://localhost:8761/eureka/apps/delta
2026-02-22T12:45:51.177+05:30 DEBUG 1700 --- [productService] [DiscoveryClient-CacheRefreshExecutor-0] [                                                 ] o.s.web.client.RestTemplate              : Accept=[application/json, application/*+json]
2026-02-22T12:45:52.057+05:30 DEBUG 1700 --- [productService] [DiscoveryClient-CacheRefreshExecutor-0] [                                                 ] o.s.web.client.RestTemplate              : Response 200 OK
2026-02-22T12:45:53.527+05:30 DEBUG 1700 --- [productService] [DiscoveryClient-CacheRefreshExecutor-0] [                                                 ] o.s.web.client.RestTemplate              : Reading to [org.springframework.cloud.netflix.eureka.http.EurekaApplications]
2026-02-22T12:46:02.531+05:30 DEBUG 1700 --- [productService] [DiscoveryClient-HeartbeatExecutor-0] [                                                 ] o.s.web.client.RestTemplate              : HTTP PUT http://localhost:8761/eureka/apps/PRODUCTSERVICE/DESKTOP-ECRRR37.mshome.net:productService:8082?status=UP&lastDirtyTimestamp=1771738546502
2026-02-22T12:46:03.268+05:30 DEBUG 1700 --- [productService] [DiscoveryClient-HeartbeatExecutor-0] [                                                 ] o.s.web.client.RestTemplate              : Accept=[application/json, application/*+json]
2026-02-22T12:46:03.281+05:30 DEBUG 1700 --- [productService] [DiscoveryClient-HeartbeatExecutor-0] [                                                 ] o.s.web.client.RestTemplate              : Response 200 OK
2026-02-22T12:46:19.046+05:30  INFO 1700 --- [productService] [AsyncResolver-bootstrap-executor-0] [                                                 ] c.n.d.s.r.aws.ConfigClusterResolver      : Resolving eureka endpoints via configuration
2026-02-22T12:46:23.974+05:30 DEBUG 1700 --- [productService] [DiscoveryClient-CacheRefreshExecutor-0] [                                                 ] o.s.web.client.RestTemplate              : HTTP GET http://localhost:8761/eureka/apps/delta
2026-02-22T12:46:23.974+05:30 DEBUG 1700 --- [productService] [DiscoveryClient-CacheRefreshExecutor-0] [                                                 ] o.s.web.client.RestTemplate              : Accept=[application/json, application/*+json]
2026-02-22T12:46:24.382+05:30 DEBUG 1700 --- [productService] [DiscoveryClient-CacheRefreshExecutor-0] [                                                 ] o.s.web.client.RestTemplate              : Response 200 OK
2026-02-22T12:46:24.382+05:30 DEBUG 1700 --- [productService] [DiscoveryClient-CacheRefreshExecutor-0] [                                                 ] o.s.web.client.RestTemplate              : Reading to [org.springframework.cloud.netflix.eureka.http.EurekaApplications]
2026-02-22T12:46:33.288+05:30 DEBUG 1700 --- [productService] [DiscoveryClient-HeartbeatExecutor-0] [                                                 ] o.s.web.client.RestTemplate              : HTTP PUT http://localhost:8761/eureka/apps/PRODUCTSERVICE/DESKTOP-ECRRR37.mshome.net:productService:8082?status=UP&lastDirtyTimestamp=1771738546502
2026-02-22T12:46:33.369+05:30 DEBUG 1700 --- [productService] [DiscoveryClient-HeartbeatExecutor-0] [                                                 ] o.s.web.client.RestTemplate              : Accept=[application/json, application/*+json]
2026-02-22T12:46:33.483+05:30 DEBUG 1700 --- [productService] [DiscoveryClient-HeartbeatExecutor-0] [                                                 ] o.s.web.client.RestTemplate              : Response 200 OK
2026-02-22T12:46:54.384+05:30 DEBUG 1700 --- [productService] [DiscoveryClient-CacheRefreshExecutor-0] [                                                 ] o.s.web.client.RestTemplate              : HTTP GET http://localhost:8761/eureka/apps/delta
2026-02-22T12:46:54.386+05:30 DEBUG 1700 --- [productService] [DiscoveryClient-CacheRefreshExecutor-0] [                                                 ] o.s.web.client.RestTemplate              : Accept=[application/json, application/*+json]
2026-02-22T12:46:54.405+05:30 DEBUG 1700 --- [productService] [DiscoveryClient-CacheRefreshExecutor-0] [                                                 ] o.s.web.client.RestTemplate              : Response 200 OK
2026-02-22T12:46:54.409+05:30 DEBUG 1700 --- [productService] [DiscoveryClient-CacheRefreshExecutor-0] [                                                 ] o.s.web.client.RestTemplate              : Reading to [org.springframework.cloud.netflix.eureka.http.EurekaApplications]
2026-02-22T12:47:03.674+05:30 DEBUG 1700 --- [productService] [DiscoveryClient-HeartbeatExecutor-0] [                                                 ] o.s.web.client.RestTemplate              : HTTP PUT http://localhost:8761/eureka/apps/PRODUCTSERVICE/DESKTOP-ECRRR37.mshome.net:productService:8082?status=UP&lastDirtyTimestamp=1771738546502
2026-02-22T12:47:03.795+05:30 DEBUG 1700 --- [productService] [DiscoveryClient-HeartbeatExecutor-0] [                                                 ] o.s.web.client.RestTemplate              : Accept=[application/json, application/*+json]
2026-02-22T12:47:04.443+05:30 DEBUG 1700 --- [productService] [DiscoveryClient-HeartbeatExecutor-0] [                                                 ] o.s.web.client.RestTemplate              : Response 200 OK
2026-02-22T12:47:24.431+05:30 DEBUG 1700 --- [productService] [DiscoveryClient-CacheRefreshExecutor-0] [                                                 ] o.s.web.client.RestTemplate              : HTTP GET http://localhost:8761/eureka/apps/delta
2026-02-22T12:47:24.432+05:30 DEBUG 1700 --- [productService] [DiscoveryClient-CacheRefreshExecutor-0] [                                                 ] o.s.web.client.RestTemplate              : Accept=[application/json, application/*+json]
2026-02-22T12:47:24.496+05:30 DEBUG 1700 --- [productService] [DiscoveryClient-CacheRefreshExecutor-0] [                                                 ] o.s.web.client.RestTemplate              : Response 200 OK
2026-02-22T12:47:24.499+05:30 DEBUG 1700 --- [productService] [DiscoveryClient-CacheRefreshExecutor-0] [                                                 ] o.s.web.client.RestTemplate              : Reading to [org.springframework.cloud.netflix.eureka.http.EurekaApplications]
2026-02-22T12:47:34.665+05:30 DEBUG 1700 --- [productService] [DiscoveryClient-HeartbeatExecutor-0] [                                                 ] o.s.web.client.RestTemplate              : HTTP PUT http://localhost:8761/eureka/apps/PRODUCTSERVICE/DESKTOP-ECRRR37.mshome.net:productService:8082?status=UP&lastDirtyTimestamp=1771738546502
2026-02-22T12:47:34.669+05:30 DEBUG 1700 --- [productService] [DiscoveryClient-HeartbeatExecutor-0] [                                                 ] o.s.web.client.RestTemplate              : Accept=[application/json, application/*+json]
2026-02-22T12:47:34.703+05:30 DEBUG 1700 --- [productService] [DiscoveryClient-HeartbeatExecutor-0] [                                                 ] o.s.web.client.RestTemplate              : Response 200 OK
2026-02-22T12:47:54.522+05:30 DEBUG 1700 --- [productService] [DiscoveryClient-CacheRefreshExecutor-0] [                                                 ] o.s.web.client.RestTemplate              : HTTP GET http://localhost:8761/eureka/apps/delta
2026-02-22T12:47:54.522+05:30 DEBUG 1700 --- [productService] [DiscoveryClient-CacheRefreshExecutor-0] [                                                 ] o.s.web.client.RestTemplate              : Accept=[application/json, application/*+json]
2026-02-22T12:47:54.538+05:30 DEBUG 1700 --- [productService] [DiscoveryClient-CacheRefreshExecutor-0] [                                                 ] o.s.web.client.RestTemplate              : Response 200 OK
2026-02-22T12:47:54.543+05:30 DEBUG 1700 --- [productService] [DiscoveryClient-CacheRefreshExecutor-0] [                                                 ] o.s.web.client.RestTemplate              : Reading to [org.springframework.cloud.netflix.eureka.http.EurekaApplications]
2026-02-22T12:48:04.709+05:30 DEBUG 1700 --- [productService] [DiscoveryClient-HeartbeatExecutor-0] [                                                 ] o.s.web.client.RestTemplate              : HTTP PUT http://localhost:8761/eureka/apps/PRODUCTSERVICE/DESKTOP-ECRRR37.mshome.net:productService:8082?status=UP&lastDirtyTimestamp=1771738546502
2026-02-22T12:48:04.929+05:30 DEBUG 1700 --- [productService] [DiscoveryClient-HeartbeatExecutor-0] [                                                 ] o.s.web.client.RestTemplate              : Accept=[application/json, application/*+json]
2026-02-22T12:48:05.024+05:30 DEBUG 1700 --- [productService] [DiscoveryClient-HeartbeatExecutor-0] [                                                 ] o.s.web.client.RestTemplate              : Response 200 OK
2026-02-22T12:48:24.633+05:30 DEBUG 1700 --- [productService] [DiscoveryClient-CacheRefreshExecutor-0] [                                                 ] o.s.web.client.RestTemplate              : HTTP GET http://localhost:8761/eureka/apps/delta
2026-02-22T12:48:24.688+05:30 DEBUG 1700 --- [productService] [DiscoveryClient-CacheRefreshExecutor-0] [                                                 ] o.s.web.client.RestTemplate              : Accept=[application/json, application/*+json]
2026-02-22T12:48:25.365+05:30 DEBUG 1700 --- [productService] [DiscoveryClient-CacheRefreshExecutor-0] [                                                 ] o.s.web.client.RestTemplate              : Response 200 OK
2026-02-22T12:48:25.366+05:30 DEBUG 1700 --- [productService] [DiscoveryClient-CacheRefreshExecutor-0] [                                                 ] o.s.web.client.RestTemplate              : Reading to [org.springframework.cloud.netflix.eureka.http.EurekaApplications]
2026-02-22T12:48:35.037+05:30 DEBUG 1700 --- [productService] [DiscoveryClient-HeartbeatExecutor-0] [                                                 ] o.s.web.client.RestTemplate              : HTTP PUT http://localhost:8761/eureka/apps/PRODUCTSERVICE/DESKTOP-ECRRR37.mshome.net:productService:8082?status=UP&lastDirtyTimestamp=1771738546502
2026-02-22T12:48:35.037+05:30 DEBUG 1700 --- [productService] [DiscoveryClient-HeartbeatExecutor-0] [                                                 ] o.s.web.client.RestTemplate              : Accept=[application/json, application/*+json]
2026-02-22T12:48:35.054+05:30 DEBUG 1700 --- [productService] [DiscoveryClient-HeartbeatExecutor-0] [                                                 ] o.s.web.client.RestTemplate              : Response 200 OK
2026-02-22T12:48:55.386+05:30 DEBUG 1700 --- [productService] [DiscoveryClient-CacheRefreshExecutor-0] [                                                 ] o.s.web.client.RestTemplate              : HTTP GET http://localhost:8761/eureka/apps/delta
2026-02-22T12:48:55.400+05:30 DEBUG 1700 --- [productService] [DiscoveryClient-CacheRefreshExecutor-0] [                                                 ] o.s.web.client.RestTemplate              : Accept=[application/json, application/*+json]
2026-02-22T12:48:55.435+05:30 DEBUG 1700 --- [productService] [DiscoveryClient-CacheRefreshExecutor-0] [                                                 ] o.s.web.client.RestTemplate              : Response 200 OK
2026-02-22T12:48:55.445+05:30 DEBUG 1700 --- [productService] [DiscoveryClient-CacheRefreshExecutor-0] [                                                 ] o.s.web.client.RestTemplate              : Reading to [org.springframework.cloud.netflix.eureka.http.EurekaApplications]
2026-02-22T12:49:05.073+05:30 DEBUG 1700 --- [productService] [DiscoveryClient-HeartbeatExecutor-0] [                                                 ] o.s.web.client.RestTemplate              : HTTP PUT http://localhost:8761/eureka/apps/PRODUCTSERVICE/DESKTOP-ECRRR37.mshome.net:productService:8082?status=UP&lastDirtyTimestamp=1771738546502
2026-02-22T12:49:05.077+05:30 DEBUG 1700 --- [productService] [DiscoveryClient-HeartbeatExecutor-0] [                                                 ] o.s.web.client.RestTemplate              : Accept=[application/json, application/*+json]
2026-02-22T12:49:05.092+05:30 DEBUG 1700 --- [productService] [DiscoveryClient-HeartbeatExecutor-0] [                                                 ] o.s.web.client.RestTemplate              : Response 200 OK
2026-02-22T12:49:25.483+05:30 DEBUG 1700 --- [productService] [DiscoveryClient-CacheRefreshExecutor-0] [                                                 ] o.s.web.client.RestTemplate              : HTTP GET http://localhost:8761/eureka/apps/delta
2026-02-22T12:49:25.484+05:30 DEBUG 1700 --- [productService] [DiscoveryClient-CacheRefreshExecutor-0] [                                                 ] o.s.web.client.RestTemplate              : Accept=[application/json, application/*+json]
2026-02-22T12:49:25.500+05:30 DEBUG 1700 --- [productService] [DiscoveryClient-CacheRefreshExecutor-0] [                                                 ] o.s.web.client.RestTemplate              : Response 200 OK
2026-02-22T12:49:25.501+05:30 DEBUG 1700 --- [productService] [DiscoveryClient-CacheRefreshExecutor-0] [                                                 ] o.s.web.client.RestTemplate              : Reading to [org.springframework.cloud.netflix.eureka.http.EurekaApplications]
2026-02-22T12:49:35.103+05:30 DEBUG 1700 --- [productService] [DiscoveryClient-HeartbeatExecutor-0] [                                                 ] o.s.web.client.RestTemplate              : HTTP PUT http://localhost:8761/eureka/apps/PRODUCTSERVICE/DESKTOP-ECRRR37.mshome.net:productService:8082?status=UP&lastDirtyTimestamp=1771738546502
2026-02-22T12:49:35.105+05:30 DEBUG 1700 --- [productService] [DiscoveryClient-HeartbeatExecutor-0] [                                                 ] o.s.web.client.RestTemplate              : Accept=[application/json, application/*+json]
2026-02-22T12:49:35.119+05:30 DEBUG 1700 --- [productService] [DiscoveryClient-HeartbeatExecutor-0] [                                                 ] o.s.web.client.RestTemplate              : Response 200 OK
2026-02-22T12:49:50.242+05:30 DEBUG 1700 --- [productService] [AsyncReporter{org.springframework.boot.actuate.autoconfigure.tracing.zipkin.ZipkinRestTemplateSender@3516b881}] [                                                 ] o.s.web.client.RestTemplate              : HTTP POST http://localhost:9411/api/v2/spans
2026-02-22T12:49:50.281+05:30 DEBUG 1700 --- [productService] [AsyncReporter{org.springframework.boot.actuate.autoconfigure.tracing.zipkin.ZipkinRestTemplateSender@3516b881}] [                                                 ] o.s.web.client.RestTemplate              : Accept=[application/json, application/*+json]
2026-02-22T12:49:50.283+05:30 DEBUG 1700 --- [productService] [AsyncReporter{org.springframework.boot.actuate.autoconfigure.tracing.zipkin.ZipkinRestTemplateSender@3516b881}] [                                                 ] o.s.web.client.RestTemplate              : Writing [[B@5f56c188] as "application/json"
2026-02-22T12:49:50.350+05:30 DEBUG 1700 --- [productService] [AsyncReporter{org.springframework.boot.actuate.autoconfigure.tracing.zipkin.ZipkinRestTemplateSender@3516b881}] [                                                 ] o.s.web.client.RestTemplate              : Response 202 ACCEPTED
2026-02-22T12:49:55.512+05:30 DEBUG 1700 --- [productService] [DiscoveryClient-CacheRefreshExecutor-0] [                                                 ] o.s.web.client.RestTemplate              : HTTP GET http://localhost:8761/eureka/apps/delta
2026-02-22T12:49:55.513+05:30 DEBUG 1700 --- [productService] [DiscoveryClient-CacheRefreshExecutor-0] [                                                 ] o.s.web.client.RestTemplate              : Accept=[application/json, application/*+json]
2026-02-22T12:49:55.530+05:30 DEBUG 1700 --- [productService] [DiscoveryClient-CacheRefreshExecutor-0] [                                                 ] o.s.web.client.RestTemplate              : Response 200 OK
2026-02-22T12:49:55.533+05:30 DEBUG 1700 --- [productService] [DiscoveryClient-CacheRefreshExecutor-0] [                                                 ] o.s.web.client.RestTemplate              : Reading to [org.springframework.cloud.netflix.eureka.http.EurekaApplications]
2026-02-22T12:50:05.136+05:30 DEBUG 1700 --- [productService] [DiscoveryClient-HeartbeatExecutor-0] [                                                 ] o.s.web.client.RestTemplate              : HTTP PUT http://localhost:8761/eureka/apps/PRODUCTSERVICE/DESKTOP-ECRRR37.mshome.net:productService:8082?status=UP&lastDirtyTimestamp=1771738546502
2026-02-22T12:50:05.138+05:30 DEBUG 1700 --- [productService] [DiscoveryClient-HeartbeatExecutor-0] [                                                 ] o.s.web.client.RestTemplate              : Accept=[application/json, application/*+json]
2026-02-22T12:50:05.163+05:30 DEBUG 1700 --- [productService] [DiscoveryClient-HeartbeatExecutor-0] [                                                 ] o.s.web.client.RestTemplate              : Response 200 OK
2026-02-22T12:50:25.561+05:30 DEBUG 1700 --- [productService] [DiscoveryClient-CacheRefreshExecutor-0] [                                                 ] o.s.web.client.RestTemplate              : HTTP GET http://localhost:8761/eureka/apps/delta
2026-02-22T12:50:25.564+05:30 DEBUG 1700 --- [productService] [DiscoveryClient-CacheRefreshExecutor-0] [                                                 ] o.s.web.client.RestTemplate              : Accept=[application/json, application/*+json]
2026-02-22T12:50:25.580+05:30 DEBUG 1700 --- [productService] [DiscoveryClient-CacheRefreshExecutor-0] [                                                 ] o.s.web.client.RestTemplate              : Response 200 OK
2026-02-22T12:50:25.582+05:30 DEBUG 1700 --- [productService] [DiscoveryClient-CacheRefreshExecutor-0] [                                                 ] o.s.web.client.RestTemplate              : Reading to [org.springframework.cloud.netflix.eureka.http.EurekaApplications]
2026-02-22T12:50:35.181+05:30 DEBUG 1700 --- [productService] [DiscoveryClient-HeartbeatExecutor-0] [                                                 ] o.s.web.client.RestTemplate              : HTTP PUT http://localhost:8761/eureka/apps/PRODUCTSERVICE/DESKTOP-ECRRR37.mshome.net:productService:8082?status=UP&lastDirtyTimestamp=1771738546502
2026-02-22T12:50:35.183+05:30 DEBUG 1700 --- [productService] [DiscoveryClient-HeartbeatExecutor-0] [                                                 ] o.s.web.client.RestTemplate              : Accept=[application/json, application/*+json]
2026-02-22T12:50:35.201+05:30 DEBUG 1700 --- [productService] [DiscoveryClient-HeartbeatExecutor-0] [                                                 ] o.s.web.client.RestTemplate              : Response 200 OK
2026-02-22T12:50:55.594+05:30 DEBUG 1700 --- [productService] [DiscoveryClient-CacheRefreshExecutor-0] [                                                 ] o.s.web.client.RestTemplate              : HTTP GET http://localhost:8761/eureka/apps/delta
2026-02-22T12:50:55.595+05:30 DEBUG 1700 --- [productService] [DiscoveryClient-CacheRefreshExecutor-0] [                                                 ] o.s.web.client.RestTemplate              : Accept=[application/json, application/*+json]
2026-02-22T12:50:55.616+05:30 DEBUG 1700 --- [productService] [DiscoveryClient-CacheRefreshExecutor-0] [                                                 ] o.s.web.client.RestTemplate              : Response 200 OK
2026-02-22T12:50:55.619+05:30 DEBUG 1700 --- [productService] [DiscoveryClient-CacheRefreshExecutor-0] [                                                 ] o.s.web.client.RestTemplate              : Reading to [org.springframework.cloud.netflix.eureka.http.EurekaApplications]
2026-02-22T12:51:05.465+05:30 DEBUG 1700 --- [productService] [DiscoveryClient-HeartbeatExecutor-0] [                                                 ] o.s.web.client.RestTemplate              : HTTP PUT http://localhost:8761/eureka/apps/PRODUCTSERVICE/DESKTOP-ECRRR37.mshome.net:productService:8082?status=UP&lastDirtyTimestamp=1771738546502
2026-02-22T12:51:05.612+05:30 DEBUG 1700 --- [productService] [DiscoveryClient-HeartbeatExecutor-0] [                                                 ] o.s.web.client.RestTemplate              : Accept=[application/json, application/*+json]
2026-02-22T12:51:05.619+05:30 DEBUG 1700 --- [productService] [DiscoveryClient-HeartbeatExecutor-0] [                                                 ] o.s.web.client.RestTemplate              : Response 200 OK
2026-02-22T12:51:21.067+05:30  INFO 1700 --- [productService] [AsyncResolver-bootstrap-executor-0] [                                                 ] c.n.d.s.r.aws.ConfigClusterResolver      : Resolving eureka endpoints via configuration
2026-02-22T12:51:25.656+05:30 DEBUG 1700 --- [productService] [DiscoveryClient-CacheRefreshExecutor-0] [                                                 ] o.s.web.client.RestTemplate              : HTTP GET http://localhost:8761/eureka/apps/delta
2026-02-22T12:51:25.656+05:30 DEBUG 1700 --- [productService] [DiscoveryClient-CacheRefreshExecutor-0] [                                                 ] o.s.web.client.RestTemplate              : Accept=[application/json, application/*+json]
2026-02-22T12:51:25.673+05:30 DEBUG 1700 --- [productService] [DiscoveryClient-CacheRefreshExecutor-0] [                                                 ] o.s.web.client.RestTemplate              : Response 200 OK
2026-02-22T12:51:25.674+05:30 DEBUG 1700 --- [productService] [DiscoveryClient-CacheRefreshExecutor-0] [                                                 ] o.s.web.client.RestTemplate              : Reading to [org.springframework.cloud.netflix.eureka.http.EurekaApplications]
2026-02-22T12:51:35.625+05:30 DEBUG 1700 --- [productService] [DiscoveryClient-HeartbeatExecutor-0] [                                                 ] o.s.web.client.RestTemplate              : HTTP PUT http://localhost:8761/eureka/apps/PRODUCTSERVICE/DESKTOP-ECRRR37.mshome.net:productService:8082?status=UP&lastDirtyTimestamp=1771738546502
2026-02-22T12:51:35.634+05:30 DEBUG 1700 --- [productService] [DiscoveryClient-HeartbeatExecutor-0] [                                                 ] o.s.web.client.RestTemplate              : Accept=[application/json, application/*+json]
2026-02-22T12:51:35.657+05:30 DEBUG 1700 --- [productService] [DiscoveryClient-HeartbeatExecutor-0] [                                                 ] o.s.web.client.RestTemplate              : Response 200 OK
2026-02-22T12:51:55.684+05:30 DEBUG 1700 --- [productService] [DiscoveryClient-CacheRefreshExecutor-0] [                                                 ] o.s.web.client.RestTemplate              : HTTP GET http://localhost:8761/eureka/apps/delta
2026-02-22T12:51:55.685+05:30 DEBUG 1700 --- [productService] [DiscoveryClient-CacheRefreshExecutor-0] [                                                 ] o.s.web.client.RestTemplate              : Accept=[application/json, application/*+json]
2026-02-22T12:51:55.700+05:30 DEBUG 1700 --- [productService] [DiscoveryClient-CacheRefreshExecutor-0] [                                                 ] o.s.web.client.RestTemplate              : Response 200 OK
2026-02-22T12:51:55.700+05:30 DEBUG 1700 --- [productService] [DiscoveryClient-CacheRefreshExecutor-0] [                                                 ] o.s.web.client.RestTemplate              : Reading to [org.springframework.cloud.netflix.eureka.http.EurekaApplications]
2026-02-22T12:52:05.703+05:30 DEBUG 1700 --- [productService] [DiscoveryClient-HeartbeatExecutor-0] [                                                 ] o.s.web.client.RestTemplate              : HTTP PUT http://localhost:8761/eureka/apps/PRODUCTSERVICE/DESKTOP-ECRRR37.mshome.net:productService:8082?status=UP&lastDirtyTimestamp=1771738546502
2026-02-22T12:52:05.703+05:30 DEBUG 1700 --- [productService] [DiscoveryClient-HeartbeatExecutor-0] [                                                 ] o.s.web.client.RestTemplate              : Accept=[application/json, application/*+json]
2026-02-22T12:52:05.717+05:30 DEBUG 1700 --- [productService] [DiscoveryClient-HeartbeatExecutor-0] [                                                 ] o.s.web.client.RestTemplate              : Response 200 OK
2026-02-22T12:52:25.714+05:30 DEBUG 1700 --- [productService] [DiscoveryClient-CacheRefreshExecutor-0] [                                                 ] o.s.web.client.RestTemplate              : HTTP GET http://localhost:8761/eureka/apps/delta
2026-02-22T12:52:25.719+05:30 DEBUG 1700 --- [productService] [DiscoveryClient-CacheRefreshExecutor-0] [                                                 ] o.s.web.client.RestTemplate              : Accept=[application/json, application/*+json]
2026-02-22T12:52:25.733+05:30 DEBUG 1700 --- [productService] [DiscoveryClient-CacheRefreshExecutor-0] [                                                 ] o.s.web.client.RestTemplate              : Response 200 OK
2026-02-22T12:52:25.733+05:30 DEBUG 1700 --- [productService] [DiscoveryClient-CacheRefreshExecutor-0] [                                                 ] o.s.web.client.RestTemplate              : Reading to [org.springframework.cloud.netflix.eureka.http.EurekaApplications]
2026-02-22T12:52:35.726+05:30 DEBUG 1700 --- [productService] [DiscoveryClient-HeartbeatExecutor-0] [                                                 ] o.s.web.client.RestTemplate              : HTTP PUT http://localhost:8761/eureka/apps/PRODUCTSERVICE/DESKTOP-ECRRR37.mshome.net:productService:8082?status=UP&lastDirtyTimestamp=1771738546502
2026-02-22T12:52:35.726+05:30 DEBUG 1700 --- [productService] [DiscoveryClient-HeartbeatExecutor-0] [                                                 ] o.s.web.client.RestTemplate              : Accept=[application/json, application/*+json]
2026-02-22T12:52:35.742+05:30 DEBUG 1700 --- [productService] [DiscoveryClient-HeartbeatExecutor-0] [                                                 ] o.s.web.client.RestTemplate              : Response 200 OK
2026-02-22T12:52:55.778+05:30 DEBUG 1700 --- [productService] [DiscoveryClient-CacheRefreshExecutor-0] [                                                 ] o.s.web.client.RestTemplate              : HTTP GET http://localhost:8761/eureka/apps/delta
2026-02-22T12:52:55.778+05:30 DEBUG 1700 --- [productService] [DiscoveryClient-CacheRefreshExecutor-0] [                                                 ] o.s.web.client.RestTemplate              : Accept=[application/json, application/*+json]
2026-02-22T12:52:55.973+05:30 DEBUG 1700 --- [productService] [DiscoveryClient-CacheRefreshExecutor-0] [                                                 ] o.s.web.client.RestTemplate              : Response 200 OK
2026-02-22T12:52:55.973+05:30 DEBUG 1700 --- [productService] [DiscoveryClient-CacheRefreshExecutor-0] [                                                 ] o.s.web.client.RestTemplate              : Reading to [org.springframework.cloud.netflix.eureka.http.EurekaApplications]
2026-02-22T12:53:05.746+05:30 DEBUG 1700 --- [productService] [DiscoveryClient-HeartbeatExecutor-0] [                                                 ] o.s.web.client.RestTemplate              : HTTP PUT http://localhost:8761/eureka/apps/PRODUCTSERVICE/DESKTOP-ECRRR37.mshome.net:productService:8082?status=UP&lastDirtyTimestamp=1771738546502
2026-02-22T12:53:05.748+05:30 DEBUG 1700 --- [productService] [DiscoveryClient-HeartbeatExecutor-0] [                                                 ] o.s.web.client.RestTemplate              : Accept=[application/json, application/*+json]
2026-02-22T12:53:05.766+05:30 DEBUG 1700 --- [productService] [DiscoveryClient-HeartbeatExecutor-0] [                                                 ] o.s.web.client.RestTemplate              : Response 200 OK
2026-02-22T12:53:26.031+05:30 DEBUG 1700 --- [productService] [DiscoveryClient-CacheRefreshExecutor-0] [                                                 ] o.s.web.client.RestTemplate              : HTTP GET http://localhost:8761/eureka/apps/delta
2026-02-22T12:53:26.068+05:30 DEBUG 1700 --- [productService] [DiscoveryClient-CacheRefreshExecutor-0] [                                                 ] o.s.web.client.RestTemplate              : Accept=[application/json, application/*+json]
2026-02-22T12:53:26.112+05:30 DEBUG 1700 --- [productService] [DiscoveryClient-CacheRefreshExecutor-0] [                                                 ] o.s.web.client.RestTemplate              : Response 200 OK
2026-02-22T12:53:26.119+05:30 DEBUG 1700 --- [productService] [DiscoveryClient-CacheRefreshExecutor-0] [                                                 ] o.s.web.client.RestTemplate              : Reading to [org.springframework.cloud.netflix.eureka.http.EurekaApplications]
2026-02-22T12:53:35.784+05:30 DEBUG 1700 --- [productService] [DiscoveryClient-HeartbeatExecutor-0] [                                                 ] o.s.web.client.RestTemplate              : HTTP PUT http://localhost:8761/eureka/apps/PRODUCTSERVICE/DESKTOP-ECRRR37.mshome.net:productService:8082?status=UP&lastDirtyTimestamp=1771738546502
2026-02-22T12:53:35.784+05:30 DEBUG 1700 --- [productService] [DiscoveryClient-HeartbeatExecutor-0] [                                                 ] o.s.web.client.RestTemplate              : Accept=[application/json, application/*+json]
2026-02-22T12:53:35.804+05:30 DEBUG 1700 --- [productService] [DiscoveryClient-HeartbeatExecutor-0] [                                                 ] o.s.web.client.RestTemplate              : Response 200 OK
2026-02-22T12:53:56.354+05:30 DEBUG 1700 --- [productService] [DiscoveryClient-CacheRefreshExecutor-0] [                                                 ] o.s.web.client.RestTemplate              : HTTP GET http://localhost:8761/eureka/apps/delta
2026-02-22T12:53:56.602+05:30 DEBUG 1700 --- [productService] [DiscoveryClient-CacheRefreshExecutor-0] [                                                 ] o.s.web.client.RestTemplate              : Accept=[application/json, application/*+json]
2026-02-22T12:53:57.002+05:30 DEBUG 1700 --- [productService] [DiscoveryClient-CacheRefreshExecutor-0] [                                                 ] o.s.web.client.RestTemplate              : Response 200 OK
2026-02-22T12:53:57.008+05:30 DEBUG 1700 --- [productService] [DiscoveryClient-CacheRefreshExecutor-0] [                                                 ] o.s.web.client.RestTemplate              : Reading to [org.springframework.cloud.netflix.eureka.http.EurekaApplications]
2026-02-22T12:54:05.816+05:30 DEBUG 1700 --- [productService] [DiscoveryClient-HeartbeatExecutor-0] [                                                 ] o.s.web.client.RestTemplate              : HTTP PUT http://localhost:8761/eureka/apps/PRODUCTSERVICE/DESKTOP-ECRRR37.mshome.net:productService:8082?status=UP&lastDirtyTimestamp=1771738546502
2026-02-22T12:54:05.822+05:30 DEBUG 1700 --- [productService] [DiscoveryClient-HeartbeatExecutor-0] [                                                 ] o.s.web.client.RestTemplate              : Accept=[application/json, application/*+json]
2026-02-22T12:54:05.837+05:30 DEBUG 1700 --- [productService] [DiscoveryClient-HeartbeatExecutor-0] [                                                 ] o.s.web.client.RestTemplate              : Response 200 OK
2026-02-22T12:54:27.319+05:30 DEBUG 1700 --- [productService] [DiscoveryClient-CacheRefreshExecutor-0] [                                                 ] o.s.web.client.RestTemplate              : HTTP GET http://localhost:8761/eureka/apps/delta
2026-02-22T12:54:27.423+05:30 DEBUG 1700 --- [productService] [DiscoveryClient-CacheRefreshExecutor-0] [                                                 ] o.s.web.client.RestTemplate              : Accept=[application/json, application/*+json]
2026-02-22T12:54:27.490+05:30 DEBUG 1700 --- [productService] [DiscoveryClient-CacheRefreshExecutor-0] [                                                 ] o.s.web.client.RestTemplate              : Response 200 OK
2026-02-22T12:54:27.491+05:30 DEBUG 1700 --- [productService] [DiscoveryClient-CacheRefreshExecutor-0] [                                                 ] o.s.web.client.RestTemplate              : Reading to [org.springframework.cloud.netflix.eureka.http.EurekaApplications]
2026-02-22T12:54:36.145+05:30 DEBUG 1700 --- [productService] [DiscoveryClient-HeartbeatExecutor-0] [                                                 ] o.s.web.client.RestTemplate              : HTTP PUT http://localhost:8761/eureka/apps/PRODUCTSERVICE/DESKTOP-ECRRR37.mshome.net:productService:8082?status=UP&lastDirtyTimestamp=1771738546502
2026-02-22T12:54:36.146+05:30 DEBUG 1700 --- [productService] [DiscoveryClient-HeartbeatExecutor-0] [                                                 ] o.s.web.client.RestTemplate              : Accept=[application/json, application/*+json]
2026-02-22T12:54:36.200+05:30 DEBUG 1700 --- [productService] [DiscoveryClient-HeartbeatExecutor-0] [                                                 ] o.s.web.client.RestTemplate              : Response 200 OK
2026-02-22T12:54:57.550+05:30 DEBUG 1700 --- [productService] [DiscoveryClient-CacheRefreshExecutor-0] [                                                 ] o.s.web.client.RestTemplate              : HTTP GET http://localhost:8761/eureka/apps/delta
2026-02-22T12:54:57.565+05:30 DEBUG 1700 --- [productService] [DiscoveryClient-CacheRefreshExecutor-0] [                                                 ] o.s.web.client.RestTemplate              : Accept=[application/json, application/*+json]
2026-02-22T12:54:57.633+05:30 DEBUG 1700 --- [productService] [DiscoveryClient-CacheRefreshExecutor-0] [                                                 ] o.s.web.client.RestTemplate              : Response 200 OK
2026-02-22T12:54:57.650+05:30 DEBUG 1700 --- [productService] [DiscoveryClient-CacheRefreshExecutor-0] [                                                 ] o.s.web.client.RestTemplate              : Reading to [org.springframework.cloud.netflix.eureka.http.EurekaApplications]
2026-02-22T12:55:06.210+05:30 DEBUG 1700 --- [productService] [DiscoveryClient-HeartbeatExecutor-0] [                                                 ] o.s.web.client.RestTemplate              : HTTP PUT http://localhost:8761/eureka/apps/PRODUCTSERVICE/DESKTOP-ECRRR37.mshome.net:productService:8082?status=UP&lastDirtyTimestamp=1771738546502
2026-02-22T12:55:06.237+05:30 DEBUG 1700 --- [productService] [DiscoveryClient-HeartbeatExecutor-0] [                                                 ] o.s.web.client.RestTemplate              : Accept=[application/json, application/*+json]
2026-02-22T12:55:06.262+05:30 DEBUG 1700 --- [productService] [DiscoveryClient-HeartbeatExecutor-0] [                                                 ] o.s.web.client.RestTemplate              : Response 200 OK
2026-02-22T12:55:27.694+05:30 DEBUG 1700 --- [productService] [DiscoveryClient-CacheRefreshExecutor-0] [                                                 ] o.s.web.client.RestTemplate              : HTTP GET http://localhost:8761/eureka/apps/delta
2026-02-22T12:55:27.697+05:30 DEBUG 1700 --- [productService] [DiscoveryClient-CacheRefreshExecutor-0] [                                                 ] o.s.web.client.RestTemplate              : Accept=[application/json, application/*+json]
2026-02-22T12:55:27.714+05:30 DEBUG 1700 --- [productService] [DiscoveryClient-CacheRefreshExecutor-0] [                                                 ] o.s.web.client.RestTemplate              : Response 200 OK
2026-02-22T12:55:27.716+05:30 DEBUG 1700 --- [productService] [DiscoveryClient-CacheRefreshExecutor-0] [                                                 ] o.s.web.client.RestTemplate              : Reading to [org.springframework.cloud.netflix.eureka.http.EurekaApplications]
2026-02-22T12:55:36.269+05:30 DEBUG 1700 --- [productService] [DiscoveryClient-HeartbeatExecutor-0] [                                                 ] o.s.web.client.RestTemplate              : HTTP PUT http://localhost:8761/eureka/apps/PRODUCTSERVICE/DESKTOP-ECRRR37.mshome.net:productService:8082?status=UP&lastDirtyTimestamp=1771738546502
2026-02-22T12:55:36.270+05:30 DEBUG 1700 --- [productService] [DiscoveryClient-HeartbeatExecutor-0] [                                                 ] o.s.web.client.RestTemplate              : Accept=[application/json, application/*+json]
2026-02-22T12:55:36.288+05:30 DEBUG 1700 --- [productService] [DiscoveryClient-HeartbeatExecutor-0] [                                                 ] o.s.web.client.RestTemplate              : Response 200 OK
2026-02-22T12:55:57.834+05:30 DEBUG 1700 --- [productService] [DiscoveryClient-CacheRefreshExecutor-0] [                                                 ] o.s.web.client.RestTemplate              : HTTP GET http://localhost:8761/eureka/apps/delta
2026-02-22T12:55:57.834+05:30 DEBUG 1700 --- [productService] [DiscoveryClient-CacheRefreshExecutor-0] [                                                 ] o.s.web.client.RestTemplate              : Accept=[application/json, application/*+json]
2026-02-22T12:55:57.944+05:30 DEBUG 1700 --- [productService] [DiscoveryClient-CacheRefreshExecutor-0] [                                                 ] o.s.web.client.RestTemplate              : Response 200 OK
2026-02-22T12:55:58.321+05:30 DEBUG 1700 --- [productService] [DiscoveryClient-CacheRefreshExecutor-0] [                                                 ] o.s.web.client.RestTemplate              : Reading to [org.springframework.cloud.netflix.eureka.http.EurekaApplications]
2026-02-22T12:56:06.291+05:30 DEBUG 1700 --- [productService] [DiscoveryClient-HeartbeatExecutor-0] [                                                 ] o.s.web.client.RestTemplate              : HTTP PUT http://localhost:8761/eureka/apps/PRODUCTSERVICE/DESKTOP-ECRRR37.mshome.net:productService:8082?status=UP&lastDirtyTimestamp=1771738546502
2026-02-22T12:56:06.296+05:30 DEBUG 1700 --- [productService] [DiscoveryClient-HeartbeatExecutor-0] [                                                 ] o.s.web.client.RestTemplate              : Accept=[application/json, application/*+json]
2026-02-22T12:56:06.311+05:30 DEBUG 1700 --- [productService] [DiscoveryClient-HeartbeatExecutor-0] [                                                 ] o.s.web.client.RestTemplate              : Response 200 OK
2026-02-22T12:56:22.971+05:30  INFO 1700 --- [productService] [AsyncResolver-bootstrap-executor-0] [                                                 ] c.n.d.s.r.aws.ConfigClusterResolver      : Resolving eureka endpoints via configuration
2026-02-22T12:56:28.746+05:30 DEBUG 1700 --- [productService] [DiscoveryClient-CacheRefreshExecutor-0] [                                                 ] o.s.web.client.RestTemplate              : HTTP GET http://localhost:8761/eureka/apps/delta
2026-02-22T12:56:28.823+05:30 DEBUG 1700 --- [productService] [DiscoveryClient-CacheRefreshExecutor-0] [                                                 ] o.s.web.client.RestTemplate              : Accept=[application/json, application/*+json]
2026-02-22T12:56:28.988+05:30 DEBUG 1700 --- [productService] [DiscoveryClient-CacheRefreshExecutor-0] [                                                 ] o.s.web.client.RestTemplate              : Response 200 OK
2026-02-22T12:56:29.990+05:30 DEBUG 1700 --- [productService] [DiscoveryClient-CacheRefreshExecutor-0] [                                                 ] o.s.web.client.RestTemplate              : Reading to [org.springframework.cloud.netflix.eureka.http.EurekaApplications]
2026-02-22T12:56:36.370+05:30 DEBUG 1700 --- [productService] [DiscoveryClient-HeartbeatExecutor-0] [                                                 ] o.s.web.client.RestTemplate              : HTTP PUT http://localhost:8761/eureka/apps/PRODUCTSERVICE/DESKTOP-ECRRR37.mshome.net:productService:8082?status=UP&lastDirtyTimestamp=1771738546502
2026-02-22T12:56:36.371+05:30 DEBUG 1700 --- [productService] [DiscoveryClient-HeartbeatExecutor-0] [                                                 ] o.s.web.client.RestTemplate              : Accept=[application/json, application/*+json]
2026-02-22T12:56:36.386+05:30 DEBUG 1700 --- [productService] [DiscoveryClient-HeartbeatExecutor-0] [                                                 ] o.s.web.client.RestTemplate              : Response 200 OK
2026-02-22T12:57:01.390+05:30 DEBUG 1700 --- [productService] [DiscoveryClient-CacheRefreshExecutor-0] [                                                 ] o.s.web.client.RestTemplate              : HTTP GET http://localhost:8761/eureka/apps/delta
2026-02-22T12:57:01.392+05:30 DEBUG 1700 --- [productService] [DiscoveryClient-CacheRefreshExecutor-0] [                                                 ] o.s.web.client.RestTemplate              : Accept=[application/json, application/*+json]
2026-02-22T12:57:01.414+05:30 DEBUG 1700 --- [productService] [DiscoveryClient-CacheRefreshExecutor-0] [                                                 ] o.s.web.client.RestTemplate              : Response 200 OK
2026-02-22T12:57:01.415+05:30 DEBUG 1700 --- [productService] [DiscoveryClient-CacheRefreshExecutor-0] [                                                 ] o.s.web.client.RestTemplate              : Reading to [org.springframework.cloud.netflix.eureka.http.EurekaApplications]
2026-02-22T12:57:06.401+05:30 DEBUG 1700 --- [productService] [DiscoveryClient-HeartbeatExecutor-0] [                                                 ] o.s.web.client.RestTemplate              : HTTP PUT http://localhost:8761/eureka/apps/PRODUCTSERVICE/DESKTOP-ECRRR37.mshome.net:productService:8082?status=UP&lastDirtyTimestamp=1771738546502
2026-02-22T12:57:06.454+05:30 DEBUG 1700 --- [productService] [DiscoveryClient-HeartbeatExecutor-0] [                                                 ] o.s.web.client.RestTemplate              : Accept=[application/json, application/*+json]
2026-02-22T12:57:06.497+05:30 DEBUG 1700 --- [productService] [DiscoveryClient-HeartbeatExecutor-0] [                                                 ] o.s.web.client.RestTemplate              : Response 200 OK
2026-02-22T12:57:31.434+05:30 DEBUG 1700 --- [productService] [DiscoveryClient-CacheRefreshExecutor-0] [                                                 ] o.s.web.client.RestTemplate              : HTTP GET http://localhost:8761/eureka/apps/delta
2026-02-22T12:57:31.436+05:30 DEBUG 1700 --- [productService] [DiscoveryClient-CacheRefreshExecutor-0] [                                                 ] o.s.web.client.RestTemplate              : Accept=[application/json, application/*+json]
2026-02-22T12:57:31.454+05:30 DEBUG 1700 --- [productService] [DiscoveryClient-CacheRefreshExecutor-0] [                                                 ] o.s.web.client.RestTemplate              : Response 200 OK
2026-02-22T12:57:31.455+05:30 DEBUG 1700 --- [productService] [DiscoveryClient-CacheRefreshExecutor-0] [                                                 ] o.s.web.client.RestTemplate              : Reading to [org.springframework.cloud.netflix.eureka.http.EurekaApplications]
2026-02-22T12:57:36.517+05:30 DEBUG 1700 --- [productService] [DiscoveryClient-HeartbeatExecutor-0] [                                                 ] o.s.web.client.RestTemplate              : HTTP PUT http://localhost:8761/eureka/apps/PRODUCTSERVICE/DESKTOP-ECRRR37.mshome.net:productService:8082?status=UP&lastDirtyTimestamp=1771738546502
2026-02-22T12:57:36.518+05:30 DEBUG 1700 --- [productService] [DiscoveryClient-HeartbeatExecutor-0] [                                                 ] o.s.web.client.RestTemplate              : Accept=[application/json, application/*+json]
2026-02-22T12:57:36.539+05:30 DEBUG 1700 --- [productService] [DiscoveryClient-HeartbeatExecutor-0] [                                                 ] o.s.web.client.RestTemplate              : Response 200 OK
2026-02-22T12:58:02.319+05:30 DEBUG 1700 --- [productService] [DiscoveryClient-CacheRefreshExecutor-0] [                                                 ] o.s.web.client.RestTemplate              : HTTP GET http://localhost:8761/eureka/apps/delta
2026-02-22T12:58:02.803+05:30 DEBUG 1700 --- [productService] [DiscoveryClient-CacheRefreshExecutor-0] [                                                 ] o.s.web.client.RestTemplate              : Accept=[application/json, application/*+json]
2026-02-22T12:58:02.819+05:30 DEBUG 1700 --- [productService] [DiscoveryClient-CacheRefreshExecutor-0] [                                                 ] o.s.web.client.RestTemplate              : Response 200 OK
2026-02-22T12:58:02.826+05:30 DEBUG 1700 --- [productService] [DiscoveryClient-CacheRefreshExecutor-0] [                                                 ] o.s.web.client.RestTemplate              : Reading to [org.springframework.cloud.netflix.eureka.http.EurekaApplications]
2026-02-22T12:58:06.558+05:30 DEBUG 1700 --- [productService] [DiscoveryClient-HeartbeatExecutor-0] [                                                 ] o.s.web.client.RestTemplate              : HTTP PUT http://localhost:8761/eureka/apps/PRODUCTSERVICE/DESKTOP-ECRRR37.mshome.net:productService:8082?status=UP&lastDirtyTimestamp=1771738546502
2026-02-22T12:58:06.562+05:30 DEBUG 1700 --- [productService] [DiscoveryClient-HeartbeatExecutor-0] [                                                 ] o.s.web.client.RestTemplate              : Accept=[application/json, application/*+json]
2026-02-22T12:58:06.575+05:30 DEBUG 1700 --- [productService] [DiscoveryClient-HeartbeatExecutor-0] [                                                 ] o.s.web.client.RestTemplate              : Response 200 OK
2026-02-22T12:58:32.851+05:30 DEBUG 1700 --- [productService] [DiscoveryClient-CacheRefreshExecutor-0] [                                                 ] o.s.web.client.RestTemplate              : HTTP GET http://localhost:8761/eureka/apps/delta
2026-02-22T12:58:32.854+05:30 DEBUG 1700 --- [productService] [DiscoveryClient-CacheRefreshExecutor-0] [                                                 ] o.s.web.client.RestTemplate              : Accept=[application/json, application/*+json]
2026-02-22T12:58:32.867+05:30 DEBUG 1700 --- [productService] [DiscoveryClient-CacheRefreshExecutor-0] [                                                 ] o.s.web.client.RestTemplate              : Response 200 OK
2026-02-22T12:58:32.869+05:30 DEBUG 1700 --- [productService] [DiscoveryClient-CacheRefreshExecutor-0] [                                                 ] o.s.web.client.RestTemplate              : Reading to [org.springframework.cloud.netflix.eureka.http.EurekaApplications]
2026-02-22T12:58:36.616+05:30 DEBUG 1700 --- [productService] [DiscoveryClient-HeartbeatExecutor-0] [                                                 ] o.s.web.client.RestTemplate              : HTTP PUT http://localhost:8761/eureka/apps/PRODUCTSERVICE/DESKTOP-ECRRR37.mshome.net:productService:8082?status=UP&lastDirtyTimestamp=1771738546502
2026-02-22T12:58:36.618+05:30 DEBUG 1700 --- [productService] [DiscoveryClient-HeartbeatExecutor-0] [                                                 ] o.s.web.client.RestTemplate              : Accept=[application/json, application/*+json]
2026-02-22T12:58:36.643+05:30 DEBUG 1700 --- [productService] [DiscoveryClient-HeartbeatExecutor-0] [                                                 ] o.s.web.client.RestTemplate              : Response 200 OK
2026-02-22T12:59:02.888+05:30 DEBUG 1700 --- [productService] [DiscoveryClient-CacheRefreshExecutor-0] [                                                 ] o.s.web.client.RestTemplate              : HTTP GET http://localhost:8761/eureka/apps/delta
2026-02-22T12:59:02.889+05:30 DEBUG 1700 --- [productService] [DiscoveryClient-CacheRefreshExecutor-0] [                                                 ] o.s.web.client.RestTemplate              : Accept=[application/json, application/*+json]
2026-02-22T12:59:02.906+05:30 DEBUG 1700 --- [productService] [DiscoveryClient-CacheRefreshExecutor-0] [                                                 ] o.s.web.client.RestTemplate              : Response 200 OK
2026-02-22T12:59:02.906+05:30 DEBUG 1700 --- [productService] [DiscoveryClient-CacheRefreshExecutor-0] [                                                 ] o.s.web.client.RestTemplate              : Reading to [org.springframework.cloud.netflix.eureka.http.EurekaApplications]
2026-02-22T12:59:06.659+05:30 DEBUG 1700 --- [productService] [DiscoveryClient-HeartbeatExecutor-0] [                                                 ] o.s.web.client.RestTemplate              : HTTP PUT http://localhost:8761/eureka/apps/PRODUCTSERVICE/DESKTOP-ECRRR37.mshome.net:productService:8082?status=UP&lastDirtyTimestamp=1771738546502
2026-02-22T12:59:06.662+05:30 DEBUG 1700 --- [productService] [DiscoveryClient-HeartbeatExecutor-0] [                                                 ] o.s.web.client.RestTemplate              : Accept=[application/json, application/*+json]
2026-02-22T12:59:06.688+05:30 DEBUG 1700 --- [productService] [DiscoveryClient-HeartbeatExecutor-0] [                                                 ] o.s.web.client.RestTemplate              : Response 200 OK
2026-02-22T12:59:32.921+05:30 DEBUG 1700 --- [productService] [DiscoveryClient-CacheRefreshExecutor-0] [                                                 ] o.s.web.client.RestTemplate              : HTTP GET http://localhost:8761/eureka/apps/delta
2026-02-22T12:59:32.922+05:30 DEBUG 1700 --- [productService] [DiscoveryClient-CacheRefreshExecutor-0] [                                                 ] o.s.web.client.RestTemplate              : Accept=[application/json, application/*+json]
2026-02-22T12:59:33.475+05:30 DEBUG 1700 --- [productService] [DiscoveryClient-CacheRefreshExecutor-0] [                                                 ] o.s.web.client.RestTemplate              : Response 200 OK
2026-02-22T12:59:33.477+05:30 DEBUG 1700 --- [productService] [DiscoveryClient-CacheRefreshExecutor-0] [                                                 ] o.s.web.client.RestTemplate              : Reading to [org.springframework.cloud.netflix.eureka.http.EurekaApplications]
2026-02-22T12:59:37.489+05:30 DEBUG 1700 --- [productService] [DiscoveryClient-HeartbeatExecutor-0] [                                                 ] o.s.web.client.RestTemplate              : HTTP PUT http://localhost:8761/eureka/apps/PRODUCTSERVICE/DESKTOP-ECRRR37.mshome.net:productService:8082?status=UP&lastDirtyTimestamp=1771738546502
2026-02-22T12:59:37.490+05:30 DEBUG 1700 --- [productService] [DiscoveryClient-HeartbeatExecutor-0] [                                                 ] o.s.web.client.RestTemplate              : Accept=[application/json, application/*+json]
2026-02-22T12:59:38.130+05:30 DEBUG 1700 --- [productService] [DiscoveryClient-HeartbeatExecutor-0] [                                                 ] o.s.web.client.RestTemplate              : Response 200 OK
2026-02-22T13:00:03.676+05:30 DEBUG 1700 --- [productService] [DiscoveryClient-CacheRefreshExecutor-0] [                                                 ] o.s.web.client.RestTemplate              : HTTP GET http://localhost:8761/eureka/apps/delta
2026-02-22T13:00:03.679+05:30 DEBUG 1700 --- [productService] [DiscoveryClient-CacheRefreshExecutor-0] [                                                 ] o.s.web.client.RestTemplate              : Accept=[application/json, application/*+json]
2026-02-22T13:00:03.692+05:30 DEBUG 1700 --- [productService] [DiscoveryClient-CacheRefreshExecutor-0] [                                                 ] o.s.web.client.RestTemplate              : Response 200 OK
2026-02-22T13:00:03.692+05:30 DEBUG 1700 --- [productService] [DiscoveryClient-CacheRefreshExecutor-0] [                                                 ] o.s.web.client.RestTemplate              : Reading to [org.springframework.cloud.netflix.eureka.http.EurekaApplications]
2026-02-22T13:00:08.372+05:30 DEBUG 1700 --- [productService] [DiscoveryClient-HeartbeatExecutor-0] [                                                 ] o.s.web.client.RestTemplate              : HTTP PUT http://localhost:8761/eureka/apps/PRODUCTSERVICE/DESKTOP-ECRRR37.mshome.net:productService:8082?status=UP&lastDirtyTimestamp=1771738546502
2026-02-22T13:00:08.374+05:30 DEBUG 1700 --- [productService] [DiscoveryClient-HeartbeatExecutor-0] [                                                 ] o.s.web.client.RestTemplate              : Accept=[application/json, application/*+json]
2026-02-22T13:00:08.394+05:30 DEBUG 1700 --- [productService] [DiscoveryClient-HeartbeatExecutor-0] [                                                 ] o.s.web.client.RestTemplate              : Response 200 OK
2026-02-22T13:00:33.728+05:30 DEBUG 1700 --- [productService] [DiscoveryClient-CacheRefreshExecutor-0] [                                                 ] o.s.web.client.RestTemplate              : HTTP GET http://localhost:8761/eureka/apps/delta
2026-02-22T13:00:33.731+05:30 DEBUG 1700 --- [productService] [DiscoveryClient-CacheRefreshExecutor-0] [                                                 ] o.s.web.client.RestTemplate              : Accept=[application/json, application/*+json]
2026-02-22T13:00:33.756+05:30 DEBUG 1700 --- [productService] [DiscoveryClient-CacheRefreshExecutor-0] [                                                 ] o.s.web.client.RestTemplate              : Response 200 OK
2026-02-22T13:00:33.756+05:30 DEBUG 1700 --- [productService] [DiscoveryClient-CacheRefreshExecutor-0] [                                                 ] o.s.web.client.RestTemplate              : Reading to [org.springframework.cloud.netflix.eureka.http.EurekaApplications]
2026-02-22T13:00:38.451+05:30 DEBUG 1700 --- [productService] [DiscoveryClient-HeartbeatExecutor-0] [                                                 ] o.s.web.client.RestTemplate              : HTTP PUT http://localhost:8761/eureka/apps/PRODUCTSERVICE/DESKTOP-ECRRR37.mshome.net:productService:8082?status=UP&lastDirtyTimestamp=1771738546502
2026-02-22T13:00:38.567+05:30 DEBUG 1700 --- [productService] [DiscoveryClient-HeartbeatExecutor-0] [                                                 ] o.s.web.client.RestTemplate              : Accept=[application/json, application/*+json]
2026-02-22T13:00:38.711+05:30 DEBUG 1700 --- [productService] [DiscoveryClient-HeartbeatExecutor-0] [                                                 ] o.s.web.client.RestTemplate              : Response 200 OK
2026-02-22T13:01:03.774+05:30 DEBUG 1700 --- [productService] [DiscoveryClient-CacheRefreshExecutor-0] [                                                 ] o.s.web.client.RestTemplate              : HTTP GET http://localhost:8761/eureka/apps/delta
2026-02-22T13:01:03.774+05:30 DEBUG 1700 --- [productService] [DiscoveryClient-CacheRefreshExecutor-0] [                                                 ] o.s.web.client.RestTemplate              : Accept=[application/json, application/*+json]
2026-02-22T13:01:03.791+05:30 DEBUG 1700 --- [productService] [DiscoveryClient-CacheRefreshExecutor-0] [                                                 ] o.s.web.client.RestTemplate              : Response 200 OK
2026-02-22T13:01:03.791+05:30 DEBUG 1700 --- [productService] [DiscoveryClient-CacheRefreshExecutor-0] [                                                 ] o.s.web.client.RestTemplate              : Reading to [org.springframework.cloud.netflix.eureka.http.EurekaApplications]
2026-02-22T13:01:08.727+05:30 DEBUG 1700 --- [productService] [DiscoveryClient-HeartbeatExecutor-0] [                                                 ] o.s.web.client.RestTemplate              : HTTP PUT http://localhost:8761/eureka/apps/PRODUCTSERVICE/DESKTOP-ECRRR37.mshome.net:productService:8082?status=UP&lastDirtyTimestamp=1771738546502
2026-02-22T13:01:08.728+05:30 DEBUG 1700 --- [productService] [DiscoveryClient-HeartbeatExecutor-0] [                                                 ] o.s.web.client.RestTemplate              : Accept=[application/json, application/*+json]
2026-02-22T13:01:08.744+05:30 DEBUG 1700 --- [productService] [DiscoveryClient-HeartbeatExecutor-0] [                                                 ] o.s.web.client.RestTemplate              : Response 200 OK
2026-02-22T13:01:25.434+05:30  INFO 1700 --- [productService] [AsyncResolver-bootstrap-executor-0] [                                                 ] c.n.d.s.r.aws.ConfigClusterResolver      : Resolving eureka endpoints via configuration
2026-02-22T13:01:33.851+05:30 DEBUG 1700 --- [productService] [DiscoveryClient-CacheRefreshExecutor-0] [                                                 ] o.s.web.client.RestTemplate              : HTTP GET http://localhost:8761/eureka/apps/delta
2026-02-22T13:01:33.852+05:30 DEBUG 1700 --- [productService] [DiscoveryClient-CacheRefreshExecutor-0] [                                                 ] o.s.web.client.RestTemplate              : Accept=[application/json, application/*+json]
2026-02-22T13:01:33.867+05:30 DEBUG 1700 --- [productService] [DiscoveryClient-CacheRefreshExecutor-0] [                                                 ] o.s.web.client.RestTemplate              : Response 200 OK
2026-02-22T13:01:33.869+05:30 DEBUG 1700 --- [productService] [DiscoveryClient-CacheRefreshExecutor-0] [                                                 ] o.s.web.client.RestTemplate              : Reading to [org.springframework.cloud.netflix.eureka.http.EurekaApplications]
2026-02-22T13:01:38.752+05:30 DEBUG 1700 --- [productService] [DiscoveryClient-HeartbeatExecutor-0] [                                                 ] o.s.web.client.RestTemplate              : HTTP PUT http://localhost:8761/eureka/apps/PRODUCTSERVICE/DESKTOP-ECRRR37.mshome.net:productService:8082?status=UP&lastDirtyTimestamp=1771738546502
2026-02-22T13:01:38.755+05:30 DEBUG 1700 --- [productService] [DiscoveryClient-HeartbeatExecutor-0] [                                                 ] o.s.web.client.RestTemplate              : Accept=[application/json, application/*+json]
2026-02-22T13:01:38.769+05:30 DEBUG 1700 --- [productService] [DiscoveryClient-HeartbeatExecutor-0] [                                                 ] o.s.web.client.RestTemplate              : Response 200 OK
2026-02-22T13:02:04.019+05:30 DEBUG 1700 --- [productService] [DiscoveryClient-CacheRefreshExecutor-0] [                                                 ] o.s.web.client.RestTemplate              : HTTP GET http://localhost:8761/eureka/apps/delta
2026-02-22T13:02:04.370+05:30 DEBUG 1700 --- [productService] [DiscoveryClient-CacheRefreshExecutor-0] [                                                 ] o.s.web.client.RestTemplate              : Accept=[application/json, application/*+json]
2026-02-22T13:02:04.955+05:30 DEBUG 1700 --- [productService] [DiscoveryClient-CacheRefreshExecutor-0] [                                                 ] o.s.web.client.RestTemplate              : Response 200 OK
2026-02-22T13:02:05.292+05:30 DEBUG 1700 --- [productService] [DiscoveryClient-CacheRefreshExecutor-0] [                                                 ] o.s.web.client.RestTemplate              : Reading to [org.springframework.cloud.netflix.eureka.http.EurekaApplications]
2026-02-22T13:02:08.845+05:30 DEBUG 1700 --- [productService] [DiscoveryClient-HeartbeatExecutor-0] [                                                 ] o.s.web.client.RestTemplate              : HTTP PUT http://localhost:8761/eureka/apps/PRODUCTSERVICE/DESKTOP-ECRRR37.mshome.net:productService:8082?status=UP&lastDirtyTimestamp=1771738546502
2026-02-22T13:02:08.942+05:30 DEBUG 1700 --- [productService] [DiscoveryClient-HeartbeatExecutor-0] [                                                 ] o.s.web.client.RestTemplate              : Accept=[application/json, application/*+json]
2026-02-22T13:02:09.361+05:30 DEBUG 1700 --- [productService] [DiscoveryClient-HeartbeatExecutor-0] [                                                 ] o.s.web.client.RestTemplate              : Response 200 OK
2026-02-22T13:02:35.784+05:30 DEBUG 1700 --- [productService] [DiscoveryClient-CacheRefreshExecutor-0] [                                                 ] o.s.web.client.RestTemplate              : HTTP GET http://localhost:8761/eureka/apps/delta
2026-02-22T13:02:35.784+05:30 DEBUG 1700 --- [productService] [DiscoveryClient-CacheRefreshExecutor-0] [                                                 ] o.s.web.client.RestTemplate              : Accept=[application/json, application/*+json]
2026-02-22T13:02:37.123+05:30 DEBUG 1700 --- [productService] [DiscoveryClient-CacheRefreshExecutor-0] [                                                 ] o.s.web.client.RestTemplate              : Response 200 OK
2026-02-22T13:02:37.426+05:30 DEBUG 1700 --- [productService] [DiscoveryClient-CacheRefreshExecutor-0] [                                                 ] o.s.web.client.RestTemplate              : Reading to [org.springframework.cloud.netflix.eureka.http.EurekaApplications]
2026-02-22T13:02:39.366+05:30 DEBUG 1700 --- [productService] [DiscoveryClient-HeartbeatExecutor-0] [                                                 ] o.s.web.client.RestTemplate              : HTTP PUT http://localhost:8761/eureka/apps/PRODUCTSERVICE/DESKTOP-ECRRR37.mshome.net:productService:8082?status=UP&lastDirtyTimestamp=1771738546502
2026-02-22T13:02:39.966+05:30 DEBUG 1700 --- [productService] [DiscoveryClient-HeartbeatExecutor-0] [                                                 ] o.s.web.client.RestTemplate              : Accept=[application/json, application/*+json]
2026-02-22T13:02:42.528+05:30 DEBUG 1700 --- [productService] [DiscoveryClient-HeartbeatExecutor-0] [                                                 ] o.s.web.client.RestTemplate              : Response 200 OK
2026-02-22T13:03:08.019+05:30 DEBUG 1700 --- [productService] [DiscoveryClient-CacheRefreshExecutor-0] [                                                 ] o.s.web.client.RestTemplate              : HTTP GET http://localhost:8761/eureka/apps/delta
2026-02-22T13:03:08.353+05:30 DEBUG 1700 --- [productService] [DiscoveryClient-CacheRefreshExecutor-0] [                                                 ] o.s.web.client.RestTemplate              : Accept=[application/json, application/*+json]
2026-02-22T13:03:12.807+05:30 DEBUG 1700 --- [productService] [DiscoveryClient-HeartbeatExecutor-0] [                                                 ] o.s.web.client.RestTemplate              : HTTP PUT http://localhost:8761/eureka/apps/PRODUCTSERVICE/DESKTOP-ECRRR37.mshome.net:productService:8082?status=UP&lastDirtyTimestamp=1771738546502
2026-02-22T13:03:13.022+05:30 DEBUG 1700 --- [productService] [DiscoveryClient-HeartbeatExecutor-0] [                                                 ] o.s.web.client.RestTemplate              : Accept=[application/json, application/*+json]
2026-02-22T13:03:12.438+05:30 DEBUG 1700 --- [productService] [DiscoveryClient-CacheRefreshExecutor-0] [                                                 ] o.s.web.client.RestTemplate              : Response 200 OK
2026-02-22T13:03:13.271+05:30 DEBUG 1700 --- [productService] [DiscoveryClient-CacheRefreshExecutor-0] [                                                 ] o.s.web.client.RestTemplate              : Reading to [org.springframework.cloud.netflix.eureka.http.EurekaApplications]
2026-02-22T13:03:14.493+05:30 DEBUG 1700 --- [productService] [DiscoveryClient-HeartbeatExecutor-0] [                                                 ] o.s.web.client.RestTemplate              : Response 200 OK
2026-02-22T13:03:44.160+05:30 DEBUG 1700 --- [productService] [DiscoveryClient-CacheRefreshExecutor-0] [                                                 ] o.s.web.client.RestTemplate              : HTTP GET http://localhost:8761/eureka/apps/delta
2026-02-22T13:03:44.162+05:30 DEBUG 1700 --- [productService] [DiscoveryClient-CacheRefreshExecutor-0] [                                                 ] o.s.web.client.RestTemplate              : Accept=[application/json, application/*+json]
2026-02-22T13:03:44.178+05:30 DEBUG 1700 --- [productService] [DiscoveryClient-CacheRefreshExecutor-0] [                                                 ] o.s.web.client.RestTemplate              : Response 200 OK
2026-02-22T13:03:44.179+05:30 DEBUG 1700 --- [productService] [DiscoveryClient-CacheRefreshExecutor-0] [                                                 ] o.s.web.client.RestTemplate              : Reading to [org.springframework.cloud.netflix.eureka.http.EurekaApplications]
2026-02-22T13:03:44.502+05:30 DEBUG 1700 --- [productService] [DiscoveryClient-HeartbeatExecutor-0] [                                                 ] o.s.web.client.RestTemplate              : HTTP PUT http://localhost:8761/eureka/apps/PRODUCTSERVICE/DESKTOP-ECRRR37.mshome.net:productService:8082?status=UP&lastDirtyTimestamp=1771738546502
2026-02-22T13:03:44.503+05:30 DEBUG 1700 --- [productService] [DiscoveryClient-HeartbeatExecutor-0] [                                                 ] o.s.web.client.RestTemplate              : Accept=[application/json, application/*+json]
2026-02-22T13:03:44.509+05:30 DEBUG 1700 --- [productService] [DiscoveryClient-HeartbeatExecutor-0] [                                                 ] o.s.web.client.RestTemplate              : Response 200 OK
2026-02-22T13:04:14.188+05:30 DEBUG 1700 --- [productService] [DiscoveryClient-CacheRefreshExecutor-0] [                                                 ] o.s.web.client.RestTemplate              : HTTP GET http://localhost:8761/eureka/apps/delta
2026-02-22T13:04:14.193+05:30 DEBUG 1700 --- [productService] [DiscoveryClient-CacheRefreshExecutor-0] [                                                 ] o.s.web.client.RestTemplate              : Accept=[application/json, application/*+json]
2026-02-22T13:04:14.204+05:30 DEBUG 1700 --- [productService] [DiscoveryClient-CacheRefreshExecutor-0] [                                                 ] o.s.web.client.RestTemplate              : Response 200 OK
2026-02-22T13:04:14.205+05:30 DEBUG 1700 --- [productService] [DiscoveryClient-CacheRefreshExecutor-0] [                                                 ] o.s.web.client.RestTemplate              : Reading to [org.springframework.cloud.netflix.eureka.http.EurekaApplications]
2026-02-22T13:04:14.513+05:30 DEBUG 1700 --- [productService] [DiscoveryClient-HeartbeatExecutor-0] [                                                 ] o.s.web.client.RestTemplate              : HTTP PUT http://localhost:8761/eureka/apps/PRODUCTSERVICE/DESKTOP-ECRRR37.mshome.net:productService:8082?status=UP&lastDirtyTimestamp=1771738546502
2026-02-22T13:04:14.514+05:30 DEBUG 1700 --- [productService] [DiscoveryClient-HeartbeatExecutor-0] [                                                 ] o.s.web.client.RestTemplate              : Accept=[application/json, application/*+json]
2026-02-22T13:04:14.518+05:30 DEBUG 1700 --- [productService] [DiscoveryClient-HeartbeatExecutor-0] [                                                 ] o.s.web.client.RestTemplate              : Response 200 OK
2026-02-22T13:04:44.212+05:30 DEBUG 1700 --- [productService] [DiscoveryClient-CacheRefreshExecutor-0] [                                                 ] o.s.web.client.RestTemplate              : HTTP GET http://localhost:8761/eureka/apps/delta
2026-02-22T13:04:44.212+05:30 DEBUG 1700 --- [productService] [DiscoveryClient-CacheRefreshExecutor-0] [                                                 ] o.s.web.client.RestTemplate              : Accept=[application/json, application/*+json]
2026-02-22T13:04:44.229+05:30 DEBUG 1700 --- [productService] [DiscoveryClient-CacheRefreshExecutor-0] [                                                 ] o.s.web.client.RestTemplate              : Response 200 OK
2026-02-22T13:04:44.230+05:30 DEBUG 1700 --- [productService] [DiscoveryClient-CacheRefreshExecutor-0] [                                                 ] o.s.web.client.RestTemplate              : Reading to [org.springframework.cloud.netflix.eureka.http.EurekaApplications]
2026-02-22T13:04:44.524+05:30 DEBUG 1700 --- [productService] [DiscoveryClient-HeartbeatExecutor-0] [                                                 ] o.s.web.client.RestTemplate              : HTTP PUT http://localhost:8761/eureka/apps/PRODUCTSERVICE/DESKTOP-ECRRR37.mshome.net:productService:8082?status=UP&lastDirtyTimestamp=1771738546502
2026-02-22T13:04:44.526+05:30 DEBUG 1700 --- [productService] [DiscoveryClient-HeartbeatExecutor-0] [                                                 ] o.s.web.client.RestTemplate              : Accept=[application/json, application/*+json]
2026-02-22T13:04:44.528+05:30 DEBUG 1700 --- [productService] [DiscoveryClient-HeartbeatExecutor-0] [                                                 ] o.s.web.client.RestTemplate              : Response 200 OK
2026-02-22T13:05:14.247+05:30 DEBUG 1700 --- [productService] [DiscoveryClient-CacheRefreshExecutor-0] [                                                 ] o.s.web.client.RestTemplate              : HTTP GET http://localhost:8761/eureka/apps/delta
2026-02-22T13:05:14.247+05:30 DEBUG 1700 --- [productService] [DiscoveryClient-CacheRefreshExecutor-0] [                                                 ] o.s.web.client.RestTemplate              : Accept=[application/json, application/*+json]
2026-02-22T13:05:14.264+05:30 DEBUG 1700 --- [productService] [DiscoveryClient-CacheRefreshExecutor-0] [                                                 ] o.s.web.client.RestTemplate              : Response 200 OK
2026-02-22T13:05:14.265+05:30 DEBUG 1700 --- [productService] [DiscoveryClient-CacheRefreshExecutor-0] [                                                 ] o.s.web.client.RestTemplate              : Reading to [org.springframework.cloud.netflix.eureka.http.EurekaApplications]
2026-02-22T13:05:14.543+05:30 DEBUG 1700 --- [productService] [DiscoveryClient-HeartbeatExecutor-0] [                                                 ] o.s.web.client.RestTemplate              : HTTP PUT http://localhost:8761/eureka/apps/PRODUCTSERVICE/DESKTOP-ECRRR37.mshome.net:productService:8082?status=UP&lastDirtyTimestamp=1771738546502
2026-02-22T13:05:14.544+05:30 DEBUG 1700 --- [productService] [DiscoveryClient-HeartbeatExecutor-0] [                                                 ] o.s.web.client.RestTemplate              : Accept=[application/json, application/*+json]
2026-02-22T13:05:14.546+05:30 DEBUG 1700 --- [productService] [DiscoveryClient-HeartbeatExecutor-0] [                                                 ] o.s.web.client.RestTemplate              : Response 200 OK
2026-02-22T13:05:44.270+05:30 DEBUG 1700 --- [productService] [DiscoveryClient-CacheRefreshExecutor-0] [                                                 ] o.s.web.client.RestTemplate              : HTTP GET http://localhost:8761/eureka/apps/delta
2026-02-22T13:05:44.270+05:30 DEBUG 1700 --- [productService] [DiscoveryClient-CacheRefreshExecutor-0] [                                                 ] o.s.web.client.RestTemplate              : Accept=[application/json, application/*+json]
2026-02-22T13:05:44.287+05:30 DEBUG 1700 --- [productService] [DiscoveryClient-CacheRefreshExecutor-0] [                                                 ] o.s.web.client.RestTemplate              : Response 200 OK
2026-02-22T13:05:44.288+05:30 DEBUG 1700 --- [productService] [DiscoveryClient-CacheRefreshExecutor-0] [                                                 ] o.s.web.client.RestTemplate              : Reading to [org.springframework.cloud.netflix.eureka.http.EurekaApplications]
2026-02-22T13:05:44.549+05:30 DEBUG 1700 --- [productService] [DiscoveryClient-HeartbeatExecutor-0] [                                                 ] o.s.web.client.RestTemplate              : HTTP PUT http://localhost:8761/eureka/apps/PRODUCTSERVICE/DESKTOP-ECRRR37.mshome.net:productService:8082?status=UP&lastDirtyTimestamp=1771738546502
2026-02-22T13:05:44.550+05:30 DEBUG 1700 --- [productService] [DiscoveryClient-HeartbeatExecutor-0] [                                                 ] o.s.web.client.RestTemplate              : Accept=[application/json, application/*+json]
2026-02-22T13:05:44.553+05:30 DEBUG 1700 --- [productService] [DiscoveryClient-HeartbeatExecutor-0] [                                                 ] o.s.web.client.RestTemplate              : Response 200 OK
2026-02-22T13:06:14.308+05:30 DEBUG 1700 --- [productService] [DiscoveryClient-CacheRefreshExecutor-0] [                                                 ] o.s.web.client.RestTemplate              : HTTP GET http://localhost:8761/eureka/apps/delta
2026-02-22T13:06:14.316+05:30 DEBUG 1700 --- [productService] [DiscoveryClient-CacheRefreshExecutor-0] [                                                 ] o.s.web.client.RestTemplate              : Accept=[application/json, application/*+json]
2026-02-22T13:06:14.344+05:30 DEBUG 1700 --- [productService] [DiscoveryClient-CacheRefreshExecutor-0] [                                                 ] o.s.web.client.RestTemplate              : Response 200 OK
2026-02-22T13:06:14.355+05:30 DEBUG 1700 --- [productService] [DiscoveryClient-CacheRefreshExecutor-0] [                                                 ] o.s.web.client.RestTemplate              : Reading to [org.springframework.cloud.netflix.eureka.http.EurekaApplications]
2026-02-22T13:06:14.627+05:30 DEBUG 1700 --- [productService] [DiscoveryClient-HeartbeatExecutor-0] [                                                 ] o.s.web.client.RestTemplate              : HTTP PUT http://localhost:8761/eureka/apps/PRODUCTSERVICE/DESKTOP-ECRRR37.mshome.net:productService:8082?status=UP&lastDirtyTimestamp=1771738546502
2026-02-22T13:06:14.641+05:30 DEBUG 1700 --- [productService] [DiscoveryClient-HeartbeatExecutor-0] [                                                 ] o.s.web.client.RestTemplate              : Accept=[application/json, application/*+json]
2026-02-22T13:06:14.692+05:30 DEBUG 1700 --- [productService] [DiscoveryClient-HeartbeatExecutor-0] [                                                 ] o.s.web.client.RestTemplate              : Response 200 OK
2026-02-22T13:06:25.614+05:30  INFO 1700 --- [productService] [AsyncResolver-bootstrap-executor-0] [                                                 ] c.n.d.s.r.aws.ConfigClusterResolver      : Resolving eureka endpoints via configuration
2026-02-22T13:06:36.373+05:30 DEBUG 1700 --- [productService] [AsyncReporter{org.springframework.boot.actuate.autoconfigure.tracing.zipkin.ZipkinRestTemplateSender@3516b881}] [                                                 ] o.s.web.client.RestTemplate              : HTTP POST http://localhost:9411/api/v2/spans
2026-02-22T13:06:36.401+05:30 DEBUG 1700 --- [productService] [AsyncReporter{org.springframework.boot.actuate.autoconfigure.tracing.zipkin.ZipkinRestTemplateSender@3516b881}] [                                                 ] o.s.web.client.RestTemplate              : Accept=[application/json, application/*+json]
2026-02-22T13:06:36.404+05:30 DEBUG 1700 --- [productService] [AsyncReporter{org.springframework.boot.actuate.autoconfigure.tracing.zipkin.ZipkinRestTemplateSender@3516b881}] [                                                 ] o.s.web.client.RestTemplate              : Writing [[B@1553df4c] as "application/json"
2026-02-22T13:06:36.501+05:30 DEBUG 1700 --- [productService] [AsyncReporter{org.springframework.boot.actuate.autoconfigure.tracing.zipkin.ZipkinRestTemplateSender@3516b881}] [                                                 ] o.s.web.client.RestTemplate              : Response 202 ACCEPTED
2026-02-22T13:06:44.373+05:30 DEBUG 1700 --- [productService] [DiscoveryClient-CacheRefreshExecutor-0] [                                                 ] o.s.web.client.RestTemplate              : HTTP GET http://localhost:8761/eureka/apps/delta
2026-02-22T13:06:44.373+05:30 DEBUG 1700 --- [productService] [DiscoveryClient-CacheRefreshExecutor-0] [                                                 ] o.s.web.client.RestTemplate              : Accept=[application/json, application/*+json]
2026-02-22T13:06:44.391+05:30 DEBUG 1700 --- [productService] [DiscoveryClient-CacheRefreshExecutor-0] [                                                 ] o.s.web.client.RestTemplate              : Response 200 OK
2026-02-22T13:06:44.393+05:30 DEBUG 1700 --- [productService] [DiscoveryClient-CacheRefreshExecutor-0] [                                                 ] o.s.web.client.RestTemplate              : Reading to [org.springframework.cloud.netflix.eureka.http.EurekaApplications]
2026-02-22T13:06:44.712+05:30 DEBUG 1700 --- [productService] [DiscoveryClient-HeartbeatExecutor-0] [                                                 ] o.s.web.client.RestTemplate              : HTTP PUT http://localhost:8761/eureka/apps/PRODUCTSERVICE/DESKTOP-ECRRR37.mshome.net:productService:8082?status=UP&lastDirtyTimestamp=1771738546502
2026-02-22T13:06:44.713+05:30 DEBUG 1700 --- [productService] [DiscoveryClient-HeartbeatExecutor-0] [                                                 ] o.s.web.client.RestTemplate              : Accept=[application/json, application/*+json]
2026-02-22T13:06:44.715+05:30 DEBUG 1700 --- [productService] [DiscoveryClient-HeartbeatExecutor-0] [                                                 ] o.s.web.client.RestTemplate              : Response 200 OK
2026-02-22T13:07:14.406+05:30 DEBUG 1700 --- [productService] [DiscoveryClient-CacheRefreshExecutor-0] [                                                 ] o.s.web.client.RestTemplate              : HTTP GET http://localhost:8761/eureka/apps/delta
2026-02-22T13:07:14.413+05:30 DEBUG 1700 --- [productService] [DiscoveryClient-CacheRefreshExecutor-0] [                                                 ] o.s.web.client.RestTemplate              : Accept=[application/json, application/*+json]
2026-02-22T13:07:14.438+05:30 DEBUG 1700 --- [productService] [DiscoveryClient-CacheRefreshExecutor-0] [                                                 ] o.s.web.client.RestTemplate              : Response 200 OK
2026-02-22T13:07:14.445+05:30 DEBUG 1700 --- [productService] [DiscoveryClient-CacheRefreshExecutor-0] [                                                 ] o.s.web.client.RestTemplate              : Reading to [org.springframework.cloud.netflix.eureka.http.EurekaApplications]
2026-02-22T13:07:14.729+05:30 DEBUG 1700 --- [productService] [DiscoveryClient-HeartbeatExecutor-0] [                                                 ] o.s.web.client.RestTemplate              : HTTP PUT http://localhost:8761/eureka/apps/PRODUCTSERVICE/DESKTOP-ECRRR37.mshome.net:productService:8082?status=UP&lastDirtyTimestamp=1771738546502
2026-02-22T13:07:14.729+05:30 DEBUG 1700 --- [productService] [DiscoveryClient-HeartbeatExecutor-0] [                                                 ] o.s.web.client.RestTemplate              : Accept=[application/json, application/*+json]
2026-02-22T13:07:14.738+05:30 DEBUG 1700 --- [productService] [DiscoveryClient-HeartbeatExecutor-0] [                                                 ] o.s.web.client.RestTemplate              : Response 200 OK
2026-02-22T13:07:44.484+05:30 DEBUG 1700 --- [productService] [DiscoveryClient-CacheRefreshExecutor-0] [                                                 ] o.s.web.client.RestTemplate              : HTTP GET http://localhost:8761/eureka/apps/delta
2026-02-22T13:07:44.488+05:30 DEBUG 1700 --- [productService] [DiscoveryClient-CacheRefreshExecutor-0] [                                                 ] o.s.web.client.RestTemplate              : Accept=[application/json, application/*+json]
2026-02-22T13:07:44.515+05:30 DEBUG 1700 --- [productService] [DiscoveryClient-CacheRefreshExecutor-0] [                                                 ] o.s.web.client.RestTemplate              : Response 200 OK
2026-02-22T13:07:44.518+05:30 DEBUG 1700 --- [productService] [DiscoveryClient-CacheRefreshExecutor-0] [                                                 ] o.s.web.client.RestTemplate              : Reading to [org.springframework.cloud.netflix.eureka.http.EurekaApplications]
2026-02-22T13:07:44.742+05:30 DEBUG 1700 --- [productService] [DiscoveryClient-HeartbeatExecutor-0] [                                                 ] o.s.web.client.RestTemplate              : HTTP PUT http://localhost:8761/eureka/apps/PRODUCTSERVICE/DESKTOP-ECRRR37.mshome.net:productService:8082?status=UP&lastDirtyTimestamp=1771738546502
2026-02-22T13:07:44.743+05:30 DEBUG 1700 --- [productService] [DiscoveryClient-HeartbeatExecutor-0] [                                                 ] o.s.web.client.RestTemplate              : Accept=[application/json, application/*+json]
2026-02-22T13:07:44.752+05:30 DEBUG 1700 --- [productService] [DiscoveryClient-HeartbeatExecutor-0] [                                                 ] o.s.web.client.RestTemplate              : Response 200 OK
2026-02-22T13:08:14.545+05:30 DEBUG 1700 --- [productService] [DiscoveryClient-CacheRefreshExecutor-0] [                                                 ] o.s.web.client.RestTemplate              : HTTP GET http://localhost:8761/eureka/apps/delta
2026-02-22T13:08:14.546+05:30 DEBUG 1700 --- [productService] [DiscoveryClient-CacheRefreshExecutor-0] [                                                 ] o.s.web.client.RestTemplate              : Accept=[application/json, application/*+json]
2026-02-22T13:08:14.563+05:30 DEBUG 1700 --- [productService] [DiscoveryClient-CacheRefreshExecutor-0] [                                                 ] o.s.web.client.RestTemplate              : Response 200 OK
2026-02-22T13:08:14.563+05:30 DEBUG 1700 --- [productService] [DiscoveryClient-CacheRefreshExecutor-0] [                                                 ] o.s.web.client.RestTemplate              : Reading to [org.springframework.cloud.netflix.eureka.http.EurekaApplications]
2026-02-22T13:08:14.850+05:30 DEBUG 1700 --- [productService] [DiscoveryClient-HeartbeatExecutor-0] [                                                 ] o.s.web.client.RestTemplate              : HTTP PUT http://localhost:8761/eureka/apps/PRODUCTSERVICE/DESKTOP-ECRRR37.mshome.net:productService:8082?status=UP&lastDirtyTimestamp=1771738546502
2026-02-22T13:08:14.852+05:30 DEBUG 1700 --- [productService] [DiscoveryClient-HeartbeatExecutor-0] [                                                 ] o.s.web.client.RestTemplate              : Accept=[application/json, application/*+json]
2026-02-22T13:08:14.855+05:30 DEBUG 1700 --- [productService] [DiscoveryClient-HeartbeatExecutor-0] [                                                 ] o.s.web.client.RestTemplate              : Response 200 OK
2026-02-22T13:08:44.572+05:30 DEBUG 1700 --- [productService] [DiscoveryClient-CacheRefreshExecutor-0] [                                                 ] o.s.web.client.RestTemplate              : HTTP GET http://localhost:8761/eureka/apps/delta
2026-02-22T13:08:44.572+05:30 DEBUG 1700 --- [productService] [DiscoveryClient-CacheRefreshExecutor-0] [                                                 ] o.s.web.client.RestTemplate              : Accept=[application/json, application/*+json]
2026-02-22T13:08:44.588+05:30 DEBUG 1700 --- [productService] [DiscoveryClient-CacheRefreshExecutor-0] [                                                 ] o.s.web.client.RestTemplate              : Response 200 OK
2026-02-22T13:08:44.624+05:30 DEBUG 1700 --- [productService] [DiscoveryClient-CacheRefreshExecutor-0] [                                                 ] o.s.web.client.RestTemplate              : Reading to [org.springframework.cloud.netflix.eureka.http.EurekaApplications]
2026-02-22T13:08:44.867+05:30 DEBUG 1700 --- [productService] [DiscoveryClient-HeartbeatExecutor-0] [                                                 ] o.s.web.client.RestTemplate              : HTTP PUT http://localhost:8761/eureka/apps/PRODUCTSERVICE/DESKTOP-ECRRR37.mshome.net:productService:8082?status=UP&lastDirtyTimestamp=1771738546502
2026-02-22T13:08:44.868+05:30 DEBUG 1700 --- [productService] [DiscoveryClient-HeartbeatExecutor-0] [                                                 ] o.s.web.client.RestTemplate              : Accept=[application/json, application/*+json]
2026-02-22T13:08:44.871+05:30 DEBUG 1700 --- [productService] [DiscoveryClient-HeartbeatExecutor-0] [                                                 ] o.s.web.client.RestTemplate              : Response 200 OK
2026-02-22T13:09:14.873+05:30 DEBUG 1700 --- [productService] [DiscoveryClient-HeartbeatExecutor-0] [                                                 ] o.s.web.client.RestTemplate              : HTTP PUT http://localhost:8761/eureka/apps/PRODUCTSERVICE/DESKTOP-ECRRR37.mshome.net:productService:8082?status=UP&lastDirtyTimestamp=1771738546502
2026-02-22T13:09:14.874+05:30 DEBUG 1700 --- [productService] [DiscoveryClient-HeartbeatExecutor-0] [                                                 ] o.s.web.client.RestTemplate              : Accept=[application/json, application/*+json]
2026-02-22T13:09:14.890+05:30 DEBUG 1700 --- [productService] [DiscoveryClient-HeartbeatExecutor-0] [                                                 ] o.s.web.client.RestTemplate              : Response 200 OK
2026-02-22T13:09:14.964+05:30 DEBUG 1700 --- [productService] [DiscoveryClient-CacheRefreshExecutor-0] [                                                 ] o.s.web.client.RestTemplate              : HTTP GET http://localhost:8761/eureka/apps/delta
2026-02-22T13:09:15.058+05:30 DEBUG 1700 --- [productService] [DiscoveryClient-CacheRefreshExecutor-0] [                                                 ] o.s.web.client.RestTemplate              : Accept=[application/json, application/*+json]
2026-02-22T13:09:15.061+05:30 DEBUG 1700 --- [productService] [DiscoveryClient-CacheRefreshExecutor-0] [                                                 ] o.s.web.client.RestTemplate              : Response 200 OK
2026-02-22T13:09:15.062+05:30 DEBUG 1700 --- [productService] [DiscoveryClient-CacheRefreshExecutor-0] [                                                 ] o.s.web.client.RestTemplate              : Reading to [org.springframework.cloud.netflix.eureka.http.EurekaApplications]
2026-02-22T13:09:44.894+05:30 DEBUG 1700 --- [productService] [DiscoveryClient-HeartbeatExecutor-0] [                                                 ] o.s.web.client.RestTemplate              : HTTP PUT http://localhost:8761/eureka/apps/PRODUCTSERVICE/DESKTOP-ECRRR37.mshome.net:productService:8082?status=UP&lastDirtyTimestamp=1771738546502
2026-02-22T13:09:44.895+05:30 DEBUG 1700 --- [productService] [DiscoveryClient-HeartbeatExecutor-0] [                                                 ] o.s.web.client.RestTemplate              : Accept=[application/json, application/*+json]
2026-02-22T13:09:44.912+05:30 DEBUG 1700 --- [productService] [DiscoveryClient-HeartbeatExecutor-0] [                                                 ] o.s.web.client.RestTemplate              : Response 200 OK
2026-02-22T13:09:45.080+05:30 DEBUG 1700 --- [productService] [DiscoveryClient-CacheRefreshExecutor-0] [                                                 ] o.s.web.client.RestTemplate              : HTTP GET http://localhost:8761/eureka/apps/delta
2026-02-22T13:09:45.080+05:30 DEBUG 1700 --- [productService] [DiscoveryClient-CacheRefreshExecutor-0] [                                                 ] o.s.web.client.RestTemplate              : Accept=[application/json, application/*+json]
2026-02-22T13:09:45.084+05:30 DEBUG 1700 --- [productService] [DiscoveryClient-CacheRefreshExecutor-0] [                                                 ] o.s.web.client.RestTemplate              : Response 200 OK
2026-02-22T13:09:45.085+05:30 DEBUG 1700 --- [productService] [DiscoveryClient-CacheRefreshExecutor-0] [                                                 ] o.s.web.client.RestTemplate              : Reading to [org.springframework.cloud.netflix.eureka.http.EurekaApplications]
2026-02-22T13:10:14.995+05:30 DEBUG 1700 --- [productService] [DiscoveryClient-HeartbeatExecutor-0] [                                                 ] o.s.web.client.RestTemplate              : HTTP PUT http://localhost:8761/eureka/apps/PRODUCTSERVICE/DESKTOP-ECRRR37.mshome.net:productService:8082?status=UP&lastDirtyTimestamp=1771738546502
2026-02-22T13:10:15.031+05:30 DEBUG 1700 --- [productService] [DiscoveryClient-HeartbeatExecutor-0] [                                                 ] o.s.web.client.RestTemplate              : Accept=[application/json, application/*+json]
2026-02-22T13:10:15.101+05:30 DEBUG 1700 --- [productService] [DiscoveryClient-CacheRefreshExecutor-0] [                                                 ] o.s.web.client.RestTemplate              : HTTP GET http://localhost:8761/eureka/apps/delta
2026-02-22T13:10:15.101+05:30 DEBUG 1700 --- [productService] [DiscoveryClient-CacheRefreshExecutor-0] [                                                 ] o.s.web.client.RestTemplate              : Accept=[application/json, application/*+json]
2026-02-22T13:10:15.624+05:30 DEBUG 1700 --- [productService] [DiscoveryClient-HeartbeatExecutor-0] [                                                 ] o.s.web.client.RestTemplate              : Response 200 OK
2026-02-22T13:10:15.931+05:30 DEBUG 1700 --- [productService] [DiscoveryClient-CacheRefreshExecutor-0] [                                                 ] o.s.web.client.RestTemplate              : Response 200 OK
2026-02-22T13:10:15.939+05:30 DEBUG 1700 --- [productService] [DiscoveryClient-CacheRefreshExecutor-0] [                                                 ] o.s.web.client.RestTemplate              : Reading to [org.springframework.cloud.netflix.eureka.http.EurekaApplications]
2026-02-22T13:10:45.712+05:30 DEBUG 1700 --- [productService] [DiscoveryClient-HeartbeatExecutor-0] [                                                 ] o.s.web.client.RestTemplate              : HTTP PUT http://localhost:8761/eureka/apps/PRODUCTSERVICE/DESKTOP-ECRRR37.mshome.net:productService:8082?status=UP&lastDirtyTimestamp=1771738546502
2026-02-22T13:10:45.740+05:30 DEBUG 1700 --- [productService] [DiscoveryClient-HeartbeatExecutor-0] [                                                 ] o.s.web.client.RestTemplate              : Accept=[application/json, application/*+json]
2026-02-22T13:10:45.846+05:30 DEBUG 1700 --- [productService] [DiscoveryClient-HeartbeatExecutor-0] [                                                 ] o.s.web.client.RestTemplate              : Response 200 OK
2026-02-22T13:10:46.015+05:30 DEBUG 1700 --- [productService] [DiscoveryClient-CacheRefreshExecutor-0] [                                                 ] o.s.web.client.RestTemplate              : HTTP GET http://localhost:8761/eureka/apps/delta
2026-02-22T13:10:46.026+05:30 DEBUG 1700 --- [productService] [DiscoveryClient-CacheRefreshExecutor-0] [                                                 ] o.s.web.client.RestTemplate              : Accept=[application/json, application/*+json]
2026-02-22T13:10:46.049+05:30 DEBUG 1700 --- [productService] [DiscoveryClient-CacheRefreshExecutor-0] [                                                 ] o.s.web.client.RestTemplate              : Response 200 OK
2026-02-22T13:10:46.059+05:30 DEBUG 1700 --- [productService] [DiscoveryClient-CacheRefreshExecutor-0] [                                                 ] o.s.web.client.RestTemplate              : Reading to [org.springframework.cloud.netflix.eureka.http.EurekaApplications]
2026-02-22T13:11:16.263+05:30 DEBUG 1700 --- [productService] [DiscoveryClient-CacheRefreshExecutor-0] [                                                 ] o.s.web.client.RestTemplate              : HTTP GET http://localhost:8761/eureka/apps/delta
2026-02-22T13:11:17.360+05:30 DEBUG 1700 --- [productService] [DiscoveryClient-CacheRefreshExecutor-0] [                                                 ] o.s.web.client.RestTemplate              : Accept=[application/json, application/*+json]
2026-02-22T13:11:16.104+05:30 DEBUG 1700 --- [productService] [DiscoveryClient-HeartbeatExecutor-0] [                                                 ] o.s.web.client.RestTemplate              : HTTP PUT http://localhost:8761/eureka/apps/PRODUCTSERVICE/DESKTOP-ECRRR37.mshome.net:productService:8082?status=UP&lastDirtyTimestamp=1771738546502
2026-02-22T13:11:17.893+05:30 DEBUG 1700 --- [productService] [DiscoveryClient-CacheRefreshExecutor-0] [                                                 ] o.s.web.client.RestTemplate              : Response 200 OK
2026-02-22T13:11:18.282+05:30 DEBUG 1700 --- [productService] [DiscoveryClient-CacheRefreshExecutor-0] [                                                 ] o.s.web.client.RestTemplate              : Reading to [org.springframework.cloud.netflix.eureka.http.EurekaApplications]
2026-02-22T13:11:18.282+05:30 DEBUG 1700 --- [productService] [DiscoveryClient-HeartbeatExecutor-0] [                                                 ] o.s.web.client.RestTemplate              : Accept=[application/json, application/*+json]
2026-02-22T13:11:19.581+05:30 DEBUG 1700 --- [productService] [DiscoveryClient-HeartbeatExecutor-0] [                                                 ] o.s.web.client.RestTemplate              : Response 200 OK
2026-02-22T13:11:28.917+05:30  INFO 1700 --- [productService] [AsyncResolver-bootstrap-executor-0] [                                                 ] c.n.d.s.r.aws.ConfigClusterResolver      : Resolving eureka endpoints via configuration
2026-02-22T13:11:48.827+05:30 DEBUG 1700 --- [productService] [DiscoveryClient-CacheRefreshExecutor-0] [                                                 ] o.s.web.client.RestTemplate              : HTTP GET http://localhost:8761/eureka/apps/delta
2026-02-22T13:11:48.829+05:30 DEBUG 1700 --- [productService] [DiscoveryClient-CacheRefreshExecutor-0] [                                                 ] o.s.web.client.RestTemplate              : Accept=[application/json, application/*+json]
2026-02-22T13:11:48.840+05:30 DEBUG 1700 --- [productService] [DiscoveryClient-CacheRefreshExecutor-0] [                                                 ] o.s.web.client.RestTemplate              : Response 200 OK
2026-02-22T13:11:48.841+05:30 DEBUG 1700 --- [productService] [DiscoveryClient-CacheRefreshExecutor-0] [                                                 ] o.s.web.client.RestTemplate              : Reading to [org.springframework.cloud.netflix.eureka.http.EurekaApplications]
2026-02-22T13:11:49.590+05:30 DEBUG 1700 --- [productService] [DiscoveryClient-HeartbeatExecutor-0] [                                                 ] o.s.web.client.RestTemplate              : HTTP PUT http://localhost:8761/eureka/apps/PRODUCTSERVICE/DESKTOP-ECRRR37.mshome.net:productService:8082?status=UP&lastDirtyTimestamp=1771738546502
2026-02-22T13:11:49.590+05:30 DEBUG 1700 --- [productService] [DiscoveryClient-HeartbeatExecutor-0] [                                                 ] o.s.web.client.RestTemplate              : Accept=[application/json, application/*+json]
2026-02-22T13:11:49.596+05:30 DEBUG 1700 --- [productService] [DiscoveryClient-HeartbeatExecutor-0] [                                                 ] o.s.web.client.RestTemplate              : Response 200 OK
2026-02-22T13:12:18.848+05:30 DEBUG 1700 --- [productService] [DiscoveryClient-CacheRefreshExecutor-0] [                                                 ] o.s.web.client.RestTemplate              : HTTP GET http://localhost:8761/eureka/apps/delta
2026-02-22T13:12:19.726+05:30 DEBUG 1700 --- [productService] [DiscoveryClient-CacheRefreshExecutor-0] [                                                 ] o.s.web.client.RestTemplate              : Accept=[application/json, application/*+json]
2026-02-22T13:12:19.767+05:30 DEBUG 1700 --- [productService] [DiscoveryClient-HeartbeatExecutor-0] [                                                 ] o.s.web.client.RestTemplate              : HTTP PUT http://localhost:8761/eureka/apps/PRODUCTSERVICE/DESKTOP-ECRRR37.mshome.net:productService:8082?status=UP&lastDirtyTimestamp=1771738546502
2026-02-22T13:12:19.786+05:30 DEBUG 1700 --- [productService] [DiscoveryClient-HeartbeatExecutor-0] [                                                 ] o.s.web.client.RestTemplate              : Accept=[application/json, application/*+json]
2026-02-22T13:12:19.813+05:30 DEBUG 1700 --- [productService] [DiscoveryClient-CacheRefreshExecutor-0] [                                                 ] o.s.web.client.RestTemplate              : Response 200 OK
2026-02-22T13:12:19.814+05:30 DEBUG 1700 --- [productService] [DiscoveryClient-CacheRefreshExecutor-0] [                                                 ] o.s.web.client.RestTemplate              : Reading to [org.springframework.cloud.netflix.eureka.http.EurekaApplications]
2026-02-22T13:12:30.639+05:30 DEBUG 1700 --- [productService] [DiscoveryClient-HeartbeatExecutor-0] [                                                 ] o.s.web.client.RestTemplate              : Response 200 OK
2026-02-22T13:12:49.830+05:30 DEBUG 1700 --- [productService] [DiscoveryClient-CacheRefreshExecutor-0] [                                                 ] o.s.web.client.RestTemplate              : HTTP GET http://localhost:8761/eureka/apps/delta
2026-02-22T13:12:49.831+05:30 DEBUG 1700 --- [productService] [DiscoveryClient-CacheRefreshExecutor-0] [                                                 ] o.s.web.client.RestTemplate              : Accept=[application/json, application/*+json]
2026-02-22T13:12:49.942+05:30 DEBUG 1700 --- [productService] [DiscoveryClient-CacheRefreshExecutor-0] [                                                 ] o.s.web.client.RestTemplate              : Response 200 OK
2026-02-22T13:12:49.950+05:30 DEBUG 1700 --- [productService] [DiscoveryClient-CacheRefreshExecutor-0] [                                                 ] o.s.web.client.RestTemplate              : Reading to [org.springframework.cloud.netflix.eureka.http.EurekaApplications]
2026-02-22T13:13:01.358+05:30 DEBUG 1700 --- [productService] [DiscoveryClient-HeartbeatExecutor-0] [                                                 ] o.s.web.client.RestTemplate              : HTTP PUT http://localhost:8761/eureka/apps/PRODUCTSERVICE/DESKTOP-ECRRR37.mshome.net:productService:8082?status=UP&lastDirtyTimestamp=1771738546502
2026-02-22T13:13:02.782+05:30 DEBUG 1700 --- [productService] [DiscoveryClient-HeartbeatExecutor-0] [                                                 ] o.s.web.client.RestTemplate              : Accept=[application/json, application/*+json]
2026-02-22T13:13:02.802+05:30 DEBUG 1700 --- [productService] [DiscoveryClient-HeartbeatExecutor-0] [                                                 ] o.s.web.client.RestTemplate              : Response 200 OK
2026-02-22T13:13:20.043+05:30 DEBUG 1700 --- [productService] [DiscoveryClient-CacheRefreshExecutor-0] [                                                 ] o.s.web.client.RestTemplate              : HTTP GET http://localhost:8761/eureka/apps/delta
2026-02-22T13:13:20.043+05:30 DEBUG 1700 --- [productService] [DiscoveryClient-CacheRefreshExecutor-0] [                                                 ] o.s.web.client.RestTemplate              : Accept=[application/json, application/*+json]
2026-02-22T13:13:20.063+05:30 DEBUG 1700 --- [productService] [DiscoveryClient-CacheRefreshExecutor-0] [                                                 ] o.s.web.client.RestTemplate              : Response 200 OK
2026-02-22T13:13:20.063+05:30 DEBUG 1700 --- [productService] [DiscoveryClient-CacheRefreshExecutor-0] [                                                 ] o.s.web.client.RestTemplate              : Reading to [org.springframework.cloud.netflix.eureka.http.EurekaApplications]
2026-02-22T13:13:32.824+05:30 DEBUG 1700 --- [productService] [DiscoveryClient-HeartbeatExecutor-0] [                                                 ] o.s.web.client.RestTemplate              : HTTP PUT http://localhost:8761/eureka/apps/PRODUCTSERVICE/DESKTOP-ECRRR37.mshome.net:productService:8082?status=UP&lastDirtyTimestamp=1771738546502
2026-02-22T13:13:32.824+05:30 DEBUG 1700 --- [productService] [DiscoveryClient-HeartbeatExecutor-0] [                                                 ] o.s.web.client.RestTemplate              : Accept=[application/json, application/*+json]
2026-02-22T13:13:32.840+05:30 DEBUG 1700 --- [productService] [DiscoveryClient-HeartbeatExecutor-0] [                                                 ] o.s.web.client.RestTemplate              : Response 200 OK
2026-02-22T13:13:50.075+05:30 DEBUG 1700 --- [productService] [DiscoveryClient-CacheRefreshExecutor-0] [                                                 ] o.s.web.client.RestTemplate              : HTTP GET http://localhost:8761/eureka/apps/delta
2026-02-22T13:13:50.076+05:30 DEBUG 1700 --- [productService] [DiscoveryClient-CacheRefreshExecutor-0] [                                                 ] o.s.web.client.RestTemplate              : Accept=[application/json, application/*+json]
2026-02-22T13:13:50.091+05:30 DEBUG 1700 --- [productService] [DiscoveryClient-CacheRefreshExecutor-0] [                                                 ] o.s.web.client.RestTemplate              : Response 200 OK
2026-02-22T13:13:50.096+05:30 DEBUG 1700 --- [productService] [DiscoveryClient-CacheRefreshExecutor-0] [                                                 ] o.s.web.client.RestTemplate              : Reading to [org.springframework.cloud.netflix.eureka.http.EurekaApplications]
2026-02-22T13:14:02.857+05:30 DEBUG 1700 --- [productService] [DiscoveryClient-HeartbeatExecutor-0] [                                                 ] o.s.web.client.RestTemplate              : HTTP PUT http://localhost:8761/eureka/apps/PRODUCTSERVICE/DESKTOP-ECRRR37.mshome.net:productService:8082?status=UP&lastDirtyTimestamp=1771738546502
2026-02-22T13:14:02.857+05:30 DEBUG 1700 --- [productService] [DiscoveryClient-HeartbeatExecutor-0] [                                                 ] o.s.web.client.RestTemplate              : Accept=[application/json, application/*+json]
2026-02-22T13:14:02.874+05:30 DEBUG 1700 --- [productService] [DiscoveryClient-HeartbeatExecutor-0] [                                                 ] o.s.web.client.RestTemplate              : Response 200 OK
2026-02-22T13:14:20.106+05:30 DEBUG 1700 --- [productService] [DiscoveryClient-CacheRefreshExecutor-0] [                                                 ] o.s.web.client.RestTemplate              : HTTP GET http://localhost:8761/eureka/apps/delta
2026-02-22T13:14:20.109+05:30 DEBUG 1700 --- [productService] [DiscoveryClient-CacheRefreshExecutor-0] [                                                 ] o.s.web.client.RestTemplate              : Accept=[application/json, application/*+json]
2026-02-22T13:14:20.124+05:30 DEBUG 1700 --- [productService] [DiscoveryClient-CacheRefreshExecutor-0] [                                                 ] o.s.web.client.RestTemplate              : Response 200 OK
2026-02-22T13:14:20.124+05:30 DEBUG 1700 --- [productService] [DiscoveryClient-CacheRefreshExecutor-0] [                                                 ] o.s.web.client.RestTemplate              : Reading to [org.springframework.cloud.netflix.eureka.http.EurekaApplications]
2026-02-22T13:14:32.890+05:30 DEBUG 1700 --- [productService] [DiscoveryClient-HeartbeatExecutor-0] [                                                 ] o.s.web.client.RestTemplate              : HTTP PUT http://localhost:8761/eureka/apps/PRODUCTSERVICE/DESKTOP-ECRRR37.mshome.net:productService:8082?status=UP&lastDirtyTimestamp=1771738546502
2026-02-22T13:14:32.892+05:30 DEBUG 1700 --- [productService] [DiscoveryClient-HeartbeatExecutor-0] [                                                 ] o.s.web.client.RestTemplate              : Accept=[application/json, application/*+json]
2026-02-22T13:14:32.906+05:30 DEBUG 1700 --- [productService] [DiscoveryClient-HeartbeatExecutor-0] [                                                 ] o.s.web.client.RestTemplate              : Response 200 OK
2026-02-22T13:14:50.128+05:30 DEBUG 1700 --- [productService] [DiscoveryClient-CacheRefreshExecutor-0] [                                                 ] o.s.web.client.RestTemplate              : HTTP GET http://localhost:8761/eureka/apps/delta
2026-02-22T13:14:50.129+05:30 DEBUG 1700 --- [productService] [DiscoveryClient-CacheRefreshExecutor-0] [                                                 ] o.s.web.client.RestTemplate              : Accept=[application/json, application/*+json]
2026-02-22T13:14:50.144+05:30 DEBUG 1700 --- [productService] [DiscoveryClient-CacheRefreshExecutor-0] [                                                 ] o.s.web.client.RestTemplate              : Response 200 OK
2026-02-22T13:14:50.145+05:30 DEBUG 1700 --- [productService] [DiscoveryClient-CacheRefreshExecutor-0] [                                                 ] o.s.web.client.RestTemplate              : Reading to [org.springframework.cloud.netflix.eureka.http.EurekaApplications]
2026-02-22T13:15:02.919+05:30 DEBUG 1700 --- [productService] [DiscoveryClient-HeartbeatExecutor-0] [                                                 ] o.s.web.client.RestTemplate              : HTTP PUT http://localhost:8761/eureka/apps/PRODUCTSERVICE/DESKTOP-ECRRR37.mshome.net:productService:8082?status=UP&lastDirtyTimestamp=1771738546502
2026-02-22T13:15:02.919+05:30 DEBUG 1700 --- [productService] [DiscoveryClient-HeartbeatExecutor-0] [                                                 ] o.s.web.client.RestTemplate              : Accept=[application/json, application/*+json]
2026-02-22T13:15:03.632+05:30 DEBUG 1700 --- [productService] [DiscoveryClient-HeartbeatExecutor-0] [                                                 ] o.s.web.client.RestTemplate              : Response 200 OK
2026-02-22T13:15:20.158+05:30 DEBUG 1700 --- [productService] [DiscoveryClient-CacheRefreshExecutor-0] [                                                 ] o.s.web.client.RestTemplate              : HTTP GET http://localhost:8761/eureka/apps/delta
2026-02-22T13:15:20.158+05:30 DEBUG 1700 --- [productService] [DiscoveryClient-CacheRefreshExecutor-0] [                                                 ] o.s.web.client.RestTemplate              : Accept=[application/json, application/*+json]
2026-02-22T13:15:20.174+05:30 DEBUG 1700 --- [productService] [DiscoveryClient-CacheRefreshExecutor-0] [                                                 ] o.s.web.client.RestTemplate              : Response 200 OK
2026-02-22T13:15:20.176+05:30 DEBUG 1700 --- [productService] [DiscoveryClient-CacheRefreshExecutor-0] [                                                 ] o.s.web.client.RestTemplate              : Reading to [org.springframework.cloud.netflix.eureka.http.EurekaApplications]
2026-02-22T13:15:33.829+05:30 DEBUG 1700 --- [productService] [DiscoveryClient-HeartbeatExecutor-0] [                                                 ] o.s.web.client.RestTemplate              : HTTP PUT http://localhost:8761/eureka/apps/PRODUCTSERVICE/DESKTOP-ECRRR37.mshome.net:productService:8082?status=UP&lastDirtyTimestamp=1771738546502
2026-02-22T13:15:33.829+05:30 DEBUG 1700 --- [productService] [DiscoveryClient-HeartbeatExecutor-0] [                                                 ] o.s.web.client.RestTemplate              : Accept=[application/json, application/*+json]
2026-02-22T13:15:33.920+05:30 DEBUG 1700 --- [productService] [DiscoveryClient-HeartbeatExecutor-0] [                                                 ] o.s.web.client.RestTemplate              : Response 200 OK
2026-02-22T13:15:50.186+05:30 DEBUG 1700 --- [productService] [DiscoveryClient-CacheRefreshExecutor-0] [                                                 ] o.s.web.client.RestTemplate              : HTTP GET http://localhost:8761/eureka/apps/delta
2026-02-22T13:15:50.187+05:30 DEBUG 1700 --- [productService] [DiscoveryClient-CacheRefreshExecutor-0] [                                                 ] o.s.web.client.RestTemplate              : Accept=[application/json, application/*+json]
2026-02-22T13:15:50.202+05:30 DEBUG 1700 --- [productService] [DiscoveryClient-CacheRefreshExecutor-0] [                                                 ] o.s.web.client.RestTemplate              : Response 200 OK
2026-02-22T13:15:50.202+05:30 DEBUG 1700 --- [productService] [DiscoveryClient-CacheRefreshExecutor-0] [                                                 ] o.s.web.client.RestTemplate              : Reading to [org.springframework.cloud.netflix.eureka.http.EurekaApplications]
2026-02-22T13:16:03.932+05:30 DEBUG 1700 --- [productService] [DiscoveryClient-HeartbeatExecutor-0] [                                                 ] o.s.web.client.RestTemplate              : HTTP PUT http://localhost:8761/eureka/apps/PRODUCTSERVICE/DESKTOP-ECRRR37.mshome.net:productService:8082?status=UP&lastDirtyTimestamp=1771738546502
2026-02-22T13:16:03.932+05:30 DEBUG 1700 --- [productService] [DiscoveryClient-HeartbeatExecutor-0] [                                                 ] o.s.web.client.RestTemplate              : Accept=[application/json, application/*+json]
2026-02-22T13:16:03.949+05:30 DEBUG 1700 --- [productService] [DiscoveryClient-HeartbeatExecutor-0] [                                                 ] o.s.web.client.RestTemplate              : Response 200 OK
2026-02-22T13:16:20.213+05:30 DEBUG 1700 --- [productService] [DiscoveryClient-CacheRefreshExecutor-0] [                                                 ] o.s.web.client.RestTemplate              : HTTP GET http://localhost:8761/eureka/apps/delta
2026-02-22T13:16:20.214+05:30 DEBUG 1700 --- [productService] [DiscoveryClient-CacheRefreshExecutor-0] [                                                 ] o.s.web.client.RestTemplate              : Accept=[application/json, application/*+json]
2026-02-22T13:16:20.231+05:30 DEBUG 1700 --- [productService] [DiscoveryClient-CacheRefreshExecutor-0] [                                                 ] o.s.web.client.RestTemplate              : Response 200 OK
2026-02-22T13:16:20.232+05:30 DEBUG 1700 --- [productService] [DiscoveryClient-CacheRefreshExecutor-0] [                                                 ] o.s.web.client.RestTemplate              : Reading to [org.springframework.cloud.netflix.eureka.http.EurekaApplications]
2026-02-22T13:16:29.292+05:30  INFO 1700 --- [productService] [AsyncResolver-bootstrap-executor-0] [                                                 ] c.n.d.s.r.aws.ConfigClusterResolver      : Resolving eureka endpoints via configuration
2026-02-22T13:16:33.964+05:30 DEBUG 1700 --- [productService] [DiscoveryClient-HeartbeatExecutor-0] [                                                 ] o.s.web.client.RestTemplate              : HTTP PUT http://localhost:8761/eureka/apps/PRODUCTSERVICE/DESKTOP-ECRRR37.mshome.net:productService:8082?status=UP&lastDirtyTimestamp=1771738546502
2026-02-22T13:16:33.965+05:30 DEBUG 1700 --- [productService] [DiscoveryClient-HeartbeatExecutor-0] [                                                 ] o.s.web.client.RestTemplate              : Accept=[application/json, application/*+json]
2026-02-22T13:16:33.979+05:30 DEBUG 1700 --- [productService] [DiscoveryClient-HeartbeatExecutor-0] [                                                 ] o.s.web.client.RestTemplate              : Response 200 OK
2026-02-22T13:16:50.250+05:30 DEBUG 1700 --- [productService] [DiscoveryClient-CacheRefreshExecutor-0] [                                                 ] o.s.web.client.RestTemplate              : HTTP GET http://localhost:8761/eureka/apps/delta
2026-02-22T13:16:50.251+05:30 DEBUG 1700 --- [productService] [DiscoveryClient-CacheRefreshExecutor-0] [                                                 ] o.s.web.client.RestTemplate              : Accept=[application/json, application/*+json]
2026-02-22T13:16:50.267+05:30 DEBUG 1700 --- [productService] [DiscoveryClient-CacheRefreshExecutor-0] [                                                 ] o.s.web.client.RestTemplate              : Response 200 OK
2026-02-22T13:16:50.267+05:30 DEBUG 1700 --- [productService] [DiscoveryClient-CacheRefreshExecutor-0] [                                                 ] o.s.web.client.RestTemplate              : Reading to [org.springframework.cloud.netflix.eureka.http.EurekaApplications]
2026-02-22T13:17:04.067+05:30 DEBUG 1700 --- [productService] [DiscoveryClient-HeartbeatExecutor-0] [                                                 ] o.s.web.client.RestTemplate              : HTTP PUT http://localhost:8761/eureka/apps/PRODUCTSERVICE/DESKTOP-ECRRR37.mshome.net:productService:8082?status=UP&lastDirtyTimestamp=1771738546502
2026-02-22T13:17:04.269+05:30 DEBUG 1700 --- [productService] [DiscoveryClient-HeartbeatExecutor-0] [                                                 ] o.s.web.client.RestTemplate              : Accept=[application/json, application/*+json]
2026-02-22T13:17:04.350+05:30 DEBUG 1700 --- [productService] [DiscoveryClient-HeartbeatExecutor-0] [                                                 ] o.s.web.client.RestTemplate              : Response 200 OK
2026-02-22T13:17:20.272+05:30 DEBUG 1700 --- [productService] [DiscoveryClient-CacheRefreshExecutor-0] [                                                 ] o.s.web.client.RestTemplate              : HTTP GET http://localhost:8761/eureka/apps/delta
2026-02-22T13:17:20.274+05:30 DEBUG 1700 --- [productService] [DiscoveryClient-CacheRefreshExecutor-0] [                                                 ] o.s.web.client.RestTemplate              : Accept=[application/json, application/*+json]
2026-02-22T13:17:20.289+05:30 DEBUG 1700 --- [productService] [DiscoveryClient-CacheRefreshExecutor-0] [                                                 ] o.s.web.client.RestTemplate              : Response 200 OK
2026-02-22T13:17:20.290+05:30 DEBUG 1700 --- [productService] [DiscoveryClient-CacheRefreshExecutor-0] [                                                 ] o.s.web.client.RestTemplate              : Reading to [org.springframework.cloud.netflix.eureka.http.EurekaApplications]
2026-02-22T13:17:34.667+05:30 DEBUG 1700 --- [productService] [DiscoveryClient-HeartbeatExecutor-0] [                                                 ] o.s.web.client.RestTemplate              : HTTP PUT http://localhost:8761/eureka/apps/PRODUCTSERVICE/DESKTOP-ECRRR37.mshome.net:productService:8082?status=UP&lastDirtyTimestamp=1771738546502
2026-02-22T13:17:34.669+05:30 DEBUG 1700 --- [productService] [DiscoveryClient-HeartbeatExecutor-0] [                                                 ] o.s.web.client.RestTemplate              : Accept=[application/json, application/*+json]
2026-02-22T13:17:34.684+05:30 DEBUG 1700 --- [productService] [DiscoveryClient-HeartbeatExecutor-0] [                                                 ] o.s.web.client.RestTemplate              : Response 200 OK
2026-02-22T13:17:50.300+05:30 DEBUG 1700 --- [productService] [DiscoveryClient-CacheRefreshExecutor-0] [                                                 ] o.s.web.client.RestTemplate              : HTTP GET http://localhost:8761/eureka/apps/delta
2026-02-22T13:17:50.300+05:30 DEBUG 1700 --- [productService] [DiscoveryClient-CacheRefreshExecutor-0] [                                                 ] o.s.web.client.RestTemplate              : Accept=[application/json, application/*+json]
2026-02-22T13:17:50.316+05:30 DEBUG 1700 --- [productService] [DiscoveryClient-CacheRefreshExecutor-0] [                                                 ] o.s.web.client.RestTemplate              : Response 200 OK
2026-02-22T13:17:50.316+05:30 DEBUG 1700 --- [productService] [DiscoveryClient-CacheRefreshExecutor-0] [                                                 ] o.s.web.client.RestTemplate              : Reading to [org.springframework.cloud.netflix.eureka.http.EurekaApplications]
2026-02-22T13:18:04.694+05:30 DEBUG 1700 --- [productService] [DiscoveryClient-HeartbeatExecutor-0] [                                                 ] o.s.web.client.RestTemplate              : HTTP PUT http://localhost:8761/eureka/apps/PRODUCTSERVICE/DESKTOP-ECRRR37.mshome.net:productService:8082?status=UP&lastDirtyTimestamp=1771738546502
2026-02-22T13:18:04.695+05:30 DEBUG 1700 --- [productService] [DiscoveryClient-HeartbeatExecutor-0] [                                                 ] o.s.web.client.RestTemplate              : Accept=[application/json, application/*+json]
2026-02-22T13:18:04.711+05:30 DEBUG 1700 --- [productService] [DiscoveryClient-HeartbeatExecutor-0] [                                                 ] o.s.web.client.RestTemplate              : Response 200 OK
2026-02-22T13:18:20.322+05:30 DEBUG 1700 --- [productService] [DiscoveryClient-CacheRefreshExecutor-0] [                                                 ] o.s.web.client.RestTemplate              : HTTP GET http://localhost:8761/eureka/apps/delta
2026-02-22T13:18:20.323+05:30 DEBUG 1700 --- [productService] [DiscoveryClient-CacheRefreshExecutor-0] [                                                 ] o.s.web.client.RestTemplate              : Accept=[application/json, application/*+json]
2026-02-22T13:18:20.340+05:30 DEBUG 1700 --- [productService] [DiscoveryClient-CacheRefreshExecutor-0] [                                                 ] o.s.web.client.RestTemplate              : Response 200 OK
2026-02-22T13:18:20.341+05:30 DEBUG 1700 --- [productService] [DiscoveryClient-CacheRefreshExecutor-0] [                                                 ] o.s.web.client.RestTemplate              : Reading to [org.springframework.cloud.netflix.eureka.http.EurekaApplications]
2026-02-22T13:18:34.724+05:30 DEBUG 1700 --- [productService] [DiscoveryClient-HeartbeatExecutor-0] [                                                 ] o.s.web.client.RestTemplate              : HTTP PUT http://localhost:8761/eureka/apps/PRODUCTSERVICE/DESKTOP-ECRRR37.mshome.net:productService:8082?status=UP&lastDirtyTimestamp=1771738546502
2026-02-22T13:18:34.725+05:30 DEBUG 1700 --- [productService] [DiscoveryClient-HeartbeatExecutor-0] [                                                 ] o.s.web.client.RestTemplate              : Accept=[application/json, application/*+json]
2026-02-22T13:18:34.743+05:30 DEBUG 1700 --- [productService] [DiscoveryClient-HeartbeatExecutor-0] [                                                 ] o.s.web.client.RestTemplate              : Response 200 OK
2026-02-22T13:18:50.356+05:30 DEBUG 1700 --- [productService] [DiscoveryClient-CacheRefreshExecutor-0] [                                                 ] o.s.web.client.RestTemplate              : HTTP GET http://localhost:8761/eureka/apps/delta
2026-02-22T13:18:50.359+05:30 DEBUG 1700 --- [productService] [DiscoveryClient-CacheRefreshExecutor-0] [                                                 ] o.s.web.client.RestTemplate              : Accept=[application/json, application/*+json]
2026-02-22T13:18:50.375+05:30 DEBUG 1700 --- [productService] [DiscoveryClient-CacheRefreshExecutor-0] [                                                 ] o.s.web.client.RestTemplate              : Response 200 OK
2026-02-22T13:18:50.376+05:30 DEBUG 1700 --- [productService] [DiscoveryClient-CacheRefreshExecutor-0] [                                                 ] o.s.web.client.RestTemplate              : Reading to [org.springframework.cloud.netflix.eureka.http.EurekaApplications]
2026-02-22T13:19:04.756+05:30 DEBUG 1700 --- [productService] [DiscoveryClient-HeartbeatExecutor-0] [                                                 ] o.s.web.client.RestTemplate              : HTTP PUT http://localhost:8761/eureka/apps/PRODUCTSERVICE/DESKTOP-ECRRR37.mshome.net:productService:8082?status=UP&lastDirtyTimestamp=1771738546502
2026-02-22T13:19:04.758+05:30 DEBUG 1700 --- [productService] [DiscoveryClient-HeartbeatExecutor-0] [                                                 ] o.s.web.client.RestTemplate              : Accept=[application/json, application/*+json]
2026-02-22T13:19:04.773+05:30 DEBUG 1700 --- [productService] [DiscoveryClient-HeartbeatExecutor-0] [                                                 ] o.s.web.client.RestTemplate              : Response 200 OK
2026-02-22T13:19:20.393+05:30 DEBUG 1700 --- [productService] [DiscoveryClient-CacheRefreshExecutor-0] [                                                 ] o.s.web.client.RestTemplate              : HTTP GET http://localhost:8761/eureka/apps/delta
2026-02-22T13:19:20.393+05:30 DEBUG 1700 --- [productService] [DiscoveryClient-CacheRefreshExecutor-0] [                                                 ] o.s.web.client.RestTemplate              : Accept=[application/json, application/*+json]
2026-02-22T13:19:20.405+05:30 DEBUG 1700 --- [productService] [DiscoveryClient-CacheRefreshExecutor-0] [                                                 ] o.s.web.client.RestTemplate              : Response 200 OK
2026-02-22T13:19:20.405+05:30 DEBUG 1700 --- [productService] [DiscoveryClient-CacheRefreshExecutor-0] [                                                 ] o.s.web.client.RestTemplate              : Reading to [org.springframework.cloud.netflix.eureka.http.EurekaApplications]
2026-02-22T13:19:34.784+05:30 DEBUG 1700 --- [productService] [DiscoveryClient-HeartbeatExecutor-0] [                                                 ] o.s.web.client.RestTemplate              : HTTP PUT http://localhost:8761/eureka/apps/PRODUCTSERVICE/DESKTOP-ECRRR37.mshome.net:productService:8082?status=UP&lastDirtyTimestamp=1771738546502
2026-02-22T13:19:34.784+05:30 DEBUG 1700 --- [productService] [DiscoveryClient-HeartbeatExecutor-0] [                                                 ] o.s.web.client.RestTemplate              : Accept=[application/json, application/*+json]
2026-02-22T13:19:34.798+05:30 DEBUG 1700 --- [productService] [DiscoveryClient-HeartbeatExecutor-0] [                                                 ] o.s.web.client.RestTemplate              : Response 200 OK
2026-02-22T13:19:50.414+05:30 DEBUG 1700 --- [productService] [DiscoveryClient-CacheRefreshExecutor-0] [                                                 ] o.s.web.client.RestTemplate              : HTTP GET http://localhost:8761/eureka/apps/delta
2026-02-22T13:19:50.415+05:30 DEBUG 1700 --- [productService] [DiscoveryClient-CacheRefreshExecutor-0] [                                                 ] o.s.web.client.RestTemplate              : Accept=[application/json, application/*+json]
2026-02-22T13:19:50.433+05:30 DEBUG 1700 --- [productService] [DiscoveryClient-CacheRefreshExecutor-0] [                                                 ] o.s.web.client.RestTemplate              : Response 200 OK
2026-02-22T13:19:50.435+05:30 DEBUG 1700 --- [productService] [DiscoveryClient-CacheRefreshExecutor-0] [                                                 ] o.s.web.client.RestTemplate              : Reading to [org.springframework.cloud.netflix.eureka.http.EurekaApplications]
2026-02-22T13:20:04.804+05:30 DEBUG 1700 --- [productService] [DiscoveryClient-HeartbeatExecutor-0] [                                                 ] o.s.web.client.RestTemplate              : HTTP PUT http://localhost:8761/eureka/apps/PRODUCTSERVICE/DESKTOP-ECRRR37.mshome.net:productService:8082?status=UP&lastDirtyTimestamp=1771738546502
2026-02-22T13:20:04.805+05:30 DEBUG 1700 --- [productService] [DiscoveryClient-HeartbeatExecutor-0] [                                                 ] o.s.web.client.RestTemplate              : Accept=[application/json, application/*+json]
2026-02-22T13:20:04.822+05:30 DEBUG 1700 --- [productService] [DiscoveryClient-HeartbeatExecutor-0] [                                                 ] o.s.web.client.RestTemplate              : Response 200 OK
2026-02-22T13:20:20.452+05:30 DEBUG 1700 --- [productService] [DiscoveryClient-CacheRefreshExecutor-0] [                                                 ] o.s.web.client.RestTemplate              : HTTP GET http://localhost:8761/eureka/apps/delta
2026-02-22T13:20:20.454+05:30 DEBUG 1700 --- [productService] [DiscoveryClient-CacheRefreshExecutor-0] [                                                 ] o.s.web.client.RestTemplate              : Accept=[application/json, application/*+json]
2026-02-22T13:20:20.485+05:30 DEBUG 1700 --- [productService] [DiscoveryClient-CacheRefreshExecutor-0] [                                                 ] o.s.web.client.RestTemplate              : Response 200 OK
2026-02-22T13:20:20.487+05:30 DEBUG 1700 --- [productService] [DiscoveryClient-CacheRefreshExecutor-0] [                                                 ] o.s.web.client.RestTemplate              : Reading to [org.springframework.cloud.netflix.eureka.http.EurekaApplications]
2026-02-22T13:20:34.851+05:30 DEBUG 1700 --- [productService] [DiscoveryClient-HeartbeatExecutor-0] [                                                 ] o.s.web.client.RestTemplate              : HTTP PUT http://localhost:8761/eureka/apps/PRODUCTSERVICE/DESKTOP-ECRRR37.mshome.net:productService:8082?status=UP&lastDirtyTimestamp=1771738546502
2026-02-22T13:20:34.868+05:30 DEBUG 1700 --- [productService] [DiscoveryClient-HeartbeatExecutor-0] [                                                 ] o.s.web.client.RestTemplate              : Accept=[application/json, application/*+json]
2026-02-22T13:20:34.895+05:30 DEBUG 1700 --- [productService] [DiscoveryClient-HeartbeatExecutor-0] [                                                 ] o.s.web.client.RestTemplate              : Response 200 OK
2026-02-22T13:20:50.636+05:30 DEBUG 1700 --- [productService] [DiscoveryClient-CacheRefreshExecutor-0] [                                                 ] o.s.web.client.RestTemplate              : HTTP GET http://localhost:8761/eureka/apps/delta
2026-02-22T13:20:50.636+05:30 DEBUG 1700 --- [productService] [DiscoveryClient-CacheRefreshExecutor-0] [                                                 ] o.s.web.client.RestTemplate              : Accept=[application/json, application/*+json]
2026-02-22T13:20:50.643+05:30 DEBUG 1700 --- [productService] [DiscoveryClient-CacheRefreshExecutor-0] [                                                 ] o.s.web.client.RestTemplate              : Response 200 OK
2026-02-22T13:20:50.644+05:30 DEBUG 1700 --- [productService] [DiscoveryClient-CacheRefreshExecutor-0] [                                                 ] o.s.web.client.RestTemplate              : Reading to [org.springframework.cloud.netflix.eureka.http.EurekaApplications]
2026-02-22T13:21:04.905+05:30 DEBUG 1700 --- [productService] [DiscoveryClient-HeartbeatExecutor-0] [                                                 ] o.s.web.client.RestTemplate              : HTTP PUT http://localhost:8761/eureka/apps/PRODUCTSERVICE/DESKTOP-ECRRR37.mshome.net:productService:8082?status=UP&lastDirtyTimestamp=1771738546502
2026-02-22T13:21:04.906+05:30 DEBUG 1700 --- [productService] [DiscoveryClient-HeartbeatExecutor-0] [                                                 ] o.s.web.client.RestTemplate              : Accept=[application/json, application/*+json]
2026-02-22T13:21:04.921+05:30 DEBUG 1700 --- [productService] [DiscoveryClient-HeartbeatExecutor-0] [                                                 ] o.s.web.client.RestTemplate              : Response 200 OK
2026-02-22T13:21:14.809+05:30  INFO 1700 --- [productService] [SpringApplicationShutdownHook] [                                                 ] o.s.c.n.e.s.EurekaServiceRegistry        : Unregistering application PRODUCTSERVICE with eureka with status DOWN
2026-02-22T13:21:14.826+05:30  INFO 1700 --- [productService] [SpringApplicationShutdownHook] [                                                 ] com.netflix.discovery.DiscoveryClient    : Saw local status change event StatusChangeEvent [timestamp=1771746674825, current=DOWN, previous=UP]
2026-02-22T13:21:14.856+05:30  INFO 1700 --- [productService] [DiscoveryClient-InstanceInfoReplicator-0] [                                                 ] com.netflix.discovery.DiscoveryClient    : DiscoveryClient_PRODUCTSERVICE/DESKTOP-ECRRR37.mshome.net:productService:8082: registering service...
2026-02-22T13:21:14.860+05:30 DEBUG 1700 --- [productService] [DiscoveryClient-InstanceInfoReplicator-0] [                                                 ] o.s.web.client.RestTemplate              : HTTP POST http://localhost:8761/eureka/apps/PRODUCTSERVICE
2026-02-22T13:21:14.954+05:30 DEBUG 1700 --- [productService] [DiscoveryClient-InstanceInfoReplicator-0] [                                                 ] o.s.web.client.RestTemplate              : Accept=[application/json, application/*+json]
2026-02-22T13:21:15.295+05:30 DEBUG 1700 --- [productService] [DiscoveryClient-InstanceInfoReplicator-0] [                                                 ] o.s.web.client.RestTemplate              : Writing [InstanceInfo [instanceId = DESKTOP-ECRRR37.mshome.net:productService:8082, appName = PRODUCTSERVICE, hostName = 192.168.176.1, status = DOWN, ipAddr = 192.168.176.1, port = 8082, securePort = 443, dataCenterInfo = com.netflix.appinfo.MyDataCenterInfo@6e26d0b3] as "application/json"
2026-02-22T13:21:15.476+05:30 DEBUG 1700 --- [productService] [DiscoveryClient-InstanceInfoReplicator-0] [                                                 ] o.s.web.client.RestTemplate              : Response 204 NO_CONTENT
2026-02-22T13:21:15.476+05:30  INFO 1700 --- [productService] [DiscoveryClient-InstanceInfoReplicator-0] [                                                 ] com.netflix.discovery.DiscoveryClient    : DiscoveryClient_PRODUCTSERVICE/DESKTOP-ECRRR37.mshome.net:productService:8082 - registration status: 204
2026-02-22T13:21:23.851+05:30  INFO 1700 --- [productService] [SpringApplicationShutdownHook] [                                                 ] j.LocalContainerEntityManagerFactoryBean : Closing JPA EntityManagerFactory for persistence unit 'default'
2026-02-22T13:21:23.056+05:30 DEBUG 1700 --- [productService] [DiscoveryClient-CacheRefreshExecutor-0] [                                                 ] o.s.web.client.RestTemplate              : HTTP GET http://localhost:8761/eureka/apps/delta
2026-02-22T13:21:23.881+05:30 DEBUG 1700 --- [productService] [DiscoveryClient-CacheRefreshExecutor-0] [                                                 ] o.s.web.client.RestTemplate              : Accept=[application/json, application/*+json]
2026-02-22T13:21:25.434+05:30  INFO 1700 --- [productService] [SpringApplicationShutdownHook] [                                                 ] com.zaxxer.hikari.HikariDataSource       : HikariPool-1 - Shutdown initiated...
2026-02-22T13:21:27.289+05:30  INFO 1700 --- [productService] [SpringApplicationShutdownHook] [                                                 ] com.zaxxer.hikari.HikariDataSource       : HikariPool-1 - Shutdown completed.
2026-02-22T13:21:27.337+05:30  INFO 1700 --- [productService] [DiscoveryClient-CacheRefreshExecutor-0] [                                                 ] c.n.d.s.t.d.RedirectingEurekaHttpClient  : Request execution error. endpoint=DefaultEndpoint{ serviceUrl='http://localhost:8761/eureka/} exception=Connection pool shut down stacktrace=java.lang.IllegalStateException: Connection pool shut down
	at org.apache.hc.core5.util.Asserts.check(Asserts.java:38)
	at org.apache.hc.core5.pool.StrictConnPool.lease(StrictConnPool.java:176)
	at org.apache.hc.client5.http.impl.io.PoolingHttpClientConnectionManager.lease(PoolingHttpClientConnectionManager.java:298)
	at org.apache.hc.client5.http.impl.classic.InternalExecRuntime.acquireEndpoint(InternalExecRuntime.java:103)
	at org.apache.hc.client5.http.impl.classic.ConnectExec.execute(ConnectExec.java:125)
	at org.apache.hc.client5.http.impl.classic.ExecChainElement.execute(ExecChainElement.java:51)
	at org.apache.hc.client5.http.impl.classic.ProtocolExec.execute(ProtocolExec.java:192)
	at org.apache.hc.client5.http.impl.classic.ExecChainElement.execute(ExecChainElement.java:51)
	at org.apache.hc.client5.http.impl.classic.HttpRequestRetryExec.execute(HttpRequestRetryExec.java:96)
	at org.apache.hc.client5.http.impl.classic.ExecChainElement.execute(ExecChainElement.java:51)
	at org.apache.hc.client5.http.impl.classic.ContentCompressionExec.execute(ContentCompressionExec.java:152)
	at org.apache.hc.client5.http.impl.classic.ExecChainElement.execute(ExecChainElement.java:51)
	at org.apache.hc.client5.http.impl.classic.RedirectExec.execute(RedirectExec.java:115)
	at org.apache.hc.client5.http.impl.classic.ExecChainElement.execute(ExecChainElement.java:51)
	at org.apache.hc.client5.http.impl.classic.InternalHttpClient.doExecute(InternalHttpClient.java:170)
	at org.apache.hc.client5.http.impl.classic.CloseableHttpClient.execute(CloseableHttpClient.java:87)
	at org.apache.hc.client5.http.impl.classic.CloseableHttpClient.execute(CloseableHttpClient.java:55)
	at org.apache.hc.client5.http.classic.HttpClient.executeOpen(HttpClient.java:183)
	at org.springframework.http.client.HttpComponentsClientHttpRequest.executeInternal(HttpComponentsClientHttpRequest.java:95)
	at org.springframework.http.client.AbstractStreamingClientHttpRequest.executeInternal(AbstractStreamingClientHttpRequest.java:70)
	at org.springframework.http.client.AbstractClientHttpRequest.execute(AbstractClientHttpRequest.java:66)
	at org.springframework.http.client.InterceptingClientHttpRequest$InterceptingRequestExecution.execute(InterceptingClientHttpRequest.java:101)
	at org.springframework.cloud.netflix.eureka.http.RestTemplateTransportClientFactory.lambda$restTemplate$0(RestTemplateTransportClientFactory.java:143)
	at org.springframework.http.client.InterceptingClientHttpRequest$InterceptingRequestExecution.execute(InterceptingClientHttpRequest.java:87)
	at org.springframework.http.client.InterceptingClientHttpRequest.executeInternal(InterceptingClientHttpRequest.java:71)
	at org.springframework.http.client.AbstractBufferingClientHttpRequest.executeInternal(AbstractBufferingClientHttpRequest.java:48)
	at org.springframework.http.client.AbstractClientHttpRequest.execute(AbstractClientHttpRequest.java:66)
	at org.springframework.web.client.RestTemplate.doExecute(RestTemplate.java:879)
	at org.springframework.web.client.RestTemplate.execute(RestTemplate.java:781)
	at org.springframework.web.client.RestTemplate.exchange(RestTemplate.java:663)
	at org.springframework.cloud.netflix.eureka.http.RestTemplateEurekaHttpClient.getApplicationsInternal(RestTemplateEurekaHttpClient.java:145)
	at org.springframework.cloud.netflix.eureka.http.RestTemplateEurekaHttpClient.getDelta(RestTemplateEurekaHttpClient.java:155)
	at com.netflix.discovery.shared.transport.decorator.EurekaHttpClientDecorator$7.execute(EurekaHttpClientDecorator.java:152)
	at com.netflix.discovery.shared.transport.decorator.RedirectingEurekaHttpClient.execute(RedirectingEurekaHttpClient.java:91)
	at com.netflix.discovery.shared.transport.decorator.EurekaHttpClientDecorator.getDelta(EurekaHttpClientDecorator.java:149)
	at com.netflix.discovery.shared.transport.decorator.EurekaHttpClientDecorator$7.execute(EurekaHttpClientDecorator.java:152)
	at com.netflix.discovery.shared.transport.decorator.RetryableEurekaHttpClient.execute(RetryableEurekaHttpClient.java:120)
	at com.netflix.discovery.shared.transport.decorator.EurekaHttpClientDecorator.getDelta(EurekaHttpClientDecorator.java:149)
	at com.netflix.discovery.shared.transport.decorator.EurekaHttpClientDecorator$7.execute(EurekaHttpClientDecorator.java:152)
	at com.netflix.discovery.shared.transport.decorator.SessionedEurekaHttpClient.execute(SessionedEurekaHttpClient.java:77)
	at com.netflix.discovery.shared.transport.decorator.EurekaHttpClientDecorator.getDelta(EurekaHttpClientDecorator.java:149)
	at com.netflix.discovery.DiscoveryClient.getAndUpdateDelta(DiscoveryClient.java:1079)
	at com.netflix.discovery.DiscoveryClient.fetchRegistry(DiscoveryClient.java:960)
	at com.netflix.discovery.DiscoveryClient.refreshRegistry(DiscoveryClient.java:1475)
	at com.netflix.discovery.DiscoveryClient$CacheRefreshThread.run(DiscoveryClient.java:1442)
	at java.base/java.util.concurrent.Executors$RunnableAdapter.call(Executors.java:572)
	at java.base/java.util.concurrent.FutureTask.run(FutureTask.java:317)
	at java.base/java.util.concurrent.ThreadPoolExecutor.runWorker(ThreadPoolExecutor.java:1144)
	at java.base/java.util.concurrent.ThreadPoolExecutor$Worker.run(ThreadPoolExecutor.java:642)
	at java.base/java.lang.Thread.run(Thread.java:1583)

2026-02-22T13:21:27.340+05:30  WARN 1700 --- [productService] [DiscoveryClient-CacheRefreshExecutor-0] [                                                 ] c.n.d.s.t.d.RetryableEurekaHttpClient    : Request execution failed with message: Connection pool shut down
2026-02-22T13:21:27.416+05:30 DEBUG 1700 --- [productService] [DiscoveryClient-CacheRefreshExecutor-0] [                                                 ] o.s.web.client.RestTemplate              : HTTP GET http://localhost:8761/eureka/apps/delta
2026-02-22T13:21:27.863+05:30 DEBUG 1700 --- [productService] [DiscoveryClient-CacheRefreshExecutor-0] [                                                 ] o.s.web.client.RestTemplate              : Accept=[application/json, application/*+json]
2026-02-22T13:21:27.881+05:30  INFO 1700 --- [productService] [DiscoveryClient-CacheRefreshExecutor-0] [                                                 ] c.n.d.s.t.d.RedirectingEurekaHttpClient  : Request execution error. endpoint=DefaultEndpoint{ serviceUrl='http://localhost:8761/eureka/}, exception=Connection pool shut down stacktrace=java.lang.IllegalStateException: Connection pool shut down
	at org.apache.hc.core5.util.Asserts.check(Asserts.java:38)
	at org.apache.hc.core5.pool.StrictConnPool.lease(StrictConnPool.java:176)
	at org.apache.hc.client5.http.impl.io.PoolingHttpClientConnectionManager.lease(PoolingHttpClientConnectionManager.java:298)
	at org.apache.hc.client5.http.impl.classic.InternalExecRuntime.acquireEndpoint(InternalExecRuntime.java:103)
	at org.apache.hc.client5.http.impl.classic.ConnectExec.execute(ConnectExec.java:125)
	at org.apache.hc.client5.http.impl.classic.ExecChainElement.execute(ExecChainElement.java:51)
	at org.apache.hc.client5.http.impl.classic.ProtocolExec.execute(ProtocolExec.java:192)
	at org.apache.hc.client5.http.impl.classic.ExecChainElement.execute(ExecChainElement.java:51)
	at org.apache.hc.client5.http.impl.classic.HttpRequestRetryExec.execute(HttpRequestRetryExec.java:96)
	at org.apache.hc.client5.http.impl.classic.ExecChainElement.execute(ExecChainElement.java:51)
	at org.apache.hc.client5.http.impl.classic.ContentCompressionExec.execute(ContentCompressionExec.java:152)
	at org.apache.hc.client5.http.impl.classic.ExecChainElement.execute(ExecChainElement.java:51)
	at org.apache.hc.client5.http.impl.classic.RedirectExec.execute(RedirectExec.java:115)
	at org.apache.hc.client5.http.impl.classic.ExecChainElement.execute(ExecChainElement.java:51)
	at org.apache.hc.client5.http.impl.classic.InternalHttpClient.doExecute(InternalHttpClient.java:170)
	at org.apache.hc.client5.http.impl.classic.CloseableHttpClient.execute(CloseableHttpClient.java:87)
	at org.apache.hc.client5.http.impl.classic.CloseableHttpClient.execute(CloseableHttpClient.java:55)
	at org.apache.hc.client5.http.classic.HttpClient.executeOpen(HttpClient.java:183)
	at org.springframework.http.client.HttpComponentsClientHttpRequest.executeInternal(HttpComponentsClientHttpRequest.java:95)
	at org.springframework.http.client.AbstractStreamingClientHttpRequest.executeInternal(AbstractStreamingClientHttpRequest.java:70)
	at org.springframework.http.client.AbstractClientHttpRequest.execute(AbstractClientHttpRequest.java:66)
	at org.springframework.http.client.InterceptingClientHttpRequest$InterceptingRequestExecution.execute(InterceptingClientHttpRequest.java:101)
	at org.springframework.cloud.netflix.eureka.http.RestTemplateTransportClientFactory.lambda$restTemplate$0(RestTemplateTransportClientFactory.java:143)
	at org.springframework.http.client.InterceptingClientHttpRequest$InterceptingRequestExecution.execute(InterceptingClientHttpRequest.java:87)
	at org.springframework.http.client.InterceptingClientHttpRequest.executeInternal(InterceptingClientHttpRequest.java:71)
	at org.springframework.http.client.AbstractBufferingClientHttpRequest.executeInternal(AbstractBufferingClientHttpRequest.java:48)
	at org.springframework.http.client.AbstractClientHttpRequest.execute(AbstractClientHttpRequest.java:66)
	at org.springframework.web.client.RestTemplate.doExecute(RestTemplate.java:879)
	at org.springframework.web.client.RestTemplate.execute(RestTemplate.java:781)
	at org.springframework.web.client.RestTemplate.exchange(RestTemplate.java:663)
	at org.springframework.cloud.netflix.eureka.http.RestTemplateEurekaHttpClient.getApplicationsInternal(RestTemplateEurekaHttpClient.java:145)
	at org.springframework.cloud.netflix.eureka.http.RestTemplateEurekaHttpClient.getDelta(RestTemplateEurekaHttpClient.java:155)
	at com.netflix.discovery.shared.transport.decorator.EurekaHttpClientDecorator$7.execute(EurekaHttpClientDecorator.java:152)
	at com.netflix.discovery.shared.transport.decorator.RedirectingEurekaHttpClient.executeOnNewServer(RedirectingEurekaHttpClient.java:121)
	at com.netflix.discovery.shared.transport.decorator.RedirectingEurekaHttpClient.execute(RedirectingEurekaHttpClient.java:80)
	at com.netflix.discovery.shared.transport.decorator.EurekaHttpClientDecorator.getDelta(EurekaHttpClientDecorator.java:149)
	at com.netflix.discovery.shared.transport.decorator.EurekaHttpClientDecorator$7.execute(EurekaHttpClientDecorator.java:152)
	at com.netflix.discovery.shared.transport.decorator.RetryableEurekaHttpClient.execute(RetryableEurekaHttpClient.java:120)
	at com.netflix.discovery.shared.transport.decorator.EurekaHttpClientDecorator.getDelta(EurekaHttpClientDecorator.java:149)
	at com.netflix.discovery.shared.transport.decorator.EurekaHttpClientDecorator$7.execute(EurekaHttpClientDecorator.java:152)
	at com.netflix.discovery.shared.transport.decorator.SessionedEurekaHttpClient.execute(SessionedEurekaHttpClient.java:77)
	at com.netflix.discovery.shared.transport.decorator.EurekaHttpClientDecorator.getDelta(EurekaHttpClientDecorator.java:149)
	at com.netflix.discovery.DiscoveryClient.getAndUpdateDelta(DiscoveryClient.java:1079)
	at com.netflix.discovery.DiscoveryClient.fetchRegistry(DiscoveryClient.java:960)
	at com.netflix.discovery.DiscoveryClient.refreshRegistry(DiscoveryClient.java:1475)
	at com.netflix.discovery.DiscoveryClient$CacheRefreshThread.run(DiscoveryClient.java:1442)
	at java.base/java.util.concurrent.Executors$RunnableAdapter.call(Executors.java:572)
	at java.base/java.util.concurrent.FutureTask.run(FutureTask.java:317)
	at java.base/java.util.concurrent.ThreadPoolExecutor.runWorker(ThreadPoolExecutor.java:1144)
	at java.base/java.util.concurrent.ThreadPoolExecutor$Worker.run(ThreadPoolExecutor.java:642)
	at java.base/java.lang.Thread.run(Thread.java:1583)

2026-02-22T13:21:27.899+05:30  WARN 1700 --- [productService] [DiscoveryClient-CacheRefreshExecutor-0] [                                                 ] c.n.d.s.t.d.RetryableEurekaHttpClient    : Request execution failed with message: Connection pool shut down
2026-02-22T13:21:27.905+05:30  INFO 1700 --- [productService] [DiscoveryClient-CacheRefreshExecutor-0] [                                                 ] com.netflix.discovery.DiscoveryClient    : DiscoveryClient_PRODUCTSERVICE/DESKTOP-ECRRR37.mshome.net:productService:8082 - was unable to refresh its cache! This periodic background refresh will be retried in 30 seconds. status = Cannot execute request on any known server stacktrace = com.netflix.discovery.shared.transport.TransportException: Cannot execute request on any known server
	at com.netflix.discovery.shared.transport.decorator.RetryableEurekaHttpClient.execute(RetryableEurekaHttpClient.java:112)
	at com.netflix.discovery.shared.transport.decorator.EurekaHttpClientDecorator.getDelta(EurekaHttpClientDecorator.java:149)
	at com.netflix.discovery.shared.transport.decorator.EurekaHttpClientDecorator$7.execute(EurekaHttpClientDecorator.java:152)
	at com.netflix.discovery.shared.transport.decorator.SessionedEurekaHttpClient.execute(SessionedEurekaHttpClient.java:77)
	at com.netflix.discovery.shared.transport.decorator.EurekaHttpClientDecorator.getDelta(EurekaHttpClientDecorator.java:149)
	at com.netflix.discovery.DiscoveryClient.getAndUpdateDelta(DiscoveryClient.java:1079)
	at com.netflix.discovery.DiscoveryClient.fetchRegistry(DiscoveryClient.java:960)
	at com.netflix.discovery.DiscoveryClient.refreshRegistry(DiscoveryClient.java:1475)
	at com.netflix.discovery.DiscoveryClient$CacheRefreshThread.run(DiscoveryClient.java:1442)
	at java.base/java.util.concurrent.Executors$RunnableAdapter.call(Executors.java:572)
	at java.base/java.util.concurrent.FutureTask.run(FutureTask.java:317)
	at java.base/java.util.concurrent.ThreadPoolExecutor.runWorker(ThreadPoolExecutor.java:1144)
	at java.base/java.util.concurrent.ThreadPoolExecutor$Worker.run(ThreadPoolExecutor.java:642)
	at java.base/java.lang.Thread.run(Thread.java:1583)

2026-02-22T13:21:28.275+05:30 DEBUG 1700 --- [productService] [AsyncReporter{org.springframework.boot.actuate.autoconfigure.tracing.zipkin.ZipkinRestTemplateSender@3516b881}] [                                                 ] o.s.web.client.RestTemplate              : HTTP POST http://localhost:9411/api/v2/spans
2026-02-22T13:21:28.278+05:30 DEBUG 1700 --- [productService] [AsyncReporter{org.springframework.boot.actuate.autoconfigure.tracing.zipkin.ZipkinRestTemplateSender@3516b881}] [                                                 ] o.s.web.client.RestTemplate              : Accept=[application/json, application/*+json]
2026-02-22T13:21:28.278+05:30 DEBUG 1700 --- [productService] [AsyncReporter{org.springframework.boot.actuate.autoconfigure.tracing.zipkin.ZipkinRestTemplateSender@3516b881}] [                                                 ] o.s.web.client.RestTemplate              : Writing [[B@343e50d7] as "application/json"
2026-02-22T13:21:28.320+05:30  INFO 1700 --- [productService] [SpringApplicationShutdownHook] [                                                 ] com.netflix.discovery.DiscoveryClient    : Shutting down DiscoveryClient ...
2026-02-22T13:21:28.333+05:30 DEBUG 1700 --- [productService] [AsyncReporter{org.springframework.boot.actuate.autoconfigure.tracing.zipkin.ZipkinRestTemplateSender@3516b881}] [                                                 ] o.s.web.client.RestTemplate              : Response 202 ACCEPTED
2026-02-22T13:21:29.361+05:30  INFO 1700 --- [productService] [AsyncResolver-bootstrap-executor-0] [                                                 ] c.n.d.s.r.aws.ConfigClusterResolver      : Resolving eureka endpoints via configuration
2026-02-22T13:21:31.992+05:30  INFO 1700 --- [productService] [SpringApplicationShutdownHook] [                                                 ] com.netflix.discovery.DiscoveryClient    : Unregistering ...
2026-02-22T13:21:32.138+05:30 DEBUG 1700 --- [productService] [SpringApplicationShutdownHook] [                                                 ] o.s.web.client.RestTemplate              : HTTP DELETE http://localhost:8761/eureka/apps/PRODUCTSERVICE/DESKTOP-ECRRR37.mshome.net:productService:8082
2026-02-22T13:21:32.161+05:30 DEBUG 1700 --- [productService] [SpringApplicationShutdownHook] [                                                 ] o.s.web.client.RestTemplate              : Accept=[application/json, application/*+json]
2026-02-22T13:21:32.219+05:30  INFO 1700 --- [productService] [SpringApplicationShutdownHook] [                                                 ] c.n.d.s.t.d.RedirectingEurekaHttpClient  : Request execution error. endpoint=DefaultEndpoint{ serviceUrl='http://localhost:8761/eureka/} exception=Connection pool shut down stacktrace=java.lang.IllegalStateException: Connection pool shut down
	at org.apache.hc.core5.util.Asserts.check(Asserts.java:38)
	at org.apache.hc.core5.pool.StrictConnPool.lease(StrictConnPool.java:176)
	at org.apache.hc.client5.http.impl.io.PoolingHttpClientConnectionManager.lease(PoolingHttpClientConnectionManager.java:298)
	at org.apache.hc.client5.http.impl.classic.InternalExecRuntime.acquireEndpoint(InternalExecRuntime.java:103)
	at org.apache.hc.client5.http.impl.classic.ConnectExec.execute(ConnectExec.java:125)
	at org.apache.hc.client5.http.impl.classic.ExecChainElement.execute(ExecChainElement.java:51)
	at org.apache.hc.client5.http.impl.classic.ProtocolExec.execute(ProtocolExec.java:192)
	at org.apache.hc.client5.http.impl.classic.ExecChainElement.execute(ExecChainElement.java:51)
	at org.apache.hc.client5.http.impl.classic.HttpRequestRetryExec.execute(HttpRequestRetryExec.java:96)
	at org.apache.hc.client5.http.impl.classic.ExecChainElement.execute(ExecChainElement.java:51)
	at org.apache.hc.client5.http.impl.classic.ContentCompressionExec.execute(ContentCompressionExec.java:152)
	at org.apache.hc.client5.http.impl.classic.ExecChainElement.execute(ExecChainElement.java:51)
	at org.apache.hc.client5.http.impl.classic.RedirectExec.execute(RedirectExec.java:115)
	at org.apache.hc.client5.http.impl.classic.ExecChainElement.execute(ExecChainElement.java:51)
	at org.apache.hc.client5.http.impl.classic.InternalHttpClient.doExecute(InternalHttpClient.java:170)
	at org.apache.hc.client5.http.impl.classic.CloseableHttpClient.execute(CloseableHttpClient.java:87)
	at org.apache.hc.client5.http.impl.classic.CloseableHttpClient.execute(CloseableHttpClient.java:55)
	at org.apache.hc.client5.http.classic.HttpClient.executeOpen(HttpClient.java:183)
	at org.springframework.http.client.HttpComponentsClientHttpRequest.executeInternal(HttpComponentsClientHttpRequest.java:95)
	at org.springframework.http.client.AbstractStreamingClientHttpRequest.executeInternal(AbstractStreamingClientHttpRequest.java:70)
	at org.springframework.http.client.AbstractClientHttpRequest.execute(AbstractClientHttpRequest.java:66)
	at org.springframework.http.client.InterceptingClientHttpRequest$InterceptingRequestExecution.execute(InterceptingClientHttpRequest.java:101)
	at org.springframework.cloud.netflix.eureka.http.RestTemplateTransportClientFactory.lambda$restTemplate$0(RestTemplateTransportClientFactory.java:143)
	at org.springframework.http.client.InterceptingClientHttpRequest$InterceptingRequestExecution.execute(InterceptingClientHttpRequest.java:87)
	at org.springframework.http.client.InterceptingClientHttpRequest.executeInternal(InterceptingClientHttpRequest.java:71)
	at org.springframework.http.client.AbstractBufferingClientHttpRequest.executeInternal(AbstractBufferingClientHttpRequest.java:48)
	at org.springframework.http.client.AbstractClientHttpRequest.execute(AbstractClientHttpRequest.java:66)
	at org.springframework.web.client.RestTemplate.doExecute(RestTemplate.java:879)
	at org.springframework.web.client.RestTemplate.execute(RestTemplate.java:781)
	at org.springframework.web.client.RestTemplate.exchange(RestTemplate.java:663)
	at org.springframework.cloud.netflix.eureka.http.RestTemplateEurekaHttpClient.cancel(RestTemplateEurekaHttpClient.java:87)
	at com.netflix.discovery.shared.transport.decorator.EurekaHttpClientDecorator$2.execute(EurekaHttpClientDecorator.java:74)
	at com.netflix.discovery.shared.transport.decorator.RedirectingEurekaHttpClient.execute(RedirectingEurekaHttpClient.java:91)
	at com.netflix.discovery.shared.transport.decorator.EurekaHttpClientDecorator.cancel(EurekaHttpClientDecorator.java:71)
	at com.netflix.discovery.shared.transport.decorator.EurekaHttpClientDecorator$2.execute(EurekaHttpClientDecorator.java:74)
	at com.netflix.discovery.shared.transport.decorator.RetryableEurekaHttpClient.execute(RetryableEurekaHttpClient.java:120)
	at com.netflix.discovery.shared.transport.decorator.EurekaHttpClientDecorator.cancel(EurekaHttpClientDecorator.java:71)
	at com.netflix.discovery.shared.transport.decorator.EurekaHttpClientDecorator$2.execute(EurekaHttpClientDecorator.java:74)
	at com.netflix.discovery.shared.transport.decorator.SessionedEurekaHttpClient.execute(SessionedEurekaHttpClient.java:77)
	at com.netflix.discovery.shared.transport.decorator.EurekaHttpClientDecorator.cancel(EurekaHttpClientDecorator.java:71)
	at com.netflix.discovery.DiscoveryClient.unregister(DiscoveryClient.java:916)
	at com.netflix.discovery.DiscoveryClient.shutdown(DiscoveryClient.java:892)
	at java.base/jdk.internal.reflect.DirectMethodHandleAccessor.invoke(DirectMethodHandleAccessor.java:103)
	at java.base/java.lang.reflect.Method.invoke(Method.java:580)
	at org.springframework.beans.factory.annotation.InitDestroyAnnotationBeanPostProcessor$LifecycleMethod.invoke(InitDestroyAnnotationBeanPostProcessor.java:457)
	at org.springframework.beans.factory.annotation.InitDestroyAnnotationBeanPostProcessor$LifecycleMetadata.invokeDestroyMethods(InitDestroyAnnotationBeanPostProcessor.java:415)
	at org.springframework.beans.factory.annotation.InitDestroyAnnotationBeanPostProcessor.postProcessBeforeDestruction(InitDestroyAnnotationBeanPostProcessor.java:239)
	at org.springframework.beans.factory.support.DisposableBeanAdapter.destroy(DisposableBeanAdapter.java:202)
	at org.springframework.beans.factory.support.DisposableBeanAdapter.run(DisposableBeanAdapter.java:195)
	at org.springframework.cloud.context.scope.GenericScope$BeanLifecycleWrapper.destroy(GenericScope.java:389)
	at org.springframework.cloud.context.scope.GenericScope.destroy(GenericScope.java:136)
	at org.springframework.beans.factory.support.DisposableBeanAdapter.destroy(DisposableBeanAdapter.java:211)
	at org.springframework.beans.factory.support.DefaultSingletonBeanRegistry.destroyBean(DefaultSingletonBeanRegistry.java:587)
	at org.springframework.beans.factory.support.DefaultSingletonBeanRegistry.destroySingleton(DefaultSingletonBeanRegistry.java:559)
	at org.springframework.beans.factory.support.DefaultListableBeanFactory.destroySingleton(DefaultListableBeanFactory.java:1202)
	at org.springframework.beans.factory.support.DefaultSingletonBeanRegistry.destroySingletons(DefaultSingletonBeanRegistry.java:520)
	at org.springframework.beans.factory.support.DefaultListableBeanFactory.destroySingletons(DefaultListableBeanFactory.java:1195)
	at org.springframework.context.support.AbstractApplicationContext.destroyBeans(AbstractApplicationContext.java:1183)
	at org.springframework.context.support.AbstractApplicationContext.doClose(AbstractApplicationContext.java:1144)
	at org.springframework.boot.web.servlet.context.ServletWebServerApplicationContext.doClose(ServletWebServerApplicationContext.java:174)
	at org.springframework.context.support.AbstractApplicationContext.close(AbstractApplicationContext.java:1090)
	at org.springframework.boot.SpringApplicationShutdownHook.closeAndWait(SpringApplicationShutdownHook.java:145)
	at java.base/java.lang.Iterable.forEach(Iterable.java:75)
	at org.springframework.boot.SpringApplicationShutdownHook.run(SpringApplicationShutdownHook.java:114)
	at java.base/java.lang.Thread.run(Thread.java:1583)

2026-02-22T13:21:32.220+05:30  WARN 1700 --- [productService] [SpringApplicationShutdownHook] [                                                 ] c.n.d.s.t.d.RetryableEurekaHttpClient    : Request execution failed with message: Connection pool shut down
2026-02-22T13:21:32.272+05:30 DEBUG 1700 --- [productService] [SpringApplicationShutdownHook] [                                                 ] o.s.web.client.RestTemplate              : HTTP DELETE http://localhost:8761/eureka/apps/PRODUCTSERVICE/DESKTOP-ECRRR37.mshome.net:productService:8082
2026-02-22T13:21:32.273+05:30 DEBUG 1700 --- [productService] [SpringApplicationShutdownHook] [                                                 ] o.s.web.client.RestTemplate              : Accept=[application/json, application/*+json]
2026-02-22T13:21:32.276+05:30  INFO 1700 --- [productService] [SpringApplicationShutdownHook] [                                                 ] c.n.d.s.t.d.RedirectingEurekaHttpClient  : Request execution error. endpoint=DefaultEndpoint{ serviceUrl='http://localhost:8761/eureka/}, exception=Connection pool shut down stacktrace=java.lang.IllegalStateException: Connection pool shut down
	at org.apache.hc.core5.util.Asserts.check(Asserts.java:38)
	at org.apache.hc.core5.pool.StrictConnPool.lease(StrictConnPool.java:176)
	at org.apache.hc.client5.http.impl.io.PoolingHttpClientConnectionManager.lease(PoolingHttpClientConnectionManager.java:298)
	at org.apache.hc.client5.http.impl.classic.InternalExecRuntime.acquireEndpoint(InternalExecRuntime.java:103)
	at org.apache.hc.client5.http.impl.classic.ConnectExec.execute(ConnectExec.java:125)
	at org.apache.hc.client5.http.impl.classic.ExecChainElement.execute(ExecChainElement.java:51)
	at org.apache.hc.client5.http.impl.classic.ProtocolExec.execute(ProtocolExec.java:192)
	at org.apache.hc.client5.http.impl.classic.ExecChainElement.execute(ExecChainElement.java:51)
	at org.apache.hc.client5.http.impl.classic.HttpRequestRetryExec.execute(HttpRequestRetryExec.java:96)
	at org.apache.hc.client5.http.impl.classic.ExecChainElement.execute(ExecChainElement.java:51)
	at org.apache.hc.client5.http.impl.classic.ContentCompressionExec.execute(ContentCompressionExec.java:152)
	at org.apache.hc.client5.http.impl.classic.ExecChainElement.execute(ExecChainElement.java:51)
	at org.apache.hc.client5.http.impl.classic.RedirectExec.execute(RedirectExec.java:115)
	at org.apache.hc.client5.http.impl.classic.ExecChainElement.execute(ExecChainElement.java:51)
	at org.apache.hc.client5.http.impl.classic.InternalHttpClient.doExecute(InternalHttpClient.java:170)
	at org.apache.hc.client5.http.impl.classic.CloseableHttpClient.execute(CloseableHttpClient.java:87)
	at org.apache.hc.client5.http.impl.classic.CloseableHttpClient.execute(CloseableHttpClient.java:55)
	at org.apache.hc.client5.http.classic.HttpClient.executeOpen(HttpClient.java:183)
	at org.springframework.http.client.HttpComponentsClientHttpRequest.executeInternal(HttpComponentsClientHttpRequest.java:95)
	at org.springframework.http.client.AbstractStreamingClientHttpRequest.executeInternal(AbstractStreamingClientHttpRequest.java:70)
	at org.springframework.http.client.AbstractClientHttpRequest.execute(AbstractClientHttpRequest.java:66)
	at org.springframework.http.client.InterceptingClientHttpRequest$InterceptingRequestExecution.execute(InterceptingClientHttpRequest.java:101)
	at org.springframework.cloud.netflix.eureka.http.RestTemplateTransportClientFactory.lambda$restTemplate$0(RestTemplateTransportClientFactory.java:143)
	at org.springframework.http.client.InterceptingClientHttpRequest$InterceptingRequestExecution.execute(InterceptingClientHttpRequest.java:87)
	at org.springframework.http.client.InterceptingClientHttpRequest.executeInternal(InterceptingClientHttpRequest.java:71)
	at org.springframework.http.client.AbstractBufferingClientHttpRequest.executeInternal(AbstractBufferingClientHttpRequest.java:48)
	at org.springframework.http.client.AbstractClientHttpRequest.execute(AbstractClientHttpRequest.java:66)
	at org.springframework.web.client.RestTemplate.doExecute(RestTemplate.java:879)
	at org.springframework.web.client.RestTemplate.execute(RestTemplate.java:781)
	at org.springframework.web.client.RestTemplate.exchange(RestTemplate.java:663)
	at org.springframework.cloud.netflix.eureka.http.RestTemplateEurekaHttpClient.cancel(RestTemplateEurekaHttpClient.java:87)
	at com.netflix.discovery.shared.transport.decorator.EurekaHttpClientDecorator$2.execute(EurekaHttpClientDecorator.java:74)
	at com.netflix.discovery.shared.transport.decorator.RedirectingEurekaHttpClient.executeOnNewServer(RedirectingEurekaHttpClient.java:121)
	at com.netflix.discovery.shared.transport.decorator.RedirectingEurekaHttpClient.execute(RedirectingEurekaHttpClient.java:80)
	at com.netflix.discovery.shared.transport.decorator.EurekaHttpClientDecorator.cancel(EurekaHttpClientDecorator.java:71)
	at com.netflix.discovery.shared.transport.decorator.EurekaHttpClientDecorator$2.execute(EurekaHttpClientDecorator.java:74)
	at com.netflix.discovery.shared.transport.decorator.RetryableEurekaHttpClient.execute(RetryableEurekaHttpClient.java:120)
	at com.netflix.discovery.shared.transport.decorator.EurekaHttpClientDecorator.cancel(EurekaHttpClientDecorator.java:71)
	at com.netflix.discovery.shared.transport.decorator.EurekaHttpClientDecorator$2.execute(EurekaHttpClientDecorator.java:74)
	at com.netflix.discovery.shared.transport.decorator.SessionedEurekaHttpClient.execute(SessionedEurekaHttpClient.java:77)
	at com.netflix.discovery.shared.transport.decorator.EurekaHttpClientDecorator.cancel(EurekaHttpClientDecorator.java:71)
	at com.netflix.discovery.DiscoveryClient.unregister(DiscoveryClient.java:916)
	at com.netflix.discovery.DiscoveryClient.shutdown(DiscoveryClient.java:892)
	at java.base/jdk.internal.reflect.DirectMethodHandleAccessor.invoke(DirectMethodHandleAccessor.java:103)
	at java.base/java.lang.reflect.Method.invoke(Method.java:580)
	at org.springframework.beans.factory.annotation.InitDestroyAnnotationBeanPostProcessor$LifecycleMethod.invoke(InitDestroyAnnotationBeanPostProcessor.java:457)
	at org.springframework.beans.factory.annotation.InitDestroyAnnotationBeanPostProcessor$LifecycleMetadata.invokeDestroyMethods(InitDestroyAnnotationBeanPostProcessor.java:415)
	at org.springframework.beans.factory.annotation.InitDestroyAnnotationBeanPostProcessor.postProcessBeforeDestruction(InitDestroyAnnotationBeanPostProcessor.java:239)
	at org.springframework.beans.factory.support.DisposableBeanAdapter.destroy(DisposableBeanAdapter.java:202)
	at org.springframework.beans.factory.support.DisposableBeanAdapter.run(DisposableBeanAdapter.java:195)
	at org.springframework.cloud.context.scope.GenericScope$BeanLifecycleWrapper.destroy(GenericScope.java:389)
	at org.springframework.cloud.context.scope.GenericScope.destroy(GenericScope.java:136)
	at org.springframework.beans.factory.support.DisposableBeanAdapter.destroy(DisposableBeanAdapter.java:211)
	at org.springframework.beans.factory.support.DefaultSingletonBeanRegistry.destroyBean(DefaultSingletonBeanRegistry.java:587)
	at org.springframework.beans.factory.support.DefaultSingletonBeanRegistry.destroySingleton(DefaultSingletonBeanRegistry.java:559)
	at org.springframework.beans.factory.support.DefaultListableBeanFactory.destroySingleton(DefaultListableBeanFactory.java:1202)
	at org.springframework.beans.factory.support.DefaultSingletonBeanRegistry.destroySingletons(DefaultSingletonBeanRegistry.java:520)
	at org.springframework.beans.factory.support.DefaultListableBeanFactory.destroySingletons(DefaultListableBeanFactory.java:1195)
	at org.springframework.context.support.AbstractApplicationContext.destroyBeans(AbstractApplicationContext.java:1183)
	at org.springframework.context.support.AbstractApplicationContext.doClose(AbstractApplicationContext.java:1144)
	at org.springframework.boot.web.servlet.context.ServletWebServerApplicationContext.doClose(ServletWebServerApplicationContext.java:174)
	at org.springframework.context.support.AbstractApplicationContext.close(AbstractApplicationContext.java:1090)
	at org.springframework.boot.SpringApplicationShutdownHook.closeAndWait(SpringApplicationShutdownHook.java:145)
	at java.base/java.lang.Iterable.forEach(Iterable.java:75)
	at org.springframework.boot.SpringApplicationShutdownHook.run(SpringApplicationShutdownHook.java:114)
	at java.base/java.lang.Thread.run(Thread.java:1583)

2026-02-22T13:21:32.278+05:30  WARN 1700 --- [productService] [SpringApplicationShutdownHook] [                                                 ] c.n.d.s.t.d.RetryableEurekaHttpClient    : Request execution failed with message: Connection pool shut down
2026-02-22T13:21:32.279+05:30 ERROR 1700 --- [productService] [SpringApplicationShutdownHook] [                                                 ] com.netflix.discovery.DiscoveryClient    : DiscoveryClient_PRODUCTSERVICE/DESKTOP-ECRRR37.mshome.net:productService:8082 - de-registration failedCannot execute request on any known server

com.netflix.discovery.shared.transport.TransportException: Cannot execute request on any known server
	at com.netflix.discovery.shared.transport.decorator.RetryableEurekaHttpClient.execute(RetryableEurekaHttpClient.java:112) ~[eureka-client-2.0.2.jar:2.0.2]
	at com.netflix.discovery.shared.transport.decorator.EurekaHttpClientDecorator.cancel(EurekaHttpClientDecorator.java:71) ~[eureka-client-2.0.2.jar:2.0.2]
	at com.netflix.discovery.shared.transport.decorator.EurekaHttpClientDecorator$2.execute(EurekaHttpClientDecorator.java:74) ~[eureka-client-2.0.2.jar:2.0.2]
	at com.netflix.discovery.shared.transport.decorator.SessionedEurekaHttpClient.execute(SessionedEurekaHttpClient.java:77) ~[eureka-client-2.0.2.jar:2.0.2]
	at com.netflix.discovery.shared.transport.decorator.EurekaHttpClientDecorator.cancel(EurekaHttpClientDecorator.java:71) ~[eureka-client-2.0.2.jar:2.0.2]
	at com.netflix.discovery.DiscoveryClient.unregister(DiscoveryClient.java:916) ~[eureka-client-2.0.2.jar:2.0.2]
	at com.netflix.discovery.DiscoveryClient.shutdown(DiscoveryClient.java:892) ~[eureka-client-2.0.2.jar:2.0.2]
	at java.base/jdk.internal.reflect.DirectMethodHandleAccessor.invoke(DirectMethodHandleAccessor.java:103) ~[na:na]
	at java.base/java.lang.reflect.Method.invoke(Method.java:580) ~[na:na]
	at org.springframework.beans.factory.annotation.InitDestroyAnnotationBeanPostProcessor$LifecycleMethod.invoke(InitDestroyAnnotationBeanPostProcessor.java:457) ~[spring-beans-6.1.3.jar:6.1.3]
	at org.springframework.beans.factory.annotation.InitDestroyAnnotationBeanPostProcessor$LifecycleMetadata.invokeDestroyMethods(InitDestroyAnnotationBeanPostProcessor.java:415) ~[spring-beans-6.1.3.jar:6.1.3]
	at org.springframework.beans.factory.annotation.InitDestroyAnnotationBeanPostProcessor.postProcessBeforeDestruction(InitDestroyAnnotationBeanPostProcessor.java:239) ~[spring-beans-6.1.3.jar:6.1.3]
	at org.springframework.beans.factory.support.DisposableBeanAdapter.destroy(DisposableBeanAdapter.java:202) ~[spring-beans-6.1.3.jar:6.1.3]
	at org.springframework.beans.factory.support.DisposableBeanAdapter.run(DisposableBeanAdapter.java:195) ~[spring-beans-6.1.3.jar:6.1.3]
	at org.springframework.cloud.context.scope.GenericScope$BeanLifecycleWrapper.destroy(GenericScope.java:389) ~[spring-cloud-context-4.1.2.jar:4.1.2]
	at org.springframework.cloud.context.scope.GenericScope.destroy(GenericScope.java:136) ~[spring-cloud-context-4.1.2.jar:4.1.2]
	at org.springframework.beans.factory.support.DisposableBeanAdapter.destroy(DisposableBeanAdapter.java:211) ~[spring-beans-6.1.3.jar:6.1.3]
	at org.springframework.beans.factory.support.DefaultSingletonBeanRegistry.destroyBean(DefaultSingletonBeanRegistry.java:587) ~[spring-beans-6.1.3.jar:6.1.3]
	at org.springframework.beans.factory.support.DefaultSingletonBeanRegistry.destroySingleton(DefaultSingletonBeanRegistry.java:559) ~[spring-beans-6.1.3.jar:6.1.3]
	at org.springframework.beans.factory.support.DefaultListableBeanFactory.destroySingleton(DefaultListableBeanFactory.java:1202) ~[spring-beans-6.1.3.jar:6.1.3]
	at org.springframework.beans.factory.support.DefaultSingletonBeanRegistry.destroySingletons(DefaultSingletonBeanRegistry.java:520) ~[spring-beans-6.1.3.jar:6.1.3]
	at org.springframework.beans.factory.support.DefaultListableBeanFactory.destroySingletons(DefaultListableBeanFactory.java:1195) ~[spring-beans-6.1.3.jar:6.1.3]
	at org.springframework.context.support.AbstractApplicationContext.destroyBeans(AbstractApplicationContext.java:1183) ~[spring-context-6.1.3.jar:6.1.3]
	at org.springframework.context.support.AbstractApplicationContext.doClose(AbstractApplicationContext.java:1144) ~[spring-context-6.1.3.jar:6.1.3]
	at org.springframework.boot.web.servlet.context.ServletWebServerApplicationContext.doClose(ServletWebServerApplicationContext.java:174) ~[spring-boot-3.2.2.jar:3.2.2]
	at org.springframework.context.support.AbstractApplicationContext.close(AbstractApplicationContext.java:1090) ~[spring-context-6.1.3.jar:6.1.3]
	at org.springframework.boot.SpringApplicationShutdownHook.closeAndWait(SpringApplicationShutdownHook.java:145) ~[spring-boot-3.2.2.jar:3.2.2]
	at java.base/java.lang.Iterable.forEach(Iterable.java:75) ~[na:na]
	at org.springframework.boot.SpringApplicationShutdownHook.run(SpringApplicationShutdownHook.java:114) ~[spring-boot-3.2.2.jar:3.2.2]
	at java.base/java.lang.Thread.run(Thread.java:1583) ~[na:na]

2026-02-22T13:21:32.612+05:30  INFO 1700 --- [productService] [SpringApplicationShutdownHook] [                                                 ] com.netflix.discovery.DiscoveryClient    : Completed shut down of DiscoveryClient
