2026-02-22T11:02:19.560+05:30  INFO 25864 --- [SpringCloud_EurekaServer] [restartedMain] [                                                 ] c.e.s.SpringCloudEurekaServerApplication : Starting SpringCloudEurekaServerApplication using Java 21.0.2 with PID 25864 (D:\SpringBoot_Microservices\E_Commerece_Project_Backend\Microservices\Microservices_Project\SpringCloud_EurekaServer\target\classes started by CH HEMANTH KUMAR in D:\SpringBoot_Microservices\E_Commerece_Project_Backend\Microservices)
2026-02-22T11:02:19.581+05:30  INFO 25864 --- [SpringCloud_EurekaServer] [restartedMain] [                                                 ] c.e.s.SpringCloudEurekaServerApplication : No active profile set, falling back to 1 default profile: "default"
2026-02-22T11:02:19.761+05:30  INFO 25864 --- [SpringCloud_EurekaServer] [restartedMain] [                                                 ] .e.DevToolsPropertyDefaultsPostProcessor : Devtools property defaults active! Set 'spring.devtools.add-properties' to 'false' to disable
2026-02-22T11:02:19.762+05:30  INFO 25864 --- [SpringCloud_EurekaServer] [restartedMain] [                                                 ] .e.DevToolsPropertyDefaultsPostProcessor : For additional web related logging consider setting the 'logging.level.web' property to 'DEBUG'
2026-02-22T11:02:29.253+05:30  INFO 25864 --- [SpringCloud_EurekaServer] [restartedMain] [                                                 ] o.s.cloud.context.scope.GenericScope     : BeanFactory id=7a00e015-1a13-3501-93bf-8e5d662828e4
2026-02-22T11:02:30.288+05:30  INFO 25864 --- [SpringCloud_EurekaServer] [restartedMain] [                                                 ] o.s.boot.tomcat.TomcatWebServer          : Tomcat initialized with port 8761 (http)
2026-02-22T11:02:30.326+05:30  INFO 25864 --- [SpringCloud_EurekaServer] [restartedMain] [                                                 ] o.apache.catalina.core.StandardService   : Starting service [Tomcat]
2026-02-22T11:02:30.327+05:30  INFO 25864 --- [SpringCloud_EurekaServer] [restartedMain] [                                                 ] o.apache.catalina.core.StandardEngine    : Starting Servlet engine: [Apache Tomcat/11.0.15]
2026-02-22T11:02:30.475+05:30  INFO 25864 --- [SpringCloud_EurekaServer] [restartedMain] [                                                 ] b.w.c.s.WebApplicationContextInitializer : Root WebApplicationContext: initialization completed in 10708 ms
2026-02-22T11:02:34.726+05:30  INFO 25864 --- [SpringCloud_EurekaServer] [restartedMain] [                                                 ] c.n.d.provider.DiscoveryJerseyProvider   : Using JSON encoding codec LegacyJacksonJson
2026-02-22T11:02:34.727+05:30  INFO 25864 --- [SpringCloud_EurekaServer] [restartedMain] [                                                 ] c.n.d.provider.DiscoveryJerseyProvider   : Using JSON decoding codec LegacyJacksonJson
2026-02-22T11:02:35.223+05:30  INFO 25864 --- [SpringCloud_EurekaServer] [restartedMain] [                                                 ] c.n.d.provider.DiscoveryJerseyProvider   : Using XML encoding codec XStreamXml
2026-02-22T11:02:35.223+05:30  INFO 25864 --- [SpringCloud_EurekaServer] [restartedMain] [                                                 ] c.n.d.provider.DiscoveryJerseyProvider   : Using XML decoding codec XStreamXml
2026-02-22T11:02:35.646+05:30  INFO 25864 --- [SpringCloud_EurekaServer] [restartedMain] [                                                 ] o.s.v.b.OptionalValidatorFactoryBean     : Failed to set up a Bean Validation provider: jakarta.validation.NoProviderFoundException: Unable to create a Configuration, because no Jakarta Validation provider could be found. Add a provider like Hibernate Validator (RI) to your classpath.
2026-02-22T11:02:37.408+05:30  WARN 25864 --- [SpringCloud_EurekaServer] [restartedMain] [                                                 ] iguration$LoadBalancerCaffeineWarnLogger : Spring Cloud LoadBalancer is currently working with the default cache. While this cache implementation is useful for development and tests, it's recommended to use Caffeine cache in production.You can switch to using Caffeine cache, by adding it and org.springframework.cache.caffeine.CaffeineCacheManager to the classpath.
2026-02-22T11:02:37.454+05:30  INFO 25864 --- [SpringCloud_EurekaServer] [restartedMain] [                                                 ] o.s.c.n.eureka.InstanceInfoFactory       : Setting initial instance status as: STARTING
2026-02-22T11:02:37.487+05:30  INFO 25864 --- [SpringCloud_EurekaServer] [restartedMain] [                                                 ] com.netflix.discovery.DiscoveryClient    : Initializing Eureka in region us-east-1
2026-02-22T11:02:37.488+05:30  INFO 25864 --- [SpringCloud_EurekaServer] [restartedMain] [                                                 ] com.netflix.discovery.DiscoveryClient    : Client configured to neither register nor query for data.
2026-02-22T11:02:37.493+05:30  INFO 25864 --- [SpringCloud_EurekaServer] [restartedMain] [                                                 ] com.netflix.discovery.DiscoveryClient    : Discovery Client initialized at timestamp 1771738357490 with initial instances count: 0
2026-02-22T11:02:37.552+05:30  INFO 25864 --- [SpringCloud_EurekaServer] [restartedMain] [                                                 ] c.n.eureka.DefaultEurekaServerContext    : Initializing ...
2026-02-22T11:02:37.557+05:30  INFO 25864 --- [SpringCloud_EurekaServer] [restartedMain] [                                                 ] c.n.eureka.cluster.PeerEurekaNodes       : Adding new peer nodes [http://localhost:8761/eureka/]
2026-02-22T11:02:37.692+05:30  INFO 25864 --- [SpringCloud_EurekaServer] [restartedMain] [                                                 ] c.n.d.provider.DiscoveryJerseyProvider   : Using JSON encoding codec LegacyJacksonJson
2026-02-22T11:02:37.694+05:30  INFO 25864 --- [SpringCloud_EurekaServer] [restartedMain] [                                                 ] c.n.d.provider.DiscoveryJerseyProvider   : Using JSON decoding codec LegacyJacksonJson
2026-02-22T11:02:37.695+05:30  INFO 25864 --- [SpringCloud_EurekaServer] [restartedMain] [                                                 ] c.n.d.provider.DiscoveryJerseyProvider   : Using XML encoding codec XStreamXml
2026-02-22T11:02:37.695+05:30  INFO 25864 --- [SpringCloud_EurekaServer] [restartedMain] [                                                 ] c.n.d.provider.DiscoveryJerseyProvider   : Using XML decoding codec XStreamXml
2026-02-22T11:02:37.760+05:30  INFO 25864 --- [SpringCloud_EurekaServer] [restartedMain] [                                                 ] c.n.eureka.cluster.PeerEurekaNodes       : Replica node URL:  http://localhost:8761/eureka/
2026-02-22T11:02:37.774+05:30  INFO 25864 --- [SpringCloud_EurekaServer] [restartedMain] [                                                 ] c.n.e.registry.AbstractInstanceRegistry  : Finished initializing remote region registries. All known remote regions: []
2026-02-22T11:02:37.775+05:30  INFO 25864 --- [SpringCloud_EurekaServer] [restartedMain] [                                                 ] c.n.eureka.DefaultEurekaServerContext    : Initialized
2026-02-22T11:02:37.790+05:30  INFO 25864 --- [SpringCloud_EurekaServer] [restartedMain] [                                                 ] o.s.b.a.e.web.EndpointLinksResolver      : Exposing 17 endpoints beneath base path '/actuator'
2026-02-22T11:02:37.946+05:30  INFO 25864 --- [SpringCloud_EurekaServer] [restartedMain] [                                                 ] o.s.c.n.e.s.EurekaServiceRegistry        : Registering application SPRINGCLOUD_EUREKASERVER with eureka with status UP
2026-02-22T11:02:37.999+05:30  INFO 25864 --- [SpringCloud_EurekaServer] [Thread-13] [                                                 ] o.s.c.n.e.server.EurekaServerBootstrap   : isAws returned false
2026-02-22T11:02:38.001+05:30  INFO 25864 --- [SpringCloud_EurekaServer] [Thread-13] [                                                 ] o.s.c.n.e.server.EurekaServerBootstrap   : Initialized server context
2026-02-22T11:02:38.002+05:30  INFO 25864 --- [SpringCloud_EurekaServer] [Thread-13] [                                                 ] c.n.e.r.PeerAwareInstanceRegistryImpl    : Got 1 instances from neighboring DS node
2026-02-22T11:02:38.002+05:30  INFO 25864 --- [SpringCloud_EurekaServer] [Thread-13] [                                                 ] c.n.e.r.PeerAwareInstanceRegistryImpl    : Renew threshold is: 1
2026-02-22T11:02:38.003+05:30  INFO 25864 --- [SpringCloud_EurekaServer] [Thread-13] [                                                 ] c.n.e.r.PeerAwareInstanceRegistryImpl    : Changing status to UP
2026-02-22T11:02:38.009+05:30  INFO 25864 --- [SpringCloud_EurekaServer] [Thread-13] [                                                 ] e.s.EurekaServerInitializerConfiguration : Started Eureka Server
2026-02-22T11:02:38.023+05:30  INFO 25864 --- [SpringCloud_EurekaServer] [restartedMain] [                                                 ] o.s.boot.tomcat.TomcatWebServer          : Tomcat started on port 8761 (http) with context path '/'
2026-02-22T11:02:38.026+05:30  INFO 25864 --- [SpringCloud_EurekaServer] [restartedMain] [                                                 ] .s.c.n.e.s.EurekaAutoServiceRegistration : Updating port to 8761
2026-02-22T11:02:38.087+05:30  INFO 25864 --- [SpringCloud_EurekaServer] [restartedMain] [                                                 ] c.e.s.SpringCloudEurekaServerApplication : Started SpringCloudEurekaServerApplication in 20.513 seconds (process running for 25.787)
2026-02-22T11:03:14.119+05:30  INFO 25864 --- [SpringCloud_EurekaServer] [http-nio-8761-exec-2] [                                                 ] o.a.c.c.C.[Tomcat].[localhost].[/]       : Initializing Spring DispatcherServlet 'dispatcherServlet'
2026-02-22T11:03:14.120+05:30  INFO 25864 --- [SpringCloud_EurekaServer] [http-nio-8761-exec-2] [                                                 ] o.s.web.servlet.DispatcherServlet        : Initializing Servlet 'dispatcherServlet'
2026-02-22T11:03:14.129+05:30  INFO 25864 --- [SpringCloud_EurekaServer] [http-nio-8761-exec-2] [                                                 ] o.s.web.servlet.DispatcherServlet        : Completed initialization in 7 ms
2026-02-22T11:03:15.444+05:30  INFO 25864 --- [SpringCloud_EurekaServer] [http-nio-8761-exec-1] [699a951ab0fe54f243c99c64780e6d40-fcb1b5a6af749188] c.n.e.registry.AbstractInstanceRegistry  : Registered instance SPRINGCLOUD_CONFIGSERVER/DESKTOP-ECRRR37.mshome.net:SpringCloud_ConfigServer:8888 with status UP (replication=false)
2026-02-22T11:03:16.292+05:30  INFO 25864 --- [SpringCloud_EurekaServer] [http-nio-8761-exec-5] [699a951c0ac9863a7699fe04b5796399-7699fe04b5796399] c.n.e.registry.AbstractInstanceRegistry  : Registered instance SPRINGCLOUD_CONFIGSERVER/DESKTOP-ECRRR37.mshome.net:SpringCloud_ConfigServer:8888 with status UP (replication=true)
2026-02-22T11:03:38.039+05:30  INFO 25864 --- [SpringCloud_EurekaServer] [Eureka-EvictionTimer] [                                                 ] c.n.e.registry.AbstractInstanceRegistry  : Running the evict task with compensationTime 0ms
2026-02-22T11:03:46.062+05:30 ERROR 25864 --- [SpringCloud_EurekaServer] [TaskBatchingWorker-target_localhost-16] [                                                 ] c.n.e.cluster.ReplicationTaskProcessor   : It seems to be a socket read timeout exception, it will retry later. if it continues to happen and some eureka node occupied all the cpu time, you should set property 'eureka.server.peer-node-read-timeout-ms' to a bigger value

jakarta.ws.rs.ProcessingException: java.net.SocketTimeoutException: Read timed out
	at org.glassfish.jersey.apache.connector.ApacheConnector.apply(ApacheConnector.java:535) ~[jersey-apache-connector-3.0.5.jar:na]
	at org.glassfish.jersey.client.ClientRuntime.invoke(ClientRuntime.java:300) ~[jersey-client-4.0.0.jar:na]
	at org.glassfish.jersey.client.JerseyInvocation.lambda$invoke$0(JerseyInvocation.java:671) ~[jersey-client-4.0.0.jar:na]
	at org.glassfish.jersey.client.JerseyInvocation.call(JerseyInvocation.java:706) ~[jersey-client-4.0.0.jar:na]
	at org.glassfish.jersey.client.JerseyInvocation.lambda$runInScope$3(JerseyInvocation.java:700) ~[jersey-client-4.0.0.jar:na]
	at org.glassfish.jersey.internal.Errors.process(Errors.java:292) ~[jersey-common-4.0.0.jar:na]
	at org.glassfish.jersey.internal.Errors.process(Errors.java:274) ~[jersey-common-4.0.0.jar:na]
	at org.glassfish.jersey.internal.Errors.process(Errors.java:205) ~[jersey-common-4.0.0.jar:na]
	at org.glassfish.jersey.process.internal.RequestScope.runInScope(RequestScope.java:391) ~[jersey-common-4.0.0.jar:na]
	at org.glassfish.jersey.client.JerseyInvocation.runInScope(JerseyInvocation.java:700) ~[jersey-client-4.0.0.jar:na]
	at org.glassfish.jersey.client.JerseyInvocation.invoke(JerseyInvocation.java:670) ~[jersey-client-4.0.0.jar:na]
	at org.glassfish.jersey.client.JerseyInvocation$Builder.method(JerseyInvocation.java:436) ~[jersey-client-4.0.0.jar:na]
	at org.glassfish.jersey.client.JerseyInvocation$Builder.post(JerseyInvocation.java:342) ~[jersey-client-4.0.0.jar:na]
	at com.netflix.eureka.transport.Jersey3ReplicationClient.submitBatchUpdates(Jersey3ReplicationClient.java:116) ~[eureka-core-jersey3-2.0.5.jar:2.0.5]
	at com.netflix.eureka.cluster.ReplicationTaskProcessor.process(ReplicationTaskProcessor.java:80) ~[eureka-core-2.0.5.jar:2.0.5]
	at com.netflix.eureka.util.batcher.TaskExecutors$BatchWorkerRunnable.run(TaskExecutors.java:178) ~[eureka-core-2.0.5.jar:2.0.5]
	at java.base/java.lang.Thread.run(Thread.java:1583) ~[na:na]
Caused by: java.net.SocketTimeoutException: Read timed out
	at java.base/sun.nio.ch.NioSocketImpl.timedRead(NioSocketImpl.java:278) ~[na:na]
	at java.base/sun.nio.ch.NioSocketImpl.implRead(NioSocketImpl.java:304) ~[na:na]
	at java.base/sun.nio.ch.NioSocketImpl.read(NioSocketImpl.java:346) ~[na:na]
	at java.base/sun.nio.ch.NioSocketImpl$1.read(NioSocketImpl.java:796) ~[na:na]
	at java.base/java.net.Socket$SocketInputStream.read(Socket.java:1099) ~[na:na]
	at org.apache.http.impl.io.SessionInputBufferImpl.streamRead(SessionInputBufferImpl.java:137) ~[httpcore-4.4.16.jar:4.4.16]
	at org.apache.http.impl.io.SessionInputBufferImpl.fillBuffer(SessionInputBufferImpl.java:153) ~[httpcore-4.4.16.jar:4.4.16]
	at org.apache.http.impl.io.SessionInputBufferImpl.readLine(SessionInputBufferImpl.java:280) ~[httpcore-4.4.16.jar:4.4.16]
	at org.apache.http.impl.conn.DefaultHttpResponseParser.parseHead(DefaultHttpResponseParser.java:138) ~[httpclient-4.5.3.jar:4.5.3]
	at org.apache.http.impl.conn.DefaultHttpResponseParser.parseHead(DefaultHttpResponseParser.java:56) ~[httpclient-4.5.3.jar:4.5.3]
	at org.apache.http.impl.io.AbstractMessageParser.parse(AbstractMessageParser.java:259) ~[httpcore-4.4.16.jar:4.4.16]
	at org.apache.http.impl.DefaultBHttpClientConnection.receiveResponseHeader(DefaultBHttpClientConnection.java:163) ~[httpcore-4.4.16.jar:4.4.16]
	at org.apache.http.impl.conn.CPoolProxy.receiveResponseHeader(CPoolProxy.java:165) ~[httpclient-4.5.3.jar:4.5.3]
	at org.apache.http.protocol.HttpRequestExecutor.doReceiveResponse(HttpRequestExecutor.java:273) ~[httpcore-4.4.16.jar:4.4.16]
	at org.apache.http.protocol.HttpRequestExecutor.execute(HttpRequestExecutor.java:125) ~[httpcore-4.4.16.jar:4.4.16]
	at org.apache.http.impl.execchain.MainClientExec.execute(MainClientExec.java:272) ~[httpclient-4.5.3.jar:4.5.3]
	at org.apache.http.impl.execchain.ProtocolExec.execute(ProtocolExec.java:185) ~[httpclient-4.5.3.jar:4.5.3]
	at org.apache.http.impl.execchain.RetryExec.execute(RetryExec.java:89) ~[httpclient-4.5.3.jar:4.5.3]
	at org.apache.http.impl.execchain.RedirectExec.execute(RedirectExec.java:111) ~[httpclient-4.5.3.jar:4.5.3]
	at org.apache.http.impl.client.InternalHttpClient.doExecute(InternalHttpClient.java:185) ~[httpclient-4.5.3.jar:4.5.3]
	at org.apache.http.impl.client.CloseableHttpClient.execute(CloseableHttpClient.java:72) ~[httpclient-4.5.3.jar:4.5.3]
	at org.glassfish.jersey.apache.connector.ApacheConnector.apply(ApacheConnector.java:487) ~[jersey-apache-connector-3.0.5.jar:na]
	... 16 common frames omitted

2026-02-22T11:04:38.069+05:30  INFO 25864 --- [SpringCloud_EurekaServer] [Eureka-EvictionTimer] [                                                 ] c.n.e.registry.AbstractInstanceRegistry  : Running the evict task with compensationTime 26ms
2026-02-22T11:04:40.243+05:30  INFO 25864 --- [SpringCloud_EurekaServer] [http-nio-8761-exec-1] [699a95705b905286cf1230c90401e25c-cf1230c90401e25c] c.n.e.registry.AbstractInstanceRegistry  : Registered instance USERSERVICE/DESKTOP-ECRRR37.mshome.net:UserService:8081 with status UP (replication=false)
2026-02-22T11:04:40.820+05:30  INFO 25864 --- [SpringCloud_EurekaServer] [http-nio-8761-exec-5] [699a9570232eb47df56b68b0ca30e54d-f56b68b0ca30e54d] c.n.e.registry.AbstractInstanceRegistry  : Registered instance USERSERVICE/DESKTOP-ECRRR37.mshome.net:UserService:8081 with status UP (replication=true)
2026-02-22T11:04:49.017+05:30  INFO 25864 --- [SpringCloud_EurekaServer] [http-nio-8761-exec-4] [699a95789e0a32573ea7cea62bf7cadb-3ea7cea62bf7cadb] c.n.e.registry.AbstractInstanceRegistry  : Registered instance CARTORDERSERVICE/DESKTOP-ECRRR37.mshome.net:CartOrderService:8083 with status UP (replication=false)
2026-02-22T11:04:51.596+05:30  INFO 25864 --- [SpringCloud_EurekaServer] [http-nio-8761-exec-7] [699a957ad77f8a6821ffa2e98653a843-21ffa2e98653a843] c.n.e.registry.AbstractInstanceRegistry  : Registered instance CARTORDERSERVICE/DESKTOP-ECRRR37.mshome.net:CartOrderService:8083 with status UP (replication=true)
2026-02-22T11:04:52.273+05:30 ERROR 25864 --- [SpringCloud_EurekaServer] [TaskBatchingWorker-target_localhost-11] [                                                 ] c.n.e.cluster.ReplicationTaskProcessor   : It seems to be a socket read timeout exception, it will retry later. if it continues to happen and some eureka node occupied all the cpu time, you should set property 'eureka.server.peer-node-read-timeout-ms' to a bigger value

jakarta.ws.rs.ProcessingException: java.net.SocketTimeoutException: Read timed out
	at org.glassfish.jersey.apache.connector.ApacheConnector.apply(ApacheConnector.java:535) ~[jersey-apache-connector-3.0.5.jar:na]
	at org.glassfish.jersey.client.ClientRuntime.invoke(ClientRuntime.java:300) ~[jersey-client-4.0.0.jar:na]
	at org.glassfish.jersey.client.JerseyInvocation.lambda$invoke$0(JerseyInvocation.java:671) ~[jersey-client-4.0.0.jar:na]
	at org.glassfish.jersey.client.JerseyInvocation.call(JerseyInvocation.java:706) ~[jersey-client-4.0.0.jar:na]
	at org.glassfish.jersey.client.JerseyInvocation.lambda$runInScope$3(JerseyInvocation.java:700) ~[jersey-client-4.0.0.jar:na]
	at org.glassfish.jersey.internal.Errors.process(Errors.java:292) ~[jersey-common-4.0.0.jar:na]
	at org.glassfish.jersey.internal.Errors.process(Errors.java:274) ~[jersey-common-4.0.0.jar:na]
	at org.glassfish.jersey.internal.Errors.process(Errors.java:205) ~[jersey-common-4.0.0.jar:na]
	at org.glassfish.jersey.process.internal.RequestScope.runInScope(RequestScope.java:391) ~[jersey-common-4.0.0.jar:na]
	at org.glassfish.jersey.client.JerseyInvocation.runInScope(JerseyInvocation.java:700) ~[jersey-client-4.0.0.jar:na]
	at org.glassfish.jersey.client.JerseyInvocation.invoke(JerseyInvocation.java:670) ~[jersey-client-4.0.0.jar:na]
	at org.glassfish.jersey.client.JerseyInvocation$Builder.method(JerseyInvocation.java:436) ~[jersey-client-4.0.0.jar:na]
	at org.glassfish.jersey.client.JerseyInvocation$Builder.post(JerseyInvocation.java:342) ~[jersey-client-4.0.0.jar:na]
	at com.netflix.eureka.transport.Jersey3ReplicationClient.submitBatchUpdates(Jersey3ReplicationClient.java:116) ~[eureka-core-jersey3-2.0.5.jar:2.0.5]
	at com.netflix.eureka.cluster.ReplicationTaskProcessor.process(ReplicationTaskProcessor.java:80) ~[eureka-core-2.0.5.jar:2.0.5]
	at com.netflix.eureka.util.batcher.TaskExecutors$BatchWorkerRunnable.run(TaskExecutors.java:178) ~[eureka-core-2.0.5.jar:2.0.5]
	at java.base/java.lang.Thread.run(Thread.java:1583) ~[na:na]
Caused by: java.net.SocketTimeoutException: Read timed out
	at java.base/sun.nio.ch.NioSocketImpl.timedRead(NioSocketImpl.java:278) ~[na:na]
	at java.base/sun.nio.ch.NioSocketImpl.implRead(NioSocketImpl.java:304) ~[na:na]
	at java.base/sun.nio.ch.NioSocketImpl.read(NioSocketImpl.java:346) ~[na:na]
	at java.base/sun.nio.ch.NioSocketImpl$1.read(NioSocketImpl.java:796) ~[na:na]
	at java.base/java.net.Socket$SocketInputStream.read(Socket.java:1099) ~[na:na]
	at org.apache.http.impl.io.SessionInputBufferImpl.streamRead(SessionInputBufferImpl.java:137) ~[httpcore-4.4.16.jar:4.4.16]
	at org.apache.http.impl.io.SessionInputBufferImpl.fillBuffer(SessionInputBufferImpl.java:153) ~[httpcore-4.4.16.jar:4.4.16]
	at org.apache.http.impl.io.SessionInputBufferImpl.readLine(SessionInputBufferImpl.java:280) ~[httpcore-4.4.16.jar:4.4.16]
	at org.apache.http.impl.conn.DefaultHttpResponseParser.parseHead(DefaultHttpResponseParser.java:138) ~[httpclient-4.5.3.jar:4.5.3]
	at org.apache.http.impl.conn.DefaultHttpResponseParser.parseHead(DefaultHttpResponseParser.java:56) ~[httpclient-4.5.3.jar:4.5.3]
	at org.apache.http.impl.io.AbstractMessageParser.parse(AbstractMessageParser.java:259) ~[httpcore-4.4.16.jar:4.4.16]
	at org.apache.http.impl.DefaultBHttpClientConnection.receiveResponseHeader(DefaultBHttpClientConnection.java:163) ~[httpcore-4.4.16.jar:4.4.16]
	at org.apache.http.impl.conn.CPoolProxy.receiveResponseHeader(CPoolProxy.java:165) ~[httpclient-4.5.3.jar:4.5.3]
	at org.apache.http.protocol.HttpRequestExecutor.doReceiveResponse(HttpRequestExecutor.java:273) ~[httpcore-4.4.16.jar:4.4.16]
	at org.apache.http.protocol.HttpRequestExecutor.execute(HttpRequestExecutor.java:125) ~[httpcore-4.4.16.jar:4.4.16]
	at org.apache.http.impl.execchain.MainClientExec.execute(MainClientExec.java:272) ~[httpclient-4.5.3.jar:4.5.3]
	at org.apache.http.impl.execchain.ProtocolExec.execute(ProtocolExec.java:185) ~[httpclient-4.5.3.jar:4.5.3]
	at org.apache.http.impl.execchain.RetryExec.execute(RetryExec.java:89) ~[httpclient-4.5.3.jar:4.5.3]
	at org.apache.http.impl.execchain.RedirectExec.execute(RedirectExec.java:111) ~[httpclient-4.5.3.jar:4.5.3]
	at org.apache.http.impl.client.InternalHttpClient.doExecute(InternalHttpClient.java:185) ~[httpclient-4.5.3.jar:4.5.3]
	at org.apache.http.impl.client.CloseableHttpClient.execute(CloseableHttpClient.java:72) ~[httpclient-4.5.3.jar:4.5.3]
	at org.glassfish.jersey.apache.connector.ApacheConnector.apply(ApacheConnector.java:487) ~[jersey-apache-connector-3.0.5.jar:na]
	... 16 common frames omitted

2026-02-22T11:04:59.844+05:30  INFO 25864 --- [SpringCloud_EurekaServer] [http-nio-8761-exec-8] [699a9583ff5d646f7b238e4cf213790d-7b238e4cf213790d] c.n.e.registry.AbstractInstanceRegistry  : Registered instance CARTORDERSERVICE/DESKTOP-ECRRR37.mshome.net:CartOrderService:8083 with status UP (replication=true)
2026-02-22T11:05:38.065+05:30  INFO 25864 --- [SpringCloud_EurekaServer] [Eureka-EvictionTimer] [                                                 ] c.n.e.registry.AbstractInstanceRegistry  : Running the evict task with compensationTime 0ms
2026-02-22T11:05:41.252+05:30 ERROR 25864 --- [SpringCloud_EurekaServer] [TaskBatchingWorker-target_localhost-8] [                                                 ] c.n.e.cluster.ReplicationTaskProcessor   : It seems to be a socket read timeout exception, it will retry later. if it continues to happen and some eureka node occupied all the cpu time, you should set property 'eureka.server.peer-node-read-timeout-ms' to a bigger value

jakarta.ws.rs.ProcessingException: java.net.SocketTimeoutException: Read timed out
	at org.glassfish.jersey.apache.connector.ApacheConnector.apply(ApacheConnector.java:535) ~[jersey-apache-connector-3.0.5.jar:na]
	at org.glassfish.jersey.client.ClientRuntime.invoke(ClientRuntime.java:300) ~[jersey-client-4.0.0.jar:na]
	at org.glassfish.jersey.client.JerseyInvocation.lambda$invoke$0(JerseyInvocation.java:671) ~[jersey-client-4.0.0.jar:na]
	at org.glassfish.jersey.client.JerseyInvocation.call(JerseyInvocation.java:706) ~[jersey-client-4.0.0.jar:na]
	at org.glassfish.jersey.client.JerseyInvocation.lambda$runInScope$3(JerseyInvocation.java:700) ~[jersey-client-4.0.0.jar:na]
	at org.glassfish.jersey.internal.Errors.process(Errors.java:292) ~[jersey-common-4.0.0.jar:na]
	at org.glassfish.jersey.internal.Errors.process(Errors.java:274) ~[jersey-common-4.0.0.jar:na]
	at org.glassfish.jersey.internal.Errors.process(Errors.java:205) ~[jersey-common-4.0.0.jar:na]
	at org.glassfish.jersey.process.internal.RequestScope.runInScope(RequestScope.java:391) ~[jersey-common-4.0.0.jar:na]
	at org.glassfish.jersey.client.JerseyInvocation.runInScope(JerseyInvocation.java:700) ~[jersey-client-4.0.0.jar:na]
	at org.glassfish.jersey.client.JerseyInvocation.invoke(JerseyInvocation.java:670) ~[jersey-client-4.0.0.jar:na]
	at org.glassfish.jersey.client.JerseyInvocation$Builder.method(JerseyInvocation.java:436) ~[jersey-client-4.0.0.jar:na]
	at org.glassfish.jersey.client.JerseyInvocation$Builder.post(JerseyInvocation.java:342) ~[jersey-client-4.0.0.jar:na]
	at com.netflix.eureka.transport.Jersey3ReplicationClient.submitBatchUpdates(Jersey3ReplicationClient.java:116) ~[eureka-core-jersey3-2.0.5.jar:2.0.5]
	at com.netflix.eureka.cluster.ReplicationTaskProcessor.process(ReplicationTaskProcessor.java:80) ~[eureka-core-2.0.5.jar:2.0.5]
	at com.netflix.eureka.util.batcher.TaskExecutors$BatchWorkerRunnable.run(TaskExecutors.java:178) ~[eureka-core-2.0.5.jar:2.0.5]
	at java.base/java.lang.Thread.run(Thread.java:1583) ~[na:na]
Caused by: java.net.SocketTimeoutException: Read timed out
	at java.base/sun.nio.ch.NioSocketImpl.timedRead(NioSocketImpl.java:278) ~[na:na]
	at java.base/sun.nio.ch.NioSocketImpl.implRead(NioSocketImpl.java:304) ~[na:na]
	at java.base/sun.nio.ch.NioSocketImpl.read(NioSocketImpl.java:346) ~[na:na]
	at java.base/sun.nio.ch.NioSocketImpl$1.read(NioSocketImpl.java:796) ~[na:na]
	at java.base/java.net.Socket$SocketInputStream.read(Socket.java:1099) ~[na:na]
	at org.apache.http.impl.io.SessionInputBufferImpl.streamRead(SessionInputBufferImpl.java:137) ~[httpcore-4.4.16.jar:4.4.16]
	at org.apache.http.impl.io.SessionInputBufferImpl.fillBuffer(SessionInputBufferImpl.java:153) ~[httpcore-4.4.16.jar:4.4.16]
	at org.apache.http.impl.io.SessionInputBufferImpl.readLine(SessionInputBufferImpl.java:280) ~[httpcore-4.4.16.jar:4.4.16]
	at org.apache.http.impl.conn.DefaultHttpResponseParser.parseHead(DefaultHttpResponseParser.java:138) ~[httpclient-4.5.3.jar:4.5.3]
	at org.apache.http.impl.conn.DefaultHttpResponseParser.parseHead(DefaultHttpResponseParser.java:56) ~[httpclient-4.5.3.jar:4.5.3]
	at org.apache.http.impl.io.AbstractMessageParser.parse(AbstractMessageParser.java:259) ~[httpcore-4.4.16.jar:4.4.16]
	at org.apache.http.impl.DefaultBHttpClientConnection.receiveResponseHeader(DefaultBHttpClientConnection.java:163) ~[httpcore-4.4.16.jar:4.4.16]
	at org.apache.http.impl.conn.CPoolProxy.receiveResponseHeader(CPoolProxy.java:165) ~[httpclient-4.5.3.jar:4.5.3]
	at org.apache.http.protocol.HttpRequestExecutor.doReceiveResponse(HttpRequestExecutor.java:273) ~[httpcore-4.4.16.jar:4.4.16]
	at org.apache.http.protocol.HttpRequestExecutor.execute(HttpRequestExecutor.java:125) ~[httpcore-4.4.16.jar:4.4.16]
	at org.apache.http.impl.execchain.MainClientExec.execute(MainClientExec.java:272) ~[httpclient-4.5.3.jar:4.5.3]
	at org.apache.http.impl.execchain.ProtocolExec.execute(ProtocolExec.java:185) ~[httpclient-4.5.3.jar:4.5.3]
	at org.apache.http.impl.execchain.RetryExec.execute(RetryExec.java:89) ~[httpclient-4.5.3.jar:4.5.3]
	at org.apache.http.impl.execchain.RedirectExec.execute(RedirectExec.java:111) ~[httpclient-4.5.3.jar:4.5.3]
	at org.apache.http.impl.client.InternalHttpClient.doExecute(InternalHttpClient.java:185) ~[httpclient-4.5.3.jar:4.5.3]
	at org.apache.http.impl.client.CloseableHttpClient.execute(CloseableHttpClient.java:72) ~[httpclient-4.5.3.jar:4.5.3]
	at org.glassfish.jersey.apache.connector.ApacheConnector.apply(ApacheConnector.java:487) ~[jersey-apache-connector-3.0.5.jar:na]
	... 16 common frames omitted

2026-02-22T11:05:46.617+05:30  INFO 25864 --- [SpringCloud_EurekaServer] [http-nio-8761-exec-4] [699a95b2d01d649dca004403e97277a9-ca004403e97277a9] c.n.e.registry.AbstractInstanceRegistry  : Registered instance PRODUCTSERVICE/DESKTOP-ECRRR37.mshome.net:productService:8082 with status UP (replication=false)
2026-02-22T11:05:47.152+05:30  INFO 25864 --- [SpringCloud_EurekaServer] [http-nio-8761-exec-7] [699a95b36a3dda7428620676a5ad232b-28620676a5ad232b] c.n.e.registry.AbstractInstanceRegistry  : Registered instance PRODUCTSERVICE/DESKTOP-ECRRR37.mshome.net:productService:8082 with status UP (replication=true)
2026-02-22T11:06:38.519+05:30  INFO 25864 --- [SpringCloud_EurekaServer] [Eureka-EvictionTimer] [                                                 ] c.n.e.registry.AbstractInstanceRegistry  : Running the evict task with compensationTime 1ms
2026-02-22T11:06:54.646+05:30  INFO 25864 --- [SpringCloud_EurekaServer] [http-nio-8761-exec-7] [699a95f6a5772a4f3fdeb198db6e0316-3fdeb198db6e0316] c.n.e.registry.AbstractInstanceRegistry  : Registered instance ECOMAPIGATEWAY/DESKTOP-ECRRR37.mshome.net:EComApiGateWay with status UP (replication=false)
2026-02-22T11:06:55.155+05:30  INFO 25864 --- [SpringCloud_EurekaServer] [http-nio-8761-exec-8] [699a95f76d6765ad1562404fb602a2a2-1562404fb602a2a2] c.n.e.registry.AbstractInstanceRegistry  : Registered instance ECOMAPIGATEWAY/DESKTOP-ECRRR37.mshome.net:EComApiGateWay with status UP (replication=true)
2026-02-22T11:07:38.068+05:30  INFO 25864 --- [SpringCloud_EurekaServer] [Eureka-EvictionTimer] [                                                 ] c.n.e.registry.AbstractInstanceRegistry  : Running the evict task with compensationTime 2ms
2026-02-22T11:08:38.068+05:30  INFO 25864 --- [SpringCloud_EurekaServer] [Eureka-EvictionTimer] [                                                 ] c.n.e.registry.AbstractInstanceRegistry  : Running the evict task with compensationTime 0ms
2026-02-22T11:08:48.160+05:30 ERROR 25864 --- [SpringCloud_EurekaServer] [TaskBatchingWorker-target_localhost-17] [                                                 ] c.n.e.cluster.ReplicationTaskProcessor   : It seems to be a socket read timeout exception, it will retry later. if it continues to happen and some eureka node occupied all the cpu time, you should set property 'eureka.server.peer-node-read-timeout-ms' to a bigger value

jakarta.ws.rs.ProcessingException: java.net.SocketTimeoutException: Read timed out
	at org.glassfish.jersey.apache.connector.ApacheConnector.apply(ApacheConnector.java:535) ~[jersey-apache-connector-3.0.5.jar:na]
	at org.glassfish.jersey.client.ClientRuntime.invoke(ClientRuntime.java:300) ~[jersey-client-4.0.0.jar:na]
	at org.glassfish.jersey.client.JerseyInvocation.lambda$invoke$0(JerseyInvocation.java:671) ~[jersey-client-4.0.0.jar:na]
	at org.glassfish.jersey.client.JerseyInvocation.call(JerseyInvocation.java:706) ~[jersey-client-4.0.0.jar:na]
	at org.glassfish.jersey.client.JerseyInvocation.lambda$runInScope$3(JerseyInvocation.java:700) ~[jersey-client-4.0.0.jar:na]
	at org.glassfish.jersey.internal.Errors.process(Errors.java:292) ~[jersey-common-4.0.0.jar:na]
	at org.glassfish.jersey.internal.Errors.process(Errors.java:274) ~[jersey-common-4.0.0.jar:na]
	at org.glassfish.jersey.internal.Errors.process(Errors.java:205) ~[jersey-common-4.0.0.jar:na]
	at org.glassfish.jersey.process.internal.RequestScope.runInScope(RequestScope.java:391) ~[jersey-common-4.0.0.jar:na]
	at org.glassfish.jersey.client.JerseyInvocation.runInScope(JerseyInvocation.java:700) ~[jersey-client-4.0.0.jar:na]
	at org.glassfish.jersey.client.JerseyInvocation.invoke(JerseyInvocation.java:670) ~[jersey-client-4.0.0.jar:na]
	at org.glassfish.jersey.client.JerseyInvocation$Builder.method(JerseyInvocation.java:436) ~[jersey-client-4.0.0.jar:na]
	at org.glassfish.jersey.client.JerseyInvocation$Builder.post(JerseyInvocation.java:342) ~[jersey-client-4.0.0.jar:na]
	at com.netflix.eureka.transport.Jersey3ReplicationClient.submitBatchUpdates(Jersey3ReplicationClient.java:116) ~[eureka-core-jersey3-2.0.5.jar:2.0.5]
	at com.netflix.eureka.cluster.ReplicationTaskProcessor.process(ReplicationTaskProcessor.java:80) ~[eureka-core-2.0.5.jar:2.0.5]
	at com.netflix.eureka.util.batcher.TaskExecutors$BatchWorkerRunnable.run(TaskExecutors.java:178) ~[eureka-core-2.0.5.jar:2.0.5]
	at java.base/java.lang.Thread.run(Thread.java:1583) ~[na:na]
Caused by: java.net.SocketTimeoutException: Read timed out
	at java.base/sun.nio.ch.NioSocketImpl.timedRead(NioSocketImpl.java:278) ~[na:na]
	at java.base/sun.nio.ch.NioSocketImpl.implRead(NioSocketImpl.java:304) ~[na:na]
	at java.base/sun.nio.ch.NioSocketImpl.read(NioSocketImpl.java:346) ~[na:na]
	at java.base/sun.nio.ch.NioSocketImpl$1.read(NioSocketImpl.java:796) ~[na:na]
	at java.base/java.net.Socket$SocketInputStream.read(Socket.java:1099) ~[na:na]
	at org.apache.http.impl.io.SessionInputBufferImpl.streamRead(SessionInputBufferImpl.java:137) ~[httpcore-4.4.16.jar:4.4.16]
	at org.apache.http.impl.io.SessionInputBufferImpl.fillBuffer(SessionInputBufferImpl.java:153) ~[httpcore-4.4.16.jar:4.4.16]
	at org.apache.http.impl.io.SessionInputBufferImpl.readLine(SessionInputBufferImpl.java:280) ~[httpcore-4.4.16.jar:4.4.16]
	at org.apache.http.impl.conn.DefaultHttpResponseParser.parseHead(DefaultHttpResponseParser.java:138) ~[httpclient-4.5.3.jar:4.5.3]
	at org.apache.http.impl.conn.DefaultHttpResponseParser.parseHead(DefaultHttpResponseParser.java:56) ~[httpclient-4.5.3.jar:4.5.3]
	at org.apache.http.impl.io.AbstractMessageParser.parse(AbstractMessageParser.java:259) ~[httpcore-4.4.16.jar:4.4.16]
	at org.apache.http.impl.DefaultBHttpClientConnection.receiveResponseHeader(DefaultBHttpClientConnection.java:163) ~[httpcore-4.4.16.jar:4.4.16]
	at org.apache.http.impl.conn.CPoolProxy.receiveResponseHeader(CPoolProxy.java:165) ~[httpclient-4.5.3.jar:4.5.3]
	at org.apache.http.protocol.HttpRequestExecutor.doReceiveResponse(HttpRequestExecutor.java:273) ~[httpcore-4.4.16.jar:4.4.16]
	at org.apache.http.protocol.HttpRequestExecutor.execute(HttpRequestExecutor.java:125) ~[httpcore-4.4.16.jar:4.4.16]
	at org.apache.http.impl.execchain.MainClientExec.execute(MainClientExec.java:272) ~[httpclient-4.5.3.jar:4.5.3]
	at org.apache.http.impl.execchain.ProtocolExec.execute(ProtocolExec.java:185) ~[httpclient-4.5.3.jar:4.5.3]
	at org.apache.http.impl.execchain.RetryExec.execute(RetryExec.java:89) ~[httpclient-4.5.3.jar:4.5.3]
	at org.apache.http.impl.execchain.RedirectExec.execute(RedirectExec.java:111) ~[httpclient-4.5.3.jar:4.5.3]
	at org.apache.http.impl.client.InternalHttpClient.doExecute(InternalHttpClient.java:185) ~[httpclient-4.5.3.jar:4.5.3]
	at org.apache.http.impl.client.CloseableHttpClient.execute(CloseableHttpClient.java:72) ~[httpclient-4.5.3.jar:4.5.3]
	at org.glassfish.jersey.apache.connector.ApacheConnector.apply(ApacheConnector.java:487) ~[jersey-apache-connector-3.0.5.jar:na]
	... 16 common frames omitted

2026-02-22T11:09:32.264+05:30 ERROR 25864 --- [SpringCloud_EurekaServer] [TaskBatchingWorker-target_localhost-3] [                                                 ] c.n.e.cluster.ReplicationTaskProcessor   : It seems to be a socket read timeout exception, it will retry later. if it continues to happen and some eureka node occupied all the cpu time, you should set property 'eureka.server.peer-node-read-timeout-ms' to a bigger value

jakarta.ws.rs.ProcessingException: java.net.SocketTimeoutException: Read timed out
	at org.glassfish.jersey.apache.connector.ApacheConnector.apply(ApacheConnector.java:535) ~[jersey-apache-connector-3.0.5.jar:na]
	at org.glassfish.jersey.client.ClientRuntime.invoke(ClientRuntime.java:300) ~[jersey-client-4.0.0.jar:na]
	at org.glassfish.jersey.client.JerseyInvocation.lambda$invoke$0(JerseyInvocation.java:671) ~[jersey-client-4.0.0.jar:na]
	at org.glassfish.jersey.client.JerseyInvocation.call(JerseyInvocation.java:706) ~[jersey-client-4.0.0.jar:na]
	at org.glassfish.jersey.client.JerseyInvocation.lambda$runInScope$3(JerseyInvocation.java:700) ~[jersey-client-4.0.0.jar:na]
	at org.glassfish.jersey.internal.Errors.process(Errors.java:292) ~[jersey-common-4.0.0.jar:na]
	at org.glassfish.jersey.internal.Errors.process(Errors.java:274) ~[jersey-common-4.0.0.jar:na]
	at org.glassfish.jersey.internal.Errors.process(Errors.java:205) ~[jersey-common-4.0.0.jar:na]
	at org.glassfish.jersey.process.internal.RequestScope.runInScope(RequestScope.java:391) ~[jersey-common-4.0.0.jar:na]
	at org.glassfish.jersey.client.JerseyInvocation.runInScope(JerseyInvocation.java:700) ~[jersey-client-4.0.0.jar:na]
	at org.glassfish.jersey.client.JerseyInvocation.invoke(JerseyInvocation.java:670) ~[jersey-client-4.0.0.jar:na]
	at org.glassfish.jersey.client.JerseyInvocation$Builder.method(JerseyInvocation.java:436) ~[jersey-client-4.0.0.jar:na]
	at org.glassfish.jersey.client.JerseyInvocation$Builder.post(JerseyInvocation.java:342) ~[jersey-client-4.0.0.jar:na]
	at com.netflix.eureka.transport.Jersey3ReplicationClient.submitBatchUpdates(Jersey3ReplicationClient.java:116) ~[eureka-core-jersey3-2.0.5.jar:2.0.5]
	at com.netflix.eureka.cluster.ReplicationTaskProcessor.process(ReplicationTaskProcessor.java:80) ~[eureka-core-2.0.5.jar:2.0.5]
	at com.netflix.eureka.util.batcher.TaskExecutors$BatchWorkerRunnable.run(TaskExecutors.java:178) ~[eureka-core-2.0.5.jar:2.0.5]
	at java.base/java.lang.Thread.run(Thread.java:1583) ~[na:na]
Caused by: java.net.SocketTimeoutException: Read timed out
	at java.base/sun.nio.ch.NioSocketImpl.timedRead(NioSocketImpl.java:278) ~[na:na]
	at java.base/sun.nio.ch.NioSocketImpl.implRead(NioSocketImpl.java:304) ~[na:na]
	at java.base/sun.nio.ch.NioSocketImpl.read(NioSocketImpl.java:346) ~[na:na]
	at java.base/sun.nio.ch.NioSocketImpl$1.read(NioSocketImpl.java:796) ~[na:na]
	at java.base/java.net.Socket$SocketInputStream.read(Socket.java:1099) ~[na:na]
	at org.apache.http.impl.io.SessionInputBufferImpl.streamRead(SessionInputBufferImpl.java:137) ~[httpcore-4.4.16.jar:4.4.16]
	at org.apache.http.impl.io.SessionInputBufferImpl.fillBuffer(SessionInputBufferImpl.java:153) ~[httpcore-4.4.16.jar:4.4.16]
	at org.apache.http.impl.io.SessionInputBufferImpl.readLine(SessionInputBufferImpl.java:280) ~[httpcore-4.4.16.jar:4.4.16]
	at org.apache.http.impl.conn.DefaultHttpResponseParser.parseHead(DefaultHttpResponseParser.java:138) ~[httpclient-4.5.3.jar:4.5.3]
	at org.apache.http.impl.conn.DefaultHttpResponseParser.parseHead(DefaultHttpResponseParser.java:56) ~[httpclient-4.5.3.jar:4.5.3]
	at org.apache.http.impl.io.AbstractMessageParser.parse(AbstractMessageParser.java:259) ~[httpcore-4.4.16.jar:4.4.16]
	at org.apache.http.impl.DefaultBHttpClientConnection.receiveResponseHeader(DefaultBHttpClientConnection.java:163) ~[httpcore-4.4.16.jar:4.4.16]
	at org.apache.http.impl.conn.CPoolProxy.receiveResponseHeader(CPoolProxy.java:165) ~[httpclient-4.5.3.jar:4.5.3]
	at org.apache.http.protocol.HttpRequestExecutor.doReceiveResponse(HttpRequestExecutor.java:273) ~[httpcore-4.4.16.jar:4.4.16]
	at org.apache.http.protocol.HttpRequestExecutor.execute(HttpRequestExecutor.java:125) ~[httpcore-4.4.16.jar:4.4.16]
	at org.apache.http.impl.execchain.MainClientExec.execute(MainClientExec.java:272) ~[httpclient-4.5.3.jar:4.5.3]
	at org.apache.http.impl.execchain.ProtocolExec.execute(ProtocolExec.java:185) ~[httpclient-4.5.3.jar:4.5.3]
	at org.apache.http.impl.execchain.RetryExec.execute(RetryExec.java:89) ~[httpclient-4.5.3.jar:4.5.3]
	at org.apache.http.impl.execchain.RedirectExec.execute(RedirectExec.java:111) ~[httpclient-4.5.3.jar:4.5.3]
	at org.apache.http.impl.client.InternalHttpClient.doExecute(InternalHttpClient.java:185) ~[httpclient-4.5.3.jar:4.5.3]
	at org.apache.http.impl.client.CloseableHttpClient.execute(CloseableHttpClient.java:72) ~[httpclient-4.5.3.jar:4.5.3]
	at org.glassfish.jersey.apache.connector.ApacheConnector.apply(ApacheConnector.java:487) ~[jersey-apache-connector-3.0.5.jar:na]
	... 16 common frames omitted

2026-02-22T11:09:38.074+05:30  INFO 25864 --- [SpringCloud_EurekaServer] [Eureka-EvictionTimer] [                                                 ] c.n.e.registry.AbstractInstanceRegistry  : Running the evict task with compensationTime 5ms
2026-02-22T11:10:38.079+05:30  INFO 25864 --- [SpringCloud_EurekaServer] [Eureka-EvictionTimer] [                                                 ] c.n.e.registry.AbstractInstanceRegistry  : Running the evict task with compensationTime 5ms
2026-02-22T11:10:57.063+05:30 ERROR 25864 --- [SpringCloud_EurekaServer] [TaskBatchingWorker-target_localhost-17] [                                                 ] c.n.e.cluster.ReplicationTaskProcessor   : It seems to be a socket read timeout exception, it will retry later. if it continues to happen and some eureka node occupied all the cpu time, you should set property 'eureka.server.peer-node-read-timeout-ms' to a bigger value

jakarta.ws.rs.ProcessingException: java.net.SocketTimeoutException: Read timed out
	at org.glassfish.jersey.apache.connector.ApacheConnector.apply(ApacheConnector.java:535) ~[jersey-apache-connector-3.0.5.jar:na]
	at org.glassfish.jersey.client.ClientRuntime.invoke(ClientRuntime.java:300) ~[jersey-client-4.0.0.jar:na]
	at org.glassfish.jersey.client.JerseyInvocation.lambda$invoke$0(JerseyInvocation.java:671) ~[jersey-client-4.0.0.jar:na]
	at org.glassfish.jersey.client.JerseyInvocation.call(JerseyInvocation.java:706) ~[jersey-client-4.0.0.jar:na]
	at org.glassfish.jersey.client.JerseyInvocation.lambda$runInScope$3(JerseyInvocation.java:700) ~[jersey-client-4.0.0.jar:na]
	at org.glassfish.jersey.internal.Errors.process(Errors.java:292) ~[jersey-common-4.0.0.jar:na]
	at org.glassfish.jersey.internal.Errors.process(Errors.java:274) ~[jersey-common-4.0.0.jar:na]
	at org.glassfish.jersey.internal.Errors.process(Errors.java:205) ~[jersey-common-4.0.0.jar:na]
	at org.glassfish.jersey.process.internal.RequestScope.runInScope(RequestScope.java:391) ~[jersey-common-4.0.0.jar:na]
	at org.glassfish.jersey.client.JerseyInvocation.runInScope(JerseyInvocation.java:700) ~[jersey-client-4.0.0.jar:na]
	at org.glassfish.jersey.client.JerseyInvocation.invoke(JerseyInvocation.java:670) ~[jersey-client-4.0.0.jar:na]
	at org.glassfish.jersey.client.JerseyInvocation$Builder.method(JerseyInvocation.java:436) ~[jersey-client-4.0.0.jar:na]
	at org.glassfish.jersey.client.JerseyInvocation$Builder.post(JerseyInvocation.java:342) ~[jersey-client-4.0.0.jar:na]
	at com.netflix.eureka.transport.Jersey3ReplicationClient.submitBatchUpdates(Jersey3ReplicationClient.java:116) ~[eureka-core-jersey3-2.0.5.jar:2.0.5]
	at com.netflix.eureka.cluster.ReplicationTaskProcessor.process(ReplicationTaskProcessor.java:80) ~[eureka-core-2.0.5.jar:2.0.5]
	at com.netflix.eureka.util.batcher.TaskExecutors$BatchWorkerRunnable.run(TaskExecutors.java:178) ~[eureka-core-2.0.5.jar:2.0.5]
	at java.base/java.lang.Thread.run(Thread.java:1583) ~[na:na]
Caused by: java.net.SocketTimeoutException: Read timed out
	at java.base/sun.nio.ch.NioSocketImpl.timedRead(NioSocketImpl.java:278) ~[na:na]
	at java.base/sun.nio.ch.NioSocketImpl.implRead(NioSocketImpl.java:304) ~[na:na]
	at java.base/sun.nio.ch.NioSocketImpl.read(NioSocketImpl.java:346) ~[na:na]
	at java.base/sun.nio.ch.NioSocketImpl$1.read(NioSocketImpl.java:796) ~[na:na]
	at java.base/java.net.Socket$SocketInputStream.read(Socket.java:1099) ~[na:na]
	at org.apache.http.impl.io.SessionInputBufferImpl.streamRead(SessionInputBufferImpl.java:137) ~[httpcore-4.4.16.jar:4.4.16]
	at org.apache.http.impl.io.SessionInputBufferImpl.fillBuffer(SessionInputBufferImpl.java:153) ~[httpcore-4.4.16.jar:4.4.16]
	at org.apache.http.impl.io.SessionInputBufferImpl.readLine(SessionInputBufferImpl.java:280) ~[httpcore-4.4.16.jar:4.4.16]
	at org.apache.http.impl.conn.DefaultHttpResponseParser.parseHead(DefaultHttpResponseParser.java:138) ~[httpclient-4.5.3.jar:4.5.3]
	at org.apache.http.impl.conn.DefaultHttpResponseParser.parseHead(DefaultHttpResponseParser.java:56) ~[httpclient-4.5.3.jar:4.5.3]
	at org.apache.http.impl.io.AbstractMessageParser.parse(AbstractMessageParser.java:259) ~[httpcore-4.4.16.jar:4.4.16]
	at org.apache.http.impl.DefaultBHttpClientConnection.receiveResponseHeader(DefaultBHttpClientConnection.java:163) ~[httpcore-4.4.16.jar:4.4.16]
	at org.apache.http.impl.conn.CPoolProxy.receiveResponseHeader(CPoolProxy.java:165) ~[httpclient-4.5.3.jar:4.5.3]
	at org.apache.http.protocol.HttpRequestExecutor.doReceiveResponse(HttpRequestExecutor.java:273) ~[httpcore-4.4.16.jar:4.4.16]
	at org.apache.http.protocol.HttpRequestExecutor.execute(HttpRequestExecutor.java:125) ~[httpcore-4.4.16.jar:4.4.16]
	at org.apache.http.impl.execchain.MainClientExec.execute(MainClientExec.java:272) ~[httpclient-4.5.3.jar:4.5.3]
	at org.apache.http.impl.execchain.ProtocolExec.execute(ProtocolExec.java:185) ~[httpclient-4.5.3.jar:4.5.3]
	at org.apache.http.impl.execchain.RetryExec.execute(RetryExec.java:89) ~[httpclient-4.5.3.jar:4.5.3]
	at org.apache.http.impl.execchain.RedirectExec.execute(RedirectExec.java:111) ~[httpclient-4.5.3.jar:4.5.3]
	at org.apache.http.impl.client.InternalHttpClient.doExecute(InternalHttpClient.java:185) ~[httpclient-4.5.3.jar:4.5.3]
	at org.apache.http.impl.client.CloseableHttpClient.execute(CloseableHttpClient.java:72) ~[httpclient-4.5.3.jar:4.5.3]
	at org.glassfish.jersey.apache.connector.ApacheConnector.apply(ApacheConnector.java:487) ~[jersey-apache-connector-3.0.5.jar:na]
	... 16 common frames omitted

2026-02-22T11:11:00.497+05:30 ERROR 25864 --- [SpringCloud_EurekaServer] [TaskBatchingWorker-target_localhost-19] [                                                 ] c.n.e.cluster.ReplicationTaskProcessor   : It seems to be a socket read timeout exception, it will retry later. if it continues to happen and some eureka node occupied all the cpu time, you should set property 'eureka.server.peer-node-read-timeout-ms' to a bigger value

jakarta.ws.rs.ProcessingException: java.net.SocketTimeoutException: Read timed out
	at org.glassfish.jersey.apache.connector.ApacheConnector.apply(ApacheConnector.java:535) ~[jersey-apache-connector-3.0.5.jar:na]
	at org.glassfish.jersey.client.ClientRuntime.invoke(ClientRuntime.java:300) ~[jersey-client-4.0.0.jar:na]
	at org.glassfish.jersey.client.JerseyInvocation.lambda$invoke$0(JerseyInvocation.java:671) ~[jersey-client-4.0.0.jar:na]
	at org.glassfish.jersey.client.JerseyInvocation.call(JerseyInvocation.java:706) ~[jersey-client-4.0.0.jar:na]
	at org.glassfish.jersey.client.JerseyInvocation.lambda$runInScope$3(JerseyInvocation.java:700) ~[jersey-client-4.0.0.jar:na]
	at org.glassfish.jersey.internal.Errors.process(Errors.java:292) ~[jersey-common-4.0.0.jar:na]
	at org.glassfish.jersey.internal.Errors.process(Errors.java:274) ~[jersey-common-4.0.0.jar:na]
	at org.glassfish.jersey.internal.Errors.process(Errors.java:205) ~[jersey-common-4.0.0.jar:na]
	at org.glassfish.jersey.process.internal.RequestScope.runInScope(RequestScope.java:391) ~[jersey-common-4.0.0.jar:na]
	at org.glassfish.jersey.client.JerseyInvocation.runInScope(JerseyInvocation.java:700) ~[jersey-client-4.0.0.jar:na]
	at org.glassfish.jersey.client.JerseyInvocation.invoke(JerseyInvocation.java:670) ~[jersey-client-4.0.0.jar:na]
	at org.glassfish.jersey.client.JerseyInvocation$Builder.method(JerseyInvocation.java:436) ~[jersey-client-4.0.0.jar:na]
	at org.glassfish.jersey.client.JerseyInvocation$Builder.post(JerseyInvocation.java:342) ~[jersey-client-4.0.0.jar:na]
	at com.netflix.eureka.transport.Jersey3ReplicationClient.submitBatchUpdates(Jersey3ReplicationClient.java:116) ~[eureka-core-jersey3-2.0.5.jar:2.0.5]
	at com.netflix.eureka.cluster.ReplicationTaskProcessor.process(ReplicationTaskProcessor.java:80) ~[eureka-core-2.0.5.jar:2.0.5]
	at com.netflix.eureka.util.batcher.TaskExecutors$BatchWorkerRunnable.run(TaskExecutors.java:178) ~[eureka-core-2.0.5.jar:2.0.5]
	at java.base/java.lang.Thread.run(Thread.java:1583) ~[na:na]
Caused by: java.net.SocketTimeoutException: Read timed out
	at java.base/sun.nio.ch.NioSocketImpl.timedRead(NioSocketImpl.java:278) ~[na:na]
	at java.base/sun.nio.ch.NioSocketImpl.implRead(NioSocketImpl.java:304) ~[na:na]
	at java.base/sun.nio.ch.NioSocketImpl.read(NioSocketImpl.java:346) ~[na:na]
	at java.base/sun.nio.ch.NioSocketImpl$1.read(NioSocketImpl.java:796) ~[na:na]
	at java.base/java.net.Socket$SocketInputStream.read(Socket.java:1099) ~[na:na]
	at org.apache.http.impl.io.SessionInputBufferImpl.streamRead(SessionInputBufferImpl.java:137) ~[httpcore-4.4.16.jar:4.4.16]
	at org.apache.http.impl.io.SessionInputBufferImpl.fillBuffer(SessionInputBufferImpl.java:153) ~[httpcore-4.4.16.jar:4.4.16]
	at org.apache.http.impl.io.SessionInputBufferImpl.readLine(SessionInputBufferImpl.java:280) ~[httpcore-4.4.16.jar:4.4.16]
	at org.apache.http.impl.conn.DefaultHttpResponseParser.parseHead(DefaultHttpResponseParser.java:138) ~[httpclient-4.5.3.jar:4.5.3]
	at org.apache.http.impl.conn.DefaultHttpResponseParser.parseHead(DefaultHttpResponseParser.java:56) ~[httpclient-4.5.3.jar:4.5.3]
	at org.apache.http.impl.io.AbstractMessageParser.parse(AbstractMessageParser.java:259) ~[httpcore-4.4.16.jar:4.4.16]
	at org.apache.http.impl.DefaultBHttpClientConnection.receiveResponseHeader(DefaultBHttpClientConnection.java:163) ~[httpcore-4.4.16.jar:4.4.16]
	at org.apache.http.impl.conn.CPoolProxy.receiveResponseHeader(CPoolProxy.java:165) ~[httpclient-4.5.3.jar:4.5.3]
	at org.apache.http.protocol.HttpRequestExecutor.doReceiveResponse(HttpRequestExecutor.java:273) ~[httpcore-4.4.16.jar:4.4.16]
	at org.apache.http.protocol.HttpRequestExecutor.execute(HttpRequestExecutor.java:125) ~[httpcore-4.4.16.jar:4.4.16]
	at org.apache.http.impl.execchain.MainClientExec.execute(MainClientExec.java:272) ~[httpclient-4.5.3.jar:4.5.3]
	at org.apache.http.impl.execchain.ProtocolExec.execute(ProtocolExec.java:185) ~[httpclient-4.5.3.jar:4.5.3]
	at org.apache.http.impl.execchain.RetryExec.execute(RetryExec.java:89) ~[httpclient-4.5.3.jar:4.5.3]
	at org.apache.http.impl.execchain.RedirectExec.execute(RedirectExec.java:111) ~[httpclient-4.5.3.jar:4.5.3]
	at org.apache.http.impl.client.InternalHttpClient.doExecute(InternalHttpClient.java:185) ~[httpclient-4.5.3.jar:4.5.3]
	at org.apache.http.impl.client.CloseableHttpClient.execute(CloseableHttpClient.java:72) ~[httpclient-4.5.3.jar:4.5.3]
	at org.glassfish.jersey.apache.connector.ApacheConnector.apply(ApacheConnector.java:487) ~[jersey-apache-connector-3.0.5.jar:na]
	... 16 common frames omitted

2026-02-22T11:11:38.093+05:30  INFO 25864 --- [SpringCloud_EurekaServer] [Eureka-EvictionTimer] [                                                 ] c.n.e.registry.AbstractInstanceRegistry  : Running the evict task with compensationTime 13ms
2026-02-22T11:12:23.387+05:30 ERROR 25864 --- [SpringCloud_EurekaServer] [TaskBatchingWorker-target_localhost-19] [                                                 ] c.n.e.cluster.ReplicationTaskProcessor   : It seems to be a socket read timeout exception, it will retry later. if it continues to happen and some eureka node occupied all the cpu time, you should set property 'eureka.server.peer-node-read-timeout-ms' to a bigger value

jakarta.ws.rs.ProcessingException: java.net.SocketTimeoutException: Read timed out
	at org.glassfish.jersey.apache.connector.ApacheConnector.apply(ApacheConnector.java:535) ~[jersey-apache-connector-3.0.5.jar:na]
	at org.glassfish.jersey.client.ClientRuntime.invoke(ClientRuntime.java:300) ~[jersey-client-4.0.0.jar:na]
	at org.glassfish.jersey.client.JerseyInvocation.lambda$invoke$0(JerseyInvocation.java:671) ~[jersey-client-4.0.0.jar:na]
	at org.glassfish.jersey.client.JerseyInvocation.call(JerseyInvocation.java:706) ~[jersey-client-4.0.0.jar:na]
	at org.glassfish.jersey.client.JerseyInvocation.lambda$runInScope$3(JerseyInvocation.java:700) ~[jersey-client-4.0.0.jar:na]
	at org.glassfish.jersey.internal.Errors.process(Errors.java:292) ~[jersey-common-4.0.0.jar:na]
	at org.glassfish.jersey.internal.Errors.process(Errors.java:274) ~[jersey-common-4.0.0.jar:na]
	at org.glassfish.jersey.internal.Errors.process(Errors.java:205) ~[jersey-common-4.0.0.jar:na]
	at org.glassfish.jersey.process.internal.RequestScope.runInScope(RequestScope.java:391) ~[jersey-common-4.0.0.jar:na]
	at org.glassfish.jersey.client.JerseyInvocation.runInScope(JerseyInvocation.java:700) ~[jersey-client-4.0.0.jar:na]
	at org.glassfish.jersey.client.JerseyInvocation.invoke(JerseyInvocation.java:670) ~[jersey-client-4.0.0.jar:na]
	at org.glassfish.jersey.client.JerseyInvocation$Builder.method(JerseyInvocation.java:436) ~[jersey-client-4.0.0.jar:na]
	at org.glassfish.jersey.client.JerseyInvocation$Builder.post(JerseyInvocation.java:342) ~[jersey-client-4.0.0.jar:na]
	at com.netflix.eureka.transport.Jersey3ReplicationClient.submitBatchUpdates(Jersey3ReplicationClient.java:116) ~[eureka-core-jersey3-2.0.5.jar:2.0.5]
	at com.netflix.eureka.cluster.ReplicationTaskProcessor.process(ReplicationTaskProcessor.java:80) ~[eureka-core-2.0.5.jar:2.0.5]
	at com.netflix.eureka.util.batcher.TaskExecutors$BatchWorkerRunnable.run(TaskExecutors.java:178) ~[eureka-core-2.0.5.jar:2.0.5]
	at java.base/java.lang.Thread.run(Thread.java:1583) ~[na:na]
Caused by: java.net.SocketTimeoutException: Read timed out
	at java.base/sun.nio.ch.NioSocketImpl.timedRead(NioSocketImpl.java:278) ~[na:na]
	at java.base/sun.nio.ch.NioSocketImpl.implRead(NioSocketImpl.java:304) ~[na:na]
	at java.base/sun.nio.ch.NioSocketImpl.read(NioSocketImpl.java:346) ~[na:na]
	at java.base/sun.nio.ch.NioSocketImpl$1.read(NioSocketImpl.java:796) ~[na:na]
	at java.base/java.net.Socket$SocketInputStream.read(Socket.java:1099) ~[na:na]
	at org.apache.http.impl.io.SessionInputBufferImpl.streamRead(SessionInputBufferImpl.java:137) ~[httpcore-4.4.16.jar:4.4.16]
	at org.apache.http.impl.io.SessionInputBufferImpl.fillBuffer(SessionInputBufferImpl.java:153) ~[httpcore-4.4.16.jar:4.4.16]
	at org.apache.http.impl.io.SessionInputBufferImpl.readLine(SessionInputBufferImpl.java:280) ~[httpcore-4.4.16.jar:4.4.16]
	at org.apache.http.impl.conn.DefaultHttpResponseParser.parseHead(DefaultHttpResponseParser.java:138) ~[httpclient-4.5.3.jar:4.5.3]
	at org.apache.http.impl.conn.DefaultHttpResponseParser.parseHead(DefaultHttpResponseParser.java:56) ~[httpclient-4.5.3.jar:4.5.3]
	at org.apache.http.impl.io.AbstractMessageParser.parse(AbstractMessageParser.java:259) ~[httpcore-4.4.16.jar:4.4.16]
	at org.apache.http.impl.DefaultBHttpClientConnection.receiveResponseHeader(DefaultBHttpClientConnection.java:163) ~[httpcore-4.4.16.jar:4.4.16]
	at org.apache.http.impl.conn.CPoolProxy.receiveResponseHeader(CPoolProxy.java:165) ~[httpclient-4.5.3.jar:4.5.3]
	at org.apache.http.protocol.HttpRequestExecutor.doReceiveResponse(HttpRequestExecutor.java:273) ~[httpcore-4.4.16.jar:4.4.16]
	at org.apache.http.protocol.HttpRequestExecutor.execute(HttpRequestExecutor.java:125) ~[httpcore-4.4.16.jar:4.4.16]
	at org.apache.http.impl.execchain.MainClientExec.execute(MainClientExec.java:272) ~[httpclient-4.5.3.jar:4.5.3]
	at org.apache.http.impl.execchain.ProtocolExec.execute(ProtocolExec.java:185) ~[httpclient-4.5.3.jar:4.5.3]
	at org.apache.http.impl.execchain.RetryExec.execute(RetryExec.java:89) ~[httpclient-4.5.3.jar:4.5.3]
	at org.apache.http.impl.execchain.RedirectExec.execute(RedirectExec.java:111) ~[httpclient-4.5.3.jar:4.5.3]
	at org.apache.http.impl.client.InternalHttpClient.doExecute(InternalHttpClient.java:185) ~[httpclient-4.5.3.jar:4.5.3]
	at org.apache.http.impl.client.CloseableHttpClient.execute(CloseableHttpClient.java:72) ~[httpclient-4.5.3.jar:4.5.3]
	at org.glassfish.jersey.apache.connector.ApacheConnector.apply(ApacheConnector.java:487) ~[jersey-apache-connector-3.0.5.jar:na]
	... 16 common frames omitted

2026-02-22T11:12:38.095+05:30  INFO 25864 --- [SpringCloud_EurekaServer] [Eureka-EvictionTimer] [                                                 ] c.n.e.registry.AbstractInstanceRegistry  : Running the evict task with compensationTime 2ms
2026-02-22T11:12:54.146+05:30 ERROR 25864 --- [SpringCloud_EurekaServer] [TaskBatchingWorker-target_localhost-1] [                                                 ] c.n.e.cluster.ReplicationTaskProcessor   : It seems to be a socket read timeout exception, it will retry later. if it continues to happen and some eureka node occupied all the cpu time, you should set property 'eureka.server.peer-node-read-timeout-ms' to a bigger value

jakarta.ws.rs.ProcessingException: java.net.SocketTimeoutException: Read timed out
	at org.glassfish.jersey.apache.connector.ApacheConnector.apply(ApacheConnector.java:535) ~[jersey-apache-connector-3.0.5.jar:na]
	at org.glassfish.jersey.client.ClientRuntime.invoke(ClientRuntime.java:300) ~[jersey-client-4.0.0.jar:na]
	at org.glassfish.jersey.client.JerseyInvocation.lambda$invoke$0(JerseyInvocation.java:671) ~[jersey-client-4.0.0.jar:na]
	at org.glassfish.jersey.client.JerseyInvocation.call(JerseyInvocation.java:706) ~[jersey-client-4.0.0.jar:na]
	at org.glassfish.jersey.client.JerseyInvocation.lambda$runInScope$3(JerseyInvocation.java:700) ~[jersey-client-4.0.0.jar:na]
	at org.glassfish.jersey.internal.Errors.process(Errors.java:292) ~[jersey-common-4.0.0.jar:na]
	at org.glassfish.jersey.internal.Errors.process(Errors.java:274) ~[jersey-common-4.0.0.jar:na]
	at org.glassfish.jersey.internal.Errors.process(Errors.java:205) ~[jersey-common-4.0.0.jar:na]
	at org.glassfish.jersey.process.internal.RequestScope.runInScope(RequestScope.java:391) ~[jersey-common-4.0.0.jar:na]
	at org.glassfish.jersey.client.JerseyInvocation.runInScope(JerseyInvocation.java:700) ~[jersey-client-4.0.0.jar:na]
	at org.glassfish.jersey.client.JerseyInvocation.invoke(JerseyInvocation.java:670) ~[jersey-client-4.0.0.jar:na]
	at org.glassfish.jersey.client.JerseyInvocation$Builder.method(JerseyInvocation.java:436) ~[jersey-client-4.0.0.jar:na]
	at org.glassfish.jersey.client.JerseyInvocation$Builder.post(JerseyInvocation.java:342) ~[jersey-client-4.0.0.jar:na]
	at com.netflix.eureka.transport.Jersey3ReplicationClient.submitBatchUpdates(Jersey3ReplicationClient.java:116) ~[eureka-core-jersey3-2.0.5.jar:2.0.5]
	at com.netflix.eureka.cluster.ReplicationTaskProcessor.process(ReplicationTaskProcessor.java:80) ~[eureka-core-2.0.5.jar:2.0.5]
	at com.netflix.eureka.util.batcher.TaskExecutors$BatchWorkerRunnable.run(TaskExecutors.java:178) ~[eureka-core-2.0.5.jar:2.0.5]
	at java.base/java.lang.Thread.run(Thread.java:1583) ~[na:na]
Caused by: java.net.SocketTimeoutException: Read timed out
	at java.base/sun.nio.ch.NioSocketImpl.timedRead(NioSocketImpl.java:278) ~[na:na]
	at java.base/sun.nio.ch.NioSocketImpl.implRead(NioSocketImpl.java:304) ~[na:na]
	at java.base/sun.nio.ch.NioSocketImpl.read(NioSocketImpl.java:346) ~[na:na]
	at java.base/sun.nio.ch.NioSocketImpl$1.read(NioSocketImpl.java:796) ~[na:na]
	at java.base/java.net.Socket$SocketInputStream.read(Socket.java:1099) ~[na:na]
	at org.apache.http.impl.io.SessionInputBufferImpl.streamRead(SessionInputBufferImpl.java:137) ~[httpcore-4.4.16.jar:4.4.16]
	at org.apache.http.impl.io.SessionInputBufferImpl.fillBuffer(SessionInputBufferImpl.java:153) ~[httpcore-4.4.16.jar:4.4.16]
	at org.apache.http.impl.io.SessionInputBufferImpl.readLine(SessionInputBufferImpl.java:280) ~[httpcore-4.4.16.jar:4.4.16]
	at org.apache.http.impl.conn.DefaultHttpResponseParser.parseHead(DefaultHttpResponseParser.java:138) ~[httpclient-4.5.3.jar:4.5.3]
	at org.apache.http.impl.conn.DefaultHttpResponseParser.parseHead(DefaultHttpResponseParser.java:56) ~[httpclient-4.5.3.jar:4.5.3]
	at org.apache.http.impl.io.AbstractMessageParser.parse(AbstractMessageParser.java:259) ~[httpcore-4.4.16.jar:4.4.16]
	at org.apache.http.impl.DefaultBHttpClientConnection.receiveResponseHeader(DefaultBHttpClientConnection.java:163) ~[httpcore-4.4.16.jar:4.4.16]
	at org.apache.http.impl.conn.CPoolProxy.receiveResponseHeader(CPoolProxy.java:165) ~[httpclient-4.5.3.jar:4.5.3]
	at org.apache.http.protocol.HttpRequestExecutor.doReceiveResponse(HttpRequestExecutor.java:273) ~[httpcore-4.4.16.jar:4.4.16]
	at org.apache.http.protocol.HttpRequestExecutor.execute(HttpRequestExecutor.java:125) ~[httpcore-4.4.16.jar:4.4.16]
	at org.apache.http.impl.execchain.MainClientExec.execute(MainClientExec.java:272) ~[httpclient-4.5.3.jar:4.5.3]
	at org.apache.http.impl.execchain.ProtocolExec.execute(ProtocolExec.java:185) ~[httpclient-4.5.3.jar:4.5.3]
	at org.apache.http.impl.execchain.RetryExec.execute(RetryExec.java:89) ~[httpclient-4.5.3.jar:4.5.3]
	at org.apache.http.impl.execchain.RedirectExec.execute(RedirectExec.java:111) ~[httpclient-4.5.3.jar:4.5.3]
	at org.apache.http.impl.client.InternalHttpClient.doExecute(InternalHttpClient.java:185) ~[httpclient-4.5.3.jar:4.5.3]
	at org.apache.http.impl.client.CloseableHttpClient.execute(CloseableHttpClient.java:72) ~[httpclient-4.5.3.jar:4.5.3]
	at org.glassfish.jersey.apache.connector.ApacheConnector.apply(ApacheConnector.java:487) ~[jersey-apache-connector-3.0.5.jar:na]
	... 16 common frames omitted

2026-02-22T11:12:55.368+05:30  WARN 25864 --- [SpringCloud_EurekaServer] [AsyncReporter{ZipkinHttpClientSender{http://localhost:9411/api/v2/spans}}] [                                                 ] z.r.i.AsyncReporter$BoundedAsyncReporter : Spans were dropped due to exceptions. All subsequent errors will be logged at FINE level.
2026-02-22T11:12:55.376+05:30  WARN 25864 --- [SpringCloud_EurekaServer] [AsyncReporter{ZipkinHttpClientSender{http://localhost:9411/api/v2/spans}}] [                                                 ] z.r.i.AsyncReporter$BoundedAsyncReporter : Dropped 1 spans due to IOException(/127.0.0.1:59433: GOAWAY received)

java.io.IOException: /127.0.0.1:59433: GOAWAY received
	at java.net.http/jdk.internal.net.http.HttpClientImpl.send(HttpClientImpl.java:964) ~[java.net.http:na]
	at java.net.http/jdk.internal.net.http.HttpClientFacade.send(HttpClientFacade.java:133) ~[java.net.http:na]
	at org.springframework.boot.zipkin.autoconfigure.ZipkinHttpClientSender.postSpans(ZipkinHttpClientSender.java:59) ~[spring-boot-zipkin-4.0.2.jar:4.0.2]
	at org.springframework.boot.zipkin.autoconfigure.HttpSender.postSpans(HttpSender.java:69) ~[spring-boot-zipkin-4.0.2.jar:4.0.2]
	at org.springframework.boot.zipkin.autoconfigure.HttpSender.postSpans(HttpSender.java:41) ~[spring-boot-zipkin-4.0.2.jar:4.0.2]
	at zipkin2.reporter.BaseHttpSender.send(BaseHttpSender.java:123) ~[zipkin-reporter-3.5.1.jar:na]
	at zipkin2.reporter.internal.AsyncReporter$BoundedAsyncReporter.flush(AsyncReporter.java:266) ~[zipkin-reporter-3.5.1.jar:na]
	at zipkin2.reporter.internal.AsyncReporter$Flusher.run(AsyncReporter.java:352) ~[zipkin-reporter-3.5.1.jar:na]
	at java.base/java.lang.Thread.run(Thread.java:1583) ~[na:na]
Caused by: java.io.IOException: /127.0.0.1:59433: GOAWAY received
	at java.net.http/jdk.internal.net.http.Http2Connection.handleGoAway(Http2Connection.java:1204) ~[java.net.http:na]
	at java.net.http/jdk.internal.net.http.Http2Connection.handleConnectionFrame(Http2Connection.java:1018) ~[java.net.http:na]
	at java.net.http/jdk.internal.net.http.Http2Connection.processFrame(Http2Connection.java:851) ~[java.net.http:na]
	at java.net.http/jdk.internal.net.http.frame.FramesDecoder.decode(FramesDecoder.java:155) ~[java.net.http:na]
	at java.net.http/jdk.internal.net.http.Http2Connection$FramesController.processReceivedData(Http2Connection.java:307) ~[java.net.http:na]
	at java.net.http/jdk.internal.net.http.Http2Connection.asyncReceive(Http2Connection.java:778) ~[java.net.http:na]
	at java.net.http/jdk.internal.net.http.Http2Connection$Http2TubeSubscriber.processQueue(Http2Connection.java:1594) ~[java.net.http:na]
	at java.net.http/jdk.internal.net.http.common.SequentialScheduler$LockingRestartableTask.run(SequentialScheduler.java:182) ~[java.net.http:na]
	at java.net.http/jdk.internal.net.http.common.SequentialScheduler$CompleteRestartableTask.run(SequentialScheduler.java:149) ~[java.net.http:na]
	at java.net.http/jdk.internal.net.http.common.SequentialScheduler$SchedulableTask.run(SequentialScheduler.java:207) ~[java.net.http:na]
	at java.base/java.util.concurrent.ThreadPoolExecutor.runWorker(ThreadPoolExecutor.java:1144) ~[na:na]
	at java.base/java.util.concurrent.ThreadPoolExecutor$Worker.run(ThreadPoolExecutor.java:642) ~[na:na]
	... 1 common frames omitted

2026-02-22T11:13:38.102+05:30  INFO 25864 --- [SpringCloud_EurekaServer] [Eureka-EvictionTimer] [                                                 ] c.n.e.registry.AbstractInstanceRegistry  : Running the evict task with compensationTime 6ms
2026-02-22T11:14:28.416+05:30 ERROR 25864 --- [SpringCloud_EurekaServer] [TaskBatchingWorker-target_localhost-18] [                                                 ] c.n.e.cluster.ReplicationTaskProcessor   : It seems to be a socket read timeout exception, it will retry later. if it continues to happen and some eureka node occupied all the cpu time, you should set property 'eureka.server.peer-node-read-timeout-ms' to a bigger value

jakarta.ws.rs.ProcessingException: java.net.SocketTimeoutException: Read timed out
	at org.glassfish.jersey.apache.connector.ApacheConnector.apply(ApacheConnector.java:535) ~[jersey-apache-connector-3.0.5.jar:na]
	at org.glassfish.jersey.client.ClientRuntime.invoke(ClientRuntime.java:300) ~[jersey-client-4.0.0.jar:na]
	at org.glassfish.jersey.client.JerseyInvocation.lambda$invoke$0(JerseyInvocation.java:671) ~[jersey-client-4.0.0.jar:na]
	at org.glassfish.jersey.client.JerseyInvocation.call(JerseyInvocation.java:706) ~[jersey-client-4.0.0.jar:na]
	at org.glassfish.jersey.client.JerseyInvocation.lambda$runInScope$3(JerseyInvocation.java:700) ~[jersey-client-4.0.0.jar:na]
	at org.glassfish.jersey.internal.Errors.process(Errors.java:292) ~[jersey-common-4.0.0.jar:na]
	at org.glassfish.jersey.internal.Errors.process(Errors.java:274) ~[jersey-common-4.0.0.jar:na]
	at org.glassfish.jersey.internal.Errors.process(Errors.java:205) ~[jersey-common-4.0.0.jar:na]
	at org.glassfish.jersey.process.internal.RequestScope.runInScope(RequestScope.java:391) ~[jersey-common-4.0.0.jar:na]
	at org.glassfish.jersey.client.JerseyInvocation.runInScope(JerseyInvocation.java:700) ~[jersey-client-4.0.0.jar:na]
	at org.glassfish.jersey.client.JerseyInvocation.invoke(JerseyInvocation.java:670) ~[jersey-client-4.0.0.jar:na]
	at org.glassfish.jersey.client.JerseyInvocation$Builder.method(JerseyInvocation.java:436) ~[jersey-client-4.0.0.jar:na]
	at org.glassfish.jersey.client.JerseyInvocation$Builder.post(JerseyInvocation.java:342) ~[jersey-client-4.0.0.jar:na]
	at com.netflix.eureka.transport.Jersey3ReplicationClient.submitBatchUpdates(Jersey3ReplicationClient.java:116) ~[eureka-core-jersey3-2.0.5.jar:2.0.5]
	at com.netflix.eureka.cluster.ReplicationTaskProcessor.process(ReplicationTaskProcessor.java:80) ~[eureka-core-2.0.5.jar:2.0.5]
	at com.netflix.eureka.util.batcher.TaskExecutors$BatchWorkerRunnable.run(TaskExecutors.java:178) ~[eureka-core-2.0.5.jar:2.0.5]
	at java.base/java.lang.Thread.run(Thread.java:1583) ~[na:na]
Caused by: java.net.SocketTimeoutException: Read timed out
	at java.base/sun.nio.ch.NioSocketImpl.timedRead(NioSocketImpl.java:278) ~[na:na]
	at java.base/sun.nio.ch.NioSocketImpl.implRead(NioSocketImpl.java:304) ~[na:na]
	at java.base/sun.nio.ch.NioSocketImpl.read(NioSocketImpl.java:346) ~[na:na]
	at java.base/sun.nio.ch.NioSocketImpl$1.read(NioSocketImpl.java:796) ~[na:na]
	at java.base/java.net.Socket$SocketInputStream.read(Socket.java:1099) ~[na:na]
	at org.apache.http.impl.io.SessionInputBufferImpl.streamRead(SessionInputBufferImpl.java:137) ~[httpcore-4.4.16.jar:4.4.16]
	at org.apache.http.impl.io.SessionInputBufferImpl.fillBuffer(SessionInputBufferImpl.java:153) ~[httpcore-4.4.16.jar:4.4.16]
	at org.apache.http.impl.io.SessionInputBufferImpl.readLine(SessionInputBufferImpl.java:280) ~[httpcore-4.4.16.jar:4.4.16]
	at org.apache.http.impl.conn.DefaultHttpResponseParser.parseHead(DefaultHttpResponseParser.java:138) ~[httpclient-4.5.3.jar:4.5.3]
	at org.apache.http.impl.conn.DefaultHttpResponseParser.parseHead(DefaultHttpResponseParser.java:56) ~[httpclient-4.5.3.jar:4.5.3]
	at org.apache.http.impl.io.AbstractMessageParser.parse(AbstractMessageParser.java:259) ~[httpcore-4.4.16.jar:4.4.16]
	at org.apache.http.impl.DefaultBHttpClientConnection.receiveResponseHeader(DefaultBHttpClientConnection.java:163) ~[httpcore-4.4.16.jar:4.4.16]
	at org.apache.http.impl.conn.CPoolProxy.receiveResponseHeader(CPoolProxy.java:165) ~[httpclient-4.5.3.jar:4.5.3]
	at org.apache.http.protocol.HttpRequestExecutor.doReceiveResponse(HttpRequestExecutor.java:273) ~[httpcore-4.4.16.jar:4.4.16]
	at org.apache.http.protocol.HttpRequestExecutor.execute(HttpRequestExecutor.java:125) ~[httpcore-4.4.16.jar:4.4.16]
	at org.apache.http.impl.execchain.MainClientExec.execute(MainClientExec.java:272) ~[httpclient-4.5.3.jar:4.5.3]
	at org.apache.http.impl.execchain.ProtocolExec.execute(ProtocolExec.java:185) ~[httpclient-4.5.3.jar:4.5.3]
	at org.apache.http.impl.execchain.RetryExec.execute(RetryExec.java:89) ~[httpclient-4.5.3.jar:4.5.3]
	at org.apache.http.impl.execchain.RedirectExec.execute(RedirectExec.java:111) ~[httpclient-4.5.3.jar:4.5.3]
	at org.apache.http.impl.client.InternalHttpClient.doExecute(InternalHttpClient.java:185) ~[httpclient-4.5.3.jar:4.5.3]
	at org.apache.http.impl.client.CloseableHttpClient.execute(CloseableHttpClient.java:72) ~[httpclient-4.5.3.jar:4.5.3]
	at org.glassfish.jersey.apache.connector.ApacheConnector.apply(ApacheConnector.java:487) ~[jersey-apache-connector-3.0.5.jar:na]
	... 16 common frames omitted

2026-02-22T11:14:28.343+05:30 ERROR 25864 --- [SpringCloud_EurekaServer] [TaskBatchingWorker-target_localhost-6] [                                                 ] c.n.e.cluster.ReplicationTaskProcessor   : It seems to be a socket read timeout exception, it will retry later. if it continues to happen and some eureka node occupied all the cpu time, you should set property 'eureka.server.peer-node-read-timeout-ms' to a bigger value

jakarta.ws.rs.ProcessingException: java.net.SocketTimeoutException: Read timed out
	at org.glassfish.jersey.apache.connector.ApacheConnector.apply(ApacheConnector.java:535) ~[jersey-apache-connector-3.0.5.jar:na]
	at org.glassfish.jersey.client.ClientRuntime.invoke(ClientRuntime.java:300) ~[jersey-client-4.0.0.jar:na]
	at org.glassfish.jersey.client.JerseyInvocation.lambda$invoke$0(JerseyInvocation.java:671) ~[jersey-client-4.0.0.jar:na]
	at org.glassfish.jersey.client.JerseyInvocation.call(JerseyInvocation.java:706) ~[jersey-client-4.0.0.jar:na]
	at org.glassfish.jersey.client.JerseyInvocation.lambda$runInScope$3(JerseyInvocation.java:700) ~[jersey-client-4.0.0.jar:na]
	at org.glassfish.jersey.internal.Errors.process(Errors.java:292) ~[jersey-common-4.0.0.jar:na]
	at org.glassfish.jersey.internal.Errors.process(Errors.java:274) ~[jersey-common-4.0.0.jar:na]
	at org.glassfish.jersey.internal.Errors.process(Errors.java:205) ~[jersey-common-4.0.0.jar:na]
	at org.glassfish.jersey.process.internal.RequestScope.runInScope(RequestScope.java:391) ~[jersey-common-4.0.0.jar:na]
	at org.glassfish.jersey.client.JerseyInvocation.runInScope(JerseyInvocation.java:700) ~[jersey-client-4.0.0.jar:na]
	at org.glassfish.jersey.client.JerseyInvocation.invoke(JerseyInvocation.java:670) ~[jersey-client-4.0.0.jar:na]
	at org.glassfish.jersey.client.JerseyInvocation$Builder.method(JerseyInvocation.java:436) ~[jersey-client-4.0.0.jar:na]
	at org.glassfish.jersey.client.JerseyInvocation$Builder.post(JerseyInvocation.java:342) ~[jersey-client-4.0.0.jar:na]
	at com.netflix.eureka.transport.Jersey3ReplicationClient.submitBatchUpdates(Jersey3ReplicationClient.java:116) ~[eureka-core-jersey3-2.0.5.jar:2.0.5]
	at com.netflix.eureka.cluster.ReplicationTaskProcessor.process(ReplicationTaskProcessor.java:80) ~[eureka-core-2.0.5.jar:2.0.5]
	at com.netflix.eureka.util.batcher.TaskExecutors$BatchWorkerRunnable.run(TaskExecutors.java:178) ~[eureka-core-2.0.5.jar:2.0.5]
	at java.base/java.lang.Thread.run(Thread.java:1583) ~[na:na]
Caused by: java.net.SocketTimeoutException: Read timed out
	at java.base/sun.nio.ch.NioSocketImpl.timedRead(NioSocketImpl.java:278) ~[na:na]
	at java.base/sun.nio.ch.NioSocketImpl.implRead(NioSocketImpl.java:304) ~[na:na]
	at java.base/sun.nio.ch.NioSocketImpl.read(NioSocketImpl.java:346) ~[na:na]
	at java.base/sun.nio.ch.NioSocketImpl$1.read(NioSocketImpl.java:796) ~[na:na]
	at java.base/java.net.Socket$SocketInputStream.read(Socket.java:1099) ~[na:na]
	at org.apache.http.impl.io.SessionInputBufferImpl.streamRead(SessionInputBufferImpl.java:137) ~[httpcore-4.4.16.jar:4.4.16]
	at org.apache.http.impl.io.SessionInputBufferImpl.fillBuffer(SessionInputBufferImpl.java:153) ~[httpcore-4.4.16.jar:4.4.16]
	at org.apache.http.impl.io.SessionInputBufferImpl.readLine(SessionInputBufferImpl.java:280) ~[httpcore-4.4.16.jar:4.4.16]
	at org.apache.http.impl.conn.DefaultHttpResponseParser.parseHead(DefaultHttpResponseParser.java:138) ~[httpclient-4.5.3.jar:4.5.3]
	at org.apache.http.impl.conn.DefaultHttpResponseParser.parseHead(DefaultHttpResponseParser.java:56) ~[httpclient-4.5.3.jar:4.5.3]
	at org.apache.http.impl.io.AbstractMessageParser.parse(AbstractMessageParser.java:259) ~[httpcore-4.4.16.jar:4.4.16]
	at org.apache.http.impl.DefaultBHttpClientConnection.receiveResponseHeader(DefaultBHttpClientConnection.java:163) ~[httpcore-4.4.16.jar:4.4.16]
	at org.apache.http.impl.conn.CPoolProxy.receiveResponseHeader(CPoolProxy.java:165) ~[httpclient-4.5.3.jar:4.5.3]
	at org.apache.http.protocol.HttpRequestExecutor.doReceiveResponse(HttpRequestExecutor.java:273) ~[httpcore-4.4.16.jar:4.4.16]
	at org.apache.http.protocol.HttpRequestExecutor.execute(HttpRequestExecutor.java:125) ~[httpcore-4.4.16.jar:4.4.16]
	at org.apache.http.impl.execchain.MainClientExec.execute(MainClientExec.java:272) ~[httpclient-4.5.3.jar:4.5.3]
	at org.apache.http.impl.execchain.ProtocolExec.execute(ProtocolExec.java:185) ~[httpclient-4.5.3.jar:4.5.3]
	at org.apache.http.impl.execchain.RetryExec.execute(RetryExec.java:89) ~[httpclient-4.5.3.jar:4.5.3]
	at org.apache.http.impl.execchain.RedirectExec.execute(RedirectExec.java:111) ~[httpclient-4.5.3.jar:4.5.3]
	at org.apache.http.impl.client.InternalHttpClient.doExecute(InternalHttpClient.java:185) ~[httpclient-4.5.3.jar:4.5.3]
	at org.apache.http.impl.client.CloseableHttpClient.execute(CloseableHttpClient.java:72) ~[httpclient-4.5.3.jar:4.5.3]
	at org.glassfish.jersey.apache.connector.ApacheConnector.apply(ApacheConnector.java:487) ~[jersey-apache-connector-3.0.5.jar:na]
	... 16 common frames omitted

2026-02-22T11:14:38.103+05:30  INFO 25864 --- [SpringCloud_EurekaServer] [Eureka-EvictionTimer] [                                                 ] c.n.e.registry.AbstractInstanceRegistry  : Running the evict task with compensationTime 1ms
2026-02-22T11:15:22.837+05:30 ERROR 25864 --- [SpringCloud_EurekaServer] [TaskBatchingWorker-target_localhost-10] [                                                 ] c.n.e.cluster.ReplicationTaskProcessor   : It seems to be a socket read timeout exception, it will retry later. if it continues to happen and some eureka node occupied all the cpu time, you should set property 'eureka.server.peer-node-read-timeout-ms' to a bigger value

jakarta.ws.rs.ProcessingException: java.net.SocketTimeoutException: Read timed out
	at org.glassfish.jersey.apache.connector.ApacheConnector.apply(ApacheConnector.java:535) ~[jersey-apache-connector-3.0.5.jar:na]
	at org.glassfish.jersey.client.ClientRuntime.invoke(ClientRuntime.java:300) ~[jersey-client-4.0.0.jar:na]
	at org.glassfish.jersey.client.JerseyInvocation.lambda$invoke$0(JerseyInvocation.java:671) ~[jersey-client-4.0.0.jar:na]
	at org.glassfish.jersey.client.JerseyInvocation.call(JerseyInvocation.java:706) ~[jersey-client-4.0.0.jar:na]
	at org.glassfish.jersey.client.JerseyInvocation.lambda$runInScope$3(JerseyInvocation.java:700) ~[jersey-client-4.0.0.jar:na]
	at org.glassfish.jersey.internal.Errors.process(Errors.java:292) ~[jersey-common-4.0.0.jar:na]
	at org.glassfish.jersey.internal.Errors.process(Errors.java:274) ~[jersey-common-4.0.0.jar:na]
	at org.glassfish.jersey.internal.Errors.process(Errors.java:205) ~[jersey-common-4.0.0.jar:na]
	at org.glassfish.jersey.process.internal.RequestScope.runInScope(RequestScope.java:391) ~[jersey-common-4.0.0.jar:na]
	at org.glassfish.jersey.client.JerseyInvocation.runInScope(JerseyInvocation.java:700) ~[jersey-client-4.0.0.jar:na]
	at org.glassfish.jersey.client.JerseyInvocation.invoke(JerseyInvocation.java:670) ~[jersey-client-4.0.0.jar:na]
	at org.glassfish.jersey.client.JerseyInvocation$Builder.method(JerseyInvocation.java:436) ~[jersey-client-4.0.0.jar:na]
	at org.glassfish.jersey.client.JerseyInvocation$Builder.post(JerseyInvocation.java:342) ~[jersey-client-4.0.0.jar:na]
	at com.netflix.eureka.transport.Jersey3ReplicationClient.submitBatchUpdates(Jersey3ReplicationClient.java:116) ~[eureka-core-jersey3-2.0.5.jar:2.0.5]
	at com.netflix.eureka.cluster.ReplicationTaskProcessor.process(ReplicationTaskProcessor.java:80) ~[eureka-core-2.0.5.jar:2.0.5]
	at com.netflix.eureka.util.batcher.TaskExecutors$BatchWorkerRunnable.run(TaskExecutors.java:178) ~[eureka-core-2.0.5.jar:2.0.5]
	at java.base/java.lang.Thread.run(Thread.java:1583) ~[na:na]
Caused by: java.net.SocketTimeoutException: Read timed out
	at java.base/sun.nio.ch.NioSocketImpl.timedRead(NioSocketImpl.java:278) ~[na:na]
	at java.base/sun.nio.ch.NioSocketImpl.implRead(NioSocketImpl.java:304) ~[na:na]
	at java.base/sun.nio.ch.NioSocketImpl.read(NioSocketImpl.java:346) ~[na:na]
	at java.base/sun.nio.ch.NioSocketImpl$1.read(NioSocketImpl.java:796) ~[na:na]
	at java.base/java.net.Socket$SocketInputStream.read(Socket.java:1099) ~[na:na]
	at org.apache.http.impl.io.SessionInputBufferImpl.streamRead(SessionInputBufferImpl.java:137) ~[httpcore-4.4.16.jar:4.4.16]
	at org.apache.http.impl.io.SessionInputBufferImpl.fillBuffer(SessionInputBufferImpl.java:153) ~[httpcore-4.4.16.jar:4.4.16]
	at org.apache.http.impl.io.SessionInputBufferImpl.readLine(SessionInputBufferImpl.java:280) ~[httpcore-4.4.16.jar:4.4.16]
	at org.apache.http.impl.conn.DefaultHttpResponseParser.parseHead(DefaultHttpResponseParser.java:138) ~[httpclient-4.5.3.jar:4.5.3]
	at org.apache.http.impl.conn.DefaultHttpResponseParser.parseHead(DefaultHttpResponseParser.java:56) ~[httpclient-4.5.3.jar:4.5.3]
	at org.apache.http.impl.io.AbstractMessageParser.parse(AbstractMessageParser.java:259) ~[httpcore-4.4.16.jar:4.4.16]
	at org.apache.http.impl.DefaultBHttpClientConnection.receiveResponseHeader(DefaultBHttpClientConnection.java:163) ~[httpcore-4.4.16.jar:4.4.16]
	at org.apache.http.impl.conn.CPoolProxy.receiveResponseHeader(CPoolProxy.java:165) ~[httpclient-4.5.3.jar:4.5.3]
	at org.apache.http.protocol.HttpRequestExecutor.doReceiveResponse(HttpRequestExecutor.java:273) ~[httpcore-4.4.16.jar:4.4.16]
	at org.apache.http.protocol.HttpRequestExecutor.execute(HttpRequestExecutor.java:125) ~[httpcore-4.4.16.jar:4.4.16]
	at org.apache.http.impl.execchain.MainClientExec.execute(MainClientExec.java:272) ~[httpclient-4.5.3.jar:4.5.3]
	at org.apache.http.impl.execchain.ProtocolExec.execute(ProtocolExec.java:185) ~[httpclient-4.5.3.jar:4.5.3]
	at org.apache.http.impl.execchain.RetryExec.execute(RetryExec.java:89) ~[httpclient-4.5.3.jar:4.5.3]
	at org.apache.http.impl.execchain.RedirectExec.execute(RedirectExec.java:111) ~[httpclient-4.5.3.jar:4.5.3]
	at org.apache.http.impl.client.InternalHttpClient.doExecute(InternalHttpClient.java:185) ~[httpclient-4.5.3.jar:4.5.3]
	at org.apache.http.impl.client.CloseableHttpClient.execute(CloseableHttpClient.java:72) ~[httpclient-4.5.3.jar:4.5.3]
	at org.glassfish.jersey.apache.connector.ApacheConnector.apply(ApacheConnector.java:487) ~[jersey-apache-connector-3.0.5.jar:na]
	... 16 common frames omitted

2026-02-22T11:15:27.136+05:30 ERROR 25864 --- [SpringCloud_EurekaServer] [TaskBatchingWorker-target_localhost-16] [                                                 ] c.n.e.cluster.ReplicationTaskProcessor   : It seems to be a socket read timeout exception, it will retry later. if it continues to happen and some eureka node occupied all the cpu time, you should set property 'eureka.server.peer-node-read-timeout-ms' to a bigger value

jakarta.ws.rs.ProcessingException: java.net.SocketTimeoutException: Read timed out
	at org.glassfish.jersey.apache.connector.ApacheConnector.apply(ApacheConnector.java:535) ~[jersey-apache-connector-3.0.5.jar:na]
	at org.glassfish.jersey.client.ClientRuntime.invoke(ClientRuntime.java:300) ~[jersey-client-4.0.0.jar:na]
	at org.glassfish.jersey.client.JerseyInvocation.lambda$invoke$0(JerseyInvocation.java:671) ~[jersey-client-4.0.0.jar:na]
	at org.glassfish.jersey.client.JerseyInvocation.call(JerseyInvocation.java:706) ~[jersey-client-4.0.0.jar:na]
	at org.glassfish.jersey.client.JerseyInvocation.lambda$runInScope$3(JerseyInvocation.java:700) ~[jersey-client-4.0.0.jar:na]
	at org.glassfish.jersey.internal.Errors.process(Errors.java:292) ~[jersey-common-4.0.0.jar:na]
	at org.glassfish.jersey.internal.Errors.process(Errors.java:274) ~[jersey-common-4.0.0.jar:na]
	at org.glassfish.jersey.internal.Errors.process(Errors.java:205) ~[jersey-common-4.0.0.jar:na]
	at org.glassfish.jersey.process.internal.RequestScope.runInScope(RequestScope.java:391) ~[jersey-common-4.0.0.jar:na]
	at org.glassfish.jersey.client.JerseyInvocation.runInScope(JerseyInvocation.java:700) ~[jersey-client-4.0.0.jar:na]
	at org.glassfish.jersey.client.JerseyInvocation.invoke(JerseyInvocation.java:670) ~[jersey-client-4.0.0.jar:na]
	at org.glassfish.jersey.client.JerseyInvocation$Builder.method(JerseyInvocation.java:436) ~[jersey-client-4.0.0.jar:na]
	at org.glassfish.jersey.client.JerseyInvocation$Builder.post(JerseyInvocation.java:342) ~[jersey-client-4.0.0.jar:na]
	at com.netflix.eureka.transport.Jersey3ReplicationClient.submitBatchUpdates(Jersey3ReplicationClient.java:116) ~[eureka-core-jersey3-2.0.5.jar:2.0.5]
	at com.netflix.eureka.cluster.ReplicationTaskProcessor.process(ReplicationTaskProcessor.java:80) ~[eureka-core-2.0.5.jar:2.0.5]
	at com.netflix.eureka.util.batcher.TaskExecutors$BatchWorkerRunnable.run(TaskExecutors.java:178) ~[eureka-core-2.0.5.jar:2.0.5]
	at java.base/java.lang.Thread.run(Thread.java:1583) ~[na:na]
Caused by: java.net.SocketTimeoutException: Read timed out
	at java.base/sun.nio.ch.NioSocketImpl.timedRead(NioSocketImpl.java:278) ~[na:na]
	at java.base/sun.nio.ch.NioSocketImpl.implRead(NioSocketImpl.java:304) ~[na:na]
	at java.base/sun.nio.ch.NioSocketImpl.read(NioSocketImpl.java:346) ~[na:na]
	at java.base/sun.nio.ch.NioSocketImpl$1.read(NioSocketImpl.java:796) ~[na:na]
	at java.base/java.net.Socket$SocketInputStream.read(Socket.java:1099) ~[na:na]
	at org.apache.http.impl.io.SessionInputBufferImpl.streamRead(SessionInputBufferImpl.java:137) ~[httpcore-4.4.16.jar:4.4.16]
	at org.apache.http.impl.io.SessionInputBufferImpl.fillBuffer(SessionInputBufferImpl.java:153) ~[httpcore-4.4.16.jar:4.4.16]
	at org.apache.http.impl.io.SessionInputBufferImpl.readLine(SessionInputBufferImpl.java:280) ~[httpcore-4.4.16.jar:4.4.16]
	at org.apache.http.impl.conn.DefaultHttpResponseParser.parseHead(DefaultHttpResponseParser.java:138) ~[httpclient-4.5.3.jar:4.5.3]
	at org.apache.http.impl.conn.DefaultHttpResponseParser.parseHead(DefaultHttpResponseParser.java:56) ~[httpclient-4.5.3.jar:4.5.3]
	at org.apache.http.impl.io.AbstractMessageParser.parse(AbstractMessageParser.java:259) ~[httpcore-4.4.16.jar:4.4.16]
	at org.apache.http.impl.DefaultBHttpClientConnection.receiveResponseHeader(DefaultBHttpClientConnection.java:163) ~[httpcore-4.4.16.jar:4.4.16]
	at org.apache.http.impl.conn.CPoolProxy.receiveResponseHeader(CPoolProxy.java:165) ~[httpclient-4.5.3.jar:4.5.3]
	at org.apache.http.protocol.HttpRequestExecutor.doReceiveResponse(HttpRequestExecutor.java:273) ~[httpcore-4.4.16.jar:4.4.16]
	at org.apache.http.protocol.HttpRequestExecutor.execute(HttpRequestExecutor.java:125) ~[httpcore-4.4.16.jar:4.4.16]
	at org.apache.http.impl.execchain.MainClientExec.execute(MainClientExec.java:272) ~[httpclient-4.5.3.jar:4.5.3]
	at org.apache.http.impl.execchain.ProtocolExec.execute(ProtocolExec.java:185) ~[httpclient-4.5.3.jar:4.5.3]
	at org.apache.http.impl.execchain.RetryExec.execute(RetryExec.java:89) ~[httpclient-4.5.3.jar:4.5.3]
	at org.apache.http.impl.execchain.RedirectExec.execute(RedirectExec.java:111) ~[httpclient-4.5.3.jar:4.5.3]
	at org.apache.http.impl.client.InternalHttpClient.doExecute(InternalHttpClient.java:185) ~[httpclient-4.5.3.jar:4.5.3]
	at org.apache.http.impl.client.CloseableHttpClient.execute(CloseableHttpClient.java:72) ~[httpclient-4.5.3.jar:4.5.3]
	at org.glassfish.jersey.apache.connector.ApacheConnector.apply(ApacheConnector.java:487) ~[jersey-apache-connector-3.0.5.jar:na]
	... 16 common frames omitted

2026-02-22T11:15:38.111+05:30  INFO 25864 --- [SpringCloud_EurekaServer] [Eureka-EvictionTimer] [                                                 ] c.n.e.registry.AbstractInstanceRegistry  : Running the evict task with compensationTime 7ms
2026-02-22T11:16:38.125+05:30  INFO 25864 --- [SpringCloud_EurekaServer] [Eureka-EvictionTimer] [                                                 ] c.n.e.registry.AbstractInstanceRegistry  : Running the evict task with compensationTime 14ms
2026-02-22T11:16:55.168+05:30 ERROR 25864 --- [SpringCloud_EurekaServer] [TaskBatchingWorker-target_localhost-3] [                                                 ] c.n.e.cluster.ReplicationTaskProcessor   : It seems to be a socket read timeout exception, it will retry later. if it continues to happen and some eureka node occupied all the cpu time, you should set property 'eureka.server.peer-node-read-timeout-ms' to a bigger value

jakarta.ws.rs.ProcessingException: java.net.SocketTimeoutException: Read timed out
	at org.glassfish.jersey.apache.connector.ApacheConnector.apply(ApacheConnector.java:535) ~[jersey-apache-connector-3.0.5.jar:na]
	at org.glassfish.jersey.client.ClientRuntime.invoke(ClientRuntime.java:300) ~[jersey-client-4.0.0.jar:na]
	at org.glassfish.jersey.client.JerseyInvocation.lambda$invoke$0(JerseyInvocation.java:671) ~[jersey-client-4.0.0.jar:na]
	at org.glassfish.jersey.client.JerseyInvocation.call(JerseyInvocation.java:706) ~[jersey-client-4.0.0.jar:na]
	at org.glassfish.jersey.client.JerseyInvocation.lambda$runInScope$3(JerseyInvocation.java:700) ~[jersey-client-4.0.0.jar:na]
	at org.glassfish.jersey.internal.Errors.process(Errors.java:292) ~[jersey-common-4.0.0.jar:na]
	at org.glassfish.jersey.internal.Errors.process(Errors.java:274) ~[jersey-common-4.0.0.jar:na]
	at org.glassfish.jersey.internal.Errors.process(Errors.java:205) ~[jersey-common-4.0.0.jar:na]
	at org.glassfish.jersey.process.internal.RequestScope.runInScope(RequestScope.java:391) ~[jersey-common-4.0.0.jar:na]
	at org.glassfish.jersey.client.JerseyInvocation.runInScope(JerseyInvocation.java:700) ~[jersey-client-4.0.0.jar:na]
	at org.glassfish.jersey.client.JerseyInvocation.invoke(JerseyInvocation.java:670) ~[jersey-client-4.0.0.jar:na]
	at org.glassfish.jersey.client.JerseyInvocation$Builder.method(JerseyInvocation.java:436) ~[jersey-client-4.0.0.jar:na]
	at org.glassfish.jersey.client.JerseyInvocation$Builder.post(JerseyInvocation.java:342) ~[jersey-client-4.0.0.jar:na]
	at com.netflix.eureka.transport.Jersey3ReplicationClient.submitBatchUpdates(Jersey3ReplicationClient.java:116) ~[eureka-core-jersey3-2.0.5.jar:2.0.5]
	at com.netflix.eureka.cluster.ReplicationTaskProcessor.process(ReplicationTaskProcessor.java:80) ~[eureka-core-2.0.5.jar:2.0.5]
	at com.netflix.eureka.util.batcher.TaskExecutors$BatchWorkerRunnable.run(TaskExecutors.java:178) ~[eureka-core-2.0.5.jar:2.0.5]
	at java.base/java.lang.Thread.run(Thread.java:1583) ~[na:na]
Caused by: java.net.SocketTimeoutException: Read timed out
	at java.base/sun.nio.ch.NioSocketImpl.timedRead(NioSocketImpl.java:278) ~[na:na]
	at java.base/sun.nio.ch.NioSocketImpl.implRead(NioSocketImpl.java:304) ~[na:na]
	at java.base/sun.nio.ch.NioSocketImpl.read(NioSocketImpl.java:346) ~[na:na]
	at java.base/sun.nio.ch.NioSocketImpl$1.read(NioSocketImpl.java:796) ~[na:na]
	at java.base/java.net.Socket$SocketInputStream.read(Socket.java:1099) ~[na:na]
	at org.apache.http.impl.io.SessionInputBufferImpl.streamRead(SessionInputBufferImpl.java:137) ~[httpcore-4.4.16.jar:4.4.16]
	at org.apache.http.impl.io.SessionInputBufferImpl.fillBuffer(SessionInputBufferImpl.java:153) ~[httpcore-4.4.16.jar:4.4.16]
	at org.apache.http.impl.io.SessionInputBufferImpl.readLine(SessionInputBufferImpl.java:280) ~[httpcore-4.4.16.jar:4.4.16]
	at org.apache.http.impl.conn.DefaultHttpResponseParser.parseHead(DefaultHttpResponseParser.java:138) ~[httpclient-4.5.3.jar:4.5.3]
	at org.apache.http.impl.conn.DefaultHttpResponseParser.parseHead(DefaultHttpResponseParser.java:56) ~[httpclient-4.5.3.jar:4.5.3]
	at org.apache.http.impl.io.AbstractMessageParser.parse(AbstractMessageParser.java:259) ~[httpcore-4.4.16.jar:4.4.16]
	at org.apache.http.impl.DefaultBHttpClientConnection.receiveResponseHeader(DefaultBHttpClientConnection.java:163) ~[httpcore-4.4.16.jar:4.4.16]
	at org.apache.http.impl.conn.CPoolProxy.receiveResponseHeader(CPoolProxy.java:165) ~[httpclient-4.5.3.jar:4.5.3]
	at org.apache.http.protocol.HttpRequestExecutor.doReceiveResponse(HttpRequestExecutor.java:273) ~[httpcore-4.4.16.jar:4.4.16]
	at org.apache.http.protocol.HttpRequestExecutor.execute(HttpRequestExecutor.java:125) ~[httpcore-4.4.16.jar:4.4.16]
	at org.apache.http.impl.execchain.MainClientExec.execute(MainClientExec.java:272) ~[httpclient-4.5.3.jar:4.5.3]
	at org.apache.http.impl.execchain.ProtocolExec.execute(ProtocolExec.java:185) ~[httpclient-4.5.3.jar:4.5.3]
	at org.apache.http.impl.execchain.RetryExec.execute(RetryExec.java:89) ~[httpclient-4.5.3.jar:4.5.3]
	at org.apache.http.impl.execchain.RedirectExec.execute(RedirectExec.java:111) ~[httpclient-4.5.3.jar:4.5.3]
	at org.apache.http.impl.client.InternalHttpClient.doExecute(InternalHttpClient.java:185) ~[httpclient-4.5.3.jar:4.5.3]
	at org.apache.http.impl.client.CloseableHttpClient.execute(CloseableHttpClient.java:72) ~[httpclient-4.5.3.jar:4.5.3]
	at org.glassfish.jersey.apache.connector.ApacheConnector.apply(ApacheConnector.java:487) ~[jersey-apache-connector-3.0.5.jar:na]
	... 16 common frames omitted

2026-02-22T11:17:37.784+05:30  INFO 25864 --- [SpringCloud_EurekaServer] [ReplicaAwareInstanceRegistry - RenewalThresholdUpdater] [                                                 ] c.n.e.r.PeerAwareInstanceRegistryImpl    : Current renewal threshold is : 10
2026-02-22T11:17:38.125+05:30  INFO 25864 --- [SpringCloud_EurekaServer] [Eureka-EvictionTimer] [                                                 ] c.n.e.registry.AbstractInstanceRegistry  : Running the evict task with compensationTime 0ms
2026-02-22T11:18:38.125+05:30  INFO 25864 --- [SpringCloud_EurekaServer] [Eureka-EvictionTimer] [                                                 ] c.n.e.registry.AbstractInstanceRegistry  : Running the evict task with compensationTime 0ms
2026-02-22T11:19:01.848+05:30 ERROR 25864 --- [SpringCloud_EurekaServer] [TaskBatchingWorker-target_localhost-3] [                                                 ] c.n.e.cluster.ReplicationTaskProcessor   : It seems to be a socket read timeout exception, it will retry later. if it continues to happen and some eureka node occupied all the cpu time, you should set property 'eureka.server.peer-node-read-timeout-ms' to a bigger value

jakarta.ws.rs.ProcessingException: java.net.SocketTimeoutException: Read timed out
	at org.glassfish.jersey.apache.connector.ApacheConnector.apply(ApacheConnector.java:535) ~[jersey-apache-connector-3.0.5.jar:na]
	at org.glassfish.jersey.client.ClientRuntime.invoke(ClientRuntime.java:300) ~[jersey-client-4.0.0.jar:na]
	at org.glassfish.jersey.client.JerseyInvocation.lambda$invoke$0(JerseyInvocation.java:671) ~[jersey-client-4.0.0.jar:na]
	at org.glassfish.jersey.client.JerseyInvocation.call(JerseyInvocation.java:706) ~[jersey-client-4.0.0.jar:na]
	at org.glassfish.jersey.client.JerseyInvocation.lambda$runInScope$3(JerseyInvocation.java:700) ~[jersey-client-4.0.0.jar:na]
	at org.glassfish.jersey.internal.Errors.process(Errors.java:292) ~[jersey-common-4.0.0.jar:na]
	at org.glassfish.jersey.internal.Errors.process(Errors.java:274) ~[jersey-common-4.0.0.jar:na]
	at org.glassfish.jersey.internal.Errors.process(Errors.java:205) ~[jersey-common-4.0.0.jar:na]
	at org.glassfish.jersey.process.internal.RequestScope.runInScope(RequestScope.java:391) ~[jersey-common-4.0.0.jar:na]
	at org.glassfish.jersey.client.JerseyInvocation.runInScope(JerseyInvocation.java:700) ~[jersey-client-4.0.0.jar:na]
	at org.glassfish.jersey.client.JerseyInvocation.invoke(JerseyInvocation.java:670) ~[jersey-client-4.0.0.jar:na]
	at org.glassfish.jersey.client.JerseyInvocation$Builder.method(JerseyInvocation.java:436) ~[jersey-client-4.0.0.jar:na]
	at org.glassfish.jersey.client.JerseyInvocation$Builder.post(JerseyInvocation.java:342) ~[jersey-client-4.0.0.jar:na]
	at com.netflix.eureka.transport.Jersey3ReplicationClient.submitBatchUpdates(Jersey3ReplicationClient.java:116) ~[eureka-core-jersey3-2.0.5.jar:2.0.5]
	at com.netflix.eureka.cluster.ReplicationTaskProcessor.process(ReplicationTaskProcessor.java:80) ~[eureka-core-2.0.5.jar:2.0.5]
	at com.netflix.eureka.util.batcher.TaskExecutors$BatchWorkerRunnable.run(TaskExecutors.java:178) ~[eureka-core-2.0.5.jar:2.0.5]
	at java.base/java.lang.Thread.run(Thread.java:1583) ~[na:na]
Caused by: java.net.SocketTimeoutException: Read timed out
	at java.base/sun.nio.ch.NioSocketImpl.timedRead(NioSocketImpl.java:278) ~[na:na]
	at java.base/sun.nio.ch.NioSocketImpl.implRead(NioSocketImpl.java:304) ~[na:na]
	at java.base/sun.nio.ch.NioSocketImpl.read(NioSocketImpl.java:346) ~[na:na]
	at java.base/sun.nio.ch.NioSocketImpl$1.read(NioSocketImpl.java:796) ~[na:na]
	at java.base/java.net.Socket$SocketInputStream.read(Socket.java:1099) ~[na:na]
	at org.apache.http.impl.io.SessionInputBufferImpl.streamRead(SessionInputBufferImpl.java:137) ~[httpcore-4.4.16.jar:4.4.16]
	at org.apache.http.impl.io.SessionInputBufferImpl.fillBuffer(SessionInputBufferImpl.java:153) ~[httpcore-4.4.16.jar:4.4.16]
	at org.apache.http.impl.io.SessionInputBufferImpl.readLine(SessionInputBufferImpl.java:280) ~[httpcore-4.4.16.jar:4.4.16]
	at org.apache.http.impl.conn.DefaultHttpResponseParser.parseHead(DefaultHttpResponseParser.java:138) ~[httpclient-4.5.3.jar:4.5.3]
	at org.apache.http.impl.conn.DefaultHttpResponseParser.parseHead(DefaultHttpResponseParser.java:56) ~[httpclient-4.5.3.jar:4.5.3]
	at org.apache.http.impl.io.AbstractMessageParser.parse(AbstractMessageParser.java:259) ~[httpcore-4.4.16.jar:4.4.16]
	at org.apache.http.impl.DefaultBHttpClientConnection.receiveResponseHeader(DefaultBHttpClientConnection.java:163) ~[httpcore-4.4.16.jar:4.4.16]
	at org.apache.http.impl.conn.CPoolProxy.receiveResponseHeader(CPoolProxy.java:165) ~[httpclient-4.5.3.jar:4.5.3]
	at org.apache.http.protocol.HttpRequestExecutor.doReceiveResponse(HttpRequestExecutor.java:273) ~[httpcore-4.4.16.jar:4.4.16]
	at org.apache.http.protocol.HttpRequestExecutor.execute(HttpRequestExecutor.java:125) ~[httpcore-4.4.16.jar:4.4.16]
	at org.apache.http.impl.execchain.MainClientExec.execute(MainClientExec.java:272) ~[httpclient-4.5.3.jar:4.5.3]
	at org.apache.http.impl.execchain.ProtocolExec.execute(ProtocolExec.java:185) ~[httpclient-4.5.3.jar:4.5.3]
	at org.apache.http.impl.execchain.RetryExec.execute(RetryExec.java:89) ~[httpclient-4.5.3.jar:4.5.3]
	at org.apache.http.impl.execchain.RedirectExec.execute(RedirectExec.java:111) ~[httpclient-4.5.3.jar:4.5.3]
	at org.apache.http.impl.client.InternalHttpClient.doExecute(InternalHttpClient.java:185) ~[httpclient-4.5.3.jar:4.5.3]
	at org.apache.http.impl.client.CloseableHttpClient.execute(CloseableHttpClient.java:72) ~[httpclient-4.5.3.jar:4.5.3]
	at org.glassfish.jersey.apache.connector.ApacheConnector.apply(ApacheConnector.java:487) ~[jersey-apache-connector-3.0.5.jar:na]
	... 16 common frames omitted

2026-02-22T11:19:03.905+05:30 ERROR 25864 --- [SpringCloud_EurekaServer] [TaskBatchingWorker-target_localhost-9] [                                                 ] c.n.e.cluster.ReplicationTaskProcessor   : It seems to be a socket read timeout exception, it will retry later. if it continues to happen and some eureka node occupied all the cpu time, you should set property 'eureka.server.peer-node-read-timeout-ms' to a bigger value

jakarta.ws.rs.ProcessingException: java.net.SocketTimeoutException: Read timed out
	at org.glassfish.jersey.apache.connector.ApacheConnector.apply(ApacheConnector.java:535) ~[jersey-apache-connector-3.0.5.jar:na]
	at org.glassfish.jersey.client.ClientRuntime.invoke(ClientRuntime.java:300) ~[jersey-client-4.0.0.jar:na]
	at org.glassfish.jersey.client.JerseyInvocation.lambda$invoke$0(JerseyInvocation.java:671) ~[jersey-client-4.0.0.jar:na]
	at org.glassfish.jersey.client.JerseyInvocation.call(JerseyInvocation.java:706) ~[jersey-client-4.0.0.jar:na]
	at org.glassfish.jersey.client.JerseyInvocation.lambda$runInScope$3(JerseyInvocation.java:700) ~[jersey-client-4.0.0.jar:na]
	at org.glassfish.jersey.internal.Errors.process(Errors.java:292) ~[jersey-common-4.0.0.jar:na]
	at org.glassfish.jersey.internal.Errors.process(Errors.java:274) ~[jersey-common-4.0.0.jar:na]
	at org.glassfish.jersey.internal.Errors.process(Errors.java:205) ~[jersey-common-4.0.0.jar:na]
	at org.glassfish.jersey.process.internal.RequestScope.runInScope(RequestScope.java:391) ~[jersey-common-4.0.0.jar:na]
	at org.glassfish.jersey.client.JerseyInvocation.runInScope(JerseyInvocation.java:700) ~[jersey-client-4.0.0.jar:na]
	at org.glassfish.jersey.client.JerseyInvocation.invoke(JerseyInvocation.java:670) ~[jersey-client-4.0.0.jar:na]
	at org.glassfish.jersey.client.JerseyInvocation$Builder.method(JerseyInvocation.java:436) ~[jersey-client-4.0.0.jar:na]
	at org.glassfish.jersey.client.JerseyInvocation$Builder.post(JerseyInvocation.java:342) ~[jersey-client-4.0.0.jar:na]
	at com.netflix.eureka.transport.Jersey3ReplicationClient.submitBatchUpdates(Jersey3ReplicationClient.java:116) ~[eureka-core-jersey3-2.0.5.jar:2.0.5]
	at com.netflix.eureka.cluster.ReplicationTaskProcessor.process(ReplicationTaskProcessor.java:80) ~[eureka-core-2.0.5.jar:2.0.5]
	at com.netflix.eureka.util.batcher.TaskExecutors$BatchWorkerRunnable.run(TaskExecutors.java:178) ~[eureka-core-2.0.5.jar:2.0.5]
	at java.base/java.lang.Thread.run(Thread.java:1583) ~[na:na]
Caused by: java.net.SocketTimeoutException: Read timed out
	at java.base/sun.nio.ch.NioSocketImpl.timedRead(NioSocketImpl.java:278) ~[na:na]
	at java.base/sun.nio.ch.NioSocketImpl.implRead(NioSocketImpl.java:304) ~[na:na]
	at java.base/sun.nio.ch.NioSocketImpl.read(NioSocketImpl.java:346) ~[na:na]
	at java.base/sun.nio.ch.NioSocketImpl$1.read(NioSocketImpl.java:796) ~[na:na]
	at java.base/java.net.Socket$SocketInputStream.read(Socket.java:1099) ~[na:na]
	at org.apache.http.impl.io.SessionInputBufferImpl.streamRead(SessionInputBufferImpl.java:137) ~[httpcore-4.4.16.jar:4.4.16]
	at org.apache.http.impl.io.SessionInputBufferImpl.fillBuffer(SessionInputBufferImpl.java:153) ~[httpcore-4.4.16.jar:4.4.16]
	at org.apache.http.impl.io.SessionInputBufferImpl.readLine(SessionInputBufferImpl.java:280) ~[httpcore-4.4.16.jar:4.4.16]
	at org.apache.http.impl.conn.DefaultHttpResponseParser.parseHead(DefaultHttpResponseParser.java:138) ~[httpclient-4.5.3.jar:4.5.3]
	at org.apache.http.impl.conn.DefaultHttpResponseParser.parseHead(DefaultHttpResponseParser.java:56) ~[httpclient-4.5.3.jar:4.5.3]
	at org.apache.http.impl.io.AbstractMessageParser.parse(AbstractMessageParser.java:259) ~[httpcore-4.4.16.jar:4.4.16]
	at org.apache.http.impl.DefaultBHttpClientConnection.receiveResponseHeader(DefaultBHttpClientConnection.java:163) ~[httpcore-4.4.16.jar:4.4.16]
	at org.apache.http.impl.conn.CPoolProxy.receiveResponseHeader(CPoolProxy.java:165) ~[httpclient-4.5.3.jar:4.5.3]
	at org.apache.http.protocol.HttpRequestExecutor.doReceiveResponse(HttpRequestExecutor.java:273) ~[httpcore-4.4.16.jar:4.4.16]
	at org.apache.http.protocol.HttpRequestExecutor.execute(HttpRequestExecutor.java:125) ~[httpcore-4.4.16.jar:4.4.16]
	at org.apache.http.impl.execchain.MainClientExec.execute(MainClientExec.java:272) ~[httpclient-4.5.3.jar:4.5.3]
	at org.apache.http.impl.execchain.ProtocolExec.execute(ProtocolExec.java:185) ~[httpclient-4.5.3.jar:4.5.3]
	at org.apache.http.impl.execchain.RetryExec.execute(RetryExec.java:89) ~[httpclient-4.5.3.jar:4.5.3]
	at org.apache.http.impl.execchain.RedirectExec.execute(RedirectExec.java:111) ~[httpclient-4.5.3.jar:4.5.3]
	at org.apache.http.impl.client.InternalHttpClient.doExecute(InternalHttpClient.java:185) ~[httpclient-4.5.3.jar:4.5.3]
	at org.apache.http.impl.client.CloseableHttpClient.execute(CloseableHttpClient.java:72) ~[httpclient-4.5.3.jar:4.5.3]
	at org.glassfish.jersey.apache.connector.ApacheConnector.apply(ApacheConnector.java:487) ~[jersey-apache-connector-3.0.5.jar:na]
	... 16 common frames omitted

2026-02-22T11:19:38.140+05:30  INFO 25864 --- [SpringCloud_EurekaServer] [Eureka-EvictionTimer] [                                                 ] c.n.e.registry.AbstractInstanceRegistry  : Running the evict task with compensationTime 13ms
2026-02-22T11:20:38.153+05:30  INFO 25864 --- [SpringCloud_EurekaServer] [Eureka-EvictionTimer] [                                                 ] c.n.e.registry.AbstractInstanceRegistry  : Running the evict task with compensationTime 13ms
2026-02-22T11:21:38.154+05:30  INFO 25864 --- [SpringCloud_EurekaServer] [Eureka-EvictionTimer] [                                                 ] c.n.e.registry.AbstractInstanceRegistry  : Running the evict task with compensationTime 1ms
2026-02-22T11:22:38.167+05:30  INFO 25864 --- [SpringCloud_EurekaServer] [Eureka-EvictionTimer] [                                                 ] c.n.e.registry.AbstractInstanceRegistry  : Running the evict task with compensationTime 13ms
2026-02-22T11:23:38.169+05:30  INFO 25864 --- [SpringCloud_EurekaServer] [Eureka-EvictionTimer] [                                                 ] c.n.e.registry.AbstractInstanceRegistry  : Running the evict task with compensationTime 2ms
2026-02-22T11:24:38.219+05:30  INFO 25864 --- [SpringCloud_EurekaServer] [Eureka-EvictionTimer] [                                                 ] c.n.e.registry.AbstractInstanceRegistry  : Running the evict task with compensationTime 32ms
2026-02-22T11:25:29.017+05:30 ERROR 25864 --- [SpringCloud_EurekaServer] [TaskBatchingWorker-target_localhost-19] [                                                 ] c.n.e.cluster.ReplicationTaskProcessor   : It seems to be a socket read timeout exception, it will retry later. if it continues to happen and some eureka node occupied all the cpu time, you should set property 'eureka.server.peer-node-read-timeout-ms' to a bigger value

jakarta.ws.rs.ProcessingException: java.net.SocketTimeoutException: Read timed out
	at org.glassfish.jersey.apache.connector.ApacheConnector.apply(ApacheConnector.java:535) ~[jersey-apache-connector-3.0.5.jar:na]
	at org.glassfish.jersey.client.ClientRuntime.invoke(ClientRuntime.java:300) ~[jersey-client-4.0.0.jar:na]
	at org.glassfish.jersey.client.JerseyInvocation.lambda$invoke$0(JerseyInvocation.java:671) ~[jersey-client-4.0.0.jar:na]
	at org.glassfish.jersey.client.JerseyInvocation.call(JerseyInvocation.java:706) ~[jersey-client-4.0.0.jar:na]
	at org.glassfish.jersey.client.JerseyInvocation.lambda$runInScope$3(JerseyInvocation.java:700) ~[jersey-client-4.0.0.jar:na]
	at org.glassfish.jersey.internal.Errors.process(Errors.java:292) ~[jersey-common-4.0.0.jar:na]
	at org.glassfish.jersey.internal.Errors.process(Errors.java:274) ~[jersey-common-4.0.0.jar:na]
	at org.glassfish.jersey.internal.Errors.process(Errors.java:205) ~[jersey-common-4.0.0.jar:na]
	at org.glassfish.jersey.process.internal.RequestScope.runInScope(RequestScope.java:391) ~[jersey-common-4.0.0.jar:na]
	at org.glassfish.jersey.client.JerseyInvocation.runInScope(JerseyInvocation.java:700) ~[jersey-client-4.0.0.jar:na]
	at org.glassfish.jersey.client.JerseyInvocation.invoke(JerseyInvocation.java:670) ~[jersey-client-4.0.0.jar:na]
	at org.glassfish.jersey.client.JerseyInvocation$Builder.method(JerseyInvocation.java:436) ~[jersey-client-4.0.0.jar:na]
	at org.glassfish.jersey.client.JerseyInvocation$Builder.post(JerseyInvocation.java:342) ~[jersey-client-4.0.0.jar:na]
	at com.netflix.eureka.transport.Jersey3ReplicationClient.submitBatchUpdates(Jersey3ReplicationClient.java:116) ~[eureka-core-jersey3-2.0.5.jar:2.0.5]
	at com.netflix.eureka.cluster.ReplicationTaskProcessor.process(ReplicationTaskProcessor.java:80) ~[eureka-core-2.0.5.jar:2.0.5]
	at com.netflix.eureka.util.batcher.TaskExecutors$BatchWorkerRunnable.run(TaskExecutors.java:178) ~[eureka-core-2.0.5.jar:2.0.5]
	at java.base/java.lang.Thread.run(Thread.java:1583) ~[na:na]
Caused by: java.net.SocketTimeoutException: Read timed out
	at java.base/sun.nio.ch.NioSocketImpl.timedRead(NioSocketImpl.java:278) ~[na:na]
	at java.base/sun.nio.ch.NioSocketImpl.implRead(NioSocketImpl.java:304) ~[na:na]
	at java.base/sun.nio.ch.NioSocketImpl.read(NioSocketImpl.java:346) ~[na:na]
	at java.base/sun.nio.ch.NioSocketImpl$1.read(NioSocketImpl.java:796) ~[na:na]
	at java.base/java.net.Socket$SocketInputStream.read(Socket.java:1099) ~[na:na]
	at org.apache.http.impl.io.SessionInputBufferImpl.streamRead(SessionInputBufferImpl.java:137) ~[httpcore-4.4.16.jar:4.4.16]
	at org.apache.http.impl.io.SessionInputBufferImpl.fillBuffer(SessionInputBufferImpl.java:153) ~[httpcore-4.4.16.jar:4.4.16]
	at org.apache.http.impl.io.SessionInputBufferImpl.readLine(SessionInputBufferImpl.java:280) ~[httpcore-4.4.16.jar:4.4.16]
	at org.apache.http.impl.conn.DefaultHttpResponseParser.parseHead(DefaultHttpResponseParser.java:138) ~[httpclient-4.5.3.jar:4.5.3]
	at org.apache.http.impl.conn.DefaultHttpResponseParser.parseHead(DefaultHttpResponseParser.java:56) ~[httpclient-4.5.3.jar:4.5.3]
	at org.apache.http.impl.io.AbstractMessageParser.parse(AbstractMessageParser.java:259) ~[httpcore-4.4.16.jar:4.4.16]
	at org.apache.http.impl.DefaultBHttpClientConnection.receiveResponseHeader(DefaultBHttpClientConnection.java:163) ~[httpcore-4.4.16.jar:4.4.16]
	at org.apache.http.impl.conn.CPoolProxy.receiveResponseHeader(CPoolProxy.java:165) ~[httpclient-4.5.3.jar:4.5.3]
	at org.apache.http.protocol.HttpRequestExecutor.doReceiveResponse(HttpRequestExecutor.java:273) ~[httpcore-4.4.16.jar:4.4.16]
	at org.apache.http.protocol.HttpRequestExecutor.execute(HttpRequestExecutor.java:125) ~[httpcore-4.4.16.jar:4.4.16]
	at org.apache.http.impl.execchain.MainClientExec.execute(MainClientExec.java:272) ~[httpclient-4.5.3.jar:4.5.3]
	at org.apache.http.impl.execchain.ProtocolExec.execute(ProtocolExec.java:185) ~[httpclient-4.5.3.jar:4.5.3]
	at org.apache.http.impl.execchain.RetryExec.execute(RetryExec.java:89) ~[httpclient-4.5.3.jar:4.5.3]
	at org.apache.http.impl.execchain.RedirectExec.execute(RedirectExec.java:111) ~[httpclient-4.5.3.jar:4.5.3]
	at org.apache.http.impl.client.InternalHttpClient.doExecute(InternalHttpClient.java:185) ~[httpclient-4.5.3.jar:4.5.3]
	at org.apache.http.impl.client.CloseableHttpClient.execute(CloseableHttpClient.java:72) ~[httpclient-4.5.3.jar:4.5.3]
	at org.glassfish.jersey.apache.connector.ApacheConnector.apply(ApacheConnector.java:487) ~[jersey-apache-connector-3.0.5.jar:na]
	... 16 common frames omitted

2026-02-22T11:25:38.203+05:30  INFO 25864 --- [SpringCloud_EurekaServer] [Eureka-EvictionTimer] [                                                 ] c.n.e.registry.AbstractInstanceRegistry  : Running the evict task with compensationTime 2ms
2026-02-22T11:26:32.752+05:30 ERROR 25864 --- [SpringCloud_EurekaServer] [TaskBatchingWorker-target_localhost-3] [                                                 ] c.n.e.cluster.ReplicationTaskProcessor   : It seems to be a socket read timeout exception, it will retry later. if it continues to happen and some eureka node occupied all the cpu time, you should set property 'eureka.server.peer-node-read-timeout-ms' to a bigger value

jakarta.ws.rs.ProcessingException: java.net.SocketTimeoutException: Read timed out
	at org.glassfish.jersey.apache.connector.ApacheConnector.apply(ApacheConnector.java:535) ~[jersey-apache-connector-3.0.5.jar:na]
	at org.glassfish.jersey.client.ClientRuntime.invoke(ClientRuntime.java:300) ~[jersey-client-4.0.0.jar:na]
	at org.glassfish.jersey.client.JerseyInvocation.lambda$invoke$0(JerseyInvocation.java:671) ~[jersey-client-4.0.0.jar:na]
	at org.glassfish.jersey.client.JerseyInvocation.call(JerseyInvocation.java:706) ~[jersey-client-4.0.0.jar:na]
	at org.glassfish.jersey.client.JerseyInvocation.lambda$runInScope$3(JerseyInvocation.java:700) ~[jersey-client-4.0.0.jar:na]
	at org.glassfish.jersey.internal.Errors.process(Errors.java:292) ~[jersey-common-4.0.0.jar:na]
	at org.glassfish.jersey.internal.Errors.process(Errors.java:274) ~[jersey-common-4.0.0.jar:na]
	at org.glassfish.jersey.internal.Errors.process(Errors.java:205) ~[jersey-common-4.0.0.jar:na]
	at org.glassfish.jersey.process.internal.RequestScope.runInScope(RequestScope.java:391) ~[jersey-common-4.0.0.jar:na]
	at org.glassfish.jersey.client.JerseyInvocation.runInScope(JerseyInvocation.java:700) ~[jersey-client-4.0.0.jar:na]
	at org.glassfish.jersey.client.JerseyInvocation.invoke(JerseyInvocation.java:670) ~[jersey-client-4.0.0.jar:na]
	at org.glassfish.jersey.client.JerseyInvocation$Builder.method(JerseyInvocation.java:436) ~[jersey-client-4.0.0.jar:na]
	at org.glassfish.jersey.client.JerseyInvocation$Builder.post(JerseyInvocation.java:342) ~[jersey-client-4.0.0.jar:na]
	at com.netflix.eureka.transport.Jersey3ReplicationClient.submitBatchUpdates(Jersey3ReplicationClient.java:116) ~[eureka-core-jersey3-2.0.5.jar:2.0.5]
	at com.netflix.eureka.cluster.ReplicationTaskProcessor.process(ReplicationTaskProcessor.java:80) ~[eureka-core-2.0.5.jar:2.0.5]
	at com.netflix.eureka.util.batcher.TaskExecutors$BatchWorkerRunnable.run(TaskExecutors.java:178) ~[eureka-core-2.0.5.jar:2.0.5]
	at java.base/java.lang.Thread.run(Thread.java:1583) ~[na:na]
Caused by: java.net.SocketTimeoutException: Read timed out
	at java.base/sun.nio.ch.NioSocketImpl.timedRead(NioSocketImpl.java:278) ~[na:na]
	at java.base/sun.nio.ch.NioSocketImpl.implRead(NioSocketImpl.java:304) ~[na:na]
	at java.base/sun.nio.ch.NioSocketImpl.read(NioSocketImpl.java:346) ~[na:na]
	at java.base/sun.nio.ch.NioSocketImpl$1.read(NioSocketImpl.java:796) ~[na:na]
	at java.base/java.net.Socket$SocketInputStream.read(Socket.java:1099) ~[na:na]
	at org.apache.http.impl.io.SessionInputBufferImpl.streamRead(SessionInputBufferImpl.java:137) ~[httpcore-4.4.16.jar:4.4.16]
	at org.apache.http.impl.io.SessionInputBufferImpl.fillBuffer(SessionInputBufferImpl.java:153) ~[httpcore-4.4.16.jar:4.4.16]
	at org.apache.http.impl.io.SessionInputBufferImpl.readLine(SessionInputBufferImpl.java:280) ~[httpcore-4.4.16.jar:4.4.16]
	at org.apache.http.impl.conn.DefaultHttpResponseParser.parseHead(DefaultHttpResponseParser.java:138) ~[httpclient-4.5.3.jar:4.5.3]
	at org.apache.http.impl.conn.DefaultHttpResponseParser.parseHead(DefaultHttpResponseParser.java:56) ~[httpclient-4.5.3.jar:4.5.3]
	at org.apache.http.impl.io.AbstractMessageParser.parse(AbstractMessageParser.java:259) ~[httpcore-4.4.16.jar:4.4.16]
	at org.apache.http.impl.DefaultBHttpClientConnection.receiveResponseHeader(DefaultBHttpClientConnection.java:163) ~[httpcore-4.4.16.jar:4.4.16]
	at org.apache.http.impl.conn.CPoolProxy.receiveResponseHeader(CPoolProxy.java:165) ~[httpclient-4.5.3.jar:4.5.3]
	at org.apache.http.protocol.HttpRequestExecutor.doReceiveResponse(HttpRequestExecutor.java:273) ~[httpcore-4.4.16.jar:4.4.16]
	at org.apache.http.protocol.HttpRequestExecutor.execute(HttpRequestExecutor.java:125) ~[httpcore-4.4.16.jar:4.4.16]
	at org.apache.http.impl.execchain.MainClientExec.execute(MainClientExec.java:272) ~[httpclient-4.5.3.jar:4.5.3]
	at org.apache.http.impl.execchain.ProtocolExec.execute(ProtocolExec.java:185) ~[httpclient-4.5.3.jar:4.5.3]
	at org.apache.http.impl.execchain.RetryExec.execute(RetryExec.java:89) ~[httpclient-4.5.3.jar:4.5.3]
	at org.apache.http.impl.execchain.RedirectExec.execute(RedirectExec.java:111) ~[httpclient-4.5.3.jar:4.5.3]
	at org.apache.http.impl.client.InternalHttpClient.doExecute(InternalHttpClient.java:185) ~[httpclient-4.5.3.jar:4.5.3]
	at org.apache.http.impl.client.CloseableHttpClient.execute(CloseableHttpClient.java:72) ~[httpclient-4.5.3.jar:4.5.3]
	at org.glassfish.jersey.apache.connector.ApacheConnector.apply(ApacheConnector.java:487) ~[jersey-apache-connector-3.0.5.jar:na]
	... 16 common frames omitted

2026-02-22T11:26:38.205+05:30  INFO 25864 --- [SpringCloud_EurekaServer] [Eureka-EvictionTimer] [                                                 ] c.n.e.registry.AbstractInstanceRegistry  : Running the evict task with compensationTime 1ms
2026-02-22T11:26:57.565+05:30 ERROR 25864 --- [SpringCloud_EurekaServer] [TaskBatchingWorker-target_localhost-19] [                                                 ] c.n.e.cluster.ReplicationTaskProcessor   : It seems to be a socket read timeout exception, it will retry later. if it continues to happen and some eureka node occupied all the cpu time, you should set property 'eureka.server.peer-node-read-timeout-ms' to a bigger value

jakarta.ws.rs.ProcessingException: java.net.SocketTimeoutException: Read timed out
	at org.glassfish.jersey.apache.connector.ApacheConnector.apply(ApacheConnector.java:535) ~[jersey-apache-connector-3.0.5.jar:na]
	at org.glassfish.jersey.client.ClientRuntime.invoke(ClientRuntime.java:300) ~[jersey-client-4.0.0.jar:na]
	at org.glassfish.jersey.client.JerseyInvocation.lambda$invoke$0(JerseyInvocation.java:671) ~[jersey-client-4.0.0.jar:na]
	at org.glassfish.jersey.client.JerseyInvocation.call(JerseyInvocation.java:706) ~[jersey-client-4.0.0.jar:na]
	at org.glassfish.jersey.client.JerseyInvocation.lambda$runInScope$3(JerseyInvocation.java:700) ~[jersey-client-4.0.0.jar:na]
	at org.glassfish.jersey.internal.Errors.process(Errors.java:292) ~[jersey-common-4.0.0.jar:na]
	at org.glassfish.jersey.internal.Errors.process(Errors.java:274) ~[jersey-common-4.0.0.jar:na]
	at org.glassfish.jersey.internal.Errors.process(Errors.java:205) ~[jersey-common-4.0.0.jar:na]
	at org.glassfish.jersey.process.internal.RequestScope.runInScope(RequestScope.java:391) ~[jersey-common-4.0.0.jar:na]
	at org.glassfish.jersey.client.JerseyInvocation.runInScope(JerseyInvocation.java:700) ~[jersey-client-4.0.0.jar:na]
	at org.glassfish.jersey.client.JerseyInvocation.invoke(JerseyInvocation.java:670) ~[jersey-client-4.0.0.jar:na]
	at org.glassfish.jersey.client.JerseyInvocation$Builder.method(JerseyInvocation.java:436) ~[jersey-client-4.0.0.jar:na]
	at org.glassfish.jersey.client.JerseyInvocation$Builder.post(JerseyInvocation.java:342) ~[jersey-client-4.0.0.jar:na]
	at com.netflix.eureka.transport.Jersey3ReplicationClient.submitBatchUpdates(Jersey3ReplicationClient.java:116) ~[eureka-core-jersey3-2.0.5.jar:2.0.5]
	at com.netflix.eureka.cluster.ReplicationTaskProcessor.process(ReplicationTaskProcessor.java:80) ~[eureka-core-2.0.5.jar:2.0.5]
	at com.netflix.eureka.util.batcher.TaskExecutors$BatchWorkerRunnable.run(TaskExecutors.java:178) ~[eureka-core-2.0.5.jar:2.0.5]
	at java.base/java.lang.Thread.run(Thread.java:1583) ~[na:na]
Caused by: java.net.SocketTimeoutException: Read timed out
	at java.base/sun.nio.ch.NioSocketImpl.timedRead(NioSocketImpl.java:278) ~[na:na]
	at java.base/sun.nio.ch.NioSocketImpl.implRead(NioSocketImpl.java:304) ~[na:na]
	at java.base/sun.nio.ch.NioSocketImpl.read(NioSocketImpl.java:346) ~[na:na]
	at java.base/sun.nio.ch.NioSocketImpl$1.read(NioSocketImpl.java:796) ~[na:na]
	at java.base/java.net.Socket$SocketInputStream.read(Socket.java:1099) ~[na:na]
	at org.apache.http.impl.io.SessionInputBufferImpl.streamRead(SessionInputBufferImpl.java:137) ~[httpcore-4.4.16.jar:4.4.16]
	at org.apache.http.impl.io.SessionInputBufferImpl.fillBuffer(SessionInputBufferImpl.java:153) ~[httpcore-4.4.16.jar:4.4.16]
	at org.apache.http.impl.io.SessionInputBufferImpl.readLine(SessionInputBufferImpl.java:280) ~[httpcore-4.4.16.jar:4.4.16]
	at org.apache.http.impl.conn.DefaultHttpResponseParser.parseHead(DefaultHttpResponseParser.java:138) ~[httpclient-4.5.3.jar:4.5.3]
	at org.apache.http.impl.conn.DefaultHttpResponseParser.parseHead(DefaultHttpResponseParser.java:56) ~[httpclient-4.5.3.jar:4.5.3]
	at org.apache.http.impl.io.AbstractMessageParser.parse(AbstractMessageParser.java:259) ~[httpcore-4.4.16.jar:4.4.16]
	at org.apache.http.impl.DefaultBHttpClientConnection.receiveResponseHeader(DefaultBHttpClientConnection.java:163) ~[httpcore-4.4.16.jar:4.4.16]
	at org.apache.http.impl.conn.CPoolProxy.receiveResponseHeader(CPoolProxy.java:165) ~[httpclient-4.5.3.jar:4.5.3]
	at org.apache.http.protocol.HttpRequestExecutor.doReceiveResponse(HttpRequestExecutor.java:273) ~[httpcore-4.4.16.jar:4.4.16]
	at org.apache.http.protocol.HttpRequestExecutor.execute(HttpRequestExecutor.java:125) ~[httpcore-4.4.16.jar:4.4.16]
	at org.apache.http.impl.execchain.MainClientExec.execute(MainClientExec.java:272) ~[httpclient-4.5.3.jar:4.5.3]
	at org.apache.http.impl.execchain.ProtocolExec.execute(ProtocolExec.java:185) ~[httpclient-4.5.3.jar:4.5.3]
	at org.apache.http.impl.execchain.RetryExec.execute(RetryExec.java:89) ~[httpclient-4.5.3.jar:4.5.3]
	at org.apache.http.impl.execchain.RedirectExec.execute(RedirectExec.java:111) ~[httpclient-4.5.3.jar:4.5.3]
	at org.apache.http.impl.client.InternalHttpClient.doExecute(InternalHttpClient.java:185) ~[httpclient-4.5.3.jar:4.5.3]
	at org.apache.http.impl.client.CloseableHttpClient.execute(CloseableHttpClient.java:72) ~[httpclient-4.5.3.jar:4.5.3]
	at org.glassfish.jersey.apache.connector.ApacheConnector.apply(ApacheConnector.java:487) ~[jersey-apache-connector-3.0.5.jar:na]
	... 16 common frames omitted

2026-02-22T11:27:00.544+05:30 ERROR 25864 --- [SpringCloud_EurekaServer] [TaskBatchingWorker-target_localhost-12] [                                                 ] c.n.e.cluster.ReplicationTaskProcessor   : It seems to be a socket read timeout exception, it will retry later. if it continues to happen and some eureka node occupied all the cpu time, you should set property 'eureka.server.peer-node-read-timeout-ms' to a bigger value

jakarta.ws.rs.ProcessingException: java.net.SocketTimeoutException: Read timed out
	at org.glassfish.jersey.apache.connector.ApacheConnector.apply(ApacheConnector.java:535) ~[jersey-apache-connector-3.0.5.jar:na]
	at org.glassfish.jersey.client.ClientRuntime.invoke(ClientRuntime.java:300) ~[jersey-client-4.0.0.jar:na]
	at org.glassfish.jersey.client.JerseyInvocation.lambda$invoke$0(JerseyInvocation.java:671) ~[jersey-client-4.0.0.jar:na]
	at org.glassfish.jersey.client.JerseyInvocation.call(JerseyInvocation.java:706) ~[jersey-client-4.0.0.jar:na]
	at org.glassfish.jersey.client.JerseyInvocation.lambda$runInScope$3(JerseyInvocation.java:700) ~[jersey-client-4.0.0.jar:na]
	at org.glassfish.jersey.internal.Errors.process(Errors.java:292) ~[jersey-common-4.0.0.jar:na]
	at org.glassfish.jersey.internal.Errors.process(Errors.java:274) ~[jersey-common-4.0.0.jar:na]
	at org.glassfish.jersey.internal.Errors.process(Errors.java:205) ~[jersey-common-4.0.0.jar:na]
	at org.glassfish.jersey.process.internal.RequestScope.runInScope(RequestScope.java:391) ~[jersey-common-4.0.0.jar:na]
	at org.glassfish.jersey.client.JerseyInvocation.runInScope(JerseyInvocation.java:700) ~[jersey-client-4.0.0.jar:na]
	at org.glassfish.jersey.client.JerseyInvocation.invoke(JerseyInvocation.java:670) ~[jersey-client-4.0.0.jar:na]
	at org.glassfish.jersey.client.JerseyInvocation$Builder.method(JerseyInvocation.java:436) ~[jersey-client-4.0.0.jar:na]
	at org.glassfish.jersey.client.JerseyInvocation$Builder.post(JerseyInvocation.java:342) ~[jersey-client-4.0.0.jar:na]
	at com.netflix.eureka.transport.Jersey3ReplicationClient.submitBatchUpdates(Jersey3ReplicationClient.java:116) ~[eureka-core-jersey3-2.0.5.jar:2.0.5]
	at com.netflix.eureka.cluster.ReplicationTaskProcessor.process(ReplicationTaskProcessor.java:80) ~[eureka-core-2.0.5.jar:2.0.5]
	at com.netflix.eureka.util.batcher.TaskExecutors$BatchWorkerRunnable.run(TaskExecutors.java:178) ~[eureka-core-2.0.5.jar:2.0.5]
	at java.base/java.lang.Thread.run(Thread.java:1583) ~[na:na]
Caused by: java.net.SocketTimeoutException: Read timed out
	at java.base/sun.nio.ch.NioSocketImpl.timedRead(NioSocketImpl.java:278) ~[na:na]
	at java.base/sun.nio.ch.NioSocketImpl.implRead(NioSocketImpl.java:304) ~[na:na]
	at java.base/sun.nio.ch.NioSocketImpl.read(NioSocketImpl.java:346) ~[na:na]
	at java.base/sun.nio.ch.NioSocketImpl$1.read(NioSocketImpl.java:796) ~[na:na]
	at java.base/java.net.Socket$SocketInputStream.read(Socket.java:1099) ~[na:na]
	at org.apache.http.impl.io.SessionInputBufferImpl.streamRead(SessionInputBufferImpl.java:137) ~[httpcore-4.4.16.jar:4.4.16]
	at org.apache.http.impl.io.SessionInputBufferImpl.fillBuffer(SessionInputBufferImpl.java:153) ~[httpcore-4.4.16.jar:4.4.16]
	at org.apache.http.impl.io.SessionInputBufferImpl.readLine(SessionInputBufferImpl.java:280) ~[httpcore-4.4.16.jar:4.4.16]
	at org.apache.http.impl.conn.DefaultHttpResponseParser.parseHead(DefaultHttpResponseParser.java:138) ~[httpclient-4.5.3.jar:4.5.3]
	at org.apache.http.impl.conn.DefaultHttpResponseParser.parseHead(DefaultHttpResponseParser.java:56) ~[httpclient-4.5.3.jar:4.5.3]
	at org.apache.http.impl.io.AbstractMessageParser.parse(AbstractMessageParser.java:259) ~[httpcore-4.4.16.jar:4.4.16]
	at org.apache.http.impl.DefaultBHttpClientConnection.receiveResponseHeader(DefaultBHttpClientConnection.java:163) ~[httpcore-4.4.16.jar:4.4.16]
	at org.apache.http.impl.conn.CPoolProxy.receiveResponseHeader(CPoolProxy.java:165) ~[httpclient-4.5.3.jar:4.5.3]
	at org.apache.http.protocol.HttpRequestExecutor.doReceiveResponse(HttpRequestExecutor.java:273) ~[httpcore-4.4.16.jar:4.4.16]
	at org.apache.http.protocol.HttpRequestExecutor.execute(HttpRequestExecutor.java:125) ~[httpcore-4.4.16.jar:4.4.16]
	at org.apache.http.impl.execchain.MainClientExec.execute(MainClientExec.java:272) ~[httpclient-4.5.3.jar:4.5.3]
	at org.apache.http.impl.execchain.ProtocolExec.execute(ProtocolExec.java:185) ~[httpclient-4.5.3.jar:4.5.3]
	at org.apache.http.impl.execchain.RetryExec.execute(RetryExec.java:89) ~[httpclient-4.5.3.jar:4.5.3]
	at org.apache.http.impl.execchain.RedirectExec.execute(RedirectExec.java:111) ~[httpclient-4.5.3.jar:4.5.3]
	at org.apache.http.impl.client.InternalHttpClient.doExecute(InternalHttpClient.java:185) ~[httpclient-4.5.3.jar:4.5.3]
	at org.apache.http.impl.client.CloseableHttpClient.execute(CloseableHttpClient.java:72) ~[httpclient-4.5.3.jar:4.5.3]
	at org.glassfish.jersey.apache.connector.ApacheConnector.apply(ApacheConnector.java:487) ~[jersey-apache-connector-3.0.5.jar:na]
	... 16 common frames omitted

2026-02-22T11:27:38.217+05:30  INFO 25864 --- [SpringCloud_EurekaServer] [Eureka-EvictionTimer] [                                                 ] c.n.e.registry.AbstractInstanceRegistry  : Running the evict task with compensationTime 11ms
2026-02-22T11:28:38.225+05:30  INFO 25864 --- [SpringCloud_EurekaServer] [Eureka-EvictionTimer] [                                                 ] c.n.e.registry.AbstractInstanceRegistry  : Running the evict task with compensationTime 8ms
2026-02-22T11:29:38.505+05:30  INFO 25864 --- [SpringCloud_EurekaServer] [Eureka-EvictionTimer] [                                                 ] c.n.e.registry.AbstractInstanceRegistry  : Running the evict task with compensationTime 14ms
2026-02-22T11:29:36.694+05:30 ERROR 25864 --- [SpringCloud_EurekaServer] [TaskBatchingWorker-target_localhost-5] [                                                 ] c.n.e.cluster.ReplicationTaskProcessor   : It seems to be a socket read timeout exception, it will retry later. if it continues to happen and some eureka node occupied all the cpu time, you should set property 'eureka.server.peer-node-read-timeout-ms' to a bigger value

jakarta.ws.rs.ProcessingException: java.net.SocketTimeoutException: Read timed out
	at org.glassfish.jersey.apache.connector.ApacheConnector.apply(ApacheConnector.java:535) ~[jersey-apache-connector-3.0.5.jar:na]
	at org.glassfish.jersey.client.ClientRuntime.invoke(ClientRuntime.java:300) ~[jersey-client-4.0.0.jar:na]
	at org.glassfish.jersey.client.JerseyInvocation.lambda$invoke$0(JerseyInvocation.java:671) ~[jersey-client-4.0.0.jar:na]
	at org.glassfish.jersey.client.JerseyInvocation.call(JerseyInvocation.java:706) ~[jersey-client-4.0.0.jar:na]
	at org.glassfish.jersey.client.JerseyInvocation.lambda$runInScope$3(JerseyInvocation.java:700) ~[jersey-client-4.0.0.jar:na]
	at org.glassfish.jersey.internal.Errors.process(Errors.java:292) ~[jersey-common-4.0.0.jar:na]
	at org.glassfish.jersey.internal.Errors.process(Errors.java:274) ~[jersey-common-4.0.0.jar:na]
	at org.glassfish.jersey.internal.Errors.process(Errors.java:205) ~[jersey-common-4.0.0.jar:na]
	at org.glassfish.jersey.process.internal.RequestScope.runInScope(RequestScope.java:391) ~[jersey-common-4.0.0.jar:na]
	at org.glassfish.jersey.client.JerseyInvocation.runInScope(JerseyInvocation.java:700) ~[jersey-client-4.0.0.jar:na]
	at org.glassfish.jersey.client.JerseyInvocation.invoke(JerseyInvocation.java:670) ~[jersey-client-4.0.0.jar:na]
	at org.glassfish.jersey.client.JerseyInvocation$Builder.method(JerseyInvocation.java:436) ~[jersey-client-4.0.0.jar:na]
	at org.glassfish.jersey.client.JerseyInvocation$Builder.post(JerseyInvocation.java:342) ~[jersey-client-4.0.0.jar:na]
	at com.netflix.eureka.transport.Jersey3ReplicationClient.submitBatchUpdates(Jersey3ReplicationClient.java:116) ~[eureka-core-jersey3-2.0.5.jar:2.0.5]
	at com.netflix.eureka.cluster.ReplicationTaskProcessor.process(ReplicationTaskProcessor.java:80) ~[eureka-core-2.0.5.jar:2.0.5]
	at com.netflix.eureka.util.batcher.TaskExecutors$BatchWorkerRunnable.run(TaskExecutors.java:178) ~[eureka-core-2.0.5.jar:2.0.5]
	at java.base/java.lang.Thread.run(Thread.java:1583) ~[na:na]
Caused by: java.net.SocketTimeoutException: Read timed out
	at java.base/sun.nio.ch.NioSocketImpl.timedRead(NioSocketImpl.java:278) ~[na:na]
	at java.base/sun.nio.ch.NioSocketImpl.implRead(NioSocketImpl.java:304) ~[na:na]
	at java.base/sun.nio.ch.NioSocketImpl.read(NioSocketImpl.java:346) ~[na:na]
	at java.base/sun.nio.ch.NioSocketImpl$1.read(NioSocketImpl.java:796) ~[na:na]
	at java.base/java.net.Socket$SocketInputStream.read(Socket.java:1099) ~[na:na]
	at org.apache.http.impl.io.SessionInputBufferImpl.streamRead(SessionInputBufferImpl.java:137) ~[httpcore-4.4.16.jar:4.4.16]
	at org.apache.http.impl.io.SessionInputBufferImpl.fillBuffer(SessionInputBufferImpl.java:153) ~[httpcore-4.4.16.jar:4.4.16]
	at org.apache.http.impl.io.SessionInputBufferImpl.readLine(SessionInputBufferImpl.java:280) ~[httpcore-4.4.16.jar:4.4.16]
	at org.apache.http.impl.conn.DefaultHttpResponseParser.parseHead(DefaultHttpResponseParser.java:138) ~[httpclient-4.5.3.jar:4.5.3]
	at org.apache.http.impl.conn.DefaultHttpResponseParser.parseHead(DefaultHttpResponseParser.java:56) ~[httpclient-4.5.3.jar:4.5.3]
	at org.apache.http.impl.io.AbstractMessageParser.parse(AbstractMessageParser.java:259) ~[httpcore-4.4.16.jar:4.4.16]
	at org.apache.http.impl.DefaultBHttpClientConnection.receiveResponseHeader(DefaultBHttpClientConnection.java:163) ~[httpcore-4.4.16.jar:4.4.16]
	at org.apache.http.impl.conn.CPoolProxy.receiveResponseHeader(CPoolProxy.java:165) ~[httpclient-4.5.3.jar:4.5.3]
	at org.apache.http.protocol.HttpRequestExecutor.doReceiveResponse(HttpRequestExecutor.java:273) ~[httpcore-4.4.16.jar:4.4.16]
	at org.apache.http.protocol.HttpRequestExecutor.execute(HttpRequestExecutor.java:125) ~[httpcore-4.4.16.jar:4.4.16]
	at org.apache.http.impl.execchain.MainClientExec.execute(MainClientExec.java:272) ~[httpclient-4.5.3.jar:4.5.3]
	at org.apache.http.impl.execchain.ProtocolExec.execute(ProtocolExec.java:185) ~[httpclient-4.5.3.jar:4.5.3]
	at org.apache.http.impl.execchain.RetryExec.execute(RetryExec.java:89) ~[httpclient-4.5.3.jar:4.5.3]
	at org.apache.http.impl.execchain.RedirectExec.execute(RedirectExec.java:111) ~[httpclient-4.5.3.jar:4.5.3]
	at org.apache.http.impl.client.InternalHttpClient.doExecute(InternalHttpClient.java:185) ~[httpclient-4.5.3.jar:4.5.3]
	at org.apache.http.impl.client.CloseableHttpClient.execute(CloseableHttpClient.java:72) ~[httpclient-4.5.3.jar:4.5.3]
	at org.glassfish.jersey.apache.connector.ApacheConnector.apply(ApacheConnector.java:487) ~[jersey-apache-connector-3.0.5.jar:na]
	... 16 common frames omitted

2026-02-22T11:29:31.217+05:30 ERROR 25864 --- [SpringCloud_EurekaServer] [TaskBatchingWorker-target_localhost-17] [                                                 ] c.n.e.cluster.ReplicationTaskProcessor   : It seems to be a socket read timeout exception, it will retry later. if it continues to happen and some eureka node occupied all the cpu time, you should set property 'eureka.server.peer-node-read-timeout-ms' to a bigger value

jakarta.ws.rs.ProcessingException: java.net.SocketTimeoutException: Read timed out
	at org.glassfish.jersey.apache.connector.ApacheConnector.apply(ApacheConnector.java:535) ~[jersey-apache-connector-3.0.5.jar:na]
	at org.glassfish.jersey.client.ClientRuntime.invoke(ClientRuntime.java:300) ~[jersey-client-4.0.0.jar:na]
	at org.glassfish.jersey.client.JerseyInvocation.lambda$invoke$0(JerseyInvocation.java:671) ~[jersey-client-4.0.0.jar:na]
	at org.glassfish.jersey.client.JerseyInvocation.call(JerseyInvocation.java:706) ~[jersey-client-4.0.0.jar:na]
	at org.glassfish.jersey.client.JerseyInvocation.lambda$runInScope$3(JerseyInvocation.java:700) ~[jersey-client-4.0.0.jar:na]
	at org.glassfish.jersey.internal.Errors.process(Errors.java:292) ~[jersey-common-4.0.0.jar:na]
	at org.glassfish.jersey.internal.Errors.process(Errors.java:274) ~[jersey-common-4.0.0.jar:na]
	at org.glassfish.jersey.internal.Errors.process(Errors.java:205) ~[jersey-common-4.0.0.jar:na]
	at org.glassfish.jersey.process.internal.RequestScope.runInScope(RequestScope.java:391) ~[jersey-common-4.0.0.jar:na]
	at org.glassfish.jersey.client.JerseyInvocation.runInScope(JerseyInvocation.java:700) ~[jersey-client-4.0.0.jar:na]
	at org.glassfish.jersey.client.JerseyInvocation.invoke(JerseyInvocation.java:670) ~[jersey-client-4.0.0.jar:na]
	at org.glassfish.jersey.client.JerseyInvocation$Builder.method(JerseyInvocation.java:436) ~[jersey-client-4.0.0.jar:na]
	at org.glassfish.jersey.client.JerseyInvocation$Builder.post(JerseyInvocation.java:342) ~[jersey-client-4.0.0.jar:na]
	at com.netflix.eureka.transport.Jersey3ReplicationClient.submitBatchUpdates(Jersey3ReplicationClient.java:116) ~[eureka-core-jersey3-2.0.5.jar:2.0.5]
	at com.netflix.eureka.cluster.ReplicationTaskProcessor.process(ReplicationTaskProcessor.java:80) ~[eureka-core-2.0.5.jar:2.0.5]
	at com.netflix.eureka.util.batcher.TaskExecutors$BatchWorkerRunnable.run(TaskExecutors.java:178) ~[eureka-core-2.0.5.jar:2.0.5]
	at java.base/java.lang.Thread.run(Thread.java:1583) ~[na:na]
Caused by: java.net.SocketTimeoutException: Read timed out
	at java.base/sun.nio.ch.NioSocketImpl.timedRead(NioSocketImpl.java:278) ~[na:na]
	at java.base/sun.nio.ch.NioSocketImpl.implRead(NioSocketImpl.java:304) ~[na:na]
	at java.base/sun.nio.ch.NioSocketImpl.read(NioSocketImpl.java:346) ~[na:na]
	at java.base/sun.nio.ch.NioSocketImpl$1.read(NioSocketImpl.java:796) ~[na:na]
	at java.base/java.net.Socket$SocketInputStream.read(Socket.java:1099) ~[na:na]
	at org.apache.http.impl.io.SessionInputBufferImpl.streamRead(SessionInputBufferImpl.java:137) ~[httpcore-4.4.16.jar:4.4.16]
	at org.apache.http.impl.io.SessionInputBufferImpl.fillBuffer(SessionInputBufferImpl.java:153) ~[httpcore-4.4.16.jar:4.4.16]
	at org.apache.http.impl.io.SessionInputBufferImpl.readLine(SessionInputBufferImpl.java:280) ~[httpcore-4.4.16.jar:4.4.16]
	at org.apache.http.impl.conn.DefaultHttpResponseParser.parseHead(DefaultHttpResponseParser.java:138) ~[httpclient-4.5.3.jar:4.5.3]
	at org.apache.http.impl.conn.DefaultHttpResponseParser.parseHead(DefaultHttpResponseParser.java:56) ~[httpclient-4.5.3.jar:4.5.3]
	at org.apache.http.impl.io.AbstractMessageParser.parse(AbstractMessageParser.java:259) ~[httpcore-4.4.16.jar:4.4.16]
	at org.apache.http.impl.DefaultBHttpClientConnection.receiveResponseHeader(DefaultBHttpClientConnection.java:163) ~[httpcore-4.4.16.jar:4.4.16]
	at org.apache.http.impl.conn.CPoolProxy.receiveResponseHeader(CPoolProxy.java:165) ~[httpclient-4.5.3.jar:4.5.3]
	at org.apache.http.protocol.HttpRequestExecutor.doReceiveResponse(HttpRequestExecutor.java:273) ~[httpcore-4.4.16.jar:4.4.16]
	at org.apache.http.protocol.HttpRequestExecutor.execute(HttpRequestExecutor.java:125) ~[httpcore-4.4.16.jar:4.4.16]
	at org.apache.http.impl.execchain.MainClientExec.execute(MainClientExec.java:272) ~[httpclient-4.5.3.jar:4.5.3]
	at org.apache.http.impl.execchain.ProtocolExec.execute(ProtocolExec.java:185) ~[httpclient-4.5.3.jar:4.5.3]
	at org.apache.http.impl.execchain.RetryExec.execute(RetryExec.java:89) ~[httpclient-4.5.3.jar:4.5.3]
	at org.apache.http.impl.execchain.RedirectExec.execute(RedirectExec.java:111) ~[httpclient-4.5.3.jar:4.5.3]
	at org.apache.http.impl.client.InternalHttpClient.doExecute(InternalHttpClient.java:185) ~[httpclient-4.5.3.jar:4.5.3]
	at org.apache.http.impl.client.CloseableHttpClient.execute(CloseableHttpClient.java:72) ~[httpclient-4.5.3.jar:4.5.3]
	at org.glassfish.jersey.apache.connector.ApacheConnector.apply(ApacheConnector.java:487) ~[jersey-apache-connector-3.0.5.jar:na]
	... 16 common frames omitted

2026-02-22T11:29:40.216+05:30 ERROR 25864 --- [SpringCloud_EurekaServer] [TaskBatchingWorker-target_localhost-2] [                                                 ] c.n.e.cluster.ReplicationTaskProcessor   : Network level connection to peer localhost; retrying after delay

jakarta.ws.rs.ProcessingException: org.apache.http.conn.ConnectTimeoutException: Connect to localhost:8761 [localhost/127.0.0.1, localhost/0:0:0:0:0:0:0:1] timed out
	at org.glassfish.jersey.apache.connector.ApacheConnector.apply(ApacheConnector.java:535) ~[jersey-apache-connector-3.0.5.jar:na]
	at org.glassfish.jersey.client.ClientRuntime.invoke(ClientRuntime.java:300) ~[jersey-client-4.0.0.jar:na]
	at org.glassfish.jersey.client.JerseyInvocation.lambda$invoke$0(JerseyInvocation.java:671) ~[jersey-client-4.0.0.jar:na]
	at org.glassfish.jersey.client.JerseyInvocation.call(JerseyInvocation.java:706) ~[jersey-client-4.0.0.jar:na]
	at org.glassfish.jersey.client.JerseyInvocation.lambda$runInScope$3(JerseyInvocation.java:700) ~[jersey-client-4.0.0.jar:na]
	at org.glassfish.jersey.internal.Errors.process(Errors.java:292) ~[jersey-common-4.0.0.jar:na]
	at org.glassfish.jersey.internal.Errors.process(Errors.java:274) ~[jersey-common-4.0.0.jar:na]
	at org.glassfish.jersey.internal.Errors.process(Errors.java:205) ~[jersey-common-4.0.0.jar:na]
	at org.glassfish.jersey.process.internal.RequestScope.runInScope(RequestScope.java:391) ~[jersey-common-4.0.0.jar:na]
	at org.glassfish.jersey.client.JerseyInvocation.runInScope(JerseyInvocation.java:700) ~[jersey-client-4.0.0.jar:na]
	at org.glassfish.jersey.client.JerseyInvocation.invoke(JerseyInvocation.java:670) ~[jersey-client-4.0.0.jar:na]
	at org.glassfish.jersey.client.JerseyInvocation$Builder.method(JerseyInvocation.java:436) ~[jersey-client-4.0.0.jar:na]
	at org.glassfish.jersey.client.JerseyInvocation$Builder.post(JerseyInvocation.java:342) ~[jersey-client-4.0.0.jar:na]
	at com.netflix.eureka.transport.Jersey3ReplicationClient.submitBatchUpdates(Jersey3ReplicationClient.java:116) ~[eureka-core-jersey3-2.0.5.jar:2.0.5]
	at com.netflix.eureka.cluster.ReplicationTaskProcessor.process(ReplicationTaskProcessor.java:80) ~[eureka-core-2.0.5.jar:2.0.5]
	at com.netflix.eureka.util.batcher.TaskExecutors$BatchWorkerRunnable.run(TaskExecutors.java:178) ~[eureka-core-2.0.5.jar:2.0.5]
	at java.base/java.lang.Thread.run(Thread.java:1583) ~[na:na]
Caused by: org.apache.http.conn.ConnectTimeoutException: Connect to localhost:8761 [localhost/127.0.0.1, localhost/0:0:0:0:0:0:0:1] timed out
	at org.apache.http.impl.conn.DefaultHttpClientConnectionOperator.connect(DefaultHttpClientConnectionOperator.java:151) ~[httpclient-4.5.3.jar:4.5.3]
	at org.apache.http.impl.conn.PoolingHttpClientConnectionManager.connect(PoolingHttpClientConnectionManager.java:359) ~[httpclient-4.5.3.jar:4.5.3]
	at org.apache.http.impl.execchain.MainClientExec.establishRoute(MainClientExec.java:381) ~[httpclient-4.5.3.jar:4.5.3]
	at org.apache.http.impl.execchain.MainClientExec.execute(MainClientExec.java:237) ~[httpclient-4.5.3.jar:4.5.3]
	at org.apache.http.impl.execchain.ProtocolExec.execute(ProtocolExec.java:185) ~[httpclient-4.5.3.jar:4.5.3]
	at org.apache.http.impl.execchain.RetryExec.execute(RetryExec.java:89) ~[httpclient-4.5.3.jar:4.5.3]
	at org.apache.http.impl.execchain.RedirectExec.execute(RedirectExec.java:111) ~[httpclient-4.5.3.jar:4.5.3]
	at org.apache.http.impl.client.InternalHttpClient.doExecute(InternalHttpClient.java:185) ~[httpclient-4.5.3.jar:4.5.3]
	at org.apache.http.impl.client.CloseableHttpClient.execute(CloseableHttpClient.java:72) ~[httpclient-4.5.3.jar:4.5.3]
	at org.glassfish.jersey.apache.connector.ApacheConnector.apply(ApacheConnector.java:487) ~[jersey-apache-connector-3.0.5.jar:na]
	... 16 common frames omitted
Caused by: java.net.SocketTimeoutException
	at java.base/java.net.SocksSocketImpl.remainingMillis(SocksSocketImpl.java:110) ~[na:na]
	at java.base/java.net.SocksSocketImpl.connect(SocksSocketImpl.java:327) ~[na:na]
	at java.base/java.net.Socket.connect(Socket.java:751) ~[na:na]
	at org.apache.http.conn.socket.PlainConnectionSocketFactory.connectSocket(PlainConnectionSocketFactory.java:75) ~[httpclient-4.5.3.jar:4.5.3]
	at org.apache.http.impl.conn.DefaultHttpClientConnectionOperator.connect(DefaultHttpClientConnectionOperator.java:142) ~[httpclient-4.5.3.jar:4.5.3]
	... 25 common frames omitted

2026-02-22T11:29:39.109+05:30 ERROR 25864 --- [SpringCloud_EurekaServer] [TaskBatchingWorker-target_localhost-8] [                                                 ] c.n.e.cluster.ReplicationTaskProcessor   : It seems to be a socket read timeout exception, it will retry later. if it continues to happen and some eureka node occupied all the cpu time, you should set property 'eureka.server.peer-node-read-timeout-ms' to a bigger value

jakarta.ws.rs.ProcessingException: java.net.SocketTimeoutException: Read timed out
	at org.glassfish.jersey.apache.connector.ApacheConnector.apply(ApacheConnector.java:535) ~[jersey-apache-connector-3.0.5.jar:na]
	at org.glassfish.jersey.client.ClientRuntime.invoke(ClientRuntime.java:300) ~[jersey-client-4.0.0.jar:na]
	at org.glassfish.jersey.client.JerseyInvocation.lambda$invoke$0(JerseyInvocation.java:671) ~[jersey-client-4.0.0.jar:na]
	at org.glassfish.jersey.client.JerseyInvocation.call(JerseyInvocation.java:706) ~[jersey-client-4.0.0.jar:na]
	at org.glassfish.jersey.client.JerseyInvocation.lambda$runInScope$3(JerseyInvocation.java:700) ~[jersey-client-4.0.0.jar:na]
	at org.glassfish.jersey.internal.Errors.process(Errors.java:292) ~[jersey-common-4.0.0.jar:na]
	at org.glassfish.jersey.internal.Errors.process(Errors.java:274) ~[jersey-common-4.0.0.jar:na]
	at org.glassfish.jersey.internal.Errors.process(Errors.java:205) ~[jersey-common-4.0.0.jar:na]
	at org.glassfish.jersey.process.internal.RequestScope.runInScope(RequestScope.java:391) ~[jersey-common-4.0.0.jar:na]
	at org.glassfish.jersey.client.JerseyInvocation.runInScope(JerseyInvocation.java:700) ~[jersey-client-4.0.0.jar:na]
	at org.glassfish.jersey.client.JerseyInvocation.invoke(JerseyInvocation.java:670) ~[jersey-client-4.0.0.jar:na]
	at org.glassfish.jersey.client.JerseyInvocation$Builder.method(JerseyInvocation.java:436) ~[jersey-client-4.0.0.jar:na]
	at org.glassfish.jersey.client.JerseyInvocation$Builder.post(JerseyInvocation.java:342) ~[jersey-client-4.0.0.jar:na]
	at com.netflix.eureka.transport.Jersey3ReplicationClient.submitBatchUpdates(Jersey3ReplicationClient.java:116) ~[eureka-core-jersey3-2.0.5.jar:2.0.5]
	at com.netflix.eureka.cluster.ReplicationTaskProcessor.process(ReplicationTaskProcessor.java:80) ~[eureka-core-2.0.5.jar:2.0.5]
	at com.netflix.eureka.util.batcher.TaskExecutors$BatchWorkerRunnable.run(TaskExecutors.java:178) ~[eureka-core-2.0.5.jar:2.0.5]
	at java.base/java.lang.Thread.run(Thread.java:1583) ~[na:na]
Caused by: java.net.SocketTimeoutException: Read timed out
	at java.base/sun.nio.ch.NioSocketImpl.timedRead(NioSocketImpl.java:278) ~[na:na]
	at java.base/sun.nio.ch.NioSocketImpl.implRead(NioSocketImpl.java:304) ~[na:na]
	at java.base/sun.nio.ch.NioSocketImpl.read(NioSocketImpl.java:346) ~[na:na]
	at java.base/sun.nio.ch.NioSocketImpl$1.read(NioSocketImpl.java:796) ~[na:na]
	at java.base/java.net.Socket$SocketInputStream.read(Socket.java:1099) ~[na:na]
	at org.apache.http.impl.io.SessionInputBufferImpl.streamRead(SessionInputBufferImpl.java:137) ~[httpcore-4.4.16.jar:4.4.16]
	at org.apache.http.impl.io.SessionInputBufferImpl.fillBuffer(SessionInputBufferImpl.java:153) ~[httpcore-4.4.16.jar:4.4.16]
	at org.apache.http.impl.io.SessionInputBufferImpl.readLine(SessionInputBufferImpl.java:280) ~[httpcore-4.4.16.jar:4.4.16]
	at org.apache.http.impl.conn.DefaultHttpResponseParser.parseHead(DefaultHttpResponseParser.java:138) ~[httpclient-4.5.3.jar:4.5.3]
	at org.apache.http.impl.conn.DefaultHttpResponseParser.parseHead(DefaultHttpResponseParser.java:56) ~[httpclient-4.5.3.jar:4.5.3]
	at org.apache.http.impl.io.AbstractMessageParser.parse(AbstractMessageParser.java:259) ~[httpcore-4.4.16.jar:4.4.16]
	at org.apache.http.impl.DefaultBHttpClientConnection.receiveResponseHeader(DefaultBHttpClientConnection.java:163) ~[httpcore-4.4.16.jar:4.4.16]
	at org.apache.http.impl.conn.CPoolProxy.receiveResponseHeader(CPoolProxy.java:165) ~[httpclient-4.5.3.jar:4.5.3]
	at org.apache.http.protocol.HttpRequestExecutor.doReceiveResponse(HttpRequestExecutor.java:273) ~[httpcore-4.4.16.jar:4.4.16]
	at org.apache.http.protocol.HttpRequestExecutor.execute(HttpRequestExecutor.java:125) ~[httpcore-4.4.16.jar:4.4.16]
	at org.apache.http.impl.execchain.MainClientExec.execute(MainClientExec.java:272) ~[httpclient-4.5.3.jar:4.5.3]
	at org.apache.http.impl.execchain.ProtocolExec.execute(ProtocolExec.java:185) ~[httpclient-4.5.3.jar:4.5.3]
	at org.apache.http.impl.execchain.RetryExec.execute(RetryExec.java:89) ~[httpclient-4.5.3.jar:4.5.3]
	at org.apache.http.impl.execchain.RedirectExec.execute(RedirectExec.java:111) ~[httpclient-4.5.3.jar:4.5.3]
	at org.apache.http.impl.client.InternalHttpClient.doExecute(InternalHttpClient.java:185) ~[httpclient-4.5.3.jar:4.5.3]
	at org.apache.http.impl.client.CloseableHttpClient.execute(CloseableHttpClient.java:72) ~[httpclient-4.5.3.jar:4.5.3]
	at org.glassfish.jersey.apache.connector.ApacheConnector.apply(ApacheConnector.java:487) ~[jersey-apache-connector-3.0.5.jar:na]
	... 16 common frames omitted

2026-02-22T11:30:38.245+05:30  INFO 25864 --- [SpringCloud_EurekaServer] [Eureka-EvictionTimer] [                                                 ] c.n.e.registry.AbstractInstanceRegistry  : Running the evict task with compensationTime 4ms
2026-02-22T11:31:21.464+05:30  INFO 25864 --- [SpringCloud_EurekaServer] [http-nio-8761-exec-9] [699a9bb13964b01cdc7df236dcc70550-dc7df236dcc70550] c.n.e.registry.AbstractInstanceRegistry  : Registered instance CARTORDERSERVICE/DESKTOP-ECRRR37.mshome.net:CartOrderService:8083 with status DOWN (replication=false)
2026-02-22T11:31:21.983+05:30  INFO 25864 --- [SpringCloud_EurekaServer] [http-nio-8761-exec-7] [699a9bb1ec9b2e1bcb9f02f9914d5060-cb9f02f9914d5060] c.n.e.registry.AbstractInstanceRegistry  : Registered instance CARTORDERSERVICE/DESKTOP-ECRRR37.mshome.net:CartOrderService:8083 with status DOWN (replication=true)
2026-02-22T11:31:30.285+05:30 ERROR 25864 --- [SpringCloud_EurekaServer] [TaskBatchingWorker-target_localhost-7] [                                                 ] c.n.e.cluster.ReplicationTaskProcessor   : It seems to be a socket read timeout exception, it will retry later. if it continues to happen and some eureka node occupied all the cpu time, you should set property 'eureka.server.peer-node-read-timeout-ms' to a bigger value

jakarta.ws.rs.ProcessingException: java.net.SocketTimeoutException: Read timed out
	at org.glassfish.jersey.apache.connector.ApacheConnector.apply(ApacheConnector.java:535) ~[jersey-apache-connector-3.0.5.jar:na]
	at org.glassfish.jersey.client.ClientRuntime.invoke(ClientRuntime.java:300) ~[jersey-client-4.0.0.jar:na]
	at org.glassfish.jersey.client.JerseyInvocation.lambda$invoke$0(JerseyInvocation.java:671) ~[jersey-client-4.0.0.jar:na]
	at org.glassfish.jersey.client.JerseyInvocation.call(JerseyInvocation.java:706) ~[jersey-client-4.0.0.jar:na]
	at org.glassfish.jersey.client.JerseyInvocation.lambda$runInScope$3(JerseyInvocation.java:700) ~[jersey-client-4.0.0.jar:na]
	at org.glassfish.jersey.internal.Errors.process(Errors.java:292) ~[jersey-common-4.0.0.jar:na]
	at org.glassfish.jersey.internal.Errors.process(Errors.java:274) ~[jersey-common-4.0.0.jar:na]
	at org.glassfish.jersey.internal.Errors.process(Errors.java:205) ~[jersey-common-4.0.0.jar:na]
	at org.glassfish.jersey.process.internal.RequestScope.runInScope(RequestScope.java:391) ~[jersey-common-4.0.0.jar:na]
	at org.glassfish.jersey.client.JerseyInvocation.runInScope(JerseyInvocation.java:700) ~[jersey-client-4.0.0.jar:na]
	at org.glassfish.jersey.client.JerseyInvocation.invoke(JerseyInvocation.java:670) ~[jersey-client-4.0.0.jar:na]
	at org.glassfish.jersey.client.JerseyInvocation$Builder.method(JerseyInvocation.java:436) ~[jersey-client-4.0.0.jar:na]
	at org.glassfish.jersey.client.JerseyInvocation$Builder.post(JerseyInvocation.java:342) ~[jersey-client-4.0.0.jar:na]
	at com.netflix.eureka.transport.Jersey3ReplicationClient.submitBatchUpdates(Jersey3ReplicationClient.java:116) ~[eureka-core-jersey3-2.0.5.jar:2.0.5]
	at com.netflix.eureka.cluster.ReplicationTaskProcessor.process(ReplicationTaskProcessor.java:80) ~[eureka-core-2.0.5.jar:2.0.5]
	at com.netflix.eureka.util.batcher.TaskExecutors$BatchWorkerRunnable.run(TaskExecutors.java:178) ~[eureka-core-2.0.5.jar:2.0.5]
	at java.base/java.lang.Thread.run(Thread.java:1583) ~[na:na]
Caused by: java.net.SocketTimeoutException: Read timed out
	at java.base/sun.nio.ch.NioSocketImpl.timedRead(NioSocketImpl.java:278) ~[na:na]
	at java.base/sun.nio.ch.NioSocketImpl.implRead(NioSocketImpl.java:304) ~[na:na]
	at java.base/sun.nio.ch.NioSocketImpl.read(NioSocketImpl.java:346) ~[na:na]
	at java.base/sun.nio.ch.NioSocketImpl$1.read(NioSocketImpl.java:796) ~[na:na]
	at java.base/java.net.Socket$SocketInputStream.read(Socket.java:1099) ~[na:na]
	at org.apache.http.impl.io.SessionInputBufferImpl.streamRead(SessionInputBufferImpl.java:137) ~[httpcore-4.4.16.jar:4.4.16]
	at org.apache.http.impl.io.SessionInputBufferImpl.fillBuffer(SessionInputBufferImpl.java:153) ~[httpcore-4.4.16.jar:4.4.16]
	at org.apache.http.impl.io.SessionInputBufferImpl.readLine(SessionInputBufferImpl.java:280) ~[httpcore-4.4.16.jar:4.4.16]
	at org.apache.http.impl.conn.DefaultHttpResponseParser.parseHead(DefaultHttpResponseParser.java:138) ~[httpclient-4.5.3.jar:4.5.3]
	at org.apache.http.impl.conn.DefaultHttpResponseParser.parseHead(DefaultHttpResponseParser.java:56) ~[httpclient-4.5.3.jar:4.5.3]
	at org.apache.http.impl.io.AbstractMessageParser.parse(AbstractMessageParser.java:259) ~[httpcore-4.4.16.jar:4.4.16]
	at org.apache.http.impl.DefaultBHttpClientConnection.receiveResponseHeader(DefaultBHttpClientConnection.java:163) ~[httpcore-4.4.16.jar:4.4.16]
	at org.apache.http.impl.conn.CPoolProxy.receiveResponseHeader(CPoolProxy.java:165) ~[httpclient-4.5.3.jar:4.5.3]
	at org.apache.http.protocol.HttpRequestExecutor.doReceiveResponse(HttpRequestExecutor.java:273) ~[httpcore-4.4.16.jar:4.4.16]
	at org.apache.http.protocol.HttpRequestExecutor.execute(HttpRequestExecutor.java:125) ~[httpcore-4.4.16.jar:4.4.16]
	at org.apache.http.impl.execchain.MainClientExec.execute(MainClientExec.java:272) ~[httpclient-4.5.3.jar:4.5.3]
	at org.apache.http.impl.execchain.ProtocolExec.execute(ProtocolExec.java:185) ~[httpclient-4.5.3.jar:4.5.3]
	at org.apache.http.impl.execchain.RetryExec.execute(RetryExec.java:89) ~[httpclient-4.5.3.jar:4.5.3]
	at org.apache.http.impl.execchain.RedirectExec.execute(RedirectExec.java:111) ~[httpclient-4.5.3.jar:4.5.3]
	at org.apache.http.impl.client.InternalHttpClient.doExecute(InternalHttpClient.java:185) ~[httpclient-4.5.3.jar:4.5.3]
	at org.apache.http.impl.client.CloseableHttpClient.execute(CloseableHttpClient.java:72) ~[httpclient-4.5.3.jar:4.5.3]
	at org.glassfish.jersey.apache.connector.ApacheConnector.apply(ApacheConnector.java:487) ~[jersey-apache-connector-3.0.5.jar:na]
	... 16 common frames omitted

2026-02-22T11:31:38.259+05:30  INFO 25864 --- [SpringCloud_EurekaServer] [Eureka-EvictionTimer] [                                                 ] c.n.e.registry.AbstractInstanceRegistry  : Running the evict task with compensationTime 13ms
2026-02-22T11:32:22.126+05:30  INFO 25864 --- [SpringCloud_EurekaServer] [http-nio-8761-exec-9] [699a9bee854a7da6a5c0bd46f4f630d9-a5c0bd46f4f630d9] c.n.e.registry.AbstractInstanceRegistry  : Registered instance CARTORDERSERVICE/DESKTOP-ECRRR37.mshome.net:CartOrderService:8083 with status UP (replication=false)
2026-02-22T11:32:22.671+05:30  INFO 25864 --- [SpringCloud_EurekaServer] [http-nio-8761-exec-7] [699a9bee21ec2cc10cd983a8dc80a396-0cd983a8dc80a396] c.n.e.registry.AbstractInstanceRegistry  : Registered instance CARTORDERSERVICE/DESKTOP-ECRRR37.mshome.net:CartOrderService:8083 with status UP (replication=true)
2026-02-22T11:32:31.008+05:30 ERROR 25864 --- [SpringCloud_EurekaServer] [TaskBatchingWorker-target_localhost-16] [                                                 ] c.n.e.cluster.ReplicationTaskProcessor   : It seems to be a socket read timeout exception, it will retry later. if it continues to happen and some eureka node occupied all the cpu time, you should set property 'eureka.server.peer-node-read-timeout-ms' to a bigger value

jakarta.ws.rs.ProcessingException: java.net.SocketTimeoutException: Read timed out
	at org.glassfish.jersey.apache.connector.ApacheConnector.apply(ApacheConnector.java:535) ~[jersey-apache-connector-3.0.5.jar:na]
	at org.glassfish.jersey.client.ClientRuntime.invoke(ClientRuntime.java:300) ~[jersey-client-4.0.0.jar:na]
	at org.glassfish.jersey.client.JerseyInvocation.lambda$invoke$0(JerseyInvocation.java:671) ~[jersey-client-4.0.0.jar:na]
	at org.glassfish.jersey.client.JerseyInvocation.call(JerseyInvocation.java:706) ~[jersey-client-4.0.0.jar:na]
	at org.glassfish.jersey.client.JerseyInvocation.lambda$runInScope$3(JerseyInvocation.java:700) ~[jersey-client-4.0.0.jar:na]
	at org.glassfish.jersey.internal.Errors.process(Errors.java:292) ~[jersey-common-4.0.0.jar:na]
	at org.glassfish.jersey.internal.Errors.process(Errors.java:274) ~[jersey-common-4.0.0.jar:na]
	at org.glassfish.jersey.internal.Errors.process(Errors.java:205) ~[jersey-common-4.0.0.jar:na]
	at org.glassfish.jersey.process.internal.RequestScope.runInScope(RequestScope.java:391) ~[jersey-common-4.0.0.jar:na]
	at org.glassfish.jersey.client.JerseyInvocation.runInScope(JerseyInvocation.java:700) ~[jersey-client-4.0.0.jar:na]
	at org.glassfish.jersey.client.JerseyInvocation.invoke(JerseyInvocation.java:670) ~[jersey-client-4.0.0.jar:na]
	at org.glassfish.jersey.client.JerseyInvocation$Builder.method(JerseyInvocation.java:436) ~[jersey-client-4.0.0.jar:na]
	at org.glassfish.jersey.client.JerseyInvocation$Builder.post(JerseyInvocation.java:342) ~[jersey-client-4.0.0.jar:na]
	at com.netflix.eureka.transport.Jersey3ReplicationClient.submitBatchUpdates(Jersey3ReplicationClient.java:116) ~[eureka-core-jersey3-2.0.5.jar:2.0.5]
	at com.netflix.eureka.cluster.ReplicationTaskProcessor.process(ReplicationTaskProcessor.java:80) ~[eureka-core-2.0.5.jar:2.0.5]
	at com.netflix.eureka.util.batcher.TaskExecutors$BatchWorkerRunnable.run(TaskExecutors.java:178) ~[eureka-core-2.0.5.jar:2.0.5]
	at java.base/java.lang.Thread.run(Thread.java:1583) ~[na:na]
Caused by: java.net.SocketTimeoutException: Read timed out
	at java.base/sun.nio.ch.NioSocketImpl.timedRead(NioSocketImpl.java:278) ~[na:na]
	at java.base/sun.nio.ch.NioSocketImpl.implRead(NioSocketImpl.java:304) ~[na:na]
	at java.base/sun.nio.ch.NioSocketImpl.read(NioSocketImpl.java:346) ~[na:na]
	at java.base/sun.nio.ch.NioSocketImpl$1.read(NioSocketImpl.java:796) ~[na:na]
	at java.base/java.net.Socket$SocketInputStream.read(Socket.java:1099) ~[na:na]
	at org.apache.http.impl.io.SessionInputBufferImpl.streamRead(SessionInputBufferImpl.java:137) ~[httpcore-4.4.16.jar:4.4.16]
	at org.apache.http.impl.io.SessionInputBufferImpl.fillBuffer(SessionInputBufferImpl.java:153) ~[httpcore-4.4.16.jar:4.4.16]
	at org.apache.http.impl.io.SessionInputBufferImpl.readLine(SessionInputBufferImpl.java:280) ~[httpcore-4.4.16.jar:4.4.16]
	at org.apache.http.impl.conn.DefaultHttpResponseParser.parseHead(DefaultHttpResponseParser.java:138) ~[httpclient-4.5.3.jar:4.5.3]
	at org.apache.http.impl.conn.DefaultHttpResponseParser.parseHead(DefaultHttpResponseParser.java:56) ~[httpclient-4.5.3.jar:4.5.3]
	at org.apache.http.impl.io.AbstractMessageParser.parse(AbstractMessageParser.java:259) ~[httpcore-4.4.16.jar:4.4.16]
	at org.apache.http.impl.DefaultBHttpClientConnection.receiveResponseHeader(DefaultBHttpClientConnection.java:163) ~[httpcore-4.4.16.jar:4.4.16]
	at org.apache.http.impl.conn.CPoolProxy.receiveResponseHeader(CPoolProxy.java:165) ~[httpclient-4.5.3.jar:4.5.3]
	at org.apache.http.protocol.HttpRequestExecutor.doReceiveResponse(HttpRequestExecutor.java:273) ~[httpcore-4.4.16.jar:4.4.16]
	at org.apache.http.protocol.HttpRequestExecutor.execute(HttpRequestExecutor.java:125) ~[httpcore-4.4.16.jar:4.4.16]
	at org.apache.http.impl.execchain.MainClientExec.execute(MainClientExec.java:272) ~[httpclient-4.5.3.jar:4.5.3]
	at org.apache.http.impl.execchain.ProtocolExec.execute(ProtocolExec.java:185) ~[httpclient-4.5.3.jar:4.5.3]
	at org.apache.http.impl.execchain.RetryExec.execute(RetryExec.java:89) ~[httpclient-4.5.3.jar:4.5.3]
	at org.apache.http.impl.execchain.RedirectExec.execute(RedirectExec.java:111) ~[httpclient-4.5.3.jar:4.5.3]
	at org.apache.http.impl.client.InternalHttpClient.doExecute(InternalHttpClient.java:185) ~[httpclient-4.5.3.jar:4.5.3]
	at org.apache.http.impl.client.CloseableHttpClient.execute(CloseableHttpClient.java:72) ~[httpclient-4.5.3.jar:4.5.3]
	at org.glassfish.jersey.apache.connector.ApacheConnector.apply(ApacheConnector.java:487) ~[jersey-apache-connector-3.0.5.jar:na]
	... 16 common frames omitted

2026-02-22T11:32:33.920+05:30 ERROR 25864 --- [SpringCloud_EurekaServer] [TaskBatchingWorker-target_localhost-5] [                                                 ] c.n.e.cluster.ReplicationTaskProcessor   : It seems to be a socket read timeout exception, it will retry later. if it continues to happen and some eureka node occupied all the cpu time, you should set property 'eureka.server.peer-node-read-timeout-ms' to a bigger value

jakarta.ws.rs.ProcessingException: java.net.SocketTimeoutException: Read timed out
	at org.glassfish.jersey.apache.connector.ApacheConnector.apply(ApacheConnector.java:535) ~[jersey-apache-connector-3.0.5.jar:na]
	at org.glassfish.jersey.client.ClientRuntime.invoke(ClientRuntime.java:300) ~[jersey-client-4.0.0.jar:na]
	at org.glassfish.jersey.client.JerseyInvocation.lambda$invoke$0(JerseyInvocation.java:671) ~[jersey-client-4.0.0.jar:na]
	at org.glassfish.jersey.client.JerseyInvocation.call(JerseyInvocation.java:706) ~[jersey-client-4.0.0.jar:na]
	at org.glassfish.jersey.client.JerseyInvocation.lambda$runInScope$3(JerseyInvocation.java:700) ~[jersey-client-4.0.0.jar:na]
	at org.glassfish.jersey.internal.Errors.process(Errors.java:292) ~[jersey-common-4.0.0.jar:na]
	at org.glassfish.jersey.internal.Errors.process(Errors.java:274) ~[jersey-common-4.0.0.jar:na]
	at org.glassfish.jersey.internal.Errors.process(Errors.java:205) ~[jersey-common-4.0.0.jar:na]
	at org.glassfish.jersey.process.internal.RequestScope.runInScope(RequestScope.java:391) ~[jersey-common-4.0.0.jar:na]
	at org.glassfish.jersey.client.JerseyInvocation.runInScope(JerseyInvocation.java:700) ~[jersey-client-4.0.0.jar:na]
	at org.glassfish.jersey.client.JerseyInvocation.invoke(JerseyInvocation.java:670) ~[jersey-client-4.0.0.jar:na]
	at org.glassfish.jersey.client.JerseyInvocation$Builder.method(JerseyInvocation.java:436) ~[jersey-client-4.0.0.jar:na]
	at org.glassfish.jersey.client.JerseyInvocation$Builder.post(JerseyInvocation.java:342) ~[jersey-client-4.0.0.jar:na]
	at com.netflix.eureka.transport.Jersey3ReplicationClient.submitBatchUpdates(Jersey3ReplicationClient.java:116) ~[eureka-core-jersey3-2.0.5.jar:2.0.5]
	at com.netflix.eureka.cluster.ReplicationTaskProcessor.process(ReplicationTaskProcessor.java:80) ~[eureka-core-2.0.5.jar:2.0.5]
	at com.netflix.eureka.util.batcher.TaskExecutors$BatchWorkerRunnable.run(TaskExecutors.java:178) ~[eureka-core-2.0.5.jar:2.0.5]
	at java.base/java.lang.Thread.run(Thread.java:1583) ~[na:na]
Caused by: java.net.SocketTimeoutException: Read timed out
	at java.base/sun.nio.ch.NioSocketImpl.timedRead(NioSocketImpl.java:278) ~[na:na]
	at java.base/sun.nio.ch.NioSocketImpl.implRead(NioSocketImpl.java:304) ~[na:na]
	at java.base/sun.nio.ch.NioSocketImpl.read(NioSocketImpl.java:346) ~[na:na]
	at java.base/sun.nio.ch.NioSocketImpl$1.read(NioSocketImpl.java:796) ~[na:na]
	at java.base/java.net.Socket$SocketInputStream.read(Socket.java:1099) ~[na:na]
	at org.apache.http.impl.io.SessionInputBufferImpl.streamRead(SessionInputBufferImpl.java:137) ~[httpcore-4.4.16.jar:4.4.16]
	at org.apache.http.impl.io.SessionInputBufferImpl.fillBuffer(SessionInputBufferImpl.java:153) ~[httpcore-4.4.16.jar:4.4.16]
	at org.apache.http.impl.io.SessionInputBufferImpl.readLine(SessionInputBufferImpl.java:280) ~[httpcore-4.4.16.jar:4.4.16]
	at org.apache.http.impl.conn.DefaultHttpResponseParser.parseHead(DefaultHttpResponseParser.java:138) ~[httpclient-4.5.3.jar:4.5.3]
	at org.apache.http.impl.conn.DefaultHttpResponseParser.parseHead(DefaultHttpResponseParser.java:56) ~[httpclient-4.5.3.jar:4.5.3]
	at org.apache.http.impl.io.AbstractMessageParser.parse(AbstractMessageParser.java:259) ~[httpcore-4.4.16.jar:4.4.16]
	at org.apache.http.impl.DefaultBHttpClientConnection.receiveResponseHeader(DefaultBHttpClientConnection.java:163) ~[httpcore-4.4.16.jar:4.4.16]
	at org.apache.http.impl.conn.CPoolProxy.receiveResponseHeader(CPoolProxy.java:165) ~[httpclient-4.5.3.jar:4.5.3]
	at org.apache.http.protocol.HttpRequestExecutor.doReceiveResponse(HttpRequestExecutor.java:273) ~[httpcore-4.4.16.jar:4.4.16]
	at org.apache.http.protocol.HttpRequestExecutor.execute(HttpRequestExecutor.java:125) ~[httpcore-4.4.16.jar:4.4.16]
	at org.apache.http.impl.execchain.MainClientExec.execute(MainClientExec.java:272) ~[httpclient-4.5.3.jar:4.5.3]
	at org.apache.http.impl.execchain.ProtocolExec.execute(ProtocolExec.java:185) ~[httpclient-4.5.3.jar:4.5.3]
	at org.apache.http.impl.execchain.RetryExec.execute(RetryExec.java:89) ~[httpclient-4.5.3.jar:4.5.3]
	at org.apache.http.impl.execchain.RedirectExec.execute(RedirectExec.java:111) ~[httpclient-4.5.3.jar:4.5.3]
	at org.apache.http.impl.client.InternalHttpClient.doExecute(InternalHttpClient.java:185) ~[httpclient-4.5.3.jar:4.5.3]
	at org.apache.http.impl.client.CloseableHttpClient.execute(CloseableHttpClient.java:72) ~[httpclient-4.5.3.jar:4.5.3]
	at org.glassfish.jersey.apache.connector.ApacheConnector.apply(ApacheConnector.java:487) ~[jersey-apache-connector-3.0.5.jar:na]
	... 16 common frames omitted

2026-02-22T11:32:37.782+05:30  INFO 25864 --- [SpringCloud_EurekaServer] [ReplicaAwareInstanceRegistry - RenewalThresholdUpdater] [                                                 ] c.n.e.r.PeerAwareInstanceRegistryImpl    : Current renewal threshold is : 10
2026-02-22T11:32:38.260+05:30  INFO 25864 --- [SpringCloud_EurekaServer] [Eureka-EvictionTimer] [                                                 ] c.n.e.registry.AbstractInstanceRegistry  : Running the evict task with compensationTime 1ms
2026-02-22T11:33:38.262+05:30  INFO 25864 --- [SpringCloud_EurekaServer] [Eureka-EvictionTimer] [                                                 ] c.n.e.registry.AbstractInstanceRegistry  : Running the evict task with compensationTime 1ms
2026-02-22T11:34:04.240+05:30 ERROR 25864 --- [SpringCloud_EurekaServer] [TaskBatchingWorker-target_localhost-16] [                                                 ] c.n.e.cluster.ReplicationTaskProcessor   : It seems to be a socket read timeout exception, it will retry later. if it continues to happen and some eureka node occupied all the cpu time, you should set property 'eureka.server.peer-node-read-timeout-ms' to a bigger value

jakarta.ws.rs.ProcessingException: java.net.SocketTimeoutException: Read timed out
	at org.glassfish.jersey.apache.connector.ApacheConnector.apply(ApacheConnector.java:535) ~[jersey-apache-connector-3.0.5.jar:na]
	at org.glassfish.jersey.client.ClientRuntime.invoke(ClientRuntime.java:300) ~[jersey-client-4.0.0.jar:na]
	at org.glassfish.jersey.client.JerseyInvocation.lambda$invoke$0(JerseyInvocation.java:671) ~[jersey-client-4.0.0.jar:na]
	at org.glassfish.jersey.client.JerseyInvocation.call(JerseyInvocation.java:706) ~[jersey-client-4.0.0.jar:na]
	at org.glassfish.jersey.client.JerseyInvocation.lambda$runInScope$3(JerseyInvocation.java:700) ~[jersey-client-4.0.0.jar:na]
	at org.glassfish.jersey.internal.Errors.process(Errors.java:292) ~[jersey-common-4.0.0.jar:na]
	at org.glassfish.jersey.internal.Errors.process(Errors.java:274) ~[jersey-common-4.0.0.jar:na]
	at org.glassfish.jersey.internal.Errors.process(Errors.java:205) ~[jersey-common-4.0.0.jar:na]
	at org.glassfish.jersey.process.internal.RequestScope.runInScope(RequestScope.java:391) ~[jersey-common-4.0.0.jar:na]
	at org.glassfish.jersey.client.JerseyInvocation.runInScope(JerseyInvocation.java:700) ~[jersey-client-4.0.0.jar:na]
	at org.glassfish.jersey.client.JerseyInvocation.invoke(JerseyInvocation.java:670) ~[jersey-client-4.0.0.jar:na]
	at org.glassfish.jersey.client.JerseyInvocation$Builder.method(JerseyInvocation.java:436) ~[jersey-client-4.0.0.jar:na]
	at org.glassfish.jersey.client.JerseyInvocation$Builder.post(JerseyInvocation.java:342) ~[jersey-client-4.0.0.jar:na]
	at com.netflix.eureka.transport.Jersey3ReplicationClient.submitBatchUpdates(Jersey3ReplicationClient.java:116) ~[eureka-core-jersey3-2.0.5.jar:2.0.5]
	at com.netflix.eureka.cluster.ReplicationTaskProcessor.process(ReplicationTaskProcessor.java:80) ~[eureka-core-2.0.5.jar:2.0.5]
	at com.netflix.eureka.util.batcher.TaskExecutors$BatchWorkerRunnable.run(TaskExecutors.java:178) ~[eureka-core-2.0.5.jar:2.0.5]
	at java.base/java.lang.Thread.run(Thread.java:1583) ~[na:na]
Caused by: java.net.SocketTimeoutException: Read timed out
	at java.base/sun.nio.ch.NioSocketImpl.timedRead(NioSocketImpl.java:278) ~[na:na]
	at java.base/sun.nio.ch.NioSocketImpl.implRead(NioSocketImpl.java:304) ~[na:na]
	at java.base/sun.nio.ch.NioSocketImpl.read(NioSocketImpl.java:346) ~[na:na]
	at java.base/sun.nio.ch.NioSocketImpl$1.read(NioSocketImpl.java:796) ~[na:na]
	at java.base/java.net.Socket$SocketInputStream.read(Socket.java:1099) ~[na:na]
	at org.apache.http.impl.io.SessionInputBufferImpl.streamRead(SessionInputBufferImpl.java:137) ~[httpcore-4.4.16.jar:4.4.16]
	at org.apache.http.impl.io.SessionInputBufferImpl.fillBuffer(SessionInputBufferImpl.java:153) ~[httpcore-4.4.16.jar:4.4.16]
	at org.apache.http.impl.io.SessionInputBufferImpl.readLine(SessionInputBufferImpl.java:280) ~[httpcore-4.4.16.jar:4.4.16]
	at org.apache.http.impl.conn.DefaultHttpResponseParser.parseHead(DefaultHttpResponseParser.java:138) ~[httpclient-4.5.3.jar:4.5.3]
	at org.apache.http.impl.conn.DefaultHttpResponseParser.parseHead(DefaultHttpResponseParser.java:56) ~[httpclient-4.5.3.jar:4.5.3]
	at org.apache.http.impl.io.AbstractMessageParser.parse(AbstractMessageParser.java:259) ~[httpcore-4.4.16.jar:4.4.16]
	at org.apache.http.impl.DefaultBHttpClientConnection.receiveResponseHeader(DefaultBHttpClientConnection.java:163) ~[httpcore-4.4.16.jar:4.4.16]
	at org.apache.http.impl.conn.CPoolProxy.receiveResponseHeader(CPoolProxy.java:165) ~[httpclient-4.5.3.jar:4.5.3]
	at org.apache.http.protocol.HttpRequestExecutor.doReceiveResponse(HttpRequestExecutor.java:273) ~[httpcore-4.4.16.jar:4.4.16]
	at org.apache.http.protocol.HttpRequestExecutor.execute(HttpRequestExecutor.java:125) ~[httpcore-4.4.16.jar:4.4.16]
	at org.apache.http.impl.execchain.MainClientExec.execute(MainClientExec.java:272) ~[httpclient-4.5.3.jar:4.5.3]
	at org.apache.http.impl.execchain.ProtocolExec.execute(ProtocolExec.java:185) ~[httpclient-4.5.3.jar:4.5.3]
	at org.apache.http.impl.execchain.RetryExec.execute(RetryExec.java:89) ~[httpclient-4.5.3.jar:4.5.3]
	at org.apache.http.impl.execchain.RedirectExec.execute(RedirectExec.java:111) ~[httpclient-4.5.3.jar:4.5.3]
	at org.apache.http.impl.client.InternalHttpClient.doExecute(InternalHttpClient.java:185) ~[httpclient-4.5.3.jar:4.5.3]
	at org.apache.http.impl.client.CloseableHttpClient.execute(CloseableHttpClient.java:72) ~[httpclient-4.5.3.jar:4.5.3]
	at org.glassfish.jersey.apache.connector.ApacheConnector.apply(ApacheConnector.java:487) ~[jersey-apache-connector-3.0.5.jar:na]
	... 16 common frames omitted

2026-02-22T11:34:38.272+05:30  INFO 25864 --- [SpringCloud_EurekaServer] [Eureka-EvictionTimer] [                                                 ] c.n.e.registry.AbstractInstanceRegistry  : Running the evict task with compensationTime 10ms
2026-02-22T11:35:32.795+05:30 ERROR 25864 --- [SpringCloud_EurekaServer] [TaskBatchingWorker-target_localhost-18] [                                                 ] c.n.e.cluster.ReplicationTaskProcessor   : It seems to be a socket read timeout exception, it will retry later. if it continues to happen and some eureka node occupied all the cpu time, you should set property 'eureka.server.peer-node-read-timeout-ms' to a bigger value

jakarta.ws.rs.ProcessingException: java.net.SocketTimeoutException: Read timed out
	at org.glassfish.jersey.apache.connector.ApacheConnector.apply(ApacheConnector.java:535) ~[jersey-apache-connector-3.0.5.jar:na]
	at org.glassfish.jersey.client.ClientRuntime.invoke(ClientRuntime.java:300) ~[jersey-client-4.0.0.jar:na]
	at org.glassfish.jersey.client.JerseyInvocation.lambda$invoke$0(JerseyInvocation.java:671) ~[jersey-client-4.0.0.jar:na]
	at org.glassfish.jersey.client.JerseyInvocation.call(JerseyInvocation.java:706) ~[jersey-client-4.0.0.jar:na]
	at org.glassfish.jersey.client.JerseyInvocation.lambda$runInScope$3(JerseyInvocation.java:700) ~[jersey-client-4.0.0.jar:na]
	at org.glassfish.jersey.internal.Errors.process(Errors.java:292) ~[jersey-common-4.0.0.jar:na]
	at org.glassfish.jersey.internal.Errors.process(Errors.java:274) ~[jersey-common-4.0.0.jar:na]
	at org.glassfish.jersey.internal.Errors.process(Errors.java:205) ~[jersey-common-4.0.0.jar:na]
	at org.glassfish.jersey.process.internal.RequestScope.runInScope(RequestScope.java:391) ~[jersey-common-4.0.0.jar:na]
	at org.glassfish.jersey.client.JerseyInvocation.runInScope(JerseyInvocation.java:700) ~[jersey-client-4.0.0.jar:na]
	at org.glassfish.jersey.client.JerseyInvocation.invoke(JerseyInvocation.java:670) ~[jersey-client-4.0.0.jar:na]
	at org.glassfish.jersey.client.JerseyInvocation$Builder.method(JerseyInvocation.java:436) ~[jersey-client-4.0.0.jar:na]
	at org.glassfish.jersey.client.JerseyInvocation$Builder.post(JerseyInvocation.java:342) ~[jersey-client-4.0.0.jar:na]
	at com.netflix.eureka.transport.Jersey3ReplicationClient.submitBatchUpdates(Jersey3ReplicationClient.java:116) ~[eureka-core-jersey3-2.0.5.jar:2.0.5]
	at com.netflix.eureka.cluster.ReplicationTaskProcessor.process(ReplicationTaskProcessor.java:80) ~[eureka-core-2.0.5.jar:2.0.5]
	at com.netflix.eureka.util.batcher.TaskExecutors$BatchWorkerRunnable.run(TaskExecutors.java:178) ~[eureka-core-2.0.5.jar:2.0.5]
	at java.base/java.lang.Thread.run(Thread.java:1583) ~[na:na]
Caused by: java.net.SocketTimeoutException: Read timed out
	at java.base/sun.nio.ch.NioSocketImpl.timedRead(NioSocketImpl.java:278) ~[na:na]
	at java.base/sun.nio.ch.NioSocketImpl.implRead(NioSocketImpl.java:304) ~[na:na]
	at java.base/sun.nio.ch.NioSocketImpl.read(NioSocketImpl.java:346) ~[na:na]
	at java.base/sun.nio.ch.NioSocketImpl$1.read(NioSocketImpl.java:796) ~[na:na]
	at java.base/java.net.Socket$SocketInputStream.read(Socket.java:1099) ~[na:na]
	at org.apache.http.impl.io.SessionInputBufferImpl.streamRead(SessionInputBufferImpl.java:137) ~[httpcore-4.4.16.jar:4.4.16]
	at org.apache.http.impl.io.SessionInputBufferImpl.fillBuffer(SessionInputBufferImpl.java:153) ~[httpcore-4.4.16.jar:4.4.16]
	at org.apache.http.impl.io.SessionInputBufferImpl.readLine(SessionInputBufferImpl.java:280) ~[httpcore-4.4.16.jar:4.4.16]
	at org.apache.http.impl.conn.DefaultHttpResponseParser.parseHead(DefaultHttpResponseParser.java:138) ~[httpclient-4.5.3.jar:4.5.3]
	at org.apache.http.impl.conn.DefaultHttpResponseParser.parseHead(DefaultHttpResponseParser.java:56) ~[httpclient-4.5.3.jar:4.5.3]
	at org.apache.http.impl.io.AbstractMessageParser.parse(AbstractMessageParser.java:259) ~[httpcore-4.4.16.jar:4.4.16]
	at org.apache.http.impl.DefaultBHttpClientConnection.receiveResponseHeader(DefaultBHttpClientConnection.java:163) ~[httpcore-4.4.16.jar:4.4.16]
	at org.apache.http.impl.conn.CPoolProxy.receiveResponseHeader(CPoolProxy.java:165) ~[httpclient-4.5.3.jar:4.5.3]
	at org.apache.http.protocol.HttpRequestExecutor.doReceiveResponse(HttpRequestExecutor.java:273) ~[httpcore-4.4.16.jar:4.4.16]
	at org.apache.http.protocol.HttpRequestExecutor.execute(HttpRequestExecutor.java:125) ~[httpcore-4.4.16.jar:4.4.16]
	at org.apache.http.impl.execchain.MainClientExec.execute(MainClientExec.java:272) ~[httpclient-4.5.3.jar:4.5.3]
	at org.apache.http.impl.execchain.ProtocolExec.execute(ProtocolExec.java:185) ~[httpclient-4.5.3.jar:4.5.3]
	at org.apache.http.impl.execchain.RetryExec.execute(RetryExec.java:89) ~[httpclient-4.5.3.jar:4.5.3]
	at org.apache.http.impl.execchain.RedirectExec.execute(RedirectExec.java:111) ~[httpclient-4.5.3.jar:4.5.3]
	at org.apache.http.impl.client.InternalHttpClient.doExecute(InternalHttpClient.java:185) ~[httpclient-4.5.3.jar:4.5.3]
	at org.apache.http.impl.client.CloseableHttpClient.execute(CloseableHttpClient.java:72) ~[httpclient-4.5.3.jar:4.5.3]
	at org.glassfish.jersey.apache.connector.ApacheConnector.apply(ApacheConnector.java:487) ~[jersey-apache-connector-3.0.5.jar:na]
	... 16 common frames omitted

2026-02-22T11:35:38.282+05:30  INFO 25864 --- [SpringCloud_EurekaServer] [Eureka-EvictionTimer] [                                                 ] c.n.e.registry.AbstractInstanceRegistry  : Running the evict task with compensationTime 10ms
2026-02-22T11:36:17.740+05:30  INFO 25864 --- [SpringCloud_EurekaServer] [http-nio-8761-exec-10] [699a9cd979945712041590e0dc12fdef-041590e0dc12fdef] c.n.e.registry.AbstractInstanceRegistry  : Registered instance CARTORDERSERVICE/DESKTOP-ECRRR37.mshome.net:CartOrderService:8083 with status DOWN (replication=false)
2026-02-22T11:36:18.274+05:30  INFO 25864 --- [SpringCloud_EurekaServer] [http-nio-8761-exec-8] [699a9cdadcf021a45e3fec25f11b9ced-5e3fec25f11b9ced] c.n.e.registry.AbstractInstanceRegistry  : Registered instance CARTORDERSERVICE/DESKTOP-ECRRR37.mshome.net:CartOrderService:8083 with status DOWN (replication=true)
2026-02-22T11:36:38.284+05:30  INFO 25864 --- [SpringCloud_EurekaServer] [Eureka-EvictionTimer] [                                                 ] c.n.e.registry.AbstractInstanceRegistry  : Running the evict task with compensationTime 1ms
2026-02-22T11:37:30.712+05:30  INFO 25864 --- [SpringCloud_EurekaServer] [http-nio-8761-exec-9] [699a9d228fe7ec8b61d032ab52b25adb-61d032ab52b25adb] c.n.e.registry.AbstractInstanceRegistry  : Registered instance CARTORDERSERVICE/DESKTOP-ECRRR37.mshome.net:CartOrderService:8083 with status UP (replication=false)
2026-02-22T11:37:31.249+05:30  INFO 25864 --- [SpringCloud_EurekaServer] [http-nio-8761-exec-3] [699a9d23a8166af3e2b07e18a5fd7f4a-e2b07e18a5fd7f4a] c.n.e.registry.AbstractInstanceRegistry  : Registered instance CARTORDERSERVICE/DESKTOP-ECRRR37.mshome.net:CartOrderService:8083 with status UP (replication=true)
2026-02-22T11:37:38.284+05:30  INFO 25864 --- [SpringCloud_EurekaServer] [Eureka-EvictionTimer] [                                                 ] c.n.e.registry.AbstractInstanceRegistry  : Running the evict task with compensationTime 0ms
2026-02-22T11:38:38.289+05:30  INFO 25864 --- [SpringCloud_EurekaServer] [Eureka-EvictionTimer] [                                                 ] c.n.e.registry.AbstractInstanceRegistry  : Running the evict task with compensationTime 1ms
2026-02-22T11:39:06.005+05:30 ERROR 25864 --- [SpringCloud_EurekaServer] [TaskBatchingWorker-target_localhost-2] [                                                 ] c.n.e.cluster.ReplicationTaskProcessor   : It seems to be a socket read timeout exception, it will retry later. if it continues to happen and some eureka node occupied all the cpu time, you should set property 'eureka.server.peer-node-read-timeout-ms' to a bigger value

jakarta.ws.rs.ProcessingException: java.net.SocketTimeoutException: Read timed out
	at org.glassfish.jersey.apache.connector.ApacheConnector.apply(ApacheConnector.java:535) ~[jersey-apache-connector-3.0.5.jar:na]
	at org.glassfish.jersey.client.ClientRuntime.invoke(ClientRuntime.java:300) ~[jersey-client-4.0.0.jar:na]
	at org.glassfish.jersey.client.JerseyInvocation.lambda$invoke$0(JerseyInvocation.java:671) ~[jersey-client-4.0.0.jar:na]
	at org.glassfish.jersey.client.JerseyInvocation.call(JerseyInvocation.java:706) ~[jersey-client-4.0.0.jar:na]
	at org.glassfish.jersey.client.JerseyInvocation.lambda$runInScope$3(JerseyInvocation.java:700) ~[jersey-client-4.0.0.jar:na]
	at org.glassfish.jersey.internal.Errors.process(Errors.java:292) ~[jersey-common-4.0.0.jar:na]
	at org.glassfish.jersey.internal.Errors.process(Errors.java:274) ~[jersey-common-4.0.0.jar:na]
	at org.glassfish.jersey.internal.Errors.process(Errors.java:205) ~[jersey-common-4.0.0.jar:na]
	at org.glassfish.jersey.process.internal.RequestScope.runInScope(RequestScope.java:391) ~[jersey-common-4.0.0.jar:na]
	at org.glassfish.jersey.client.JerseyInvocation.runInScope(JerseyInvocation.java:700) ~[jersey-client-4.0.0.jar:na]
	at org.glassfish.jersey.client.JerseyInvocation.invoke(JerseyInvocation.java:670) ~[jersey-client-4.0.0.jar:na]
	at org.glassfish.jersey.client.JerseyInvocation$Builder.method(JerseyInvocation.java:436) ~[jersey-client-4.0.0.jar:na]
	at org.glassfish.jersey.client.JerseyInvocation$Builder.post(JerseyInvocation.java:342) ~[jersey-client-4.0.0.jar:na]
	at com.netflix.eureka.transport.Jersey3ReplicationClient.submitBatchUpdates(Jersey3ReplicationClient.java:116) ~[eureka-core-jersey3-2.0.5.jar:2.0.5]
	at com.netflix.eureka.cluster.ReplicationTaskProcessor.process(ReplicationTaskProcessor.java:80) ~[eureka-core-2.0.5.jar:2.0.5]
	at com.netflix.eureka.util.batcher.TaskExecutors$BatchWorkerRunnable.run(TaskExecutors.java:178) ~[eureka-core-2.0.5.jar:2.0.5]
	at java.base/java.lang.Thread.run(Thread.java:1583) ~[na:na]
Caused by: java.net.SocketTimeoutException: Read timed out
	at java.base/sun.nio.ch.NioSocketImpl.timedRead(NioSocketImpl.java:278) ~[na:na]
	at java.base/sun.nio.ch.NioSocketImpl.implRead(NioSocketImpl.java:304) ~[na:na]
	at java.base/sun.nio.ch.NioSocketImpl.read(NioSocketImpl.java:346) ~[na:na]
	at java.base/sun.nio.ch.NioSocketImpl$1.read(NioSocketImpl.java:796) ~[na:na]
	at java.base/java.net.Socket$SocketInputStream.read(Socket.java:1099) ~[na:na]
	at org.apache.http.impl.io.SessionInputBufferImpl.streamRead(SessionInputBufferImpl.java:137) ~[httpcore-4.4.16.jar:4.4.16]
	at org.apache.http.impl.io.SessionInputBufferImpl.fillBuffer(SessionInputBufferImpl.java:153) ~[httpcore-4.4.16.jar:4.4.16]
	at org.apache.http.impl.io.SessionInputBufferImpl.readLine(SessionInputBufferImpl.java:280) ~[httpcore-4.4.16.jar:4.4.16]
	at org.apache.http.impl.conn.DefaultHttpResponseParser.parseHead(DefaultHttpResponseParser.java:138) ~[httpclient-4.5.3.jar:4.5.3]
	at org.apache.http.impl.conn.DefaultHttpResponseParser.parseHead(DefaultHttpResponseParser.java:56) ~[httpclient-4.5.3.jar:4.5.3]
	at org.apache.http.impl.io.AbstractMessageParser.parse(AbstractMessageParser.java:259) ~[httpcore-4.4.16.jar:4.4.16]
	at org.apache.http.impl.DefaultBHttpClientConnection.receiveResponseHeader(DefaultBHttpClientConnection.java:163) ~[httpcore-4.4.16.jar:4.4.16]
	at org.apache.http.impl.conn.CPoolProxy.receiveResponseHeader(CPoolProxy.java:165) ~[httpclient-4.5.3.jar:4.5.3]
	at org.apache.http.protocol.HttpRequestExecutor.doReceiveResponse(HttpRequestExecutor.java:273) ~[httpcore-4.4.16.jar:4.4.16]
	at org.apache.http.protocol.HttpRequestExecutor.execute(HttpRequestExecutor.java:125) ~[httpcore-4.4.16.jar:4.4.16]
	at org.apache.http.impl.execchain.MainClientExec.execute(MainClientExec.java:272) ~[httpclient-4.5.3.jar:4.5.3]
	at org.apache.http.impl.execchain.ProtocolExec.execute(ProtocolExec.java:185) ~[httpclient-4.5.3.jar:4.5.3]
	at org.apache.http.impl.execchain.RetryExec.execute(RetryExec.java:89) ~[httpclient-4.5.3.jar:4.5.3]
	at org.apache.http.impl.execchain.RedirectExec.execute(RedirectExec.java:111) ~[httpclient-4.5.3.jar:4.5.3]
	at org.apache.http.impl.client.InternalHttpClient.doExecute(InternalHttpClient.java:185) ~[httpclient-4.5.3.jar:4.5.3]
	at org.apache.http.impl.client.CloseableHttpClient.execute(CloseableHttpClient.java:72) ~[httpclient-4.5.3.jar:4.5.3]
	at org.glassfish.jersey.apache.connector.ApacheConnector.apply(ApacheConnector.java:487) ~[jersey-apache-connector-3.0.5.jar:na]
	... 16 common frames omitted

2026-02-22T11:39:38.286+05:30  INFO 25864 --- [SpringCloud_EurekaServer] [Eureka-EvictionTimer] [                                                 ] c.n.e.registry.AbstractInstanceRegistry  : Running the evict task with compensationTime 0ms
2026-02-22T11:40:38.288+05:30  INFO 25864 --- [SpringCloud_EurekaServer] [Eureka-EvictionTimer] [                                                 ] c.n.e.registry.AbstractInstanceRegistry  : Running the evict task with compensationTime 2ms
2026-02-22T11:41:38.288+05:30  INFO 25864 --- [SpringCloud_EurekaServer] [Eureka-EvictionTimer] [                                                 ] c.n.e.registry.AbstractInstanceRegistry  : Running the evict task with compensationTime 0ms
2026-02-22T11:41:35.687+05:30 ERROR 25864 --- [SpringCloud_EurekaServer] [TaskBatchingWorker-target_localhost-0] [                                                 ] c.n.e.cluster.ReplicationTaskProcessor   : It seems to be a socket read timeout exception, it will retry later. if it continues to happen and some eureka node occupied all the cpu time, you should set property 'eureka.server.peer-node-read-timeout-ms' to a bigger value

jakarta.ws.rs.ProcessingException: java.net.SocketTimeoutException: Read timed out
	at org.glassfish.jersey.apache.connector.ApacheConnector.apply(ApacheConnector.java:535) ~[jersey-apache-connector-3.0.5.jar:na]
	at org.glassfish.jersey.client.ClientRuntime.invoke(ClientRuntime.java:300) ~[jersey-client-4.0.0.jar:na]
	at org.glassfish.jersey.client.JerseyInvocation.lambda$invoke$0(JerseyInvocation.java:671) ~[jersey-client-4.0.0.jar:na]
	at org.glassfish.jersey.client.JerseyInvocation.call(JerseyInvocation.java:706) ~[jersey-client-4.0.0.jar:na]
	at org.glassfish.jersey.client.JerseyInvocation.lambda$runInScope$3(JerseyInvocation.java:700) ~[jersey-client-4.0.0.jar:na]
	at org.glassfish.jersey.internal.Errors.process(Errors.java:292) ~[jersey-common-4.0.0.jar:na]
	at org.glassfish.jersey.internal.Errors.process(Errors.java:274) ~[jersey-common-4.0.0.jar:na]
	at org.glassfish.jersey.internal.Errors.process(Errors.java:205) ~[jersey-common-4.0.0.jar:na]
	at org.glassfish.jersey.process.internal.RequestScope.runInScope(RequestScope.java:391) ~[jersey-common-4.0.0.jar:na]
	at org.glassfish.jersey.client.JerseyInvocation.runInScope(JerseyInvocation.java:700) ~[jersey-client-4.0.0.jar:na]
	at org.glassfish.jersey.client.JerseyInvocation.invoke(JerseyInvocation.java:670) ~[jersey-client-4.0.0.jar:na]
	at org.glassfish.jersey.client.JerseyInvocation$Builder.method(JerseyInvocation.java:436) ~[jersey-client-4.0.0.jar:na]
	at org.glassfish.jersey.client.JerseyInvocation$Builder.post(JerseyInvocation.java:342) ~[jersey-client-4.0.0.jar:na]
	at com.netflix.eureka.transport.Jersey3ReplicationClient.submitBatchUpdates(Jersey3ReplicationClient.java:116) ~[eureka-core-jersey3-2.0.5.jar:2.0.5]
	at com.netflix.eureka.cluster.ReplicationTaskProcessor.process(ReplicationTaskProcessor.java:80) ~[eureka-core-2.0.5.jar:2.0.5]
	at com.netflix.eureka.util.batcher.TaskExecutors$BatchWorkerRunnable.run(TaskExecutors.java:178) ~[eureka-core-2.0.5.jar:2.0.5]
	at java.base/java.lang.Thread.run(Thread.java:1583) ~[na:na]
Caused by: java.net.SocketTimeoutException: Read timed out
	at java.base/sun.nio.ch.NioSocketImpl.timedRead(NioSocketImpl.java:278) ~[na:na]
	at java.base/sun.nio.ch.NioSocketImpl.implRead(NioSocketImpl.java:304) ~[na:na]
	at java.base/sun.nio.ch.NioSocketImpl.read(NioSocketImpl.java:346) ~[na:na]
	at java.base/sun.nio.ch.NioSocketImpl$1.read(NioSocketImpl.java:796) ~[na:na]
	at java.base/java.net.Socket$SocketInputStream.read(Socket.java:1099) ~[na:na]
	at org.apache.http.impl.io.SessionInputBufferImpl.streamRead(SessionInputBufferImpl.java:137) ~[httpcore-4.4.16.jar:4.4.16]
	at org.apache.http.impl.io.SessionInputBufferImpl.fillBuffer(SessionInputBufferImpl.java:153) ~[httpcore-4.4.16.jar:4.4.16]
	at org.apache.http.impl.io.SessionInputBufferImpl.readLine(SessionInputBufferImpl.java:280) ~[httpcore-4.4.16.jar:4.4.16]
	at org.apache.http.impl.conn.DefaultHttpResponseParser.parseHead(DefaultHttpResponseParser.java:138) ~[httpclient-4.5.3.jar:4.5.3]
	at org.apache.http.impl.conn.DefaultHttpResponseParser.parseHead(DefaultHttpResponseParser.java:56) ~[httpclient-4.5.3.jar:4.5.3]
	at org.apache.http.impl.io.AbstractMessageParser.parse(AbstractMessageParser.java:259) ~[httpcore-4.4.16.jar:4.4.16]
	at org.apache.http.impl.DefaultBHttpClientConnection.receiveResponseHeader(DefaultBHttpClientConnection.java:163) ~[httpcore-4.4.16.jar:4.4.16]
	at org.apache.http.impl.conn.CPoolProxy.receiveResponseHeader(CPoolProxy.java:165) ~[httpclient-4.5.3.jar:4.5.3]
	at org.apache.http.protocol.HttpRequestExecutor.doReceiveResponse(HttpRequestExecutor.java:273) ~[httpcore-4.4.16.jar:4.4.16]
	at org.apache.http.protocol.HttpRequestExecutor.execute(HttpRequestExecutor.java:125) ~[httpcore-4.4.16.jar:4.4.16]
	at org.apache.http.impl.execchain.MainClientExec.execute(MainClientExec.java:272) ~[httpclient-4.5.3.jar:4.5.3]
	at org.apache.http.impl.execchain.ProtocolExec.execute(ProtocolExec.java:185) ~[httpclient-4.5.3.jar:4.5.3]
	at org.apache.http.impl.execchain.RetryExec.execute(RetryExec.java:89) ~[httpclient-4.5.3.jar:4.5.3]
	at org.apache.http.impl.execchain.RedirectExec.execute(RedirectExec.java:111) ~[httpclient-4.5.3.jar:4.5.3]
	at org.apache.http.impl.client.InternalHttpClient.doExecute(InternalHttpClient.java:185) ~[httpclient-4.5.3.jar:4.5.3]
	at org.apache.http.impl.client.CloseableHttpClient.execute(CloseableHttpClient.java:72) ~[httpclient-4.5.3.jar:4.5.3]
	at org.glassfish.jersey.apache.connector.ApacheConnector.apply(ApacheConnector.java:487) ~[jersey-apache-connector-3.0.5.jar:na]
	... 16 common frames omitted

2026-02-22T11:41:38.536+05:30 ERROR 25864 --- [SpringCloud_EurekaServer] [TaskBatchingWorker-target_localhost-3] [                                                 ] c.n.e.cluster.ReplicationTaskProcessor   : It seems to be a socket read timeout exception, it will retry later. if it continues to happen and some eureka node occupied all the cpu time, you should set property 'eureka.server.peer-node-read-timeout-ms' to a bigger value

jakarta.ws.rs.ProcessingException: java.net.SocketTimeoutException: Read timed out
	at org.glassfish.jersey.apache.connector.ApacheConnector.apply(ApacheConnector.java:535) ~[jersey-apache-connector-3.0.5.jar:na]
	at org.glassfish.jersey.client.ClientRuntime.invoke(ClientRuntime.java:300) ~[jersey-client-4.0.0.jar:na]
	at org.glassfish.jersey.client.JerseyInvocation.lambda$invoke$0(JerseyInvocation.java:671) ~[jersey-client-4.0.0.jar:na]
	at org.glassfish.jersey.client.JerseyInvocation.call(JerseyInvocation.java:706) ~[jersey-client-4.0.0.jar:na]
	at org.glassfish.jersey.client.JerseyInvocation.lambda$runInScope$3(JerseyInvocation.java:700) ~[jersey-client-4.0.0.jar:na]
	at org.glassfish.jersey.internal.Errors.process(Errors.java:292) ~[jersey-common-4.0.0.jar:na]
	at org.glassfish.jersey.internal.Errors.process(Errors.java:274) ~[jersey-common-4.0.0.jar:na]
	at org.glassfish.jersey.internal.Errors.process(Errors.java:205) ~[jersey-common-4.0.0.jar:na]
	at org.glassfish.jersey.process.internal.RequestScope.runInScope(RequestScope.java:391) ~[jersey-common-4.0.0.jar:na]
	at org.glassfish.jersey.client.JerseyInvocation.runInScope(JerseyInvocation.java:700) ~[jersey-client-4.0.0.jar:na]
	at org.glassfish.jersey.client.JerseyInvocation.invoke(JerseyInvocation.java:670) ~[jersey-client-4.0.0.jar:na]
	at org.glassfish.jersey.client.JerseyInvocation$Builder.method(JerseyInvocation.java:436) ~[jersey-client-4.0.0.jar:na]
	at org.glassfish.jersey.client.JerseyInvocation$Builder.post(JerseyInvocation.java:342) ~[jersey-client-4.0.0.jar:na]
	at com.netflix.eureka.transport.Jersey3ReplicationClient.submitBatchUpdates(Jersey3ReplicationClient.java:116) ~[eureka-core-jersey3-2.0.5.jar:2.0.5]
	at com.netflix.eureka.cluster.ReplicationTaskProcessor.process(ReplicationTaskProcessor.java:80) ~[eureka-core-2.0.5.jar:2.0.5]
	at com.netflix.eureka.util.batcher.TaskExecutors$BatchWorkerRunnable.run(TaskExecutors.java:178) ~[eureka-core-2.0.5.jar:2.0.5]
	at java.base/java.lang.Thread.run(Thread.java:1583) ~[na:na]
Caused by: java.net.SocketTimeoutException: Read timed out
	at java.base/sun.nio.ch.NioSocketImpl.timedRead(NioSocketImpl.java:278) ~[na:na]
	at java.base/sun.nio.ch.NioSocketImpl.implRead(NioSocketImpl.java:304) ~[na:na]
	at java.base/sun.nio.ch.NioSocketImpl.read(NioSocketImpl.java:346) ~[na:na]
	at java.base/sun.nio.ch.NioSocketImpl$1.read(NioSocketImpl.java:796) ~[na:na]
	at java.base/java.net.Socket$SocketInputStream.read(Socket.java:1099) ~[na:na]
	at org.apache.http.impl.io.SessionInputBufferImpl.streamRead(SessionInputBufferImpl.java:137) ~[httpcore-4.4.16.jar:4.4.16]
	at org.apache.http.impl.io.SessionInputBufferImpl.fillBuffer(SessionInputBufferImpl.java:153) ~[httpcore-4.4.16.jar:4.4.16]
	at org.apache.http.impl.io.SessionInputBufferImpl.readLine(SessionInputBufferImpl.java:280) ~[httpcore-4.4.16.jar:4.4.16]
	at org.apache.http.impl.conn.DefaultHttpResponseParser.parseHead(DefaultHttpResponseParser.java:138) ~[httpclient-4.5.3.jar:4.5.3]
	at org.apache.http.impl.conn.DefaultHttpResponseParser.parseHead(DefaultHttpResponseParser.java:56) ~[httpclient-4.5.3.jar:4.5.3]
	at org.apache.http.impl.io.AbstractMessageParser.parse(AbstractMessageParser.java:259) ~[httpcore-4.4.16.jar:4.4.16]
	at org.apache.http.impl.DefaultBHttpClientConnection.receiveResponseHeader(DefaultBHttpClientConnection.java:163) ~[httpcore-4.4.16.jar:4.4.16]
	at org.apache.http.impl.conn.CPoolProxy.receiveResponseHeader(CPoolProxy.java:165) ~[httpclient-4.5.3.jar:4.5.3]
	at org.apache.http.protocol.HttpRequestExecutor.doReceiveResponse(HttpRequestExecutor.java:273) ~[httpcore-4.4.16.jar:4.4.16]
	at org.apache.http.protocol.HttpRequestExecutor.execute(HttpRequestExecutor.java:125) ~[httpcore-4.4.16.jar:4.4.16]
	at org.apache.http.impl.execchain.MainClientExec.execute(MainClientExec.java:272) ~[httpclient-4.5.3.jar:4.5.3]
	at org.apache.http.impl.execchain.ProtocolExec.execute(ProtocolExec.java:185) ~[httpclient-4.5.3.jar:4.5.3]
	at org.apache.http.impl.execchain.RetryExec.execute(RetryExec.java:89) ~[httpclient-4.5.3.jar:4.5.3]
	at org.apache.http.impl.execchain.RedirectExec.execute(RedirectExec.java:111) ~[httpclient-4.5.3.jar:4.5.3]
	at org.apache.http.impl.client.InternalHttpClient.doExecute(InternalHttpClient.java:185) ~[httpclient-4.5.3.jar:4.5.3]
	at org.apache.http.impl.client.CloseableHttpClient.execute(CloseableHttpClient.java:72) ~[httpclient-4.5.3.jar:4.5.3]
	at org.glassfish.jersey.apache.connector.ApacheConnector.apply(ApacheConnector.java:487) ~[jersey-apache-connector-3.0.5.jar:na]
	... 16 common frames omitted

2026-02-22T11:42:38.289+05:30  INFO 25864 --- [SpringCloud_EurekaServer] [Eureka-EvictionTimer] [                                                 ] c.n.e.registry.AbstractInstanceRegistry  : Running the evict task with compensationTime 0ms
2026-02-22T11:43:37.199+05:30  INFO 25864 --- [SpringCloud_EurekaServer] [http-nio-8761-exec-5] [699a9e91dbd90097d7a14165e3cf7d89-d7a14165e3cf7d89] c.n.e.registry.AbstractInstanceRegistry  : Registered instance CARTORDERSERVICE/DESKTOP-ECRRR37.mshome.net:CartOrderService:8083 with status DOWN (replication=false)
2026-02-22T11:43:37.712+05:30  INFO 25864 --- [SpringCloud_EurekaServer] [http-nio-8761-exec-2] [699a9e91cbba9425719355149a55f82b-719355149a55f82b] c.n.e.registry.AbstractInstanceRegistry  : Registered instance CARTORDERSERVICE/DESKTOP-ECRRR37.mshome.net:CartOrderService:8083 with status DOWN (replication=true)
2026-02-22T11:43:38.297+05:30  INFO 25864 --- [SpringCloud_EurekaServer] [Eureka-EvictionTimer] [                                                 ] c.n.e.registry.AbstractInstanceRegistry  : Running the evict task with compensationTime 8ms
2026-02-22T11:44:38.297+05:30  INFO 25864 --- [SpringCloud_EurekaServer] [Eureka-EvictionTimer] [                                                 ] c.n.e.registry.AbstractInstanceRegistry  : Running the evict task with compensationTime 0ms
2026-02-22T11:44:43.786+05:30 ERROR 25864 --- [SpringCloud_EurekaServer] [TaskBatchingWorker-target_localhost-4] [                                                 ] c.n.e.cluster.ReplicationTaskProcessor   : It seems to be a socket read timeout exception, it will retry later. if it continues to happen and some eureka node occupied all the cpu time, you should set property 'eureka.server.peer-node-read-timeout-ms' to a bigger value

jakarta.ws.rs.ProcessingException: java.net.SocketTimeoutException: Read timed out
	at org.glassfish.jersey.apache.connector.ApacheConnector.apply(ApacheConnector.java:535) ~[jersey-apache-connector-3.0.5.jar:na]
	at org.glassfish.jersey.client.ClientRuntime.invoke(ClientRuntime.java:300) ~[jersey-client-4.0.0.jar:na]
	at org.glassfish.jersey.client.JerseyInvocation.lambda$invoke$0(JerseyInvocation.java:671) ~[jersey-client-4.0.0.jar:na]
	at org.glassfish.jersey.client.JerseyInvocation.call(JerseyInvocation.java:706) ~[jersey-client-4.0.0.jar:na]
	at org.glassfish.jersey.client.JerseyInvocation.lambda$runInScope$3(JerseyInvocation.java:700) ~[jersey-client-4.0.0.jar:na]
	at org.glassfish.jersey.internal.Errors.process(Errors.java:292) ~[jersey-common-4.0.0.jar:na]
	at org.glassfish.jersey.internal.Errors.process(Errors.java:274) ~[jersey-common-4.0.0.jar:na]
	at org.glassfish.jersey.internal.Errors.process(Errors.java:205) ~[jersey-common-4.0.0.jar:na]
	at org.glassfish.jersey.process.internal.RequestScope.runInScope(RequestScope.java:391) ~[jersey-common-4.0.0.jar:na]
	at org.glassfish.jersey.client.JerseyInvocation.runInScope(JerseyInvocation.java:700) ~[jersey-client-4.0.0.jar:na]
	at org.glassfish.jersey.client.JerseyInvocation.invoke(JerseyInvocation.java:670) ~[jersey-client-4.0.0.jar:na]
	at org.glassfish.jersey.client.JerseyInvocation$Builder.method(JerseyInvocation.java:436) ~[jersey-client-4.0.0.jar:na]
	at org.glassfish.jersey.client.JerseyInvocation$Builder.post(JerseyInvocation.java:342) ~[jersey-client-4.0.0.jar:na]
	at com.netflix.eureka.transport.Jersey3ReplicationClient.submitBatchUpdates(Jersey3ReplicationClient.java:116) ~[eureka-core-jersey3-2.0.5.jar:2.0.5]
	at com.netflix.eureka.cluster.ReplicationTaskProcessor.process(ReplicationTaskProcessor.java:80) ~[eureka-core-2.0.5.jar:2.0.5]
	at com.netflix.eureka.util.batcher.TaskExecutors$BatchWorkerRunnable.run(TaskExecutors.java:178) ~[eureka-core-2.0.5.jar:2.0.5]
	at java.base/java.lang.Thread.run(Thread.java:1583) ~[na:na]
Caused by: java.net.SocketTimeoutException: Read timed out
	at java.base/sun.nio.ch.NioSocketImpl.timedRead(NioSocketImpl.java:278) ~[na:na]
	at java.base/sun.nio.ch.NioSocketImpl.implRead(NioSocketImpl.java:304) ~[na:na]
	at java.base/sun.nio.ch.NioSocketImpl.read(NioSocketImpl.java:346) ~[na:na]
	at java.base/sun.nio.ch.NioSocketImpl$1.read(NioSocketImpl.java:796) ~[na:na]
	at java.base/java.net.Socket$SocketInputStream.read(Socket.java:1099) ~[na:na]
	at org.apache.http.impl.io.SessionInputBufferImpl.streamRead(SessionInputBufferImpl.java:137) ~[httpcore-4.4.16.jar:4.4.16]
	at org.apache.http.impl.io.SessionInputBufferImpl.fillBuffer(SessionInputBufferImpl.java:153) ~[httpcore-4.4.16.jar:4.4.16]
	at org.apache.http.impl.io.SessionInputBufferImpl.readLine(SessionInputBufferImpl.java:280) ~[httpcore-4.4.16.jar:4.4.16]
	at org.apache.http.impl.conn.DefaultHttpResponseParser.parseHead(DefaultHttpResponseParser.java:138) ~[httpclient-4.5.3.jar:4.5.3]
	at org.apache.http.impl.conn.DefaultHttpResponseParser.parseHead(DefaultHttpResponseParser.java:56) ~[httpclient-4.5.3.jar:4.5.3]
	at org.apache.http.impl.io.AbstractMessageParser.parse(AbstractMessageParser.java:259) ~[httpcore-4.4.16.jar:4.4.16]
	at org.apache.http.impl.DefaultBHttpClientConnection.receiveResponseHeader(DefaultBHttpClientConnection.java:163) ~[httpcore-4.4.16.jar:4.4.16]
	at org.apache.http.impl.conn.CPoolProxy.receiveResponseHeader(CPoolProxy.java:165) ~[httpclient-4.5.3.jar:4.5.3]
	at org.apache.http.protocol.HttpRequestExecutor.doReceiveResponse(HttpRequestExecutor.java:273) ~[httpcore-4.4.16.jar:4.4.16]
	at org.apache.http.protocol.HttpRequestExecutor.execute(HttpRequestExecutor.java:125) ~[httpcore-4.4.16.jar:4.4.16]
	at org.apache.http.impl.execchain.MainClientExec.execute(MainClientExec.java:272) ~[httpclient-4.5.3.jar:4.5.3]
	at org.apache.http.impl.execchain.ProtocolExec.execute(ProtocolExec.java:185) ~[httpclient-4.5.3.jar:4.5.3]
	at org.apache.http.impl.execchain.RetryExec.execute(RetryExec.java:89) ~[httpclient-4.5.3.jar:4.5.3]
	at org.apache.http.impl.execchain.RedirectExec.execute(RedirectExec.java:111) ~[httpclient-4.5.3.jar:4.5.3]
	at org.apache.http.impl.client.InternalHttpClient.doExecute(InternalHttpClient.java:185) ~[httpclient-4.5.3.jar:4.5.3]
	at org.apache.http.impl.client.CloseableHttpClient.execute(CloseableHttpClient.java:72) ~[httpclient-4.5.3.jar:4.5.3]
	at org.glassfish.jersey.apache.connector.ApacheConnector.apply(ApacheConnector.java:487) ~[jersey-apache-connector-3.0.5.jar:na]
	... 16 common frames omitted

2026-02-22T11:44:55.108+05:30  INFO 25864 --- [SpringCloud_EurekaServer] [http-nio-8761-exec-6] [699a9edf95dd171e8c48fb54faeec7db-8c48fb54faeec7db] c.n.e.registry.AbstractInstanceRegistry  : Registered instance CARTORDERSERVICE/DESKTOP-ECRRR37.mshome.net:CartOrderService:8083 with status UP (replication=false)
2026-02-22T11:44:55.622+05:30  INFO 25864 --- [SpringCloud_EurekaServer] [http-nio-8761-exec-5] [699a9edf7c5698581ea16ed6e17c462d-1ea16ed6e17c462d] c.n.e.registry.AbstractInstanceRegistry  : Registered instance CARTORDERSERVICE/DESKTOP-ECRRR37.mshome.net:CartOrderService:8083 with status UP (replication=true)
2026-02-22T11:45:38.298+05:30  INFO 25864 --- [SpringCloud_EurekaServer] [Eureka-EvictionTimer] [                                                 ] c.n.e.registry.AbstractInstanceRegistry  : Running the evict task with compensationTime 0ms
2026-02-22T11:45:44.973+05:30 ERROR 25864 --- [SpringCloud_EurekaServer] [TaskBatchingWorker-target_localhost-7] [                                                 ] c.n.e.cluster.ReplicationTaskProcessor   : It seems to be a socket read timeout exception, it will retry later. if it continues to happen and some eureka node occupied all the cpu time, you should set property 'eureka.server.peer-node-read-timeout-ms' to a bigger value

jakarta.ws.rs.ProcessingException: java.net.SocketTimeoutException: Read timed out
	at org.glassfish.jersey.apache.connector.ApacheConnector.apply(ApacheConnector.java:535) ~[jersey-apache-connector-3.0.5.jar:na]
	at org.glassfish.jersey.client.ClientRuntime.invoke(ClientRuntime.java:300) ~[jersey-client-4.0.0.jar:na]
	at org.glassfish.jersey.client.JerseyInvocation.lambda$invoke$0(JerseyInvocation.java:671) ~[jersey-client-4.0.0.jar:na]
	at org.glassfish.jersey.client.JerseyInvocation.call(JerseyInvocation.java:706) ~[jersey-client-4.0.0.jar:na]
	at org.glassfish.jersey.client.JerseyInvocation.lambda$runInScope$3(JerseyInvocation.java:700) ~[jersey-client-4.0.0.jar:na]
	at org.glassfish.jersey.internal.Errors.process(Errors.java:292) ~[jersey-common-4.0.0.jar:na]
	at org.glassfish.jersey.internal.Errors.process(Errors.java:274) ~[jersey-common-4.0.0.jar:na]
	at org.glassfish.jersey.internal.Errors.process(Errors.java:205) ~[jersey-common-4.0.0.jar:na]
	at org.glassfish.jersey.process.internal.RequestScope.runInScope(RequestScope.java:391) ~[jersey-common-4.0.0.jar:na]
	at org.glassfish.jersey.client.JerseyInvocation.runInScope(JerseyInvocation.java:700) ~[jersey-client-4.0.0.jar:na]
	at org.glassfish.jersey.client.JerseyInvocation.invoke(JerseyInvocation.java:670) ~[jersey-client-4.0.0.jar:na]
	at org.glassfish.jersey.client.JerseyInvocation$Builder.method(JerseyInvocation.java:436) ~[jersey-client-4.0.0.jar:na]
	at org.glassfish.jersey.client.JerseyInvocation$Builder.post(JerseyInvocation.java:342) ~[jersey-client-4.0.0.jar:na]
	at com.netflix.eureka.transport.Jersey3ReplicationClient.submitBatchUpdates(Jersey3ReplicationClient.java:116) ~[eureka-core-jersey3-2.0.5.jar:2.0.5]
	at com.netflix.eureka.cluster.ReplicationTaskProcessor.process(ReplicationTaskProcessor.java:80) ~[eureka-core-2.0.5.jar:2.0.5]
	at com.netflix.eureka.util.batcher.TaskExecutors$BatchWorkerRunnable.run(TaskExecutors.java:178) ~[eureka-core-2.0.5.jar:2.0.5]
	at java.base/java.lang.Thread.run(Thread.java:1583) ~[na:na]
Caused by: java.net.SocketTimeoutException: Read timed out
	at java.base/sun.nio.ch.NioSocketImpl.timedRead(NioSocketImpl.java:278) ~[na:na]
	at java.base/sun.nio.ch.NioSocketImpl.implRead(NioSocketImpl.java:304) ~[na:na]
	at java.base/sun.nio.ch.NioSocketImpl.read(NioSocketImpl.java:346) ~[na:na]
	at java.base/sun.nio.ch.NioSocketImpl$1.read(NioSocketImpl.java:796) ~[na:na]
	at java.base/java.net.Socket$SocketInputStream.read(Socket.java:1099) ~[na:na]
	at org.apache.http.impl.io.SessionInputBufferImpl.streamRead(SessionInputBufferImpl.java:137) ~[httpcore-4.4.16.jar:4.4.16]
	at org.apache.http.impl.io.SessionInputBufferImpl.fillBuffer(SessionInputBufferImpl.java:153) ~[httpcore-4.4.16.jar:4.4.16]
	at org.apache.http.impl.io.SessionInputBufferImpl.readLine(SessionInputBufferImpl.java:280) ~[httpcore-4.4.16.jar:4.4.16]
	at org.apache.http.impl.conn.DefaultHttpResponseParser.parseHead(DefaultHttpResponseParser.java:138) ~[httpclient-4.5.3.jar:4.5.3]
	at org.apache.http.impl.conn.DefaultHttpResponseParser.parseHead(DefaultHttpResponseParser.java:56) ~[httpclient-4.5.3.jar:4.5.3]
	at org.apache.http.impl.io.AbstractMessageParser.parse(AbstractMessageParser.java:259) ~[httpcore-4.4.16.jar:4.4.16]
	at org.apache.http.impl.DefaultBHttpClientConnection.receiveResponseHeader(DefaultBHttpClientConnection.java:163) ~[httpcore-4.4.16.jar:4.4.16]
	at org.apache.http.impl.conn.CPoolProxy.receiveResponseHeader(CPoolProxy.java:165) ~[httpclient-4.5.3.jar:4.5.3]
	at org.apache.http.protocol.HttpRequestExecutor.doReceiveResponse(HttpRequestExecutor.java:273) ~[httpcore-4.4.16.jar:4.4.16]
	at org.apache.http.protocol.HttpRequestExecutor.execute(HttpRequestExecutor.java:125) ~[httpcore-4.4.16.jar:4.4.16]
	at org.apache.http.impl.execchain.MainClientExec.execute(MainClientExec.java:272) ~[httpclient-4.5.3.jar:4.5.3]
	at org.apache.http.impl.execchain.ProtocolExec.execute(ProtocolExec.java:185) ~[httpclient-4.5.3.jar:4.5.3]
	at org.apache.http.impl.execchain.RetryExec.execute(RetryExec.java:89) ~[httpclient-4.5.3.jar:4.5.3]
	at org.apache.http.impl.execchain.RedirectExec.execute(RedirectExec.java:111) ~[httpclient-4.5.3.jar:4.5.3]
	at org.apache.http.impl.client.InternalHttpClient.doExecute(InternalHttpClient.java:185) ~[httpclient-4.5.3.jar:4.5.3]
	at org.apache.http.impl.client.CloseableHttpClient.execute(CloseableHttpClient.java:72) ~[httpclient-4.5.3.jar:4.5.3]
	at org.glassfish.jersey.apache.connector.ApacheConnector.apply(ApacheConnector.java:487) ~[jersey-apache-connector-3.0.5.jar:na]
	... 16 common frames omitted

2026-02-22T11:45:54.528+05:30 ERROR 25864 --- [SpringCloud_EurekaServer] [TaskBatchingWorker-target_localhost-0] [                                                 ] c.n.e.cluster.ReplicationTaskProcessor   : It seems to be a socket read timeout exception, it will retry later. if it continues to happen and some eureka node occupied all the cpu time, you should set property 'eureka.server.peer-node-read-timeout-ms' to a bigger value

jakarta.ws.rs.ProcessingException: java.net.SocketTimeoutException: Read timed out
	at org.glassfish.jersey.apache.connector.ApacheConnector.apply(ApacheConnector.java:535) ~[jersey-apache-connector-3.0.5.jar:na]
	at org.glassfish.jersey.client.ClientRuntime.invoke(ClientRuntime.java:300) ~[jersey-client-4.0.0.jar:na]
	at org.glassfish.jersey.client.JerseyInvocation.lambda$invoke$0(JerseyInvocation.java:671) ~[jersey-client-4.0.0.jar:na]
	at org.glassfish.jersey.client.JerseyInvocation.call(JerseyInvocation.java:706) ~[jersey-client-4.0.0.jar:na]
	at org.glassfish.jersey.client.JerseyInvocation.lambda$runInScope$3(JerseyInvocation.java:700) ~[jersey-client-4.0.0.jar:na]
	at org.glassfish.jersey.internal.Errors.process(Errors.java:292) ~[jersey-common-4.0.0.jar:na]
	at org.glassfish.jersey.internal.Errors.process(Errors.java:274) ~[jersey-common-4.0.0.jar:na]
	at org.glassfish.jersey.internal.Errors.process(Errors.java:205) ~[jersey-common-4.0.0.jar:na]
	at org.glassfish.jersey.process.internal.RequestScope.runInScope(RequestScope.java:391) ~[jersey-common-4.0.0.jar:na]
	at org.glassfish.jersey.client.JerseyInvocation.runInScope(JerseyInvocation.java:700) ~[jersey-client-4.0.0.jar:na]
	at org.glassfish.jersey.client.JerseyInvocation.invoke(JerseyInvocation.java:670) ~[jersey-client-4.0.0.jar:na]
	at org.glassfish.jersey.client.JerseyInvocation$Builder.method(JerseyInvocation.java:436) ~[jersey-client-4.0.0.jar:na]
	at org.glassfish.jersey.client.JerseyInvocation$Builder.post(JerseyInvocation.java:342) ~[jersey-client-4.0.0.jar:na]
	at com.netflix.eureka.transport.Jersey3ReplicationClient.submitBatchUpdates(Jersey3ReplicationClient.java:116) ~[eureka-core-jersey3-2.0.5.jar:2.0.5]
	at com.netflix.eureka.cluster.ReplicationTaskProcessor.process(ReplicationTaskProcessor.java:80) ~[eureka-core-2.0.5.jar:2.0.5]
	at com.netflix.eureka.util.batcher.TaskExecutors$BatchWorkerRunnable.run(TaskExecutors.java:178) ~[eureka-core-2.0.5.jar:2.0.5]
	at java.base/java.lang.Thread.run(Thread.java:1583) ~[na:na]
Caused by: java.net.SocketTimeoutException: Read timed out
	at java.base/sun.nio.ch.NioSocketImpl.timedRead(NioSocketImpl.java:278) ~[na:na]
	at java.base/sun.nio.ch.NioSocketImpl.implRead(NioSocketImpl.java:304) ~[na:na]
	at java.base/sun.nio.ch.NioSocketImpl.read(NioSocketImpl.java:346) ~[na:na]
	at java.base/sun.nio.ch.NioSocketImpl$1.read(NioSocketImpl.java:796) ~[na:na]
	at java.base/java.net.Socket$SocketInputStream.read(Socket.java:1099) ~[na:na]
	at org.apache.http.impl.io.SessionInputBufferImpl.streamRead(SessionInputBufferImpl.java:137) ~[httpcore-4.4.16.jar:4.4.16]
	at org.apache.http.impl.io.SessionInputBufferImpl.fillBuffer(SessionInputBufferImpl.java:153) ~[httpcore-4.4.16.jar:4.4.16]
	at org.apache.http.impl.io.SessionInputBufferImpl.readLine(SessionInputBufferImpl.java:280) ~[httpcore-4.4.16.jar:4.4.16]
	at org.apache.http.impl.conn.DefaultHttpResponseParser.parseHead(DefaultHttpResponseParser.java:138) ~[httpclient-4.5.3.jar:4.5.3]
	at org.apache.http.impl.conn.DefaultHttpResponseParser.parseHead(DefaultHttpResponseParser.java:56) ~[httpclient-4.5.3.jar:4.5.3]
	at org.apache.http.impl.io.AbstractMessageParser.parse(AbstractMessageParser.java:259) ~[httpcore-4.4.16.jar:4.4.16]
	at org.apache.http.impl.DefaultBHttpClientConnection.receiveResponseHeader(DefaultBHttpClientConnection.java:163) ~[httpcore-4.4.16.jar:4.4.16]
	at org.apache.http.impl.conn.CPoolProxy.receiveResponseHeader(CPoolProxy.java:165) ~[httpclient-4.5.3.jar:4.5.3]
	at org.apache.http.protocol.HttpRequestExecutor.doReceiveResponse(HttpRequestExecutor.java:273) ~[httpcore-4.4.16.jar:4.4.16]
	at org.apache.http.protocol.HttpRequestExecutor.execute(HttpRequestExecutor.java:125) ~[httpcore-4.4.16.jar:4.4.16]
	at org.apache.http.impl.execchain.MainClientExec.execute(MainClientExec.java:272) ~[httpclient-4.5.3.jar:4.5.3]
	at org.apache.http.impl.execchain.ProtocolExec.execute(ProtocolExec.java:185) ~[httpclient-4.5.3.jar:4.5.3]
	at org.apache.http.impl.execchain.RetryExec.execute(RetryExec.java:89) ~[httpclient-4.5.3.jar:4.5.3]
	at org.apache.http.impl.execchain.RedirectExec.execute(RedirectExec.java:111) ~[httpclient-4.5.3.jar:4.5.3]
	at org.apache.http.impl.client.InternalHttpClient.doExecute(InternalHttpClient.java:185) ~[httpclient-4.5.3.jar:4.5.3]
	at org.apache.http.impl.client.CloseableHttpClient.execute(CloseableHttpClient.java:72) ~[httpclient-4.5.3.jar:4.5.3]
	at org.glassfish.jersey.apache.connector.ApacheConnector.apply(ApacheConnector.java:487) ~[jersey-apache-connector-3.0.5.jar:na]
	... 16 common frames omitted

2026-02-22T11:45:56.586+05:30 ERROR 25864 --- [SpringCloud_EurekaServer] [TaskBatchingWorker-target_localhost-8] [                                                 ] c.n.e.cluster.ReplicationTaskProcessor   : It seems to be a socket read timeout exception, it will retry later. if it continues to happen and some eureka node occupied all the cpu time, you should set property 'eureka.server.peer-node-read-timeout-ms' to a bigger value

jakarta.ws.rs.ProcessingException: java.net.SocketTimeoutException: Read timed out
	at org.glassfish.jersey.apache.connector.ApacheConnector.apply(ApacheConnector.java:535) ~[jersey-apache-connector-3.0.5.jar:na]
	at org.glassfish.jersey.client.ClientRuntime.invoke(ClientRuntime.java:300) ~[jersey-client-4.0.0.jar:na]
	at org.glassfish.jersey.client.JerseyInvocation.lambda$invoke$0(JerseyInvocation.java:671) ~[jersey-client-4.0.0.jar:na]
	at org.glassfish.jersey.client.JerseyInvocation.call(JerseyInvocation.java:706) ~[jersey-client-4.0.0.jar:na]
	at org.glassfish.jersey.client.JerseyInvocation.lambda$runInScope$3(JerseyInvocation.java:700) ~[jersey-client-4.0.0.jar:na]
	at org.glassfish.jersey.internal.Errors.process(Errors.java:292) ~[jersey-common-4.0.0.jar:na]
	at org.glassfish.jersey.internal.Errors.process(Errors.java:274) ~[jersey-common-4.0.0.jar:na]
	at org.glassfish.jersey.internal.Errors.process(Errors.java:205) ~[jersey-common-4.0.0.jar:na]
	at org.glassfish.jersey.process.internal.RequestScope.runInScope(RequestScope.java:391) ~[jersey-common-4.0.0.jar:na]
	at org.glassfish.jersey.client.JerseyInvocation.runInScope(JerseyInvocation.java:700) ~[jersey-client-4.0.0.jar:na]
	at org.glassfish.jersey.client.JerseyInvocation.invoke(JerseyInvocation.java:670) ~[jersey-client-4.0.0.jar:na]
	at org.glassfish.jersey.client.JerseyInvocation$Builder.method(JerseyInvocation.java:436) ~[jersey-client-4.0.0.jar:na]
	at org.glassfish.jersey.client.JerseyInvocation$Builder.post(JerseyInvocation.java:342) ~[jersey-client-4.0.0.jar:na]
	at com.netflix.eureka.transport.Jersey3ReplicationClient.submitBatchUpdates(Jersey3ReplicationClient.java:116) ~[eureka-core-jersey3-2.0.5.jar:2.0.5]
	at com.netflix.eureka.cluster.ReplicationTaskProcessor.process(ReplicationTaskProcessor.java:80) ~[eureka-core-2.0.5.jar:2.0.5]
	at com.netflix.eureka.util.batcher.TaskExecutors$BatchWorkerRunnable.run(TaskExecutors.java:178) ~[eureka-core-2.0.5.jar:2.0.5]
	at java.base/java.lang.Thread.run(Thread.java:1583) ~[na:na]
Caused by: java.net.SocketTimeoutException: Read timed out
	at java.base/sun.nio.ch.NioSocketImpl.timedRead(NioSocketImpl.java:278) ~[na:na]
	at java.base/sun.nio.ch.NioSocketImpl.implRead(NioSocketImpl.java:304) ~[na:na]
	at java.base/sun.nio.ch.NioSocketImpl.read(NioSocketImpl.java:346) ~[na:na]
	at java.base/sun.nio.ch.NioSocketImpl$1.read(NioSocketImpl.java:796) ~[na:na]
	at java.base/java.net.Socket$SocketInputStream.read(Socket.java:1099) ~[na:na]
	at org.apache.http.impl.io.SessionInputBufferImpl.streamRead(SessionInputBufferImpl.java:137) ~[httpcore-4.4.16.jar:4.4.16]
	at org.apache.http.impl.io.SessionInputBufferImpl.fillBuffer(SessionInputBufferImpl.java:153) ~[httpcore-4.4.16.jar:4.4.16]
	at org.apache.http.impl.io.SessionInputBufferImpl.readLine(SessionInputBufferImpl.java:280) ~[httpcore-4.4.16.jar:4.4.16]
	at org.apache.http.impl.conn.DefaultHttpResponseParser.parseHead(DefaultHttpResponseParser.java:138) ~[httpclient-4.5.3.jar:4.5.3]
	at org.apache.http.impl.conn.DefaultHttpResponseParser.parseHead(DefaultHttpResponseParser.java:56) ~[httpclient-4.5.3.jar:4.5.3]
	at org.apache.http.impl.io.AbstractMessageParser.parse(AbstractMessageParser.java:259) ~[httpcore-4.4.16.jar:4.4.16]
	at org.apache.http.impl.DefaultBHttpClientConnection.receiveResponseHeader(DefaultBHttpClientConnection.java:163) ~[httpcore-4.4.16.jar:4.4.16]
	at org.apache.http.impl.conn.CPoolProxy.receiveResponseHeader(CPoolProxy.java:165) ~[httpclient-4.5.3.jar:4.5.3]
	at org.apache.http.protocol.HttpRequestExecutor.doReceiveResponse(HttpRequestExecutor.java:273) ~[httpcore-4.4.16.jar:4.4.16]
	at org.apache.http.protocol.HttpRequestExecutor.execute(HttpRequestExecutor.java:125) ~[httpcore-4.4.16.jar:4.4.16]
	at org.apache.http.impl.execchain.MainClientExec.execute(MainClientExec.java:272) ~[httpclient-4.5.3.jar:4.5.3]
	at org.apache.http.impl.execchain.ProtocolExec.execute(ProtocolExec.java:185) ~[httpclient-4.5.3.jar:4.5.3]
	at org.apache.http.impl.execchain.RetryExec.execute(RetryExec.java:89) ~[httpclient-4.5.3.jar:4.5.3]
	at org.apache.http.impl.execchain.RedirectExec.execute(RedirectExec.java:111) ~[httpclient-4.5.3.jar:4.5.3]
	at org.apache.http.impl.client.InternalHttpClient.doExecute(InternalHttpClient.java:185) ~[httpclient-4.5.3.jar:4.5.3]
	at org.apache.http.impl.client.CloseableHttpClient.execute(CloseableHttpClient.java:72) ~[httpclient-4.5.3.jar:4.5.3]
	at org.glassfish.jersey.apache.connector.ApacheConnector.apply(ApacheConnector.java:487) ~[jersey-apache-connector-3.0.5.jar:na]
	... 16 common frames omitted

2026-02-22T11:46:25.705+05:30 ERROR 25864 --- [SpringCloud_EurekaServer] [TaskBatchingWorker-target_localhost-18] [                                                 ] c.n.e.cluster.ReplicationTaskProcessor   : It seems to be a socket read timeout exception, it will retry later. if it continues to happen and some eureka node occupied all the cpu time, you should set property 'eureka.server.peer-node-read-timeout-ms' to a bigger value

jakarta.ws.rs.ProcessingException: java.net.SocketTimeoutException: Read timed out
	at org.glassfish.jersey.apache.connector.ApacheConnector.apply(ApacheConnector.java:535) ~[jersey-apache-connector-3.0.5.jar:na]
	at org.glassfish.jersey.client.ClientRuntime.invoke(ClientRuntime.java:300) ~[jersey-client-4.0.0.jar:na]
	at org.glassfish.jersey.client.JerseyInvocation.lambda$invoke$0(JerseyInvocation.java:671) ~[jersey-client-4.0.0.jar:na]
	at org.glassfish.jersey.client.JerseyInvocation.call(JerseyInvocation.java:706) ~[jersey-client-4.0.0.jar:na]
	at org.glassfish.jersey.client.JerseyInvocation.lambda$runInScope$3(JerseyInvocation.java:700) ~[jersey-client-4.0.0.jar:na]
	at org.glassfish.jersey.internal.Errors.process(Errors.java:292) ~[jersey-common-4.0.0.jar:na]
	at org.glassfish.jersey.internal.Errors.process(Errors.java:274) ~[jersey-common-4.0.0.jar:na]
	at org.glassfish.jersey.internal.Errors.process(Errors.java:205) ~[jersey-common-4.0.0.jar:na]
	at org.glassfish.jersey.process.internal.RequestScope.runInScope(RequestScope.java:391) ~[jersey-common-4.0.0.jar:na]
	at org.glassfish.jersey.client.JerseyInvocation.runInScope(JerseyInvocation.java:700) ~[jersey-client-4.0.0.jar:na]
	at org.glassfish.jersey.client.JerseyInvocation.invoke(JerseyInvocation.java:670) ~[jersey-client-4.0.0.jar:na]
	at org.glassfish.jersey.client.JerseyInvocation$Builder.method(JerseyInvocation.java:436) ~[jersey-client-4.0.0.jar:na]
	at org.glassfish.jersey.client.JerseyInvocation$Builder.post(JerseyInvocation.java:342) ~[jersey-client-4.0.0.jar:na]
	at com.netflix.eureka.transport.Jersey3ReplicationClient.submitBatchUpdates(Jersey3ReplicationClient.java:116) ~[eureka-core-jersey3-2.0.5.jar:2.0.5]
	at com.netflix.eureka.cluster.ReplicationTaskProcessor.process(ReplicationTaskProcessor.java:80) ~[eureka-core-2.0.5.jar:2.0.5]
	at com.netflix.eureka.util.batcher.TaskExecutors$BatchWorkerRunnable.run(TaskExecutors.java:178) ~[eureka-core-2.0.5.jar:2.0.5]
	at java.base/java.lang.Thread.run(Thread.java:1583) ~[na:na]
Caused by: java.net.SocketTimeoutException: Read timed out
	at java.base/sun.nio.ch.NioSocketImpl.timedRead(NioSocketImpl.java:278) ~[na:na]
	at java.base/sun.nio.ch.NioSocketImpl.implRead(NioSocketImpl.java:304) ~[na:na]
	at java.base/sun.nio.ch.NioSocketImpl.read(NioSocketImpl.java:346) ~[na:na]
	at java.base/sun.nio.ch.NioSocketImpl$1.read(NioSocketImpl.java:796) ~[na:na]
	at java.base/java.net.Socket$SocketInputStream.read(Socket.java:1099) ~[na:na]
	at org.apache.http.impl.io.SessionInputBufferImpl.streamRead(SessionInputBufferImpl.java:137) ~[httpcore-4.4.16.jar:4.4.16]
	at org.apache.http.impl.io.SessionInputBufferImpl.fillBuffer(SessionInputBufferImpl.java:153) ~[httpcore-4.4.16.jar:4.4.16]
	at org.apache.http.impl.io.SessionInputBufferImpl.readLine(SessionInputBufferImpl.java:280) ~[httpcore-4.4.16.jar:4.4.16]
	at org.apache.http.impl.conn.DefaultHttpResponseParser.parseHead(DefaultHttpResponseParser.java:138) ~[httpclient-4.5.3.jar:4.5.3]
	at org.apache.http.impl.conn.DefaultHttpResponseParser.parseHead(DefaultHttpResponseParser.java:56) ~[httpclient-4.5.3.jar:4.5.3]
	at org.apache.http.impl.io.AbstractMessageParser.parse(AbstractMessageParser.java:259) ~[httpcore-4.4.16.jar:4.4.16]
	at org.apache.http.impl.DefaultBHttpClientConnection.receiveResponseHeader(DefaultBHttpClientConnection.java:163) ~[httpcore-4.4.16.jar:4.4.16]
	at org.apache.http.impl.conn.CPoolProxy.receiveResponseHeader(CPoolProxy.java:165) ~[httpclient-4.5.3.jar:4.5.3]
	at org.apache.http.protocol.HttpRequestExecutor.doReceiveResponse(HttpRequestExecutor.java:273) ~[httpcore-4.4.16.jar:4.4.16]
	at org.apache.http.protocol.HttpRequestExecutor.execute(HttpRequestExecutor.java:125) ~[httpcore-4.4.16.jar:4.4.16]
	at org.apache.http.impl.execchain.MainClientExec.execute(MainClientExec.java:272) ~[httpclient-4.5.3.jar:4.5.3]
	at org.apache.http.impl.execchain.ProtocolExec.execute(ProtocolExec.java:185) ~[httpclient-4.5.3.jar:4.5.3]
	at org.apache.http.impl.execchain.RetryExec.execute(RetryExec.java:89) ~[httpclient-4.5.3.jar:4.5.3]
	at org.apache.http.impl.execchain.RedirectExec.execute(RedirectExec.java:111) ~[httpclient-4.5.3.jar:4.5.3]
	at org.apache.http.impl.client.InternalHttpClient.doExecute(InternalHttpClient.java:185) ~[httpclient-4.5.3.jar:4.5.3]
	at org.apache.http.impl.client.CloseableHttpClient.execute(CloseableHttpClient.java:72) ~[httpclient-4.5.3.jar:4.5.3]
	at org.glassfish.jersey.apache.connector.ApacheConnector.apply(ApacheConnector.java:487) ~[jersey-apache-connector-3.0.5.jar:na]
	... 16 common frames omitted

2026-02-22T11:46:38.308+05:30  INFO 25864 --- [SpringCloud_EurekaServer] [Eureka-EvictionTimer] [                                                 ] c.n.e.registry.AbstractInstanceRegistry  : Running the evict task with compensationTime 5ms
2026-02-22T11:46:38.776+05:30 ERROR 25864 --- [SpringCloud_EurekaServer] [TaskBatchingWorker-target_localhost-17] [                                                 ] c.n.e.cluster.ReplicationTaskProcessor   : It seems to be a socket read timeout exception, it will retry later. if it continues to happen and some eureka node occupied all the cpu time, you should set property 'eureka.server.peer-node-read-timeout-ms' to a bigger value

jakarta.ws.rs.ProcessingException: java.net.SocketTimeoutException: Read timed out
	at org.glassfish.jersey.apache.connector.ApacheConnector.apply(ApacheConnector.java:535) ~[jersey-apache-connector-3.0.5.jar:na]
	at org.glassfish.jersey.client.ClientRuntime.invoke(ClientRuntime.java:300) ~[jersey-client-4.0.0.jar:na]
	at org.glassfish.jersey.client.JerseyInvocation.lambda$invoke$0(JerseyInvocation.java:671) ~[jersey-client-4.0.0.jar:na]
	at org.glassfish.jersey.client.JerseyInvocation.call(JerseyInvocation.java:706) ~[jersey-client-4.0.0.jar:na]
	at org.glassfish.jersey.client.JerseyInvocation.lambda$runInScope$3(JerseyInvocation.java:700) ~[jersey-client-4.0.0.jar:na]
	at org.glassfish.jersey.internal.Errors.process(Errors.java:292) ~[jersey-common-4.0.0.jar:na]
	at org.glassfish.jersey.internal.Errors.process(Errors.java:274) ~[jersey-common-4.0.0.jar:na]
	at org.glassfish.jersey.internal.Errors.process(Errors.java:205) ~[jersey-common-4.0.0.jar:na]
	at org.glassfish.jersey.process.internal.RequestScope.runInScope(RequestScope.java:391) ~[jersey-common-4.0.0.jar:na]
	at org.glassfish.jersey.client.JerseyInvocation.runInScope(JerseyInvocation.java:700) ~[jersey-client-4.0.0.jar:na]
	at org.glassfish.jersey.client.JerseyInvocation.invoke(JerseyInvocation.java:670) ~[jersey-client-4.0.0.jar:na]
	at org.glassfish.jersey.client.JerseyInvocation$Builder.method(JerseyInvocation.java:436) ~[jersey-client-4.0.0.jar:na]
	at org.glassfish.jersey.client.JerseyInvocation$Builder.post(JerseyInvocation.java:342) ~[jersey-client-4.0.0.jar:na]
	at com.netflix.eureka.transport.Jersey3ReplicationClient.submitBatchUpdates(Jersey3ReplicationClient.java:116) ~[eureka-core-jersey3-2.0.5.jar:2.0.5]
	at com.netflix.eureka.cluster.ReplicationTaskProcessor.process(ReplicationTaskProcessor.java:80) ~[eureka-core-2.0.5.jar:2.0.5]
	at com.netflix.eureka.util.batcher.TaskExecutors$BatchWorkerRunnable.run(TaskExecutors.java:178) ~[eureka-core-2.0.5.jar:2.0.5]
	at java.base/java.lang.Thread.run(Thread.java:1583) ~[na:na]
Caused by: java.net.SocketTimeoutException: Read timed out
	at java.base/sun.nio.ch.NioSocketImpl.timedRead(NioSocketImpl.java:278) ~[na:na]
	at java.base/sun.nio.ch.NioSocketImpl.implRead(NioSocketImpl.java:304) ~[na:na]
	at java.base/sun.nio.ch.NioSocketImpl.read(NioSocketImpl.java:346) ~[na:na]
	at java.base/sun.nio.ch.NioSocketImpl$1.read(NioSocketImpl.java:796) ~[na:na]
	at java.base/java.net.Socket$SocketInputStream.read(Socket.java:1099) ~[na:na]
	at org.apache.http.impl.io.SessionInputBufferImpl.streamRead(SessionInputBufferImpl.java:137) ~[httpcore-4.4.16.jar:4.4.16]
	at org.apache.http.impl.io.SessionInputBufferImpl.fillBuffer(SessionInputBufferImpl.java:153) ~[httpcore-4.4.16.jar:4.4.16]
	at org.apache.http.impl.io.SessionInputBufferImpl.readLine(SessionInputBufferImpl.java:280) ~[httpcore-4.4.16.jar:4.4.16]
	at org.apache.http.impl.conn.DefaultHttpResponseParser.parseHead(DefaultHttpResponseParser.java:138) ~[httpclient-4.5.3.jar:4.5.3]
	at org.apache.http.impl.conn.DefaultHttpResponseParser.parseHead(DefaultHttpResponseParser.java:56) ~[httpclient-4.5.3.jar:4.5.3]
	at org.apache.http.impl.io.AbstractMessageParser.parse(AbstractMessageParser.java:259) ~[httpcore-4.4.16.jar:4.4.16]
	at org.apache.http.impl.DefaultBHttpClientConnection.receiveResponseHeader(DefaultBHttpClientConnection.java:163) ~[httpcore-4.4.16.jar:4.4.16]
	at org.apache.http.impl.conn.CPoolProxy.receiveResponseHeader(CPoolProxy.java:165) ~[httpclient-4.5.3.jar:4.5.3]
	at org.apache.http.protocol.HttpRequestExecutor.doReceiveResponse(HttpRequestExecutor.java:273) ~[httpcore-4.4.16.jar:4.4.16]
	at org.apache.http.protocol.HttpRequestExecutor.execute(HttpRequestExecutor.java:125) ~[httpcore-4.4.16.jar:4.4.16]
	at org.apache.http.impl.execchain.MainClientExec.execute(MainClientExec.java:272) ~[httpclient-4.5.3.jar:4.5.3]
	at org.apache.http.impl.execchain.ProtocolExec.execute(ProtocolExec.java:185) ~[httpclient-4.5.3.jar:4.5.3]
	at org.apache.http.impl.execchain.RetryExec.execute(RetryExec.java:89) ~[httpclient-4.5.3.jar:4.5.3]
	at org.apache.http.impl.execchain.RedirectExec.execute(RedirectExec.java:111) ~[httpclient-4.5.3.jar:4.5.3]
	at org.apache.http.impl.client.InternalHttpClient.doExecute(InternalHttpClient.java:185) ~[httpclient-4.5.3.jar:4.5.3]
	at org.apache.http.impl.client.CloseableHttpClient.execute(CloseableHttpClient.java:72) ~[httpclient-4.5.3.jar:4.5.3]
	at org.glassfish.jersey.apache.connector.ApacheConnector.apply(ApacheConnector.java:487) ~[jersey-apache-connector-3.0.5.jar:na]
	... 16 common frames omitted

2026-02-22T11:46:56.303+05:30 ERROR 25864 --- [SpringCloud_EurekaServer] [TaskBatchingWorker-target_localhost-17] [                                                 ] c.n.e.cluster.ReplicationTaskProcessor   : It seems to be a socket read timeout exception, it will retry later. if it continues to happen and some eureka node occupied all the cpu time, you should set property 'eureka.server.peer-node-read-timeout-ms' to a bigger value

jakarta.ws.rs.ProcessingException: java.net.SocketTimeoutException: Read timed out
	at org.glassfish.jersey.apache.connector.ApacheConnector.apply(ApacheConnector.java:535) ~[jersey-apache-connector-3.0.5.jar:na]
	at org.glassfish.jersey.client.ClientRuntime.invoke(ClientRuntime.java:300) ~[jersey-client-4.0.0.jar:na]
	at org.glassfish.jersey.client.JerseyInvocation.lambda$invoke$0(JerseyInvocation.java:671) ~[jersey-client-4.0.0.jar:na]
	at org.glassfish.jersey.client.JerseyInvocation.call(JerseyInvocation.java:706) ~[jersey-client-4.0.0.jar:na]
	at org.glassfish.jersey.client.JerseyInvocation.lambda$runInScope$3(JerseyInvocation.java:700) ~[jersey-client-4.0.0.jar:na]
	at org.glassfish.jersey.internal.Errors.process(Errors.java:292) ~[jersey-common-4.0.0.jar:na]
	at org.glassfish.jersey.internal.Errors.process(Errors.java:274) ~[jersey-common-4.0.0.jar:na]
	at org.glassfish.jersey.internal.Errors.process(Errors.java:205) ~[jersey-common-4.0.0.jar:na]
	at org.glassfish.jersey.process.internal.RequestScope.runInScope(RequestScope.java:391) ~[jersey-common-4.0.0.jar:na]
	at org.glassfish.jersey.client.JerseyInvocation.runInScope(JerseyInvocation.java:700) ~[jersey-client-4.0.0.jar:na]
	at org.glassfish.jersey.client.JerseyInvocation.invoke(JerseyInvocation.java:670) ~[jersey-client-4.0.0.jar:na]
	at org.glassfish.jersey.client.JerseyInvocation$Builder.method(JerseyInvocation.java:436) ~[jersey-client-4.0.0.jar:na]
	at org.glassfish.jersey.client.JerseyInvocation$Builder.post(JerseyInvocation.java:342) ~[jersey-client-4.0.0.jar:na]
	at com.netflix.eureka.transport.Jersey3ReplicationClient.submitBatchUpdates(Jersey3ReplicationClient.java:116) ~[eureka-core-jersey3-2.0.5.jar:2.0.5]
	at com.netflix.eureka.cluster.ReplicationTaskProcessor.process(ReplicationTaskProcessor.java:80) ~[eureka-core-2.0.5.jar:2.0.5]
	at com.netflix.eureka.util.batcher.TaskExecutors$BatchWorkerRunnable.run(TaskExecutors.java:178) ~[eureka-core-2.0.5.jar:2.0.5]
	at java.base/java.lang.Thread.run(Thread.java:1583) ~[na:na]
Caused by: java.net.SocketTimeoutException: Read timed out
	at java.base/sun.nio.ch.NioSocketImpl.timedRead(NioSocketImpl.java:278) ~[na:na]
	at java.base/sun.nio.ch.NioSocketImpl.implRead(NioSocketImpl.java:304) ~[na:na]
	at java.base/sun.nio.ch.NioSocketImpl.read(NioSocketImpl.java:346) ~[na:na]
	at java.base/sun.nio.ch.NioSocketImpl$1.read(NioSocketImpl.java:796) ~[na:na]
	at java.base/java.net.Socket$SocketInputStream.read(Socket.java:1099) ~[na:na]
	at org.apache.http.impl.io.SessionInputBufferImpl.streamRead(SessionInputBufferImpl.java:137) ~[httpcore-4.4.16.jar:4.4.16]
	at org.apache.http.impl.io.SessionInputBufferImpl.fillBuffer(SessionInputBufferImpl.java:153) ~[httpcore-4.4.16.jar:4.4.16]
	at org.apache.http.impl.io.SessionInputBufferImpl.readLine(SessionInputBufferImpl.java:280) ~[httpcore-4.4.16.jar:4.4.16]
	at org.apache.http.impl.conn.DefaultHttpResponseParser.parseHead(DefaultHttpResponseParser.java:138) ~[httpclient-4.5.3.jar:4.5.3]
	at org.apache.http.impl.conn.DefaultHttpResponseParser.parseHead(DefaultHttpResponseParser.java:56) ~[httpclient-4.5.3.jar:4.5.3]
	at org.apache.http.impl.io.AbstractMessageParser.parse(AbstractMessageParser.java:259) ~[httpcore-4.4.16.jar:4.4.16]
	at org.apache.http.impl.DefaultBHttpClientConnection.receiveResponseHeader(DefaultBHttpClientConnection.java:163) ~[httpcore-4.4.16.jar:4.4.16]
	at org.apache.http.impl.conn.CPoolProxy.receiveResponseHeader(CPoolProxy.java:165) ~[httpclient-4.5.3.jar:4.5.3]
	at org.apache.http.protocol.HttpRequestExecutor.doReceiveResponse(HttpRequestExecutor.java:273) ~[httpcore-4.4.16.jar:4.4.16]
	at org.apache.http.protocol.HttpRequestExecutor.execute(HttpRequestExecutor.java:125) ~[httpcore-4.4.16.jar:4.4.16]
	at org.apache.http.impl.execchain.MainClientExec.execute(MainClientExec.java:272) ~[httpclient-4.5.3.jar:4.5.3]
	at org.apache.http.impl.execchain.ProtocolExec.execute(ProtocolExec.java:185) ~[httpclient-4.5.3.jar:4.5.3]
	at org.apache.http.impl.execchain.RetryExec.execute(RetryExec.java:89) ~[httpclient-4.5.3.jar:4.5.3]
	at org.apache.http.impl.execchain.RedirectExec.execute(RedirectExec.java:111) ~[httpclient-4.5.3.jar:4.5.3]
	at org.apache.http.impl.client.InternalHttpClient.doExecute(InternalHttpClient.java:185) ~[httpclient-4.5.3.jar:4.5.3]
	at org.apache.http.impl.client.CloseableHttpClient.execute(CloseableHttpClient.java:72) ~[httpclient-4.5.3.jar:4.5.3]
	at org.glassfish.jersey.apache.connector.ApacheConnector.apply(ApacheConnector.java:487) ~[jersey-apache-connector-3.0.5.jar:na]
	... 16 common frames omitted

2026-02-22T11:46:58.103+05:30 ERROR 25864 --- [SpringCloud_EurekaServer] [TaskBatchingWorker-target_localhost-14] [                                                 ] c.n.e.cluster.ReplicationTaskProcessor   : It seems to be a socket read timeout exception, it will retry later. if it continues to happen and some eureka node occupied all the cpu time, you should set property 'eureka.server.peer-node-read-timeout-ms' to a bigger value

jakarta.ws.rs.ProcessingException: java.net.SocketTimeoutException: Read timed out
	at org.glassfish.jersey.apache.connector.ApacheConnector.apply(ApacheConnector.java:535) ~[jersey-apache-connector-3.0.5.jar:na]
	at org.glassfish.jersey.client.ClientRuntime.invoke(ClientRuntime.java:300) ~[jersey-client-4.0.0.jar:na]
	at org.glassfish.jersey.client.JerseyInvocation.lambda$invoke$0(JerseyInvocation.java:671) ~[jersey-client-4.0.0.jar:na]
	at org.glassfish.jersey.client.JerseyInvocation.call(JerseyInvocation.java:706) ~[jersey-client-4.0.0.jar:na]
	at org.glassfish.jersey.client.JerseyInvocation.lambda$runInScope$3(JerseyInvocation.java:700) ~[jersey-client-4.0.0.jar:na]
	at org.glassfish.jersey.internal.Errors.process(Errors.java:292) ~[jersey-common-4.0.0.jar:na]
	at org.glassfish.jersey.internal.Errors.process(Errors.java:274) ~[jersey-common-4.0.0.jar:na]
	at org.glassfish.jersey.internal.Errors.process(Errors.java:205) ~[jersey-common-4.0.0.jar:na]
	at org.glassfish.jersey.process.internal.RequestScope.runInScope(RequestScope.java:391) ~[jersey-common-4.0.0.jar:na]
	at org.glassfish.jersey.client.JerseyInvocation.runInScope(JerseyInvocation.java:700) ~[jersey-client-4.0.0.jar:na]
	at org.glassfish.jersey.client.JerseyInvocation.invoke(JerseyInvocation.java:670) ~[jersey-client-4.0.0.jar:na]
	at org.glassfish.jersey.client.JerseyInvocation$Builder.method(JerseyInvocation.java:436) ~[jersey-client-4.0.0.jar:na]
	at org.glassfish.jersey.client.JerseyInvocation$Builder.post(JerseyInvocation.java:342) ~[jersey-client-4.0.0.jar:na]
	at com.netflix.eureka.transport.Jersey3ReplicationClient.submitBatchUpdates(Jersey3ReplicationClient.java:116) ~[eureka-core-jersey3-2.0.5.jar:2.0.5]
	at com.netflix.eureka.cluster.ReplicationTaskProcessor.process(ReplicationTaskProcessor.java:80) ~[eureka-core-2.0.5.jar:2.0.5]
	at com.netflix.eureka.util.batcher.TaskExecutors$BatchWorkerRunnable.run(TaskExecutors.java:178) ~[eureka-core-2.0.5.jar:2.0.5]
	at java.base/java.lang.Thread.run(Thread.java:1583) ~[na:na]
Caused by: java.net.SocketTimeoutException: Read timed out
	at java.base/sun.nio.ch.NioSocketImpl.timedRead(NioSocketImpl.java:278) ~[na:na]
	at java.base/sun.nio.ch.NioSocketImpl.implRead(NioSocketImpl.java:304) ~[na:na]
	at java.base/sun.nio.ch.NioSocketImpl.read(NioSocketImpl.java:346) ~[na:na]
	at java.base/sun.nio.ch.NioSocketImpl$1.read(NioSocketImpl.java:796) ~[na:na]
	at java.base/java.net.Socket$SocketInputStream.read(Socket.java:1099) ~[na:na]
	at org.apache.http.impl.io.SessionInputBufferImpl.streamRead(SessionInputBufferImpl.java:137) ~[httpcore-4.4.16.jar:4.4.16]
	at org.apache.http.impl.io.SessionInputBufferImpl.fillBuffer(SessionInputBufferImpl.java:153) ~[httpcore-4.4.16.jar:4.4.16]
	at org.apache.http.impl.io.SessionInputBufferImpl.readLine(SessionInputBufferImpl.java:280) ~[httpcore-4.4.16.jar:4.4.16]
	at org.apache.http.impl.conn.DefaultHttpResponseParser.parseHead(DefaultHttpResponseParser.java:138) ~[httpclient-4.5.3.jar:4.5.3]
	at org.apache.http.impl.conn.DefaultHttpResponseParser.parseHead(DefaultHttpResponseParser.java:56) ~[httpclient-4.5.3.jar:4.5.3]
	at org.apache.http.impl.io.AbstractMessageParser.parse(AbstractMessageParser.java:259) ~[httpcore-4.4.16.jar:4.4.16]
	at org.apache.http.impl.DefaultBHttpClientConnection.receiveResponseHeader(DefaultBHttpClientConnection.java:163) ~[httpcore-4.4.16.jar:4.4.16]
	at org.apache.http.impl.conn.CPoolProxy.receiveResponseHeader(CPoolProxy.java:165) ~[httpclient-4.5.3.jar:4.5.3]
	at org.apache.http.protocol.HttpRequestExecutor.doReceiveResponse(HttpRequestExecutor.java:273) ~[httpcore-4.4.16.jar:4.4.16]
	at org.apache.http.protocol.HttpRequestExecutor.execute(HttpRequestExecutor.java:125) ~[httpcore-4.4.16.jar:4.4.16]
	at org.apache.http.impl.execchain.MainClientExec.execute(MainClientExec.java:272) ~[httpclient-4.5.3.jar:4.5.3]
	at org.apache.http.impl.execchain.ProtocolExec.execute(ProtocolExec.java:185) ~[httpclient-4.5.3.jar:4.5.3]
	at org.apache.http.impl.execchain.RetryExec.execute(RetryExec.java:89) ~[httpclient-4.5.3.jar:4.5.3]
	at org.apache.http.impl.execchain.RedirectExec.execute(RedirectExec.java:111) ~[httpclient-4.5.3.jar:4.5.3]
	at org.apache.http.impl.client.InternalHttpClient.doExecute(InternalHttpClient.java:185) ~[httpclient-4.5.3.jar:4.5.3]
	at org.apache.http.impl.client.CloseableHttpClient.execute(CloseableHttpClient.java:72) ~[httpclient-4.5.3.jar:4.5.3]
	at org.glassfish.jersey.apache.connector.ApacheConnector.apply(ApacheConnector.java:487) ~[jersey-apache-connector-3.0.5.jar:na]
	... 16 common frames omitted

2026-02-22T11:47:06.036+05:30 ERROR 25864 --- [SpringCloud_EurekaServer] [TaskBatchingWorker-target_localhost-2] [                                                 ] c.n.e.cluster.ReplicationTaskProcessor   : It seems to be a socket read timeout exception, it will retry later. if it continues to happen and some eureka node occupied all the cpu time, you should set property 'eureka.server.peer-node-read-timeout-ms' to a bigger value

jakarta.ws.rs.ProcessingException: java.net.SocketTimeoutException: Read timed out
	at org.glassfish.jersey.apache.connector.ApacheConnector.apply(ApacheConnector.java:535) ~[jersey-apache-connector-3.0.5.jar:na]
	at org.glassfish.jersey.client.ClientRuntime.invoke(ClientRuntime.java:300) ~[jersey-client-4.0.0.jar:na]
	at org.glassfish.jersey.client.JerseyInvocation.lambda$invoke$0(JerseyInvocation.java:671) ~[jersey-client-4.0.0.jar:na]
	at org.glassfish.jersey.client.JerseyInvocation.call(JerseyInvocation.java:706) ~[jersey-client-4.0.0.jar:na]
	at org.glassfish.jersey.client.JerseyInvocation.lambda$runInScope$3(JerseyInvocation.java:700) ~[jersey-client-4.0.0.jar:na]
	at org.glassfish.jersey.internal.Errors.process(Errors.java:292) ~[jersey-common-4.0.0.jar:na]
	at org.glassfish.jersey.internal.Errors.process(Errors.java:274) ~[jersey-common-4.0.0.jar:na]
	at org.glassfish.jersey.internal.Errors.process(Errors.java:205) ~[jersey-common-4.0.0.jar:na]
	at org.glassfish.jersey.process.internal.RequestScope.runInScope(RequestScope.java:391) ~[jersey-common-4.0.0.jar:na]
	at org.glassfish.jersey.client.JerseyInvocation.runInScope(JerseyInvocation.java:700) ~[jersey-client-4.0.0.jar:na]
	at org.glassfish.jersey.client.JerseyInvocation.invoke(JerseyInvocation.java:670) ~[jersey-client-4.0.0.jar:na]
	at org.glassfish.jersey.client.JerseyInvocation$Builder.method(JerseyInvocation.java:436) ~[jersey-client-4.0.0.jar:na]
	at org.glassfish.jersey.client.JerseyInvocation$Builder.post(JerseyInvocation.java:342) ~[jersey-client-4.0.0.jar:na]
	at com.netflix.eureka.transport.Jersey3ReplicationClient.submitBatchUpdates(Jersey3ReplicationClient.java:116) ~[eureka-core-jersey3-2.0.5.jar:2.0.5]
	at com.netflix.eureka.cluster.ReplicationTaskProcessor.process(ReplicationTaskProcessor.java:80) ~[eureka-core-2.0.5.jar:2.0.5]
	at com.netflix.eureka.util.batcher.TaskExecutors$BatchWorkerRunnable.run(TaskExecutors.java:178) ~[eureka-core-2.0.5.jar:2.0.5]
	at java.base/java.lang.Thread.run(Thread.java:1583) ~[na:na]
Caused by: java.net.SocketTimeoutException: Read timed out
	at java.base/sun.nio.ch.NioSocketImpl.timedRead(NioSocketImpl.java:278) ~[na:na]
	at java.base/sun.nio.ch.NioSocketImpl.implRead(NioSocketImpl.java:304) ~[na:na]
	at java.base/sun.nio.ch.NioSocketImpl.read(NioSocketImpl.java:346) ~[na:na]
	at java.base/sun.nio.ch.NioSocketImpl$1.read(NioSocketImpl.java:796) ~[na:na]
	at java.base/java.net.Socket$SocketInputStream.read(Socket.java:1099) ~[na:na]
	at org.apache.http.impl.io.SessionInputBufferImpl.streamRead(SessionInputBufferImpl.java:137) ~[httpcore-4.4.16.jar:4.4.16]
	at org.apache.http.impl.io.SessionInputBufferImpl.fillBuffer(SessionInputBufferImpl.java:153) ~[httpcore-4.4.16.jar:4.4.16]
	at org.apache.http.impl.io.SessionInputBufferImpl.readLine(SessionInputBufferImpl.java:280) ~[httpcore-4.4.16.jar:4.4.16]
	at org.apache.http.impl.conn.DefaultHttpResponseParser.parseHead(DefaultHttpResponseParser.java:138) ~[httpclient-4.5.3.jar:4.5.3]
	at org.apache.http.impl.conn.DefaultHttpResponseParser.parseHead(DefaultHttpResponseParser.java:56) ~[httpclient-4.5.3.jar:4.5.3]
	at org.apache.http.impl.io.AbstractMessageParser.parse(AbstractMessageParser.java:259) ~[httpcore-4.4.16.jar:4.4.16]
	at org.apache.http.impl.DefaultBHttpClientConnection.receiveResponseHeader(DefaultBHttpClientConnection.java:163) ~[httpcore-4.4.16.jar:4.4.16]
	at org.apache.http.impl.conn.CPoolProxy.receiveResponseHeader(CPoolProxy.java:165) ~[httpclient-4.5.3.jar:4.5.3]
	at org.apache.http.protocol.HttpRequestExecutor.doReceiveResponse(HttpRequestExecutor.java:273) ~[httpcore-4.4.16.jar:4.4.16]
	at org.apache.http.protocol.HttpRequestExecutor.execute(HttpRequestExecutor.java:125) ~[httpcore-4.4.16.jar:4.4.16]
	at org.apache.http.impl.execchain.MainClientExec.execute(MainClientExec.java:272) ~[httpclient-4.5.3.jar:4.5.3]
	at org.apache.http.impl.execchain.ProtocolExec.execute(ProtocolExec.java:185) ~[httpclient-4.5.3.jar:4.5.3]
	at org.apache.http.impl.execchain.RetryExec.execute(RetryExec.java:89) ~[httpclient-4.5.3.jar:4.5.3]
	at org.apache.http.impl.execchain.RedirectExec.execute(RedirectExec.java:111) ~[httpclient-4.5.3.jar:4.5.3]
	at org.apache.http.impl.client.InternalHttpClient.doExecute(InternalHttpClient.java:185) ~[httpclient-4.5.3.jar:4.5.3]
	at org.apache.http.impl.client.CloseableHttpClient.execute(CloseableHttpClient.java:72) ~[httpclient-4.5.3.jar:4.5.3]
	at org.glassfish.jersey.apache.connector.ApacheConnector.apply(ApacheConnector.java:487) ~[jersey-apache-connector-3.0.5.jar:na]
	... 16 common frames omitted

2026-02-22T11:47:08.287+05:30 ERROR 25864 --- [SpringCloud_EurekaServer] [TaskBatchingWorker-target_localhost-2] [                                                 ] c.n.e.cluster.ReplicationTaskProcessor   : It seems to be a socket read timeout exception, it will retry later. if it continues to happen and some eureka node occupied all the cpu time, you should set property 'eureka.server.peer-node-read-timeout-ms' to a bigger value

jakarta.ws.rs.ProcessingException: java.net.SocketTimeoutException: Read timed out
	at org.glassfish.jersey.apache.connector.ApacheConnector.apply(ApacheConnector.java:535) ~[jersey-apache-connector-3.0.5.jar:na]
	at org.glassfish.jersey.client.ClientRuntime.invoke(ClientRuntime.java:300) ~[jersey-client-4.0.0.jar:na]
	at org.glassfish.jersey.client.JerseyInvocation.lambda$invoke$0(JerseyInvocation.java:671) ~[jersey-client-4.0.0.jar:na]
	at org.glassfish.jersey.client.JerseyInvocation.call(JerseyInvocation.java:706) ~[jersey-client-4.0.0.jar:na]
	at org.glassfish.jersey.client.JerseyInvocation.lambda$runInScope$3(JerseyInvocation.java:700) ~[jersey-client-4.0.0.jar:na]
	at org.glassfish.jersey.internal.Errors.process(Errors.java:292) ~[jersey-common-4.0.0.jar:na]
	at org.glassfish.jersey.internal.Errors.process(Errors.java:274) ~[jersey-common-4.0.0.jar:na]
	at org.glassfish.jersey.internal.Errors.process(Errors.java:205) ~[jersey-common-4.0.0.jar:na]
	at org.glassfish.jersey.process.internal.RequestScope.runInScope(RequestScope.java:391) ~[jersey-common-4.0.0.jar:na]
	at org.glassfish.jersey.client.JerseyInvocation.runInScope(JerseyInvocation.java:700) ~[jersey-client-4.0.0.jar:na]
	at org.glassfish.jersey.client.JerseyInvocation.invoke(JerseyInvocation.java:670) ~[jersey-client-4.0.0.jar:na]
	at org.glassfish.jersey.client.JerseyInvocation$Builder.method(JerseyInvocation.java:436) ~[jersey-client-4.0.0.jar:na]
	at org.glassfish.jersey.client.JerseyInvocation$Builder.post(JerseyInvocation.java:342) ~[jersey-client-4.0.0.jar:na]
	at com.netflix.eureka.transport.Jersey3ReplicationClient.submitBatchUpdates(Jersey3ReplicationClient.java:116) ~[eureka-core-jersey3-2.0.5.jar:2.0.5]
	at com.netflix.eureka.cluster.ReplicationTaskProcessor.process(ReplicationTaskProcessor.java:80) ~[eureka-core-2.0.5.jar:2.0.5]
	at com.netflix.eureka.util.batcher.TaskExecutors$BatchWorkerRunnable.run(TaskExecutors.java:178) ~[eureka-core-2.0.5.jar:2.0.5]
	at java.base/java.lang.Thread.run(Thread.java:1583) ~[na:na]
Caused by: java.net.SocketTimeoutException: Read timed out
	at java.base/sun.nio.ch.NioSocketImpl.timedRead(NioSocketImpl.java:278) ~[na:na]
	at java.base/sun.nio.ch.NioSocketImpl.implRead(NioSocketImpl.java:304) ~[na:na]
	at java.base/sun.nio.ch.NioSocketImpl.read(NioSocketImpl.java:346) ~[na:na]
	at java.base/sun.nio.ch.NioSocketImpl$1.read(NioSocketImpl.java:796) ~[na:na]
	at java.base/java.net.Socket$SocketInputStream.read(Socket.java:1099) ~[na:na]
	at org.apache.http.impl.io.SessionInputBufferImpl.streamRead(SessionInputBufferImpl.java:137) ~[httpcore-4.4.16.jar:4.4.16]
	at org.apache.http.impl.io.SessionInputBufferImpl.fillBuffer(SessionInputBufferImpl.java:153) ~[httpcore-4.4.16.jar:4.4.16]
	at org.apache.http.impl.io.SessionInputBufferImpl.readLine(SessionInputBufferImpl.java:280) ~[httpcore-4.4.16.jar:4.4.16]
	at org.apache.http.impl.conn.DefaultHttpResponseParser.parseHead(DefaultHttpResponseParser.java:138) ~[httpclient-4.5.3.jar:4.5.3]
	at org.apache.http.impl.conn.DefaultHttpResponseParser.parseHead(DefaultHttpResponseParser.java:56) ~[httpclient-4.5.3.jar:4.5.3]
	at org.apache.http.impl.io.AbstractMessageParser.parse(AbstractMessageParser.java:259) ~[httpcore-4.4.16.jar:4.4.16]
	at org.apache.http.impl.DefaultBHttpClientConnection.receiveResponseHeader(DefaultBHttpClientConnection.java:163) ~[httpcore-4.4.16.jar:4.4.16]
	at org.apache.http.impl.conn.CPoolProxy.receiveResponseHeader(CPoolProxy.java:165) ~[httpclient-4.5.3.jar:4.5.3]
	at org.apache.http.protocol.HttpRequestExecutor.doReceiveResponse(HttpRequestExecutor.java:273) ~[httpcore-4.4.16.jar:4.4.16]
	at org.apache.http.protocol.HttpRequestExecutor.execute(HttpRequestExecutor.java:125) ~[httpcore-4.4.16.jar:4.4.16]
	at org.apache.http.impl.execchain.MainClientExec.execute(MainClientExec.java:272) ~[httpclient-4.5.3.jar:4.5.3]
	at org.apache.http.impl.execchain.ProtocolExec.execute(ProtocolExec.java:185) ~[httpclient-4.5.3.jar:4.5.3]
	at org.apache.http.impl.execchain.RetryExec.execute(RetryExec.java:89) ~[httpclient-4.5.3.jar:4.5.3]
	at org.apache.http.impl.execchain.RedirectExec.execute(RedirectExec.java:111) ~[httpclient-4.5.3.jar:4.5.3]
	at org.apache.http.impl.client.InternalHttpClient.doExecute(InternalHttpClient.java:185) ~[httpclient-4.5.3.jar:4.5.3]
	at org.apache.http.impl.client.CloseableHttpClient.execute(CloseableHttpClient.java:72) ~[httpclient-4.5.3.jar:4.5.3]
	at org.glassfish.jersey.apache.connector.ApacheConnector.apply(ApacheConnector.java:487) ~[jersey-apache-connector-3.0.5.jar:na]
	... 16 common frames omitted

2026-02-22T11:47:38.049+05:30  INFO 25864 --- [SpringCloud_EurekaServer] [ReplicaAwareInstanceRegistry - RenewalThresholdUpdater] [                                                 ] c.n.e.r.PeerAwareInstanceRegistryImpl    : Current renewal threshold is : 10
2026-02-22T11:47:38.309+05:30  INFO 25864 --- [SpringCloud_EurekaServer] [Eureka-EvictionTimer] [                                                 ] c.n.e.registry.AbstractInstanceRegistry  : Running the evict task with compensationTime 3ms
2026-02-22T11:47:55.846+05:30 ERROR 25864 --- [SpringCloud_EurekaServer] [TaskBatchingWorker-target_localhost-1] [                                                 ] c.n.e.cluster.ReplicationTaskProcessor   : It seems to be a socket read timeout exception, it will retry later. if it continues to happen and some eureka node occupied all the cpu time, you should set property 'eureka.server.peer-node-read-timeout-ms' to a bigger value

jakarta.ws.rs.ProcessingException: java.net.SocketTimeoutException: Read timed out
	at org.glassfish.jersey.apache.connector.ApacheConnector.apply(ApacheConnector.java:535) ~[jersey-apache-connector-3.0.5.jar:na]
	at org.glassfish.jersey.client.ClientRuntime.invoke(ClientRuntime.java:300) ~[jersey-client-4.0.0.jar:na]
	at org.glassfish.jersey.client.JerseyInvocation.lambda$invoke$0(JerseyInvocation.java:671) ~[jersey-client-4.0.0.jar:na]
	at org.glassfish.jersey.client.JerseyInvocation.call(JerseyInvocation.java:706) ~[jersey-client-4.0.0.jar:na]
	at org.glassfish.jersey.client.JerseyInvocation.lambda$runInScope$3(JerseyInvocation.java:700) ~[jersey-client-4.0.0.jar:na]
	at org.glassfish.jersey.internal.Errors.process(Errors.java:292) ~[jersey-common-4.0.0.jar:na]
	at org.glassfish.jersey.internal.Errors.process(Errors.java:274) ~[jersey-common-4.0.0.jar:na]
	at org.glassfish.jersey.internal.Errors.process(Errors.java:205) ~[jersey-common-4.0.0.jar:na]
	at org.glassfish.jersey.process.internal.RequestScope.runInScope(RequestScope.java:391) ~[jersey-common-4.0.0.jar:na]
	at org.glassfish.jersey.client.JerseyInvocation.runInScope(JerseyInvocation.java:700) ~[jersey-client-4.0.0.jar:na]
	at org.glassfish.jersey.client.JerseyInvocation.invoke(JerseyInvocation.java:670) ~[jersey-client-4.0.0.jar:na]
	at org.glassfish.jersey.client.JerseyInvocation$Builder.method(JerseyInvocation.java:436) ~[jersey-client-4.0.0.jar:na]
	at org.glassfish.jersey.client.JerseyInvocation$Builder.post(JerseyInvocation.java:342) ~[jersey-client-4.0.0.jar:na]
	at com.netflix.eureka.transport.Jersey3ReplicationClient.submitBatchUpdates(Jersey3ReplicationClient.java:116) ~[eureka-core-jersey3-2.0.5.jar:2.0.5]
	at com.netflix.eureka.cluster.ReplicationTaskProcessor.process(ReplicationTaskProcessor.java:80) ~[eureka-core-2.0.5.jar:2.0.5]
	at com.netflix.eureka.util.batcher.TaskExecutors$BatchWorkerRunnable.run(TaskExecutors.java:178) ~[eureka-core-2.0.5.jar:2.0.5]
	at java.base/java.lang.Thread.run(Thread.java:1583) ~[na:na]
Caused by: java.net.SocketTimeoutException: Read timed out
	at java.base/sun.nio.ch.NioSocketImpl.timedRead(NioSocketImpl.java:278) ~[na:na]
	at java.base/sun.nio.ch.NioSocketImpl.implRead(NioSocketImpl.java:304) ~[na:na]
	at java.base/sun.nio.ch.NioSocketImpl.read(NioSocketImpl.java:346) ~[na:na]
	at java.base/sun.nio.ch.NioSocketImpl$1.read(NioSocketImpl.java:796) ~[na:na]
	at java.base/java.net.Socket$SocketInputStream.read(Socket.java:1099) ~[na:na]
	at org.apache.http.impl.io.SessionInputBufferImpl.streamRead(SessionInputBufferImpl.java:137) ~[httpcore-4.4.16.jar:4.4.16]
	at org.apache.http.impl.io.SessionInputBufferImpl.fillBuffer(SessionInputBufferImpl.java:153) ~[httpcore-4.4.16.jar:4.4.16]
	at org.apache.http.impl.io.SessionInputBufferImpl.readLine(SessionInputBufferImpl.java:280) ~[httpcore-4.4.16.jar:4.4.16]
	at org.apache.http.impl.conn.DefaultHttpResponseParser.parseHead(DefaultHttpResponseParser.java:138) ~[httpclient-4.5.3.jar:4.5.3]
	at org.apache.http.impl.conn.DefaultHttpResponseParser.parseHead(DefaultHttpResponseParser.java:56) ~[httpclient-4.5.3.jar:4.5.3]
	at org.apache.http.impl.io.AbstractMessageParser.parse(AbstractMessageParser.java:259) ~[httpcore-4.4.16.jar:4.4.16]
	at org.apache.http.impl.DefaultBHttpClientConnection.receiveResponseHeader(DefaultBHttpClientConnection.java:163) ~[httpcore-4.4.16.jar:4.4.16]
	at org.apache.http.impl.conn.CPoolProxy.receiveResponseHeader(CPoolProxy.java:165) ~[httpclient-4.5.3.jar:4.5.3]
	at org.apache.http.protocol.HttpRequestExecutor.doReceiveResponse(HttpRequestExecutor.java:273) ~[httpcore-4.4.16.jar:4.4.16]
	at org.apache.http.protocol.HttpRequestExecutor.execute(HttpRequestExecutor.java:125) ~[httpcore-4.4.16.jar:4.4.16]
	at org.apache.http.impl.execchain.MainClientExec.execute(MainClientExec.java:272) ~[httpclient-4.5.3.jar:4.5.3]
	at org.apache.http.impl.execchain.ProtocolExec.execute(ProtocolExec.java:185) ~[httpclient-4.5.3.jar:4.5.3]
	at org.apache.http.impl.execchain.RetryExec.execute(RetryExec.java:89) ~[httpclient-4.5.3.jar:4.5.3]
	at org.apache.http.impl.execchain.RedirectExec.execute(RedirectExec.java:111) ~[httpclient-4.5.3.jar:4.5.3]
	at org.apache.http.impl.client.InternalHttpClient.doExecute(InternalHttpClient.java:185) ~[httpclient-4.5.3.jar:4.5.3]
	at org.apache.http.impl.client.CloseableHttpClient.execute(CloseableHttpClient.java:72) ~[httpclient-4.5.3.jar:4.5.3]
	at org.glassfish.jersey.apache.connector.ApacheConnector.apply(ApacheConnector.java:487) ~[jersey-apache-connector-3.0.5.jar:na]
	... 16 common frames omitted

2026-02-22T11:48:38.319+05:30  INFO 25864 --- [SpringCloud_EurekaServer] [Eureka-EvictionTimer] [                                                 ] c.n.e.registry.AbstractInstanceRegistry  : Running the evict task with compensationTime 11ms
2026-02-22T11:48:39.816+05:30 ERROR 25864 --- [SpringCloud_EurekaServer] [TaskBatchingWorker-target_localhost-9] [                                                 ] c.n.e.cluster.ReplicationTaskProcessor   : It seems to be a socket read timeout exception, it will retry later. if it continues to happen and some eureka node occupied all the cpu time, you should set property 'eureka.server.peer-node-read-timeout-ms' to a bigger value

jakarta.ws.rs.ProcessingException: java.net.SocketTimeoutException: Read timed out
	at org.glassfish.jersey.apache.connector.ApacheConnector.apply(ApacheConnector.java:535) ~[jersey-apache-connector-3.0.5.jar:na]
	at org.glassfish.jersey.client.ClientRuntime.invoke(ClientRuntime.java:300) ~[jersey-client-4.0.0.jar:na]
	at org.glassfish.jersey.client.JerseyInvocation.lambda$invoke$0(JerseyInvocation.java:671) ~[jersey-client-4.0.0.jar:na]
	at org.glassfish.jersey.client.JerseyInvocation.call(JerseyInvocation.java:706) ~[jersey-client-4.0.0.jar:na]
	at org.glassfish.jersey.client.JerseyInvocation.lambda$runInScope$3(JerseyInvocation.java:700) ~[jersey-client-4.0.0.jar:na]
	at org.glassfish.jersey.internal.Errors.process(Errors.java:292) ~[jersey-common-4.0.0.jar:na]
	at org.glassfish.jersey.internal.Errors.process(Errors.java:274) ~[jersey-common-4.0.0.jar:na]
	at org.glassfish.jersey.internal.Errors.process(Errors.java:205) ~[jersey-common-4.0.0.jar:na]
	at org.glassfish.jersey.process.internal.RequestScope.runInScope(RequestScope.java:391) ~[jersey-common-4.0.0.jar:na]
	at org.glassfish.jersey.client.JerseyInvocation.runInScope(JerseyInvocation.java:700) ~[jersey-client-4.0.0.jar:na]
	at org.glassfish.jersey.client.JerseyInvocation.invoke(JerseyInvocation.java:670) ~[jersey-client-4.0.0.jar:na]
	at org.glassfish.jersey.client.JerseyInvocation$Builder.method(JerseyInvocation.java:436) ~[jersey-client-4.0.0.jar:na]
	at org.glassfish.jersey.client.JerseyInvocation$Builder.post(JerseyInvocation.java:342) ~[jersey-client-4.0.0.jar:na]
	at com.netflix.eureka.transport.Jersey3ReplicationClient.submitBatchUpdates(Jersey3ReplicationClient.java:116) ~[eureka-core-jersey3-2.0.5.jar:2.0.5]
	at com.netflix.eureka.cluster.ReplicationTaskProcessor.process(ReplicationTaskProcessor.java:80) ~[eureka-core-2.0.5.jar:2.0.5]
	at com.netflix.eureka.util.batcher.TaskExecutors$BatchWorkerRunnable.run(TaskExecutors.java:178) ~[eureka-core-2.0.5.jar:2.0.5]
	at java.base/java.lang.Thread.run(Thread.java:1583) ~[na:na]
Caused by: java.net.SocketTimeoutException: Read timed out
	at java.base/sun.nio.ch.NioSocketImpl.timedRead(NioSocketImpl.java:278) ~[na:na]
	at java.base/sun.nio.ch.NioSocketImpl.implRead(NioSocketImpl.java:304) ~[na:na]
	at java.base/sun.nio.ch.NioSocketImpl.read(NioSocketImpl.java:346) ~[na:na]
	at java.base/sun.nio.ch.NioSocketImpl$1.read(NioSocketImpl.java:796) ~[na:na]
	at java.base/java.net.Socket$SocketInputStream.read(Socket.java:1099) ~[na:na]
	at org.apache.http.impl.io.SessionInputBufferImpl.streamRead(SessionInputBufferImpl.java:137) ~[httpcore-4.4.16.jar:4.4.16]
	at org.apache.http.impl.io.SessionInputBufferImpl.fillBuffer(SessionInputBufferImpl.java:153) ~[httpcore-4.4.16.jar:4.4.16]
	at org.apache.http.impl.io.SessionInputBufferImpl.readLine(SessionInputBufferImpl.java:280) ~[httpcore-4.4.16.jar:4.4.16]
	at org.apache.http.impl.conn.DefaultHttpResponseParser.parseHead(DefaultHttpResponseParser.java:138) ~[httpclient-4.5.3.jar:4.5.3]
	at org.apache.http.impl.conn.DefaultHttpResponseParser.parseHead(DefaultHttpResponseParser.java:56) ~[httpclient-4.5.3.jar:4.5.3]
	at org.apache.http.impl.io.AbstractMessageParser.parse(AbstractMessageParser.java:259) ~[httpcore-4.4.16.jar:4.4.16]
	at org.apache.http.impl.DefaultBHttpClientConnection.receiveResponseHeader(DefaultBHttpClientConnection.java:163) ~[httpcore-4.4.16.jar:4.4.16]
	at org.apache.http.impl.conn.CPoolProxy.receiveResponseHeader(CPoolProxy.java:165) ~[httpclient-4.5.3.jar:4.5.3]
	at org.apache.http.protocol.HttpRequestExecutor.doReceiveResponse(HttpRequestExecutor.java:273) ~[httpcore-4.4.16.jar:4.4.16]
	at org.apache.http.protocol.HttpRequestExecutor.execute(HttpRequestExecutor.java:125) ~[httpcore-4.4.16.jar:4.4.16]
	at org.apache.http.impl.execchain.MainClientExec.execute(MainClientExec.java:272) ~[httpclient-4.5.3.jar:4.5.3]
	at org.apache.http.impl.execchain.ProtocolExec.execute(ProtocolExec.java:185) ~[httpclient-4.5.3.jar:4.5.3]
	at org.apache.http.impl.execchain.RetryExec.execute(RetryExec.java:89) ~[httpclient-4.5.3.jar:4.5.3]
	at org.apache.http.impl.execchain.RedirectExec.execute(RedirectExec.java:111) ~[httpclient-4.5.3.jar:4.5.3]
	at org.apache.http.impl.client.InternalHttpClient.doExecute(InternalHttpClient.java:185) ~[httpclient-4.5.3.jar:4.5.3]
	at org.apache.http.impl.client.CloseableHttpClient.execute(CloseableHttpClient.java:72) ~[httpclient-4.5.3.jar:4.5.3]
	at org.glassfish.jersey.apache.connector.ApacheConnector.apply(ApacheConnector.java:487) ~[jersey-apache-connector-3.0.5.jar:na]
	... 16 common frames omitted

2026-02-22T11:49:38.336+05:30  INFO 25864 --- [SpringCloud_EurekaServer] [Eureka-EvictionTimer] [                                                 ] c.n.e.registry.AbstractInstanceRegistry  : Running the evict task with compensationTime 15ms
2026-02-22T11:50:38.334+05:30  INFO 25864 --- [SpringCloud_EurekaServer] [Eureka-EvictionTimer] [                                                 ] c.n.e.registry.AbstractInstanceRegistry  : Running the evict task with compensationTime 0ms
2026-02-22T11:51:38.344+05:30  INFO 25864 --- [SpringCloud_EurekaServer] [Eureka-EvictionTimer] [                                                 ] c.n.e.registry.AbstractInstanceRegistry  : Running the evict task with compensationTime 9ms
2026-02-22T11:52:35.987+05:30  INFO 25864 --- [SpringCloud_EurekaServer] [http-nio-8761-exec-7] [699aa0ab1f6ae6835f1a01e2f76b45ea-5f1a01e2f76b45ea] c.n.e.registry.AbstractInstanceRegistry  : Registered instance CARTORDERSERVICE/DESKTOP-ECRRR37.mshome.net:CartOrderService:8083 with status DOWN (replication=false)
2026-02-22T11:52:36.505+05:30  INFO 25864 --- [SpringCloud_EurekaServer] [http-nio-8761-exec-1] [699aa0acc49985f199bb9e11fd861ff2-99bb9e11fd861ff2] c.n.e.registry.AbstractInstanceRegistry  : Registered instance CARTORDERSERVICE/DESKTOP-ECRRR37.mshome.net:CartOrderService:8083 with status DOWN (replication=true)
2026-02-22T11:52:38.353+05:30  INFO 25864 --- [SpringCloud_EurekaServer] [Eureka-EvictionTimer] [                                                 ] c.n.e.registry.AbstractInstanceRegistry  : Running the evict task with compensationTime 8ms
2026-02-22T11:53:37.706+05:30  INFO 25864 --- [SpringCloud_EurekaServer] [http-nio-8761-exec-3] [699aa0e994bd7fe248040981138bb9ca-48040981138bb9ca] c.n.e.registry.AbstractInstanceRegistry  : Registered instance CARTORDERSERVICE/DESKTOP-ECRRR37.mshome.net:CartOrderService:8083 with status UP (replication=false)
2026-02-22T11:53:38.257+05:30  INFO 25864 --- [SpringCloud_EurekaServer] [http-nio-8761-exec-10] [699aa0ea43a186dc7df4a3899012d546-7df4a3899012d546] c.n.e.registry.AbstractInstanceRegistry  : Registered instance CARTORDERSERVICE/DESKTOP-ECRRR37.mshome.net:CartOrderService:8083 with status UP (replication=true)
2026-02-22T11:53:38.352+05:30  INFO 25864 --- [SpringCloud_EurekaServer] [Eureka-EvictionTimer] [                                                 ] c.n.e.registry.AbstractInstanceRegistry  : Running the evict task with compensationTime 0ms
2026-02-22T11:54:38.352+05:30  INFO 25864 --- [SpringCloud_EurekaServer] [Eureka-EvictionTimer] [                                                 ] c.n.e.registry.AbstractInstanceRegistry  : Running the evict task with compensationTime 0ms
2026-02-22T11:55:28.430+05:30 ERROR 25864 --- [SpringCloud_EurekaServer] [TaskBatchingWorker-target_localhost-5] [                                                 ] c.n.e.cluster.ReplicationTaskProcessor   : It seems to be a socket read timeout exception, it will retry later. if it continues to happen and some eureka node occupied all the cpu time, you should set property 'eureka.server.peer-node-read-timeout-ms' to a bigger value

jakarta.ws.rs.ProcessingException: java.net.SocketTimeoutException: Read timed out
	at org.glassfish.jersey.apache.connector.ApacheConnector.apply(ApacheConnector.java:535) ~[jersey-apache-connector-3.0.5.jar:na]
	at org.glassfish.jersey.client.ClientRuntime.invoke(ClientRuntime.java:300) ~[jersey-client-4.0.0.jar:na]
	at org.glassfish.jersey.client.JerseyInvocation.lambda$invoke$0(JerseyInvocation.java:671) ~[jersey-client-4.0.0.jar:na]
	at org.glassfish.jersey.client.JerseyInvocation.call(JerseyInvocation.java:706) ~[jersey-client-4.0.0.jar:na]
	at org.glassfish.jersey.client.JerseyInvocation.lambda$runInScope$3(JerseyInvocation.java:700) ~[jersey-client-4.0.0.jar:na]
	at org.glassfish.jersey.internal.Errors.process(Errors.java:292) ~[jersey-common-4.0.0.jar:na]
	at org.glassfish.jersey.internal.Errors.process(Errors.java:274) ~[jersey-common-4.0.0.jar:na]
	at org.glassfish.jersey.internal.Errors.process(Errors.java:205) ~[jersey-common-4.0.0.jar:na]
	at org.glassfish.jersey.process.internal.RequestScope.runInScope(RequestScope.java:391) ~[jersey-common-4.0.0.jar:na]
	at org.glassfish.jersey.client.JerseyInvocation.runInScope(JerseyInvocation.java:700) ~[jersey-client-4.0.0.jar:na]
	at org.glassfish.jersey.client.JerseyInvocation.invoke(JerseyInvocation.java:670) ~[jersey-client-4.0.0.jar:na]
	at org.glassfish.jersey.client.JerseyInvocation$Builder.method(JerseyInvocation.java:436) ~[jersey-client-4.0.0.jar:na]
	at org.glassfish.jersey.client.JerseyInvocation$Builder.post(JerseyInvocation.java:342) ~[jersey-client-4.0.0.jar:na]
	at com.netflix.eureka.transport.Jersey3ReplicationClient.submitBatchUpdates(Jersey3ReplicationClient.java:116) ~[eureka-core-jersey3-2.0.5.jar:2.0.5]
	at com.netflix.eureka.cluster.ReplicationTaskProcessor.process(ReplicationTaskProcessor.java:80) ~[eureka-core-2.0.5.jar:2.0.5]
	at com.netflix.eureka.util.batcher.TaskExecutors$BatchWorkerRunnable.run(TaskExecutors.java:178) ~[eureka-core-2.0.5.jar:2.0.5]
	at java.base/java.lang.Thread.run(Thread.java:1583) ~[na:na]
Caused by: java.net.SocketTimeoutException: Read timed out
	at java.base/sun.nio.ch.NioSocketImpl.timedRead(NioSocketImpl.java:278) ~[na:na]
	at java.base/sun.nio.ch.NioSocketImpl.implRead(NioSocketImpl.java:304) ~[na:na]
	at java.base/sun.nio.ch.NioSocketImpl.read(NioSocketImpl.java:346) ~[na:na]
	at java.base/sun.nio.ch.NioSocketImpl$1.read(NioSocketImpl.java:796) ~[na:na]
	at java.base/java.net.Socket$SocketInputStream.read(Socket.java:1099) ~[na:na]
	at org.apache.http.impl.io.SessionInputBufferImpl.streamRead(SessionInputBufferImpl.java:137) ~[httpcore-4.4.16.jar:4.4.16]
	at org.apache.http.impl.io.SessionInputBufferImpl.fillBuffer(SessionInputBufferImpl.java:153) ~[httpcore-4.4.16.jar:4.4.16]
	at org.apache.http.impl.io.SessionInputBufferImpl.readLine(SessionInputBufferImpl.java:280) ~[httpcore-4.4.16.jar:4.4.16]
	at org.apache.http.impl.conn.DefaultHttpResponseParser.parseHead(DefaultHttpResponseParser.java:138) ~[httpclient-4.5.3.jar:4.5.3]
	at org.apache.http.impl.conn.DefaultHttpResponseParser.parseHead(DefaultHttpResponseParser.java:56) ~[httpclient-4.5.3.jar:4.5.3]
	at org.apache.http.impl.io.AbstractMessageParser.parse(AbstractMessageParser.java:259) ~[httpcore-4.4.16.jar:4.4.16]
	at org.apache.http.impl.DefaultBHttpClientConnection.receiveResponseHeader(DefaultBHttpClientConnection.java:163) ~[httpcore-4.4.16.jar:4.4.16]
	at org.apache.http.impl.conn.CPoolProxy.receiveResponseHeader(CPoolProxy.java:165) ~[httpclient-4.5.3.jar:4.5.3]
	at org.apache.http.protocol.HttpRequestExecutor.doReceiveResponse(HttpRequestExecutor.java:273) ~[httpcore-4.4.16.jar:4.4.16]
	at org.apache.http.protocol.HttpRequestExecutor.execute(HttpRequestExecutor.java:125) ~[httpcore-4.4.16.jar:4.4.16]
	at org.apache.http.impl.execchain.MainClientExec.execute(MainClientExec.java:272) ~[httpclient-4.5.3.jar:4.5.3]
	at org.apache.http.impl.execchain.ProtocolExec.execute(ProtocolExec.java:185) ~[httpclient-4.5.3.jar:4.5.3]
	at org.apache.http.impl.execchain.RetryExec.execute(RetryExec.java:89) ~[httpclient-4.5.3.jar:4.5.3]
	at org.apache.http.impl.execchain.RedirectExec.execute(RedirectExec.java:111) ~[httpclient-4.5.3.jar:4.5.3]
	at org.apache.http.impl.client.InternalHttpClient.doExecute(InternalHttpClient.java:185) ~[httpclient-4.5.3.jar:4.5.3]
	at org.apache.http.impl.client.CloseableHttpClient.execute(CloseableHttpClient.java:72) ~[httpclient-4.5.3.jar:4.5.3]
	at org.glassfish.jersey.apache.connector.ApacheConnector.apply(ApacheConnector.java:487) ~[jersey-apache-connector-3.0.5.jar:na]
	... 16 common frames omitted

2026-02-22T11:55:38.352+05:30  INFO 25864 --- [SpringCloud_EurekaServer] [Eureka-EvictionTimer] [                                                 ] c.n.e.registry.AbstractInstanceRegistry  : Running the evict task with compensationTime 0ms
2026-02-22T11:56:38.364+05:30  INFO 25864 --- [SpringCloud_EurekaServer] [Eureka-EvictionTimer] [                                                 ] c.n.e.registry.AbstractInstanceRegistry  : Running the evict task with compensationTime 12ms
2026-02-22T11:56:55.382+05:30  INFO 25864 --- [SpringCloud_EurekaServer] [http-nio-8761-exec-4] [699aa1af33bce90b4a3168c56510812b-4a3168c56510812b] c.n.e.registry.AbstractInstanceRegistry  : Registered instance CARTORDERSERVICE/DESKTOP-ECRRR37.mshome.net:CartOrderService:8083 with status DOWN (replication=false)
2026-02-22T11:56:55.911+05:30  INFO 25864 --- [SpringCloud_EurekaServer] [http-nio-8761-exec-6] [699aa1af58afe7b33a6fbe38c8804ad8-3a6fbe38c8804ad8] c.n.e.registry.AbstractInstanceRegistry  : Registered instance CARTORDERSERVICE/DESKTOP-ECRRR37.mshome.net:CartOrderService:8083 with status DOWN (replication=true)
2026-02-22T11:57:38.365+05:30  INFO 25864 --- [SpringCloud_EurekaServer] [Eureka-EvictionTimer] [                                                 ] c.n.e.registry.AbstractInstanceRegistry  : Running the evict task with compensationTime 0ms
2026-02-22T11:57:51.608+05:30  INFO 25864 --- [SpringCloud_EurekaServer] [http-nio-8761-exec-7] [699aa1e7eeffcbcdb7ffd712fd3379de-b7ffd712fd3379de] c.n.e.registry.AbstractInstanceRegistry  : Registered instance CARTORDERSERVICE/DESKTOP-ECRRR37.mshome.net:CartOrderService:8083 with status UP (replication=false)
2026-02-22T11:57:52.798+05:30  INFO 25864 --- [SpringCloud_EurekaServer] [http-nio-8761-exec-4] [699aa1e80c700a2615e66fc9aabcc103-15e66fc9aabcc103] c.n.e.registry.AbstractInstanceRegistry  : Registered instance CARTORDERSERVICE/DESKTOP-ECRRR37.mshome.net:CartOrderService:8083 with status UP (replication=true)
2026-02-22T11:57:53.754+05:30 ERROR 25864 --- [SpringCloud_EurekaServer] [TaskBatchingWorker-target_localhost-3] [                                                 ] c.n.e.cluster.ReplicationTaskProcessor   : It seems to be a socket read timeout exception, it will retry later. if it continues to happen and some eureka node occupied all the cpu time, you should set property 'eureka.server.peer-node-read-timeout-ms' to a bigger value

jakarta.ws.rs.ProcessingException: java.net.SocketTimeoutException: Read timed out
	at org.glassfish.jersey.apache.connector.ApacheConnector.apply(ApacheConnector.java:535) ~[jersey-apache-connector-3.0.5.jar:na]
	at org.glassfish.jersey.client.ClientRuntime.invoke(ClientRuntime.java:300) ~[jersey-client-4.0.0.jar:na]
	at org.glassfish.jersey.client.JerseyInvocation.lambda$invoke$0(JerseyInvocation.java:671) ~[jersey-client-4.0.0.jar:na]
	at org.glassfish.jersey.client.JerseyInvocation.call(JerseyInvocation.java:706) ~[jersey-client-4.0.0.jar:na]
	at org.glassfish.jersey.client.JerseyInvocation.lambda$runInScope$3(JerseyInvocation.java:700) ~[jersey-client-4.0.0.jar:na]
	at org.glassfish.jersey.internal.Errors.process(Errors.java:292) ~[jersey-common-4.0.0.jar:na]
	at org.glassfish.jersey.internal.Errors.process(Errors.java:274) ~[jersey-common-4.0.0.jar:na]
	at org.glassfish.jersey.internal.Errors.process(Errors.java:205) ~[jersey-common-4.0.0.jar:na]
	at org.glassfish.jersey.process.internal.RequestScope.runInScope(RequestScope.java:391) ~[jersey-common-4.0.0.jar:na]
	at org.glassfish.jersey.client.JerseyInvocation.runInScope(JerseyInvocation.java:700) ~[jersey-client-4.0.0.jar:na]
	at org.glassfish.jersey.client.JerseyInvocation.invoke(JerseyInvocation.java:670) ~[jersey-client-4.0.0.jar:na]
	at org.glassfish.jersey.client.JerseyInvocation$Builder.method(JerseyInvocation.java:436) ~[jersey-client-4.0.0.jar:na]
	at org.glassfish.jersey.client.JerseyInvocation$Builder.post(JerseyInvocation.java:342) ~[jersey-client-4.0.0.jar:na]
	at com.netflix.eureka.transport.Jersey3ReplicationClient.submitBatchUpdates(Jersey3ReplicationClient.java:116) ~[eureka-core-jersey3-2.0.5.jar:2.0.5]
	at com.netflix.eureka.cluster.ReplicationTaskProcessor.process(ReplicationTaskProcessor.java:80) ~[eureka-core-2.0.5.jar:2.0.5]
	at com.netflix.eureka.util.batcher.TaskExecutors$BatchWorkerRunnable.run(TaskExecutors.java:178) ~[eureka-core-2.0.5.jar:2.0.5]
	at java.base/java.lang.Thread.run(Thread.java:1583) ~[na:na]
Caused by: java.net.SocketTimeoutException: Read timed out
	at java.base/sun.nio.ch.NioSocketImpl.timedRead(NioSocketImpl.java:278) ~[na:na]
	at java.base/sun.nio.ch.NioSocketImpl.implRead(NioSocketImpl.java:304) ~[na:na]
	at java.base/sun.nio.ch.NioSocketImpl.read(NioSocketImpl.java:346) ~[na:na]
	at java.base/sun.nio.ch.NioSocketImpl$1.read(NioSocketImpl.java:796) ~[na:na]
	at java.base/java.net.Socket$SocketInputStream.read(Socket.java:1099) ~[na:na]
	at org.apache.http.impl.io.SessionInputBufferImpl.streamRead(SessionInputBufferImpl.java:137) ~[httpcore-4.4.16.jar:4.4.16]
	at org.apache.http.impl.io.SessionInputBufferImpl.fillBuffer(SessionInputBufferImpl.java:153) ~[httpcore-4.4.16.jar:4.4.16]
	at org.apache.http.impl.io.SessionInputBufferImpl.readLine(SessionInputBufferImpl.java:280) ~[httpcore-4.4.16.jar:4.4.16]
	at org.apache.http.impl.conn.DefaultHttpResponseParser.parseHead(DefaultHttpResponseParser.java:138) ~[httpclient-4.5.3.jar:4.5.3]
	at org.apache.http.impl.conn.DefaultHttpResponseParser.parseHead(DefaultHttpResponseParser.java:56) ~[httpclient-4.5.3.jar:4.5.3]
	at org.apache.http.impl.io.AbstractMessageParser.parse(AbstractMessageParser.java:259) ~[httpcore-4.4.16.jar:4.4.16]
	at org.apache.http.impl.DefaultBHttpClientConnection.receiveResponseHeader(DefaultBHttpClientConnection.java:163) ~[httpcore-4.4.16.jar:4.4.16]
	at org.apache.http.impl.conn.CPoolProxy.receiveResponseHeader(CPoolProxy.java:165) ~[httpclient-4.5.3.jar:4.5.3]
	at org.apache.http.protocol.HttpRequestExecutor.doReceiveResponse(HttpRequestExecutor.java:273) ~[httpcore-4.4.16.jar:4.4.16]
	at org.apache.http.protocol.HttpRequestExecutor.execute(HttpRequestExecutor.java:125) ~[httpcore-4.4.16.jar:4.4.16]
	at org.apache.http.impl.execchain.MainClientExec.execute(MainClientExec.java:272) ~[httpclient-4.5.3.jar:4.5.3]
	at org.apache.http.impl.execchain.ProtocolExec.execute(ProtocolExec.java:185) ~[httpclient-4.5.3.jar:4.5.3]
	at org.apache.http.impl.execchain.RetryExec.execute(RetryExec.java:89) ~[httpclient-4.5.3.jar:4.5.3]
	at org.apache.http.impl.execchain.RedirectExec.execute(RedirectExec.java:111) ~[httpclient-4.5.3.jar:4.5.3]
	at org.apache.http.impl.client.InternalHttpClient.doExecute(InternalHttpClient.java:185) ~[httpclient-4.5.3.jar:4.5.3]
	at org.apache.http.impl.client.CloseableHttpClient.execute(CloseableHttpClient.java:72) ~[httpclient-4.5.3.jar:4.5.3]
	at org.glassfish.jersey.apache.connector.ApacheConnector.apply(ApacheConnector.java:487) ~[jersey-apache-connector-3.0.5.jar:na]
	... 16 common frames omitted

2026-02-22T11:58:03.184+05:30 ERROR 25864 --- [SpringCloud_EurekaServer] [TaskBatchingWorker-target_localhost-10] [                                                 ] c.n.e.cluster.ReplicationTaskProcessor   : It seems to be a socket read timeout exception, it will retry later. if it continues to happen and some eureka node occupied all the cpu time, you should set property 'eureka.server.peer-node-read-timeout-ms' to a bigger value

jakarta.ws.rs.ProcessingException: java.net.SocketTimeoutException: Read timed out
	at org.glassfish.jersey.apache.connector.ApacheConnector.apply(ApacheConnector.java:535) ~[jersey-apache-connector-3.0.5.jar:na]
	at org.glassfish.jersey.client.ClientRuntime.invoke(ClientRuntime.java:300) ~[jersey-client-4.0.0.jar:na]
	at org.glassfish.jersey.client.JerseyInvocation.lambda$invoke$0(JerseyInvocation.java:671) ~[jersey-client-4.0.0.jar:na]
	at org.glassfish.jersey.client.JerseyInvocation.call(JerseyInvocation.java:706) ~[jersey-client-4.0.0.jar:na]
	at org.glassfish.jersey.client.JerseyInvocation.lambda$runInScope$3(JerseyInvocation.java:700) ~[jersey-client-4.0.0.jar:na]
	at org.glassfish.jersey.internal.Errors.process(Errors.java:292) ~[jersey-common-4.0.0.jar:na]
	at org.glassfish.jersey.internal.Errors.process(Errors.java:274) ~[jersey-common-4.0.0.jar:na]
	at org.glassfish.jersey.internal.Errors.process(Errors.java:205) ~[jersey-common-4.0.0.jar:na]
	at org.glassfish.jersey.process.internal.RequestScope.runInScope(RequestScope.java:391) ~[jersey-common-4.0.0.jar:na]
	at org.glassfish.jersey.client.JerseyInvocation.runInScope(JerseyInvocation.java:700) ~[jersey-client-4.0.0.jar:na]
	at org.glassfish.jersey.client.JerseyInvocation.invoke(JerseyInvocation.java:670) ~[jersey-client-4.0.0.jar:na]
	at org.glassfish.jersey.client.JerseyInvocation$Builder.method(JerseyInvocation.java:436) ~[jersey-client-4.0.0.jar:na]
	at org.glassfish.jersey.client.JerseyInvocation$Builder.post(JerseyInvocation.java:342) ~[jersey-client-4.0.0.jar:na]
	at com.netflix.eureka.transport.Jersey3ReplicationClient.submitBatchUpdates(Jersey3ReplicationClient.java:116) ~[eureka-core-jersey3-2.0.5.jar:2.0.5]
	at com.netflix.eureka.cluster.ReplicationTaskProcessor.process(ReplicationTaskProcessor.java:80) ~[eureka-core-2.0.5.jar:2.0.5]
	at com.netflix.eureka.util.batcher.TaskExecutors$BatchWorkerRunnable.run(TaskExecutors.java:178) ~[eureka-core-2.0.5.jar:2.0.5]
	at java.base/java.lang.Thread.run(Thread.java:1583) ~[na:na]
Caused by: java.net.SocketTimeoutException: Read timed out
	at java.base/sun.nio.ch.NioSocketImpl.timedRead(NioSocketImpl.java:278) ~[na:na]
	at java.base/sun.nio.ch.NioSocketImpl.implRead(NioSocketImpl.java:304) ~[na:na]
	at java.base/sun.nio.ch.NioSocketImpl.read(NioSocketImpl.java:346) ~[na:na]
	at java.base/sun.nio.ch.NioSocketImpl$1.read(NioSocketImpl.java:796) ~[na:na]
	at java.base/java.net.Socket$SocketInputStream.read(Socket.java:1099) ~[na:na]
	at org.apache.http.impl.io.SessionInputBufferImpl.streamRead(SessionInputBufferImpl.java:137) ~[httpcore-4.4.16.jar:4.4.16]
	at org.apache.http.impl.io.SessionInputBufferImpl.fillBuffer(SessionInputBufferImpl.java:153) ~[httpcore-4.4.16.jar:4.4.16]
	at org.apache.http.impl.io.SessionInputBufferImpl.readLine(SessionInputBufferImpl.java:280) ~[httpcore-4.4.16.jar:4.4.16]
	at org.apache.http.impl.conn.DefaultHttpResponseParser.parseHead(DefaultHttpResponseParser.java:138) ~[httpclient-4.5.3.jar:4.5.3]
	at org.apache.http.impl.conn.DefaultHttpResponseParser.parseHead(DefaultHttpResponseParser.java:56) ~[httpclient-4.5.3.jar:4.5.3]
	at org.apache.http.impl.io.AbstractMessageParser.parse(AbstractMessageParser.java:259) ~[httpcore-4.4.16.jar:4.4.16]
	at org.apache.http.impl.DefaultBHttpClientConnection.receiveResponseHeader(DefaultBHttpClientConnection.java:163) ~[httpcore-4.4.16.jar:4.4.16]
	at org.apache.http.impl.conn.CPoolProxy.receiveResponseHeader(CPoolProxy.java:165) ~[httpclient-4.5.3.jar:4.5.3]
	at org.apache.http.protocol.HttpRequestExecutor.doReceiveResponse(HttpRequestExecutor.java:273) ~[httpcore-4.4.16.jar:4.4.16]
	at org.apache.http.protocol.HttpRequestExecutor.execute(HttpRequestExecutor.java:125) ~[httpcore-4.4.16.jar:4.4.16]
	at org.apache.http.impl.execchain.MainClientExec.execute(MainClientExec.java:272) ~[httpclient-4.5.3.jar:4.5.3]
	at org.apache.http.impl.execchain.ProtocolExec.execute(ProtocolExec.java:185) ~[httpclient-4.5.3.jar:4.5.3]
	at org.apache.http.impl.execchain.RetryExec.execute(RetryExec.java:89) ~[httpclient-4.5.3.jar:4.5.3]
	at org.apache.http.impl.execchain.RedirectExec.execute(RedirectExec.java:111) ~[httpclient-4.5.3.jar:4.5.3]
	at org.apache.http.impl.client.InternalHttpClient.doExecute(InternalHttpClient.java:185) ~[httpclient-4.5.3.jar:4.5.3]
	at org.apache.http.impl.client.CloseableHttpClient.execute(CloseableHttpClient.java:72) ~[httpclient-4.5.3.jar:4.5.3]
	at org.glassfish.jersey.apache.connector.ApacheConnector.apply(ApacheConnector.java:487) ~[jersey-apache-connector-3.0.5.jar:na]
	... 16 common frames omitted

2026-02-22T11:58:03.201+05:30  INFO 25864 --- [SpringCloud_EurekaServer] [http-nio-8761-exec-10] [699aa1f21c83e02b29ae9d62b2948c13-29ae9d62b2948c13] c.n.e.registry.AbstractInstanceRegistry  : Registered instance CARTORDERSERVICE/DESKTOP-ECRRR37.mshome.net:CartOrderService:8083 with status UP (replication=true)
2026-02-22T11:58:04.219+05:30  INFO 25864 --- [SpringCloud_EurekaServer] [http-nio-8761-exec-8] [699aa1f45d49680677fada5dc3354b38-77fada5dc3354b38] c.n.e.registry.AbstractInstanceRegistry  : Registered instance CARTORDERSERVICE/DESKTOP-ECRRR37.mshome.net:CartOrderService:8083 with status UP (replication=true)
2026-02-22T11:58:38.366+05:30  INFO 25864 --- [SpringCloud_EurekaServer] [Eureka-EvictionTimer] [                                                 ] c.n.e.registry.AbstractInstanceRegistry  : Running the evict task with compensationTime 0ms
2026-02-22T11:59:38.366+05:30  INFO 25864 --- [SpringCloud_EurekaServer] [Eureka-EvictionTimer] [                                                 ] c.n.e.registry.AbstractInstanceRegistry  : Running the evict task with compensationTime 0ms
2026-02-22T12:00:38.374+05:30  INFO 25864 --- [SpringCloud_EurekaServer] [Eureka-EvictionTimer] [                                                 ] c.n.e.registry.AbstractInstanceRegistry  : Running the evict task with compensationTime 7ms
2026-02-22T12:00:50.182+05:30 ERROR 25864 --- [SpringCloud_EurekaServer] [TaskBatchingWorker-target_localhost-14] [                                                 ] c.n.e.cluster.ReplicationTaskProcessor   : It seems to be a socket read timeout exception, it will retry later. if it continues to happen and some eureka node occupied all the cpu time, you should set property 'eureka.server.peer-node-read-timeout-ms' to a bigger value

jakarta.ws.rs.ProcessingException: java.net.SocketTimeoutException: Read timed out
	at org.glassfish.jersey.apache.connector.ApacheConnector.apply(ApacheConnector.java:535) ~[jersey-apache-connector-3.0.5.jar:na]
	at org.glassfish.jersey.client.ClientRuntime.invoke(ClientRuntime.java:300) ~[jersey-client-4.0.0.jar:na]
	at org.glassfish.jersey.client.JerseyInvocation.lambda$invoke$0(JerseyInvocation.java:671) ~[jersey-client-4.0.0.jar:na]
	at org.glassfish.jersey.client.JerseyInvocation.call(JerseyInvocation.java:706) ~[jersey-client-4.0.0.jar:na]
	at org.glassfish.jersey.client.JerseyInvocation.lambda$runInScope$3(JerseyInvocation.java:700) ~[jersey-client-4.0.0.jar:na]
	at org.glassfish.jersey.internal.Errors.process(Errors.java:292) ~[jersey-common-4.0.0.jar:na]
	at org.glassfish.jersey.internal.Errors.process(Errors.java:274) ~[jersey-common-4.0.0.jar:na]
	at org.glassfish.jersey.internal.Errors.process(Errors.java:205) ~[jersey-common-4.0.0.jar:na]
	at org.glassfish.jersey.process.internal.RequestScope.runInScope(RequestScope.java:391) ~[jersey-common-4.0.0.jar:na]
	at org.glassfish.jersey.client.JerseyInvocation.runInScope(JerseyInvocation.java:700) ~[jersey-client-4.0.0.jar:na]
	at org.glassfish.jersey.client.JerseyInvocation.invoke(JerseyInvocation.java:670) ~[jersey-client-4.0.0.jar:na]
	at org.glassfish.jersey.client.JerseyInvocation$Builder.method(JerseyInvocation.java:436) ~[jersey-client-4.0.0.jar:na]
	at org.glassfish.jersey.client.JerseyInvocation$Builder.post(JerseyInvocation.java:342) ~[jersey-client-4.0.0.jar:na]
	at com.netflix.eureka.transport.Jersey3ReplicationClient.submitBatchUpdates(Jersey3ReplicationClient.java:116) ~[eureka-core-jersey3-2.0.5.jar:2.0.5]
	at com.netflix.eureka.cluster.ReplicationTaskProcessor.process(ReplicationTaskProcessor.java:80) ~[eureka-core-2.0.5.jar:2.0.5]
	at com.netflix.eureka.util.batcher.TaskExecutors$BatchWorkerRunnable.run(TaskExecutors.java:178) ~[eureka-core-2.0.5.jar:2.0.5]
	at java.base/java.lang.Thread.run(Thread.java:1583) ~[na:na]
Caused by: java.net.SocketTimeoutException: Read timed out
	at java.base/sun.nio.ch.NioSocketImpl.timedRead(NioSocketImpl.java:278) ~[na:na]
	at java.base/sun.nio.ch.NioSocketImpl.implRead(NioSocketImpl.java:304) ~[na:na]
	at java.base/sun.nio.ch.NioSocketImpl.read(NioSocketImpl.java:346) ~[na:na]
	at java.base/sun.nio.ch.NioSocketImpl$1.read(NioSocketImpl.java:796) ~[na:na]
	at java.base/java.net.Socket$SocketInputStream.read(Socket.java:1099) ~[na:na]
	at org.apache.http.impl.io.SessionInputBufferImpl.streamRead(SessionInputBufferImpl.java:137) ~[httpcore-4.4.16.jar:4.4.16]
	at org.apache.http.impl.io.SessionInputBufferImpl.fillBuffer(SessionInputBufferImpl.java:153) ~[httpcore-4.4.16.jar:4.4.16]
	at org.apache.http.impl.io.SessionInputBufferImpl.readLine(SessionInputBufferImpl.java:280) ~[httpcore-4.4.16.jar:4.4.16]
	at org.apache.http.impl.conn.DefaultHttpResponseParser.parseHead(DefaultHttpResponseParser.java:138) ~[httpclient-4.5.3.jar:4.5.3]
	at org.apache.http.impl.conn.DefaultHttpResponseParser.parseHead(DefaultHttpResponseParser.java:56) ~[httpclient-4.5.3.jar:4.5.3]
	at org.apache.http.impl.io.AbstractMessageParser.parse(AbstractMessageParser.java:259) ~[httpcore-4.4.16.jar:4.4.16]
	at org.apache.http.impl.DefaultBHttpClientConnection.receiveResponseHeader(DefaultBHttpClientConnection.java:163) ~[httpcore-4.4.16.jar:4.4.16]
	at org.apache.http.impl.conn.CPoolProxy.receiveResponseHeader(CPoolProxy.java:165) ~[httpclient-4.5.3.jar:4.5.3]
	at org.apache.http.protocol.HttpRequestExecutor.doReceiveResponse(HttpRequestExecutor.java:273) ~[httpcore-4.4.16.jar:4.4.16]
	at org.apache.http.protocol.HttpRequestExecutor.execute(HttpRequestExecutor.java:125) ~[httpcore-4.4.16.jar:4.4.16]
	at org.apache.http.impl.execchain.MainClientExec.execute(MainClientExec.java:272) ~[httpclient-4.5.3.jar:4.5.3]
	at org.apache.http.impl.execchain.ProtocolExec.execute(ProtocolExec.java:185) ~[httpclient-4.5.3.jar:4.5.3]
	at org.apache.http.impl.execchain.RetryExec.execute(RetryExec.java:89) ~[httpclient-4.5.3.jar:4.5.3]
	at org.apache.http.impl.execchain.RedirectExec.execute(RedirectExec.java:111) ~[httpclient-4.5.3.jar:4.5.3]
	at org.apache.http.impl.client.InternalHttpClient.doExecute(InternalHttpClient.java:185) ~[httpclient-4.5.3.jar:4.5.3]
	at org.apache.http.impl.client.CloseableHttpClient.execute(CloseableHttpClient.java:72) ~[httpclient-4.5.3.jar:4.5.3]
	at org.glassfish.jersey.apache.connector.ApacheConnector.apply(ApacheConnector.java:487) ~[jersey-apache-connector-3.0.5.jar:na]
	... 16 common frames omitted

2026-02-22T12:01:38.390+05:30  INFO 25864 --- [SpringCloud_EurekaServer] [Eureka-EvictionTimer] [                                                 ] c.n.e.registry.AbstractInstanceRegistry  : Running the evict task with compensationTime 14ms
2026-02-22T12:02:10.398+05:30 ERROR 25864 --- [SpringCloud_EurekaServer] [TaskBatchingWorker-target_localhost-4] [                                                 ] c.n.e.cluster.ReplicationTaskProcessor   : It seems to be a socket read timeout exception, it will retry later. if it continues to happen and some eureka node occupied all the cpu time, you should set property 'eureka.server.peer-node-read-timeout-ms' to a bigger value

jakarta.ws.rs.ProcessingException: java.net.SocketTimeoutException: Read timed out
	at org.glassfish.jersey.apache.connector.ApacheConnector.apply(ApacheConnector.java:535) ~[jersey-apache-connector-3.0.5.jar:na]
	at org.glassfish.jersey.client.ClientRuntime.invoke(ClientRuntime.java:300) ~[jersey-client-4.0.0.jar:na]
	at org.glassfish.jersey.client.JerseyInvocation.lambda$invoke$0(JerseyInvocation.java:671) ~[jersey-client-4.0.0.jar:na]
	at org.glassfish.jersey.client.JerseyInvocation.call(JerseyInvocation.java:706) ~[jersey-client-4.0.0.jar:na]
	at org.glassfish.jersey.client.JerseyInvocation.lambda$runInScope$3(JerseyInvocation.java:700) ~[jersey-client-4.0.0.jar:na]
	at org.glassfish.jersey.internal.Errors.process(Errors.java:292) ~[jersey-common-4.0.0.jar:na]
	at org.glassfish.jersey.internal.Errors.process(Errors.java:274) ~[jersey-common-4.0.0.jar:na]
	at org.glassfish.jersey.internal.Errors.process(Errors.java:205) ~[jersey-common-4.0.0.jar:na]
	at org.glassfish.jersey.process.internal.RequestScope.runInScope(RequestScope.java:391) ~[jersey-common-4.0.0.jar:na]
	at org.glassfish.jersey.client.JerseyInvocation.runInScope(JerseyInvocation.java:700) ~[jersey-client-4.0.0.jar:na]
	at org.glassfish.jersey.client.JerseyInvocation.invoke(JerseyInvocation.java:670) ~[jersey-client-4.0.0.jar:na]
	at org.glassfish.jersey.client.JerseyInvocation$Builder.method(JerseyInvocation.java:436) ~[jersey-client-4.0.0.jar:na]
	at org.glassfish.jersey.client.JerseyInvocation$Builder.post(JerseyInvocation.java:342) ~[jersey-client-4.0.0.jar:na]
	at com.netflix.eureka.transport.Jersey3ReplicationClient.submitBatchUpdates(Jersey3ReplicationClient.java:116) ~[eureka-core-jersey3-2.0.5.jar:2.0.5]
	at com.netflix.eureka.cluster.ReplicationTaskProcessor.process(ReplicationTaskProcessor.java:80) ~[eureka-core-2.0.5.jar:2.0.5]
	at com.netflix.eureka.util.batcher.TaskExecutors$BatchWorkerRunnable.run(TaskExecutors.java:178) ~[eureka-core-2.0.5.jar:2.0.5]
	at java.base/java.lang.Thread.run(Thread.java:1583) ~[na:na]
Caused by: java.net.SocketTimeoutException: Read timed out
	at java.base/sun.nio.ch.NioSocketImpl.timedRead(NioSocketImpl.java:278) ~[na:na]
	at java.base/sun.nio.ch.NioSocketImpl.implRead(NioSocketImpl.java:304) ~[na:na]
	at java.base/sun.nio.ch.NioSocketImpl.read(NioSocketImpl.java:346) ~[na:na]
	at java.base/sun.nio.ch.NioSocketImpl$1.read(NioSocketImpl.java:796) ~[na:na]
	at java.base/java.net.Socket$SocketInputStream.read(Socket.java:1099) ~[na:na]
	at org.apache.http.impl.io.SessionInputBufferImpl.streamRead(SessionInputBufferImpl.java:137) ~[httpcore-4.4.16.jar:4.4.16]
	at org.apache.http.impl.io.SessionInputBufferImpl.fillBuffer(SessionInputBufferImpl.java:153) ~[httpcore-4.4.16.jar:4.4.16]
	at org.apache.http.impl.io.SessionInputBufferImpl.readLine(SessionInputBufferImpl.java:280) ~[httpcore-4.4.16.jar:4.4.16]
	at org.apache.http.impl.conn.DefaultHttpResponseParser.parseHead(DefaultHttpResponseParser.java:138) ~[httpclient-4.5.3.jar:4.5.3]
	at org.apache.http.impl.conn.DefaultHttpResponseParser.parseHead(DefaultHttpResponseParser.java:56) ~[httpclient-4.5.3.jar:4.5.3]
	at org.apache.http.impl.io.AbstractMessageParser.parse(AbstractMessageParser.java:259) ~[httpcore-4.4.16.jar:4.4.16]
	at org.apache.http.impl.DefaultBHttpClientConnection.receiveResponseHeader(DefaultBHttpClientConnection.java:163) ~[httpcore-4.4.16.jar:4.4.16]
	at org.apache.http.impl.conn.CPoolProxy.receiveResponseHeader(CPoolProxy.java:165) ~[httpclient-4.5.3.jar:4.5.3]
	at org.apache.http.protocol.HttpRequestExecutor.doReceiveResponse(HttpRequestExecutor.java:273) ~[httpcore-4.4.16.jar:4.4.16]
	at org.apache.http.protocol.HttpRequestExecutor.execute(HttpRequestExecutor.java:125) ~[httpcore-4.4.16.jar:4.4.16]
	at org.apache.http.impl.execchain.MainClientExec.execute(MainClientExec.java:272) ~[httpclient-4.5.3.jar:4.5.3]
	at org.apache.http.impl.execchain.ProtocolExec.execute(ProtocolExec.java:185) ~[httpclient-4.5.3.jar:4.5.3]
	at org.apache.http.impl.execchain.RetryExec.execute(RetryExec.java:89) ~[httpclient-4.5.3.jar:4.5.3]
	at org.apache.http.impl.execchain.RedirectExec.execute(RedirectExec.java:111) ~[httpclient-4.5.3.jar:4.5.3]
	at org.apache.http.impl.client.InternalHttpClient.doExecute(InternalHttpClient.java:185) ~[httpclient-4.5.3.jar:4.5.3]
	at org.apache.http.impl.client.CloseableHttpClient.execute(CloseableHttpClient.java:72) ~[httpclient-4.5.3.jar:4.5.3]
	at org.glassfish.jersey.apache.connector.ApacheConnector.apply(ApacheConnector.java:487) ~[jersey-apache-connector-3.0.5.jar:na]
	... 16 common frames omitted

2026-02-22T12:02:15.831+05:30 ERROR 25864 --- [SpringCloud_EurekaServer] [TaskBatchingWorker-target_localhost-19] [                                                 ] c.n.e.cluster.ReplicationTaskProcessor   : It seems to be a socket read timeout exception, it will retry later. if it continues to happen and some eureka node occupied all the cpu time, you should set property 'eureka.server.peer-node-read-timeout-ms' to a bigger value

jakarta.ws.rs.ProcessingException: java.net.SocketTimeoutException: Read timed out
	at org.glassfish.jersey.apache.connector.ApacheConnector.apply(ApacheConnector.java:535) ~[jersey-apache-connector-3.0.5.jar:na]
	at org.glassfish.jersey.client.ClientRuntime.invoke(ClientRuntime.java:300) ~[jersey-client-4.0.0.jar:na]
	at org.glassfish.jersey.client.JerseyInvocation.lambda$invoke$0(JerseyInvocation.java:671) ~[jersey-client-4.0.0.jar:na]
	at org.glassfish.jersey.client.JerseyInvocation.call(JerseyInvocation.java:706) ~[jersey-client-4.0.0.jar:na]
	at org.glassfish.jersey.client.JerseyInvocation.lambda$runInScope$3(JerseyInvocation.java:700) ~[jersey-client-4.0.0.jar:na]
	at org.glassfish.jersey.internal.Errors.process(Errors.java:292) ~[jersey-common-4.0.0.jar:na]
	at org.glassfish.jersey.internal.Errors.process(Errors.java:274) ~[jersey-common-4.0.0.jar:na]
	at org.glassfish.jersey.internal.Errors.process(Errors.java:205) ~[jersey-common-4.0.0.jar:na]
	at org.glassfish.jersey.process.internal.RequestScope.runInScope(RequestScope.java:391) ~[jersey-common-4.0.0.jar:na]
	at org.glassfish.jersey.client.JerseyInvocation.runInScope(JerseyInvocation.java:700) ~[jersey-client-4.0.0.jar:na]
	at org.glassfish.jersey.client.JerseyInvocation.invoke(JerseyInvocation.java:670) ~[jersey-client-4.0.0.jar:na]
	at org.glassfish.jersey.client.JerseyInvocation$Builder.method(JerseyInvocation.java:436) ~[jersey-client-4.0.0.jar:na]
	at org.glassfish.jersey.client.JerseyInvocation$Builder.post(JerseyInvocation.java:342) ~[jersey-client-4.0.0.jar:na]
	at com.netflix.eureka.transport.Jersey3ReplicationClient.submitBatchUpdates(Jersey3ReplicationClient.java:116) ~[eureka-core-jersey3-2.0.5.jar:2.0.5]
	at com.netflix.eureka.cluster.ReplicationTaskProcessor.process(ReplicationTaskProcessor.java:80) ~[eureka-core-2.0.5.jar:2.0.5]
	at com.netflix.eureka.util.batcher.TaskExecutors$BatchWorkerRunnable.run(TaskExecutors.java:178) ~[eureka-core-2.0.5.jar:2.0.5]
	at java.base/java.lang.Thread.run(Thread.java:1583) ~[na:na]
Caused by: java.net.SocketTimeoutException: Read timed out
	at java.base/sun.nio.ch.NioSocketImpl.timedRead(NioSocketImpl.java:278) ~[na:na]
	at java.base/sun.nio.ch.NioSocketImpl.implRead(NioSocketImpl.java:304) ~[na:na]
	at java.base/sun.nio.ch.NioSocketImpl.read(NioSocketImpl.java:346) ~[na:na]
	at java.base/sun.nio.ch.NioSocketImpl$1.read(NioSocketImpl.java:796) ~[na:na]
	at java.base/java.net.Socket$SocketInputStream.read(Socket.java:1099) ~[na:na]
	at org.apache.http.impl.io.SessionInputBufferImpl.streamRead(SessionInputBufferImpl.java:137) ~[httpcore-4.4.16.jar:4.4.16]
	at org.apache.http.impl.io.SessionInputBufferImpl.fillBuffer(SessionInputBufferImpl.java:153) ~[httpcore-4.4.16.jar:4.4.16]
	at org.apache.http.impl.io.SessionInputBufferImpl.readLine(SessionInputBufferImpl.java:280) ~[httpcore-4.4.16.jar:4.4.16]
	at org.apache.http.impl.conn.DefaultHttpResponseParser.parseHead(DefaultHttpResponseParser.java:138) ~[httpclient-4.5.3.jar:4.5.3]
	at org.apache.http.impl.conn.DefaultHttpResponseParser.parseHead(DefaultHttpResponseParser.java:56) ~[httpclient-4.5.3.jar:4.5.3]
	at org.apache.http.impl.io.AbstractMessageParser.parse(AbstractMessageParser.java:259) ~[httpcore-4.4.16.jar:4.4.16]
	at org.apache.http.impl.DefaultBHttpClientConnection.receiveResponseHeader(DefaultBHttpClientConnection.java:163) ~[httpcore-4.4.16.jar:4.4.16]
	at org.apache.http.impl.conn.CPoolProxy.receiveResponseHeader(CPoolProxy.java:165) ~[httpclient-4.5.3.jar:4.5.3]
	at org.apache.http.protocol.HttpRequestExecutor.doReceiveResponse(HttpRequestExecutor.java:273) ~[httpcore-4.4.16.jar:4.4.16]
	at org.apache.http.protocol.HttpRequestExecutor.execute(HttpRequestExecutor.java:125) ~[httpcore-4.4.16.jar:4.4.16]
	at org.apache.http.impl.execchain.MainClientExec.execute(MainClientExec.java:272) ~[httpclient-4.5.3.jar:4.5.3]
	at org.apache.http.impl.execchain.ProtocolExec.execute(ProtocolExec.java:185) ~[httpclient-4.5.3.jar:4.5.3]
	at org.apache.http.impl.execchain.RetryExec.execute(RetryExec.java:89) ~[httpclient-4.5.3.jar:4.5.3]
	at org.apache.http.impl.execchain.RedirectExec.execute(RedirectExec.java:111) ~[httpclient-4.5.3.jar:4.5.3]
	at org.apache.http.impl.client.InternalHttpClient.doExecute(InternalHttpClient.java:185) ~[httpclient-4.5.3.jar:4.5.3]
	at org.apache.http.impl.client.CloseableHttpClient.execute(CloseableHttpClient.java:72) ~[httpclient-4.5.3.jar:4.5.3]
	at org.glassfish.jersey.apache.connector.ApacheConnector.apply(ApacheConnector.java:487) ~[jersey-apache-connector-3.0.5.jar:na]
	... 16 common frames omitted

2026-02-22T12:02:18.808+05:30 ERROR 25864 --- [SpringCloud_EurekaServer] [TaskBatchingWorker-target_localhost-8] [                                                 ] c.n.e.cluster.ReplicationTaskProcessor   : It seems to be a socket read timeout exception, it will retry later. if it continues to happen and some eureka node occupied all the cpu time, you should set property 'eureka.server.peer-node-read-timeout-ms' to a bigger value

jakarta.ws.rs.ProcessingException: java.net.SocketTimeoutException: Read timed out
	at org.glassfish.jersey.apache.connector.ApacheConnector.apply(ApacheConnector.java:535) ~[jersey-apache-connector-3.0.5.jar:na]
	at org.glassfish.jersey.client.ClientRuntime.invoke(ClientRuntime.java:300) ~[jersey-client-4.0.0.jar:na]
	at org.glassfish.jersey.client.JerseyInvocation.lambda$invoke$0(JerseyInvocation.java:671) ~[jersey-client-4.0.0.jar:na]
	at org.glassfish.jersey.client.JerseyInvocation.call(JerseyInvocation.java:706) ~[jersey-client-4.0.0.jar:na]
	at org.glassfish.jersey.client.JerseyInvocation.lambda$runInScope$3(JerseyInvocation.java:700) ~[jersey-client-4.0.0.jar:na]
	at org.glassfish.jersey.internal.Errors.process(Errors.java:292) ~[jersey-common-4.0.0.jar:na]
	at org.glassfish.jersey.internal.Errors.process(Errors.java:274) ~[jersey-common-4.0.0.jar:na]
	at org.glassfish.jersey.internal.Errors.process(Errors.java:205) ~[jersey-common-4.0.0.jar:na]
	at org.glassfish.jersey.process.internal.RequestScope.runInScope(RequestScope.java:391) ~[jersey-common-4.0.0.jar:na]
	at org.glassfish.jersey.client.JerseyInvocation.runInScope(JerseyInvocation.java:700) ~[jersey-client-4.0.0.jar:na]
	at org.glassfish.jersey.client.JerseyInvocation.invoke(JerseyInvocation.java:670) ~[jersey-client-4.0.0.jar:na]
	at org.glassfish.jersey.client.JerseyInvocation$Builder.method(JerseyInvocation.java:436) ~[jersey-client-4.0.0.jar:na]
	at org.glassfish.jersey.client.JerseyInvocation$Builder.post(JerseyInvocation.java:342) ~[jersey-client-4.0.0.jar:na]
	at com.netflix.eureka.transport.Jersey3ReplicationClient.submitBatchUpdates(Jersey3ReplicationClient.java:116) ~[eureka-core-jersey3-2.0.5.jar:2.0.5]
	at com.netflix.eureka.cluster.ReplicationTaskProcessor.process(ReplicationTaskProcessor.java:80) ~[eureka-core-2.0.5.jar:2.0.5]
	at com.netflix.eureka.util.batcher.TaskExecutors$BatchWorkerRunnable.run(TaskExecutors.java:178) ~[eureka-core-2.0.5.jar:2.0.5]
	at java.base/java.lang.Thread.run(Thread.java:1583) ~[na:na]
Caused by: java.net.SocketTimeoutException: Read timed out
	at java.base/sun.nio.ch.NioSocketImpl.timedRead(NioSocketImpl.java:278) ~[na:na]
	at java.base/sun.nio.ch.NioSocketImpl.implRead(NioSocketImpl.java:304) ~[na:na]
	at java.base/sun.nio.ch.NioSocketImpl.read(NioSocketImpl.java:346) ~[na:na]
	at java.base/sun.nio.ch.NioSocketImpl$1.read(NioSocketImpl.java:796) ~[na:na]
	at java.base/java.net.Socket$SocketInputStream.read(Socket.java:1099) ~[na:na]
	at org.apache.http.impl.io.SessionInputBufferImpl.streamRead(SessionInputBufferImpl.java:137) ~[httpcore-4.4.16.jar:4.4.16]
	at org.apache.http.impl.io.SessionInputBufferImpl.fillBuffer(SessionInputBufferImpl.java:153) ~[httpcore-4.4.16.jar:4.4.16]
	at org.apache.http.impl.io.SessionInputBufferImpl.readLine(SessionInputBufferImpl.java:280) ~[httpcore-4.4.16.jar:4.4.16]
	at org.apache.http.impl.conn.DefaultHttpResponseParser.parseHead(DefaultHttpResponseParser.java:138) ~[httpclient-4.5.3.jar:4.5.3]
	at org.apache.http.impl.conn.DefaultHttpResponseParser.parseHead(DefaultHttpResponseParser.java:56) ~[httpclient-4.5.3.jar:4.5.3]
	at org.apache.http.impl.io.AbstractMessageParser.parse(AbstractMessageParser.java:259) ~[httpcore-4.4.16.jar:4.4.16]
	at org.apache.http.impl.DefaultBHttpClientConnection.receiveResponseHeader(DefaultBHttpClientConnection.java:163) ~[httpcore-4.4.16.jar:4.4.16]
	at org.apache.http.impl.conn.CPoolProxy.receiveResponseHeader(CPoolProxy.java:165) ~[httpclient-4.5.3.jar:4.5.3]
	at org.apache.http.protocol.HttpRequestExecutor.doReceiveResponse(HttpRequestExecutor.java:273) ~[httpcore-4.4.16.jar:4.4.16]
	at org.apache.http.protocol.HttpRequestExecutor.execute(HttpRequestExecutor.java:125) ~[httpcore-4.4.16.jar:4.4.16]
	at org.apache.http.impl.execchain.MainClientExec.execute(MainClientExec.java:272) ~[httpclient-4.5.3.jar:4.5.3]
	at org.apache.http.impl.execchain.ProtocolExec.execute(ProtocolExec.java:185) ~[httpclient-4.5.3.jar:4.5.3]
	at org.apache.http.impl.execchain.RetryExec.execute(RetryExec.java:89) ~[httpclient-4.5.3.jar:4.5.3]
	at org.apache.http.impl.execchain.RedirectExec.execute(RedirectExec.java:111) ~[httpclient-4.5.3.jar:4.5.3]
	at org.apache.http.impl.client.InternalHttpClient.doExecute(InternalHttpClient.java:185) ~[httpclient-4.5.3.jar:4.5.3]
	at org.apache.http.impl.client.CloseableHttpClient.execute(CloseableHttpClient.java:72) ~[httpclient-4.5.3.jar:4.5.3]
	at org.glassfish.jersey.apache.connector.ApacheConnector.apply(ApacheConnector.java:487) ~[jersey-apache-connector-3.0.5.jar:na]
	... 16 common frames omitted

2026-02-22T12:02:38.514+05:30  INFO 25864 --- [SpringCloud_EurekaServer] [Eureka-EvictionTimer] [                                                 ] c.n.e.registry.AbstractInstanceRegistry  : Running the evict task with compensationTime 10ms
2026-02-22T12:02:41.412+05:30  INFO 25864 --- [SpringCloud_EurekaServer] [ReplicaAwareInstanceRegistry - RenewalThresholdUpdater] [                                                 ] c.n.e.r.PeerAwareInstanceRegistryImpl    : Current renewal threshold is : 10
2026-02-22T12:02:53.433+05:30 ERROR 25864 --- [SpringCloud_EurekaServer] [TaskBatchingWorker-target_localhost-19] [                                                 ] c.n.e.cluster.ReplicationTaskProcessor   : It seems to be a socket read timeout exception, it will retry later. if it continues to happen and some eureka node occupied all the cpu time, you should set property 'eureka.server.peer-node-read-timeout-ms' to a bigger value

jakarta.ws.rs.ProcessingException: java.net.SocketTimeoutException: Read timed out
	at org.glassfish.jersey.apache.connector.ApacheConnector.apply(ApacheConnector.java:535) ~[jersey-apache-connector-3.0.5.jar:na]
	at org.glassfish.jersey.client.ClientRuntime.invoke(ClientRuntime.java:300) ~[jersey-client-4.0.0.jar:na]
	at org.glassfish.jersey.client.JerseyInvocation.lambda$invoke$0(JerseyInvocation.java:671) ~[jersey-client-4.0.0.jar:na]
	at org.glassfish.jersey.client.JerseyInvocation.call(JerseyInvocation.java:706) ~[jersey-client-4.0.0.jar:na]
	at org.glassfish.jersey.client.JerseyInvocation.lambda$runInScope$3(JerseyInvocation.java:700) ~[jersey-client-4.0.0.jar:na]
	at org.glassfish.jersey.internal.Errors.process(Errors.java:292) ~[jersey-common-4.0.0.jar:na]
	at org.glassfish.jersey.internal.Errors.process(Errors.java:274) ~[jersey-common-4.0.0.jar:na]
	at org.glassfish.jersey.internal.Errors.process(Errors.java:205) ~[jersey-common-4.0.0.jar:na]
	at org.glassfish.jersey.process.internal.RequestScope.runInScope(RequestScope.java:391) ~[jersey-common-4.0.0.jar:na]
	at org.glassfish.jersey.client.JerseyInvocation.runInScope(JerseyInvocation.java:700) ~[jersey-client-4.0.0.jar:na]
	at org.glassfish.jersey.client.JerseyInvocation.invoke(JerseyInvocation.java:670) ~[jersey-client-4.0.0.jar:na]
	at org.glassfish.jersey.client.JerseyInvocation$Builder.method(JerseyInvocation.java:436) ~[jersey-client-4.0.0.jar:na]
	at org.glassfish.jersey.client.JerseyInvocation$Builder.post(JerseyInvocation.java:342) ~[jersey-client-4.0.0.jar:na]
	at com.netflix.eureka.transport.Jersey3ReplicationClient.submitBatchUpdates(Jersey3ReplicationClient.java:116) ~[eureka-core-jersey3-2.0.5.jar:2.0.5]
	at com.netflix.eureka.cluster.ReplicationTaskProcessor.process(ReplicationTaskProcessor.java:80) ~[eureka-core-2.0.5.jar:2.0.5]
	at com.netflix.eureka.util.batcher.TaskExecutors$BatchWorkerRunnable.run(TaskExecutors.java:178) ~[eureka-core-2.0.5.jar:2.0.5]
	at java.base/java.lang.Thread.run(Thread.java:1583) ~[na:na]
Caused by: java.net.SocketTimeoutException: Read timed out
	at java.base/sun.nio.ch.NioSocketImpl.timedRead(NioSocketImpl.java:278) ~[na:na]
	at java.base/sun.nio.ch.NioSocketImpl.implRead(NioSocketImpl.java:304) ~[na:na]
	at java.base/sun.nio.ch.NioSocketImpl.read(NioSocketImpl.java:346) ~[na:na]
	at java.base/sun.nio.ch.NioSocketImpl$1.read(NioSocketImpl.java:796) ~[na:na]
	at java.base/java.net.Socket$SocketInputStream.read(Socket.java:1099) ~[na:na]
	at org.apache.http.impl.io.SessionInputBufferImpl.streamRead(SessionInputBufferImpl.java:137) ~[httpcore-4.4.16.jar:4.4.16]
	at org.apache.http.impl.io.SessionInputBufferImpl.fillBuffer(SessionInputBufferImpl.java:153) ~[httpcore-4.4.16.jar:4.4.16]
	at org.apache.http.impl.io.SessionInputBufferImpl.readLine(SessionInputBufferImpl.java:280) ~[httpcore-4.4.16.jar:4.4.16]
	at org.apache.http.impl.conn.DefaultHttpResponseParser.parseHead(DefaultHttpResponseParser.java:138) ~[httpclient-4.5.3.jar:4.5.3]
	at org.apache.http.impl.conn.DefaultHttpResponseParser.parseHead(DefaultHttpResponseParser.java:56) ~[httpclient-4.5.3.jar:4.5.3]
	at org.apache.http.impl.io.AbstractMessageParser.parse(AbstractMessageParser.java:259) ~[httpcore-4.4.16.jar:4.4.16]
	at org.apache.http.impl.DefaultBHttpClientConnection.receiveResponseHeader(DefaultBHttpClientConnection.java:163) ~[httpcore-4.4.16.jar:4.4.16]
	at org.apache.http.impl.conn.CPoolProxy.receiveResponseHeader(CPoolProxy.java:165) ~[httpclient-4.5.3.jar:4.5.3]
	at org.apache.http.protocol.HttpRequestExecutor.doReceiveResponse(HttpRequestExecutor.java:273) ~[httpcore-4.4.16.jar:4.4.16]
	at org.apache.http.protocol.HttpRequestExecutor.execute(HttpRequestExecutor.java:125) ~[httpcore-4.4.16.jar:4.4.16]
	at org.apache.http.impl.execchain.MainClientExec.execute(MainClientExec.java:272) ~[httpclient-4.5.3.jar:4.5.3]
	at org.apache.http.impl.execchain.ProtocolExec.execute(ProtocolExec.java:185) ~[httpclient-4.5.3.jar:4.5.3]
	at org.apache.http.impl.execchain.RetryExec.execute(RetryExec.java:89) ~[httpclient-4.5.3.jar:4.5.3]
	at org.apache.http.impl.execchain.RedirectExec.execute(RedirectExec.java:111) ~[httpclient-4.5.3.jar:4.5.3]
	at org.apache.http.impl.client.InternalHttpClient.doExecute(InternalHttpClient.java:185) ~[httpclient-4.5.3.jar:4.5.3]
	at org.apache.http.impl.client.CloseableHttpClient.execute(CloseableHttpClient.java:72) ~[httpclient-4.5.3.jar:4.5.3]
	at org.glassfish.jersey.apache.connector.ApacheConnector.apply(ApacheConnector.java:487) ~[jersey-apache-connector-3.0.5.jar:na]
	... 16 common frames omitted

2026-02-22T12:03:38.410+05:30  INFO 25864 --- [SpringCloud_EurekaServer] [Eureka-EvictionTimer] [                                                 ] c.n.e.registry.AbstractInstanceRegistry  : Running the evict task with compensationTime 12ms
2026-02-22T12:04:38.411+05:30  INFO 25864 --- [SpringCloud_EurekaServer] [Eureka-EvictionTimer] [                                                 ] c.n.e.registry.AbstractInstanceRegistry  : Running the evict task with compensationTime 0ms
2026-02-22T12:05:38.416+05:30  INFO 25864 --- [SpringCloud_EurekaServer] [Eureka-EvictionTimer] [                                                 ] c.n.e.registry.AbstractInstanceRegistry  : Running the evict task with compensationTime 6ms
2026-02-22T12:05:49.507+05:30 ERROR 25864 --- [SpringCloud_EurekaServer] [TaskBatchingWorker-target_localhost-4] [                                                 ] c.n.e.cluster.ReplicationTaskProcessor   : It seems to be a socket read timeout exception, it will retry later. if it continues to happen and some eureka node occupied all the cpu time, you should set property 'eureka.server.peer-node-read-timeout-ms' to a bigger value

jakarta.ws.rs.ProcessingException: java.net.SocketTimeoutException: Read timed out
	at org.glassfish.jersey.apache.connector.ApacheConnector.apply(ApacheConnector.java:535) ~[jersey-apache-connector-3.0.5.jar:na]
	at org.glassfish.jersey.client.ClientRuntime.invoke(ClientRuntime.java:300) ~[jersey-client-4.0.0.jar:na]
	at org.glassfish.jersey.client.JerseyInvocation.lambda$invoke$0(JerseyInvocation.java:671) ~[jersey-client-4.0.0.jar:na]
	at org.glassfish.jersey.client.JerseyInvocation.call(JerseyInvocation.java:706) ~[jersey-client-4.0.0.jar:na]
	at org.glassfish.jersey.client.JerseyInvocation.lambda$runInScope$3(JerseyInvocation.java:700) ~[jersey-client-4.0.0.jar:na]
	at org.glassfish.jersey.internal.Errors.process(Errors.java:292) ~[jersey-common-4.0.0.jar:na]
	at org.glassfish.jersey.internal.Errors.process(Errors.java:274) ~[jersey-common-4.0.0.jar:na]
	at org.glassfish.jersey.internal.Errors.process(Errors.java:205) ~[jersey-common-4.0.0.jar:na]
	at org.glassfish.jersey.process.internal.RequestScope.runInScope(RequestScope.java:391) ~[jersey-common-4.0.0.jar:na]
	at org.glassfish.jersey.client.JerseyInvocation.runInScope(JerseyInvocation.java:700) ~[jersey-client-4.0.0.jar:na]
	at org.glassfish.jersey.client.JerseyInvocation.invoke(JerseyInvocation.java:670) ~[jersey-client-4.0.0.jar:na]
	at org.glassfish.jersey.client.JerseyInvocation$Builder.method(JerseyInvocation.java:436) ~[jersey-client-4.0.0.jar:na]
	at org.glassfish.jersey.client.JerseyInvocation$Builder.post(JerseyInvocation.java:342) ~[jersey-client-4.0.0.jar:na]
	at com.netflix.eureka.transport.Jersey3ReplicationClient.submitBatchUpdates(Jersey3ReplicationClient.java:116) ~[eureka-core-jersey3-2.0.5.jar:2.0.5]
	at com.netflix.eureka.cluster.ReplicationTaskProcessor.process(ReplicationTaskProcessor.java:80) ~[eureka-core-2.0.5.jar:2.0.5]
	at com.netflix.eureka.util.batcher.TaskExecutors$BatchWorkerRunnable.run(TaskExecutors.java:178) ~[eureka-core-2.0.5.jar:2.0.5]
	at java.base/java.lang.Thread.run(Thread.java:1583) ~[na:na]
Caused by: java.net.SocketTimeoutException: Read timed out
	at java.base/sun.nio.ch.NioSocketImpl.timedRead(NioSocketImpl.java:278) ~[na:na]
	at java.base/sun.nio.ch.NioSocketImpl.implRead(NioSocketImpl.java:304) ~[na:na]
	at java.base/sun.nio.ch.NioSocketImpl.read(NioSocketImpl.java:346) ~[na:na]
	at java.base/sun.nio.ch.NioSocketImpl$1.read(NioSocketImpl.java:796) ~[na:na]
	at java.base/java.net.Socket$SocketInputStream.read(Socket.java:1099) ~[na:na]
	at org.apache.http.impl.io.SessionInputBufferImpl.streamRead(SessionInputBufferImpl.java:137) ~[httpcore-4.4.16.jar:4.4.16]
	at org.apache.http.impl.io.SessionInputBufferImpl.fillBuffer(SessionInputBufferImpl.java:153) ~[httpcore-4.4.16.jar:4.4.16]
	at org.apache.http.impl.io.SessionInputBufferImpl.readLine(SessionInputBufferImpl.java:280) ~[httpcore-4.4.16.jar:4.4.16]
	at org.apache.http.impl.conn.DefaultHttpResponseParser.parseHead(DefaultHttpResponseParser.java:138) ~[httpclient-4.5.3.jar:4.5.3]
	at org.apache.http.impl.conn.DefaultHttpResponseParser.parseHead(DefaultHttpResponseParser.java:56) ~[httpclient-4.5.3.jar:4.5.3]
	at org.apache.http.impl.io.AbstractMessageParser.parse(AbstractMessageParser.java:259) ~[httpcore-4.4.16.jar:4.4.16]
	at org.apache.http.impl.DefaultBHttpClientConnection.receiveResponseHeader(DefaultBHttpClientConnection.java:163) ~[httpcore-4.4.16.jar:4.4.16]
	at org.apache.http.impl.conn.CPoolProxy.receiveResponseHeader(CPoolProxy.java:165) ~[httpclient-4.5.3.jar:4.5.3]
	at org.apache.http.protocol.HttpRequestExecutor.doReceiveResponse(HttpRequestExecutor.java:273) ~[httpcore-4.4.16.jar:4.4.16]
	at org.apache.http.protocol.HttpRequestExecutor.execute(HttpRequestExecutor.java:125) ~[httpcore-4.4.16.jar:4.4.16]
	at org.apache.http.impl.execchain.MainClientExec.execute(MainClientExec.java:272) ~[httpclient-4.5.3.jar:4.5.3]
	at org.apache.http.impl.execchain.ProtocolExec.execute(ProtocolExec.java:185) ~[httpclient-4.5.3.jar:4.5.3]
	at org.apache.http.impl.execchain.RetryExec.execute(RetryExec.java:89) ~[httpclient-4.5.3.jar:4.5.3]
	at org.apache.http.impl.execchain.RedirectExec.execute(RedirectExec.java:111) ~[httpclient-4.5.3.jar:4.5.3]
	at org.apache.http.impl.client.InternalHttpClient.doExecute(InternalHttpClient.java:185) ~[httpclient-4.5.3.jar:4.5.3]
	at org.apache.http.impl.client.CloseableHttpClient.execute(CloseableHttpClient.java:72) ~[httpclient-4.5.3.jar:4.5.3]
	at org.glassfish.jersey.apache.connector.ApacheConnector.apply(ApacheConnector.java:487) ~[jersey-apache-connector-3.0.5.jar:na]
	... 16 common frames omitted

2026-02-22T12:06:38.416+05:30  INFO 25864 --- [SpringCloud_EurekaServer] [Eureka-EvictionTimer] [                                                 ] c.n.e.registry.AbstractInstanceRegistry  : Running the evict task with compensationTime 0ms
2026-02-22T12:07:38.477+05:30  INFO 25864 --- [SpringCloud_EurekaServer] [Eureka-EvictionTimer] [                                                 ] c.n.e.registry.AbstractInstanceRegistry  : Running the evict task with compensationTime 1ms
2026-02-22T12:08:08.452+05:30  INFO 25864 --- [SpringCloud_EurekaServer] [http-nio-8761-exec-2] [699aa45039daa9484d49985833825fab-4d49985833825fab] c.n.e.registry.AbstractInstanceRegistry  : Registered instance CARTORDERSERVICE/DESKTOP-ECRRR37.mshome.net:CartOrderService:8083 with status DOWN (replication=false)
2026-02-22T12:08:08.995+05:30  INFO 25864 --- [SpringCloud_EurekaServer] [http-nio-8761-exec-8] [699aa4508912de17d975743e86d04d77-d975743e86d04d77] c.n.e.registry.AbstractInstanceRegistry  : Registered instance CARTORDERSERVICE/DESKTOP-ECRRR37.mshome.net:CartOrderService:8083 with status DOWN (replication=true)
2026-02-22T12:08:38.416+05:30  INFO 25864 --- [SpringCloud_EurekaServer] [Eureka-EvictionTimer] [                                                 ] c.n.e.registry.AbstractInstanceRegistry  : Running the evict task with compensationTime 0ms
2026-02-22T12:09:32.034+05:30  INFO 25864 --- [SpringCloud_EurekaServer] [http-nio-8761-exec-5] [699aa4a3206b73db5d5d27903ff629bf-5d5d27903ff629bf] c.n.e.registry.AbstractInstanceRegistry  : Registered instance CARTORDERSERVICE/DESKTOP-ECRRR37.mshome.net:CartOrderService:8083 with status UP (replication=false)
2026-02-22T12:09:33.334+05:30  INFO 25864 --- [SpringCloud_EurekaServer] [http-nio-8761-exec-3] [699aa4a5596ccaff5e64426b31005340-5e64426b31005340] c.n.e.registry.AbstractInstanceRegistry  : Registered instance CARTORDERSERVICE/DESKTOP-ECRRR37.mshome.net:CartOrderService:8083 with status UP (replication=true)
2026-02-22T12:09:38.417+05:30  INFO 25864 --- [SpringCloud_EurekaServer] [Eureka-EvictionTimer] [                                                 ] c.n.e.registry.AbstractInstanceRegistry  : Running the evict task with compensationTime 0ms
2026-02-22T12:09:41.778+05:30 ERROR 25864 --- [SpringCloud_EurekaServer] [TaskBatchingWorker-target_localhost-19] [                                                 ] c.n.e.cluster.ReplicationTaskProcessor   : It seems to be a socket read timeout exception, it will retry later. if it continues to happen and some eureka node occupied all the cpu time, you should set property 'eureka.server.peer-node-read-timeout-ms' to a bigger value

jakarta.ws.rs.ProcessingException: java.net.SocketTimeoutException: Read timed out
	at org.glassfish.jersey.apache.connector.ApacheConnector.apply(ApacheConnector.java:535) ~[jersey-apache-connector-3.0.5.jar:na]
	at org.glassfish.jersey.client.ClientRuntime.invoke(ClientRuntime.java:300) ~[jersey-client-4.0.0.jar:na]
	at org.glassfish.jersey.client.JerseyInvocation.lambda$invoke$0(JerseyInvocation.java:671) ~[jersey-client-4.0.0.jar:na]
	at org.glassfish.jersey.client.JerseyInvocation.call(JerseyInvocation.java:706) ~[jersey-client-4.0.0.jar:na]
	at org.glassfish.jersey.client.JerseyInvocation.lambda$runInScope$3(JerseyInvocation.java:700) ~[jersey-client-4.0.0.jar:na]
	at org.glassfish.jersey.internal.Errors.process(Errors.java:292) ~[jersey-common-4.0.0.jar:na]
	at org.glassfish.jersey.internal.Errors.process(Errors.java:274) ~[jersey-common-4.0.0.jar:na]
	at org.glassfish.jersey.internal.Errors.process(Errors.java:205) ~[jersey-common-4.0.0.jar:na]
	at org.glassfish.jersey.process.internal.RequestScope.runInScope(RequestScope.java:391) ~[jersey-common-4.0.0.jar:na]
	at org.glassfish.jersey.client.JerseyInvocation.runInScope(JerseyInvocation.java:700) ~[jersey-client-4.0.0.jar:na]
	at org.glassfish.jersey.client.JerseyInvocation.invoke(JerseyInvocation.java:670) ~[jersey-client-4.0.0.jar:na]
	at org.glassfish.jersey.client.JerseyInvocation$Builder.method(JerseyInvocation.java:436) ~[jersey-client-4.0.0.jar:na]
	at org.glassfish.jersey.client.JerseyInvocation$Builder.post(JerseyInvocation.java:342) ~[jersey-client-4.0.0.jar:na]
	at com.netflix.eureka.transport.Jersey3ReplicationClient.submitBatchUpdates(Jersey3ReplicationClient.java:116) ~[eureka-core-jersey3-2.0.5.jar:2.0.5]
	at com.netflix.eureka.cluster.ReplicationTaskProcessor.process(ReplicationTaskProcessor.java:80) ~[eureka-core-2.0.5.jar:2.0.5]
	at com.netflix.eureka.util.batcher.TaskExecutors$BatchWorkerRunnable.run(TaskExecutors.java:178) ~[eureka-core-2.0.5.jar:2.0.5]
	at java.base/java.lang.Thread.run(Thread.java:1583) ~[na:na]
Caused by: java.net.SocketTimeoutException: Read timed out
	at java.base/sun.nio.ch.NioSocketImpl.timedRead(NioSocketImpl.java:278) ~[na:na]
	at java.base/sun.nio.ch.NioSocketImpl.implRead(NioSocketImpl.java:304) ~[na:na]
	at java.base/sun.nio.ch.NioSocketImpl.read(NioSocketImpl.java:346) ~[na:na]
	at java.base/sun.nio.ch.NioSocketImpl$1.read(NioSocketImpl.java:796) ~[na:na]
	at java.base/java.net.Socket$SocketInputStream.read(Socket.java:1099) ~[na:na]
	at org.apache.http.impl.io.SessionInputBufferImpl.streamRead(SessionInputBufferImpl.java:137) ~[httpcore-4.4.16.jar:4.4.16]
	at org.apache.http.impl.io.SessionInputBufferImpl.fillBuffer(SessionInputBufferImpl.java:153) ~[httpcore-4.4.16.jar:4.4.16]
	at org.apache.http.impl.io.SessionInputBufferImpl.readLine(SessionInputBufferImpl.java:280) ~[httpcore-4.4.16.jar:4.4.16]
	at org.apache.http.impl.conn.DefaultHttpResponseParser.parseHead(DefaultHttpResponseParser.java:138) ~[httpclient-4.5.3.jar:4.5.3]
	at org.apache.http.impl.conn.DefaultHttpResponseParser.parseHead(DefaultHttpResponseParser.java:56) ~[httpclient-4.5.3.jar:4.5.3]
	at org.apache.http.impl.io.AbstractMessageParser.parse(AbstractMessageParser.java:259) ~[httpcore-4.4.16.jar:4.4.16]
	at org.apache.http.impl.DefaultBHttpClientConnection.receiveResponseHeader(DefaultBHttpClientConnection.java:163) ~[httpcore-4.4.16.jar:4.4.16]
	at org.apache.http.impl.conn.CPoolProxy.receiveResponseHeader(CPoolProxy.java:165) ~[httpclient-4.5.3.jar:4.5.3]
	at org.apache.http.protocol.HttpRequestExecutor.doReceiveResponse(HttpRequestExecutor.java:273) ~[httpcore-4.4.16.jar:4.4.16]
	at org.apache.http.protocol.HttpRequestExecutor.execute(HttpRequestExecutor.java:125) ~[httpcore-4.4.16.jar:4.4.16]
	at org.apache.http.impl.execchain.MainClientExec.execute(MainClientExec.java:272) ~[httpclient-4.5.3.jar:4.5.3]
	at org.apache.http.impl.execchain.ProtocolExec.execute(ProtocolExec.java:185) ~[httpclient-4.5.3.jar:4.5.3]
	at org.apache.http.impl.execchain.RetryExec.execute(RetryExec.java:89) ~[httpclient-4.5.3.jar:4.5.3]
	at org.apache.http.impl.execchain.RedirectExec.execute(RedirectExec.java:111) ~[httpclient-4.5.3.jar:4.5.3]
	at org.apache.http.impl.client.InternalHttpClient.doExecute(InternalHttpClient.java:185) ~[httpclient-4.5.3.jar:4.5.3]
	at org.apache.http.impl.client.CloseableHttpClient.execute(CloseableHttpClient.java:72) ~[httpclient-4.5.3.jar:4.5.3]
	at org.glassfish.jersey.apache.connector.ApacheConnector.apply(ApacheConnector.java:487) ~[jersey-apache-connector-3.0.5.jar:na]
	... 16 common frames omitted

2026-02-22T12:10:30.119+05:30 ERROR 25864 --- [SpringCloud_EurekaServer] [TaskBatchingWorker-target_localhost-10] [                                                 ] c.n.e.cluster.ReplicationTaskProcessor   : It seems to be a socket read timeout exception, it will retry later. if it continues to happen and some eureka node occupied all the cpu time, you should set property 'eureka.server.peer-node-read-timeout-ms' to a bigger value

jakarta.ws.rs.ProcessingException: java.net.SocketTimeoutException: Read timed out
	at org.glassfish.jersey.apache.connector.ApacheConnector.apply(ApacheConnector.java:535) ~[jersey-apache-connector-3.0.5.jar:na]
	at org.glassfish.jersey.client.ClientRuntime.invoke(ClientRuntime.java:300) ~[jersey-client-4.0.0.jar:na]
	at org.glassfish.jersey.client.JerseyInvocation.lambda$invoke$0(JerseyInvocation.java:671) ~[jersey-client-4.0.0.jar:na]
	at org.glassfish.jersey.client.JerseyInvocation.call(JerseyInvocation.java:706) ~[jersey-client-4.0.0.jar:na]
	at org.glassfish.jersey.client.JerseyInvocation.lambda$runInScope$3(JerseyInvocation.java:700) ~[jersey-client-4.0.0.jar:na]
	at org.glassfish.jersey.internal.Errors.process(Errors.java:292) ~[jersey-common-4.0.0.jar:na]
	at org.glassfish.jersey.internal.Errors.process(Errors.java:274) ~[jersey-common-4.0.0.jar:na]
	at org.glassfish.jersey.internal.Errors.process(Errors.java:205) ~[jersey-common-4.0.0.jar:na]
	at org.glassfish.jersey.process.internal.RequestScope.runInScope(RequestScope.java:391) ~[jersey-common-4.0.0.jar:na]
	at org.glassfish.jersey.client.JerseyInvocation.runInScope(JerseyInvocation.java:700) ~[jersey-client-4.0.0.jar:na]
	at org.glassfish.jersey.client.JerseyInvocation.invoke(JerseyInvocation.java:670) ~[jersey-client-4.0.0.jar:na]
	at org.glassfish.jersey.client.JerseyInvocation$Builder.method(JerseyInvocation.java:436) ~[jersey-client-4.0.0.jar:na]
	at org.glassfish.jersey.client.JerseyInvocation$Builder.post(JerseyInvocation.java:342) ~[jersey-client-4.0.0.jar:na]
	at com.netflix.eureka.transport.Jersey3ReplicationClient.submitBatchUpdates(Jersey3ReplicationClient.java:116) ~[eureka-core-jersey3-2.0.5.jar:2.0.5]
	at com.netflix.eureka.cluster.ReplicationTaskProcessor.process(ReplicationTaskProcessor.java:80) ~[eureka-core-2.0.5.jar:2.0.5]
	at com.netflix.eureka.util.batcher.TaskExecutors$BatchWorkerRunnable.run(TaskExecutors.java:178) ~[eureka-core-2.0.5.jar:2.0.5]
	at java.base/java.lang.Thread.run(Thread.java:1583) ~[na:na]
Caused by: java.net.SocketTimeoutException: Read timed out
	at java.base/sun.nio.ch.NioSocketImpl.timedRead(NioSocketImpl.java:278) ~[na:na]
	at java.base/sun.nio.ch.NioSocketImpl.implRead(NioSocketImpl.java:304) ~[na:na]
	at java.base/sun.nio.ch.NioSocketImpl.read(NioSocketImpl.java:346) ~[na:na]
	at java.base/sun.nio.ch.NioSocketImpl$1.read(NioSocketImpl.java:796) ~[na:na]
	at java.base/java.net.Socket$SocketInputStream.read(Socket.java:1099) ~[na:na]
	at org.apache.http.impl.io.SessionInputBufferImpl.streamRead(SessionInputBufferImpl.java:137) ~[httpcore-4.4.16.jar:4.4.16]
	at org.apache.http.impl.io.SessionInputBufferImpl.fillBuffer(SessionInputBufferImpl.java:153) ~[httpcore-4.4.16.jar:4.4.16]
	at org.apache.http.impl.io.SessionInputBufferImpl.readLine(SessionInputBufferImpl.java:280) ~[httpcore-4.4.16.jar:4.4.16]
	at org.apache.http.impl.conn.DefaultHttpResponseParser.parseHead(DefaultHttpResponseParser.java:138) ~[httpclient-4.5.3.jar:4.5.3]
	at org.apache.http.impl.conn.DefaultHttpResponseParser.parseHead(DefaultHttpResponseParser.java:56) ~[httpclient-4.5.3.jar:4.5.3]
	at org.apache.http.impl.io.AbstractMessageParser.parse(AbstractMessageParser.java:259) ~[httpcore-4.4.16.jar:4.4.16]
	at org.apache.http.impl.DefaultBHttpClientConnection.receiveResponseHeader(DefaultBHttpClientConnection.java:163) ~[httpcore-4.4.16.jar:4.4.16]
	at org.apache.http.impl.conn.CPoolProxy.receiveResponseHeader(CPoolProxy.java:165) ~[httpclient-4.5.3.jar:4.5.3]
	at org.apache.http.protocol.HttpRequestExecutor.doReceiveResponse(HttpRequestExecutor.java:273) ~[httpcore-4.4.16.jar:4.4.16]
	at org.apache.http.protocol.HttpRequestExecutor.execute(HttpRequestExecutor.java:125) ~[httpcore-4.4.16.jar:4.4.16]
	at org.apache.http.impl.execchain.MainClientExec.execute(MainClientExec.java:272) ~[httpclient-4.5.3.jar:4.5.3]
	at org.apache.http.impl.execchain.ProtocolExec.execute(ProtocolExec.java:185) ~[httpclient-4.5.3.jar:4.5.3]
	at org.apache.http.impl.execchain.RetryExec.execute(RetryExec.java:89) ~[httpclient-4.5.3.jar:4.5.3]
	at org.apache.http.impl.execchain.RedirectExec.execute(RedirectExec.java:111) ~[httpclient-4.5.3.jar:4.5.3]
	at org.apache.http.impl.client.InternalHttpClient.doExecute(InternalHttpClient.java:185) ~[httpclient-4.5.3.jar:4.5.3]
	at org.apache.http.impl.client.CloseableHttpClient.execute(CloseableHttpClient.java:72) ~[httpclient-4.5.3.jar:4.5.3]
	at org.glassfish.jersey.apache.connector.ApacheConnector.apply(ApacheConnector.java:487) ~[jersey-apache-connector-3.0.5.jar:na]
	... 16 common frames omitted

2026-02-22T12:10:38.431+05:30  INFO 25864 --- [SpringCloud_EurekaServer] [Eureka-EvictionTimer] [                                                 ] c.n.e.registry.AbstractInstanceRegistry  : Running the evict task with compensationTime 13ms
2026-02-22T12:11:04.739+05:30 ERROR 25864 --- [SpringCloud_EurekaServer] [TaskBatchingWorker-target_localhost-1] [                                                 ] c.n.e.cluster.ReplicationTaskProcessor   : It seems to be a socket read timeout exception, it will retry later. if it continues to happen and some eureka node occupied all the cpu time, you should set property 'eureka.server.peer-node-read-timeout-ms' to a bigger value

jakarta.ws.rs.ProcessingException: java.net.SocketTimeoutException: Read timed out
	at org.glassfish.jersey.apache.connector.ApacheConnector.apply(ApacheConnector.java:535) ~[jersey-apache-connector-3.0.5.jar:na]
	at org.glassfish.jersey.client.ClientRuntime.invoke(ClientRuntime.java:300) ~[jersey-client-4.0.0.jar:na]
	at org.glassfish.jersey.client.JerseyInvocation.lambda$invoke$0(JerseyInvocation.java:671) ~[jersey-client-4.0.0.jar:na]
	at org.glassfish.jersey.client.JerseyInvocation.call(JerseyInvocation.java:706) ~[jersey-client-4.0.0.jar:na]
	at org.glassfish.jersey.client.JerseyInvocation.lambda$runInScope$3(JerseyInvocation.java:700) ~[jersey-client-4.0.0.jar:na]
	at org.glassfish.jersey.internal.Errors.process(Errors.java:292) ~[jersey-common-4.0.0.jar:na]
	at org.glassfish.jersey.internal.Errors.process(Errors.java:274) ~[jersey-common-4.0.0.jar:na]
	at org.glassfish.jersey.internal.Errors.process(Errors.java:205) ~[jersey-common-4.0.0.jar:na]
	at org.glassfish.jersey.process.internal.RequestScope.runInScope(RequestScope.java:391) ~[jersey-common-4.0.0.jar:na]
	at org.glassfish.jersey.client.JerseyInvocation.runInScope(JerseyInvocation.java:700) ~[jersey-client-4.0.0.jar:na]
	at org.glassfish.jersey.client.JerseyInvocation.invoke(JerseyInvocation.java:670) ~[jersey-client-4.0.0.jar:na]
	at org.glassfish.jersey.client.JerseyInvocation$Builder.method(JerseyInvocation.java:436) ~[jersey-client-4.0.0.jar:na]
	at org.glassfish.jersey.client.JerseyInvocation$Builder.post(JerseyInvocation.java:342) ~[jersey-client-4.0.0.jar:na]
	at com.netflix.eureka.transport.Jersey3ReplicationClient.submitBatchUpdates(Jersey3ReplicationClient.java:116) ~[eureka-core-jersey3-2.0.5.jar:2.0.5]
	at com.netflix.eureka.cluster.ReplicationTaskProcessor.process(ReplicationTaskProcessor.java:80) ~[eureka-core-2.0.5.jar:2.0.5]
	at com.netflix.eureka.util.batcher.TaskExecutors$BatchWorkerRunnable.run(TaskExecutors.java:178) ~[eureka-core-2.0.5.jar:2.0.5]
	at java.base/java.lang.Thread.run(Thread.java:1583) ~[na:na]
Caused by: java.net.SocketTimeoutException: Read timed out
	at java.base/sun.nio.ch.NioSocketImpl.timedRead(NioSocketImpl.java:278) ~[na:na]
	at java.base/sun.nio.ch.NioSocketImpl.implRead(NioSocketImpl.java:304) ~[na:na]
	at java.base/sun.nio.ch.NioSocketImpl.read(NioSocketImpl.java:346) ~[na:na]
	at java.base/sun.nio.ch.NioSocketImpl$1.read(NioSocketImpl.java:796) ~[na:na]
	at java.base/java.net.Socket$SocketInputStream.read(Socket.java:1099) ~[na:na]
	at org.apache.http.impl.io.SessionInputBufferImpl.streamRead(SessionInputBufferImpl.java:137) ~[httpcore-4.4.16.jar:4.4.16]
	at org.apache.http.impl.io.SessionInputBufferImpl.fillBuffer(SessionInputBufferImpl.java:153) ~[httpcore-4.4.16.jar:4.4.16]
	at org.apache.http.impl.io.SessionInputBufferImpl.readLine(SessionInputBufferImpl.java:280) ~[httpcore-4.4.16.jar:4.4.16]
	at org.apache.http.impl.conn.DefaultHttpResponseParser.parseHead(DefaultHttpResponseParser.java:138) ~[httpclient-4.5.3.jar:4.5.3]
	at org.apache.http.impl.conn.DefaultHttpResponseParser.parseHead(DefaultHttpResponseParser.java:56) ~[httpclient-4.5.3.jar:4.5.3]
	at org.apache.http.impl.io.AbstractMessageParser.parse(AbstractMessageParser.java:259) ~[httpcore-4.4.16.jar:4.4.16]
	at org.apache.http.impl.DefaultBHttpClientConnection.receiveResponseHeader(DefaultBHttpClientConnection.java:163) ~[httpcore-4.4.16.jar:4.4.16]
	at org.apache.http.impl.conn.CPoolProxy.receiveResponseHeader(CPoolProxy.java:165) ~[httpclient-4.5.3.jar:4.5.3]
	at org.apache.http.protocol.HttpRequestExecutor.doReceiveResponse(HttpRequestExecutor.java:273) ~[httpcore-4.4.16.jar:4.4.16]
	at org.apache.http.protocol.HttpRequestExecutor.execute(HttpRequestExecutor.java:125) ~[httpcore-4.4.16.jar:4.4.16]
	at org.apache.http.impl.execchain.MainClientExec.execute(MainClientExec.java:272) ~[httpclient-4.5.3.jar:4.5.3]
	at org.apache.http.impl.execchain.ProtocolExec.execute(ProtocolExec.java:185) ~[httpclient-4.5.3.jar:4.5.3]
	at org.apache.http.impl.execchain.RetryExec.execute(RetryExec.java:89) ~[httpclient-4.5.3.jar:4.5.3]
	at org.apache.http.impl.execchain.RedirectExec.execute(RedirectExec.java:111) ~[httpclient-4.5.3.jar:4.5.3]
	at org.apache.http.impl.client.InternalHttpClient.doExecute(InternalHttpClient.java:185) ~[httpclient-4.5.3.jar:4.5.3]
	at org.apache.http.impl.client.CloseableHttpClient.execute(CloseableHttpClient.java:72) ~[httpclient-4.5.3.jar:4.5.3]
	at org.glassfish.jersey.apache.connector.ApacheConnector.apply(ApacheConnector.java:487) ~[jersey-apache-connector-3.0.5.jar:na]
	... 16 common frames omitted

2026-02-22T12:11:38.444+05:30  INFO 25864 --- [SpringCloud_EurekaServer] [Eureka-EvictionTimer] [                                                 ] c.n.e.registry.AbstractInstanceRegistry  : Running the evict task with compensationTime 13ms
2026-02-22T12:11:35.550+05:30 ERROR 25864 --- [SpringCloud_EurekaServer] [TaskBatchingWorker-target_localhost-11] [                                                 ] c.n.e.cluster.ReplicationTaskProcessor   : It seems to be a socket read timeout exception, it will retry later. if it continues to happen and some eureka node occupied all the cpu time, you should set property 'eureka.server.peer-node-read-timeout-ms' to a bigger value

jakarta.ws.rs.ProcessingException: java.net.SocketTimeoutException: Read timed out
	at org.glassfish.jersey.apache.connector.ApacheConnector.apply(ApacheConnector.java:535) ~[jersey-apache-connector-3.0.5.jar:na]
	at org.glassfish.jersey.client.ClientRuntime.invoke(ClientRuntime.java:300) ~[jersey-client-4.0.0.jar:na]
	at org.glassfish.jersey.client.JerseyInvocation.lambda$invoke$0(JerseyInvocation.java:671) ~[jersey-client-4.0.0.jar:na]
	at org.glassfish.jersey.client.JerseyInvocation.call(JerseyInvocation.java:706) ~[jersey-client-4.0.0.jar:na]
	at org.glassfish.jersey.client.JerseyInvocation.lambda$runInScope$3(JerseyInvocation.java:700) ~[jersey-client-4.0.0.jar:na]
	at org.glassfish.jersey.internal.Errors.process(Errors.java:292) ~[jersey-common-4.0.0.jar:na]
	at org.glassfish.jersey.internal.Errors.process(Errors.java:274) ~[jersey-common-4.0.0.jar:na]
	at org.glassfish.jersey.internal.Errors.process(Errors.java:205) ~[jersey-common-4.0.0.jar:na]
	at org.glassfish.jersey.process.internal.RequestScope.runInScope(RequestScope.java:391) ~[jersey-common-4.0.0.jar:na]
	at org.glassfish.jersey.client.JerseyInvocation.runInScope(JerseyInvocation.java:700) ~[jersey-client-4.0.0.jar:na]
	at org.glassfish.jersey.client.JerseyInvocation.invoke(JerseyInvocation.java:670) ~[jersey-client-4.0.0.jar:na]
	at org.glassfish.jersey.client.JerseyInvocation$Builder.method(JerseyInvocation.java:436) ~[jersey-client-4.0.0.jar:na]
	at org.glassfish.jersey.client.JerseyInvocation$Builder.post(JerseyInvocation.java:342) ~[jersey-client-4.0.0.jar:na]
	at com.netflix.eureka.transport.Jersey3ReplicationClient.submitBatchUpdates(Jersey3ReplicationClient.java:116) ~[eureka-core-jersey3-2.0.5.jar:2.0.5]
	at com.netflix.eureka.cluster.ReplicationTaskProcessor.process(ReplicationTaskProcessor.java:80) ~[eureka-core-2.0.5.jar:2.0.5]
	at com.netflix.eureka.util.batcher.TaskExecutors$BatchWorkerRunnable.run(TaskExecutors.java:178) ~[eureka-core-2.0.5.jar:2.0.5]
	at java.base/java.lang.Thread.run(Thread.java:1583) ~[na:na]
Caused by: java.net.SocketTimeoutException: Read timed out
	at java.base/sun.nio.ch.NioSocketImpl.timedRead(NioSocketImpl.java:278) ~[na:na]
	at java.base/sun.nio.ch.NioSocketImpl.implRead(NioSocketImpl.java:304) ~[na:na]
	at java.base/sun.nio.ch.NioSocketImpl.read(NioSocketImpl.java:346) ~[na:na]
	at java.base/sun.nio.ch.NioSocketImpl$1.read(NioSocketImpl.java:796) ~[na:na]
	at java.base/java.net.Socket$SocketInputStream.read(Socket.java:1099) ~[na:na]
	at org.apache.http.impl.io.SessionInputBufferImpl.streamRead(SessionInputBufferImpl.java:137) ~[httpcore-4.4.16.jar:4.4.16]
	at org.apache.http.impl.io.SessionInputBufferImpl.fillBuffer(SessionInputBufferImpl.java:153) ~[httpcore-4.4.16.jar:4.4.16]
	at org.apache.http.impl.io.SessionInputBufferImpl.readLine(SessionInputBufferImpl.java:280) ~[httpcore-4.4.16.jar:4.4.16]
	at org.apache.http.impl.conn.DefaultHttpResponseParser.parseHead(DefaultHttpResponseParser.java:138) ~[httpclient-4.5.3.jar:4.5.3]
	at org.apache.http.impl.conn.DefaultHttpResponseParser.parseHead(DefaultHttpResponseParser.java:56) ~[httpclient-4.5.3.jar:4.5.3]
	at org.apache.http.impl.io.AbstractMessageParser.parse(AbstractMessageParser.java:259) ~[httpcore-4.4.16.jar:4.4.16]
	at org.apache.http.impl.DefaultBHttpClientConnection.receiveResponseHeader(DefaultBHttpClientConnection.java:163) ~[httpcore-4.4.16.jar:4.4.16]
	at org.apache.http.impl.conn.CPoolProxy.receiveResponseHeader(CPoolProxy.java:165) ~[httpclient-4.5.3.jar:4.5.3]
	at org.apache.http.protocol.HttpRequestExecutor.doReceiveResponse(HttpRequestExecutor.java:273) ~[httpcore-4.4.16.jar:4.4.16]
	at org.apache.http.protocol.HttpRequestExecutor.execute(HttpRequestExecutor.java:125) ~[httpcore-4.4.16.jar:4.4.16]
	at org.apache.http.impl.execchain.MainClientExec.execute(MainClientExec.java:272) ~[httpclient-4.5.3.jar:4.5.3]
	at org.apache.http.impl.execchain.ProtocolExec.execute(ProtocolExec.java:185) ~[httpclient-4.5.3.jar:4.5.3]
	at org.apache.http.impl.execchain.RetryExec.execute(RetryExec.java:89) ~[httpclient-4.5.3.jar:4.5.3]
	at org.apache.http.impl.execchain.RedirectExec.execute(RedirectExec.java:111) ~[httpclient-4.5.3.jar:4.5.3]
	at org.apache.http.impl.client.InternalHttpClient.doExecute(InternalHttpClient.java:185) ~[httpclient-4.5.3.jar:4.5.3]
	at org.apache.http.impl.client.CloseableHttpClient.execute(CloseableHttpClient.java:72) ~[httpclient-4.5.3.jar:4.5.3]
	at org.glassfish.jersey.apache.connector.ApacheConnector.apply(ApacheConnector.java:487) ~[jersey-apache-connector-3.0.5.jar:na]
	... 16 common frames omitted

2026-02-22T12:11:43.554+05:30 ERROR 25864 --- [SpringCloud_EurekaServer] [TaskBatchingWorker-target_localhost-17] [                                                 ] c.n.e.cluster.ReplicationTaskProcessor   : It seems to be a socket read timeout exception, it will retry later. if it continues to happen and some eureka node occupied all the cpu time, you should set property 'eureka.server.peer-node-read-timeout-ms' to a bigger value

jakarta.ws.rs.ProcessingException: java.net.SocketTimeoutException: Read timed out
	at org.glassfish.jersey.apache.connector.ApacheConnector.apply(ApacheConnector.java:535) ~[jersey-apache-connector-3.0.5.jar:na]
	at org.glassfish.jersey.client.ClientRuntime.invoke(ClientRuntime.java:300) ~[jersey-client-4.0.0.jar:na]
	at org.glassfish.jersey.client.JerseyInvocation.lambda$invoke$0(JerseyInvocation.java:671) ~[jersey-client-4.0.0.jar:na]
	at org.glassfish.jersey.client.JerseyInvocation.call(JerseyInvocation.java:706) ~[jersey-client-4.0.0.jar:na]
	at org.glassfish.jersey.client.JerseyInvocation.lambda$runInScope$3(JerseyInvocation.java:700) ~[jersey-client-4.0.0.jar:na]
	at org.glassfish.jersey.internal.Errors.process(Errors.java:292) ~[jersey-common-4.0.0.jar:na]
	at org.glassfish.jersey.internal.Errors.process(Errors.java:274) ~[jersey-common-4.0.0.jar:na]
	at org.glassfish.jersey.internal.Errors.process(Errors.java:205) ~[jersey-common-4.0.0.jar:na]
	at org.glassfish.jersey.process.internal.RequestScope.runInScope(RequestScope.java:391) ~[jersey-common-4.0.0.jar:na]
	at org.glassfish.jersey.client.JerseyInvocation.runInScope(JerseyInvocation.java:700) ~[jersey-client-4.0.0.jar:na]
	at org.glassfish.jersey.client.JerseyInvocation.invoke(JerseyInvocation.java:670) ~[jersey-client-4.0.0.jar:na]
	at org.glassfish.jersey.client.JerseyInvocation$Builder.method(JerseyInvocation.java:436) ~[jersey-client-4.0.0.jar:na]
	at org.glassfish.jersey.client.JerseyInvocation$Builder.post(JerseyInvocation.java:342) ~[jersey-client-4.0.0.jar:na]
	at com.netflix.eureka.transport.Jersey3ReplicationClient.submitBatchUpdates(Jersey3ReplicationClient.java:116) ~[eureka-core-jersey3-2.0.5.jar:2.0.5]
	at com.netflix.eureka.cluster.ReplicationTaskProcessor.process(ReplicationTaskProcessor.java:80) ~[eureka-core-2.0.5.jar:2.0.5]
	at com.netflix.eureka.util.batcher.TaskExecutors$BatchWorkerRunnable.run(TaskExecutors.java:178) ~[eureka-core-2.0.5.jar:2.0.5]
	at java.base/java.lang.Thread.run(Thread.java:1583) ~[na:na]
Caused by: java.net.SocketTimeoutException: Read timed out
	at java.base/sun.nio.ch.NioSocketImpl.timedRead(NioSocketImpl.java:278) ~[na:na]
	at java.base/sun.nio.ch.NioSocketImpl.implRead(NioSocketImpl.java:304) ~[na:na]
	at java.base/sun.nio.ch.NioSocketImpl.read(NioSocketImpl.java:346) ~[na:na]
	at java.base/sun.nio.ch.NioSocketImpl$1.read(NioSocketImpl.java:796) ~[na:na]
	at java.base/java.net.Socket$SocketInputStream.read(Socket.java:1099) ~[na:na]
	at org.apache.http.impl.io.SessionInputBufferImpl.streamRead(SessionInputBufferImpl.java:137) ~[httpcore-4.4.16.jar:4.4.16]
	at org.apache.http.impl.io.SessionInputBufferImpl.fillBuffer(SessionInputBufferImpl.java:153) ~[httpcore-4.4.16.jar:4.4.16]
	at org.apache.http.impl.io.SessionInputBufferImpl.readLine(SessionInputBufferImpl.java:280) ~[httpcore-4.4.16.jar:4.4.16]
	at org.apache.http.impl.conn.DefaultHttpResponseParser.parseHead(DefaultHttpResponseParser.java:138) ~[httpclient-4.5.3.jar:4.5.3]
	at org.apache.http.impl.conn.DefaultHttpResponseParser.parseHead(DefaultHttpResponseParser.java:56) ~[httpclient-4.5.3.jar:4.5.3]
	at org.apache.http.impl.io.AbstractMessageParser.parse(AbstractMessageParser.java:259) ~[httpcore-4.4.16.jar:4.4.16]
	at org.apache.http.impl.DefaultBHttpClientConnection.receiveResponseHeader(DefaultBHttpClientConnection.java:163) ~[httpcore-4.4.16.jar:4.4.16]
	at org.apache.http.impl.conn.CPoolProxy.receiveResponseHeader(CPoolProxy.java:165) ~[httpclient-4.5.3.jar:4.5.3]
	at org.apache.http.protocol.HttpRequestExecutor.doReceiveResponse(HttpRequestExecutor.java:273) ~[httpcore-4.4.16.jar:4.4.16]
	at org.apache.http.protocol.HttpRequestExecutor.execute(HttpRequestExecutor.java:125) ~[httpcore-4.4.16.jar:4.4.16]
	at org.apache.http.impl.execchain.MainClientExec.execute(MainClientExec.java:272) ~[httpclient-4.5.3.jar:4.5.3]
	at org.apache.http.impl.execchain.ProtocolExec.execute(ProtocolExec.java:185) ~[httpclient-4.5.3.jar:4.5.3]
	at org.apache.http.impl.execchain.RetryExec.execute(RetryExec.java:89) ~[httpclient-4.5.3.jar:4.5.3]
	at org.apache.http.impl.execchain.RedirectExec.execute(RedirectExec.java:111) ~[httpclient-4.5.3.jar:4.5.3]
	at org.apache.http.impl.client.InternalHttpClient.doExecute(InternalHttpClient.java:185) ~[httpclient-4.5.3.jar:4.5.3]
	at org.apache.http.impl.client.CloseableHttpClient.execute(CloseableHttpClient.java:72) ~[httpclient-4.5.3.jar:4.5.3]
	at org.glassfish.jersey.apache.connector.ApacheConnector.apply(ApacheConnector.java:487) ~[jersey-apache-connector-3.0.5.jar:na]
	... 16 common frames omitted

2026-02-22T12:12:10.340+05:30 ERROR 25864 --- [SpringCloud_EurekaServer] [TaskBatchingWorker-target_localhost-6] [                                                 ] c.n.e.cluster.ReplicationTaskProcessor   : It seems to be a socket read timeout exception, it will retry later. if it continues to happen and some eureka node occupied all the cpu time, you should set property 'eureka.server.peer-node-read-timeout-ms' to a bigger value

jakarta.ws.rs.ProcessingException: java.net.SocketTimeoutException: Read timed out
	at org.glassfish.jersey.apache.connector.ApacheConnector.apply(ApacheConnector.java:535) ~[jersey-apache-connector-3.0.5.jar:na]
	at org.glassfish.jersey.client.ClientRuntime.invoke(ClientRuntime.java:300) ~[jersey-client-4.0.0.jar:na]
	at org.glassfish.jersey.client.JerseyInvocation.lambda$invoke$0(JerseyInvocation.java:671) ~[jersey-client-4.0.0.jar:na]
	at org.glassfish.jersey.client.JerseyInvocation.call(JerseyInvocation.java:706) ~[jersey-client-4.0.0.jar:na]
	at org.glassfish.jersey.client.JerseyInvocation.lambda$runInScope$3(JerseyInvocation.java:700) ~[jersey-client-4.0.0.jar:na]
	at org.glassfish.jersey.internal.Errors.process(Errors.java:292) ~[jersey-common-4.0.0.jar:na]
	at org.glassfish.jersey.internal.Errors.process(Errors.java:274) ~[jersey-common-4.0.0.jar:na]
	at org.glassfish.jersey.internal.Errors.process(Errors.java:205) ~[jersey-common-4.0.0.jar:na]
	at org.glassfish.jersey.process.internal.RequestScope.runInScope(RequestScope.java:391) ~[jersey-common-4.0.0.jar:na]
	at org.glassfish.jersey.client.JerseyInvocation.runInScope(JerseyInvocation.java:700) ~[jersey-client-4.0.0.jar:na]
	at org.glassfish.jersey.client.JerseyInvocation.invoke(JerseyInvocation.java:670) ~[jersey-client-4.0.0.jar:na]
	at org.glassfish.jersey.client.JerseyInvocation$Builder.method(JerseyInvocation.java:436) ~[jersey-client-4.0.0.jar:na]
	at org.glassfish.jersey.client.JerseyInvocation$Builder.post(JerseyInvocation.java:342) ~[jersey-client-4.0.0.jar:na]
	at com.netflix.eureka.transport.Jersey3ReplicationClient.submitBatchUpdates(Jersey3ReplicationClient.java:116) ~[eureka-core-jersey3-2.0.5.jar:2.0.5]
	at com.netflix.eureka.cluster.ReplicationTaskProcessor.process(ReplicationTaskProcessor.java:80) ~[eureka-core-2.0.5.jar:2.0.5]
	at com.netflix.eureka.util.batcher.TaskExecutors$BatchWorkerRunnable.run(TaskExecutors.java:178) ~[eureka-core-2.0.5.jar:2.0.5]
	at java.base/java.lang.Thread.run(Thread.java:1583) ~[na:na]
Caused by: java.net.SocketTimeoutException: Read timed out
	at java.base/sun.nio.ch.NioSocketImpl.timedRead(NioSocketImpl.java:278) ~[na:na]
	at java.base/sun.nio.ch.NioSocketImpl.implRead(NioSocketImpl.java:304) ~[na:na]
	at java.base/sun.nio.ch.NioSocketImpl.read(NioSocketImpl.java:346) ~[na:na]
	at java.base/sun.nio.ch.NioSocketImpl$1.read(NioSocketImpl.java:796) ~[na:na]
	at java.base/java.net.Socket$SocketInputStream.read(Socket.java:1099) ~[na:na]
	at org.apache.http.impl.io.SessionInputBufferImpl.streamRead(SessionInputBufferImpl.java:137) ~[httpcore-4.4.16.jar:4.4.16]
	at org.apache.http.impl.io.SessionInputBufferImpl.fillBuffer(SessionInputBufferImpl.java:153) ~[httpcore-4.4.16.jar:4.4.16]
	at org.apache.http.impl.io.SessionInputBufferImpl.readLine(SessionInputBufferImpl.java:280) ~[httpcore-4.4.16.jar:4.4.16]
	at org.apache.http.impl.conn.DefaultHttpResponseParser.parseHead(DefaultHttpResponseParser.java:138) ~[httpclient-4.5.3.jar:4.5.3]
	at org.apache.http.impl.conn.DefaultHttpResponseParser.parseHead(DefaultHttpResponseParser.java:56) ~[httpclient-4.5.3.jar:4.5.3]
	at org.apache.http.impl.io.AbstractMessageParser.parse(AbstractMessageParser.java:259) ~[httpcore-4.4.16.jar:4.4.16]
	at org.apache.http.impl.DefaultBHttpClientConnection.receiveResponseHeader(DefaultBHttpClientConnection.java:163) ~[httpcore-4.4.16.jar:4.4.16]
	at org.apache.http.impl.conn.CPoolProxy.receiveResponseHeader(CPoolProxy.java:165) ~[httpclient-4.5.3.jar:4.5.3]
	at org.apache.http.protocol.HttpRequestExecutor.doReceiveResponse(HttpRequestExecutor.java:273) ~[httpcore-4.4.16.jar:4.4.16]
	at org.apache.http.protocol.HttpRequestExecutor.execute(HttpRequestExecutor.java:125) ~[httpcore-4.4.16.jar:4.4.16]
	at org.apache.http.impl.execchain.MainClientExec.execute(MainClientExec.java:272) ~[httpclient-4.5.3.jar:4.5.3]
	at org.apache.http.impl.execchain.ProtocolExec.execute(ProtocolExec.java:185) ~[httpclient-4.5.3.jar:4.5.3]
	at org.apache.http.impl.execchain.RetryExec.execute(RetryExec.java:89) ~[httpclient-4.5.3.jar:4.5.3]
	at org.apache.http.impl.execchain.RedirectExec.execute(RedirectExec.java:111) ~[httpclient-4.5.3.jar:4.5.3]
	at org.apache.http.impl.client.InternalHttpClient.doExecute(InternalHttpClient.java:185) ~[httpclient-4.5.3.jar:4.5.3]
	at org.apache.http.impl.client.CloseableHttpClient.execute(CloseableHttpClient.java:72) ~[httpclient-4.5.3.jar:4.5.3]
	at org.glassfish.jersey.apache.connector.ApacheConnector.apply(ApacheConnector.java:487) ~[jersey-apache-connector-3.0.5.jar:na]
	... 16 common frames omitted

2026-02-22T12:12:30.424+05:30 ERROR 25864 --- [SpringCloud_EurekaServer] [TaskBatchingWorker-target_localhost-4] [                                                 ] c.n.e.cluster.ReplicationTaskProcessor   : It seems to be a socket read timeout exception, it will retry later. if it continues to happen and some eureka node occupied all the cpu time, you should set property 'eureka.server.peer-node-read-timeout-ms' to a bigger value

jakarta.ws.rs.ProcessingException: java.net.SocketTimeoutException: Read timed out
	at org.glassfish.jersey.apache.connector.ApacheConnector.apply(ApacheConnector.java:535) ~[jersey-apache-connector-3.0.5.jar:na]
	at org.glassfish.jersey.client.ClientRuntime.invoke(ClientRuntime.java:300) ~[jersey-client-4.0.0.jar:na]
	at org.glassfish.jersey.client.JerseyInvocation.lambda$invoke$0(JerseyInvocation.java:671) ~[jersey-client-4.0.0.jar:na]
	at org.glassfish.jersey.client.JerseyInvocation.call(JerseyInvocation.java:706) ~[jersey-client-4.0.0.jar:na]
	at org.glassfish.jersey.client.JerseyInvocation.lambda$runInScope$3(JerseyInvocation.java:700) ~[jersey-client-4.0.0.jar:na]
	at org.glassfish.jersey.internal.Errors.process(Errors.java:292) ~[jersey-common-4.0.0.jar:na]
	at org.glassfish.jersey.internal.Errors.process(Errors.java:274) ~[jersey-common-4.0.0.jar:na]
	at org.glassfish.jersey.internal.Errors.process(Errors.java:205) ~[jersey-common-4.0.0.jar:na]
	at org.glassfish.jersey.process.internal.RequestScope.runInScope(RequestScope.java:391) ~[jersey-common-4.0.0.jar:na]
	at org.glassfish.jersey.client.JerseyInvocation.runInScope(JerseyInvocation.java:700) ~[jersey-client-4.0.0.jar:na]
	at org.glassfish.jersey.client.JerseyInvocation.invoke(JerseyInvocation.java:670) ~[jersey-client-4.0.0.jar:na]
	at org.glassfish.jersey.client.JerseyInvocation$Builder.method(JerseyInvocation.java:436) ~[jersey-client-4.0.0.jar:na]
	at org.glassfish.jersey.client.JerseyInvocation$Builder.post(JerseyInvocation.java:342) ~[jersey-client-4.0.0.jar:na]
	at com.netflix.eureka.transport.Jersey3ReplicationClient.submitBatchUpdates(Jersey3ReplicationClient.java:116) ~[eureka-core-jersey3-2.0.5.jar:2.0.5]
	at com.netflix.eureka.cluster.ReplicationTaskProcessor.process(ReplicationTaskProcessor.java:80) ~[eureka-core-2.0.5.jar:2.0.5]
	at com.netflix.eureka.util.batcher.TaskExecutors$BatchWorkerRunnable.run(TaskExecutors.java:178) ~[eureka-core-2.0.5.jar:2.0.5]
	at java.base/java.lang.Thread.run(Thread.java:1583) ~[na:na]
Caused by: java.net.SocketTimeoutException: Read timed out
	at java.base/sun.nio.ch.NioSocketImpl.timedRead(NioSocketImpl.java:278) ~[na:na]
	at java.base/sun.nio.ch.NioSocketImpl.implRead(NioSocketImpl.java:304) ~[na:na]
	at java.base/sun.nio.ch.NioSocketImpl.read(NioSocketImpl.java:346) ~[na:na]
	at java.base/sun.nio.ch.NioSocketImpl$1.read(NioSocketImpl.java:796) ~[na:na]
	at java.base/java.net.Socket$SocketInputStream.read(Socket.java:1099) ~[na:na]
	at org.apache.http.impl.io.SessionInputBufferImpl.streamRead(SessionInputBufferImpl.java:137) ~[httpcore-4.4.16.jar:4.4.16]
	at org.apache.http.impl.io.SessionInputBufferImpl.fillBuffer(SessionInputBufferImpl.java:153) ~[httpcore-4.4.16.jar:4.4.16]
	at org.apache.http.impl.io.SessionInputBufferImpl.readLine(SessionInputBufferImpl.java:280) ~[httpcore-4.4.16.jar:4.4.16]
	at org.apache.http.impl.conn.DefaultHttpResponseParser.parseHead(DefaultHttpResponseParser.java:138) ~[httpclient-4.5.3.jar:4.5.3]
	at org.apache.http.impl.conn.DefaultHttpResponseParser.parseHead(DefaultHttpResponseParser.java:56) ~[httpclient-4.5.3.jar:4.5.3]
	at org.apache.http.impl.io.AbstractMessageParser.parse(AbstractMessageParser.java:259) ~[httpcore-4.4.16.jar:4.4.16]
	at org.apache.http.impl.DefaultBHttpClientConnection.receiveResponseHeader(DefaultBHttpClientConnection.java:163) ~[httpcore-4.4.16.jar:4.4.16]
	at org.apache.http.impl.conn.CPoolProxy.receiveResponseHeader(CPoolProxy.java:165) ~[httpclient-4.5.3.jar:4.5.3]
	at org.apache.http.protocol.HttpRequestExecutor.doReceiveResponse(HttpRequestExecutor.java:273) ~[httpcore-4.4.16.jar:4.4.16]
	at org.apache.http.protocol.HttpRequestExecutor.execute(HttpRequestExecutor.java:125) ~[httpcore-4.4.16.jar:4.4.16]
	at org.apache.http.impl.execchain.MainClientExec.execute(MainClientExec.java:272) ~[httpclient-4.5.3.jar:4.5.3]
	at org.apache.http.impl.execchain.ProtocolExec.execute(ProtocolExec.java:185) ~[httpclient-4.5.3.jar:4.5.3]
	at org.apache.http.impl.execchain.RetryExec.execute(RetryExec.java:89) ~[httpclient-4.5.3.jar:4.5.3]
	at org.apache.http.impl.execchain.RedirectExec.execute(RedirectExec.java:111) ~[httpclient-4.5.3.jar:4.5.3]
	at org.apache.http.impl.client.InternalHttpClient.doExecute(InternalHttpClient.java:185) ~[httpclient-4.5.3.jar:4.5.3]
	at org.apache.http.impl.client.CloseableHttpClient.execute(CloseableHttpClient.java:72) ~[httpclient-4.5.3.jar:4.5.3]
	at org.glassfish.jersey.apache.connector.ApacheConnector.apply(ApacheConnector.java:487) ~[jersey-apache-connector-3.0.5.jar:na]
	... 16 common frames omitted

2026-02-22T12:12:38.452+05:30  INFO 25864 --- [SpringCloud_EurekaServer] [Eureka-EvictionTimer] [                                                 ] c.n.e.registry.AbstractInstanceRegistry  : Running the evict task with compensationTime 8ms
2026-02-22T12:13:15.568+05:30 ERROR 25864 --- [SpringCloud_EurekaServer] [TaskBatchingWorker-target_localhost-11] [                                                 ] c.n.e.cluster.ReplicationTaskProcessor   : It seems to be a socket read timeout exception, it will retry later. if it continues to happen and some eureka node occupied all the cpu time, you should set property 'eureka.server.peer-node-read-timeout-ms' to a bigger value

jakarta.ws.rs.ProcessingException: java.net.SocketTimeoutException: Read timed out
	at org.glassfish.jersey.apache.connector.ApacheConnector.apply(ApacheConnector.java:535) ~[jersey-apache-connector-3.0.5.jar:na]
	at org.glassfish.jersey.client.ClientRuntime.invoke(ClientRuntime.java:300) ~[jersey-client-4.0.0.jar:na]
	at org.glassfish.jersey.client.JerseyInvocation.lambda$invoke$0(JerseyInvocation.java:671) ~[jersey-client-4.0.0.jar:na]
	at org.glassfish.jersey.client.JerseyInvocation.call(JerseyInvocation.java:706) ~[jersey-client-4.0.0.jar:na]
	at org.glassfish.jersey.client.JerseyInvocation.lambda$runInScope$3(JerseyInvocation.java:700) ~[jersey-client-4.0.0.jar:na]
	at org.glassfish.jersey.internal.Errors.process(Errors.java:292) ~[jersey-common-4.0.0.jar:na]
	at org.glassfish.jersey.internal.Errors.process(Errors.java:274) ~[jersey-common-4.0.0.jar:na]
	at org.glassfish.jersey.internal.Errors.process(Errors.java:205) ~[jersey-common-4.0.0.jar:na]
	at org.glassfish.jersey.process.internal.RequestScope.runInScope(RequestScope.java:391) ~[jersey-common-4.0.0.jar:na]
	at org.glassfish.jersey.client.JerseyInvocation.runInScope(JerseyInvocation.java:700) ~[jersey-client-4.0.0.jar:na]
	at org.glassfish.jersey.client.JerseyInvocation.invoke(JerseyInvocation.java:670) ~[jersey-client-4.0.0.jar:na]
	at org.glassfish.jersey.client.JerseyInvocation$Builder.method(JerseyInvocation.java:436) ~[jersey-client-4.0.0.jar:na]
	at org.glassfish.jersey.client.JerseyInvocation$Builder.post(JerseyInvocation.java:342) ~[jersey-client-4.0.0.jar:na]
	at com.netflix.eureka.transport.Jersey3ReplicationClient.submitBatchUpdates(Jersey3ReplicationClient.java:116) ~[eureka-core-jersey3-2.0.5.jar:2.0.5]
	at com.netflix.eureka.cluster.ReplicationTaskProcessor.process(ReplicationTaskProcessor.java:80) ~[eureka-core-2.0.5.jar:2.0.5]
	at com.netflix.eureka.util.batcher.TaskExecutors$BatchWorkerRunnable.run(TaskExecutors.java:178) ~[eureka-core-2.0.5.jar:2.0.5]
	at java.base/java.lang.Thread.run(Thread.java:1583) ~[na:na]
Caused by: java.net.SocketTimeoutException: Read timed out
	at java.base/sun.nio.ch.NioSocketImpl.timedRead(NioSocketImpl.java:278) ~[na:na]
	at java.base/sun.nio.ch.NioSocketImpl.implRead(NioSocketImpl.java:304) ~[na:na]
	at java.base/sun.nio.ch.NioSocketImpl.read(NioSocketImpl.java:346) ~[na:na]
	at java.base/sun.nio.ch.NioSocketImpl$1.read(NioSocketImpl.java:796) ~[na:na]
	at java.base/java.net.Socket$SocketInputStream.read(Socket.java:1099) ~[na:na]
	at org.apache.http.impl.io.SessionInputBufferImpl.streamRead(SessionInputBufferImpl.java:137) ~[httpcore-4.4.16.jar:4.4.16]
	at org.apache.http.impl.io.SessionInputBufferImpl.fillBuffer(SessionInputBufferImpl.java:153) ~[httpcore-4.4.16.jar:4.4.16]
	at org.apache.http.impl.io.SessionInputBufferImpl.readLine(SessionInputBufferImpl.java:280) ~[httpcore-4.4.16.jar:4.4.16]
	at org.apache.http.impl.conn.DefaultHttpResponseParser.parseHead(DefaultHttpResponseParser.java:138) ~[httpclient-4.5.3.jar:4.5.3]
	at org.apache.http.impl.conn.DefaultHttpResponseParser.parseHead(DefaultHttpResponseParser.java:56) ~[httpclient-4.5.3.jar:4.5.3]
	at org.apache.http.impl.io.AbstractMessageParser.parse(AbstractMessageParser.java:259) ~[httpcore-4.4.16.jar:4.4.16]
	at org.apache.http.impl.DefaultBHttpClientConnection.receiveResponseHeader(DefaultBHttpClientConnection.java:163) ~[httpcore-4.4.16.jar:4.4.16]
	at org.apache.http.impl.conn.CPoolProxy.receiveResponseHeader(CPoolProxy.java:165) ~[httpclient-4.5.3.jar:4.5.3]
	at org.apache.http.protocol.HttpRequestExecutor.doReceiveResponse(HttpRequestExecutor.java:273) ~[httpcore-4.4.16.jar:4.4.16]
	at org.apache.http.protocol.HttpRequestExecutor.execute(HttpRequestExecutor.java:125) ~[httpcore-4.4.16.jar:4.4.16]
	at org.apache.http.impl.execchain.MainClientExec.execute(MainClientExec.java:272) ~[httpclient-4.5.3.jar:4.5.3]
	at org.apache.http.impl.execchain.ProtocolExec.execute(ProtocolExec.java:185) ~[httpclient-4.5.3.jar:4.5.3]
	at org.apache.http.impl.execchain.RetryExec.execute(RetryExec.java:89) ~[httpclient-4.5.3.jar:4.5.3]
	at org.apache.http.impl.execchain.RedirectExec.execute(RedirectExec.java:111) ~[httpclient-4.5.3.jar:4.5.3]
	at org.apache.http.impl.client.InternalHttpClient.doExecute(InternalHttpClient.java:185) ~[httpclient-4.5.3.jar:4.5.3]
	at org.apache.http.impl.client.CloseableHttpClient.execute(CloseableHttpClient.java:72) ~[httpclient-4.5.3.jar:4.5.3]
	at org.glassfish.jersey.apache.connector.ApacheConnector.apply(ApacheConnector.java:487) ~[jersey-apache-connector-3.0.5.jar:na]
	... 16 common frames omitted

2026-02-22T12:13:36.758+05:30 ERROR 25864 --- [SpringCloud_EurekaServer] [TaskBatchingWorker-target_localhost-11] [                                                 ] c.n.e.cluster.ReplicationTaskProcessor   : It seems to be a socket read timeout exception, it will retry later. if it continues to happen and some eureka node occupied all the cpu time, you should set property 'eureka.server.peer-node-read-timeout-ms' to a bigger value

jakarta.ws.rs.ProcessingException: java.net.SocketTimeoutException: Read timed out
	at org.glassfish.jersey.apache.connector.ApacheConnector.apply(ApacheConnector.java:535) ~[jersey-apache-connector-3.0.5.jar:na]
	at org.glassfish.jersey.client.ClientRuntime.invoke(ClientRuntime.java:300) ~[jersey-client-4.0.0.jar:na]
	at org.glassfish.jersey.client.JerseyInvocation.lambda$invoke$0(JerseyInvocation.java:671) ~[jersey-client-4.0.0.jar:na]
	at org.glassfish.jersey.client.JerseyInvocation.call(JerseyInvocation.java:706) ~[jersey-client-4.0.0.jar:na]
	at org.glassfish.jersey.client.JerseyInvocation.lambda$runInScope$3(JerseyInvocation.java:700) ~[jersey-client-4.0.0.jar:na]
	at org.glassfish.jersey.internal.Errors.process(Errors.java:292) ~[jersey-common-4.0.0.jar:na]
	at org.glassfish.jersey.internal.Errors.process(Errors.java:274) ~[jersey-common-4.0.0.jar:na]
	at org.glassfish.jersey.internal.Errors.process(Errors.java:205) ~[jersey-common-4.0.0.jar:na]
	at org.glassfish.jersey.process.internal.RequestScope.runInScope(RequestScope.java:391) ~[jersey-common-4.0.0.jar:na]
	at org.glassfish.jersey.client.JerseyInvocation.runInScope(JerseyInvocation.java:700) ~[jersey-client-4.0.0.jar:na]
	at org.glassfish.jersey.client.JerseyInvocation.invoke(JerseyInvocation.java:670) ~[jersey-client-4.0.0.jar:na]
	at org.glassfish.jersey.client.JerseyInvocation$Builder.method(JerseyInvocation.java:436) ~[jersey-client-4.0.0.jar:na]
	at org.glassfish.jersey.client.JerseyInvocation$Builder.post(JerseyInvocation.java:342) ~[jersey-client-4.0.0.jar:na]
	at com.netflix.eureka.transport.Jersey3ReplicationClient.submitBatchUpdates(Jersey3ReplicationClient.java:116) ~[eureka-core-jersey3-2.0.5.jar:2.0.5]
	at com.netflix.eureka.cluster.ReplicationTaskProcessor.process(ReplicationTaskProcessor.java:80) ~[eureka-core-2.0.5.jar:2.0.5]
	at com.netflix.eureka.util.batcher.TaskExecutors$BatchWorkerRunnable.run(TaskExecutors.java:178) ~[eureka-core-2.0.5.jar:2.0.5]
	at java.base/java.lang.Thread.run(Thread.java:1583) ~[na:na]
Caused by: java.net.SocketTimeoutException: Read timed out
	at java.base/sun.nio.ch.NioSocketImpl.timedRead(NioSocketImpl.java:278) ~[na:na]
	at java.base/sun.nio.ch.NioSocketImpl.implRead(NioSocketImpl.java:304) ~[na:na]
	at java.base/sun.nio.ch.NioSocketImpl.read(NioSocketImpl.java:346) ~[na:na]
	at java.base/sun.nio.ch.NioSocketImpl$1.read(NioSocketImpl.java:796) ~[na:na]
	at java.base/java.net.Socket$SocketInputStream.read(Socket.java:1099) ~[na:na]
	at org.apache.http.impl.io.SessionInputBufferImpl.streamRead(SessionInputBufferImpl.java:137) ~[httpcore-4.4.16.jar:4.4.16]
	at org.apache.http.impl.io.SessionInputBufferImpl.fillBuffer(SessionInputBufferImpl.java:153) ~[httpcore-4.4.16.jar:4.4.16]
	at org.apache.http.impl.io.SessionInputBufferImpl.readLine(SessionInputBufferImpl.java:280) ~[httpcore-4.4.16.jar:4.4.16]
	at org.apache.http.impl.conn.DefaultHttpResponseParser.parseHead(DefaultHttpResponseParser.java:138) ~[httpclient-4.5.3.jar:4.5.3]
	at org.apache.http.impl.conn.DefaultHttpResponseParser.parseHead(DefaultHttpResponseParser.java:56) ~[httpclient-4.5.3.jar:4.5.3]
	at org.apache.http.impl.io.AbstractMessageParser.parse(AbstractMessageParser.java:259) ~[httpcore-4.4.16.jar:4.4.16]
	at org.apache.http.impl.DefaultBHttpClientConnection.receiveResponseHeader(DefaultBHttpClientConnection.java:163) ~[httpcore-4.4.16.jar:4.4.16]
	at org.apache.http.impl.conn.CPoolProxy.receiveResponseHeader(CPoolProxy.java:165) ~[httpclient-4.5.3.jar:4.5.3]
	at org.apache.http.protocol.HttpRequestExecutor.doReceiveResponse(HttpRequestExecutor.java:273) ~[httpcore-4.4.16.jar:4.4.16]
	at org.apache.http.protocol.HttpRequestExecutor.execute(HttpRequestExecutor.java:125) ~[httpcore-4.4.16.jar:4.4.16]
	at org.apache.http.impl.execchain.MainClientExec.execute(MainClientExec.java:272) ~[httpclient-4.5.3.jar:4.5.3]
	at org.apache.http.impl.execchain.ProtocolExec.execute(ProtocolExec.java:185) ~[httpclient-4.5.3.jar:4.5.3]
	at org.apache.http.impl.execchain.RetryExec.execute(RetryExec.java:89) ~[httpclient-4.5.3.jar:4.5.3]
	at org.apache.http.impl.execchain.RedirectExec.execute(RedirectExec.java:111) ~[httpclient-4.5.3.jar:4.5.3]
	at org.apache.http.impl.client.InternalHttpClient.doExecute(InternalHttpClient.java:185) ~[httpclient-4.5.3.jar:4.5.3]
	at org.apache.http.impl.client.CloseableHttpClient.execute(CloseableHttpClient.java:72) ~[httpclient-4.5.3.jar:4.5.3]
	at org.glassfish.jersey.apache.connector.ApacheConnector.apply(ApacheConnector.java:487) ~[jersey-apache-connector-3.0.5.jar:na]
	... 16 common frames omitted

2026-02-22T12:13:38.626+05:30  INFO 25864 --- [SpringCloud_EurekaServer] [Eureka-EvictionTimer] [                                                 ] c.n.e.registry.AbstractInstanceRegistry  : Running the evict task with compensationTime 13ms
2026-02-22T12:13:39.179+05:30 ERROR 25864 --- [SpringCloud_EurekaServer] [TaskBatchingWorker-target_localhost-12] [                                                 ] c.n.e.cluster.ReplicationTaskProcessor   : It seems to be a socket read timeout exception, it will retry later. if it continues to happen and some eureka node occupied all the cpu time, you should set property 'eureka.server.peer-node-read-timeout-ms' to a bigger value

jakarta.ws.rs.ProcessingException: java.net.SocketTimeoutException: Read timed out
	at org.glassfish.jersey.apache.connector.ApacheConnector.apply(ApacheConnector.java:535) ~[jersey-apache-connector-3.0.5.jar:na]
	at org.glassfish.jersey.client.ClientRuntime.invoke(ClientRuntime.java:300) ~[jersey-client-4.0.0.jar:na]
	at org.glassfish.jersey.client.JerseyInvocation.lambda$invoke$0(JerseyInvocation.java:671) ~[jersey-client-4.0.0.jar:na]
	at org.glassfish.jersey.client.JerseyInvocation.call(JerseyInvocation.java:706) ~[jersey-client-4.0.0.jar:na]
	at org.glassfish.jersey.client.JerseyInvocation.lambda$runInScope$3(JerseyInvocation.java:700) ~[jersey-client-4.0.0.jar:na]
	at org.glassfish.jersey.internal.Errors.process(Errors.java:292) ~[jersey-common-4.0.0.jar:na]
	at org.glassfish.jersey.internal.Errors.process(Errors.java:274) ~[jersey-common-4.0.0.jar:na]
	at org.glassfish.jersey.internal.Errors.process(Errors.java:205) ~[jersey-common-4.0.0.jar:na]
	at org.glassfish.jersey.process.internal.RequestScope.runInScope(RequestScope.java:391) ~[jersey-common-4.0.0.jar:na]
	at org.glassfish.jersey.client.JerseyInvocation.runInScope(JerseyInvocation.java:700) ~[jersey-client-4.0.0.jar:na]
	at org.glassfish.jersey.client.JerseyInvocation.invoke(JerseyInvocation.java:670) ~[jersey-client-4.0.0.jar:na]
	at org.glassfish.jersey.client.JerseyInvocation$Builder.method(JerseyInvocation.java:436) ~[jersey-client-4.0.0.jar:na]
	at org.glassfish.jersey.client.JerseyInvocation$Builder.post(JerseyInvocation.java:342) ~[jersey-client-4.0.0.jar:na]
	at com.netflix.eureka.transport.Jersey3ReplicationClient.submitBatchUpdates(Jersey3ReplicationClient.java:116) ~[eureka-core-jersey3-2.0.5.jar:2.0.5]
	at com.netflix.eureka.cluster.ReplicationTaskProcessor.process(ReplicationTaskProcessor.java:80) ~[eureka-core-2.0.5.jar:2.0.5]
	at com.netflix.eureka.util.batcher.TaskExecutors$BatchWorkerRunnable.run(TaskExecutors.java:178) ~[eureka-core-2.0.5.jar:2.0.5]
	at java.base/java.lang.Thread.run(Thread.java:1583) ~[na:na]
Caused by: java.net.SocketTimeoutException: Read timed out
	at java.base/sun.nio.ch.NioSocketImpl.timedRead(NioSocketImpl.java:278) ~[na:na]
	at java.base/sun.nio.ch.NioSocketImpl.implRead(NioSocketImpl.java:304) ~[na:na]
	at java.base/sun.nio.ch.NioSocketImpl.read(NioSocketImpl.java:346) ~[na:na]
	at java.base/sun.nio.ch.NioSocketImpl$1.read(NioSocketImpl.java:796) ~[na:na]
	at java.base/java.net.Socket$SocketInputStream.read(Socket.java:1099) ~[na:na]
	at org.apache.http.impl.io.SessionInputBufferImpl.streamRead(SessionInputBufferImpl.java:137) ~[httpcore-4.4.16.jar:4.4.16]
	at org.apache.http.impl.io.SessionInputBufferImpl.fillBuffer(SessionInputBufferImpl.java:153) ~[httpcore-4.4.16.jar:4.4.16]
	at org.apache.http.impl.io.SessionInputBufferImpl.readLine(SessionInputBufferImpl.java:280) ~[httpcore-4.4.16.jar:4.4.16]
	at org.apache.http.impl.conn.DefaultHttpResponseParser.parseHead(DefaultHttpResponseParser.java:138) ~[httpclient-4.5.3.jar:4.5.3]
	at org.apache.http.impl.conn.DefaultHttpResponseParser.parseHead(DefaultHttpResponseParser.java:56) ~[httpclient-4.5.3.jar:4.5.3]
	at org.apache.http.impl.io.AbstractMessageParser.parse(AbstractMessageParser.java:259) ~[httpcore-4.4.16.jar:4.4.16]
	at org.apache.http.impl.DefaultBHttpClientConnection.receiveResponseHeader(DefaultBHttpClientConnection.java:163) ~[httpcore-4.4.16.jar:4.4.16]
	at org.apache.http.impl.conn.CPoolProxy.receiveResponseHeader(CPoolProxy.java:165) ~[httpclient-4.5.3.jar:4.5.3]
	at org.apache.http.protocol.HttpRequestExecutor.doReceiveResponse(HttpRequestExecutor.java:273) ~[httpcore-4.4.16.jar:4.4.16]
	at org.apache.http.protocol.HttpRequestExecutor.execute(HttpRequestExecutor.java:125) ~[httpcore-4.4.16.jar:4.4.16]
	at org.apache.http.impl.execchain.MainClientExec.execute(MainClientExec.java:272) ~[httpclient-4.5.3.jar:4.5.3]
	at org.apache.http.impl.execchain.ProtocolExec.execute(ProtocolExec.java:185) ~[httpclient-4.5.3.jar:4.5.3]
	at org.apache.http.impl.execchain.RetryExec.execute(RetryExec.java:89) ~[httpclient-4.5.3.jar:4.5.3]
	at org.apache.http.impl.execchain.RedirectExec.execute(RedirectExec.java:111) ~[httpclient-4.5.3.jar:4.5.3]
	at org.apache.http.impl.client.InternalHttpClient.doExecute(InternalHttpClient.java:185) ~[httpclient-4.5.3.jar:4.5.3]
	at org.apache.http.impl.client.CloseableHttpClient.execute(CloseableHttpClient.java:72) ~[httpclient-4.5.3.jar:4.5.3]
	at org.glassfish.jersey.apache.connector.ApacheConnector.apply(ApacheConnector.java:487) ~[jersey-apache-connector-3.0.5.jar:na]
	... 16 common frames omitted

2026-02-22T12:13:39.929+05:30 ERROR 25864 --- [SpringCloud_EurekaServer] [TaskBatchingWorker-target_localhost-8] [                                                 ] c.n.e.cluster.ReplicationTaskProcessor   : It seems to be a socket read timeout exception, it will retry later. if it continues to happen and some eureka node occupied all the cpu time, you should set property 'eureka.server.peer-node-read-timeout-ms' to a bigger value

jakarta.ws.rs.ProcessingException: java.net.SocketTimeoutException: Read timed out
	at org.glassfish.jersey.apache.connector.ApacheConnector.apply(ApacheConnector.java:535) ~[jersey-apache-connector-3.0.5.jar:na]
	at org.glassfish.jersey.client.ClientRuntime.invoke(ClientRuntime.java:300) ~[jersey-client-4.0.0.jar:na]
	at org.glassfish.jersey.client.JerseyInvocation.lambda$invoke$0(JerseyInvocation.java:671) ~[jersey-client-4.0.0.jar:na]
	at org.glassfish.jersey.client.JerseyInvocation.call(JerseyInvocation.java:706) ~[jersey-client-4.0.0.jar:na]
	at org.glassfish.jersey.client.JerseyInvocation.lambda$runInScope$3(JerseyInvocation.java:700) ~[jersey-client-4.0.0.jar:na]
	at org.glassfish.jersey.internal.Errors.process(Errors.java:292) ~[jersey-common-4.0.0.jar:na]
	at org.glassfish.jersey.internal.Errors.process(Errors.java:274) ~[jersey-common-4.0.0.jar:na]
	at org.glassfish.jersey.internal.Errors.process(Errors.java:205) ~[jersey-common-4.0.0.jar:na]
	at org.glassfish.jersey.process.internal.RequestScope.runInScope(RequestScope.java:391) ~[jersey-common-4.0.0.jar:na]
	at org.glassfish.jersey.client.JerseyInvocation.runInScope(JerseyInvocation.java:700) ~[jersey-client-4.0.0.jar:na]
	at org.glassfish.jersey.client.JerseyInvocation.invoke(JerseyInvocation.java:670) ~[jersey-client-4.0.0.jar:na]
	at org.glassfish.jersey.client.JerseyInvocation$Builder.method(JerseyInvocation.java:436) ~[jersey-client-4.0.0.jar:na]
	at org.glassfish.jersey.client.JerseyInvocation$Builder.post(JerseyInvocation.java:342) ~[jersey-client-4.0.0.jar:na]
	at com.netflix.eureka.transport.Jersey3ReplicationClient.submitBatchUpdates(Jersey3ReplicationClient.java:116) ~[eureka-core-jersey3-2.0.5.jar:2.0.5]
	at com.netflix.eureka.cluster.ReplicationTaskProcessor.process(ReplicationTaskProcessor.java:80) ~[eureka-core-2.0.5.jar:2.0.5]
	at com.netflix.eureka.util.batcher.TaskExecutors$BatchWorkerRunnable.run(TaskExecutors.java:178) ~[eureka-core-2.0.5.jar:2.0.5]
	at java.base/java.lang.Thread.run(Thread.java:1583) ~[na:na]
Caused by: java.net.SocketTimeoutException: Read timed out
	at java.base/sun.nio.ch.NioSocketImpl.timedRead(NioSocketImpl.java:278) ~[na:na]
	at java.base/sun.nio.ch.NioSocketImpl.implRead(NioSocketImpl.java:304) ~[na:na]
	at java.base/sun.nio.ch.NioSocketImpl.read(NioSocketImpl.java:346) ~[na:na]
	at java.base/sun.nio.ch.NioSocketImpl$1.read(NioSocketImpl.java:796) ~[na:na]
	at java.base/java.net.Socket$SocketInputStream.read(Socket.java:1099) ~[na:na]
	at org.apache.http.impl.io.SessionInputBufferImpl.streamRead(SessionInputBufferImpl.java:137) ~[httpcore-4.4.16.jar:4.4.16]
	at org.apache.http.impl.io.SessionInputBufferImpl.fillBuffer(SessionInputBufferImpl.java:153) ~[httpcore-4.4.16.jar:4.4.16]
	at org.apache.http.impl.io.SessionInputBufferImpl.readLine(SessionInputBufferImpl.java:280) ~[httpcore-4.4.16.jar:4.4.16]
	at org.apache.http.impl.conn.DefaultHttpResponseParser.parseHead(DefaultHttpResponseParser.java:138) ~[httpclient-4.5.3.jar:4.5.3]
	at org.apache.http.impl.conn.DefaultHttpResponseParser.parseHead(DefaultHttpResponseParser.java:56) ~[httpclient-4.5.3.jar:4.5.3]
	at org.apache.http.impl.io.AbstractMessageParser.parse(AbstractMessageParser.java:259) ~[httpcore-4.4.16.jar:4.4.16]
	at org.apache.http.impl.DefaultBHttpClientConnection.receiveResponseHeader(DefaultBHttpClientConnection.java:163) ~[httpcore-4.4.16.jar:4.4.16]
	at org.apache.http.impl.conn.CPoolProxy.receiveResponseHeader(CPoolProxy.java:165) ~[httpclient-4.5.3.jar:4.5.3]
	at org.apache.http.protocol.HttpRequestExecutor.doReceiveResponse(HttpRequestExecutor.java:273) ~[httpcore-4.4.16.jar:4.4.16]
	at org.apache.http.protocol.HttpRequestExecutor.execute(HttpRequestExecutor.java:125) ~[httpcore-4.4.16.jar:4.4.16]
	at org.apache.http.impl.execchain.MainClientExec.execute(MainClientExec.java:272) ~[httpclient-4.5.3.jar:4.5.3]
	at org.apache.http.impl.execchain.ProtocolExec.execute(ProtocolExec.java:185) ~[httpclient-4.5.3.jar:4.5.3]
	at org.apache.http.impl.execchain.RetryExec.execute(RetryExec.java:89) ~[httpclient-4.5.3.jar:4.5.3]
	at org.apache.http.impl.execchain.RedirectExec.execute(RedirectExec.java:111) ~[httpclient-4.5.3.jar:4.5.3]
	at org.apache.http.impl.client.InternalHttpClient.doExecute(InternalHttpClient.java:185) ~[httpclient-4.5.3.jar:4.5.3]
	at org.apache.http.impl.client.CloseableHttpClient.execute(CloseableHttpClient.java:72) ~[httpclient-4.5.3.jar:4.5.3]
	at org.glassfish.jersey.apache.connector.ApacheConnector.apply(ApacheConnector.java:487) ~[jersey-apache-connector-3.0.5.jar:na]
	... 16 common frames omitted

2026-02-22T12:13:41.558+05:30 ERROR 25864 --- [SpringCloud_EurekaServer] [TaskBatchingWorker-target_localhost-8] [                                                 ] c.n.e.cluster.ReplicationTaskProcessor   : It seems to be a socket read timeout exception, it will retry later. if it continues to happen and some eureka node occupied all the cpu time, you should set property 'eureka.server.peer-node-read-timeout-ms' to a bigger value

jakarta.ws.rs.ProcessingException: java.net.SocketTimeoutException: Read timed out
	at org.glassfish.jersey.apache.connector.ApacheConnector.apply(ApacheConnector.java:535) ~[jersey-apache-connector-3.0.5.jar:na]
	at org.glassfish.jersey.client.ClientRuntime.invoke(ClientRuntime.java:300) ~[jersey-client-4.0.0.jar:na]
	at org.glassfish.jersey.client.JerseyInvocation.lambda$invoke$0(JerseyInvocation.java:671) ~[jersey-client-4.0.0.jar:na]
	at org.glassfish.jersey.client.JerseyInvocation.call(JerseyInvocation.java:706) ~[jersey-client-4.0.0.jar:na]
	at org.glassfish.jersey.client.JerseyInvocation.lambda$runInScope$3(JerseyInvocation.java:700) ~[jersey-client-4.0.0.jar:na]
	at org.glassfish.jersey.internal.Errors.process(Errors.java:292) ~[jersey-common-4.0.0.jar:na]
	at org.glassfish.jersey.internal.Errors.process(Errors.java:274) ~[jersey-common-4.0.0.jar:na]
	at org.glassfish.jersey.internal.Errors.process(Errors.java:205) ~[jersey-common-4.0.0.jar:na]
	at org.glassfish.jersey.process.internal.RequestScope.runInScope(RequestScope.java:391) ~[jersey-common-4.0.0.jar:na]
	at org.glassfish.jersey.client.JerseyInvocation.runInScope(JerseyInvocation.java:700) ~[jersey-client-4.0.0.jar:na]
	at org.glassfish.jersey.client.JerseyInvocation.invoke(JerseyInvocation.java:670) ~[jersey-client-4.0.0.jar:na]
	at org.glassfish.jersey.client.JerseyInvocation$Builder.method(JerseyInvocation.java:436) ~[jersey-client-4.0.0.jar:na]
	at org.glassfish.jersey.client.JerseyInvocation$Builder.post(JerseyInvocation.java:342) ~[jersey-client-4.0.0.jar:na]
	at com.netflix.eureka.transport.Jersey3ReplicationClient.submitBatchUpdates(Jersey3ReplicationClient.java:116) ~[eureka-core-jersey3-2.0.5.jar:2.0.5]
	at com.netflix.eureka.cluster.ReplicationTaskProcessor.process(ReplicationTaskProcessor.java:80) ~[eureka-core-2.0.5.jar:2.0.5]
	at com.netflix.eureka.util.batcher.TaskExecutors$BatchWorkerRunnable.run(TaskExecutors.java:178) ~[eureka-core-2.0.5.jar:2.0.5]
	at java.base/java.lang.Thread.run(Thread.java:1583) ~[na:na]
Caused by: java.net.SocketTimeoutException: Read timed out
	at java.base/sun.nio.ch.NioSocketImpl.timedRead(NioSocketImpl.java:278) ~[na:na]
	at java.base/sun.nio.ch.NioSocketImpl.implRead(NioSocketImpl.java:304) ~[na:na]
	at java.base/sun.nio.ch.NioSocketImpl.read(NioSocketImpl.java:346) ~[na:na]
	at java.base/sun.nio.ch.NioSocketImpl$1.read(NioSocketImpl.java:796) ~[na:na]
	at java.base/java.net.Socket$SocketInputStream.read(Socket.java:1099) ~[na:na]
	at org.apache.http.impl.io.SessionInputBufferImpl.streamRead(SessionInputBufferImpl.java:137) ~[httpcore-4.4.16.jar:4.4.16]
	at org.apache.http.impl.io.SessionInputBufferImpl.fillBuffer(SessionInputBufferImpl.java:153) ~[httpcore-4.4.16.jar:4.4.16]
	at org.apache.http.impl.io.SessionInputBufferImpl.readLine(SessionInputBufferImpl.java:280) ~[httpcore-4.4.16.jar:4.4.16]
	at org.apache.http.impl.conn.DefaultHttpResponseParser.parseHead(DefaultHttpResponseParser.java:138) ~[httpclient-4.5.3.jar:4.5.3]
	at org.apache.http.impl.conn.DefaultHttpResponseParser.parseHead(DefaultHttpResponseParser.java:56) ~[httpclient-4.5.3.jar:4.5.3]
	at org.apache.http.impl.io.AbstractMessageParser.parse(AbstractMessageParser.java:259) ~[httpcore-4.4.16.jar:4.4.16]
	at org.apache.http.impl.DefaultBHttpClientConnection.receiveResponseHeader(DefaultBHttpClientConnection.java:163) ~[httpcore-4.4.16.jar:4.4.16]
	at org.apache.http.impl.conn.CPoolProxy.receiveResponseHeader(CPoolProxy.java:165) ~[httpclient-4.5.3.jar:4.5.3]
	at org.apache.http.protocol.HttpRequestExecutor.doReceiveResponse(HttpRequestExecutor.java:273) ~[httpcore-4.4.16.jar:4.4.16]
	at org.apache.http.protocol.HttpRequestExecutor.execute(HttpRequestExecutor.java:125) ~[httpcore-4.4.16.jar:4.4.16]
	at org.apache.http.impl.execchain.MainClientExec.execute(MainClientExec.java:272) ~[httpclient-4.5.3.jar:4.5.3]
	at org.apache.http.impl.execchain.ProtocolExec.execute(ProtocolExec.java:185) ~[httpclient-4.5.3.jar:4.5.3]
	at org.apache.http.impl.execchain.RetryExec.execute(RetryExec.java:89) ~[httpclient-4.5.3.jar:4.5.3]
	at org.apache.http.impl.execchain.RedirectExec.execute(RedirectExec.java:111) ~[httpclient-4.5.3.jar:4.5.3]
	at org.apache.http.impl.client.InternalHttpClient.doExecute(InternalHttpClient.java:185) ~[httpclient-4.5.3.jar:4.5.3]
	at org.apache.http.impl.client.CloseableHttpClient.execute(CloseableHttpClient.java:72) ~[httpclient-4.5.3.jar:4.5.3]
	at org.glassfish.jersey.apache.connector.ApacheConnector.apply(ApacheConnector.java:487) ~[jersey-apache-connector-3.0.5.jar:na]
	... 16 common frames omitted

2026-02-22T12:13:43.648+05:30 ERROR 25864 --- [SpringCloud_EurekaServer] [TaskBatchingWorker-target_localhost-9] [                                                 ] c.n.e.cluster.ReplicationTaskProcessor   : It seems to be a socket read timeout exception, it will retry later. if it continues to happen and some eureka node occupied all the cpu time, you should set property 'eureka.server.peer-node-read-timeout-ms' to a bigger value

jakarta.ws.rs.ProcessingException: java.net.SocketTimeoutException: Read timed out
	at org.glassfish.jersey.apache.connector.ApacheConnector.apply(ApacheConnector.java:535) ~[jersey-apache-connector-3.0.5.jar:na]
	at org.glassfish.jersey.client.ClientRuntime.invoke(ClientRuntime.java:300) ~[jersey-client-4.0.0.jar:na]
	at org.glassfish.jersey.client.JerseyInvocation.lambda$invoke$0(JerseyInvocation.java:671) ~[jersey-client-4.0.0.jar:na]
	at org.glassfish.jersey.client.JerseyInvocation.call(JerseyInvocation.java:706) ~[jersey-client-4.0.0.jar:na]
	at org.glassfish.jersey.client.JerseyInvocation.lambda$runInScope$3(JerseyInvocation.java:700) ~[jersey-client-4.0.0.jar:na]
	at org.glassfish.jersey.internal.Errors.process(Errors.java:292) ~[jersey-common-4.0.0.jar:na]
	at org.glassfish.jersey.internal.Errors.process(Errors.java:274) ~[jersey-common-4.0.0.jar:na]
	at org.glassfish.jersey.internal.Errors.process(Errors.java:205) ~[jersey-common-4.0.0.jar:na]
	at org.glassfish.jersey.process.internal.RequestScope.runInScope(RequestScope.java:391) ~[jersey-common-4.0.0.jar:na]
	at org.glassfish.jersey.client.JerseyInvocation.runInScope(JerseyInvocation.java:700) ~[jersey-client-4.0.0.jar:na]
	at org.glassfish.jersey.client.JerseyInvocation.invoke(JerseyInvocation.java:670) ~[jersey-client-4.0.0.jar:na]
	at org.glassfish.jersey.client.JerseyInvocation$Builder.method(JerseyInvocation.java:436) ~[jersey-client-4.0.0.jar:na]
	at org.glassfish.jersey.client.JerseyInvocation$Builder.post(JerseyInvocation.java:342) ~[jersey-client-4.0.0.jar:na]
	at com.netflix.eureka.transport.Jersey3ReplicationClient.submitBatchUpdates(Jersey3ReplicationClient.java:116) ~[eureka-core-jersey3-2.0.5.jar:2.0.5]
	at com.netflix.eureka.cluster.ReplicationTaskProcessor.process(ReplicationTaskProcessor.java:80) ~[eureka-core-2.0.5.jar:2.0.5]
	at com.netflix.eureka.util.batcher.TaskExecutors$BatchWorkerRunnable.run(TaskExecutors.java:178) ~[eureka-core-2.0.5.jar:2.0.5]
	at java.base/java.lang.Thread.run(Thread.java:1583) ~[na:na]
Caused by: java.net.SocketTimeoutException: Read timed out
	at java.base/sun.nio.ch.NioSocketImpl.timedRead(NioSocketImpl.java:278) ~[na:na]
	at java.base/sun.nio.ch.NioSocketImpl.implRead(NioSocketImpl.java:304) ~[na:na]
	at java.base/sun.nio.ch.NioSocketImpl.read(NioSocketImpl.java:346) ~[na:na]
	at java.base/sun.nio.ch.NioSocketImpl$1.read(NioSocketImpl.java:796) ~[na:na]
	at java.base/java.net.Socket$SocketInputStream.read(Socket.java:1099) ~[na:na]
	at org.apache.http.impl.io.SessionInputBufferImpl.streamRead(SessionInputBufferImpl.java:137) ~[httpcore-4.4.16.jar:4.4.16]
	at org.apache.http.impl.io.SessionInputBufferImpl.fillBuffer(SessionInputBufferImpl.java:153) ~[httpcore-4.4.16.jar:4.4.16]
	at org.apache.http.impl.io.SessionInputBufferImpl.readLine(SessionInputBufferImpl.java:280) ~[httpcore-4.4.16.jar:4.4.16]
	at org.apache.http.impl.conn.DefaultHttpResponseParser.parseHead(DefaultHttpResponseParser.java:138) ~[httpclient-4.5.3.jar:4.5.3]
	at org.apache.http.impl.conn.DefaultHttpResponseParser.parseHead(DefaultHttpResponseParser.java:56) ~[httpclient-4.5.3.jar:4.5.3]
	at org.apache.http.impl.io.AbstractMessageParser.parse(AbstractMessageParser.java:259) ~[httpcore-4.4.16.jar:4.4.16]
	at org.apache.http.impl.DefaultBHttpClientConnection.receiveResponseHeader(DefaultBHttpClientConnection.java:163) ~[httpcore-4.4.16.jar:4.4.16]
	at org.apache.http.impl.conn.CPoolProxy.receiveResponseHeader(CPoolProxy.java:165) ~[httpclient-4.5.3.jar:4.5.3]
	at org.apache.http.protocol.HttpRequestExecutor.doReceiveResponse(HttpRequestExecutor.java:273) ~[httpcore-4.4.16.jar:4.4.16]
	at org.apache.http.protocol.HttpRequestExecutor.execute(HttpRequestExecutor.java:125) ~[httpcore-4.4.16.jar:4.4.16]
	at org.apache.http.impl.execchain.MainClientExec.execute(MainClientExec.java:272) ~[httpclient-4.5.3.jar:4.5.3]
	at org.apache.http.impl.execchain.ProtocolExec.execute(ProtocolExec.java:185) ~[httpclient-4.5.3.jar:4.5.3]
	at org.apache.http.impl.execchain.RetryExec.execute(RetryExec.java:89) ~[httpclient-4.5.3.jar:4.5.3]
	at org.apache.http.impl.execchain.RedirectExec.execute(RedirectExec.java:111) ~[httpclient-4.5.3.jar:4.5.3]
	at org.apache.http.impl.client.InternalHttpClient.doExecute(InternalHttpClient.java:185) ~[httpclient-4.5.3.jar:4.5.3]
	at org.apache.http.impl.client.CloseableHttpClient.execute(CloseableHttpClient.java:72) ~[httpclient-4.5.3.jar:4.5.3]
	at org.glassfish.jersey.apache.connector.ApacheConnector.apply(ApacheConnector.java:487) ~[jersey-apache-connector-3.0.5.jar:na]
	... 16 common frames omitted

2026-02-22T12:13:45.956+05:30 ERROR 25864 --- [SpringCloud_EurekaServer] [TaskBatchingWorker-target_localhost-9] [                                                 ] c.n.e.cluster.ReplicationTaskProcessor   : It seems to be a socket read timeout exception, it will retry later. if it continues to happen and some eureka node occupied all the cpu time, you should set property 'eureka.server.peer-node-read-timeout-ms' to a bigger value

jakarta.ws.rs.ProcessingException: java.net.SocketTimeoutException: Read timed out
	at org.glassfish.jersey.apache.connector.ApacheConnector.apply(ApacheConnector.java:535) ~[jersey-apache-connector-3.0.5.jar:na]
	at org.glassfish.jersey.client.ClientRuntime.invoke(ClientRuntime.java:300) ~[jersey-client-4.0.0.jar:na]
	at org.glassfish.jersey.client.JerseyInvocation.lambda$invoke$0(JerseyInvocation.java:671) ~[jersey-client-4.0.0.jar:na]
	at org.glassfish.jersey.client.JerseyInvocation.call(JerseyInvocation.java:706) ~[jersey-client-4.0.0.jar:na]
	at org.glassfish.jersey.client.JerseyInvocation.lambda$runInScope$3(JerseyInvocation.java:700) ~[jersey-client-4.0.0.jar:na]
	at org.glassfish.jersey.internal.Errors.process(Errors.java:292) ~[jersey-common-4.0.0.jar:na]
	at org.glassfish.jersey.internal.Errors.process(Errors.java:274) ~[jersey-common-4.0.0.jar:na]
	at org.glassfish.jersey.internal.Errors.process(Errors.java:205) ~[jersey-common-4.0.0.jar:na]
	at org.glassfish.jersey.process.internal.RequestScope.runInScope(RequestScope.java:391) ~[jersey-common-4.0.0.jar:na]
	at org.glassfish.jersey.client.JerseyInvocation.runInScope(JerseyInvocation.java:700) ~[jersey-client-4.0.0.jar:na]
	at org.glassfish.jersey.client.JerseyInvocation.invoke(JerseyInvocation.java:670) ~[jersey-client-4.0.0.jar:na]
	at org.glassfish.jersey.client.JerseyInvocation$Builder.method(JerseyInvocation.java:436) ~[jersey-client-4.0.0.jar:na]
	at org.glassfish.jersey.client.JerseyInvocation$Builder.post(JerseyInvocation.java:342) ~[jersey-client-4.0.0.jar:na]
	at com.netflix.eureka.transport.Jersey3ReplicationClient.submitBatchUpdates(Jersey3ReplicationClient.java:116) ~[eureka-core-jersey3-2.0.5.jar:2.0.5]
	at com.netflix.eureka.cluster.ReplicationTaskProcessor.process(ReplicationTaskProcessor.java:80) ~[eureka-core-2.0.5.jar:2.0.5]
	at com.netflix.eureka.util.batcher.TaskExecutors$BatchWorkerRunnable.run(TaskExecutors.java:178) ~[eureka-core-2.0.5.jar:2.0.5]
	at java.base/java.lang.Thread.run(Thread.java:1583) ~[na:na]
Caused by: java.net.SocketTimeoutException: Read timed out
	at java.base/sun.nio.ch.NioSocketImpl.timedRead(NioSocketImpl.java:278) ~[na:na]
	at java.base/sun.nio.ch.NioSocketImpl.implRead(NioSocketImpl.java:304) ~[na:na]
	at java.base/sun.nio.ch.NioSocketImpl.read(NioSocketImpl.java:346) ~[na:na]
	at java.base/sun.nio.ch.NioSocketImpl$1.read(NioSocketImpl.java:796) ~[na:na]
	at java.base/java.net.Socket$SocketInputStream.read(Socket.java:1099) ~[na:na]
	at org.apache.http.impl.io.SessionInputBufferImpl.streamRead(SessionInputBufferImpl.java:137) ~[httpcore-4.4.16.jar:4.4.16]
	at org.apache.http.impl.io.SessionInputBufferImpl.fillBuffer(SessionInputBufferImpl.java:153) ~[httpcore-4.4.16.jar:4.4.16]
	at org.apache.http.impl.io.SessionInputBufferImpl.readLine(SessionInputBufferImpl.java:280) ~[httpcore-4.4.16.jar:4.4.16]
	at org.apache.http.impl.conn.DefaultHttpResponseParser.parseHead(DefaultHttpResponseParser.java:138) ~[httpclient-4.5.3.jar:4.5.3]
	at org.apache.http.impl.conn.DefaultHttpResponseParser.parseHead(DefaultHttpResponseParser.java:56) ~[httpclient-4.5.3.jar:4.5.3]
	at org.apache.http.impl.io.AbstractMessageParser.parse(AbstractMessageParser.java:259) ~[httpcore-4.4.16.jar:4.4.16]
	at org.apache.http.impl.DefaultBHttpClientConnection.receiveResponseHeader(DefaultBHttpClientConnection.java:163) ~[httpcore-4.4.16.jar:4.4.16]
	at org.apache.http.impl.conn.CPoolProxy.receiveResponseHeader(CPoolProxy.java:165) ~[httpclient-4.5.3.jar:4.5.3]
	at org.apache.http.protocol.HttpRequestExecutor.doReceiveResponse(HttpRequestExecutor.java:273) ~[httpcore-4.4.16.jar:4.4.16]
	at org.apache.http.protocol.HttpRequestExecutor.execute(HttpRequestExecutor.java:125) ~[httpcore-4.4.16.jar:4.4.16]
	at org.apache.http.impl.execchain.MainClientExec.execute(MainClientExec.java:272) ~[httpclient-4.5.3.jar:4.5.3]
	at org.apache.http.impl.execchain.ProtocolExec.execute(ProtocolExec.java:185) ~[httpclient-4.5.3.jar:4.5.3]
	at org.apache.http.impl.execchain.RetryExec.execute(RetryExec.java:89) ~[httpclient-4.5.3.jar:4.5.3]
	at org.apache.http.impl.execchain.RedirectExec.execute(RedirectExec.java:111) ~[httpclient-4.5.3.jar:4.5.3]
	at org.apache.http.impl.client.InternalHttpClient.doExecute(InternalHttpClient.java:185) ~[httpclient-4.5.3.jar:4.5.3]
	at org.apache.http.impl.client.CloseableHttpClient.execute(CloseableHttpClient.java:72) ~[httpclient-4.5.3.jar:4.5.3]
	at org.glassfish.jersey.apache.connector.ApacheConnector.apply(ApacheConnector.java:487) ~[jersey-apache-connector-3.0.5.jar:na]
	... 16 common frames omitted

2026-02-22T12:13:48.029+05:30 ERROR 25864 --- [SpringCloud_EurekaServer] [TaskBatchingWorker-target_localhost-13] [                                                 ] c.n.e.cluster.ReplicationTaskProcessor   : It seems to be a socket read timeout exception, it will retry later. if it continues to happen and some eureka node occupied all the cpu time, you should set property 'eureka.server.peer-node-read-timeout-ms' to a bigger value

jakarta.ws.rs.ProcessingException: java.net.SocketTimeoutException: Read timed out
	at org.glassfish.jersey.apache.connector.ApacheConnector.apply(ApacheConnector.java:535) ~[jersey-apache-connector-3.0.5.jar:na]
	at org.glassfish.jersey.client.ClientRuntime.invoke(ClientRuntime.java:300) ~[jersey-client-4.0.0.jar:na]
	at org.glassfish.jersey.client.JerseyInvocation.lambda$invoke$0(JerseyInvocation.java:671) ~[jersey-client-4.0.0.jar:na]
	at org.glassfish.jersey.client.JerseyInvocation.call(JerseyInvocation.java:706) ~[jersey-client-4.0.0.jar:na]
	at org.glassfish.jersey.client.JerseyInvocation.lambda$runInScope$3(JerseyInvocation.java:700) ~[jersey-client-4.0.0.jar:na]
	at org.glassfish.jersey.internal.Errors.process(Errors.java:292) ~[jersey-common-4.0.0.jar:na]
	at org.glassfish.jersey.internal.Errors.process(Errors.java:274) ~[jersey-common-4.0.0.jar:na]
	at org.glassfish.jersey.internal.Errors.process(Errors.java:205) ~[jersey-common-4.0.0.jar:na]
	at org.glassfish.jersey.process.internal.RequestScope.runInScope(RequestScope.java:391) ~[jersey-common-4.0.0.jar:na]
	at org.glassfish.jersey.client.JerseyInvocation.runInScope(JerseyInvocation.java:700) ~[jersey-client-4.0.0.jar:na]
	at org.glassfish.jersey.client.JerseyInvocation.invoke(JerseyInvocation.java:670) ~[jersey-client-4.0.0.jar:na]
	at org.glassfish.jersey.client.JerseyInvocation$Builder.method(JerseyInvocation.java:436) ~[jersey-client-4.0.0.jar:na]
	at org.glassfish.jersey.client.JerseyInvocation$Builder.post(JerseyInvocation.java:342) ~[jersey-client-4.0.0.jar:na]
	at com.netflix.eureka.transport.Jersey3ReplicationClient.submitBatchUpdates(Jersey3ReplicationClient.java:116) ~[eureka-core-jersey3-2.0.5.jar:2.0.5]
	at com.netflix.eureka.cluster.ReplicationTaskProcessor.process(ReplicationTaskProcessor.java:80) ~[eureka-core-2.0.5.jar:2.0.5]
	at com.netflix.eureka.util.batcher.TaskExecutors$BatchWorkerRunnable.run(TaskExecutors.java:178) ~[eureka-core-2.0.5.jar:2.0.5]
	at java.base/java.lang.Thread.run(Thread.java:1583) ~[na:na]
Caused by: java.net.SocketTimeoutException: Read timed out
	at java.base/sun.nio.ch.NioSocketImpl.timedRead(NioSocketImpl.java:278) ~[na:na]
	at java.base/sun.nio.ch.NioSocketImpl.implRead(NioSocketImpl.java:304) ~[na:na]
	at java.base/sun.nio.ch.NioSocketImpl.read(NioSocketImpl.java:346) ~[na:na]
	at java.base/sun.nio.ch.NioSocketImpl$1.read(NioSocketImpl.java:796) ~[na:na]
	at java.base/java.net.Socket$SocketInputStream.read(Socket.java:1099) ~[na:na]
	at org.apache.http.impl.io.SessionInputBufferImpl.streamRead(SessionInputBufferImpl.java:137) ~[httpcore-4.4.16.jar:4.4.16]
	at org.apache.http.impl.io.SessionInputBufferImpl.fillBuffer(SessionInputBufferImpl.java:153) ~[httpcore-4.4.16.jar:4.4.16]
	at org.apache.http.impl.io.SessionInputBufferImpl.readLine(SessionInputBufferImpl.java:280) ~[httpcore-4.4.16.jar:4.4.16]
	at org.apache.http.impl.conn.DefaultHttpResponseParser.parseHead(DefaultHttpResponseParser.java:138) ~[httpclient-4.5.3.jar:4.5.3]
	at org.apache.http.impl.conn.DefaultHttpResponseParser.parseHead(DefaultHttpResponseParser.java:56) ~[httpclient-4.5.3.jar:4.5.3]
	at org.apache.http.impl.io.AbstractMessageParser.parse(AbstractMessageParser.java:259) ~[httpcore-4.4.16.jar:4.4.16]
	at org.apache.http.impl.DefaultBHttpClientConnection.receiveResponseHeader(DefaultBHttpClientConnection.java:163) ~[httpcore-4.4.16.jar:4.4.16]
	at org.apache.http.impl.conn.CPoolProxy.receiveResponseHeader(CPoolProxy.java:165) ~[httpclient-4.5.3.jar:4.5.3]
	at org.apache.http.protocol.HttpRequestExecutor.doReceiveResponse(HttpRequestExecutor.java:273) ~[httpcore-4.4.16.jar:4.4.16]
	at org.apache.http.protocol.HttpRequestExecutor.execute(HttpRequestExecutor.java:125) ~[httpcore-4.4.16.jar:4.4.16]
	at org.apache.http.impl.execchain.MainClientExec.execute(MainClientExec.java:272) ~[httpclient-4.5.3.jar:4.5.3]
	at org.apache.http.impl.execchain.ProtocolExec.execute(ProtocolExec.java:185) ~[httpclient-4.5.3.jar:4.5.3]
	at org.apache.http.impl.execchain.RetryExec.execute(RetryExec.java:89) ~[httpclient-4.5.3.jar:4.5.3]
	at org.apache.http.impl.execchain.RedirectExec.execute(RedirectExec.java:111) ~[httpclient-4.5.3.jar:4.5.3]
	at org.apache.http.impl.client.InternalHttpClient.doExecute(InternalHttpClient.java:185) ~[httpclient-4.5.3.jar:4.5.3]
	at org.apache.http.impl.client.CloseableHttpClient.execute(CloseableHttpClient.java:72) ~[httpclient-4.5.3.jar:4.5.3]
	at org.glassfish.jersey.apache.connector.ApacheConnector.apply(ApacheConnector.java:487) ~[jersey-apache-connector-3.0.5.jar:na]
	... 16 common frames omitted

2026-02-22T12:14:13.969+05:30  INFO 25864 --- [SpringCloud_EurekaServer] [http-nio-8761-exec-4] [699aa5bd2d749e2ab5244e0c43a8dea0-b5244e0c43a8dea0] c.n.e.registry.AbstractInstanceRegistry  : Registered instance CARTORDERSERVICE/DESKTOP-ECRRR37.mshome.net:CartOrderService:8083 with status DOWN (replication=false)
2026-02-22T12:14:14.499+05:30  INFO 25864 --- [SpringCloud_EurekaServer] [http-nio-8761-exec-5] [699aa5becf463af9440488cfb450deac-440488cfb450deac] c.n.e.registry.AbstractInstanceRegistry  : Registered instance CARTORDERSERVICE/DESKTOP-ECRRR37.mshome.net:CartOrderService:8083 with status DOWN (replication=true)
2026-02-22T12:14:38.185+05:30 ERROR 25864 --- [SpringCloud_EurekaServer] [TaskBatchingWorker-target_localhost-1] [                                                 ] c.n.e.cluster.ReplicationTaskProcessor   : It seems to be a socket read timeout exception, it will retry later. if it continues to happen and some eureka node occupied all the cpu time, you should set property 'eureka.server.peer-node-read-timeout-ms' to a bigger value

jakarta.ws.rs.ProcessingException: java.net.SocketTimeoutException: Read timed out
	at org.glassfish.jersey.apache.connector.ApacheConnector.apply(ApacheConnector.java:535) ~[jersey-apache-connector-3.0.5.jar:na]
	at org.glassfish.jersey.client.ClientRuntime.invoke(ClientRuntime.java:300) ~[jersey-client-4.0.0.jar:na]
	at org.glassfish.jersey.client.JerseyInvocation.lambda$invoke$0(JerseyInvocation.java:671) ~[jersey-client-4.0.0.jar:na]
	at org.glassfish.jersey.client.JerseyInvocation.call(JerseyInvocation.java:706) ~[jersey-client-4.0.0.jar:na]
	at org.glassfish.jersey.client.JerseyInvocation.lambda$runInScope$3(JerseyInvocation.java:700) ~[jersey-client-4.0.0.jar:na]
	at org.glassfish.jersey.internal.Errors.process(Errors.java:292) ~[jersey-common-4.0.0.jar:na]
	at org.glassfish.jersey.internal.Errors.process(Errors.java:274) ~[jersey-common-4.0.0.jar:na]
	at org.glassfish.jersey.internal.Errors.process(Errors.java:205) ~[jersey-common-4.0.0.jar:na]
	at org.glassfish.jersey.process.internal.RequestScope.runInScope(RequestScope.java:391) ~[jersey-common-4.0.0.jar:na]
	at org.glassfish.jersey.client.JerseyInvocation.runInScope(JerseyInvocation.java:700) ~[jersey-client-4.0.0.jar:na]
	at org.glassfish.jersey.client.JerseyInvocation.invoke(JerseyInvocation.java:670) ~[jersey-client-4.0.0.jar:na]
	at org.glassfish.jersey.client.JerseyInvocation$Builder.method(JerseyInvocation.java:436) ~[jersey-client-4.0.0.jar:na]
	at org.glassfish.jersey.client.JerseyInvocation$Builder.post(JerseyInvocation.java:342) ~[jersey-client-4.0.0.jar:na]
	at com.netflix.eureka.transport.Jersey3ReplicationClient.submitBatchUpdates(Jersey3ReplicationClient.java:116) ~[eureka-core-jersey3-2.0.5.jar:2.0.5]
	at com.netflix.eureka.cluster.ReplicationTaskProcessor.process(ReplicationTaskProcessor.java:80) ~[eureka-core-2.0.5.jar:2.0.5]
	at com.netflix.eureka.util.batcher.TaskExecutors$BatchWorkerRunnable.run(TaskExecutors.java:178) ~[eureka-core-2.0.5.jar:2.0.5]
	at java.base/java.lang.Thread.run(Thread.java:1583) ~[na:na]
Caused by: java.net.SocketTimeoutException: Read timed out
	at java.base/sun.nio.ch.NioSocketImpl.timedRead(NioSocketImpl.java:278) ~[na:na]
	at java.base/sun.nio.ch.NioSocketImpl.implRead(NioSocketImpl.java:304) ~[na:na]
	at java.base/sun.nio.ch.NioSocketImpl.read(NioSocketImpl.java:346) ~[na:na]
	at java.base/sun.nio.ch.NioSocketImpl$1.read(NioSocketImpl.java:796) ~[na:na]
	at java.base/java.net.Socket$SocketInputStream.read(Socket.java:1099) ~[na:na]
	at org.apache.http.impl.io.SessionInputBufferImpl.streamRead(SessionInputBufferImpl.java:137) ~[httpcore-4.4.16.jar:4.4.16]
	at org.apache.http.impl.io.SessionInputBufferImpl.fillBuffer(SessionInputBufferImpl.java:153) ~[httpcore-4.4.16.jar:4.4.16]
	at org.apache.http.impl.io.SessionInputBufferImpl.readLine(SessionInputBufferImpl.java:280) ~[httpcore-4.4.16.jar:4.4.16]
	at org.apache.http.impl.conn.DefaultHttpResponseParser.parseHead(DefaultHttpResponseParser.java:138) ~[httpclient-4.5.3.jar:4.5.3]
	at org.apache.http.impl.conn.DefaultHttpResponseParser.parseHead(DefaultHttpResponseParser.java:56) ~[httpclient-4.5.3.jar:4.5.3]
	at org.apache.http.impl.io.AbstractMessageParser.parse(AbstractMessageParser.java:259) ~[httpcore-4.4.16.jar:4.4.16]
	at org.apache.http.impl.DefaultBHttpClientConnection.receiveResponseHeader(DefaultBHttpClientConnection.java:163) ~[httpcore-4.4.16.jar:4.4.16]
	at org.apache.http.impl.conn.CPoolProxy.receiveResponseHeader(CPoolProxy.java:165) ~[httpclient-4.5.3.jar:4.5.3]
	at org.apache.http.protocol.HttpRequestExecutor.doReceiveResponse(HttpRequestExecutor.java:273) ~[httpcore-4.4.16.jar:4.4.16]
	at org.apache.http.protocol.HttpRequestExecutor.execute(HttpRequestExecutor.java:125) ~[httpcore-4.4.16.jar:4.4.16]
	at org.apache.http.impl.execchain.MainClientExec.execute(MainClientExec.java:272) ~[httpclient-4.5.3.jar:4.5.3]
	at org.apache.http.impl.execchain.ProtocolExec.execute(ProtocolExec.java:185) ~[httpclient-4.5.3.jar:4.5.3]
	at org.apache.http.impl.execchain.RetryExec.execute(RetryExec.java:89) ~[httpclient-4.5.3.jar:4.5.3]
	at org.apache.http.impl.execchain.RedirectExec.execute(RedirectExec.java:111) ~[httpclient-4.5.3.jar:4.5.3]
	at org.apache.http.impl.client.InternalHttpClient.doExecute(InternalHttpClient.java:185) ~[httpclient-4.5.3.jar:4.5.3]
	at org.apache.http.impl.client.CloseableHttpClient.execute(CloseableHttpClient.java:72) ~[httpclient-4.5.3.jar:4.5.3]
	at org.glassfish.jersey.apache.connector.ApacheConnector.apply(ApacheConnector.java:487) ~[jersey-apache-connector-3.0.5.jar:na]
	... 16 common frames omitted

2026-02-22T12:14:38.468+05:30  INFO 25864 --- [SpringCloud_EurekaServer] [Eureka-EvictionTimer] [                                                 ] c.n.e.registry.AbstractInstanceRegistry  : Running the evict task with compensationTime 2ms
2026-02-22T12:15:31.213+05:30 ERROR 25864 --- [SpringCloud_EurekaServer] [TaskBatchingWorker-target_localhost-6] [                                                 ] c.n.e.cluster.ReplicationTaskProcessor   : It seems to be a socket read timeout exception, it will retry later. if it continues to happen and some eureka node occupied all the cpu time, you should set property 'eureka.server.peer-node-read-timeout-ms' to a bigger value

jakarta.ws.rs.ProcessingException: java.net.SocketTimeoutException: Read timed out
	at org.glassfish.jersey.apache.connector.ApacheConnector.apply(ApacheConnector.java:535) ~[jersey-apache-connector-3.0.5.jar:na]
	at org.glassfish.jersey.client.ClientRuntime.invoke(ClientRuntime.java:300) ~[jersey-client-4.0.0.jar:na]
	at org.glassfish.jersey.client.JerseyInvocation.lambda$invoke$0(JerseyInvocation.java:671) ~[jersey-client-4.0.0.jar:na]
	at org.glassfish.jersey.client.JerseyInvocation.call(JerseyInvocation.java:706) ~[jersey-client-4.0.0.jar:na]
	at org.glassfish.jersey.client.JerseyInvocation.lambda$runInScope$3(JerseyInvocation.java:700) ~[jersey-client-4.0.0.jar:na]
	at org.glassfish.jersey.internal.Errors.process(Errors.java:292) ~[jersey-common-4.0.0.jar:na]
	at org.glassfish.jersey.internal.Errors.process(Errors.java:274) ~[jersey-common-4.0.0.jar:na]
	at org.glassfish.jersey.internal.Errors.process(Errors.java:205) ~[jersey-common-4.0.0.jar:na]
	at org.glassfish.jersey.process.internal.RequestScope.runInScope(RequestScope.java:391) ~[jersey-common-4.0.0.jar:na]
	at org.glassfish.jersey.client.JerseyInvocation.runInScope(JerseyInvocation.java:700) ~[jersey-client-4.0.0.jar:na]
	at org.glassfish.jersey.client.JerseyInvocation.invoke(JerseyInvocation.java:670) ~[jersey-client-4.0.0.jar:na]
	at org.glassfish.jersey.client.JerseyInvocation$Builder.method(JerseyInvocation.java:436) ~[jersey-client-4.0.0.jar:na]
	at org.glassfish.jersey.client.JerseyInvocation$Builder.post(JerseyInvocation.java:342) ~[jersey-client-4.0.0.jar:na]
	at com.netflix.eureka.transport.Jersey3ReplicationClient.submitBatchUpdates(Jersey3ReplicationClient.java:116) ~[eureka-core-jersey3-2.0.5.jar:2.0.5]
	at com.netflix.eureka.cluster.ReplicationTaskProcessor.process(ReplicationTaskProcessor.java:80) ~[eureka-core-2.0.5.jar:2.0.5]
	at com.netflix.eureka.util.batcher.TaskExecutors$BatchWorkerRunnable.run(TaskExecutors.java:178) ~[eureka-core-2.0.5.jar:2.0.5]
	at java.base/java.lang.Thread.run(Thread.java:1583) ~[na:na]
Caused by: java.net.SocketTimeoutException: Read timed out
	at java.base/sun.nio.ch.NioSocketImpl.timedRead(NioSocketImpl.java:278) ~[na:na]
	at java.base/sun.nio.ch.NioSocketImpl.implRead(NioSocketImpl.java:304) ~[na:na]
	at java.base/sun.nio.ch.NioSocketImpl.read(NioSocketImpl.java:346) ~[na:na]
	at java.base/sun.nio.ch.NioSocketImpl$1.read(NioSocketImpl.java:796) ~[na:na]
	at java.base/java.net.Socket$SocketInputStream.read(Socket.java:1099) ~[na:na]
	at org.apache.http.impl.io.SessionInputBufferImpl.streamRead(SessionInputBufferImpl.java:137) ~[httpcore-4.4.16.jar:4.4.16]
	at org.apache.http.impl.io.SessionInputBufferImpl.fillBuffer(SessionInputBufferImpl.java:153) ~[httpcore-4.4.16.jar:4.4.16]
	at org.apache.http.impl.io.SessionInputBufferImpl.readLine(SessionInputBufferImpl.java:280) ~[httpcore-4.4.16.jar:4.4.16]
	at org.apache.http.impl.conn.DefaultHttpResponseParser.parseHead(DefaultHttpResponseParser.java:138) ~[httpclient-4.5.3.jar:4.5.3]
	at org.apache.http.impl.conn.DefaultHttpResponseParser.parseHead(DefaultHttpResponseParser.java:56) ~[httpclient-4.5.3.jar:4.5.3]
	at org.apache.http.impl.io.AbstractMessageParser.parse(AbstractMessageParser.java:259) ~[httpcore-4.4.16.jar:4.4.16]
	at org.apache.http.impl.DefaultBHttpClientConnection.receiveResponseHeader(DefaultBHttpClientConnection.java:163) ~[httpcore-4.4.16.jar:4.4.16]
	at org.apache.http.impl.conn.CPoolProxy.receiveResponseHeader(CPoolProxy.java:165) ~[httpclient-4.5.3.jar:4.5.3]
	at org.apache.http.protocol.HttpRequestExecutor.doReceiveResponse(HttpRequestExecutor.java:273) ~[httpcore-4.4.16.jar:4.4.16]
	at org.apache.http.protocol.HttpRequestExecutor.execute(HttpRequestExecutor.java:125) ~[httpcore-4.4.16.jar:4.4.16]
	at org.apache.http.impl.execchain.MainClientExec.execute(MainClientExec.java:272) ~[httpclient-4.5.3.jar:4.5.3]
	at org.apache.http.impl.execchain.ProtocolExec.execute(ProtocolExec.java:185) ~[httpclient-4.5.3.jar:4.5.3]
	at org.apache.http.impl.execchain.RetryExec.execute(RetryExec.java:89) ~[httpclient-4.5.3.jar:4.5.3]
	at org.apache.http.impl.execchain.RedirectExec.execute(RedirectExec.java:111) ~[httpclient-4.5.3.jar:4.5.3]
	at org.apache.http.impl.client.InternalHttpClient.doExecute(InternalHttpClient.java:185) ~[httpclient-4.5.3.jar:4.5.3]
	at org.apache.http.impl.client.CloseableHttpClient.execute(CloseableHttpClient.java:72) ~[httpclient-4.5.3.jar:4.5.3]
	at org.glassfish.jersey.apache.connector.ApacheConnector.apply(ApacheConnector.java:487) ~[jersey-apache-connector-3.0.5.jar:na]
	... 16 common frames omitted

2026-02-22T12:15:38.469+05:30  INFO 25864 --- [SpringCloud_EurekaServer] [Eureka-EvictionTimer] [                                                 ] c.n.e.registry.AbstractInstanceRegistry  : Running the evict task with compensationTime 0ms
2026-02-22T12:15:48.717+05:30  INFO 25864 --- [SpringCloud_EurekaServer] [http-nio-8761-exec-8] [699aa61c966e887ba6bcc2f392afecc6-a6bcc2f392afecc6] c.n.e.registry.AbstractInstanceRegistry  : Registered instance CARTORDERSERVICE/DESKTOP-ECRRR37.mshome.net:CartOrderService:8083 with status UP (replication=false)
2026-02-22T12:15:49.245+05:30  INFO 25864 --- [SpringCloud_EurekaServer] [http-nio-8761-exec-7] [699aa61d64a209f285f52e69682eddbc-85f52e69682eddbc] c.n.e.registry.AbstractInstanceRegistry  : Registered instance CARTORDERSERVICE/DESKTOP-ECRRR37.mshome.net:CartOrderService:8083 with status UP (replication=true)
2026-02-22T12:16:38.469+05:30  INFO 25864 --- [SpringCloud_EurekaServer] [Eureka-EvictionTimer] [                                                 ] c.n.e.registry.AbstractInstanceRegistry  : Running the evict task with compensationTime 0ms
2026-02-22T12:17:38.135+05:30  INFO 25864 --- [SpringCloud_EurekaServer] [ReplicaAwareInstanceRegistry - RenewalThresholdUpdater] [                                                 ] c.n.e.r.PeerAwareInstanceRegistryImpl    : Current renewal threshold is : 10
2026-02-22T12:17:38.471+05:30  INFO 25864 --- [SpringCloud_EurekaServer] [Eureka-EvictionTimer] [                                                 ] c.n.e.registry.AbstractInstanceRegistry  : Running the evict task with compensationTime 2ms
2026-02-22T12:18:35.536+05:30 ERROR 25864 --- [SpringCloud_EurekaServer] [TaskBatchingWorker-target_localhost-17] [                                                 ] c.n.e.cluster.ReplicationTaskProcessor   : It seems to be a socket read timeout exception, it will retry later. if it continues to happen and some eureka node occupied all the cpu time, you should set property 'eureka.server.peer-node-read-timeout-ms' to a bigger value

jakarta.ws.rs.ProcessingException: java.net.SocketTimeoutException: Read timed out
	at org.glassfish.jersey.apache.connector.ApacheConnector.apply(ApacheConnector.java:535) ~[jersey-apache-connector-3.0.5.jar:na]
	at org.glassfish.jersey.client.ClientRuntime.invoke(ClientRuntime.java:300) ~[jersey-client-4.0.0.jar:na]
	at org.glassfish.jersey.client.JerseyInvocation.lambda$invoke$0(JerseyInvocation.java:671) ~[jersey-client-4.0.0.jar:na]
	at org.glassfish.jersey.client.JerseyInvocation.call(JerseyInvocation.java:706) ~[jersey-client-4.0.0.jar:na]
	at org.glassfish.jersey.client.JerseyInvocation.lambda$runInScope$3(JerseyInvocation.java:700) ~[jersey-client-4.0.0.jar:na]
	at org.glassfish.jersey.internal.Errors.process(Errors.java:292) ~[jersey-common-4.0.0.jar:na]
	at org.glassfish.jersey.internal.Errors.process(Errors.java:274) ~[jersey-common-4.0.0.jar:na]
	at org.glassfish.jersey.internal.Errors.process(Errors.java:205) ~[jersey-common-4.0.0.jar:na]
	at org.glassfish.jersey.process.internal.RequestScope.runInScope(RequestScope.java:391) ~[jersey-common-4.0.0.jar:na]
	at org.glassfish.jersey.client.JerseyInvocation.runInScope(JerseyInvocation.java:700) ~[jersey-client-4.0.0.jar:na]
	at org.glassfish.jersey.client.JerseyInvocation.invoke(JerseyInvocation.java:670) ~[jersey-client-4.0.0.jar:na]
	at org.glassfish.jersey.client.JerseyInvocation$Builder.method(JerseyInvocation.java:436) ~[jersey-client-4.0.0.jar:na]
	at org.glassfish.jersey.client.JerseyInvocation$Builder.post(JerseyInvocation.java:342) ~[jersey-client-4.0.0.jar:na]
	at com.netflix.eureka.transport.Jersey3ReplicationClient.submitBatchUpdates(Jersey3ReplicationClient.java:116) ~[eureka-core-jersey3-2.0.5.jar:2.0.5]
	at com.netflix.eureka.cluster.ReplicationTaskProcessor.process(ReplicationTaskProcessor.java:80) ~[eureka-core-2.0.5.jar:2.0.5]
	at com.netflix.eureka.util.batcher.TaskExecutors$BatchWorkerRunnable.run(TaskExecutors.java:178) ~[eureka-core-2.0.5.jar:2.0.5]
	at java.base/java.lang.Thread.run(Thread.java:1583) ~[na:na]
Caused by: java.net.SocketTimeoutException: Read timed out
	at java.base/sun.nio.ch.NioSocketImpl.timedRead(NioSocketImpl.java:278) ~[na:na]
	at java.base/sun.nio.ch.NioSocketImpl.implRead(NioSocketImpl.java:304) ~[na:na]
	at java.base/sun.nio.ch.NioSocketImpl.read(NioSocketImpl.java:346) ~[na:na]
	at java.base/sun.nio.ch.NioSocketImpl$1.read(NioSocketImpl.java:796) ~[na:na]
	at java.base/java.net.Socket$SocketInputStream.read(Socket.java:1099) ~[na:na]
	at org.apache.http.impl.io.SessionInputBufferImpl.streamRead(SessionInputBufferImpl.java:137) ~[httpcore-4.4.16.jar:4.4.16]
	at org.apache.http.impl.io.SessionInputBufferImpl.fillBuffer(SessionInputBufferImpl.java:153) ~[httpcore-4.4.16.jar:4.4.16]
	at org.apache.http.impl.io.SessionInputBufferImpl.readLine(SessionInputBufferImpl.java:280) ~[httpcore-4.4.16.jar:4.4.16]
	at org.apache.http.impl.conn.DefaultHttpResponseParser.parseHead(DefaultHttpResponseParser.java:138) ~[httpclient-4.5.3.jar:4.5.3]
	at org.apache.http.impl.conn.DefaultHttpResponseParser.parseHead(DefaultHttpResponseParser.java:56) ~[httpclient-4.5.3.jar:4.5.3]
	at org.apache.http.impl.io.AbstractMessageParser.parse(AbstractMessageParser.java:259) ~[httpcore-4.4.16.jar:4.4.16]
	at org.apache.http.impl.DefaultBHttpClientConnection.receiveResponseHeader(DefaultBHttpClientConnection.java:163) ~[httpcore-4.4.16.jar:4.4.16]
	at org.apache.http.impl.conn.CPoolProxy.receiveResponseHeader(CPoolProxy.java:165) ~[httpclient-4.5.3.jar:4.5.3]
	at org.apache.http.protocol.HttpRequestExecutor.doReceiveResponse(HttpRequestExecutor.java:273) ~[httpcore-4.4.16.jar:4.4.16]
	at org.apache.http.protocol.HttpRequestExecutor.execute(HttpRequestExecutor.java:125) ~[httpcore-4.4.16.jar:4.4.16]
	at org.apache.http.impl.execchain.MainClientExec.execute(MainClientExec.java:272) ~[httpclient-4.5.3.jar:4.5.3]
	at org.apache.http.impl.execchain.ProtocolExec.execute(ProtocolExec.java:185) ~[httpclient-4.5.3.jar:4.5.3]
	at org.apache.http.impl.execchain.RetryExec.execute(RetryExec.java:89) ~[httpclient-4.5.3.jar:4.5.3]
	at org.apache.http.impl.execchain.RedirectExec.execute(RedirectExec.java:111) ~[httpclient-4.5.3.jar:4.5.3]
	at org.apache.http.impl.client.InternalHttpClient.doExecute(InternalHttpClient.java:185) ~[httpclient-4.5.3.jar:4.5.3]
	at org.apache.http.impl.client.CloseableHttpClient.execute(CloseableHttpClient.java:72) ~[httpclient-4.5.3.jar:4.5.3]
	at org.glassfish.jersey.apache.connector.ApacheConnector.apply(ApacheConnector.java:487) ~[jersey-apache-connector-3.0.5.jar:na]
	... 16 common frames omitted

2026-02-22T12:18:38.480+05:30  INFO 25864 --- [SpringCloud_EurekaServer] [Eureka-EvictionTimer] [                                                 ] c.n.e.registry.AbstractInstanceRegistry  : Running the evict task with compensationTime 8ms
2026-02-22T12:19:02.752+05:30 ERROR 25864 --- [SpringCloud_EurekaServer] [TaskBatchingWorker-target_localhost-17] [                                                 ] c.n.e.cluster.ReplicationTaskProcessor   : It seems to be a socket read timeout exception, it will retry later. if it continues to happen and some eureka node occupied all the cpu time, you should set property 'eureka.server.peer-node-read-timeout-ms' to a bigger value

jakarta.ws.rs.ProcessingException: java.net.SocketTimeoutException: Read timed out
	at org.glassfish.jersey.apache.connector.ApacheConnector.apply(ApacheConnector.java:535) ~[jersey-apache-connector-3.0.5.jar:na]
	at org.glassfish.jersey.client.ClientRuntime.invoke(ClientRuntime.java:300) ~[jersey-client-4.0.0.jar:na]
	at org.glassfish.jersey.client.JerseyInvocation.lambda$invoke$0(JerseyInvocation.java:671) ~[jersey-client-4.0.0.jar:na]
	at org.glassfish.jersey.client.JerseyInvocation.call(JerseyInvocation.java:706) ~[jersey-client-4.0.0.jar:na]
	at org.glassfish.jersey.client.JerseyInvocation.lambda$runInScope$3(JerseyInvocation.java:700) ~[jersey-client-4.0.0.jar:na]
	at org.glassfish.jersey.internal.Errors.process(Errors.java:292) ~[jersey-common-4.0.0.jar:na]
	at org.glassfish.jersey.internal.Errors.process(Errors.java:274) ~[jersey-common-4.0.0.jar:na]
	at org.glassfish.jersey.internal.Errors.process(Errors.java:205) ~[jersey-common-4.0.0.jar:na]
	at org.glassfish.jersey.process.internal.RequestScope.runInScope(RequestScope.java:391) ~[jersey-common-4.0.0.jar:na]
	at org.glassfish.jersey.client.JerseyInvocation.runInScope(JerseyInvocation.java:700) ~[jersey-client-4.0.0.jar:na]
	at org.glassfish.jersey.client.JerseyInvocation.invoke(JerseyInvocation.java:670) ~[jersey-client-4.0.0.jar:na]
	at org.glassfish.jersey.client.JerseyInvocation$Builder.method(JerseyInvocation.java:436) ~[jersey-client-4.0.0.jar:na]
	at org.glassfish.jersey.client.JerseyInvocation$Builder.post(JerseyInvocation.java:342) ~[jersey-client-4.0.0.jar:na]
	at com.netflix.eureka.transport.Jersey3ReplicationClient.submitBatchUpdates(Jersey3ReplicationClient.java:116) ~[eureka-core-jersey3-2.0.5.jar:2.0.5]
	at com.netflix.eureka.cluster.ReplicationTaskProcessor.process(ReplicationTaskProcessor.java:80) ~[eureka-core-2.0.5.jar:2.0.5]
	at com.netflix.eureka.util.batcher.TaskExecutors$BatchWorkerRunnable.run(TaskExecutors.java:178) ~[eureka-core-2.0.5.jar:2.0.5]
	at java.base/java.lang.Thread.run(Thread.java:1583) ~[na:na]
Caused by: java.net.SocketTimeoutException: Read timed out
	at java.base/sun.nio.ch.NioSocketImpl.timedRead(NioSocketImpl.java:278) ~[na:na]
	at java.base/sun.nio.ch.NioSocketImpl.implRead(NioSocketImpl.java:304) ~[na:na]
	at java.base/sun.nio.ch.NioSocketImpl.read(NioSocketImpl.java:346) ~[na:na]
	at java.base/sun.nio.ch.NioSocketImpl$1.read(NioSocketImpl.java:796) ~[na:na]
	at java.base/java.net.Socket$SocketInputStream.read(Socket.java:1099) ~[na:na]
	at org.apache.http.impl.io.SessionInputBufferImpl.streamRead(SessionInputBufferImpl.java:137) ~[httpcore-4.4.16.jar:4.4.16]
	at org.apache.http.impl.io.SessionInputBufferImpl.fillBuffer(SessionInputBufferImpl.java:153) ~[httpcore-4.4.16.jar:4.4.16]
	at org.apache.http.impl.io.SessionInputBufferImpl.readLine(SessionInputBufferImpl.java:280) ~[httpcore-4.4.16.jar:4.4.16]
	at org.apache.http.impl.conn.DefaultHttpResponseParser.parseHead(DefaultHttpResponseParser.java:138) ~[httpclient-4.5.3.jar:4.5.3]
	at org.apache.http.impl.conn.DefaultHttpResponseParser.parseHead(DefaultHttpResponseParser.java:56) ~[httpclient-4.5.3.jar:4.5.3]
	at org.apache.http.impl.io.AbstractMessageParser.parse(AbstractMessageParser.java:259) ~[httpcore-4.4.16.jar:4.4.16]
	at org.apache.http.impl.DefaultBHttpClientConnection.receiveResponseHeader(DefaultBHttpClientConnection.java:163) ~[httpcore-4.4.16.jar:4.4.16]
	at org.apache.http.impl.conn.CPoolProxy.receiveResponseHeader(CPoolProxy.java:165) ~[httpclient-4.5.3.jar:4.5.3]
	at org.apache.http.protocol.HttpRequestExecutor.doReceiveResponse(HttpRequestExecutor.java:273) ~[httpcore-4.4.16.jar:4.4.16]
	at org.apache.http.protocol.HttpRequestExecutor.execute(HttpRequestExecutor.java:125) ~[httpcore-4.4.16.jar:4.4.16]
	at org.apache.http.impl.execchain.MainClientExec.execute(MainClientExec.java:272) ~[httpclient-4.5.3.jar:4.5.3]
	at org.apache.http.impl.execchain.ProtocolExec.execute(ProtocolExec.java:185) ~[httpclient-4.5.3.jar:4.5.3]
	at org.apache.http.impl.execchain.RetryExec.execute(RetryExec.java:89) ~[httpclient-4.5.3.jar:4.5.3]
	at org.apache.http.impl.execchain.RedirectExec.execute(RedirectExec.java:111) ~[httpclient-4.5.3.jar:4.5.3]
	at org.apache.http.impl.client.InternalHttpClient.doExecute(InternalHttpClient.java:185) ~[httpclient-4.5.3.jar:4.5.3]
	at org.apache.http.impl.client.CloseableHttpClient.execute(CloseableHttpClient.java:72) ~[httpclient-4.5.3.jar:4.5.3]
	at org.glassfish.jersey.apache.connector.ApacheConnector.apply(ApacheConnector.java:487) ~[jersey-apache-connector-3.0.5.jar:na]
	... 16 common frames omitted

2026-02-22T12:19:21.297+05:30 ERROR 25864 --- [SpringCloud_EurekaServer] [TaskBatchingWorker-target_localhost-18] [                                                 ] c.n.e.cluster.ReplicationTaskProcessor   : It seems to be a socket read timeout exception, it will retry later. if it continues to happen and some eureka node occupied all the cpu time, you should set property 'eureka.server.peer-node-read-timeout-ms' to a bigger value

jakarta.ws.rs.ProcessingException: java.net.SocketTimeoutException: Read timed out
	at org.glassfish.jersey.apache.connector.ApacheConnector.apply(ApacheConnector.java:535) ~[jersey-apache-connector-3.0.5.jar:na]
	at org.glassfish.jersey.client.ClientRuntime.invoke(ClientRuntime.java:300) ~[jersey-client-4.0.0.jar:na]
	at org.glassfish.jersey.client.JerseyInvocation.lambda$invoke$0(JerseyInvocation.java:671) ~[jersey-client-4.0.0.jar:na]
	at org.glassfish.jersey.client.JerseyInvocation.call(JerseyInvocation.java:706) ~[jersey-client-4.0.0.jar:na]
	at org.glassfish.jersey.client.JerseyInvocation.lambda$runInScope$3(JerseyInvocation.java:700) ~[jersey-client-4.0.0.jar:na]
	at org.glassfish.jersey.internal.Errors.process(Errors.java:292) ~[jersey-common-4.0.0.jar:na]
	at org.glassfish.jersey.internal.Errors.process(Errors.java:274) ~[jersey-common-4.0.0.jar:na]
	at org.glassfish.jersey.internal.Errors.process(Errors.java:205) ~[jersey-common-4.0.0.jar:na]
	at org.glassfish.jersey.process.internal.RequestScope.runInScope(RequestScope.java:391) ~[jersey-common-4.0.0.jar:na]
	at org.glassfish.jersey.client.JerseyInvocation.runInScope(JerseyInvocation.java:700) ~[jersey-client-4.0.0.jar:na]
	at org.glassfish.jersey.client.JerseyInvocation.invoke(JerseyInvocation.java:670) ~[jersey-client-4.0.0.jar:na]
	at org.glassfish.jersey.client.JerseyInvocation$Builder.method(JerseyInvocation.java:436) ~[jersey-client-4.0.0.jar:na]
	at org.glassfish.jersey.client.JerseyInvocation$Builder.post(JerseyInvocation.java:342) ~[jersey-client-4.0.0.jar:na]
	at com.netflix.eureka.transport.Jersey3ReplicationClient.submitBatchUpdates(Jersey3ReplicationClient.java:116) ~[eureka-core-jersey3-2.0.5.jar:2.0.5]
	at com.netflix.eureka.cluster.ReplicationTaskProcessor.process(ReplicationTaskProcessor.java:80) ~[eureka-core-2.0.5.jar:2.0.5]
	at com.netflix.eureka.util.batcher.TaskExecutors$BatchWorkerRunnable.run(TaskExecutors.java:178) ~[eureka-core-2.0.5.jar:2.0.5]
	at java.base/java.lang.Thread.run(Thread.java:1583) ~[na:na]
Caused by: java.net.SocketTimeoutException: Read timed out
	at java.base/sun.nio.ch.NioSocketImpl.timedRead(NioSocketImpl.java:278) ~[na:na]
	at java.base/sun.nio.ch.NioSocketImpl.implRead(NioSocketImpl.java:304) ~[na:na]
	at java.base/sun.nio.ch.NioSocketImpl.read(NioSocketImpl.java:346) ~[na:na]
	at java.base/sun.nio.ch.NioSocketImpl$1.read(NioSocketImpl.java:796) ~[na:na]
	at java.base/java.net.Socket$SocketInputStream.read(Socket.java:1099) ~[na:na]
	at org.apache.http.impl.io.SessionInputBufferImpl.streamRead(SessionInputBufferImpl.java:137) ~[httpcore-4.4.16.jar:4.4.16]
	at org.apache.http.impl.io.SessionInputBufferImpl.fillBuffer(SessionInputBufferImpl.java:153) ~[httpcore-4.4.16.jar:4.4.16]
	at org.apache.http.impl.io.SessionInputBufferImpl.readLine(SessionInputBufferImpl.java:280) ~[httpcore-4.4.16.jar:4.4.16]
	at org.apache.http.impl.conn.DefaultHttpResponseParser.parseHead(DefaultHttpResponseParser.java:138) ~[httpclient-4.5.3.jar:4.5.3]
	at org.apache.http.impl.conn.DefaultHttpResponseParser.parseHead(DefaultHttpResponseParser.java:56) ~[httpclient-4.5.3.jar:4.5.3]
	at org.apache.http.impl.io.AbstractMessageParser.parse(AbstractMessageParser.java:259) ~[httpcore-4.4.16.jar:4.4.16]
	at org.apache.http.impl.DefaultBHttpClientConnection.receiveResponseHeader(DefaultBHttpClientConnection.java:163) ~[httpcore-4.4.16.jar:4.4.16]
	at org.apache.http.impl.conn.CPoolProxy.receiveResponseHeader(CPoolProxy.java:165) ~[httpclient-4.5.3.jar:4.5.3]
	at org.apache.http.protocol.HttpRequestExecutor.doReceiveResponse(HttpRequestExecutor.java:273) ~[httpcore-4.4.16.jar:4.4.16]
	at org.apache.http.protocol.HttpRequestExecutor.execute(HttpRequestExecutor.java:125) ~[httpcore-4.4.16.jar:4.4.16]
	at org.apache.http.impl.execchain.MainClientExec.execute(MainClientExec.java:272) ~[httpclient-4.5.3.jar:4.5.3]
	at org.apache.http.impl.execchain.ProtocolExec.execute(ProtocolExec.java:185) ~[httpclient-4.5.3.jar:4.5.3]
	at org.apache.http.impl.execchain.RetryExec.execute(RetryExec.java:89) ~[httpclient-4.5.3.jar:4.5.3]
	at org.apache.http.impl.execchain.RedirectExec.execute(RedirectExec.java:111) ~[httpclient-4.5.3.jar:4.5.3]
	at org.apache.http.impl.client.InternalHttpClient.doExecute(InternalHttpClient.java:185) ~[httpclient-4.5.3.jar:4.5.3]
	at org.apache.http.impl.client.CloseableHttpClient.execute(CloseableHttpClient.java:72) ~[httpclient-4.5.3.jar:4.5.3]
	at org.glassfish.jersey.apache.connector.ApacheConnector.apply(ApacheConnector.java:487) ~[jersey-apache-connector-3.0.5.jar:na]
	... 16 common frames omitted

2026-02-22T12:19:38.485+05:30  INFO 25864 --- [SpringCloud_EurekaServer] [Eureka-EvictionTimer] [                                                 ] c.n.e.registry.AbstractInstanceRegistry  : Running the evict task with compensationTime 5ms
2026-02-22T12:20:39.546+05:30  INFO 25864 --- [SpringCloud_EurekaServer] [Eureka-EvictionTimer] [                                                 ] c.n.e.registry.AbstractInstanceRegistry  : Running the evict task with compensationTime 131ms
2026-02-22T12:21:24.130+05:30  INFO 25864 --- [SpringCloud_EurekaServer] [http-nio-8761-exec-10] [699aa76cc61e700b61342cd5440742fa-61342cd5440742fa] c.n.e.registry.AbstractInstanceRegistry  : Registered instance CARTORDERSERVICE/DESKTOP-ECRRR37.mshome.net:CartOrderService:8083 with status DOWN (replication=false)
2026-02-22T12:21:24.640+05:30  INFO 25864 --- [SpringCloud_EurekaServer] [http-nio-8761-exec-8] [699aa76c156a32f5f14b8f62b1e4baae-f14b8f62b1e4baae] c.n.e.registry.AbstractInstanceRegistry  : Registered instance CARTORDERSERVICE/DESKTOP-ECRRR37.mshome.net:CartOrderService:8083 with status DOWN (replication=true)
2026-02-22T12:21:38.616+05:30  INFO 25864 --- [SpringCloud_EurekaServer] [Eureka-EvictionTimer] [                                                 ] c.n.e.registry.AbstractInstanceRegistry  : Running the evict task with compensationTime 0ms
2026-02-22T12:22:39.299+05:30  INFO 25864 --- [SpringCloud_EurekaServer] [Eureka-EvictionTimer] [                                                 ] c.n.e.registry.AbstractInstanceRegistry  : Running the evict task with compensationTime 102ms
2026-02-22T12:23:00.038+05:30  INFO 25864 --- [SpringCloud_EurekaServer] [http-nio-8761-exec-9] [699aa7cb257a0a2bdd672c04f2d0d4b4-dd672c04f2d0d4b4] c.n.e.registry.AbstractInstanceRegistry  : Registered instance CARTORDERSERVICE/DESKTOP-ECRRR37.mshome.net:CartOrderService:8083 with status UP (replication=false)
2026-02-22T12:23:00.598+05:30  INFO 25864 --- [SpringCloud_EurekaServer] [http-nio-8761-exec-7] [699aa7cc21e40e09cedecc9ffb9daba6-cedecc9ffb9daba6] c.n.e.registry.AbstractInstanceRegistry  : Registered instance CARTORDERSERVICE/DESKTOP-ECRRR37.mshome.net:CartOrderService:8083 with status UP (replication=true)
2026-02-22T12:23:38.724+05:30  INFO 25864 --- [SpringCloud_EurekaServer] [Eureka-EvictionTimer] [                                                 ] c.n.e.registry.AbstractInstanceRegistry  : Running the evict task with compensationTime 5ms
2026-02-22T12:24:38.736+05:30  INFO 25864 --- [SpringCloud_EurekaServer] [Eureka-EvictionTimer] [                                                 ] c.n.e.registry.AbstractInstanceRegistry  : Running the evict task with compensationTime 11ms
2026-02-22T12:25:29.562+05:30 ERROR 25864 --- [SpringCloud_EurekaServer] [TaskBatchingWorker-target_localhost-1] [                                                 ] c.n.e.cluster.ReplicationTaskProcessor   : It seems to be a socket read timeout exception, it will retry later. if it continues to happen and some eureka node occupied all the cpu time, you should set property 'eureka.server.peer-node-read-timeout-ms' to a bigger value

jakarta.ws.rs.ProcessingException: java.net.SocketTimeoutException: Read timed out
	at org.glassfish.jersey.apache.connector.ApacheConnector.apply(ApacheConnector.java:535) ~[jersey-apache-connector-3.0.5.jar:na]
	at org.glassfish.jersey.client.ClientRuntime.invoke(ClientRuntime.java:300) ~[jersey-client-4.0.0.jar:na]
	at org.glassfish.jersey.client.JerseyInvocation.lambda$invoke$0(JerseyInvocation.java:671) ~[jersey-client-4.0.0.jar:na]
	at org.glassfish.jersey.client.JerseyInvocation.call(JerseyInvocation.java:706) ~[jersey-client-4.0.0.jar:na]
	at org.glassfish.jersey.client.JerseyInvocation.lambda$runInScope$3(JerseyInvocation.java:700) ~[jersey-client-4.0.0.jar:na]
	at org.glassfish.jersey.internal.Errors.process(Errors.java:292) ~[jersey-common-4.0.0.jar:na]
	at org.glassfish.jersey.internal.Errors.process(Errors.java:274) ~[jersey-common-4.0.0.jar:na]
	at org.glassfish.jersey.internal.Errors.process(Errors.java:205) ~[jersey-common-4.0.0.jar:na]
	at org.glassfish.jersey.process.internal.RequestScope.runInScope(RequestScope.java:391) ~[jersey-common-4.0.0.jar:na]
	at org.glassfish.jersey.client.JerseyInvocation.runInScope(JerseyInvocation.java:700) ~[jersey-client-4.0.0.jar:na]
	at org.glassfish.jersey.client.JerseyInvocation.invoke(JerseyInvocation.java:670) ~[jersey-client-4.0.0.jar:na]
	at org.glassfish.jersey.client.JerseyInvocation$Builder.method(JerseyInvocation.java:436) ~[jersey-client-4.0.0.jar:na]
	at org.glassfish.jersey.client.JerseyInvocation$Builder.post(JerseyInvocation.java:342) ~[jersey-client-4.0.0.jar:na]
	at com.netflix.eureka.transport.Jersey3ReplicationClient.submitBatchUpdates(Jersey3ReplicationClient.java:116) ~[eureka-core-jersey3-2.0.5.jar:2.0.5]
	at com.netflix.eureka.cluster.ReplicationTaskProcessor.process(ReplicationTaskProcessor.java:80) ~[eureka-core-2.0.5.jar:2.0.5]
	at com.netflix.eureka.util.batcher.TaskExecutors$BatchWorkerRunnable.run(TaskExecutors.java:178) ~[eureka-core-2.0.5.jar:2.0.5]
	at java.base/java.lang.Thread.run(Thread.java:1583) ~[na:na]
Caused by: java.net.SocketTimeoutException: Read timed out
	at java.base/sun.nio.ch.NioSocketImpl.timedRead(NioSocketImpl.java:278) ~[na:na]
	at java.base/sun.nio.ch.NioSocketImpl.implRead(NioSocketImpl.java:304) ~[na:na]
	at java.base/sun.nio.ch.NioSocketImpl.read(NioSocketImpl.java:346) ~[na:na]
	at java.base/sun.nio.ch.NioSocketImpl$1.read(NioSocketImpl.java:796) ~[na:na]
	at java.base/java.net.Socket$SocketInputStream.read(Socket.java:1099) ~[na:na]
	at org.apache.http.impl.io.SessionInputBufferImpl.streamRead(SessionInputBufferImpl.java:137) ~[httpcore-4.4.16.jar:4.4.16]
	at org.apache.http.impl.io.SessionInputBufferImpl.fillBuffer(SessionInputBufferImpl.java:153) ~[httpcore-4.4.16.jar:4.4.16]
	at org.apache.http.impl.io.SessionInputBufferImpl.readLine(SessionInputBufferImpl.java:280) ~[httpcore-4.4.16.jar:4.4.16]
	at org.apache.http.impl.conn.DefaultHttpResponseParser.parseHead(DefaultHttpResponseParser.java:138) ~[httpclient-4.5.3.jar:4.5.3]
	at org.apache.http.impl.conn.DefaultHttpResponseParser.parseHead(DefaultHttpResponseParser.java:56) ~[httpclient-4.5.3.jar:4.5.3]
	at org.apache.http.impl.io.AbstractMessageParser.parse(AbstractMessageParser.java:259) ~[httpcore-4.4.16.jar:4.4.16]
	at org.apache.http.impl.DefaultBHttpClientConnection.receiveResponseHeader(DefaultBHttpClientConnection.java:163) ~[httpcore-4.4.16.jar:4.4.16]
	at org.apache.http.impl.conn.CPoolProxy.receiveResponseHeader(CPoolProxy.java:165) ~[httpclient-4.5.3.jar:4.5.3]
	at org.apache.http.protocol.HttpRequestExecutor.doReceiveResponse(HttpRequestExecutor.java:273) ~[httpcore-4.4.16.jar:4.4.16]
	at org.apache.http.protocol.HttpRequestExecutor.execute(HttpRequestExecutor.java:125) ~[httpcore-4.4.16.jar:4.4.16]
	at org.apache.http.impl.execchain.MainClientExec.execute(MainClientExec.java:272) ~[httpclient-4.5.3.jar:4.5.3]
	at org.apache.http.impl.execchain.ProtocolExec.execute(ProtocolExec.java:185) ~[httpclient-4.5.3.jar:4.5.3]
	at org.apache.http.impl.execchain.RetryExec.execute(RetryExec.java:89) ~[httpclient-4.5.3.jar:4.5.3]
	at org.apache.http.impl.execchain.RedirectExec.execute(RedirectExec.java:111) ~[httpclient-4.5.3.jar:4.5.3]
	at org.apache.http.impl.client.InternalHttpClient.doExecute(InternalHttpClient.java:185) ~[httpclient-4.5.3.jar:4.5.3]
	at org.apache.http.impl.client.CloseableHttpClient.execute(CloseableHttpClient.java:72) ~[httpclient-4.5.3.jar:4.5.3]
	at org.glassfish.jersey.apache.connector.ApacheConnector.apply(ApacheConnector.java:487) ~[jersey-apache-connector-3.0.5.jar:na]
	... 16 common frames omitted

2026-02-22T12:25:35.540+05:30 ERROR 25864 --- [SpringCloud_EurekaServer] [TaskBatchingWorker-target_localhost-4] [                                                 ] c.n.e.cluster.ReplicationTaskProcessor   : It seems to be a socket read timeout exception, it will retry later. if it continues to happen and some eureka node occupied all the cpu time, you should set property 'eureka.server.peer-node-read-timeout-ms' to a bigger value

jakarta.ws.rs.ProcessingException: java.net.SocketTimeoutException: Read timed out
	at org.glassfish.jersey.apache.connector.ApacheConnector.apply(ApacheConnector.java:535) ~[jersey-apache-connector-3.0.5.jar:na]
	at org.glassfish.jersey.client.ClientRuntime.invoke(ClientRuntime.java:300) ~[jersey-client-4.0.0.jar:na]
	at org.glassfish.jersey.client.JerseyInvocation.lambda$invoke$0(JerseyInvocation.java:671) ~[jersey-client-4.0.0.jar:na]
	at org.glassfish.jersey.client.JerseyInvocation.call(JerseyInvocation.java:706) ~[jersey-client-4.0.0.jar:na]
	at org.glassfish.jersey.client.JerseyInvocation.lambda$runInScope$3(JerseyInvocation.java:700) ~[jersey-client-4.0.0.jar:na]
	at org.glassfish.jersey.internal.Errors.process(Errors.java:292) ~[jersey-common-4.0.0.jar:na]
	at org.glassfish.jersey.internal.Errors.process(Errors.java:274) ~[jersey-common-4.0.0.jar:na]
	at org.glassfish.jersey.internal.Errors.process(Errors.java:205) ~[jersey-common-4.0.0.jar:na]
	at org.glassfish.jersey.process.internal.RequestScope.runInScope(RequestScope.java:391) ~[jersey-common-4.0.0.jar:na]
	at org.glassfish.jersey.client.JerseyInvocation.runInScope(JerseyInvocation.java:700) ~[jersey-client-4.0.0.jar:na]
	at org.glassfish.jersey.client.JerseyInvocation.invoke(JerseyInvocation.java:670) ~[jersey-client-4.0.0.jar:na]
	at org.glassfish.jersey.client.JerseyInvocation$Builder.method(JerseyInvocation.java:436) ~[jersey-client-4.0.0.jar:na]
	at org.glassfish.jersey.client.JerseyInvocation$Builder.post(JerseyInvocation.java:342) ~[jersey-client-4.0.0.jar:na]
	at com.netflix.eureka.transport.Jersey3ReplicationClient.submitBatchUpdates(Jersey3ReplicationClient.java:116) ~[eureka-core-jersey3-2.0.5.jar:2.0.5]
	at com.netflix.eureka.cluster.ReplicationTaskProcessor.process(ReplicationTaskProcessor.java:80) ~[eureka-core-2.0.5.jar:2.0.5]
	at com.netflix.eureka.util.batcher.TaskExecutors$BatchWorkerRunnable.run(TaskExecutors.java:178) ~[eureka-core-2.0.5.jar:2.0.5]
	at java.base/java.lang.Thread.run(Thread.java:1583) ~[na:na]
Caused by: java.net.SocketTimeoutException: Read timed out
	at java.base/sun.nio.ch.NioSocketImpl.timedRead(NioSocketImpl.java:278) ~[na:na]
	at java.base/sun.nio.ch.NioSocketImpl.implRead(NioSocketImpl.java:304) ~[na:na]
	at java.base/sun.nio.ch.NioSocketImpl.read(NioSocketImpl.java:346) ~[na:na]
	at java.base/sun.nio.ch.NioSocketImpl$1.read(NioSocketImpl.java:796) ~[na:na]
	at java.base/java.net.Socket$SocketInputStream.read(Socket.java:1099) ~[na:na]
	at org.apache.http.impl.io.SessionInputBufferImpl.streamRead(SessionInputBufferImpl.java:137) ~[httpcore-4.4.16.jar:4.4.16]
	at org.apache.http.impl.io.SessionInputBufferImpl.fillBuffer(SessionInputBufferImpl.java:153) ~[httpcore-4.4.16.jar:4.4.16]
	at org.apache.http.impl.io.SessionInputBufferImpl.readLine(SessionInputBufferImpl.java:280) ~[httpcore-4.4.16.jar:4.4.16]
	at org.apache.http.impl.conn.DefaultHttpResponseParser.parseHead(DefaultHttpResponseParser.java:138) ~[httpclient-4.5.3.jar:4.5.3]
	at org.apache.http.impl.conn.DefaultHttpResponseParser.parseHead(DefaultHttpResponseParser.java:56) ~[httpclient-4.5.3.jar:4.5.3]
	at org.apache.http.impl.io.AbstractMessageParser.parse(AbstractMessageParser.java:259) ~[httpcore-4.4.16.jar:4.4.16]
	at org.apache.http.impl.DefaultBHttpClientConnection.receiveResponseHeader(DefaultBHttpClientConnection.java:163) ~[httpcore-4.4.16.jar:4.4.16]
	at org.apache.http.impl.conn.CPoolProxy.receiveResponseHeader(CPoolProxy.java:165) ~[httpclient-4.5.3.jar:4.5.3]
	at org.apache.http.protocol.HttpRequestExecutor.doReceiveResponse(HttpRequestExecutor.java:273) ~[httpcore-4.4.16.jar:4.4.16]
	at org.apache.http.protocol.HttpRequestExecutor.execute(HttpRequestExecutor.java:125) ~[httpcore-4.4.16.jar:4.4.16]
	at org.apache.http.impl.execchain.MainClientExec.execute(MainClientExec.java:272) ~[httpclient-4.5.3.jar:4.5.3]
	at org.apache.http.impl.execchain.ProtocolExec.execute(ProtocolExec.java:185) ~[httpclient-4.5.3.jar:4.5.3]
	at org.apache.http.impl.execchain.RetryExec.execute(RetryExec.java:89) ~[httpclient-4.5.3.jar:4.5.3]
	at org.apache.http.impl.execchain.RedirectExec.execute(RedirectExec.java:111) ~[httpclient-4.5.3.jar:4.5.3]
	at org.apache.http.impl.client.InternalHttpClient.doExecute(InternalHttpClient.java:185) ~[httpclient-4.5.3.jar:4.5.3]
	at org.apache.http.impl.client.CloseableHttpClient.execute(CloseableHttpClient.java:72) ~[httpclient-4.5.3.jar:4.5.3]
	at org.glassfish.jersey.apache.connector.ApacheConnector.apply(ApacheConnector.java:487) ~[jersey-apache-connector-3.0.5.jar:na]
	... 16 common frames omitted

2026-02-22T12:25:39.176+05:30  INFO 25864 --- [SpringCloud_EurekaServer] [Eureka-EvictionTimer] [                                                 ] c.n.e.registry.AbstractInstanceRegistry  : Running the evict task with compensationTime 269ms
2026-02-22T12:26:39.009+05:30  INFO 25864 --- [SpringCloud_EurekaServer] [Eureka-EvictionTimer] [                                                 ] c.n.e.registry.AbstractInstanceRegistry  : Running the evict task with compensationTime 4ms
2026-02-22T12:27:39.012+05:30  INFO 25864 --- [SpringCloud_EurekaServer] [Eureka-EvictionTimer] [                                                 ] c.n.e.registry.AbstractInstanceRegistry  : Running the evict task with compensationTime 2ms
2026-02-22T12:28:39.020+05:30  INFO 25864 --- [SpringCloud_EurekaServer] [Eureka-EvictionTimer] [                                                 ] c.n.e.registry.AbstractInstanceRegistry  : Running the evict task with compensationTime 8ms
2026-02-22T12:29:39.035+05:30  INFO 25864 --- [SpringCloud_EurekaServer] [Eureka-EvictionTimer] [                                                 ] c.n.e.registry.AbstractInstanceRegistry  : Running the evict task with compensationTime 13ms
2026-02-22T12:30:27.010+05:30 ERROR 25864 --- [SpringCloud_EurekaServer] [TaskBatchingWorker-target_localhost-6] [                                                 ] c.n.e.cluster.ReplicationTaskProcessor   : It seems to be a socket read timeout exception, it will retry later. if it continues to happen and some eureka node occupied all the cpu time, you should set property 'eureka.server.peer-node-read-timeout-ms' to a bigger value

jakarta.ws.rs.ProcessingException: java.net.SocketTimeoutException: Read timed out
	at org.glassfish.jersey.apache.connector.ApacheConnector.apply(ApacheConnector.java:535) ~[jersey-apache-connector-3.0.5.jar:na]
	at org.glassfish.jersey.client.ClientRuntime.invoke(ClientRuntime.java:300) ~[jersey-client-4.0.0.jar:na]
	at org.glassfish.jersey.client.JerseyInvocation.lambda$invoke$0(JerseyInvocation.java:671) ~[jersey-client-4.0.0.jar:na]
	at org.glassfish.jersey.client.JerseyInvocation.call(JerseyInvocation.java:706) ~[jersey-client-4.0.0.jar:na]
	at org.glassfish.jersey.client.JerseyInvocation.lambda$runInScope$3(JerseyInvocation.java:700) ~[jersey-client-4.0.0.jar:na]
	at org.glassfish.jersey.internal.Errors.process(Errors.java:292) ~[jersey-common-4.0.0.jar:na]
	at org.glassfish.jersey.internal.Errors.process(Errors.java:274) ~[jersey-common-4.0.0.jar:na]
	at org.glassfish.jersey.internal.Errors.process(Errors.java:205) ~[jersey-common-4.0.0.jar:na]
	at org.glassfish.jersey.process.internal.RequestScope.runInScope(RequestScope.java:391) ~[jersey-common-4.0.0.jar:na]
	at org.glassfish.jersey.client.JerseyInvocation.runInScope(JerseyInvocation.java:700) ~[jersey-client-4.0.0.jar:na]
	at org.glassfish.jersey.client.JerseyInvocation.invoke(JerseyInvocation.java:670) ~[jersey-client-4.0.0.jar:na]
	at org.glassfish.jersey.client.JerseyInvocation$Builder.method(JerseyInvocation.java:436) ~[jersey-client-4.0.0.jar:na]
	at org.glassfish.jersey.client.JerseyInvocation$Builder.post(JerseyInvocation.java:342) ~[jersey-client-4.0.0.jar:na]
	at com.netflix.eureka.transport.Jersey3ReplicationClient.submitBatchUpdates(Jersey3ReplicationClient.java:116) ~[eureka-core-jersey3-2.0.5.jar:2.0.5]
	at com.netflix.eureka.cluster.ReplicationTaskProcessor.process(ReplicationTaskProcessor.java:80) ~[eureka-core-2.0.5.jar:2.0.5]
	at com.netflix.eureka.util.batcher.TaskExecutors$BatchWorkerRunnable.run(TaskExecutors.java:178) ~[eureka-core-2.0.5.jar:2.0.5]
	at java.base/java.lang.Thread.run(Thread.java:1583) ~[na:na]
Caused by: java.net.SocketTimeoutException: Read timed out
	at java.base/sun.nio.ch.NioSocketImpl.timedRead(NioSocketImpl.java:278) ~[na:na]
	at java.base/sun.nio.ch.NioSocketImpl.implRead(NioSocketImpl.java:304) ~[na:na]
	at java.base/sun.nio.ch.NioSocketImpl.read(NioSocketImpl.java:346) ~[na:na]
	at java.base/sun.nio.ch.NioSocketImpl$1.read(NioSocketImpl.java:796) ~[na:na]
	at java.base/java.net.Socket$SocketInputStream.read(Socket.java:1099) ~[na:na]
	at org.apache.http.impl.io.SessionInputBufferImpl.streamRead(SessionInputBufferImpl.java:137) ~[httpcore-4.4.16.jar:4.4.16]
	at org.apache.http.impl.io.SessionInputBufferImpl.fillBuffer(SessionInputBufferImpl.java:153) ~[httpcore-4.4.16.jar:4.4.16]
	at org.apache.http.impl.io.SessionInputBufferImpl.readLine(SessionInputBufferImpl.java:280) ~[httpcore-4.4.16.jar:4.4.16]
	at org.apache.http.impl.conn.DefaultHttpResponseParser.parseHead(DefaultHttpResponseParser.java:138) ~[httpclient-4.5.3.jar:4.5.3]
	at org.apache.http.impl.conn.DefaultHttpResponseParser.parseHead(DefaultHttpResponseParser.java:56) ~[httpclient-4.5.3.jar:4.5.3]
	at org.apache.http.impl.io.AbstractMessageParser.parse(AbstractMessageParser.java:259) ~[httpcore-4.4.16.jar:4.4.16]
	at org.apache.http.impl.DefaultBHttpClientConnection.receiveResponseHeader(DefaultBHttpClientConnection.java:163) ~[httpcore-4.4.16.jar:4.4.16]
	at org.apache.http.impl.conn.CPoolProxy.receiveResponseHeader(CPoolProxy.java:165) ~[httpclient-4.5.3.jar:4.5.3]
	at org.apache.http.protocol.HttpRequestExecutor.doReceiveResponse(HttpRequestExecutor.java:273) ~[httpcore-4.4.16.jar:4.4.16]
	at org.apache.http.protocol.HttpRequestExecutor.execute(HttpRequestExecutor.java:125) ~[httpcore-4.4.16.jar:4.4.16]
	at org.apache.http.impl.execchain.MainClientExec.execute(MainClientExec.java:272) ~[httpclient-4.5.3.jar:4.5.3]
	at org.apache.http.impl.execchain.ProtocolExec.execute(ProtocolExec.java:185) ~[httpclient-4.5.3.jar:4.5.3]
	at org.apache.http.impl.execchain.RetryExec.execute(RetryExec.java:89) ~[httpclient-4.5.3.jar:4.5.3]
	at org.apache.http.impl.execchain.RedirectExec.execute(RedirectExec.java:111) ~[httpclient-4.5.3.jar:4.5.3]
	at org.apache.http.impl.client.InternalHttpClient.doExecute(InternalHttpClient.java:185) ~[httpclient-4.5.3.jar:4.5.3]
	at org.apache.http.impl.client.CloseableHttpClient.execute(CloseableHttpClient.java:72) ~[httpclient-4.5.3.jar:4.5.3]
	at org.glassfish.jersey.apache.connector.ApacheConnector.apply(ApacheConnector.java:487) ~[jersey-apache-connector-3.0.5.jar:na]
	... 16 common frames omitted

2026-02-22T12:30:30.690+05:30 ERROR 25864 --- [SpringCloud_EurekaServer] [TaskBatchingWorker-target_localhost-17] [                                                 ] c.n.e.cluster.ReplicationTaskProcessor   : It seems to be a socket read timeout exception, it will retry later. if it continues to happen and some eureka node occupied all the cpu time, you should set property 'eureka.server.peer-node-read-timeout-ms' to a bigger value

jakarta.ws.rs.ProcessingException: java.net.SocketTimeoutException: Read timed out
	at org.glassfish.jersey.apache.connector.ApacheConnector.apply(ApacheConnector.java:535) ~[jersey-apache-connector-3.0.5.jar:na]
	at org.glassfish.jersey.client.ClientRuntime.invoke(ClientRuntime.java:300) ~[jersey-client-4.0.0.jar:na]
	at org.glassfish.jersey.client.JerseyInvocation.lambda$invoke$0(JerseyInvocation.java:671) ~[jersey-client-4.0.0.jar:na]
	at org.glassfish.jersey.client.JerseyInvocation.call(JerseyInvocation.java:706) ~[jersey-client-4.0.0.jar:na]
	at org.glassfish.jersey.client.JerseyInvocation.lambda$runInScope$3(JerseyInvocation.java:700) ~[jersey-client-4.0.0.jar:na]
	at org.glassfish.jersey.internal.Errors.process(Errors.java:292) ~[jersey-common-4.0.0.jar:na]
	at org.glassfish.jersey.internal.Errors.process(Errors.java:274) ~[jersey-common-4.0.0.jar:na]
	at org.glassfish.jersey.internal.Errors.process(Errors.java:205) ~[jersey-common-4.0.0.jar:na]
	at org.glassfish.jersey.process.internal.RequestScope.runInScope(RequestScope.java:391) ~[jersey-common-4.0.0.jar:na]
	at org.glassfish.jersey.client.JerseyInvocation.runInScope(JerseyInvocation.java:700) ~[jersey-client-4.0.0.jar:na]
	at org.glassfish.jersey.client.JerseyInvocation.invoke(JerseyInvocation.java:670) ~[jersey-client-4.0.0.jar:na]
	at org.glassfish.jersey.client.JerseyInvocation$Builder.method(JerseyInvocation.java:436) ~[jersey-client-4.0.0.jar:na]
	at org.glassfish.jersey.client.JerseyInvocation$Builder.post(JerseyInvocation.java:342) ~[jersey-client-4.0.0.jar:na]
	at com.netflix.eureka.transport.Jersey3ReplicationClient.submitBatchUpdates(Jersey3ReplicationClient.java:116) ~[eureka-core-jersey3-2.0.5.jar:2.0.5]
	at com.netflix.eureka.cluster.ReplicationTaskProcessor.process(ReplicationTaskProcessor.java:80) ~[eureka-core-2.0.5.jar:2.0.5]
	at com.netflix.eureka.util.batcher.TaskExecutors$BatchWorkerRunnable.run(TaskExecutors.java:178) ~[eureka-core-2.0.5.jar:2.0.5]
	at java.base/java.lang.Thread.run(Thread.java:1583) ~[na:na]
Caused by: java.net.SocketTimeoutException: Read timed out
	at java.base/sun.nio.ch.NioSocketImpl.timedRead(NioSocketImpl.java:278) ~[na:na]
	at java.base/sun.nio.ch.NioSocketImpl.implRead(NioSocketImpl.java:304) ~[na:na]
	at java.base/sun.nio.ch.NioSocketImpl.read(NioSocketImpl.java:346) ~[na:na]
	at java.base/sun.nio.ch.NioSocketImpl$1.read(NioSocketImpl.java:796) ~[na:na]
	at java.base/java.net.Socket$SocketInputStream.read(Socket.java:1099) ~[na:na]
	at org.apache.http.impl.io.SessionInputBufferImpl.streamRead(SessionInputBufferImpl.java:137) ~[httpcore-4.4.16.jar:4.4.16]
	at org.apache.http.impl.io.SessionInputBufferImpl.fillBuffer(SessionInputBufferImpl.java:153) ~[httpcore-4.4.16.jar:4.4.16]
	at org.apache.http.impl.io.SessionInputBufferImpl.readLine(SessionInputBufferImpl.java:280) ~[httpcore-4.4.16.jar:4.4.16]
	at org.apache.http.impl.conn.DefaultHttpResponseParser.parseHead(DefaultHttpResponseParser.java:138) ~[httpclient-4.5.3.jar:4.5.3]
	at org.apache.http.impl.conn.DefaultHttpResponseParser.parseHead(DefaultHttpResponseParser.java:56) ~[httpclient-4.5.3.jar:4.5.3]
	at org.apache.http.impl.io.AbstractMessageParser.parse(AbstractMessageParser.java:259) ~[httpcore-4.4.16.jar:4.4.16]
	at org.apache.http.impl.DefaultBHttpClientConnection.receiveResponseHeader(DefaultBHttpClientConnection.java:163) ~[httpcore-4.4.16.jar:4.4.16]
	at org.apache.http.impl.conn.CPoolProxy.receiveResponseHeader(CPoolProxy.java:165) ~[httpclient-4.5.3.jar:4.5.3]
	at org.apache.http.protocol.HttpRequestExecutor.doReceiveResponse(HttpRequestExecutor.java:273) ~[httpcore-4.4.16.jar:4.4.16]
	at org.apache.http.protocol.HttpRequestExecutor.execute(HttpRequestExecutor.java:125) ~[httpcore-4.4.16.jar:4.4.16]
	at org.apache.http.impl.execchain.MainClientExec.execute(MainClientExec.java:272) ~[httpclient-4.5.3.jar:4.5.3]
	at org.apache.http.impl.execchain.ProtocolExec.execute(ProtocolExec.java:185) ~[httpclient-4.5.3.jar:4.5.3]
	at org.apache.http.impl.execchain.RetryExec.execute(RetryExec.java:89) ~[httpclient-4.5.3.jar:4.5.3]
	at org.apache.http.impl.execchain.RedirectExec.execute(RedirectExec.java:111) ~[httpclient-4.5.3.jar:4.5.3]
	at org.apache.http.impl.client.InternalHttpClient.doExecute(InternalHttpClient.java:185) ~[httpclient-4.5.3.jar:4.5.3]
	at org.apache.http.impl.client.CloseableHttpClient.execute(CloseableHttpClient.java:72) ~[httpclient-4.5.3.jar:4.5.3]
	at org.glassfish.jersey.apache.connector.ApacheConnector.apply(ApacheConnector.java:487) ~[jersey-apache-connector-3.0.5.jar:na]
	... 16 common frames omitted

2026-02-22T12:30:31.370+05:30 ERROR 25864 --- [SpringCloud_EurekaServer] [TaskBatchingWorker-target_localhost-6] [                                                 ] c.n.e.cluster.ReplicationTaskProcessor   : It seems to be a socket read timeout exception, it will retry later. if it continues to happen and some eureka node occupied all the cpu time, you should set property 'eureka.server.peer-node-read-timeout-ms' to a bigger value

jakarta.ws.rs.ProcessingException: java.net.SocketTimeoutException: Read timed out
	at org.glassfish.jersey.apache.connector.ApacheConnector.apply(ApacheConnector.java:535) ~[jersey-apache-connector-3.0.5.jar:na]
	at org.glassfish.jersey.client.ClientRuntime.invoke(ClientRuntime.java:300) ~[jersey-client-4.0.0.jar:na]
	at org.glassfish.jersey.client.JerseyInvocation.lambda$invoke$0(JerseyInvocation.java:671) ~[jersey-client-4.0.0.jar:na]
	at org.glassfish.jersey.client.JerseyInvocation.call(JerseyInvocation.java:706) ~[jersey-client-4.0.0.jar:na]
	at org.glassfish.jersey.client.JerseyInvocation.lambda$runInScope$3(JerseyInvocation.java:700) ~[jersey-client-4.0.0.jar:na]
	at org.glassfish.jersey.internal.Errors.process(Errors.java:292) ~[jersey-common-4.0.0.jar:na]
	at org.glassfish.jersey.internal.Errors.process(Errors.java:274) ~[jersey-common-4.0.0.jar:na]
	at org.glassfish.jersey.internal.Errors.process(Errors.java:205) ~[jersey-common-4.0.0.jar:na]
	at org.glassfish.jersey.process.internal.RequestScope.runInScope(RequestScope.java:391) ~[jersey-common-4.0.0.jar:na]
	at org.glassfish.jersey.client.JerseyInvocation.runInScope(JerseyInvocation.java:700) ~[jersey-client-4.0.0.jar:na]
	at org.glassfish.jersey.client.JerseyInvocation.invoke(JerseyInvocation.java:670) ~[jersey-client-4.0.0.jar:na]
	at org.glassfish.jersey.client.JerseyInvocation$Builder.method(JerseyInvocation.java:436) ~[jersey-client-4.0.0.jar:na]
	at org.glassfish.jersey.client.JerseyInvocation$Builder.post(JerseyInvocation.java:342) ~[jersey-client-4.0.0.jar:na]
	at com.netflix.eureka.transport.Jersey3ReplicationClient.submitBatchUpdates(Jersey3ReplicationClient.java:116) ~[eureka-core-jersey3-2.0.5.jar:2.0.5]
	at com.netflix.eureka.cluster.ReplicationTaskProcessor.process(ReplicationTaskProcessor.java:80) ~[eureka-core-2.0.5.jar:2.0.5]
	at com.netflix.eureka.util.batcher.TaskExecutors$BatchWorkerRunnable.run(TaskExecutors.java:178) ~[eureka-core-2.0.5.jar:2.0.5]
	at java.base/java.lang.Thread.run(Thread.java:1583) ~[na:na]
Caused by: java.net.SocketTimeoutException: Read timed out
	at java.base/sun.nio.ch.NioSocketImpl.timedRead(NioSocketImpl.java:278) ~[na:na]
	at java.base/sun.nio.ch.NioSocketImpl.implRead(NioSocketImpl.java:304) ~[na:na]
	at java.base/sun.nio.ch.NioSocketImpl.read(NioSocketImpl.java:346) ~[na:na]
	at java.base/sun.nio.ch.NioSocketImpl$1.read(NioSocketImpl.java:796) ~[na:na]
	at java.base/java.net.Socket$SocketInputStream.read(Socket.java:1099) ~[na:na]
	at org.apache.http.impl.io.SessionInputBufferImpl.streamRead(SessionInputBufferImpl.java:137) ~[httpcore-4.4.16.jar:4.4.16]
	at org.apache.http.impl.io.SessionInputBufferImpl.fillBuffer(SessionInputBufferImpl.java:153) ~[httpcore-4.4.16.jar:4.4.16]
	at org.apache.http.impl.io.SessionInputBufferImpl.readLine(SessionInputBufferImpl.java:280) ~[httpcore-4.4.16.jar:4.4.16]
	at org.apache.http.impl.conn.DefaultHttpResponseParser.parseHead(DefaultHttpResponseParser.java:138) ~[httpclient-4.5.3.jar:4.5.3]
	at org.apache.http.impl.conn.DefaultHttpResponseParser.parseHead(DefaultHttpResponseParser.java:56) ~[httpclient-4.5.3.jar:4.5.3]
	at org.apache.http.impl.io.AbstractMessageParser.parse(AbstractMessageParser.java:259) ~[httpcore-4.4.16.jar:4.4.16]
	at org.apache.http.impl.DefaultBHttpClientConnection.receiveResponseHeader(DefaultBHttpClientConnection.java:163) ~[httpcore-4.4.16.jar:4.4.16]
	at org.apache.http.impl.conn.CPoolProxy.receiveResponseHeader(CPoolProxy.java:165) ~[httpclient-4.5.3.jar:4.5.3]
	at org.apache.http.protocol.HttpRequestExecutor.doReceiveResponse(HttpRequestExecutor.java:273) ~[httpcore-4.4.16.jar:4.4.16]
	at org.apache.http.protocol.HttpRequestExecutor.execute(HttpRequestExecutor.java:125) ~[httpcore-4.4.16.jar:4.4.16]
	at org.apache.http.impl.execchain.MainClientExec.execute(MainClientExec.java:272) ~[httpclient-4.5.3.jar:4.5.3]
	at org.apache.http.impl.execchain.ProtocolExec.execute(ProtocolExec.java:185) ~[httpclient-4.5.3.jar:4.5.3]
	at org.apache.http.impl.execchain.RetryExec.execute(RetryExec.java:89) ~[httpclient-4.5.3.jar:4.5.3]
	at org.apache.http.impl.execchain.RedirectExec.execute(RedirectExec.java:111) ~[httpclient-4.5.3.jar:4.5.3]
	at org.apache.http.impl.client.InternalHttpClient.doExecute(InternalHttpClient.java:185) ~[httpclient-4.5.3.jar:4.5.3]
	at org.apache.http.impl.client.CloseableHttpClient.execute(CloseableHttpClient.java:72) ~[httpclient-4.5.3.jar:4.5.3]
	at org.glassfish.jersey.apache.connector.ApacheConnector.apply(ApacheConnector.java:487) ~[jersey-apache-connector-3.0.5.jar:na]
	... 16 common frames omitted

2026-02-22T12:30:32.654+05:30 ERROR 25864 --- [SpringCloud_EurekaServer] [TaskBatchingWorker-target_localhost-6] [                                                 ] c.n.e.cluster.ReplicationTaskProcessor   : It seems to be a socket read timeout exception, it will retry later. if it continues to happen and some eureka node occupied all the cpu time, you should set property 'eureka.server.peer-node-read-timeout-ms' to a bigger value

jakarta.ws.rs.ProcessingException: java.net.SocketTimeoutException: Read timed out
	at org.glassfish.jersey.apache.connector.ApacheConnector.apply(ApacheConnector.java:535) ~[jersey-apache-connector-3.0.5.jar:na]
	at org.glassfish.jersey.client.ClientRuntime.invoke(ClientRuntime.java:300) ~[jersey-client-4.0.0.jar:na]
	at org.glassfish.jersey.client.JerseyInvocation.lambda$invoke$0(JerseyInvocation.java:671) ~[jersey-client-4.0.0.jar:na]
	at org.glassfish.jersey.client.JerseyInvocation.call(JerseyInvocation.java:706) ~[jersey-client-4.0.0.jar:na]
	at org.glassfish.jersey.client.JerseyInvocation.lambda$runInScope$3(JerseyInvocation.java:700) ~[jersey-client-4.0.0.jar:na]
	at org.glassfish.jersey.internal.Errors.process(Errors.java:292) ~[jersey-common-4.0.0.jar:na]
	at org.glassfish.jersey.internal.Errors.process(Errors.java:274) ~[jersey-common-4.0.0.jar:na]
	at org.glassfish.jersey.internal.Errors.process(Errors.java:205) ~[jersey-common-4.0.0.jar:na]
	at org.glassfish.jersey.process.internal.RequestScope.runInScope(RequestScope.java:391) ~[jersey-common-4.0.0.jar:na]
	at org.glassfish.jersey.client.JerseyInvocation.runInScope(JerseyInvocation.java:700) ~[jersey-client-4.0.0.jar:na]
	at org.glassfish.jersey.client.JerseyInvocation.invoke(JerseyInvocation.java:670) ~[jersey-client-4.0.0.jar:na]
	at org.glassfish.jersey.client.JerseyInvocation$Builder.method(JerseyInvocation.java:436) ~[jersey-client-4.0.0.jar:na]
	at org.glassfish.jersey.client.JerseyInvocation$Builder.post(JerseyInvocation.java:342) ~[jersey-client-4.0.0.jar:na]
	at com.netflix.eureka.transport.Jersey3ReplicationClient.submitBatchUpdates(Jersey3ReplicationClient.java:116) ~[eureka-core-jersey3-2.0.5.jar:2.0.5]
	at com.netflix.eureka.cluster.ReplicationTaskProcessor.process(ReplicationTaskProcessor.java:80) ~[eureka-core-2.0.5.jar:2.0.5]
	at com.netflix.eureka.util.batcher.TaskExecutors$BatchWorkerRunnable.run(TaskExecutors.java:178) ~[eureka-core-2.0.5.jar:2.0.5]
	at java.base/java.lang.Thread.run(Thread.java:1583) ~[na:na]
Caused by: java.net.SocketTimeoutException: Read timed out
	at java.base/sun.nio.ch.NioSocketImpl.timedRead(NioSocketImpl.java:278) ~[na:na]
	at java.base/sun.nio.ch.NioSocketImpl.implRead(NioSocketImpl.java:304) ~[na:na]
	at java.base/sun.nio.ch.NioSocketImpl.read(NioSocketImpl.java:346) ~[na:na]
	at java.base/sun.nio.ch.NioSocketImpl$1.read(NioSocketImpl.java:796) ~[na:na]
	at java.base/java.net.Socket$SocketInputStream.read(Socket.java:1099) ~[na:na]
	at org.apache.http.impl.io.SessionInputBufferImpl.streamRead(SessionInputBufferImpl.java:137) ~[httpcore-4.4.16.jar:4.4.16]
	at org.apache.http.impl.io.SessionInputBufferImpl.fillBuffer(SessionInputBufferImpl.java:153) ~[httpcore-4.4.16.jar:4.4.16]
	at org.apache.http.impl.io.SessionInputBufferImpl.readLine(SessionInputBufferImpl.java:280) ~[httpcore-4.4.16.jar:4.4.16]
	at org.apache.http.impl.conn.DefaultHttpResponseParser.parseHead(DefaultHttpResponseParser.java:138) ~[httpclient-4.5.3.jar:4.5.3]
	at org.apache.http.impl.conn.DefaultHttpResponseParser.parseHead(DefaultHttpResponseParser.java:56) ~[httpclient-4.5.3.jar:4.5.3]
	at org.apache.http.impl.io.AbstractMessageParser.parse(AbstractMessageParser.java:259) ~[httpcore-4.4.16.jar:4.4.16]
	at org.apache.http.impl.DefaultBHttpClientConnection.receiveResponseHeader(DefaultBHttpClientConnection.java:163) ~[httpcore-4.4.16.jar:4.4.16]
	at org.apache.http.impl.conn.CPoolProxy.receiveResponseHeader(CPoolProxy.java:165) ~[httpclient-4.5.3.jar:4.5.3]
	at org.apache.http.protocol.HttpRequestExecutor.doReceiveResponse(HttpRequestExecutor.java:273) ~[httpcore-4.4.16.jar:4.4.16]
	at org.apache.http.protocol.HttpRequestExecutor.execute(HttpRequestExecutor.java:125) ~[httpcore-4.4.16.jar:4.4.16]
	at org.apache.http.impl.execchain.MainClientExec.execute(MainClientExec.java:272) ~[httpclient-4.5.3.jar:4.5.3]
	at org.apache.http.impl.execchain.ProtocolExec.execute(ProtocolExec.java:185) ~[httpclient-4.5.3.jar:4.5.3]
	at org.apache.http.impl.execchain.RetryExec.execute(RetryExec.java:89) ~[httpclient-4.5.3.jar:4.5.3]
	at org.apache.http.impl.execchain.RedirectExec.execute(RedirectExec.java:111) ~[httpclient-4.5.3.jar:4.5.3]
	at org.apache.http.impl.client.InternalHttpClient.doExecute(InternalHttpClient.java:185) ~[httpclient-4.5.3.jar:4.5.3]
	at org.apache.http.impl.client.CloseableHttpClient.execute(CloseableHttpClient.java:72) ~[httpclient-4.5.3.jar:4.5.3]
	at org.glassfish.jersey.apache.connector.ApacheConnector.apply(ApacheConnector.java:487) ~[jersey-apache-connector-3.0.5.jar:na]
	... 16 common frames omitted

2026-02-22T12:30:39.034+05:30  INFO 25864 --- [SpringCloud_EurekaServer] [Eureka-EvictionTimer] [                                                 ] c.n.e.registry.AbstractInstanceRegistry  : Running the evict task with compensationTime 0ms
2026-02-22T12:31:39.039+05:30  INFO 25864 --- [SpringCloud_EurekaServer] [Eureka-EvictionTimer] [                                                 ] c.n.e.registry.AbstractInstanceRegistry  : Running the evict task with compensationTime 0ms
2026-02-22T12:31:56.819+05:30 ERROR 25864 --- [SpringCloud_EurekaServer] [TaskBatchingWorker-target_localhost-19] [                                                 ] c.n.e.cluster.ReplicationTaskProcessor   : It seems to be a socket read timeout exception, it will retry later. if it continues to happen and some eureka node occupied all the cpu time, you should set property 'eureka.server.peer-node-read-timeout-ms' to a bigger value

jakarta.ws.rs.ProcessingException: java.net.SocketTimeoutException: Read timed out
	at org.glassfish.jersey.apache.connector.ApacheConnector.apply(ApacheConnector.java:535) ~[jersey-apache-connector-3.0.5.jar:na]
	at org.glassfish.jersey.client.ClientRuntime.invoke(ClientRuntime.java:300) ~[jersey-client-4.0.0.jar:na]
	at org.glassfish.jersey.client.JerseyInvocation.lambda$invoke$0(JerseyInvocation.java:671) ~[jersey-client-4.0.0.jar:na]
	at org.glassfish.jersey.client.JerseyInvocation.call(JerseyInvocation.java:706) ~[jersey-client-4.0.0.jar:na]
	at org.glassfish.jersey.client.JerseyInvocation.lambda$runInScope$3(JerseyInvocation.java:700) ~[jersey-client-4.0.0.jar:na]
	at org.glassfish.jersey.internal.Errors.process(Errors.java:292) ~[jersey-common-4.0.0.jar:na]
	at org.glassfish.jersey.internal.Errors.process(Errors.java:274) ~[jersey-common-4.0.0.jar:na]
	at org.glassfish.jersey.internal.Errors.process(Errors.java:205) ~[jersey-common-4.0.0.jar:na]
	at org.glassfish.jersey.process.internal.RequestScope.runInScope(RequestScope.java:391) ~[jersey-common-4.0.0.jar:na]
	at org.glassfish.jersey.client.JerseyInvocation.runInScope(JerseyInvocation.java:700) ~[jersey-client-4.0.0.jar:na]
	at org.glassfish.jersey.client.JerseyInvocation.invoke(JerseyInvocation.java:670) ~[jersey-client-4.0.0.jar:na]
	at org.glassfish.jersey.client.JerseyInvocation$Builder.method(JerseyInvocation.java:436) ~[jersey-client-4.0.0.jar:na]
	at org.glassfish.jersey.client.JerseyInvocation$Builder.post(JerseyInvocation.java:342) ~[jersey-client-4.0.0.jar:na]
	at com.netflix.eureka.transport.Jersey3ReplicationClient.submitBatchUpdates(Jersey3ReplicationClient.java:116) ~[eureka-core-jersey3-2.0.5.jar:2.0.5]
	at com.netflix.eureka.cluster.ReplicationTaskProcessor.process(ReplicationTaskProcessor.java:80) ~[eureka-core-2.0.5.jar:2.0.5]
	at com.netflix.eureka.util.batcher.TaskExecutors$BatchWorkerRunnable.run(TaskExecutors.java:178) ~[eureka-core-2.0.5.jar:2.0.5]
	at java.base/java.lang.Thread.run(Thread.java:1583) ~[na:na]
Caused by: java.net.SocketTimeoutException: Read timed out
	at java.base/sun.nio.ch.NioSocketImpl.timedRead(NioSocketImpl.java:278) ~[na:na]
	at java.base/sun.nio.ch.NioSocketImpl.implRead(NioSocketImpl.java:304) ~[na:na]
	at java.base/sun.nio.ch.NioSocketImpl.read(NioSocketImpl.java:346) ~[na:na]
	at java.base/sun.nio.ch.NioSocketImpl$1.read(NioSocketImpl.java:796) ~[na:na]
	at java.base/java.net.Socket$SocketInputStream.read(Socket.java:1099) ~[na:na]
	at org.apache.http.impl.io.SessionInputBufferImpl.streamRead(SessionInputBufferImpl.java:137) ~[httpcore-4.4.16.jar:4.4.16]
	at org.apache.http.impl.io.SessionInputBufferImpl.fillBuffer(SessionInputBufferImpl.java:153) ~[httpcore-4.4.16.jar:4.4.16]
	at org.apache.http.impl.io.SessionInputBufferImpl.readLine(SessionInputBufferImpl.java:280) ~[httpcore-4.4.16.jar:4.4.16]
	at org.apache.http.impl.conn.DefaultHttpResponseParser.parseHead(DefaultHttpResponseParser.java:138) ~[httpclient-4.5.3.jar:4.5.3]
	at org.apache.http.impl.conn.DefaultHttpResponseParser.parseHead(DefaultHttpResponseParser.java:56) ~[httpclient-4.5.3.jar:4.5.3]
	at org.apache.http.impl.io.AbstractMessageParser.parse(AbstractMessageParser.java:259) ~[httpcore-4.4.16.jar:4.4.16]
	at org.apache.http.impl.DefaultBHttpClientConnection.receiveResponseHeader(DefaultBHttpClientConnection.java:163) ~[httpcore-4.4.16.jar:4.4.16]
	at org.apache.http.impl.conn.CPoolProxy.receiveResponseHeader(CPoolProxy.java:165) ~[httpclient-4.5.3.jar:4.5.3]
	at org.apache.http.protocol.HttpRequestExecutor.doReceiveResponse(HttpRequestExecutor.java:273) ~[httpcore-4.4.16.jar:4.4.16]
	at org.apache.http.protocol.HttpRequestExecutor.execute(HttpRequestExecutor.java:125) ~[httpcore-4.4.16.jar:4.4.16]
	at org.apache.http.impl.execchain.MainClientExec.execute(MainClientExec.java:272) ~[httpclient-4.5.3.jar:4.5.3]
	at org.apache.http.impl.execchain.ProtocolExec.execute(ProtocolExec.java:185) ~[httpclient-4.5.3.jar:4.5.3]
	at org.apache.http.impl.execchain.RetryExec.execute(RetryExec.java:89) ~[httpclient-4.5.3.jar:4.5.3]
	at org.apache.http.impl.execchain.RedirectExec.execute(RedirectExec.java:111) ~[httpclient-4.5.3.jar:4.5.3]
	at org.apache.http.impl.client.InternalHttpClient.doExecute(InternalHttpClient.java:185) ~[httpclient-4.5.3.jar:4.5.3]
	at org.apache.http.impl.client.CloseableHttpClient.execute(CloseableHttpClient.java:72) ~[httpclient-4.5.3.jar:4.5.3]
	at org.glassfish.jersey.apache.connector.ApacheConnector.apply(ApacheConnector.java:487) ~[jersey-apache-connector-3.0.5.jar:na]
	... 16 common frames omitted

2026-02-22T12:32:38.147+05:30  INFO 25864 --- [SpringCloud_EurekaServer] [ReplicaAwareInstanceRegistry - RenewalThresholdUpdater] [                                                 ] c.n.e.r.PeerAwareInstanceRegistryImpl    : Current renewal threshold is : 10
2026-02-22T12:32:39.042+05:30  INFO 25864 --- [SpringCloud_EurekaServer] [Eureka-EvictionTimer] [                                                 ] c.n.e.registry.AbstractInstanceRegistry  : Running the evict task with compensationTime 7ms
2026-02-22T12:33:39.055+05:30  INFO 25864 --- [SpringCloud_EurekaServer] [Eureka-EvictionTimer] [                                                 ] c.n.e.registry.AbstractInstanceRegistry  : Running the evict task with compensationTime 12ms
2026-02-22T12:34:39.061+05:30  INFO 25864 --- [SpringCloud_EurekaServer] [Eureka-EvictionTimer] [                                                 ] c.n.e.registry.AbstractInstanceRegistry  : Running the evict task with compensationTime 6ms
2026-02-22T12:35:39.067+05:30  INFO 25864 --- [SpringCloud_EurekaServer] [Eureka-EvictionTimer] [                                                 ] c.n.e.registry.AbstractInstanceRegistry  : Running the evict task with compensationTime 5ms
2026-02-22T12:36:10.570+05:30 ERROR 25864 --- [SpringCloud_EurekaServer] [TaskBatchingWorker-target_localhost-13] [                                                 ] c.n.e.cluster.ReplicationTaskProcessor   : It seems to be a socket read timeout exception, it will retry later. if it continues to happen and some eureka node occupied all the cpu time, you should set property 'eureka.server.peer-node-read-timeout-ms' to a bigger value

jakarta.ws.rs.ProcessingException: java.net.SocketTimeoutException: Read timed out
	at org.glassfish.jersey.apache.connector.ApacheConnector.apply(ApacheConnector.java:535) ~[jersey-apache-connector-3.0.5.jar:na]
	at org.glassfish.jersey.client.ClientRuntime.invoke(ClientRuntime.java:300) ~[jersey-client-4.0.0.jar:na]
	at org.glassfish.jersey.client.JerseyInvocation.lambda$invoke$0(JerseyInvocation.java:671) ~[jersey-client-4.0.0.jar:na]
	at org.glassfish.jersey.client.JerseyInvocation.call(JerseyInvocation.java:706) ~[jersey-client-4.0.0.jar:na]
	at org.glassfish.jersey.client.JerseyInvocation.lambda$runInScope$3(JerseyInvocation.java:700) ~[jersey-client-4.0.0.jar:na]
	at org.glassfish.jersey.internal.Errors.process(Errors.java:292) ~[jersey-common-4.0.0.jar:na]
	at org.glassfish.jersey.internal.Errors.process(Errors.java:274) ~[jersey-common-4.0.0.jar:na]
	at org.glassfish.jersey.internal.Errors.process(Errors.java:205) ~[jersey-common-4.0.0.jar:na]
	at org.glassfish.jersey.process.internal.RequestScope.runInScope(RequestScope.java:391) ~[jersey-common-4.0.0.jar:na]
	at org.glassfish.jersey.client.JerseyInvocation.runInScope(JerseyInvocation.java:700) ~[jersey-client-4.0.0.jar:na]
	at org.glassfish.jersey.client.JerseyInvocation.invoke(JerseyInvocation.java:670) ~[jersey-client-4.0.0.jar:na]
	at org.glassfish.jersey.client.JerseyInvocation$Builder.method(JerseyInvocation.java:436) ~[jersey-client-4.0.0.jar:na]
	at org.glassfish.jersey.client.JerseyInvocation$Builder.post(JerseyInvocation.java:342) ~[jersey-client-4.0.0.jar:na]
	at com.netflix.eureka.transport.Jersey3ReplicationClient.submitBatchUpdates(Jersey3ReplicationClient.java:116) ~[eureka-core-jersey3-2.0.5.jar:2.0.5]
	at com.netflix.eureka.cluster.ReplicationTaskProcessor.process(ReplicationTaskProcessor.java:80) ~[eureka-core-2.0.5.jar:2.0.5]
	at com.netflix.eureka.util.batcher.TaskExecutors$BatchWorkerRunnable.run(TaskExecutors.java:178) ~[eureka-core-2.0.5.jar:2.0.5]
	at java.base/java.lang.Thread.run(Thread.java:1583) ~[na:na]
Caused by: java.net.SocketTimeoutException: Read timed out
	at java.base/sun.nio.ch.NioSocketImpl.timedRead(NioSocketImpl.java:278) ~[na:na]
	at java.base/sun.nio.ch.NioSocketImpl.implRead(NioSocketImpl.java:304) ~[na:na]
	at java.base/sun.nio.ch.NioSocketImpl.read(NioSocketImpl.java:346) ~[na:na]
	at java.base/sun.nio.ch.NioSocketImpl$1.read(NioSocketImpl.java:796) ~[na:na]
	at java.base/java.net.Socket$SocketInputStream.read(Socket.java:1099) ~[na:na]
	at org.apache.http.impl.io.SessionInputBufferImpl.streamRead(SessionInputBufferImpl.java:137) ~[httpcore-4.4.16.jar:4.4.16]
	at org.apache.http.impl.io.SessionInputBufferImpl.fillBuffer(SessionInputBufferImpl.java:153) ~[httpcore-4.4.16.jar:4.4.16]
	at org.apache.http.impl.io.SessionInputBufferImpl.readLine(SessionInputBufferImpl.java:280) ~[httpcore-4.4.16.jar:4.4.16]
	at org.apache.http.impl.conn.DefaultHttpResponseParser.parseHead(DefaultHttpResponseParser.java:138) ~[httpclient-4.5.3.jar:4.5.3]
	at org.apache.http.impl.conn.DefaultHttpResponseParser.parseHead(DefaultHttpResponseParser.java:56) ~[httpclient-4.5.3.jar:4.5.3]
	at org.apache.http.impl.io.AbstractMessageParser.parse(AbstractMessageParser.java:259) ~[httpcore-4.4.16.jar:4.4.16]
	at org.apache.http.impl.DefaultBHttpClientConnection.receiveResponseHeader(DefaultBHttpClientConnection.java:163) ~[httpcore-4.4.16.jar:4.4.16]
	at org.apache.http.impl.conn.CPoolProxy.receiveResponseHeader(CPoolProxy.java:165) ~[httpclient-4.5.3.jar:4.5.3]
	at org.apache.http.protocol.HttpRequestExecutor.doReceiveResponse(HttpRequestExecutor.java:273) ~[httpcore-4.4.16.jar:4.4.16]
	at org.apache.http.protocol.HttpRequestExecutor.execute(HttpRequestExecutor.java:125) ~[httpcore-4.4.16.jar:4.4.16]
	at org.apache.http.impl.execchain.MainClientExec.execute(MainClientExec.java:272) ~[httpclient-4.5.3.jar:4.5.3]
	at org.apache.http.impl.execchain.ProtocolExec.execute(ProtocolExec.java:185) ~[httpclient-4.5.3.jar:4.5.3]
	at org.apache.http.impl.execchain.RetryExec.execute(RetryExec.java:89) ~[httpclient-4.5.3.jar:4.5.3]
	at org.apache.http.impl.execchain.RedirectExec.execute(RedirectExec.java:111) ~[httpclient-4.5.3.jar:4.5.3]
	at org.apache.http.impl.client.InternalHttpClient.doExecute(InternalHttpClient.java:185) ~[httpclient-4.5.3.jar:4.5.3]
	at org.apache.http.impl.client.CloseableHttpClient.execute(CloseableHttpClient.java:72) ~[httpclient-4.5.3.jar:4.5.3]
	at org.glassfish.jersey.apache.connector.ApacheConnector.apply(ApacheConnector.java:487) ~[jersey-apache-connector-3.0.5.jar:na]
	... 16 common frames omitted

2026-02-22T12:36:39.068+05:30  INFO 25864 --- [SpringCloud_EurekaServer] [Eureka-EvictionTimer] [                                                 ] c.n.e.registry.AbstractInstanceRegistry  : Running the evict task with compensationTime 0ms
2026-02-22T12:37:08.326+05:30  INFO 25864 --- [SpringCloud_EurekaServer] [http-nio-8761-exec-4] [699aab1cf0d12b473c71617aab4c1bd1-3c71617aab4c1bd1] c.n.e.registry.AbstractInstanceRegistry  : Registered instance CARTORDERSERVICE/DESKTOP-ECRRR37.mshome.net:CartOrderService:8083 with status DOWN (replication=false)
2026-02-22T12:37:08.503+05:30  INFO 25864 --- [SpringCloud_EurekaServer] [http-nio-8761-exec-2] [699aab1c42c2e083e0a5446e4a3bb763-e0a5446e4a3bb763] c.n.e.registry.AbstractInstanceRegistry  : Registered instance CARTORDERSERVICE/DESKTOP-ECRRR37.mshome.net:CartOrderService:8083 with status DOWN (replication=true)
2026-02-22T12:37:08.529+05:30  WARN 25864 --- [SpringCloud_EurekaServer] [TaskBatchingWorker-target_localhost-16] [                                                 ] c.n.eureka.cluster.ReplicationTask       : The replication of task CARTORDERSERVICE/DESKTOP-ECRRR37.mshome.net:CartOrderService:8083:Heartbeat@localhost failed with response code 409
2026-02-22T12:37:08.536+05:30  WARN 25864 --- [SpringCloud_EurekaServer] [TaskBatchingWorker-target_localhost-16] [                                                 ] c.netflix.eureka.cluster.PeerEurekaNode  : Peer wants us to take the instance information from it, since the timestamp differs,Id : DESKTOP-ECRRR37.mshome.net:CartOrderService:8083 My Timestamp : 1771743179648, Peer's timestamp: 1771744028207
2026-02-22T12:37:08.541+05:30  INFO 25864 --- [SpringCloud_EurekaServer] [TaskBatchingWorker-target_localhost-16] [                                                 ] c.n.e.registry.AbstractInstanceRegistry  : Registered instance CARTORDERSERVICE/DESKTOP-ECRRR37.mshome.net:CartOrderService:8083 with status DOWN (replication=true)
2026-02-22T12:37:39.069+05:30  INFO 25864 --- [SpringCloud_EurekaServer] [Eureka-EvictionTimer] [                                                 ] c.n.e.registry.AbstractInstanceRegistry  : Running the evict task with compensationTime 1ms
2026-02-22T12:38:39.072+05:30  INFO 25864 --- [SpringCloud_EurekaServer] [Eureka-EvictionTimer] [                                                 ] c.n.e.registry.AbstractInstanceRegistry  : Running the evict task with compensationTime 1ms
2026-02-22T12:38:39.085+05:30  INFO 25864 --- [SpringCloud_EurekaServer] [Eureka-EvictionTimer] [                                                 ] c.n.e.registry.AbstractInstanceRegistry  : Evicting 1 items (expired=1, evictionLimit=1)
2026-02-22T12:38:39.094+05:30  WARN 25864 --- [SpringCloud_EurekaServer] [Eureka-EvictionTimer] [                                                 ] c.n.e.registry.AbstractInstanceRegistry  : DS: Registry: expired lease for CARTORDERSERVICE/DESKTOP-ECRRR37.mshome.net:CartOrderService:8083
2026-02-22T12:38:39.106+05:30  INFO 25864 --- [SpringCloud_EurekaServer] [Eureka-EvictionTimer] [                                                 ] c.n.e.registry.AbstractInstanceRegistry  : Cancelled instance CARTORDERSERVICE/DESKTOP-ECRRR37.mshome.net:CartOrderService:8083 (replication=false)
2026-02-22T12:38:47.247+05:30  INFO 25864 --- [SpringCloud_EurekaServer] [http-nio-8761-exec-1] [699aab7fd9f239ec53d7a3c52f544090-53d7a3c52f544090] c.n.e.registry.AbstractInstanceRegistry  : Registered instance CARTORDERSERVICE/DESKTOP-ECRRR37.mshome.net:CartOrderService:8083 with status UP (replication=false)
2026-02-22T12:38:47.761+05:30  INFO 25864 --- [SpringCloud_EurekaServer] [http-nio-8761-exec-9] [699aab7f4ecfdee95cab68351cec41c7-5cab68351cec41c7] c.n.e.registry.AbstractInstanceRegistry  : Registered instance CARTORDERSERVICE/DESKTOP-ECRRR37.mshome.net:CartOrderService:8083 with status UP (replication=true)
2026-02-22T12:39:01.516+05:30 ERROR 25864 --- [SpringCloud_EurekaServer] [TaskBatchingWorker-target_localhost-7] [                                                 ] c.n.e.cluster.ReplicationTaskProcessor   : It seems to be a socket read timeout exception, it will retry later. if it continues to happen and some eureka node occupied all the cpu time, you should set property 'eureka.server.peer-node-read-timeout-ms' to a bigger value

jakarta.ws.rs.ProcessingException: java.net.SocketTimeoutException: Read timed out
	at org.glassfish.jersey.apache.connector.ApacheConnector.apply(ApacheConnector.java:535) ~[jersey-apache-connector-3.0.5.jar:na]
	at org.glassfish.jersey.client.ClientRuntime.invoke(ClientRuntime.java:300) ~[jersey-client-4.0.0.jar:na]
	at org.glassfish.jersey.client.JerseyInvocation.lambda$invoke$0(JerseyInvocation.java:671) ~[jersey-client-4.0.0.jar:na]
	at org.glassfish.jersey.client.JerseyInvocation.call(JerseyInvocation.java:706) ~[jersey-client-4.0.0.jar:na]
	at org.glassfish.jersey.client.JerseyInvocation.lambda$runInScope$3(JerseyInvocation.java:700) ~[jersey-client-4.0.0.jar:na]
	at org.glassfish.jersey.internal.Errors.process(Errors.java:292) ~[jersey-common-4.0.0.jar:na]
	at org.glassfish.jersey.internal.Errors.process(Errors.java:274) ~[jersey-common-4.0.0.jar:na]
	at org.glassfish.jersey.internal.Errors.process(Errors.java:205) ~[jersey-common-4.0.0.jar:na]
	at org.glassfish.jersey.process.internal.RequestScope.runInScope(RequestScope.java:391) ~[jersey-common-4.0.0.jar:na]
	at org.glassfish.jersey.client.JerseyInvocation.runInScope(JerseyInvocation.java:700) ~[jersey-client-4.0.0.jar:na]
	at org.glassfish.jersey.client.JerseyInvocation.invoke(JerseyInvocation.java:670) ~[jersey-client-4.0.0.jar:na]
	at org.glassfish.jersey.client.JerseyInvocation$Builder.method(JerseyInvocation.java:436) ~[jersey-client-4.0.0.jar:na]
	at org.glassfish.jersey.client.JerseyInvocation$Builder.post(JerseyInvocation.java:342) ~[jersey-client-4.0.0.jar:na]
	at com.netflix.eureka.transport.Jersey3ReplicationClient.submitBatchUpdates(Jersey3ReplicationClient.java:116) ~[eureka-core-jersey3-2.0.5.jar:2.0.5]
	at com.netflix.eureka.cluster.ReplicationTaskProcessor.process(ReplicationTaskProcessor.java:80) ~[eureka-core-2.0.5.jar:2.0.5]
	at com.netflix.eureka.util.batcher.TaskExecutors$BatchWorkerRunnable.run(TaskExecutors.java:178) ~[eureka-core-2.0.5.jar:2.0.5]
	at java.base/java.lang.Thread.run(Thread.java:1583) ~[na:na]
Caused by: java.net.SocketTimeoutException: Read timed out
	at java.base/sun.nio.ch.NioSocketImpl.timedRead(NioSocketImpl.java:278) ~[na:na]
	at java.base/sun.nio.ch.NioSocketImpl.implRead(NioSocketImpl.java:304) ~[na:na]
	at java.base/sun.nio.ch.NioSocketImpl.read(NioSocketImpl.java:346) ~[na:na]
	at java.base/sun.nio.ch.NioSocketImpl$1.read(NioSocketImpl.java:796) ~[na:na]
	at java.base/java.net.Socket$SocketInputStream.read(Socket.java:1099) ~[na:na]
	at org.apache.http.impl.io.SessionInputBufferImpl.streamRead(SessionInputBufferImpl.java:137) ~[httpcore-4.4.16.jar:4.4.16]
	at org.apache.http.impl.io.SessionInputBufferImpl.fillBuffer(SessionInputBufferImpl.java:153) ~[httpcore-4.4.16.jar:4.4.16]
	at org.apache.http.impl.io.SessionInputBufferImpl.readLine(SessionInputBufferImpl.java:280) ~[httpcore-4.4.16.jar:4.4.16]
	at org.apache.http.impl.conn.DefaultHttpResponseParser.parseHead(DefaultHttpResponseParser.java:138) ~[httpclient-4.5.3.jar:4.5.3]
	at org.apache.http.impl.conn.DefaultHttpResponseParser.parseHead(DefaultHttpResponseParser.java:56) ~[httpclient-4.5.3.jar:4.5.3]
	at org.apache.http.impl.io.AbstractMessageParser.parse(AbstractMessageParser.java:259) ~[httpcore-4.4.16.jar:4.4.16]
	at org.apache.http.impl.DefaultBHttpClientConnection.receiveResponseHeader(DefaultBHttpClientConnection.java:163) ~[httpcore-4.4.16.jar:4.4.16]
	at org.apache.http.impl.conn.CPoolProxy.receiveResponseHeader(CPoolProxy.java:165) ~[httpclient-4.5.3.jar:4.5.3]
	at org.apache.http.protocol.HttpRequestExecutor.doReceiveResponse(HttpRequestExecutor.java:273) ~[httpcore-4.4.16.jar:4.4.16]
	at org.apache.http.protocol.HttpRequestExecutor.execute(HttpRequestExecutor.java:125) ~[httpcore-4.4.16.jar:4.4.16]
	at org.apache.http.impl.execchain.MainClientExec.execute(MainClientExec.java:272) ~[httpclient-4.5.3.jar:4.5.3]
	at org.apache.http.impl.execchain.ProtocolExec.execute(ProtocolExec.java:185) ~[httpclient-4.5.3.jar:4.5.3]
	at org.apache.http.impl.execchain.RetryExec.execute(RetryExec.java:89) ~[httpclient-4.5.3.jar:4.5.3]
	at org.apache.http.impl.execchain.RedirectExec.execute(RedirectExec.java:111) ~[httpclient-4.5.3.jar:4.5.3]
	at org.apache.http.impl.client.InternalHttpClient.doExecute(InternalHttpClient.java:185) ~[httpclient-4.5.3.jar:4.5.3]
	at org.apache.http.impl.client.CloseableHttpClient.execute(CloseableHttpClient.java:72) ~[httpclient-4.5.3.jar:4.5.3]
	at org.glassfish.jersey.apache.connector.ApacheConnector.apply(ApacheConnector.java:487) ~[jersey-apache-connector-3.0.5.jar:na]
	... 16 common frames omitted

2026-02-22T12:39:18.585+05:30 ERROR 25864 --- [SpringCloud_EurekaServer] [TaskBatchingWorker-target_localhost-15] [                                                 ] c.n.e.cluster.ReplicationTaskProcessor   : It seems to be a socket read timeout exception, it will retry later. if it continues to happen and some eureka node occupied all the cpu time, you should set property 'eureka.server.peer-node-read-timeout-ms' to a bigger value

jakarta.ws.rs.ProcessingException: java.net.SocketTimeoutException: Read timed out
	at org.glassfish.jersey.apache.connector.ApacheConnector.apply(ApacheConnector.java:535) ~[jersey-apache-connector-3.0.5.jar:na]
	at org.glassfish.jersey.client.ClientRuntime.invoke(ClientRuntime.java:300) ~[jersey-client-4.0.0.jar:na]
	at org.glassfish.jersey.client.JerseyInvocation.lambda$invoke$0(JerseyInvocation.java:671) ~[jersey-client-4.0.0.jar:na]
	at org.glassfish.jersey.client.JerseyInvocation.call(JerseyInvocation.java:706) ~[jersey-client-4.0.0.jar:na]
	at org.glassfish.jersey.client.JerseyInvocation.lambda$runInScope$3(JerseyInvocation.java:700) ~[jersey-client-4.0.0.jar:na]
	at org.glassfish.jersey.internal.Errors.process(Errors.java:292) ~[jersey-common-4.0.0.jar:na]
	at org.glassfish.jersey.internal.Errors.process(Errors.java:274) ~[jersey-common-4.0.0.jar:na]
	at org.glassfish.jersey.internal.Errors.process(Errors.java:205) ~[jersey-common-4.0.0.jar:na]
	at org.glassfish.jersey.process.internal.RequestScope.runInScope(RequestScope.java:391) ~[jersey-common-4.0.0.jar:na]
	at org.glassfish.jersey.client.JerseyInvocation.runInScope(JerseyInvocation.java:700) ~[jersey-client-4.0.0.jar:na]
	at org.glassfish.jersey.client.JerseyInvocation.invoke(JerseyInvocation.java:670) ~[jersey-client-4.0.0.jar:na]
	at org.glassfish.jersey.client.JerseyInvocation$Builder.method(JerseyInvocation.java:436) ~[jersey-client-4.0.0.jar:na]
	at org.glassfish.jersey.client.JerseyInvocation$Builder.post(JerseyInvocation.java:342) ~[jersey-client-4.0.0.jar:na]
	at com.netflix.eureka.transport.Jersey3ReplicationClient.submitBatchUpdates(Jersey3ReplicationClient.java:116) ~[eureka-core-jersey3-2.0.5.jar:2.0.5]
	at com.netflix.eureka.cluster.ReplicationTaskProcessor.process(ReplicationTaskProcessor.java:80) ~[eureka-core-2.0.5.jar:2.0.5]
	at com.netflix.eureka.util.batcher.TaskExecutors$BatchWorkerRunnable.run(TaskExecutors.java:178) ~[eureka-core-2.0.5.jar:2.0.5]
	at java.base/java.lang.Thread.run(Thread.java:1583) ~[na:na]
Caused by: java.net.SocketTimeoutException: Read timed out
	at java.base/sun.nio.ch.NioSocketImpl.timedRead(NioSocketImpl.java:278) ~[na:na]
	at java.base/sun.nio.ch.NioSocketImpl.implRead(NioSocketImpl.java:304) ~[na:na]
	at java.base/sun.nio.ch.NioSocketImpl.read(NioSocketImpl.java:346) ~[na:na]
	at java.base/sun.nio.ch.NioSocketImpl$1.read(NioSocketImpl.java:796) ~[na:na]
	at java.base/java.net.Socket$SocketInputStream.read(Socket.java:1099) ~[na:na]
	at org.apache.http.impl.io.SessionInputBufferImpl.streamRead(SessionInputBufferImpl.java:137) ~[httpcore-4.4.16.jar:4.4.16]
	at org.apache.http.impl.io.SessionInputBufferImpl.fillBuffer(SessionInputBufferImpl.java:153) ~[httpcore-4.4.16.jar:4.4.16]
	at org.apache.http.impl.io.SessionInputBufferImpl.readLine(SessionInputBufferImpl.java:280) ~[httpcore-4.4.16.jar:4.4.16]
	at org.apache.http.impl.conn.DefaultHttpResponseParser.parseHead(DefaultHttpResponseParser.java:138) ~[httpclient-4.5.3.jar:4.5.3]
	at org.apache.http.impl.conn.DefaultHttpResponseParser.parseHead(DefaultHttpResponseParser.java:56) ~[httpclient-4.5.3.jar:4.5.3]
	at org.apache.http.impl.io.AbstractMessageParser.parse(AbstractMessageParser.java:259) ~[httpcore-4.4.16.jar:4.4.16]
	at org.apache.http.impl.DefaultBHttpClientConnection.receiveResponseHeader(DefaultBHttpClientConnection.java:163) ~[httpcore-4.4.16.jar:4.4.16]
	at org.apache.http.impl.conn.CPoolProxy.receiveResponseHeader(CPoolProxy.java:165) ~[httpclient-4.5.3.jar:4.5.3]
	at org.apache.http.protocol.HttpRequestExecutor.doReceiveResponse(HttpRequestExecutor.java:273) ~[httpcore-4.4.16.jar:4.4.16]
	at org.apache.http.protocol.HttpRequestExecutor.execute(HttpRequestExecutor.java:125) ~[httpcore-4.4.16.jar:4.4.16]
	at org.apache.http.impl.execchain.MainClientExec.execute(MainClientExec.java:272) ~[httpclient-4.5.3.jar:4.5.3]
	at org.apache.http.impl.execchain.ProtocolExec.execute(ProtocolExec.java:185) ~[httpclient-4.5.3.jar:4.5.3]
	at org.apache.http.impl.execchain.RetryExec.execute(RetryExec.java:89) ~[httpclient-4.5.3.jar:4.5.3]
	at org.apache.http.impl.execchain.RedirectExec.execute(RedirectExec.java:111) ~[httpclient-4.5.3.jar:4.5.3]
	at org.apache.http.impl.client.InternalHttpClient.doExecute(InternalHttpClient.java:185) ~[httpclient-4.5.3.jar:4.5.3]
	at org.apache.http.impl.client.CloseableHttpClient.execute(CloseableHttpClient.java:72) ~[httpclient-4.5.3.jar:4.5.3]
	at org.glassfish.jersey.apache.connector.ApacheConnector.apply(ApacheConnector.java:487) ~[jersey-apache-connector-3.0.5.jar:na]
	... 16 common frames omitted

2026-02-22T12:39:39.072+05:30  INFO 25864 --- [SpringCloud_EurekaServer] [Eureka-EvictionTimer] [                                                 ] c.n.e.registry.AbstractInstanceRegistry  : Running the evict task with compensationTime 0ms
2026-02-22T12:39:48.604+05:30 ERROR 25864 --- [SpringCloud_EurekaServer] [TaskBatchingWorker-target_localhost-16] [                                                 ] c.n.e.cluster.ReplicationTaskProcessor   : It seems to be a socket read timeout exception, it will retry later. if it continues to happen and some eureka node occupied all the cpu time, you should set property 'eureka.server.peer-node-read-timeout-ms' to a bigger value

jakarta.ws.rs.ProcessingException: java.net.SocketTimeoutException: Read timed out
	at org.glassfish.jersey.apache.connector.ApacheConnector.apply(ApacheConnector.java:535) ~[jersey-apache-connector-3.0.5.jar:na]
	at org.glassfish.jersey.client.ClientRuntime.invoke(ClientRuntime.java:300) ~[jersey-client-4.0.0.jar:na]
	at org.glassfish.jersey.client.JerseyInvocation.lambda$invoke$0(JerseyInvocation.java:671) ~[jersey-client-4.0.0.jar:na]
	at org.glassfish.jersey.client.JerseyInvocation.call(JerseyInvocation.java:706) ~[jersey-client-4.0.0.jar:na]
	at org.glassfish.jersey.client.JerseyInvocation.lambda$runInScope$3(JerseyInvocation.java:700) ~[jersey-client-4.0.0.jar:na]
	at org.glassfish.jersey.internal.Errors.process(Errors.java:292) ~[jersey-common-4.0.0.jar:na]
	at org.glassfish.jersey.internal.Errors.process(Errors.java:274) ~[jersey-common-4.0.0.jar:na]
	at org.glassfish.jersey.internal.Errors.process(Errors.java:205) ~[jersey-common-4.0.0.jar:na]
	at org.glassfish.jersey.process.internal.RequestScope.runInScope(RequestScope.java:391) ~[jersey-common-4.0.0.jar:na]
	at org.glassfish.jersey.client.JerseyInvocation.runInScope(JerseyInvocation.java:700) ~[jersey-client-4.0.0.jar:na]
	at org.glassfish.jersey.client.JerseyInvocation.invoke(JerseyInvocation.java:670) ~[jersey-client-4.0.0.jar:na]
	at org.glassfish.jersey.client.JerseyInvocation$Builder.method(JerseyInvocation.java:436) ~[jersey-client-4.0.0.jar:na]
	at org.glassfish.jersey.client.JerseyInvocation$Builder.post(JerseyInvocation.java:342) ~[jersey-client-4.0.0.jar:na]
	at com.netflix.eureka.transport.Jersey3ReplicationClient.submitBatchUpdates(Jersey3ReplicationClient.java:116) ~[eureka-core-jersey3-2.0.5.jar:2.0.5]
	at com.netflix.eureka.cluster.ReplicationTaskProcessor.process(ReplicationTaskProcessor.java:80) ~[eureka-core-2.0.5.jar:2.0.5]
	at com.netflix.eureka.util.batcher.TaskExecutors$BatchWorkerRunnable.run(TaskExecutors.java:178) ~[eureka-core-2.0.5.jar:2.0.5]
	at java.base/java.lang.Thread.run(Thread.java:1583) ~[na:na]
Caused by: java.net.SocketTimeoutException: Read timed out
	at java.base/sun.nio.ch.NioSocketImpl.timedRead(NioSocketImpl.java:278) ~[na:na]
	at java.base/sun.nio.ch.NioSocketImpl.implRead(NioSocketImpl.java:304) ~[na:na]
	at java.base/sun.nio.ch.NioSocketImpl.read(NioSocketImpl.java:346) ~[na:na]
	at java.base/sun.nio.ch.NioSocketImpl$1.read(NioSocketImpl.java:796) ~[na:na]
	at java.base/java.net.Socket$SocketInputStream.read(Socket.java:1099) ~[na:na]
	at org.apache.http.impl.io.SessionInputBufferImpl.streamRead(SessionInputBufferImpl.java:137) ~[httpcore-4.4.16.jar:4.4.16]
	at org.apache.http.impl.io.SessionInputBufferImpl.fillBuffer(SessionInputBufferImpl.java:153) ~[httpcore-4.4.16.jar:4.4.16]
	at org.apache.http.impl.io.SessionInputBufferImpl.readLine(SessionInputBufferImpl.java:280) ~[httpcore-4.4.16.jar:4.4.16]
	at org.apache.http.impl.conn.DefaultHttpResponseParser.parseHead(DefaultHttpResponseParser.java:138) ~[httpclient-4.5.3.jar:4.5.3]
	at org.apache.http.impl.conn.DefaultHttpResponseParser.parseHead(DefaultHttpResponseParser.java:56) ~[httpclient-4.5.3.jar:4.5.3]
	at org.apache.http.impl.io.AbstractMessageParser.parse(AbstractMessageParser.java:259) ~[httpcore-4.4.16.jar:4.4.16]
	at org.apache.http.impl.DefaultBHttpClientConnection.receiveResponseHeader(DefaultBHttpClientConnection.java:163) ~[httpcore-4.4.16.jar:4.4.16]
	at org.apache.http.impl.conn.CPoolProxy.receiveResponseHeader(CPoolProxy.java:165) ~[httpclient-4.5.3.jar:4.5.3]
	at org.apache.http.protocol.HttpRequestExecutor.doReceiveResponse(HttpRequestExecutor.java:273) ~[httpcore-4.4.16.jar:4.4.16]
	at org.apache.http.protocol.HttpRequestExecutor.execute(HttpRequestExecutor.java:125) ~[httpcore-4.4.16.jar:4.4.16]
	at org.apache.http.impl.execchain.MainClientExec.execute(MainClientExec.java:272) ~[httpclient-4.5.3.jar:4.5.3]
	at org.apache.http.impl.execchain.ProtocolExec.execute(ProtocolExec.java:185) ~[httpclient-4.5.3.jar:4.5.3]
	at org.apache.http.impl.execchain.RetryExec.execute(RetryExec.java:89) ~[httpclient-4.5.3.jar:4.5.3]
	at org.apache.http.impl.execchain.RedirectExec.execute(RedirectExec.java:111) ~[httpclient-4.5.3.jar:4.5.3]
	at org.apache.http.impl.client.InternalHttpClient.doExecute(InternalHttpClient.java:185) ~[httpclient-4.5.3.jar:4.5.3]
	at org.apache.http.impl.client.CloseableHttpClient.execute(CloseableHttpClient.java:72) ~[httpclient-4.5.3.jar:4.5.3]
	at org.glassfish.jersey.apache.connector.ApacheConnector.apply(ApacheConnector.java:487) ~[jersey-apache-connector-3.0.5.jar:na]
	... 16 common frames omitted

2026-02-22T12:39:51.677+05:30 ERROR 25864 --- [SpringCloud_EurekaServer] [TaskBatchingWorker-target_localhost-17] [                                                 ] c.n.e.cluster.ReplicationTaskProcessor   : It seems to be a socket read timeout exception, it will retry later. if it continues to happen and some eureka node occupied all the cpu time, you should set property 'eureka.server.peer-node-read-timeout-ms' to a bigger value

jakarta.ws.rs.ProcessingException: java.net.SocketTimeoutException: Read timed out
	at org.glassfish.jersey.apache.connector.ApacheConnector.apply(ApacheConnector.java:535) ~[jersey-apache-connector-3.0.5.jar:na]
	at org.glassfish.jersey.client.ClientRuntime.invoke(ClientRuntime.java:300) ~[jersey-client-4.0.0.jar:na]
	at org.glassfish.jersey.client.JerseyInvocation.lambda$invoke$0(JerseyInvocation.java:671) ~[jersey-client-4.0.0.jar:na]
	at org.glassfish.jersey.client.JerseyInvocation.call(JerseyInvocation.java:706) ~[jersey-client-4.0.0.jar:na]
	at org.glassfish.jersey.client.JerseyInvocation.lambda$runInScope$3(JerseyInvocation.java:700) ~[jersey-client-4.0.0.jar:na]
	at org.glassfish.jersey.internal.Errors.process(Errors.java:292) ~[jersey-common-4.0.0.jar:na]
	at org.glassfish.jersey.internal.Errors.process(Errors.java:274) ~[jersey-common-4.0.0.jar:na]
	at org.glassfish.jersey.internal.Errors.process(Errors.java:205) ~[jersey-common-4.0.0.jar:na]
	at org.glassfish.jersey.process.internal.RequestScope.runInScope(RequestScope.java:391) ~[jersey-common-4.0.0.jar:na]
	at org.glassfish.jersey.client.JerseyInvocation.runInScope(JerseyInvocation.java:700) ~[jersey-client-4.0.0.jar:na]
	at org.glassfish.jersey.client.JerseyInvocation.invoke(JerseyInvocation.java:670) ~[jersey-client-4.0.0.jar:na]
	at org.glassfish.jersey.client.JerseyInvocation$Builder.method(JerseyInvocation.java:436) ~[jersey-client-4.0.0.jar:na]
	at org.glassfish.jersey.client.JerseyInvocation$Builder.post(JerseyInvocation.java:342) ~[jersey-client-4.0.0.jar:na]
	at com.netflix.eureka.transport.Jersey3ReplicationClient.submitBatchUpdates(Jersey3ReplicationClient.java:116) ~[eureka-core-jersey3-2.0.5.jar:2.0.5]
	at com.netflix.eureka.cluster.ReplicationTaskProcessor.process(ReplicationTaskProcessor.java:80) ~[eureka-core-2.0.5.jar:2.0.5]
	at com.netflix.eureka.util.batcher.TaskExecutors$BatchWorkerRunnable.run(TaskExecutors.java:178) ~[eureka-core-2.0.5.jar:2.0.5]
	at java.base/java.lang.Thread.run(Thread.java:1583) ~[na:na]
Caused by: java.net.SocketTimeoutException: Read timed out
	at java.base/sun.nio.ch.NioSocketImpl.timedRead(NioSocketImpl.java:278) ~[na:na]
	at java.base/sun.nio.ch.NioSocketImpl.implRead(NioSocketImpl.java:304) ~[na:na]
	at java.base/sun.nio.ch.NioSocketImpl.read(NioSocketImpl.java:346) ~[na:na]
	at java.base/sun.nio.ch.NioSocketImpl$1.read(NioSocketImpl.java:796) ~[na:na]
	at java.base/java.net.Socket$SocketInputStream.read(Socket.java:1099) ~[na:na]
	at org.apache.http.impl.io.SessionInputBufferImpl.streamRead(SessionInputBufferImpl.java:137) ~[httpcore-4.4.16.jar:4.4.16]
	at org.apache.http.impl.io.SessionInputBufferImpl.fillBuffer(SessionInputBufferImpl.java:153) ~[httpcore-4.4.16.jar:4.4.16]
	at org.apache.http.impl.io.SessionInputBufferImpl.readLine(SessionInputBufferImpl.java:280) ~[httpcore-4.4.16.jar:4.4.16]
	at org.apache.http.impl.conn.DefaultHttpResponseParser.parseHead(DefaultHttpResponseParser.java:138) ~[httpclient-4.5.3.jar:4.5.3]
	at org.apache.http.impl.conn.DefaultHttpResponseParser.parseHead(DefaultHttpResponseParser.java:56) ~[httpclient-4.5.3.jar:4.5.3]
	at org.apache.http.impl.io.AbstractMessageParser.parse(AbstractMessageParser.java:259) ~[httpcore-4.4.16.jar:4.4.16]
	at org.apache.http.impl.DefaultBHttpClientConnection.receiveResponseHeader(DefaultBHttpClientConnection.java:163) ~[httpcore-4.4.16.jar:4.4.16]
	at org.apache.http.impl.conn.CPoolProxy.receiveResponseHeader(CPoolProxy.java:165) ~[httpclient-4.5.3.jar:4.5.3]
	at org.apache.http.protocol.HttpRequestExecutor.doReceiveResponse(HttpRequestExecutor.java:273) ~[httpcore-4.4.16.jar:4.4.16]
	at org.apache.http.protocol.HttpRequestExecutor.execute(HttpRequestExecutor.java:125) ~[httpcore-4.4.16.jar:4.4.16]
	at org.apache.http.impl.execchain.MainClientExec.execute(MainClientExec.java:272) ~[httpclient-4.5.3.jar:4.5.3]
	at org.apache.http.impl.execchain.ProtocolExec.execute(ProtocolExec.java:185) ~[httpclient-4.5.3.jar:4.5.3]
	at org.apache.http.impl.execchain.RetryExec.execute(RetryExec.java:89) ~[httpclient-4.5.3.jar:4.5.3]
	at org.apache.http.impl.execchain.RedirectExec.execute(RedirectExec.java:111) ~[httpclient-4.5.3.jar:4.5.3]
	at org.apache.http.impl.client.InternalHttpClient.doExecute(InternalHttpClient.java:185) ~[httpclient-4.5.3.jar:4.5.3]
	at org.apache.http.impl.client.CloseableHttpClient.execute(CloseableHttpClient.java:72) ~[httpclient-4.5.3.jar:4.5.3]
	at org.glassfish.jersey.apache.connector.ApacheConnector.apply(ApacheConnector.java:487) ~[jersey-apache-connector-3.0.5.jar:na]
	... 16 common frames omitted

2026-02-22T12:40:39.486+05:30  INFO 25864 --- [SpringCloud_EurekaServer] [Eureka-EvictionTimer] [                                                 ] c.n.e.registry.AbstractInstanceRegistry  : Running the evict task with compensationTime 14ms
2026-02-22T12:40:57.999+05:30 ERROR 25864 --- [SpringCloud_EurekaServer] [TaskBatchingWorker-target_localhost-12] [                                                 ] c.n.e.cluster.ReplicationTaskProcessor   : It seems to be a socket read timeout exception, it will retry later. if it continues to happen and some eureka node occupied all the cpu time, you should set property 'eureka.server.peer-node-read-timeout-ms' to a bigger value

jakarta.ws.rs.ProcessingException: java.net.SocketTimeoutException: Read timed out
	at org.glassfish.jersey.apache.connector.ApacheConnector.apply(ApacheConnector.java:535) ~[jersey-apache-connector-3.0.5.jar:na]
	at org.glassfish.jersey.client.ClientRuntime.invoke(ClientRuntime.java:300) ~[jersey-client-4.0.0.jar:na]
	at org.glassfish.jersey.client.JerseyInvocation.lambda$invoke$0(JerseyInvocation.java:671) ~[jersey-client-4.0.0.jar:na]
	at org.glassfish.jersey.client.JerseyInvocation.call(JerseyInvocation.java:706) ~[jersey-client-4.0.0.jar:na]
	at org.glassfish.jersey.client.JerseyInvocation.lambda$runInScope$3(JerseyInvocation.java:700) ~[jersey-client-4.0.0.jar:na]
	at org.glassfish.jersey.internal.Errors.process(Errors.java:292) ~[jersey-common-4.0.0.jar:na]
	at org.glassfish.jersey.internal.Errors.process(Errors.java:274) ~[jersey-common-4.0.0.jar:na]
	at org.glassfish.jersey.internal.Errors.process(Errors.java:205) ~[jersey-common-4.0.0.jar:na]
	at org.glassfish.jersey.process.internal.RequestScope.runInScope(RequestScope.java:391) ~[jersey-common-4.0.0.jar:na]
	at org.glassfish.jersey.client.JerseyInvocation.runInScope(JerseyInvocation.java:700) ~[jersey-client-4.0.0.jar:na]
	at org.glassfish.jersey.client.JerseyInvocation.invoke(JerseyInvocation.java:670) ~[jersey-client-4.0.0.jar:na]
	at org.glassfish.jersey.client.JerseyInvocation$Builder.method(JerseyInvocation.java:436) ~[jersey-client-4.0.0.jar:na]
	at org.glassfish.jersey.client.JerseyInvocation$Builder.post(JerseyInvocation.java:342) ~[jersey-client-4.0.0.jar:na]
	at com.netflix.eureka.transport.Jersey3ReplicationClient.submitBatchUpdates(Jersey3ReplicationClient.java:116) ~[eureka-core-jersey3-2.0.5.jar:2.0.5]
	at com.netflix.eureka.cluster.ReplicationTaskProcessor.process(ReplicationTaskProcessor.java:80) ~[eureka-core-2.0.5.jar:2.0.5]
	at com.netflix.eureka.util.batcher.TaskExecutors$BatchWorkerRunnable.run(TaskExecutors.java:178) ~[eureka-core-2.0.5.jar:2.0.5]
	at java.base/java.lang.Thread.run(Thread.java:1583) ~[na:na]
Caused by: java.net.SocketTimeoutException: Read timed out
	at java.base/sun.nio.ch.NioSocketImpl.timedRead(NioSocketImpl.java:278) ~[na:na]
	at java.base/sun.nio.ch.NioSocketImpl.implRead(NioSocketImpl.java:304) ~[na:na]
	at java.base/sun.nio.ch.NioSocketImpl.read(NioSocketImpl.java:346) ~[na:na]
	at java.base/sun.nio.ch.NioSocketImpl$1.read(NioSocketImpl.java:796) ~[na:na]
	at java.base/java.net.Socket$SocketInputStream.read(Socket.java:1099) ~[na:na]
	at org.apache.http.impl.io.SessionInputBufferImpl.streamRead(SessionInputBufferImpl.java:137) ~[httpcore-4.4.16.jar:4.4.16]
	at org.apache.http.impl.io.SessionInputBufferImpl.fillBuffer(SessionInputBufferImpl.java:153) ~[httpcore-4.4.16.jar:4.4.16]
	at org.apache.http.impl.io.SessionInputBufferImpl.readLine(SessionInputBufferImpl.java:280) ~[httpcore-4.4.16.jar:4.4.16]
	at org.apache.http.impl.conn.DefaultHttpResponseParser.parseHead(DefaultHttpResponseParser.java:138) ~[httpclient-4.5.3.jar:4.5.3]
	at org.apache.http.impl.conn.DefaultHttpResponseParser.parseHead(DefaultHttpResponseParser.java:56) ~[httpclient-4.5.3.jar:4.5.3]
	at org.apache.http.impl.io.AbstractMessageParser.parse(AbstractMessageParser.java:259) ~[httpcore-4.4.16.jar:4.4.16]
	at org.apache.http.impl.DefaultBHttpClientConnection.receiveResponseHeader(DefaultBHttpClientConnection.java:163) ~[httpcore-4.4.16.jar:4.4.16]
	at org.apache.http.impl.conn.CPoolProxy.receiveResponseHeader(CPoolProxy.java:165) ~[httpclient-4.5.3.jar:4.5.3]
	at org.apache.http.protocol.HttpRequestExecutor.doReceiveResponse(HttpRequestExecutor.java:273) ~[httpcore-4.4.16.jar:4.4.16]
	at org.apache.http.protocol.HttpRequestExecutor.execute(HttpRequestExecutor.java:125) ~[httpcore-4.4.16.jar:4.4.16]
	at org.apache.http.impl.execchain.MainClientExec.execute(MainClientExec.java:272) ~[httpclient-4.5.3.jar:4.5.3]
	at org.apache.http.impl.execchain.ProtocolExec.execute(ProtocolExec.java:185) ~[httpclient-4.5.3.jar:4.5.3]
	at org.apache.http.impl.execchain.RetryExec.execute(RetryExec.java:89) ~[httpclient-4.5.3.jar:4.5.3]
	at org.apache.http.impl.execchain.RedirectExec.execute(RedirectExec.java:111) ~[httpclient-4.5.3.jar:4.5.3]
	at org.apache.http.impl.client.InternalHttpClient.doExecute(InternalHttpClient.java:185) ~[httpclient-4.5.3.jar:4.5.3]
	at org.apache.http.impl.client.CloseableHttpClient.execute(CloseableHttpClient.java:72) ~[httpclient-4.5.3.jar:4.5.3]
	at org.glassfish.jersey.apache.connector.ApacheConnector.apply(ApacheConnector.java:487) ~[jersey-apache-connector-3.0.5.jar:na]
	... 16 common frames omitted

2026-02-22T12:40:45.863+05:30 ERROR 25864 --- [SpringCloud_EurekaServer] [TaskBatchingWorker-target_localhost-6] [                                                 ] c.n.e.cluster.ReplicationTaskProcessor   : It seems to be a socket read timeout exception, it will retry later. if it continues to happen and some eureka node occupied all the cpu time, you should set property 'eureka.server.peer-node-read-timeout-ms' to a bigger value

jakarta.ws.rs.ProcessingException: java.net.SocketTimeoutException: Read timed out
	at org.glassfish.jersey.apache.connector.ApacheConnector.apply(ApacheConnector.java:535) ~[jersey-apache-connector-3.0.5.jar:na]
	at org.glassfish.jersey.client.ClientRuntime.invoke(ClientRuntime.java:300) ~[jersey-client-4.0.0.jar:na]
	at org.glassfish.jersey.client.JerseyInvocation.lambda$invoke$0(JerseyInvocation.java:671) ~[jersey-client-4.0.0.jar:na]
	at org.glassfish.jersey.client.JerseyInvocation.call(JerseyInvocation.java:706) ~[jersey-client-4.0.0.jar:na]
	at org.glassfish.jersey.client.JerseyInvocation.lambda$runInScope$3(JerseyInvocation.java:700) ~[jersey-client-4.0.0.jar:na]
	at org.glassfish.jersey.internal.Errors.process(Errors.java:292) ~[jersey-common-4.0.0.jar:na]
	at org.glassfish.jersey.internal.Errors.process(Errors.java:274) ~[jersey-common-4.0.0.jar:na]
	at org.glassfish.jersey.internal.Errors.process(Errors.java:205) ~[jersey-common-4.0.0.jar:na]
	at org.glassfish.jersey.process.internal.RequestScope.runInScope(RequestScope.java:391) ~[jersey-common-4.0.0.jar:na]
	at org.glassfish.jersey.client.JerseyInvocation.runInScope(JerseyInvocation.java:700) ~[jersey-client-4.0.0.jar:na]
	at org.glassfish.jersey.client.JerseyInvocation.invoke(JerseyInvocation.java:670) ~[jersey-client-4.0.0.jar:na]
	at org.glassfish.jersey.client.JerseyInvocation$Builder.method(JerseyInvocation.java:436) ~[jersey-client-4.0.0.jar:na]
	at org.glassfish.jersey.client.JerseyInvocation$Builder.post(JerseyInvocation.java:342) ~[jersey-client-4.0.0.jar:na]
	at com.netflix.eureka.transport.Jersey3ReplicationClient.submitBatchUpdates(Jersey3ReplicationClient.java:116) ~[eureka-core-jersey3-2.0.5.jar:2.0.5]
	at com.netflix.eureka.cluster.ReplicationTaskProcessor.process(ReplicationTaskProcessor.java:80) ~[eureka-core-2.0.5.jar:2.0.5]
	at com.netflix.eureka.util.batcher.TaskExecutors$BatchWorkerRunnable.run(TaskExecutors.java:178) ~[eureka-core-2.0.5.jar:2.0.5]
	at java.base/java.lang.Thread.run(Thread.java:1583) ~[na:na]
Caused by: java.net.SocketTimeoutException: Read timed out
	at java.base/sun.nio.ch.NioSocketImpl.timedRead(NioSocketImpl.java:278) ~[na:na]
	at java.base/sun.nio.ch.NioSocketImpl.implRead(NioSocketImpl.java:304) ~[na:na]
	at java.base/sun.nio.ch.NioSocketImpl.read(NioSocketImpl.java:346) ~[na:na]
	at java.base/sun.nio.ch.NioSocketImpl$1.read(NioSocketImpl.java:796) ~[na:na]
	at java.base/java.net.Socket$SocketInputStream.read(Socket.java:1099) ~[na:na]
	at org.apache.http.impl.io.SessionInputBufferImpl.streamRead(SessionInputBufferImpl.java:137) ~[httpcore-4.4.16.jar:4.4.16]
	at org.apache.http.impl.io.SessionInputBufferImpl.fillBuffer(SessionInputBufferImpl.java:153) ~[httpcore-4.4.16.jar:4.4.16]
	at org.apache.http.impl.io.SessionInputBufferImpl.readLine(SessionInputBufferImpl.java:280) ~[httpcore-4.4.16.jar:4.4.16]
	at org.apache.http.impl.conn.DefaultHttpResponseParser.parseHead(DefaultHttpResponseParser.java:138) ~[httpclient-4.5.3.jar:4.5.3]
	at org.apache.http.impl.conn.DefaultHttpResponseParser.parseHead(DefaultHttpResponseParser.java:56) ~[httpclient-4.5.3.jar:4.5.3]
	at org.apache.http.impl.io.AbstractMessageParser.parse(AbstractMessageParser.java:259) ~[httpcore-4.4.16.jar:4.4.16]
	at org.apache.http.impl.DefaultBHttpClientConnection.receiveResponseHeader(DefaultBHttpClientConnection.java:163) ~[httpcore-4.4.16.jar:4.4.16]
	at org.apache.http.impl.conn.CPoolProxy.receiveResponseHeader(CPoolProxy.java:165) ~[httpclient-4.5.3.jar:4.5.3]
	at org.apache.http.protocol.HttpRequestExecutor.doReceiveResponse(HttpRequestExecutor.java:273) ~[httpcore-4.4.16.jar:4.4.16]
	at org.apache.http.protocol.HttpRequestExecutor.execute(HttpRequestExecutor.java:125) ~[httpcore-4.4.16.jar:4.4.16]
	at org.apache.http.impl.execchain.MainClientExec.execute(MainClientExec.java:272) ~[httpclient-4.5.3.jar:4.5.3]
	at org.apache.http.impl.execchain.ProtocolExec.execute(ProtocolExec.java:185) ~[httpclient-4.5.3.jar:4.5.3]
	at org.apache.http.impl.execchain.RetryExec.execute(RetryExec.java:89) ~[httpclient-4.5.3.jar:4.5.3]
	at org.apache.http.impl.execchain.RedirectExec.execute(RedirectExec.java:111) ~[httpclient-4.5.3.jar:4.5.3]
	at org.apache.http.impl.client.InternalHttpClient.doExecute(InternalHttpClient.java:185) ~[httpclient-4.5.3.jar:4.5.3]
	at org.apache.http.impl.client.CloseableHttpClient.execute(CloseableHttpClient.java:72) ~[httpclient-4.5.3.jar:4.5.3]
	at org.glassfish.jersey.apache.connector.ApacheConnector.apply(ApacheConnector.java:487) ~[jersey-apache-connector-3.0.5.jar:na]
	... 16 common frames omitted

2026-02-22T12:41:04.666+05:30 ERROR 25864 --- [SpringCloud_EurekaServer] [TaskBatchingWorker-target_localhost-7] [                                                 ] c.n.e.cluster.ReplicationTaskProcessor   : It seems to be a socket read timeout exception, it will retry later. if it continues to happen and some eureka node occupied all the cpu time, you should set property 'eureka.server.peer-node-read-timeout-ms' to a bigger value

jakarta.ws.rs.ProcessingException: java.net.SocketTimeoutException: Read timed out
	at org.glassfish.jersey.apache.connector.ApacheConnector.apply(ApacheConnector.java:535) ~[jersey-apache-connector-3.0.5.jar:na]
	at org.glassfish.jersey.client.ClientRuntime.invoke(ClientRuntime.java:300) ~[jersey-client-4.0.0.jar:na]
	at org.glassfish.jersey.client.JerseyInvocation.lambda$invoke$0(JerseyInvocation.java:671) ~[jersey-client-4.0.0.jar:na]
	at org.glassfish.jersey.client.JerseyInvocation.call(JerseyInvocation.java:706) ~[jersey-client-4.0.0.jar:na]
	at org.glassfish.jersey.client.JerseyInvocation.lambda$runInScope$3(JerseyInvocation.java:700) ~[jersey-client-4.0.0.jar:na]
	at org.glassfish.jersey.internal.Errors.process(Errors.java:292) ~[jersey-common-4.0.0.jar:na]
	at org.glassfish.jersey.internal.Errors.process(Errors.java:274) ~[jersey-common-4.0.0.jar:na]
	at org.glassfish.jersey.internal.Errors.process(Errors.java:205) ~[jersey-common-4.0.0.jar:na]
	at org.glassfish.jersey.process.internal.RequestScope.runInScope(RequestScope.java:391) ~[jersey-common-4.0.0.jar:na]
	at org.glassfish.jersey.client.JerseyInvocation.runInScope(JerseyInvocation.java:700) ~[jersey-client-4.0.0.jar:na]
	at org.glassfish.jersey.client.JerseyInvocation.invoke(JerseyInvocation.java:670) ~[jersey-client-4.0.0.jar:na]
	at org.glassfish.jersey.client.JerseyInvocation$Builder.method(JerseyInvocation.java:436) ~[jersey-client-4.0.0.jar:na]
	at org.glassfish.jersey.client.JerseyInvocation$Builder.post(JerseyInvocation.java:342) ~[jersey-client-4.0.0.jar:na]
	at com.netflix.eureka.transport.Jersey3ReplicationClient.submitBatchUpdates(Jersey3ReplicationClient.java:116) ~[eureka-core-jersey3-2.0.5.jar:2.0.5]
	at com.netflix.eureka.cluster.ReplicationTaskProcessor.process(ReplicationTaskProcessor.java:80) ~[eureka-core-2.0.5.jar:2.0.5]
	at com.netflix.eureka.util.batcher.TaskExecutors$BatchWorkerRunnable.run(TaskExecutors.java:178) ~[eureka-core-2.0.5.jar:2.0.5]
	at java.base/java.lang.Thread.run(Thread.java:1583) ~[na:na]
Caused by: java.net.SocketTimeoutException: Read timed out
	at java.base/sun.nio.ch.NioSocketImpl.timedRead(NioSocketImpl.java:278) ~[na:na]
	at java.base/sun.nio.ch.NioSocketImpl.implRead(NioSocketImpl.java:304) ~[na:na]
	at java.base/sun.nio.ch.NioSocketImpl.read(NioSocketImpl.java:346) ~[na:na]
	at java.base/sun.nio.ch.NioSocketImpl$1.read(NioSocketImpl.java:796) ~[na:na]
	at java.base/java.net.Socket$SocketInputStream.read(Socket.java:1099) ~[na:na]
	at org.apache.http.impl.io.SessionInputBufferImpl.streamRead(SessionInputBufferImpl.java:137) ~[httpcore-4.4.16.jar:4.4.16]
	at org.apache.http.impl.io.SessionInputBufferImpl.fillBuffer(SessionInputBufferImpl.java:153) ~[httpcore-4.4.16.jar:4.4.16]
	at org.apache.http.impl.io.SessionInputBufferImpl.readLine(SessionInputBufferImpl.java:280) ~[httpcore-4.4.16.jar:4.4.16]
	at org.apache.http.impl.conn.DefaultHttpResponseParser.parseHead(DefaultHttpResponseParser.java:138) ~[httpclient-4.5.3.jar:4.5.3]
	at org.apache.http.impl.conn.DefaultHttpResponseParser.parseHead(DefaultHttpResponseParser.java:56) ~[httpclient-4.5.3.jar:4.5.3]
	at org.apache.http.impl.io.AbstractMessageParser.parse(AbstractMessageParser.java:259) ~[httpcore-4.4.16.jar:4.4.16]
	at org.apache.http.impl.DefaultBHttpClientConnection.receiveResponseHeader(DefaultBHttpClientConnection.java:163) ~[httpcore-4.4.16.jar:4.4.16]
	at org.apache.http.impl.conn.CPoolProxy.receiveResponseHeader(CPoolProxy.java:165) ~[httpclient-4.5.3.jar:4.5.3]
	at org.apache.http.protocol.HttpRequestExecutor.doReceiveResponse(HttpRequestExecutor.java:273) ~[httpcore-4.4.16.jar:4.4.16]
	at org.apache.http.protocol.HttpRequestExecutor.execute(HttpRequestExecutor.java:125) ~[httpcore-4.4.16.jar:4.4.16]
	at org.apache.http.impl.execchain.MainClientExec.execute(MainClientExec.java:272) ~[httpclient-4.5.3.jar:4.5.3]
	at org.apache.http.impl.execchain.ProtocolExec.execute(ProtocolExec.java:185) ~[httpclient-4.5.3.jar:4.5.3]
	at org.apache.http.impl.execchain.RetryExec.execute(RetryExec.java:89) ~[httpclient-4.5.3.jar:4.5.3]
	at org.apache.http.impl.execchain.RedirectExec.execute(RedirectExec.java:111) ~[httpclient-4.5.3.jar:4.5.3]
	at org.apache.http.impl.client.InternalHttpClient.doExecute(InternalHttpClient.java:185) ~[httpclient-4.5.3.jar:4.5.3]
	at org.apache.http.impl.client.CloseableHttpClient.execute(CloseableHttpClient.java:72) ~[httpclient-4.5.3.jar:4.5.3]
	at org.glassfish.jersey.apache.connector.ApacheConnector.apply(ApacheConnector.java:487) ~[jersey-apache-connector-3.0.5.jar:na]
	... 16 common frames omitted

2026-02-22T12:41:09.167+05:30 ERROR 25864 --- [SpringCloud_EurekaServer] [TaskBatchingWorker-target_localhost-0] [                                                 ] c.n.e.cluster.ReplicationTaskProcessor   : It seems to be a socket read timeout exception, it will retry later. if it continues to happen and some eureka node occupied all the cpu time, you should set property 'eureka.server.peer-node-read-timeout-ms' to a bigger value

jakarta.ws.rs.ProcessingException: java.net.SocketTimeoutException: Read timed out
	at org.glassfish.jersey.apache.connector.ApacheConnector.apply(ApacheConnector.java:535) ~[jersey-apache-connector-3.0.5.jar:na]
	at org.glassfish.jersey.client.ClientRuntime.invoke(ClientRuntime.java:300) ~[jersey-client-4.0.0.jar:na]
	at org.glassfish.jersey.client.JerseyInvocation.lambda$invoke$0(JerseyInvocation.java:671) ~[jersey-client-4.0.0.jar:na]
	at org.glassfish.jersey.client.JerseyInvocation.call(JerseyInvocation.java:706) ~[jersey-client-4.0.0.jar:na]
	at org.glassfish.jersey.client.JerseyInvocation.lambda$runInScope$3(JerseyInvocation.java:700) ~[jersey-client-4.0.0.jar:na]
	at org.glassfish.jersey.internal.Errors.process(Errors.java:292) ~[jersey-common-4.0.0.jar:na]
	at org.glassfish.jersey.internal.Errors.process(Errors.java:274) ~[jersey-common-4.0.0.jar:na]
	at org.glassfish.jersey.internal.Errors.process(Errors.java:205) ~[jersey-common-4.0.0.jar:na]
	at org.glassfish.jersey.process.internal.RequestScope.runInScope(RequestScope.java:391) ~[jersey-common-4.0.0.jar:na]
	at org.glassfish.jersey.client.JerseyInvocation.runInScope(JerseyInvocation.java:700) ~[jersey-client-4.0.0.jar:na]
	at org.glassfish.jersey.client.JerseyInvocation.invoke(JerseyInvocation.java:670) ~[jersey-client-4.0.0.jar:na]
	at org.glassfish.jersey.client.JerseyInvocation$Builder.method(JerseyInvocation.java:436) ~[jersey-client-4.0.0.jar:na]
	at org.glassfish.jersey.client.JerseyInvocation$Builder.post(JerseyInvocation.java:342) ~[jersey-client-4.0.0.jar:na]
	at com.netflix.eureka.transport.Jersey3ReplicationClient.submitBatchUpdates(Jersey3ReplicationClient.java:116) ~[eureka-core-jersey3-2.0.5.jar:2.0.5]
	at com.netflix.eureka.cluster.ReplicationTaskProcessor.process(ReplicationTaskProcessor.java:80) ~[eureka-core-2.0.5.jar:2.0.5]
	at com.netflix.eureka.util.batcher.TaskExecutors$BatchWorkerRunnable.run(TaskExecutors.java:178) ~[eureka-core-2.0.5.jar:2.0.5]
	at java.base/java.lang.Thread.run(Thread.java:1583) ~[na:na]
Caused by: java.net.SocketTimeoutException: Read timed out
	at java.base/sun.nio.ch.NioSocketImpl.timedRead(NioSocketImpl.java:278) ~[na:na]
	at java.base/sun.nio.ch.NioSocketImpl.implRead(NioSocketImpl.java:304) ~[na:na]
	at java.base/sun.nio.ch.NioSocketImpl.read(NioSocketImpl.java:346) ~[na:na]
	at java.base/sun.nio.ch.NioSocketImpl$1.read(NioSocketImpl.java:796) ~[na:na]
	at java.base/java.net.Socket$SocketInputStream.read(Socket.java:1099) ~[na:na]
	at org.apache.http.impl.io.SessionInputBufferImpl.streamRead(SessionInputBufferImpl.java:137) ~[httpcore-4.4.16.jar:4.4.16]
	at org.apache.http.impl.io.SessionInputBufferImpl.fillBuffer(SessionInputBufferImpl.java:153) ~[httpcore-4.4.16.jar:4.4.16]
	at org.apache.http.impl.io.SessionInputBufferImpl.readLine(SessionInputBufferImpl.java:280) ~[httpcore-4.4.16.jar:4.4.16]
	at org.apache.http.impl.conn.DefaultHttpResponseParser.parseHead(DefaultHttpResponseParser.java:138) ~[httpclient-4.5.3.jar:4.5.3]
	at org.apache.http.impl.conn.DefaultHttpResponseParser.parseHead(DefaultHttpResponseParser.java:56) ~[httpclient-4.5.3.jar:4.5.3]
	at org.apache.http.impl.io.AbstractMessageParser.parse(AbstractMessageParser.java:259) ~[httpcore-4.4.16.jar:4.4.16]
	at org.apache.http.impl.DefaultBHttpClientConnection.receiveResponseHeader(DefaultBHttpClientConnection.java:163) ~[httpcore-4.4.16.jar:4.4.16]
	at org.apache.http.impl.conn.CPoolProxy.receiveResponseHeader(CPoolProxy.java:165) ~[httpclient-4.5.3.jar:4.5.3]
	at org.apache.http.protocol.HttpRequestExecutor.doReceiveResponse(HttpRequestExecutor.java:273) ~[httpcore-4.4.16.jar:4.4.16]
	at org.apache.http.protocol.HttpRequestExecutor.execute(HttpRequestExecutor.java:125) ~[httpcore-4.4.16.jar:4.4.16]
	at org.apache.http.impl.execchain.MainClientExec.execute(MainClientExec.java:272) ~[httpclient-4.5.3.jar:4.5.3]
	at org.apache.http.impl.execchain.ProtocolExec.execute(ProtocolExec.java:185) ~[httpclient-4.5.3.jar:4.5.3]
	at org.apache.http.impl.execchain.RetryExec.execute(RetryExec.java:89) ~[httpclient-4.5.3.jar:4.5.3]
	at org.apache.http.impl.execchain.RedirectExec.execute(RedirectExec.java:111) ~[httpclient-4.5.3.jar:4.5.3]
	at org.apache.http.impl.client.InternalHttpClient.doExecute(InternalHttpClient.java:185) ~[httpclient-4.5.3.jar:4.5.3]
	at org.apache.http.impl.client.CloseableHttpClient.execute(CloseableHttpClient.java:72) ~[httpclient-4.5.3.jar:4.5.3]
	at org.glassfish.jersey.apache.connector.ApacheConnector.apply(ApacheConnector.java:487) ~[jersey-apache-connector-3.0.5.jar:na]
	... 16 common frames omitted

2026-02-22T12:41:39.093+05:30  INFO 25864 --- [SpringCloud_EurekaServer] [Eureka-EvictionTimer] [                                                 ] c.n.e.registry.AbstractInstanceRegistry  : Running the evict task with compensationTime 6ms
2026-02-22T12:41:40.589+05:30 ERROR 25864 --- [SpringCloud_EurekaServer] [TaskBatchingWorker-target_localhost-0] [                                                 ] c.n.e.cluster.ReplicationTaskProcessor   : It seems to be a socket read timeout exception, it will retry later. if it continues to happen and some eureka node occupied all the cpu time, you should set property 'eureka.server.peer-node-read-timeout-ms' to a bigger value

jakarta.ws.rs.ProcessingException: java.net.SocketTimeoutException: Read timed out
	at org.glassfish.jersey.apache.connector.ApacheConnector.apply(ApacheConnector.java:535) ~[jersey-apache-connector-3.0.5.jar:na]
	at org.glassfish.jersey.client.ClientRuntime.invoke(ClientRuntime.java:300) ~[jersey-client-4.0.0.jar:na]
	at org.glassfish.jersey.client.JerseyInvocation.lambda$invoke$0(JerseyInvocation.java:671) ~[jersey-client-4.0.0.jar:na]
	at org.glassfish.jersey.client.JerseyInvocation.call(JerseyInvocation.java:706) ~[jersey-client-4.0.0.jar:na]
	at org.glassfish.jersey.client.JerseyInvocation.lambda$runInScope$3(JerseyInvocation.java:700) ~[jersey-client-4.0.0.jar:na]
	at org.glassfish.jersey.internal.Errors.process(Errors.java:292) ~[jersey-common-4.0.0.jar:na]
	at org.glassfish.jersey.internal.Errors.process(Errors.java:274) ~[jersey-common-4.0.0.jar:na]
	at org.glassfish.jersey.internal.Errors.process(Errors.java:205) ~[jersey-common-4.0.0.jar:na]
	at org.glassfish.jersey.process.internal.RequestScope.runInScope(RequestScope.java:391) ~[jersey-common-4.0.0.jar:na]
	at org.glassfish.jersey.client.JerseyInvocation.runInScope(JerseyInvocation.java:700) ~[jersey-client-4.0.0.jar:na]
	at org.glassfish.jersey.client.JerseyInvocation.invoke(JerseyInvocation.java:670) ~[jersey-client-4.0.0.jar:na]
	at org.glassfish.jersey.client.JerseyInvocation$Builder.method(JerseyInvocation.java:436) ~[jersey-client-4.0.0.jar:na]
	at org.glassfish.jersey.client.JerseyInvocation$Builder.post(JerseyInvocation.java:342) ~[jersey-client-4.0.0.jar:na]
	at com.netflix.eureka.transport.Jersey3ReplicationClient.submitBatchUpdates(Jersey3ReplicationClient.java:116) ~[eureka-core-jersey3-2.0.5.jar:2.0.5]
	at com.netflix.eureka.cluster.ReplicationTaskProcessor.process(ReplicationTaskProcessor.java:80) ~[eureka-core-2.0.5.jar:2.0.5]
	at com.netflix.eureka.util.batcher.TaskExecutors$BatchWorkerRunnable.run(TaskExecutors.java:178) ~[eureka-core-2.0.5.jar:2.0.5]
	at java.base/java.lang.Thread.run(Thread.java:1583) ~[na:na]
Caused by: java.net.SocketTimeoutException: Read timed out
	at java.base/sun.nio.ch.NioSocketImpl.timedRead(NioSocketImpl.java:278) ~[na:na]
	at java.base/sun.nio.ch.NioSocketImpl.implRead(NioSocketImpl.java:304) ~[na:na]
	at java.base/sun.nio.ch.NioSocketImpl.read(NioSocketImpl.java:346) ~[na:na]
	at java.base/sun.nio.ch.NioSocketImpl$1.read(NioSocketImpl.java:796) ~[na:na]
	at java.base/java.net.Socket$SocketInputStream.read(Socket.java:1099) ~[na:na]
	at org.apache.http.impl.io.SessionInputBufferImpl.streamRead(SessionInputBufferImpl.java:137) ~[httpcore-4.4.16.jar:4.4.16]
	at org.apache.http.impl.io.SessionInputBufferImpl.fillBuffer(SessionInputBufferImpl.java:153) ~[httpcore-4.4.16.jar:4.4.16]
	at org.apache.http.impl.io.SessionInputBufferImpl.readLine(SessionInputBufferImpl.java:280) ~[httpcore-4.4.16.jar:4.4.16]
	at org.apache.http.impl.conn.DefaultHttpResponseParser.parseHead(DefaultHttpResponseParser.java:138) ~[httpclient-4.5.3.jar:4.5.3]
	at org.apache.http.impl.conn.DefaultHttpResponseParser.parseHead(DefaultHttpResponseParser.java:56) ~[httpclient-4.5.3.jar:4.5.3]
	at org.apache.http.impl.io.AbstractMessageParser.parse(AbstractMessageParser.java:259) ~[httpcore-4.4.16.jar:4.4.16]
	at org.apache.http.impl.DefaultBHttpClientConnection.receiveResponseHeader(DefaultBHttpClientConnection.java:163) ~[httpcore-4.4.16.jar:4.4.16]
	at org.apache.http.impl.conn.CPoolProxy.receiveResponseHeader(CPoolProxy.java:165) ~[httpclient-4.5.3.jar:4.5.3]
	at org.apache.http.protocol.HttpRequestExecutor.doReceiveResponse(HttpRequestExecutor.java:273) ~[httpcore-4.4.16.jar:4.4.16]
	at org.apache.http.protocol.HttpRequestExecutor.execute(HttpRequestExecutor.java:125) ~[httpcore-4.4.16.jar:4.4.16]
	at org.apache.http.impl.execchain.MainClientExec.execute(MainClientExec.java:272) ~[httpclient-4.5.3.jar:4.5.3]
	at org.apache.http.impl.execchain.ProtocolExec.execute(ProtocolExec.java:185) ~[httpclient-4.5.3.jar:4.5.3]
	at org.apache.http.impl.execchain.RetryExec.execute(RetryExec.java:89) ~[httpclient-4.5.3.jar:4.5.3]
	at org.apache.http.impl.execchain.RedirectExec.execute(RedirectExec.java:111) ~[httpclient-4.5.3.jar:4.5.3]
	at org.apache.http.impl.client.InternalHttpClient.doExecute(InternalHttpClient.java:185) ~[httpclient-4.5.3.jar:4.5.3]
	at org.apache.http.impl.client.CloseableHttpClient.execute(CloseableHttpClient.java:72) ~[httpclient-4.5.3.jar:4.5.3]
	at org.glassfish.jersey.apache.connector.ApacheConnector.apply(ApacheConnector.java:487) ~[jersey-apache-connector-3.0.5.jar:na]
	... 16 common frames omitted

2026-02-22T12:41:43.813+05:30 ERROR 25864 --- [SpringCloud_EurekaServer] [TaskBatchingWorker-target_localhost-4] [                                                 ] c.n.e.cluster.ReplicationTaskProcessor   : It seems to be a socket read timeout exception, it will retry later. if it continues to happen and some eureka node occupied all the cpu time, you should set property 'eureka.server.peer-node-read-timeout-ms' to a bigger value

jakarta.ws.rs.ProcessingException: java.net.SocketTimeoutException: Read timed out
	at org.glassfish.jersey.apache.connector.ApacheConnector.apply(ApacheConnector.java:535) ~[jersey-apache-connector-3.0.5.jar:na]
	at org.glassfish.jersey.client.ClientRuntime.invoke(ClientRuntime.java:300) ~[jersey-client-4.0.0.jar:na]
	at org.glassfish.jersey.client.JerseyInvocation.lambda$invoke$0(JerseyInvocation.java:671) ~[jersey-client-4.0.0.jar:na]
	at org.glassfish.jersey.client.JerseyInvocation.call(JerseyInvocation.java:706) ~[jersey-client-4.0.0.jar:na]
	at org.glassfish.jersey.client.JerseyInvocation.lambda$runInScope$3(JerseyInvocation.java:700) ~[jersey-client-4.0.0.jar:na]
	at org.glassfish.jersey.internal.Errors.process(Errors.java:292) ~[jersey-common-4.0.0.jar:na]
	at org.glassfish.jersey.internal.Errors.process(Errors.java:274) ~[jersey-common-4.0.0.jar:na]
	at org.glassfish.jersey.internal.Errors.process(Errors.java:205) ~[jersey-common-4.0.0.jar:na]
	at org.glassfish.jersey.process.internal.RequestScope.runInScope(RequestScope.java:391) ~[jersey-common-4.0.0.jar:na]
	at org.glassfish.jersey.client.JerseyInvocation.runInScope(JerseyInvocation.java:700) ~[jersey-client-4.0.0.jar:na]
	at org.glassfish.jersey.client.JerseyInvocation.invoke(JerseyInvocation.java:670) ~[jersey-client-4.0.0.jar:na]
	at org.glassfish.jersey.client.JerseyInvocation$Builder.method(JerseyInvocation.java:436) ~[jersey-client-4.0.0.jar:na]
	at org.glassfish.jersey.client.JerseyInvocation$Builder.post(JerseyInvocation.java:342) ~[jersey-client-4.0.0.jar:na]
	at com.netflix.eureka.transport.Jersey3ReplicationClient.submitBatchUpdates(Jersey3ReplicationClient.java:116) ~[eureka-core-jersey3-2.0.5.jar:2.0.5]
	at com.netflix.eureka.cluster.ReplicationTaskProcessor.process(ReplicationTaskProcessor.java:80) ~[eureka-core-2.0.5.jar:2.0.5]
	at com.netflix.eureka.util.batcher.TaskExecutors$BatchWorkerRunnable.run(TaskExecutors.java:178) ~[eureka-core-2.0.5.jar:2.0.5]
	at java.base/java.lang.Thread.run(Thread.java:1583) ~[na:na]
Caused by: java.net.SocketTimeoutException: Read timed out
	at java.base/sun.nio.ch.NioSocketImpl.timedRead(NioSocketImpl.java:278) ~[na:na]
	at java.base/sun.nio.ch.NioSocketImpl.implRead(NioSocketImpl.java:304) ~[na:na]
	at java.base/sun.nio.ch.NioSocketImpl.read(NioSocketImpl.java:346) ~[na:na]
	at java.base/sun.nio.ch.NioSocketImpl$1.read(NioSocketImpl.java:796) ~[na:na]
	at java.base/java.net.Socket$SocketInputStream.read(Socket.java:1099) ~[na:na]
	at org.apache.http.impl.io.SessionInputBufferImpl.streamRead(SessionInputBufferImpl.java:137) ~[httpcore-4.4.16.jar:4.4.16]
	at org.apache.http.impl.io.SessionInputBufferImpl.fillBuffer(SessionInputBufferImpl.java:153) ~[httpcore-4.4.16.jar:4.4.16]
	at org.apache.http.impl.io.SessionInputBufferImpl.readLine(SessionInputBufferImpl.java:280) ~[httpcore-4.4.16.jar:4.4.16]
	at org.apache.http.impl.conn.DefaultHttpResponseParser.parseHead(DefaultHttpResponseParser.java:138) ~[httpclient-4.5.3.jar:4.5.3]
	at org.apache.http.impl.conn.DefaultHttpResponseParser.parseHead(DefaultHttpResponseParser.java:56) ~[httpclient-4.5.3.jar:4.5.3]
	at org.apache.http.impl.io.AbstractMessageParser.parse(AbstractMessageParser.java:259) ~[httpcore-4.4.16.jar:4.4.16]
	at org.apache.http.impl.DefaultBHttpClientConnection.receiveResponseHeader(DefaultBHttpClientConnection.java:163) ~[httpcore-4.4.16.jar:4.4.16]
	at org.apache.http.impl.conn.CPoolProxy.receiveResponseHeader(CPoolProxy.java:165) ~[httpclient-4.5.3.jar:4.5.3]
	at org.apache.http.protocol.HttpRequestExecutor.doReceiveResponse(HttpRequestExecutor.java:273) ~[httpcore-4.4.16.jar:4.4.16]
	at org.apache.http.protocol.HttpRequestExecutor.execute(HttpRequestExecutor.java:125) ~[httpcore-4.4.16.jar:4.4.16]
	at org.apache.http.impl.execchain.MainClientExec.execute(MainClientExec.java:272) ~[httpclient-4.5.3.jar:4.5.3]
	at org.apache.http.impl.execchain.ProtocolExec.execute(ProtocolExec.java:185) ~[httpclient-4.5.3.jar:4.5.3]
	at org.apache.http.impl.execchain.RetryExec.execute(RetryExec.java:89) ~[httpclient-4.5.3.jar:4.5.3]
	at org.apache.http.impl.execchain.RedirectExec.execute(RedirectExec.java:111) ~[httpclient-4.5.3.jar:4.5.3]
	at org.apache.http.impl.client.InternalHttpClient.doExecute(InternalHttpClient.java:185) ~[httpclient-4.5.3.jar:4.5.3]
	at org.apache.http.impl.client.CloseableHttpClient.execute(CloseableHttpClient.java:72) ~[httpclient-4.5.3.jar:4.5.3]
	at org.glassfish.jersey.apache.connector.ApacheConnector.apply(ApacheConnector.java:487) ~[jersey-apache-connector-3.0.5.jar:na]
	... 16 common frames omitted

2026-02-22T12:42:11.094+05:30 ERROR 25864 --- [SpringCloud_EurekaServer] [TaskBatchingWorker-target_localhost-4] [                                                 ] c.n.e.cluster.ReplicationTaskProcessor   : It seems to be a socket read timeout exception, it will retry later. if it continues to happen and some eureka node occupied all the cpu time, you should set property 'eureka.server.peer-node-read-timeout-ms' to a bigger value

jakarta.ws.rs.ProcessingException: java.net.SocketTimeoutException: Read timed out
	at org.glassfish.jersey.apache.connector.ApacheConnector.apply(ApacheConnector.java:535) ~[jersey-apache-connector-3.0.5.jar:na]
	at org.glassfish.jersey.client.ClientRuntime.invoke(ClientRuntime.java:300) ~[jersey-client-4.0.0.jar:na]
	at org.glassfish.jersey.client.JerseyInvocation.lambda$invoke$0(JerseyInvocation.java:671) ~[jersey-client-4.0.0.jar:na]
	at org.glassfish.jersey.client.JerseyInvocation.call(JerseyInvocation.java:706) ~[jersey-client-4.0.0.jar:na]
	at org.glassfish.jersey.client.JerseyInvocation.lambda$runInScope$3(JerseyInvocation.java:700) ~[jersey-client-4.0.0.jar:na]
	at org.glassfish.jersey.internal.Errors.process(Errors.java:292) ~[jersey-common-4.0.0.jar:na]
	at org.glassfish.jersey.internal.Errors.process(Errors.java:274) ~[jersey-common-4.0.0.jar:na]
	at org.glassfish.jersey.internal.Errors.process(Errors.java:205) ~[jersey-common-4.0.0.jar:na]
	at org.glassfish.jersey.process.internal.RequestScope.runInScope(RequestScope.java:391) ~[jersey-common-4.0.0.jar:na]
	at org.glassfish.jersey.client.JerseyInvocation.runInScope(JerseyInvocation.java:700) ~[jersey-client-4.0.0.jar:na]
	at org.glassfish.jersey.client.JerseyInvocation.invoke(JerseyInvocation.java:670) ~[jersey-client-4.0.0.jar:na]
	at org.glassfish.jersey.client.JerseyInvocation$Builder.method(JerseyInvocation.java:436) ~[jersey-client-4.0.0.jar:na]
	at org.glassfish.jersey.client.JerseyInvocation$Builder.post(JerseyInvocation.java:342) ~[jersey-client-4.0.0.jar:na]
	at com.netflix.eureka.transport.Jersey3ReplicationClient.submitBatchUpdates(Jersey3ReplicationClient.java:116) ~[eureka-core-jersey3-2.0.5.jar:2.0.5]
	at com.netflix.eureka.cluster.ReplicationTaskProcessor.process(ReplicationTaskProcessor.java:80) ~[eureka-core-2.0.5.jar:2.0.5]
	at com.netflix.eureka.util.batcher.TaskExecutors$BatchWorkerRunnable.run(TaskExecutors.java:178) ~[eureka-core-2.0.5.jar:2.0.5]
	at java.base/java.lang.Thread.run(Thread.java:1583) ~[na:na]
Caused by: java.net.SocketTimeoutException: Read timed out
	at java.base/sun.nio.ch.NioSocketImpl.timedRead(NioSocketImpl.java:278) ~[na:na]
	at java.base/sun.nio.ch.NioSocketImpl.implRead(NioSocketImpl.java:304) ~[na:na]
	at java.base/sun.nio.ch.NioSocketImpl.read(NioSocketImpl.java:346) ~[na:na]
	at java.base/sun.nio.ch.NioSocketImpl$1.read(NioSocketImpl.java:796) ~[na:na]
	at java.base/java.net.Socket$SocketInputStream.read(Socket.java:1099) ~[na:na]
	at org.apache.http.impl.io.SessionInputBufferImpl.streamRead(SessionInputBufferImpl.java:137) ~[httpcore-4.4.16.jar:4.4.16]
	at org.apache.http.impl.io.SessionInputBufferImpl.fillBuffer(SessionInputBufferImpl.java:153) ~[httpcore-4.4.16.jar:4.4.16]
	at org.apache.http.impl.io.SessionInputBufferImpl.readLine(SessionInputBufferImpl.java:280) ~[httpcore-4.4.16.jar:4.4.16]
	at org.apache.http.impl.conn.DefaultHttpResponseParser.parseHead(DefaultHttpResponseParser.java:138) ~[httpclient-4.5.3.jar:4.5.3]
	at org.apache.http.impl.conn.DefaultHttpResponseParser.parseHead(DefaultHttpResponseParser.java:56) ~[httpclient-4.5.3.jar:4.5.3]
	at org.apache.http.impl.io.AbstractMessageParser.parse(AbstractMessageParser.java:259) ~[httpcore-4.4.16.jar:4.4.16]
	at org.apache.http.impl.DefaultBHttpClientConnection.receiveResponseHeader(DefaultBHttpClientConnection.java:163) ~[httpcore-4.4.16.jar:4.4.16]
	at org.apache.http.impl.conn.CPoolProxy.receiveResponseHeader(CPoolProxy.java:165) ~[httpclient-4.5.3.jar:4.5.3]
	at org.apache.http.protocol.HttpRequestExecutor.doReceiveResponse(HttpRequestExecutor.java:273) ~[httpcore-4.4.16.jar:4.4.16]
	at org.apache.http.protocol.HttpRequestExecutor.execute(HttpRequestExecutor.java:125) ~[httpcore-4.4.16.jar:4.4.16]
	at org.apache.http.impl.execchain.MainClientExec.execute(MainClientExec.java:272) ~[httpclient-4.5.3.jar:4.5.3]
	at org.apache.http.impl.execchain.ProtocolExec.execute(ProtocolExec.java:185) ~[httpclient-4.5.3.jar:4.5.3]
	at org.apache.http.impl.execchain.RetryExec.execute(RetryExec.java:89) ~[httpclient-4.5.3.jar:4.5.3]
	at org.apache.http.impl.execchain.RedirectExec.execute(RedirectExec.java:111) ~[httpclient-4.5.3.jar:4.5.3]
	at org.apache.http.impl.client.InternalHttpClient.doExecute(InternalHttpClient.java:185) ~[httpclient-4.5.3.jar:4.5.3]
	at org.apache.http.impl.client.CloseableHttpClient.execute(CloseableHttpClient.java:72) ~[httpclient-4.5.3.jar:4.5.3]
	at org.glassfish.jersey.apache.connector.ApacheConnector.apply(ApacheConnector.java:487) ~[jersey-apache-connector-3.0.5.jar:na]
	... 16 common frames omitted

2026-02-22T12:42:23.499+05:30 ERROR 25864 --- [SpringCloud_EurekaServer] [TaskBatchingWorker-target_localhost-3] [                                                 ] c.n.e.cluster.ReplicationTaskProcessor   : It seems to be a socket read timeout exception, it will retry later. if it continues to happen and some eureka node occupied all the cpu time, you should set property 'eureka.server.peer-node-read-timeout-ms' to a bigger value

jakarta.ws.rs.ProcessingException: java.net.SocketTimeoutException: Read timed out
	at org.glassfish.jersey.apache.connector.ApacheConnector.apply(ApacheConnector.java:535) ~[jersey-apache-connector-3.0.5.jar:na]
	at org.glassfish.jersey.client.ClientRuntime.invoke(ClientRuntime.java:300) ~[jersey-client-4.0.0.jar:na]
	at org.glassfish.jersey.client.JerseyInvocation.lambda$invoke$0(JerseyInvocation.java:671) ~[jersey-client-4.0.0.jar:na]
	at org.glassfish.jersey.client.JerseyInvocation.call(JerseyInvocation.java:706) ~[jersey-client-4.0.0.jar:na]
	at org.glassfish.jersey.client.JerseyInvocation.lambda$runInScope$3(JerseyInvocation.java:700) ~[jersey-client-4.0.0.jar:na]
	at org.glassfish.jersey.internal.Errors.process(Errors.java:292) ~[jersey-common-4.0.0.jar:na]
	at org.glassfish.jersey.internal.Errors.process(Errors.java:274) ~[jersey-common-4.0.0.jar:na]
	at org.glassfish.jersey.internal.Errors.process(Errors.java:205) ~[jersey-common-4.0.0.jar:na]
	at org.glassfish.jersey.process.internal.RequestScope.runInScope(RequestScope.java:391) ~[jersey-common-4.0.0.jar:na]
	at org.glassfish.jersey.client.JerseyInvocation.runInScope(JerseyInvocation.java:700) ~[jersey-client-4.0.0.jar:na]
	at org.glassfish.jersey.client.JerseyInvocation.invoke(JerseyInvocation.java:670) ~[jersey-client-4.0.0.jar:na]
	at org.glassfish.jersey.client.JerseyInvocation$Builder.method(JerseyInvocation.java:436) ~[jersey-client-4.0.0.jar:na]
	at org.glassfish.jersey.client.JerseyInvocation$Builder.post(JerseyInvocation.java:342) ~[jersey-client-4.0.0.jar:na]
	at com.netflix.eureka.transport.Jersey3ReplicationClient.submitBatchUpdates(Jersey3ReplicationClient.java:116) ~[eureka-core-jersey3-2.0.5.jar:2.0.5]
	at com.netflix.eureka.cluster.ReplicationTaskProcessor.process(ReplicationTaskProcessor.java:80) ~[eureka-core-2.0.5.jar:2.0.5]
	at com.netflix.eureka.util.batcher.TaskExecutors$BatchWorkerRunnable.run(TaskExecutors.java:178) ~[eureka-core-2.0.5.jar:2.0.5]
	at java.base/java.lang.Thread.run(Thread.java:1583) ~[na:na]
Caused by: java.net.SocketTimeoutException: Read timed out
	at java.base/sun.nio.ch.NioSocketImpl.timedRead(NioSocketImpl.java:278) ~[na:na]
	at java.base/sun.nio.ch.NioSocketImpl.implRead(NioSocketImpl.java:304) ~[na:na]
	at java.base/sun.nio.ch.NioSocketImpl.read(NioSocketImpl.java:346) ~[na:na]
	at java.base/sun.nio.ch.NioSocketImpl$1.read(NioSocketImpl.java:796) ~[na:na]
	at java.base/java.net.Socket$SocketInputStream.read(Socket.java:1099) ~[na:na]
	at org.apache.http.impl.io.SessionInputBufferImpl.streamRead(SessionInputBufferImpl.java:137) ~[httpcore-4.4.16.jar:4.4.16]
	at org.apache.http.impl.io.SessionInputBufferImpl.fillBuffer(SessionInputBufferImpl.java:153) ~[httpcore-4.4.16.jar:4.4.16]
	at org.apache.http.impl.io.SessionInputBufferImpl.readLine(SessionInputBufferImpl.java:280) ~[httpcore-4.4.16.jar:4.4.16]
	at org.apache.http.impl.conn.DefaultHttpResponseParser.parseHead(DefaultHttpResponseParser.java:138) ~[httpclient-4.5.3.jar:4.5.3]
	at org.apache.http.impl.conn.DefaultHttpResponseParser.parseHead(DefaultHttpResponseParser.java:56) ~[httpclient-4.5.3.jar:4.5.3]
	at org.apache.http.impl.io.AbstractMessageParser.parse(AbstractMessageParser.java:259) ~[httpcore-4.4.16.jar:4.4.16]
	at org.apache.http.impl.DefaultBHttpClientConnection.receiveResponseHeader(DefaultBHttpClientConnection.java:163) ~[httpcore-4.4.16.jar:4.4.16]
	at org.apache.http.impl.conn.CPoolProxy.receiveResponseHeader(CPoolProxy.java:165) ~[httpclient-4.5.3.jar:4.5.3]
	at org.apache.http.protocol.HttpRequestExecutor.doReceiveResponse(HttpRequestExecutor.java:273) ~[httpcore-4.4.16.jar:4.4.16]
	at org.apache.http.protocol.HttpRequestExecutor.execute(HttpRequestExecutor.java:125) ~[httpcore-4.4.16.jar:4.4.16]
	at org.apache.http.impl.execchain.MainClientExec.execute(MainClientExec.java:272) ~[httpclient-4.5.3.jar:4.5.3]
	at org.apache.http.impl.execchain.ProtocolExec.execute(ProtocolExec.java:185) ~[httpclient-4.5.3.jar:4.5.3]
	at org.apache.http.impl.execchain.RetryExec.execute(RetryExec.java:89) ~[httpclient-4.5.3.jar:4.5.3]
	at org.apache.http.impl.execchain.RedirectExec.execute(RedirectExec.java:111) ~[httpclient-4.5.3.jar:4.5.3]
	at org.apache.http.impl.client.InternalHttpClient.doExecute(InternalHttpClient.java:185) ~[httpclient-4.5.3.jar:4.5.3]
	at org.apache.http.impl.client.CloseableHttpClient.execute(CloseableHttpClient.java:72) ~[httpclient-4.5.3.jar:4.5.3]
	at org.glassfish.jersey.apache.connector.ApacheConnector.apply(ApacheConnector.java:487) ~[jersey-apache-connector-3.0.5.jar:na]
	... 16 common frames omitted

2026-02-22T12:42:39.105+05:30  INFO 25864 --- [SpringCloud_EurekaServer] [Eureka-EvictionTimer] [                                                 ] c.n.e.registry.AbstractInstanceRegistry  : Running the evict task with compensationTime 11ms
2026-02-22T12:43:39.118+05:30  INFO 25864 --- [SpringCloud_EurekaServer] [Eureka-EvictionTimer] [                                                 ] c.n.e.registry.AbstractInstanceRegistry  : Running the evict task with compensationTime 12ms
2026-02-22T12:44:39.118+05:30  INFO 25864 --- [SpringCloud_EurekaServer] [Eureka-EvictionTimer] [                                                 ] c.n.e.registry.AbstractInstanceRegistry  : Running the evict task with compensationTime 0ms
2026-02-22T12:44:34.541+05:30 ERROR 25864 --- [SpringCloud_EurekaServer] [TaskBatchingWorker-target_localhost-6] [                                                 ] c.n.e.cluster.ReplicationTaskProcessor   : It seems to be a socket read timeout exception, it will retry later. if it continues to happen and some eureka node occupied all the cpu time, you should set property 'eureka.server.peer-node-read-timeout-ms' to a bigger value

jakarta.ws.rs.ProcessingException: java.net.SocketTimeoutException: Read timed out
	at org.glassfish.jersey.apache.connector.ApacheConnector.apply(ApacheConnector.java:535) ~[jersey-apache-connector-3.0.5.jar:na]
	at org.glassfish.jersey.client.ClientRuntime.invoke(ClientRuntime.java:300) ~[jersey-client-4.0.0.jar:na]
	at org.glassfish.jersey.client.JerseyInvocation.lambda$invoke$0(JerseyInvocation.java:671) ~[jersey-client-4.0.0.jar:na]
	at org.glassfish.jersey.client.JerseyInvocation.call(JerseyInvocation.java:706) ~[jersey-client-4.0.0.jar:na]
	at org.glassfish.jersey.client.JerseyInvocation.lambda$runInScope$3(JerseyInvocation.java:700) ~[jersey-client-4.0.0.jar:na]
	at org.glassfish.jersey.internal.Errors.process(Errors.java:292) ~[jersey-common-4.0.0.jar:na]
	at org.glassfish.jersey.internal.Errors.process(Errors.java:274) ~[jersey-common-4.0.0.jar:na]
	at org.glassfish.jersey.internal.Errors.process(Errors.java:205) ~[jersey-common-4.0.0.jar:na]
	at org.glassfish.jersey.process.internal.RequestScope.runInScope(RequestScope.java:391) ~[jersey-common-4.0.0.jar:na]
	at org.glassfish.jersey.client.JerseyInvocation.runInScope(JerseyInvocation.java:700) ~[jersey-client-4.0.0.jar:na]
	at org.glassfish.jersey.client.JerseyInvocation.invoke(JerseyInvocation.java:670) ~[jersey-client-4.0.0.jar:na]
	at org.glassfish.jersey.client.JerseyInvocation$Builder.method(JerseyInvocation.java:436) ~[jersey-client-4.0.0.jar:na]
	at org.glassfish.jersey.client.JerseyInvocation$Builder.post(JerseyInvocation.java:342) ~[jersey-client-4.0.0.jar:na]
	at com.netflix.eureka.transport.Jersey3ReplicationClient.submitBatchUpdates(Jersey3ReplicationClient.java:116) ~[eureka-core-jersey3-2.0.5.jar:2.0.5]
	at com.netflix.eureka.cluster.ReplicationTaskProcessor.process(ReplicationTaskProcessor.java:80) ~[eureka-core-2.0.5.jar:2.0.5]
	at com.netflix.eureka.util.batcher.TaskExecutors$BatchWorkerRunnable.run(TaskExecutors.java:178) ~[eureka-core-2.0.5.jar:2.0.5]
	at java.base/java.lang.Thread.run(Thread.java:1583) ~[na:na]
Caused by: java.net.SocketTimeoutException: Read timed out
	at java.base/sun.nio.ch.NioSocketImpl.timedRead(NioSocketImpl.java:278) ~[na:na]
	at java.base/sun.nio.ch.NioSocketImpl.implRead(NioSocketImpl.java:304) ~[na:na]
	at java.base/sun.nio.ch.NioSocketImpl.read(NioSocketImpl.java:346) ~[na:na]
	at java.base/sun.nio.ch.NioSocketImpl$1.read(NioSocketImpl.java:796) ~[na:na]
	at java.base/java.net.Socket$SocketInputStream.read(Socket.java:1099) ~[na:na]
	at org.apache.http.impl.io.SessionInputBufferImpl.streamRead(SessionInputBufferImpl.java:137) ~[httpcore-4.4.16.jar:4.4.16]
	at org.apache.http.impl.io.SessionInputBufferImpl.fillBuffer(SessionInputBufferImpl.java:153) ~[httpcore-4.4.16.jar:4.4.16]
	at org.apache.http.impl.io.SessionInputBufferImpl.readLine(SessionInputBufferImpl.java:280) ~[httpcore-4.4.16.jar:4.4.16]
	at org.apache.http.impl.conn.DefaultHttpResponseParser.parseHead(DefaultHttpResponseParser.java:138) ~[httpclient-4.5.3.jar:4.5.3]
	at org.apache.http.impl.conn.DefaultHttpResponseParser.parseHead(DefaultHttpResponseParser.java:56) ~[httpclient-4.5.3.jar:4.5.3]
	at org.apache.http.impl.io.AbstractMessageParser.parse(AbstractMessageParser.java:259) ~[httpcore-4.4.16.jar:4.4.16]
	at org.apache.http.impl.DefaultBHttpClientConnection.receiveResponseHeader(DefaultBHttpClientConnection.java:163) ~[httpcore-4.4.16.jar:4.4.16]
	at org.apache.http.impl.conn.CPoolProxy.receiveResponseHeader(CPoolProxy.java:165) ~[httpclient-4.5.3.jar:4.5.3]
	at org.apache.http.protocol.HttpRequestExecutor.doReceiveResponse(HttpRequestExecutor.java:273) ~[httpcore-4.4.16.jar:4.4.16]
	at org.apache.http.protocol.HttpRequestExecutor.execute(HttpRequestExecutor.java:125) ~[httpcore-4.4.16.jar:4.4.16]
	at org.apache.http.impl.execchain.MainClientExec.execute(MainClientExec.java:272) ~[httpclient-4.5.3.jar:4.5.3]
	at org.apache.http.impl.execchain.ProtocolExec.execute(ProtocolExec.java:185) ~[httpclient-4.5.3.jar:4.5.3]
	at org.apache.http.impl.execchain.RetryExec.execute(RetryExec.java:89) ~[httpclient-4.5.3.jar:4.5.3]
	at org.apache.http.impl.execchain.RedirectExec.execute(RedirectExec.java:111) ~[httpclient-4.5.3.jar:4.5.3]
	at org.apache.http.impl.client.InternalHttpClient.doExecute(InternalHttpClient.java:185) ~[httpclient-4.5.3.jar:4.5.3]
	at org.apache.http.impl.client.CloseableHttpClient.execute(CloseableHttpClient.java:72) ~[httpclient-4.5.3.jar:4.5.3]
	at org.glassfish.jersey.apache.connector.ApacheConnector.apply(ApacheConnector.java:487) ~[jersey-apache-connector-3.0.5.jar:na]
	... 16 common frames omitted

2026-02-22T12:45:39.431+05:30  INFO 25864 --- [SpringCloud_EurekaServer] [Eureka-EvictionTimer] [                                                 ] c.n.e.registry.AbstractInstanceRegistry  : Running the evict task with compensationTime 2ms
2026-02-22T12:46:10.961+05:30 ERROR 25864 --- [SpringCloud_EurekaServer] [TaskBatchingWorker-target_localhost-12] [                                                 ] c.n.e.cluster.ReplicationTaskProcessor   : It seems to be a socket read timeout exception, it will retry later. if it continues to happen and some eureka node occupied all the cpu time, you should set property 'eureka.server.peer-node-read-timeout-ms' to a bigger value

jakarta.ws.rs.ProcessingException: java.net.SocketTimeoutException: Read timed out
	at org.glassfish.jersey.apache.connector.ApacheConnector.apply(ApacheConnector.java:535) ~[jersey-apache-connector-3.0.5.jar:na]
	at org.glassfish.jersey.client.ClientRuntime.invoke(ClientRuntime.java:300) ~[jersey-client-4.0.0.jar:na]
	at org.glassfish.jersey.client.JerseyInvocation.lambda$invoke$0(JerseyInvocation.java:671) ~[jersey-client-4.0.0.jar:na]
	at org.glassfish.jersey.client.JerseyInvocation.call(JerseyInvocation.java:706) ~[jersey-client-4.0.0.jar:na]
	at org.glassfish.jersey.client.JerseyInvocation.lambda$runInScope$3(JerseyInvocation.java:700) ~[jersey-client-4.0.0.jar:na]
	at org.glassfish.jersey.internal.Errors.process(Errors.java:292) ~[jersey-common-4.0.0.jar:na]
	at org.glassfish.jersey.internal.Errors.process(Errors.java:274) ~[jersey-common-4.0.0.jar:na]
	at org.glassfish.jersey.internal.Errors.process(Errors.java:205) ~[jersey-common-4.0.0.jar:na]
	at org.glassfish.jersey.process.internal.RequestScope.runInScope(RequestScope.java:391) ~[jersey-common-4.0.0.jar:na]
	at org.glassfish.jersey.client.JerseyInvocation.runInScope(JerseyInvocation.java:700) ~[jersey-client-4.0.0.jar:na]
	at org.glassfish.jersey.client.JerseyInvocation.invoke(JerseyInvocation.java:670) ~[jersey-client-4.0.0.jar:na]
	at org.glassfish.jersey.client.JerseyInvocation$Builder.method(JerseyInvocation.java:436) ~[jersey-client-4.0.0.jar:na]
	at org.glassfish.jersey.client.JerseyInvocation$Builder.post(JerseyInvocation.java:342) ~[jersey-client-4.0.0.jar:na]
	at com.netflix.eureka.transport.Jersey3ReplicationClient.submitBatchUpdates(Jersey3ReplicationClient.java:116) ~[eureka-core-jersey3-2.0.5.jar:2.0.5]
	at com.netflix.eureka.cluster.ReplicationTaskProcessor.process(ReplicationTaskProcessor.java:80) ~[eureka-core-2.0.5.jar:2.0.5]
	at com.netflix.eureka.util.batcher.TaskExecutors$BatchWorkerRunnable.run(TaskExecutors.java:178) ~[eureka-core-2.0.5.jar:2.0.5]
	at java.base/java.lang.Thread.run(Thread.java:1583) ~[na:na]
Caused by: java.net.SocketTimeoutException: Read timed out
	at java.base/sun.nio.ch.NioSocketImpl.timedRead(NioSocketImpl.java:278) ~[na:na]
	at java.base/sun.nio.ch.NioSocketImpl.implRead(NioSocketImpl.java:304) ~[na:na]
	at java.base/sun.nio.ch.NioSocketImpl.read(NioSocketImpl.java:346) ~[na:na]
	at java.base/sun.nio.ch.NioSocketImpl$1.read(NioSocketImpl.java:796) ~[na:na]
	at java.base/java.net.Socket$SocketInputStream.read(Socket.java:1099) ~[na:na]
	at org.apache.http.impl.io.SessionInputBufferImpl.streamRead(SessionInputBufferImpl.java:137) ~[httpcore-4.4.16.jar:4.4.16]
	at org.apache.http.impl.io.SessionInputBufferImpl.fillBuffer(SessionInputBufferImpl.java:153) ~[httpcore-4.4.16.jar:4.4.16]
	at org.apache.http.impl.io.SessionInputBufferImpl.readLine(SessionInputBufferImpl.java:280) ~[httpcore-4.4.16.jar:4.4.16]
	at org.apache.http.impl.conn.DefaultHttpResponseParser.parseHead(DefaultHttpResponseParser.java:138) ~[httpclient-4.5.3.jar:4.5.3]
	at org.apache.http.impl.conn.DefaultHttpResponseParser.parseHead(DefaultHttpResponseParser.java:56) ~[httpclient-4.5.3.jar:4.5.3]
	at org.apache.http.impl.io.AbstractMessageParser.parse(AbstractMessageParser.java:259) ~[httpcore-4.4.16.jar:4.4.16]
	at org.apache.http.impl.DefaultBHttpClientConnection.receiveResponseHeader(DefaultBHttpClientConnection.java:163) ~[httpcore-4.4.16.jar:4.4.16]
	at org.apache.http.impl.conn.CPoolProxy.receiveResponseHeader(CPoolProxy.java:165) ~[httpclient-4.5.3.jar:4.5.3]
	at org.apache.http.protocol.HttpRequestExecutor.doReceiveResponse(HttpRequestExecutor.java:273) ~[httpcore-4.4.16.jar:4.4.16]
	at org.apache.http.protocol.HttpRequestExecutor.execute(HttpRequestExecutor.java:125) ~[httpcore-4.4.16.jar:4.4.16]
	at org.apache.http.impl.execchain.MainClientExec.execute(MainClientExec.java:272) ~[httpclient-4.5.3.jar:4.5.3]
	at org.apache.http.impl.execchain.ProtocolExec.execute(ProtocolExec.java:185) ~[httpclient-4.5.3.jar:4.5.3]
	at org.apache.http.impl.execchain.RetryExec.execute(RetryExec.java:89) ~[httpclient-4.5.3.jar:4.5.3]
	at org.apache.http.impl.execchain.RedirectExec.execute(RedirectExec.java:111) ~[httpclient-4.5.3.jar:4.5.3]
	at org.apache.http.impl.client.InternalHttpClient.doExecute(InternalHttpClient.java:185) ~[httpclient-4.5.3.jar:4.5.3]
	at org.apache.http.impl.client.CloseableHttpClient.execute(CloseableHttpClient.java:72) ~[httpclient-4.5.3.jar:4.5.3]
	at org.glassfish.jersey.apache.connector.ApacheConnector.apply(ApacheConnector.java:487) ~[jersey-apache-connector-3.0.5.jar:na]
	... 16 common frames omitted

2026-02-22T12:46:09.194+05:30 ERROR 25864 --- [SpringCloud_EurekaServer] [TaskBatchingWorker-target_localhost-16] [                                                 ] c.n.e.cluster.ReplicationTaskProcessor   : It seems to be a socket read timeout exception, it will retry later. if it continues to happen and some eureka node occupied all the cpu time, you should set property 'eureka.server.peer-node-read-timeout-ms' to a bigger value

jakarta.ws.rs.ProcessingException: java.net.SocketTimeoutException: Read timed out
	at org.glassfish.jersey.apache.connector.ApacheConnector.apply(ApacheConnector.java:535) ~[jersey-apache-connector-3.0.5.jar:na]
	at org.glassfish.jersey.client.ClientRuntime.invoke(ClientRuntime.java:300) ~[jersey-client-4.0.0.jar:na]
	at org.glassfish.jersey.client.JerseyInvocation.lambda$invoke$0(JerseyInvocation.java:671) ~[jersey-client-4.0.0.jar:na]
	at org.glassfish.jersey.client.JerseyInvocation.call(JerseyInvocation.java:706) ~[jersey-client-4.0.0.jar:na]
	at org.glassfish.jersey.client.JerseyInvocation.lambda$runInScope$3(JerseyInvocation.java:700) ~[jersey-client-4.0.0.jar:na]
	at org.glassfish.jersey.internal.Errors.process(Errors.java:292) ~[jersey-common-4.0.0.jar:na]
	at org.glassfish.jersey.internal.Errors.process(Errors.java:274) ~[jersey-common-4.0.0.jar:na]
	at org.glassfish.jersey.internal.Errors.process(Errors.java:205) ~[jersey-common-4.0.0.jar:na]
	at org.glassfish.jersey.process.internal.RequestScope.runInScope(RequestScope.java:391) ~[jersey-common-4.0.0.jar:na]
	at org.glassfish.jersey.client.JerseyInvocation.runInScope(JerseyInvocation.java:700) ~[jersey-client-4.0.0.jar:na]
	at org.glassfish.jersey.client.JerseyInvocation.invoke(JerseyInvocation.java:670) ~[jersey-client-4.0.0.jar:na]
	at org.glassfish.jersey.client.JerseyInvocation$Builder.method(JerseyInvocation.java:436) ~[jersey-client-4.0.0.jar:na]
	at org.glassfish.jersey.client.JerseyInvocation$Builder.post(JerseyInvocation.java:342) ~[jersey-client-4.0.0.jar:na]
	at com.netflix.eureka.transport.Jersey3ReplicationClient.submitBatchUpdates(Jersey3ReplicationClient.java:116) ~[eureka-core-jersey3-2.0.5.jar:2.0.5]
	at com.netflix.eureka.cluster.ReplicationTaskProcessor.process(ReplicationTaskProcessor.java:80) ~[eureka-core-2.0.5.jar:2.0.5]
	at com.netflix.eureka.util.batcher.TaskExecutors$BatchWorkerRunnable.run(TaskExecutors.java:178) ~[eureka-core-2.0.5.jar:2.0.5]
	at java.base/java.lang.Thread.run(Thread.java:1583) ~[na:na]
Caused by: java.net.SocketTimeoutException: Read timed out
	at java.base/sun.nio.ch.NioSocketImpl.timedRead(NioSocketImpl.java:278) ~[na:na]
	at java.base/sun.nio.ch.NioSocketImpl.implRead(NioSocketImpl.java:304) ~[na:na]
	at java.base/sun.nio.ch.NioSocketImpl.read(NioSocketImpl.java:346) ~[na:na]
	at java.base/sun.nio.ch.NioSocketImpl$1.read(NioSocketImpl.java:796) ~[na:na]
	at java.base/java.net.Socket$SocketInputStream.read(Socket.java:1099) ~[na:na]
	at org.apache.http.impl.io.SessionInputBufferImpl.streamRead(SessionInputBufferImpl.java:137) ~[httpcore-4.4.16.jar:4.4.16]
	at org.apache.http.impl.io.SessionInputBufferImpl.fillBuffer(SessionInputBufferImpl.java:153) ~[httpcore-4.4.16.jar:4.4.16]
	at org.apache.http.impl.io.SessionInputBufferImpl.readLine(SessionInputBufferImpl.java:280) ~[httpcore-4.4.16.jar:4.4.16]
	at org.apache.http.impl.conn.DefaultHttpResponseParser.parseHead(DefaultHttpResponseParser.java:138) ~[httpclient-4.5.3.jar:4.5.3]
	at org.apache.http.impl.conn.DefaultHttpResponseParser.parseHead(DefaultHttpResponseParser.java:56) ~[httpclient-4.5.3.jar:4.5.3]
	at org.apache.http.impl.io.AbstractMessageParser.parse(AbstractMessageParser.java:259) ~[httpcore-4.4.16.jar:4.4.16]
	at org.apache.http.impl.DefaultBHttpClientConnection.receiveResponseHeader(DefaultBHttpClientConnection.java:163) ~[httpcore-4.4.16.jar:4.4.16]
	at org.apache.http.impl.conn.CPoolProxy.receiveResponseHeader(CPoolProxy.java:165) ~[httpclient-4.5.3.jar:4.5.3]
	at org.apache.http.protocol.HttpRequestExecutor.doReceiveResponse(HttpRequestExecutor.java:273) ~[httpcore-4.4.16.jar:4.4.16]
	at org.apache.http.protocol.HttpRequestExecutor.execute(HttpRequestExecutor.java:125) ~[httpcore-4.4.16.jar:4.4.16]
	at org.apache.http.impl.execchain.MainClientExec.execute(MainClientExec.java:272) ~[httpclient-4.5.3.jar:4.5.3]
	at org.apache.http.impl.execchain.ProtocolExec.execute(ProtocolExec.java:185) ~[httpclient-4.5.3.jar:4.5.3]
	at org.apache.http.impl.execchain.RetryExec.execute(RetryExec.java:89) ~[httpclient-4.5.3.jar:4.5.3]
	at org.apache.http.impl.execchain.RedirectExec.execute(RedirectExec.java:111) ~[httpclient-4.5.3.jar:4.5.3]
	at org.apache.http.impl.client.InternalHttpClient.doExecute(InternalHttpClient.java:185) ~[httpclient-4.5.3.jar:4.5.3]
	at org.apache.http.impl.client.CloseableHttpClient.execute(CloseableHttpClient.java:72) ~[httpclient-4.5.3.jar:4.5.3]
	at org.glassfish.jersey.apache.connector.ApacheConnector.apply(ApacheConnector.java:487) ~[jersey-apache-connector-3.0.5.jar:na]
	... 16 common frames omitted

2026-02-22T12:46:39.124+05:30  INFO 25864 --- [SpringCloud_EurekaServer] [Eureka-EvictionTimer] [                                                 ] c.n.e.registry.AbstractInstanceRegistry  : Running the evict task with compensationTime 3ms
2026-02-22T12:47:38.175+05:30  INFO 25864 --- [SpringCloud_EurekaServer] [ReplicaAwareInstanceRegistry - RenewalThresholdUpdater] [                                                 ] c.n.e.r.PeerAwareInstanceRegistryImpl    : Current renewal threshold is : 10
2026-02-22T12:47:39.127+05:30  INFO 25864 --- [SpringCloud_EurekaServer] [Eureka-EvictionTimer] [                                                 ] c.n.e.registry.AbstractInstanceRegistry  : Running the evict task with compensationTime 1ms
2026-02-22T12:48:25.453+05:30 ERROR 25864 --- [SpringCloud_EurekaServer] [TaskBatchingWorker-target_localhost-8] [                                                 ] c.n.e.cluster.ReplicationTaskProcessor   : It seems to be a socket read timeout exception, it will retry later. if it continues to happen and some eureka node occupied all the cpu time, you should set property 'eureka.server.peer-node-read-timeout-ms' to a bigger value

jakarta.ws.rs.ProcessingException: java.net.SocketTimeoutException: Read timed out
	at org.glassfish.jersey.apache.connector.ApacheConnector.apply(ApacheConnector.java:535) ~[jersey-apache-connector-3.0.5.jar:na]
	at org.glassfish.jersey.client.ClientRuntime.invoke(ClientRuntime.java:300) ~[jersey-client-4.0.0.jar:na]
	at org.glassfish.jersey.client.JerseyInvocation.lambda$invoke$0(JerseyInvocation.java:671) ~[jersey-client-4.0.0.jar:na]
	at org.glassfish.jersey.client.JerseyInvocation.call(JerseyInvocation.java:706) ~[jersey-client-4.0.0.jar:na]
	at org.glassfish.jersey.client.JerseyInvocation.lambda$runInScope$3(JerseyInvocation.java:700) ~[jersey-client-4.0.0.jar:na]
	at org.glassfish.jersey.internal.Errors.process(Errors.java:292) ~[jersey-common-4.0.0.jar:na]
	at org.glassfish.jersey.internal.Errors.process(Errors.java:274) ~[jersey-common-4.0.0.jar:na]
	at org.glassfish.jersey.internal.Errors.process(Errors.java:205) ~[jersey-common-4.0.0.jar:na]
	at org.glassfish.jersey.process.internal.RequestScope.runInScope(RequestScope.java:391) ~[jersey-common-4.0.0.jar:na]
	at org.glassfish.jersey.client.JerseyInvocation.runInScope(JerseyInvocation.java:700) ~[jersey-client-4.0.0.jar:na]
	at org.glassfish.jersey.client.JerseyInvocation.invoke(JerseyInvocation.java:670) ~[jersey-client-4.0.0.jar:na]
	at org.glassfish.jersey.client.JerseyInvocation$Builder.method(JerseyInvocation.java:436) ~[jersey-client-4.0.0.jar:na]
	at org.glassfish.jersey.client.JerseyInvocation$Builder.post(JerseyInvocation.java:342) ~[jersey-client-4.0.0.jar:na]
	at com.netflix.eureka.transport.Jersey3ReplicationClient.submitBatchUpdates(Jersey3ReplicationClient.java:116) ~[eureka-core-jersey3-2.0.5.jar:2.0.5]
	at com.netflix.eureka.cluster.ReplicationTaskProcessor.process(ReplicationTaskProcessor.java:80) ~[eureka-core-2.0.5.jar:2.0.5]
	at com.netflix.eureka.util.batcher.TaskExecutors$BatchWorkerRunnable.run(TaskExecutors.java:178) ~[eureka-core-2.0.5.jar:2.0.5]
	at java.base/java.lang.Thread.run(Thread.java:1583) ~[na:na]
Caused by: java.net.SocketTimeoutException: Read timed out
	at java.base/sun.nio.ch.NioSocketImpl.timedRead(NioSocketImpl.java:278) ~[na:na]
	at java.base/sun.nio.ch.NioSocketImpl.implRead(NioSocketImpl.java:304) ~[na:na]
	at java.base/sun.nio.ch.NioSocketImpl.read(NioSocketImpl.java:346) ~[na:na]
	at java.base/sun.nio.ch.NioSocketImpl$1.read(NioSocketImpl.java:796) ~[na:na]
	at java.base/java.net.Socket$SocketInputStream.read(Socket.java:1099) ~[na:na]
	at org.apache.http.impl.io.SessionInputBufferImpl.streamRead(SessionInputBufferImpl.java:137) ~[httpcore-4.4.16.jar:4.4.16]
	at org.apache.http.impl.io.SessionInputBufferImpl.fillBuffer(SessionInputBufferImpl.java:153) ~[httpcore-4.4.16.jar:4.4.16]
	at org.apache.http.impl.io.SessionInputBufferImpl.readLine(SessionInputBufferImpl.java:280) ~[httpcore-4.4.16.jar:4.4.16]
	at org.apache.http.impl.conn.DefaultHttpResponseParser.parseHead(DefaultHttpResponseParser.java:138) ~[httpclient-4.5.3.jar:4.5.3]
	at org.apache.http.impl.conn.DefaultHttpResponseParser.parseHead(DefaultHttpResponseParser.java:56) ~[httpclient-4.5.3.jar:4.5.3]
	at org.apache.http.impl.io.AbstractMessageParser.parse(AbstractMessageParser.java:259) ~[httpcore-4.4.16.jar:4.4.16]
	at org.apache.http.impl.DefaultBHttpClientConnection.receiveResponseHeader(DefaultBHttpClientConnection.java:163) ~[httpcore-4.4.16.jar:4.4.16]
	at org.apache.http.impl.conn.CPoolProxy.receiveResponseHeader(CPoolProxy.java:165) ~[httpclient-4.5.3.jar:4.5.3]
	at org.apache.http.protocol.HttpRequestExecutor.doReceiveResponse(HttpRequestExecutor.java:273) ~[httpcore-4.4.16.jar:4.4.16]
	at org.apache.http.protocol.HttpRequestExecutor.execute(HttpRequestExecutor.java:125) ~[httpcore-4.4.16.jar:4.4.16]
	at org.apache.http.impl.execchain.MainClientExec.execute(MainClientExec.java:272) ~[httpclient-4.5.3.jar:4.5.3]
	at org.apache.http.impl.execchain.ProtocolExec.execute(ProtocolExec.java:185) ~[httpclient-4.5.3.jar:4.5.3]
	at org.apache.http.impl.execchain.RetryExec.execute(RetryExec.java:89) ~[httpclient-4.5.3.jar:4.5.3]
	at org.apache.http.impl.execchain.RedirectExec.execute(RedirectExec.java:111) ~[httpclient-4.5.3.jar:4.5.3]
	at org.apache.http.impl.client.InternalHttpClient.doExecute(InternalHttpClient.java:185) ~[httpclient-4.5.3.jar:4.5.3]
	at org.apache.http.impl.client.CloseableHttpClient.execute(CloseableHttpClient.java:72) ~[httpclient-4.5.3.jar:4.5.3]
	at org.glassfish.jersey.apache.connector.ApacheConnector.apply(ApacheConnector.java:487) ~[jersey-apache-connector-3.0.5.jar:na]
	... 16 common frames omitted

2026-02-22T12:48:39.132+05:30  INFO 25864 --- [SpringCloud_EurekaServer] [Eureka-EvictionTimer] [                                                 ] c.n.e.registry.AbstractInstanceRegistry  : Running the evict task with compensationTime 4ms
2026-02-22T12:49:39.132+05:30  INFO 25864 --- [SpringCloud_EurekaServer] [Eureka-EvictionTimer] [                                                 ] c.n.e.registry.AbstractInstanceRegistry  : Running the evict task with compensationTime 0ms
2026-02-22T12:50:30.608+05:30 ERROR 25864 --- [SpringCloud_EurekaServer] [TaskBatchingWorker-target_localhost-14] [                                                 ] c.n.e.cluster.ReplicationTaskProcessor   : It seems to be a socket read timeout exception, it will retry later. if it continues to happen and some eureka node occupied all the cpu time, you should set property 'eureka.server.peer-node-read-timeout-ms' to a bigger value

jakarta.ws.rs.ProcessingException: java.net.SocketTimeoutException: Read timed out
	at org.glassfish.jersey.apache.connector.ApacheConnector.apply(ApacheConnector.java:535) ~[jersey-apache-connector-3.0.5.jar:na]
	at org.glassfish.jersey.client.ClientRuntime.invoke(ClientRuntime.java:300) ~[jersey-client-4.0.0.jar:na]
	at org.glassfish.jersey.client.JerseyInvocation.lambda$invoke$0(JerseyInvocation.java:671) ~[jersey-client-4.0.0.jar:na]
	at org.glassfish.jersey.client.JerseyInvocation.call(JerseyInvocation.java:706) ~[jersey-client-4.0.0.jar:na]
	at org.glassfish.jersey.client.JerseyInvocation.lambda$runInScope$3(JerseyInvocation.java:700) ~[jersey-client-4.0.0.jar:na]
	at org.glassfish.jersey.internal.Errors.process(Errors.java:292) ~[jersey-common-4.0.0.jar:na]
	at org.glassfish.jersey.internal.Errors.process(Errors.java:274) ~[jersey-common-4.0.0.jar:na]
	at org.glassfish.jersey.internal.Errors.process(Errors.java:205) ~[jersey-common-4.0.0.jar:na]
	at org.glassfish.jersey.process.internal.RequestScope.runInScope(RequestScope.java:391) ~[jersey-common-4.0.0.jar:na]
	at org.glassfish.jersey.client.JerseyInvocation.runInScope(JerseyInvocation.java:700) ~[jersey-client-4.0.0.jar:na]
	at org.glassfish.jersey.client.JerseyInvocation.invoke(JerseyInvocation.java:670) ~[jersey-client-4.0.0.jar:na]
	at org.glassfish.jersey.client.JerseyInvocation$Builder.method(JerseyInvocation.java:436) ~[jersey-client-4.0.0.jar:na]
	at org.glassfish.jersey.client.JerseyInvocation$Builder.post(JerseyInvocation.java:342) ~[jersey-client-4.0.0.jar:na]
	at com.netflix.eureka.transport.Jersey3ReplicationClient.submitBatchUpdates(Jersey3ReplicationClient.java:116) ~[eureka-core-jersey3-2.0.5.jar:2.0.5]
	at com.netflix.eureka.cluster.ReplicationTaskProcessor.process(ReplicationTaskProcessor.java:80) ~[eureka-core-2.0.5.jar:2.0.5]
	at com.netflix.eureka.util.batcher.TaskExecutors$BatchWorkerRunnable.run(TaskExecutors.java:178) ~[eureka-core-2.0.5.jar:2.0.5]
	at java.base/java.lang.Thread.run(Thread.java:1583) ~[na:na]
Caused by: java.net.SocketTimeoutException: Read timed out
	at java.base/sun.nio.ch.NioSocketImpl.timedRead(NioSocketImpl.java:278) ~[na:na]
	at java.base/sun.nio.ch.NioSocketImpl.implRead(NioSocketImpl.java:304) ~[na:na]
	at java.base/sun.nio.ch.NioSocketImpl.read(NioSocketImpl.java:346) ~[na:na]
	at java.base/sun.nio.ch.NioSocketImpl$1.read(NioSocketImpl.java:796) ~[na:na]
	at java.base/java.net.Socket$SocketInputStream.read(Socket.java:1099) ~[na:na]
	at org.apache.http.impl.io.SessionInputBufferImpl.streamRead(SessionInputBufferImpl.java:137) ~[httpcore-4.4.16.jar:4.4.16]
	at org.apache.http.impl.io.SessionInputBufferImpl.fillBuffer(SessionInputBufferImpl.java:153) ~[httpcore-4.4.16.jar:4.4.16]
	at org.apache.http.impl.io.SessionInputBufferImpl.readLine(SessionInputBufferImpl.java:280) ~[httpcore-4.4.16.jar:4.4.16]
	at org.apache.http.impl.conn.DefaultHttpResponseParser.parseHead(DefaultHttpResponseParser.java:138) ~[httpclient-4.5.3.jar:4.5.3]
	at org.apache.http.impl.conn.DefaultHttpResponseParser.parseHead(DefaultHttpResponseParser.java:56) ~[httpclient-4.5.3.jar:4.5.3]
	at org.apache.http.impl.io.AbstractMessageParser.parse(AbstractMessageParser.java:259) ~[httpcore-4.4.16.jar:4.4.16]
	at org.apache.http.impl.DefaultBHttpClientConnection.receiveResponseHeader(DefaultBHttpClientConnection.java:163) ~[httpcore-4.4.16.jar:4.4.16]
	at org.apache.http.impl.conn.CPoolProxy.receiveResponseHeader(CPoolProxy.java:165) ~[httpclient-4.5.3.jar:4.5.3]
	at org.apache.http.protocol.HttpRequestExecutor.doReceiveResponse(HttpRequestExecutor.java:273) ~[httpcore-4.4.16.jar:4.4.16]
	at org.apache.http.protocol.HttpRequestExecutor.execute(HttpRequestExecutor.java:125) ~[httpcore-4.4.16.jar:4.4.16]
	at org.apache.http.impl.execchain.MainClientExec.execute(MainClientExec.java:272) ~[httpclient-4.5.3.jar:4.5.3]
	at org.apache.http.impl.execchain.ProtocolExec.execute(ProtocolExec.java:185) ~[httpclient-4.5.3.jar:4.5.3]
	at org.apache.http.impl.execchain.RetryExec.execute(RetryExec.java:89) ~[httpclient-4.5.3.jar:4.5.3]
	at org.apache.http.impl.execchain.RedirectExec.execute(RedirectExec.java:111) ~[httpclient-4.5.3.jar:4.5.3]
	at org.apache.http.impl.client.InternalHttpClient.doExecute(InternalHttpClient.java:185) ~[httpclient-4.5.3.jar:4.5.3]
	at org.apache.http.impl.client.CloseableHttpClient.execute(CloseableHttpClient.java:72) ~[httpclient-4.5.3.jar:4.5.3]
	at org.glassfish.jersey.apache.connector.ApacheConnector.apply(ApacheConnector.java:487) ~[jersey-apache-connector-3.0.5.jar:na]
	... 16 common frames omitted

2026-02-22T12:50:39.262+05:30  INFO 25864 --- [SpringCloud_EurekaServer] [Eureka-EvictionTimer] [                                                 ] c.n.e.registry.AbstractInstanceRegistry  : Running the evict task with compensationTime 128ms
2026-02-22T12:51:39.873+05:30  INFO 25864 --- [SpringCloud_EurekaServer] [Eureka-EvictionTimer] [                                                 ] c.n.e.registry.AbstractInstanceRegistry  : Running the evict task with compensationTime 1ms
2026-02-22T12:52:00.142+05:30 ERROR 25864 --- [SpringCloud_EurekaServer] [TaskBatchingWorker-target_localhost-16] [                                                 ] c.n.e.cluster.ReplicationTaskProcessor   : It seems to be a socket read timeout exception, it will retry later. if it continues to happen and some eureka node occupied all the cpu time, you should set property 'eureka.server.peer-node-read-timeout-ms' to a bigger value

jakarta.ws.rs.ProcessingException: java.net.SocketTimeoutException: Read timed out
	at org.glassfish.jersey.apache.connector.ApacheConnector.apply(ApacheConnector.java:535) ~[jersey-apache-connector-3.0.5.jar:na]
	at org.glassfish.jersey.client.ClientRuntime.invoke(ClientRuntime.java:300) ~[jersey-client-4.0.0.jar:na]
	at org.glassfish.jersey.client.JerseyInvocation.lambda$invoke$0(JerseyInvocation.java:671) ~[jersey-client-4.0.0.jar:na]
	at org.glassfish.jersey.client.JerseyInvocation.call(JerseyInvocation.java:706) ~[jersey-client-4.0.0.jar:na]
	at org.glassfish.jersey.client.JerseyInvocation.lambda$runInScope$3(JerseyInvocation.java:700) ~[jersey-client-4.0.0.jar:na]
	at org.glassfish.jersey.internal.Errors.process(Errors.java:292) ~[jersey-common-4.0.0.jar:na]
	at org.glassfish.jersey.internal.Errors.process(Errors.java:274) ~[jersey-common-4.0.0.jar:na]
	at org.glassfish.jersey.internal.Errors.process(Errors.java:205) ~[jersey-common-4.0.0.jar:na]
	at org.glassfish.jersey.process.internal.RequestScope.runInScope(RequestScope.java:391) ~[jersey-common-4.0.0.jar:na]
	at org.glassfish.jersey.client.JerseyInvocation.runInScope(JerseyInvocation.java:700) ~[jersey-client-4.0.0.jar:na]
	at org.glassfish.jersey.client.JerseyInvocation.invoke(JerseyInvocation.java:670) ~[jersey-client-4.0.0.jar:na]
	at org.glassfish.jersey.client.JerseyInvocation$Builder.method(JerseyInvocation.java:436) ~[jersey-client-4.0.0.jar:na]
	at org.glassfish.jersey.client.JerseyInvocation$Builder.post(JerseyInvocation.java:342) ~[jersey-client-4.0.0.jar:na]
	at com.netflix.eureka.transport.Jersey3ReplicationClient.submitBatchUpdates(Jersey3ReplicationClient.java:116) ~[eureka-core-jersey3-2.0.5.jar:2.0.5]
	at com.netflix.eureka.cluster.ReplicationTaskProcessor.process(ReplicationTaskProcessor.java:80) ~[eureka-core-2.0.5.jar:2.0.5]
	at com.netflix.eureka.util.batcher.TaskExecutors$BatchWorkerRunnable.run(TaskExecutors.java:178) ~[eureka-core-2.0.5.jar:2.0.5]
	at java.base/java.lang.Thread.run(Thread.java:1583) ~[na:na]
Caused by: java.net.SocketTimeoutException: Read timed out
	at java.base/sun.nio.ch.NioSocketImpl.timedRead(NioSocketImpl.java:278) ~[na:na]
	at java.base/sun.nio.ch.NioSocketImpl.implRead(NioSocketImpl.java:304) ~[na:na]
	at java.base/sun.nio.ch.NioSocketImpl.read(NioSocketImpl.java:346) ~[na:na]
	at java.base/sun.nio.ch.NioSocketImpl$1.read(NioSocketImpl.java:796) ~[na:na]
	at java.base/java.net.Socket$SocketInputStream.read(Socket.java:1099) ~[na:na]
	at org.apache.http.impl.io.SessionInputBufferImpl.streamRead(SessionInputBufferImpl.java:137) ~[httpcore-4.4.16.jar:4.4.16]
	at org.apache.http.impl.io.SessionInputBufferImpl.fillBuffer(SessionInputBufferImpl.java:153) ~[httpcore-4.4.16.jar:4.4.16]
	at org.apache.http.impl.io.SessionInputBufferImpl.readLine(SessionInputBufferImpl.java:280) ~[httpcore-4.4.16.jar:4.4.16]
	at org.apache.http.impl.conn.DefaultHttpResponseParser.parseHead(DefaultHttpResponseParser.java:138) ~[httpclient-4.5.3.jar:4.5.3]
	at org.apache.http.impl.conn.DefaultHttpResponseParser.parseHead(DefaultHttpResponseParser.java:56) ~[httpclient-4.5.3.jar:4.5.3]
	at org.apache.http.impl.io.AbstractMessageParser.parse(AbstractMessageParser.java:259) ~[httpcore-4.4.16.jar:4.4.16]
	at org.apache.http.impl.DefaultBHttpClientConnection.receiveResponseHeader(DefaultBHttpClientConnection.java:163) ~[httpcore-4.4.16.jar:4.4.16]
	at org.apache.http.impl.conn.CPoolProxy.receiveResponseHeader(CPoolProxy.java:165) ~[httpclient-4.5.3.jar:4.5.3]
	at org.apache.http.protocol.HttpRequestExecutor.doReceiveResponse(HttpRequestExecutor.java:273) ~[httpcore-4.4.16.jar:4.4.16]
	at org.apache.http.protocol.HttpRequestExecutor.execute(HttpRequestExecutor.java:125) ~[httpcore-4.4.16.jar:4.4.16]
	at org.apache.http.impl.execchain.MainClientExec.execute(MainClientExec.java:272) ~[httpclient-4.5.3.jar:4.5.3]
	at org.apache.http.impl.execchain.ProtocolExec.execute(ProtocolExec.java:185) ~[httpclient-4.5.3.jar:4.5.3]
	at org.apache.http.impl.execchain.RetryExec.execute(RetryExec.java:89) ~[httpclient-4.5.3.jar:4.5.3]
	at org.apache.http.impl.execchain.RedirectExec.execute(RedirectExec.java:111) ~[httpclient-4.5.3.jar:4.5.3]
	at org.apache.http.impl.client.InternalHttpClient.doExecute(InternalHttpClient.java:185) ~[httpclient-4.5.3.jar:4.5.3]
	at org.apache.http.impl.client.CloseableHttpClient.execute(CloseableHttpClient.java:72) ~[httpclient-4.5.3.jar:4.5.3]
	at org.glassfish.jersey.apache.connector.ApacheConnector.apply(ApacheConnector.java:487) ~[jersey-apache-connector-3.0.5.jar:na]
	... 16 common frames omitted

2026-02-22T12:52:39.275+05:30  INFO 25864 --- [SpringCloud_EurekaServer] [Eureka-EvictionTimer] [                                                 ] c.n.e.registry.AbstractInstanceRegistry  : Running the evict task with compensationTime 14ms
2026-02-22T12:53:39.285+05:30  INFO 25864 --- [SpringCloud_EurekaServer] [Eureka-EvictionTimer] [                                                 ] c.n.e.registry.AbstractInstanceRegistry  : Running the evict task with compensationTime 7ms
2026-02-22T12:54:39.297+05:30  INFO 25864 --- [SpringCloud_EurekaServer] [Eureka-EvictionTimer] [                                                 ] c.n.e.registry.AbstractInstanceRegistry  : Running the evict task with compensationTime 11ms
2026-02-22T12:55:05.366+05:30 ERROR 25864 --- [SpringCloud_EurekaServer] [TaskBatchingWorker-target_localhost-8] [                                                 ] c.n.e.cluster.ReplicationTaskProcessor   : It seems to be a socket read timeout exception, it will retry later. if it continues to happen and some eureka node occupied all the cpu time, you should set property 'eureka.server.peer-node-read-timeout-ms' to a bigger value

jakarta.ws.rs.ProcessingException: java.net.SocketTimeoutException: Read timed out
	at org.glassfish.jersey.apache.connector.ApacheConnector.apply(ApacheConnector.java:535) ~[jersey-apache-connector-3.0.5.jar:na]
	at org.glassfish.jersey.client.ClientRuntime.invoke(ClientRuntime.java:300) ~[jersey-client-4.0.0.jar:na]
	at org.glassfish.jersey.client.JerseyInvocation.lambda$invoke$0(JerseyInvocation.java:671) ~[jersey-client-4.0.0.jar:na]
	at org.glassfish.jersey.client.JerseyInvocation.call(JerseyInvocation.java:706) ~[jersey-client-4.0.0.jar:na]
	at org.glassfish.jersey.client.JerseyInvocation.lambda$runInScope$3(JerseyInvocation.java:700) ~[jersey-client-4.0.0.jar:na]
	at org.glassfish.jersey.internal.Errors.process(Errors.java:292) ~[jersey-common-4.0.0.jar:na]
	at org.glassfish.jersey.internal.Errors.process(Errors.java:274) ~[jersey-common-4.0.0.jar:na]
	at org.glassfish.jersey.internal.Errors.process(Errors.java:205) ~[jersey-common-4.0.0.jar:na]
	at org.glassfish.jersey.process.internal.RequestScope.runInScope(RequestScope.java:391) ~[jersey-common-4.0.0.jar:na]
	at org.glassfish.jersey.client.JerseyInvocation.runInScope(JerseyInvocation.java:700) ~[jersey-client-4.0.0.jar:na]
	at org.glassfish.jersey.client.JerseyInvocation.invoke(JerseyInvocation.java:670) ~[jersey-client-4.0.0.jar:na]
	at org.glassfish.jersey.client.JerseyInvocation$Builder.method(JerseyInvocation.java:436) ~[jersey-client-4.0.0.jar:na]
	at org.glassfish.jersey.client.JerseyInvocation$Builder.post(JerseyInvocation.java:342) ~[jersey-client-4.0.0.jar:na]
	at com.netflix.eureka.transport.Jersey3ReplicationClient.submitBatchUpdates(Jersey3ReplicationClient.java:116) ~[eureka-core-jersey3-2.0.5.jar:2.0.5]
	at com.netflix.eureka.cluster.ReplicationTaskProcessor.process(ReplicationTaskProcessor.java:80) ~[eureka-core-2.0.5.jar:2.0.5]
	at com.netflix.eureka.util.batcher.TaskExecutors$BatchWorkerRunnable.run(TaskExecutors.java:178) ~[eureka-core-2.0.5.jar:2.0.5]
	at java.base/java.lang.Thread.run(Thread.java:1583) ~[na:na]
Caused by: java.net.SocketTimeoutException: Read timed out
	at java.base/sun.nio.ch.NioSocketImpl.timedRead(NioSocketImpl.java:278) ~[na:na]
	at java.base/sun.nio.ch.NioSocketImpl.implRead(NioSocketImpl.java:304) ~[na:na]
	at java.base/sun.nio.ch.NioSocketImpl.read(NioSocketImpl.java:346) ~[na:na]
	at java.base/sun.nio.ch.NioSocketImpl$1.read(NioSocketImpl.java:796) ~[na:na]
	at java.base/java.net.Socket$SocketInputStream.read(Socket.java:1099) ~[na:na]
	at org.apache.http.impl.io.SessionInputBufferImpl.streamRead(SessionInputBufferImpl.java:137) ~[httpcore-4.4.16.jar:4.4.16]
	at org.apache.http.impl.io.SessionInputBufferImpl.fillBuffer(SessionInputBufferImpl.java:153) ~[httpcore-4.4.16.jar:4.4.16]
	at org.apache.http.impl.io.SessionInputBufferImpl.readLine(SessionInputBufferImpl.java:280) ~[httpcore-4.4.16.jar:4.4.16]
	at org.apache.http.impl.conn.DefaultHttpResponseParser.parseHead(DefaultHttpResponseParser.java:138) ~[httpclient-4.5.3.jar:4.5.3]
	at org.apache.http.impl.conn.DefaultHttpResponseParser.parseHead(DefaultHttpResponseParser.java:56) ~[httpclient-4.5.3.jar:4.5.3]
	at org.apache.http.impl.io.AbstractMessageParser.parse(AbstractMessageParser.java:259) ~[httpcore-4.4.16.jar:4.4.16]
	at org.apache.http.impl.DefaultBHttpClientConnection.receiveResponseHeader(DefaultBHttpClientConnection.java:163) ~[httpcore-4.4.16.jar:4.4.16]
	at org.apache.http.impl.conn.CPoolProxy.receiveResponseHeader(CPoolProxy.java:165) ~[httpclient-4.5.3.jar:4.5.3]
	at org.apache.http.protocol.HttpRequestExecutor.doReceiveResponse(HttpRequestExecutor.java:273) ~[httpcore-4.4.16.jar:4.4.16]
	at org.apache.http.protocol.HttpRequestExecutor.execute(HttpRequestExecutor.java:125) ~[httpcore-4.4.16.jar:4.4.16]
	at org.apache.http.impl.execchain.MainClientExec.execute(MainClientExec.java:272) ~[httpclient-4.5.3.jar:4.5.3]
	at org.apache.http.impl.execchain.ProtocolExec.execute(ProtocolExec.java:185) ~[httpclient-4.5.3.jar:4.5.3]
	at org.apache.http.impl.execchain.RetryExec.execute(RetryExec.java:89) ~[httpclient-4.5.3.jar:4.5.3]
	at org.apache.http.impl.execchain.RedirectExec.execute(RedirectExec.java:111) ~[httpclient-4.5.3.jar:4.5.3]
	at org.apache.http.impl.client.InternalHttpClient.doExecute(InternalHttpClient.java:185) ~[httpclient-4.5.3.jar:4.5.3]
	at org.apache.http.impl.client.CloseableHttpClient.execute(CloseableHttpClient.java:72) ~[httpclient-4.5.3.jar:4.5.3]
	at org.glassfish.jersey.apache.connector.ApacheConnector.apply(ApacheConnector.java:487) ~[jersey-apache-connector-3.0.5.jar:na]
	... 16 common frames omitted

2026-02-22T12:55:39.298+05:30  INFO 25864 --- [SpringCloud_EurekaServer] [Eureka-EvictionTimer] [                                                 ] c.n.e.registry.AbstractInstanceRegistry  : Running the evict task with compensationTime 1ms
2026-02-22T12:56:00.156+05:30 ERROR 25864 --- [SpringCloud_EurekaServer] [TaskBatchingWorker-target_localhost-17] [                                                 ] c.n.e.cluster.ReplicationTaskProcessor   : It seems to be a socket read timeout exception, it will retry later. if it continues to happen and some eureka node occupied all the cpu time, you should set property 'eureka.server.peer-node-read-timeout-ms' to a bigger value

jakarta.ws.rs.ProcessingException: java.net.SocketTimeoutException: Read timed out
	at org.glassfish.jersey.apache.connector.ApacheConnector.apply(ApacheConnector.java:535) ~[jersey-apache-connector-3.0.5.jar:na]
	at org.glassfish.jersey.client.ClientRuntime.invoke(ClientRuntime.java:300) ~[jersey-client-4.0.0.jar:na]
	at org.glassfish.jersey.client.JerseyInvocation.lambda$invoke$0(JerseyInvocation.java:671) ~[jersey-client-4.0.0.jar:na]
	at org.glassfish.jersey.client.JerseyInvocation.call(JerseyInvocation.java:706) ~[jersey-client-4.0.0.jar:na]
	at org.glassfish.jersey.client.JerseyInvocation.lambda$runInScope$3(JerseyInvocation.java:700) ~[jersey-client-4.0.0.jar:na]
	at org.glassfish.jersey.internal.Errors.process(Errors.java:292) ~[jersey-common-4.0.0.jar:na]
	at org.glassfish.jersey.internal.Errors.process(Errors.java:274) ~[jersey-common-4.0.0.jar:na]
	at org.glassfish.jersey.internal.Errors.process(Errors.java:205) ~[jersey-common-4.0.0.jar:na]
	at org.glassfish.jersey.process.internal.RequestScope.runInScope(RequestScope.java:391) ~[jersey-common-4.0.0.jar:na]
	at org.glassfish.jersey.client.JerseyInvocation.runInScope(JerseyInvocation.java:700) ~[jersey-client-4.0.0.jar:na]
	at org.glassfish.jersey.client.JerseyInvocation.invoke(JerseyInvocation.java:670) ~[jersey-client-4.0.0.jar:na]
	at org.glassfish.jersey.client.JerseyInvocation$Builder.method(JerseyInvocation.java:436) ~[jersey-client-4.0.0.jar:na]
	at org.glassfish.jersey.client.JerseyInvocation$Builder.post(JerseyInvocation.java:342) ~[jersey-client-4.0.0.jar:na]
	at com.netflix.eureka.transport.Jersey3ReplicationClient.submitBatchUpdates(Jersey3ReplicationClient.java:116) ~[eureka-core-jersey3-2.0.5.jar:2.0.5]
	at com.netflix.eureka.cluster.ReplicationTaskProcessor.process(ReplicationTaskProcessor.java:80) ~[eureka-core-2.0.5.jar:2.0.5]
	at com.netflix.eureka.util.batcher.TaskExecutors$BatchWorkerRunnable.run(TaskExecutors.java:178) ~[eureka-core-2.0.5.jar:2.0.5]
	at java.base/java.lang.Thread.run(Thread.java:1583) ~[na:na]
Caused by: java.net.SocketTimeoutException: Read timed out
	at java.base/sun.nio.ch.NioSocketImpl.timedRead(NioSocketImpl.java:278) ~[na:na]
	at java.base/sun.nio.ch.NioSocketImpl.implRead(NioSocketImpl.java:304) ~[na:na]
	at java.base/sun.nio.ch.NioSocketImpl.read(NioSocketImpl.java:346) ~[na:na]
	at java.base/sun.nio.ch.NioSocketImpl$1.read(NioSocketImpl.java:796) ~[na:na]
	at java.base/java.net.Socket$SocketInputStream.read(Socket.java:1099) ~[na:na]
	at org.apache.http.impl.io.SessionInputBufferImpl.streamRead(SessionInputBufferImpl.java:137) ~[httpcore-4.4.16.jar:4.4.16]
	at org.apache.http.impl.io.SessionInputBufferImpl.fillBuffer(SessionInputBufferImpl.java:153) ~[httpcore-4.4.16.jar:4.4.16]
	at org.apache.http.impl.io.SessionInputBufferImpl.readLine(SessionInputBufferImpl.java:280) ~[httpcore-4.4.16.jar:4.4.16]
	at org.apache.http.impl.conn.DefaultHttpResponseParser.parseHead(DefaultHttpResponseParser.java:138) ~[httpclient-4.5.3.jar:4.5.3]
	at org.apache.http.impl.conn.DefaultHttpResponseParser.parseHead(DefaultHttpResponseParser.java:56) ~[httpclient-4.5.3.jar:4.5.3]
	at org.apache.http.impl.io.AbstractMessageParser.parse(AbstractMessageParser.java:259) ~[httpcore-4.4.16.jar:4.4.16]
	at org.apache.http.impl.DefaultBHttpClientConnection.receiveResponseHeader(DefaultBHttpClientConnection.java:163) ~[httpcore-4.4.16.jar:4.4.16]
	at org.apache.http.impl.conn.CPoolProxy.receiveResponseHeader(CPoolProxy.java:165) ~[httpclient-4.5.3.jar:4.5.3]
	at org.apache.http.protocol.HttpRequestExecutor.doReceiveResponse(HttpRequestExecutor.java:273) ~[httpcore-4.4.16.jar:4.4.16]
	at org.apache.http.protocol.HttpRequestExecutor.execute(HttpRequestExecutor.java:125) ~[httpcore-4.4.16.jar:4.4.16]
	at org.apache.http.impl.execchain.MainClientExec.execute(MainClientExec.java:272) ~[httpclient-4.5.3.jar:4.5.3]
	at org.apache.http.impl.execchain.ProtocolExec.execute(ProtocolExec.java:185) ~[httpclient-4.5.3.jar:4.5.3]
	at org.apache.http.impl.execchain.RetryExec.execute(RetryExec.java:89) ~[httpclient-4.5.3.jar:4.5.3]
	at org.apache.http.impl.execchain.RedirectExec.execute(RedirectExec.java:111) ~[httpclient-4.5.3.jar:4.5.3]
	at org.apache.http.impl.client.InternalHttpClient.doExecute(InternalHttpClient.java:185) ~[httpclient-4.5.3.jar:4.5.3]
	at org.apache.http.impl.client.CloseableHttpClient.execute(CloseableHttpClient.java:72) ~[httpclient-4.5.3.jar:4.5.3]
	at org.glassfish.jersey.apache.connector.ApacheConnector.apply(ApacheConnector.java:487) ~[jersey-apache-connector-3.0.5.jar:na]
	... 16 common frames omitted

2026-02-22T12:56:29.706+05:30 ERROR 25864 --- [SpringCloud_EurekaServer] [TaskBatchingWorker-target_localhost-2] [                                                 ] c.n.e.cluster.ReplicationTaskProcessor   : It seems to be a socket read timeout exception, it will retry later. if it continues to happen and some eureka node occupied all the cpu time, you should set property 'eureka.server.peer-node-read-timeout-ms' to a bigger value

jakarta.ws.rs.ProcessingException: java.net.SocketTimeoutException: Read timed out
	at org.glassfish.jersey.apache.connector.ApacheConnector.apply(ApacheConnector.java:535) ~[jersey-apache-connector-3.0.5.jar:na]
	at org.glassfish.jersey.client.ClientRuntime.invoke(ClientRuntime.java:300) ~[jersey-client-4.0.0.jar:na]
	at org.glassfish.jersey.client.JerseyInvocation.lambda$invoke$0(JerseyInvocation.java:671) ~[jersey-client-4.0.0.jar:na]
	at org.glassfish.jersey.client.JerseyInvocation.call(JerseyInvocation.java:706) ~[jersey-client-4.0.0.jar:na]
	at org.glassfish.jersey.client.JerseyInvocation.lambda$runInScope$3(JerseyInvocation.java:700) ~[jersey-client-4.0.0.jar:na]
	at org.glassfish.jersey.internal.Errors.process(Errors.java:292) ~[jersey-common-4.0.0.jar:na]
	at org.glassfish.jersey.internal.Errors.process(Errors.java:274) ~[jersey-common-4.0.0.jar:na]
	at org.glassfish.jersey.internal.Errors.process(Errors.java:205) ~[jersey-common-4.0.0.jar:na]
	at org.glassfish.jersey.process.internal.RequestScope.runInScope(RequestScope.java:391) ~[jersey-common-4.0.0.jar:na]
	at org.glassfish.jersey.client.JerseyInvocation.runInScope(JerseyInvocation.java:700) ~[jersey-client-4.0.0.jar:na]
	at org.glassfish.jersey.client.JerseyInvocation.invoke(JerseyInvocation.java:670) ~[jersey-client-4.0.0.jar:na]
	at org.glassfish.jersey.client.JerseyInvocation$Builder.method(JerseyInvocation.java:436) ~[jersey-client-4.0.0.jar:na]
	at org.glassfish.jersey.client.JerseyInvocation$Builder.post(JerseyInvocation.java:342) ~[jersey-client-4.0.0.jar:na]
	at com.netflix.eureka.transport.Jersey3ReplicationClient.submitBatchUpdates(Jersey3ReplicationClient.java:116) ~[eureka-core-jersey3-2.0.5.jar:2.0.5]
	at com.netflix.eureka.cluster.ReplicationTaskProcessor.process(ReplicationTaskProcessor.java:80) ~[eureka-core-2.0.5.jar:2.0.5]
	at com.netflix.eureka.util.batcher.TaskExecutors$BatchWorkerRunnable.run(TaskExecutors.java:178) ~[eureka-core-2.0.5.jar:2.0.5]
	at java.base/java.lang.Thread.run(Thread.java:1583) ~[na:na]
Caused by: java.net.SocketTimeoutException: Read timed out
	at java.base/sun.nio.ch.NioSocketImpl.timedRead(NioSocketImpl.java:278) ~[na:na]
	at java.base/sun.nio.ch.NioSocketImpl.implRead(NioSocketImpl.java:304) ~[na:na]
	at java.base/sun.nio.ch.NioSocketImpl.read(NioSocketImpl.java:346) ~[na:na]
	at java.base/sun.nio.ch.NioSocketImpl$1.read(NioSocketImpl.java:796) ~[na:na]
	at java.base/java.net.Socket$SocketInputStream.read(Socket.java:1099) ~[na:na]
	at org.apache.http.impl.io.SessionInputBufferImpl.streamRead(SessionInputBufferImpl.java:137) ~[httpcore-4.4.16.jar:4.4.16]
	at org.apache.http.impl.io.SessionInputBufferImpl.fillBuffer(SessionInputBufferImpl.java:153) ~[httpcore-4.4.16.jar:4.4.16]
	at org.apache.http.impl.io.SessionInputBufferImpl.readLine(SessionInputBufferImpl.java:280) ~[httpcore-4.4.16.jar:4.4.16]
	at org.apache.http.impl.conn.DefaultHttpResponseParser.parseHead(DefaultHttpResponseParser.java:138) ~[httpclient-4.5.3.jar:4.5.3]
	at org.apache.http.impl.conn.DefaultHttpResponseParser.parseHead(DefaultHttpResponseParser.java:56) ~[httpclient-4.5.3.jar:4.5.3]
	at org.apache.http.impl.io.AbstractMessageParser.parse(AbstractMessageParser.java:259) ~[httpcore-4.4.16.jar:4.4.16]
	at org.apache.http.impl.DefaultBHttpClientConnection.receiveResponseHeader(DefaultBHttpClientConnection.java:163) ~[httpcore-4.4.16.jar:4.4.16]
	at org.apache.http.impl.conn.CPoolProxy.receiveResponseHeader(CPoolProxy.java:165) ~[httpclient-4.5.3.jar:4.5.3]
	at org.apache.http.protocol.HttpRequestExecutor.doReceiveResponse(HttpRequestExecutor.java:273) ~[httpcore-4.4.16.jar:4.4.16]
	at org.apache.http.protocol.HttpRequestExecutor.execute(HttpRequestExecutor.java:125) ~[httpcore-4.4.16.jar:4.4.16]
	at org.apache.http.impl.execchain.MainClientExec.execute(MainClientExec.java:272) ~[httpclient-4.5.3.jar:4.5.3]
	at org.apache.http.impl.execchain.ProtocolExec.execute(ProtocolExec.java:185) ~[httpclient-4.5.3.jar:4.5.3]
	at org.apache.http.impl.execchain.RetryExec.execute(RetryExec.java:89) ~[httpclient-4.5.3.jar:4.5.3]
	at org.apache.http.impl.execchain.RedirectExec.execute(RedirectExec.java:111) ~[httpclient-4.5.3.jar:4.5.3]
	at org.apache.http.impl.client.InternalHttpClient.doExecute(InternalHttpClient.java:185) ~[httpclient-4.5.3.jar:4.5.3]
	at org.apache.http.impl.client.CloseableHttpClient.execute(CloseableHttpClient.java:72) ~[httpclient-4.5.3.jar:4.5.3]
	at org.glassfish.jersey.apache.connector.ApacheConnector.apply(ApacheConnector.java:487) ~[jersey-apache-connector-3.0.5.jar:na]
	... 16 common frames omitted

2026-02-22T12:56:39.296+05:30  INFO 25864 --- [SpringCloud_EurekaServer] [Eureka-EvictionTimer] [                                                 ] c.n.e.registry.AbstractInstanceRegistry  : Running the evict task with compensationTime 0ms
2026-02-22T12:57:39.302+05:30  INFO 25864 --- [SpringCloud_EurekaServer] [Eureka-EvictionTimer] [                                                 ] c.n.e.registry.AbstractInstanceRegistry  : Running the evict task with compensationTime 2ms
2026-02-22T12:58:39.308+05:30  INFO 25864 --- [SpringCloud_EurekaServer] [Eureka-EvictionTimer] [                                                 ] c.n.e.registry.AbstractInstanceRegistry  : Running the evict task with compensationTime 1ms
2026-02-22T12:59:01.776+05:30 ERROR 25864 --- [SpringCloud_EurekaServer] [TaskBatchingWorker-target_localhost-13] [                                                 ] c.n.e.cluster.ReplicationTaskProcessor   : It seems to be a socket read timeout exception, it will retry later. if it continues to happen and some eureka node occupied all the cpu time, you should set property 'eureka.server.peer-node-read-timeout-ms' to a bigger value

jakarta.ws.rs.ProcessingException: java.net.SocketTimeoutException: Read timed out
	at org.glassfish.jersey.apache.connector.ApacheConnector.apply(ApacheConnector.java:535) ~[jersey-apache-connector-3.0.5.jar:na]
	at org.glassfish.jersey.client.ClientRuntime.invoke(ClientRuntime.java:300) ~[jersey-client-4.0.0.jar:na]
	at org.glassfish.jersey.client.JerseyInvocation.lambda$invoke$0(JerseyInvocation.java:671) ~[jersey-client-4.0.0.jar:na]
	at org.glassfish.jersey.client.JerseyInvocation.call(JerseyInvocation.java:706) ~[jersey-client-4.0.0.jar:na]
	at org.glassfish.jersey.client.JerseyInvocation.lambda$runInScope$3(JerseyInvocation.java:700) ~[jersey-client-4.0.0.jar:na]
	at org.glassfish.jersey.internal.Errors.process(Errors.java:292) ~[jersey-common-4.0.0.jar:na]
	at org.glassfish.jersey.internal.Errors.process(Errors.java:274) ~[jersey-common-4.0.0.jar:na]
	at org.glassfish.jersey.internal.Errors.process(Errors.java:205) ~[jersey-common-4.0.0.jar:na]
	at org.glassfish.jersey.process.internal.RequestScope.runInScope(RequestScope.java:391) ~[jersey-common-4.0.0.jar:na]
	at org.glassfish.jersey.client.JerseyInvocation.runInScope(JerseyInvocation.java:700) ~[jersey-client-4.0.0.jar:na]
	at org.glassfish.jersey.client.JerseyInvocation.invoke(JerseyInvocation.java:670) ~[jersey-client-4.0.0.jar:na]
	at org.glassfish.jersey.client.JerseyInvocation$Builder.method(JerseyInvocation.java:436) ~[jersey-client-4.0.0.jar:na]
	at org.glassfish.jersey.client.JerseyInvocation$Builder.post(JerseyInvocation.java:342) ~[jersey-client-4.0.0.jar:na]
	at com.netflix.eureka.transport.Jersey3ReplicationClient.submitBatchUpdates(Jersey3ReplicationClient.java:116) ~[eureka-core-jersey3-2.0.5.jar:2.0.5]
	at com.netflix.eureka.cluster.ReplicationTaskProcessor.process(ReplicationTaskProcessor.java:80) ~[eureka-core-2.0.5.jar:2.0.5]
	at com.netflix.eureka.util.batcher.TaskExecutors$BatchWorkerRunnable.run(TaskExecutors.java:178) ~[eureka-core-2.0.5.jar:2.0.5]
	at java.base/java.lang.Thread.run(Thread.java:1583) ~[na:na]
Caused by: java.net.SocketTimeoutException: Read timed out
	at java.base/sun.nio.ch.NioSocketImpl.timedRead(NioSocketImpl.java:278) ~[na:na]
	at java.base/sun.nio.ch.NioSocketImpl.implRead(NioSocketImpl.java:304) ~[na:na]
	at java.base/sun.nio.ch.NioSocketImpl.read(NioSocketImpl.java:346) ~[na:na]
	at java.base/sun.nio.ch.NioSocketImpl$1.read(NioSocketImpl.java:796) ~[na:na]
	at java.base/java.net.Socket$SocketInputStream.read(Socket.java:1099) ~[na:na]
	at org.apache.http.impl.io.SessionInputBufferImpl.streamRead(SessionInputBufferImpl.java:137) ~[httpcore-4.4.16.jar:4.4.16]
	at org.apache.http.impl.io.SessionInputBufferImpl.fillBuffer(SessionInputBufferImpl.java:153) ~[httpcore-4.4.16.jar:4.4.16]
	at org.apache.http.impl.io.SessionInputBufferImpl.readLine(SessionInputBufferImpl.java:280) ~[httpcore-4.4.16.jar:4.4.16]
	at org.apache.http.impl.conn.DefaultHttpResponseParser.parseHead(DefaultHttpResponseParser.java:138) ~[httpclient-4.5.3.jar:4.5.3]
	at org.apache.http.impl.conn.DefaultHttpResponseParser.parseHead(DefaultHttpResponseParser.java:56) ~[httpclient-4.5.3.jar:4.5.3]
	at org.apache.http.impl.io.AbstractMessageParser.parse(AbstractMessageParser.java:259) ~[httpcore-4.4.16.jar:4.4.16]
	at org.apache.http.impl.DefaultBHttpClientConnection.receiveResponseHeader(DefaultBHttpClientConnection.java:163) ~[httpcore-4.4.16.jar:4.4.16]
	at org.apache.http.impl.conn.CPoolProxy.receiveResponseHeader(CPoolProxy.java:165) ~[httpclient-4.5.3.jar:4.5.3]
	at org.apache.http.protocol.HttpRequestExecutor.doReceiveResponse(HttpRequestExecutor.java:273) ~[httpcore-4.4.16.jar:4.4.16]
	at org.apache.http.protocol.HttpRequestExecutor.execute(HttpRequestExecutor.java:125) ~[httpcore-4.4.16.jar:4.4.16]
	at org.apache.http.impl.execchain.MainClientExec.execute(MainClientExec.java:272) ~[httpclient-4.5.3.jar:4.5.3]
	at org.apache.http.impl.execchain.ProtocolExec.execute(ProtocolExec.java:185) ~[httpclient-4.5.3.jar:4.5.3]
	at org.apache.http.impl.execchain.RetryExec.execute(RetryExec.java:89) ~[httpclient-4.5.3.jar:4.5.3]
	at org.apache.http.impl.execchain.RedirectExec.execute(RedirectExec.java:111) ~[httpclient-4.5.3.jar:4.5.3]
	at org.apache.http.impl.client.InternalHttpClient.doExecute(InternalHttpClient.java:185) ~[httpclient-4.5.3.jar:4.5.3]
	at org.apache.http.impl.client.CloseableHttpClient.execute(CloseableHttpClient.java:72) ~[httpclient-4.5.3.jar:4.5.3]
	at org.glassfish.jersey.apache.connector.ApacheConnector.apply(ApacheConnector.java:487) ~[jersey-apache-connector-3.0.5.jar:na]
	... 16 common frames omitted

2026-02-22T12:59:33.848+05:30 ERROR 25864 --- [SpringCloud_EurekaServer] [TaskBatchingWorker-target_localhost-8] [                                                 ] c.n.e.cluster.ReplicationTaskProcessor   : It seems to be a socket read timeout exception, it will retry later. if it continues to happen and some eureka node occupied all the cpu time, you should set property 'eureka.server.peer-node-read-timeout-ms' to a bigger value

jakarta.ws.rs.ProcessingException: java.net.SocketTimeoutException: Read timed out
	at org.glassfish.jersey.apache.connector.ApacheConnector.apply(ApacheConnector.java:535) ~[jersey-apache-connector-3.0.5.jar:na]
	at org.glassfish.jersey.client.ClientRuntime.invoke(ClientRuntime.java:300) ~[jersey-client-4.0.0.jar:na]
	at org.glassfish.jersey.client.JerseyInvocation.lambda$invoke$0(JerseyInvocation.java:671) ~[jersey-client-4.0.0.jar:na]
	at org.glassfish.jersey.client.JerseyInvocation.call(JerseyInvocation.java:706) ~[jersey-client-4.0.0.jar:na]
	at org.glassfish.jersey.client.JerseyInvocation.lambda$runInScope$3(JerseyInvocation.java:700) ~[jersey-client-4.0.0.jar:na]
	at org.glassfish.jersey.internal.Errors.process(Errors.java:292) ~[jersey-common-4.0.0.jar:na]
	at org.glassfish.jersey.internal.Errors.process(Errors.java:274) ~[jersey-common-4.0.0.jar:na]
	at org.glassfish.jersey.internal.Errors.process(Errors.java:205) ~[jersey-common-4.0.0.jar:na]
	at org.glassfish.jersey.process.internal.RequestScope.runInScope(RequestScope.java:391) ~[jersey-common-4.0.0.jar:na]
	at org.glassfish.jersey.client.JerseyInvocation.runInScope(JerseyInvocation.java:700) ~[jersey-client-4.0.0.jar:na]
	at org.glassfish.jersey.client.JerseyInvocation.invoke(JerseyInvocation.java:670) ~[jersey-client-4.0.0.jar:na]
	at org.glassfish.jersey.client.JerseyInvocation$Builder.method(JerseyInvocation.java:436) ~[jersey-client-4.0.0.jar:na]
	at org.glassfish.jersey.client.JerseyInvocation$Builder.post(JerseyInvocation.java:342) ~[jersey-client-4.0.0.jar:na]
	at com.netflix.eureka.transport.Jersey3ReplicationClient.submitBatchUpdates(Jersey3ReplicationClient.java:116) ~[eureka-core-jersey3-2.0.5.jar:2.0.5]
	at com.netflix.eureka.cluster.ReplicationTaskProcessor.process(ReplicationTaskProcessor.java:80) ~[eureka-core-2.0.5.jar:2.0.5]
	at com.netflix.eureka.util.batcher.TaskExecutors$BatchWorkerRunnable.run(TaskExecutors.java:178) ~[eureka-core-2.0.5.jar:2.0.5]
	at java.base/java.lang.Thread.run(Thread.java:1583) ~[na:na]
Caused by: java.net.SocketTimeoutException: Read timed out
	at java.base/sun.nio.ch.NioSocketImpl.timedRead(NioSocketImpl.java:278) ~[na:na]
	at java.base/sun.nio.ch.NioSocketImpl.implRead(NioSocketImpl.java:304) ~[na:na]
	at java.base/sun.nio.ch.NioSocketImpl.read(NioSocketImpl.java:346) ~[na:na]
	at java.base/sun.nio.ch.NioSocketImpl$1.read(NioSocketImpl.java:796) ~[na:na]
	at java.base/java.net.Socket$SocketInputStream.read(Socket.java:1099) ~[na:na]
	at org.apache.http.impl.io.SessionInputBufferImpl.streamRead(SessionInputBufferImpl.java:137) ~[httpcore-4.4.16.jar:4.4.16]
	at org.apache.http.impl.io.SessionInputBufferImpl.fillBuffer(SessionInputBufferImpl.java:153) ~[httpcore-4.4.16.jar:4.4.16]
	at org.apache.http.impl.io.SessionInputBufferImpl.readLine(SessionInputBufferImpl.java:280) ~[httpcore-4.4.16.jar:4.4.16]
	at org.apache.http.impl.conn.DefaultHttpResponseParser.parseHead(DefaultHttpResponseParser.java:138) ~[httpclient-4.5.3.jar:4.5.3]
	at org.apache.http.impl.conn.DefaultHttpResponseParser.parseHead(DefaultHttpResponseParser.java:56) ~[httpclient-4.5.3.jar:4.5.3]
	at org.apache.http.impl.io.AbstractMessageParser.parse(AbstractMessageParser.java:259) ~[httpcore-4.4.16.jar:4.4.16]
	at org.apache.http.impl.DefaultBHttpClientConnection.receiveResponseHeader(DefaultBHttpClientConnection.java:163) ~[httpcore-4.4.16.jar:4.4.16]
	at org.apache.http.impl.conn.CPoolProxy.receiveResponseHeader(CPoolProxy.java:165) ~[httpclient-4.5.3.jar:4.5.3]
	at org.apache.http.protocol.HttpRequestExecutor.doReceiveResponse(HttpRequestExecutor.java:273) ~[httpcore-4.4.16.jar:4.4.16]
	at org.apache.http.protocol.HttpRequestExecutor.execute(HttpRequestExecutor.java:125) ~[httpcore-4.4.16.jar:4.4.16]
	at org.apache.http.impl.execchain.MainClientExec.execute(MainClientExec.java:272) ~[httpclient-4.5.3.jar:4.5.3]
	at org.apache.http.impl.execchain.ProtocolExec.execute(ProtocolExec.java:185) ~[httpclient-4.5.3.jar:4.5.3]
	at org.apache.http.impl.execchain.RetryExec.execute(RetryExec.java:89) ~[httpclient-4.5.3.jar:4.5.3]
	at org.apache.http.impl.execchain.RedirectExec.execute(RedirectExec.java:111) ~[httpclient-4.5.3.jar:4.5.3]
	at org.apache.http.impl.client.InternalHttpClient.doExecute(InternalHttpClient.java:185) ~[httpclient-4.5.3.jar:4.5.3]
	at org.apache.http.impl.client.CloseableHttpClient.execute(CloseableHttpClient.java:72) ~[httpclient-4.5.3.jar:4.5.3]
	at org.glassfish.jersey.apache.connector.ApacheConnector.apply(ApacheConnector.java:487) ~[jersey-apache-connector-3.0.5.jar:na]
	... 16 common frames omitted

2026-02-22T12:59:36.852+05:30 ERROR 25864 --- [SpringCloud_EurekaServer] [TaskBatchingWorker-target_localhost-5] [                                                 ] c.n.e.cluster.ReplicationTaskProcessor   : It seems to be a socket read timeout exception, it will retry later. if it continues to happen and some eureka node occupied all the cpu time, you should set property 'eureka.server.peer-node-read-timeout-ms' to a bigger value

jakarta.ws.rs.ProcessingException: java.net.SocketTimeoutException: Read timed out
	at org.glassfish.jersey.apache.connector.ApacheConnector.apply(ApacheConnector.java:535) ~[jersey-apache-connector-3.0.5.jar:na]
	at org.glassfish.jersey.client.ClientRuntime.invoke(ClientRuntime.java:300) ~[jersey-client-4.0.0.jar:na]
	at org.glassfish.jersey.client.JerseyInvocation.lambda$invoke$0(JerseyInvocation.java:671) ~[jersey-client-4.0.0.jar:na]
	at org.glassfish.jersey.client.JerseyInvocation.call(JerseyInvocation.java:706) ~[jersey-client-4.0.0.jar:na]
	at org.glassfish.jersey.client.JerseyInvocation.lambda$runInScope$3(JerseyInvocation.java:700) ~[jersey-client-4.0.0.jar:na]
	at org.glassfish.jersey.internal.Errors.process(Errors.java:292) ~[jersey-common-4.0.0.jar:na]
	at org.glassfish.jersey.internal.Errors.process(Errors.java:274) ~[jersey-common-4.0.0.jar:na]
	at org.glassfish.jersey.internal.Errors.process(Errors.java:205) ~[jersey-common-4.0.0.jar:na]
	at org.glassfish.jersey.process.internal.RequestScope.runInScope(RequestScope.java:391) ~[jersey-common-4.0.0.jar:na]
	at org.glassfish.jersey.client.JerseyInvocation.runInScope(JerseyInvocation.java:700) ~[jersey-client-4.0.0.jar:na]
	at org.glassfish.jersey.client.JerseyInvocation.invoke(JerseyInvocation.java:670) ~[jersey-client-4.0.0.jar:na]
	at org.glassfish.jersey.client.JerseyInvocation$Builder.method(JerseyInvocation.java:436) ~[jersey-client-4.0.0.jar:na]
	at org.glassfish.jersey.client.JerseyInvocation$Builder.post(JerseyInvocation.java:342) ~[jersey-client-4.0.0.jar:na]
	at com.netflix.eureka.transport.Jersey3ReplicationClient.submitBatchUpdates(Jersey3ReplicationClient.java:116) ~[eureka-core-jersey3-2.0.5.jar:2.0.5]
	at com.netflix.eureka.cluster.ReplicationTaskProcessor.process(ReplicationTaskProcessor.java:80) ~[eureka-core-2.0.5.jar:2.0.5]
	at com.netflix.eureka.util.batcher.TaskExecutors$BatchWorkerRunnable.run(TaskExecutors.java:178) ~[eureka-core-2.0.5.jar:2.0.5]
	at java.base/java.lang.Thread.run(Thread.java:1583) ~[na:na]
Caused by: java.net.SocketTimeoutException: Read timed out
	at java.base/sun.nio.ch.NioSocketImpl.timedRead(NioSocketImpl.java:278) ~[na:na]
	at java.base/sun.nio.ch.NioSocketImpl.implRead(NioSocketImpl.java:304) ~[na:na]
	at java.base/sun.nio.ch.NioSocketImpl.read(NioSocketImpl.java:346) ~[na:na]
	at java.base/sun.nio.ch.NioSocketImpl$1.read(NioSocketImpl.java:796) ~[na:na]
	at java.base/java.net.Socket$SocketInputStream.read(Socket.java:1099) ~[na:na]
	at org.apache.http.impl.io.SessionInputBufferImpl.streamRead(SessionInputBufferImpl.java:137) ~[httpcore-4.4.16.jar:4.4.16]
	at org.apache.http.impl.io.SessionInputBufferImpl.fillBuffer(SessionInputBufferImpl.java:153) ~[httpcore-4.4.16.jar:4.4.16]
	at org.apache.http.impl.io.SessionInputBufferImpl.readLine(SessionInputBufferImpl.java:280) ~[httpcore-4.4.16.jar:4.4.16]
	at org.apache.http.impl.conn.DefaultHttpResponseParser.parseHead(DefaultHttpResponseParser.java:138) ~[httpclient-4.5.3.jar:4.5.3]
	at org.apache.http.impl.conn.DefaultHttpResponseParser.parseHead(DefaultHttpResponseParser.java:56) ~[httpclient-4.5.3.jar:4.5.3]
	at org.apache.http.impl.io.AbstractMessageParser.parse(AbstractMessageParser.java:259) ~[httpcore-4.4.16.jar:4.4.16]
	at org.apache.http.impl.DefaultBHttpClientConnection.receiveResponseHeader(DefaultBHttpClientConnection.java:163) ~[httpcore-4.4.16.jar:4.4.16]
	at org.apache.http.impl.conn.CPoolProxy.receiveResponseHeader(CPoolProxy.java:165) ~[httpclient-4.5.3.jar:4.5.3]
	at org.apache.http.protocol.HttpRequestExecutor.doReceiveResponse(HttpRequestExecutor.java:273) ~[httpcore-4.4.16.jar:4.4.16]
	at org.apache.http.protocol.HttpRequestExecutor.execute(HttpRequestExecutor.java:125) ~[httpcore-4.4.16.jar:4.4.16]
	at org.apache.http.impl.execchain.MainClientExec.execute(MainClientExec.java:272) ~[httpclient-4.5.3.jar:4.5.3]
	at org.apache.http.impl.execchain.ProtocolExec.execute(ProtocolExec.java:185) ~[httpclient-4.5.3.jar:4.5.3]
	at org.apache.http.impl.execchain.RetryExec.execute(RetryExec.java:89) ~[httpclient-4.5.3.jar:4.5.3]
	at org.apache.http.impl.execchain.RedirectExec.execute(RedirectExec.java:111) ~[httpclient-4.5.3.jar:4.5.3]
	at org.apache.http.impl.client.InternalHttpClient.doExecute(InternalHttpClient.java:185) ~[httpclient-4.5.3.jar:4.5.3]
	at org.apache.http.impl.client.CloseableHttpClient.execute(CloseableHttpClient.java:72) ~[httpclient-4.5.3.jar:4.5.3]
	at org.glassfish.jersey.apache.connector.ApacheConnector.apply(ApacheConnector.java:487) ~[jersey-apache-connector-3.0.5.jar:na]
	... 16 common frames omitted

2026-02-22T12:59:38.040+05:30 ERROR 25864 --- [SpringCloud_EurekaServer] [TaskBatchingWorker-target_localhost-14] [                                                 ] c.n.e.cluster.ReplicationTaskProcessor   : It seems to be a socket read timeout exception, it will retry later. if it continues to happen and some eureka node occupied all the cpu time, you should set property 'eureka.server.peer-node-read-timeout-ms' to a bigger value

jakarta.ws.rs.ProcessingException: java.net.SocketTimeoutException: Read timed out
	at org.glassfish.jersey.apache.connector.ApacheConnector.apply(ApacheConnector.java:535) ~[jersey-apache-connector-3.0.5.jar:na]
	at org.glassfish.jersey.client.ClientRuntime.invoke(ClientRuntime.java:300) ~[jersey-client-4.0.0.jar:na]
	at org.glassfish.jersey.client.JerseyInvocation.lambda$invoke$0(JerseyInvocation.java:671) ~[jersey-client-4.0.0.jar:na]
	at org.glassfish.jersey.client.JerseyInvocation.call(JerseyInvocation.java:706) ~[jersey-client-4.0.0.jar:na]
	at org.glassfish.jersey.client.JerseyInvocation.lambda$runInScope$3(JerseyInvocation.java:700) ~[jersey-client-4.0.0.jar:na]
	at org.glassfish.jersey.internal.Errors.process(Errors.java:292) ~[jersey-common-4.0.0.jar:na]
	at org.glassfish.jersey.internal.Errors.process(Errors.java:274) ~[jersey-common-4.0.0.jar:na]
	at org.glassfish.jersey.internal.Errors.process(Errors.java:205) ~[jersey-common-4.0.0.jar:na]
	at org.glassfish.jersey.process.internal.RequestScope.runInScope(RequestScope.java:391) ~[jersey-common-4.0.0.jar:na]
	at org.glassfish.jersey.client.JerseyInvocation.runInScope(JerseyInvocation.java:700) ~[jersey-client-4.0.0.jar:na]
	at org.glassfish.jersey.client.JerseyInvocation.invoke(JerseyInvocation.java:670) ~[jersey-client-4.0.0.jar:na]
	at org.glassfish.jersey.client.JerseyInvocation$Builder.method(JerseyInvocation.java:436) ~[jersey-client-4.0.0.jar:na]
	at org.glassfish.jersey.client.JerseyInvocation$Builder.post(JerseyInvocation.java:342) ~[jersey-client-4.0.0.jar:na]
	at com.netflix.eureka.transport.Jersey3ReplicationClient.submitBatchUpdates(Jersey3ReplicationClient.java:116) ~[eureka-core-jersey3-2.0.5.jar:2.0.5]
	at com.netflix.eureka.cluster.ReplicationTaskProcessor.process(ReplicationTaskProcessor.java:80) ~[eureka-core-2.0.5.jar:2.0.5]
	at com.netflix.eureka.util.batcher.TaskExecutors$BatchWorkerRunnable.run(TaskExecutors.java:178) ~[eureka-core-2.0.5.jar:2.0.5]
	at java.base/java.lang.Thread.run(Thread.java:1583) ~[na:na]
Caused by: java.net.SocketTimeoutException: Read timed out
	at java.base/sun.nio.ch.NioSocketImpl.timedRead(NioSocketImpl.java:278) ~[na:na]
	at java.base/sun.nio.ch.NioSocketImpl.implRead(NioSocketImpl.java:304) ~[na:na]
	at java.base/sun.nio.ch.NioSocketImpl.read(NioSocketImpl.java:346) ~[na:na]
	at java.base/sun.nio.ch.NioSocketImpl$1.read(NioSocketImpl.java:796) ~[na:na]
	at java.base/java.net.Socket$SocketInputStream.read(Socket.java:1099) ~[na:na]
	at org.apache.http.impl.io.SessionInputBufferImpl.streamRead(SessionInputBufferImpl.java:137) ~[httpcore-4.4.16.jar:4.4.16]
	at org.apache.http.impl.io.SessionInputBufferImpl.fillBuffer(SessionInputBufferImpl.java:153) ~[httpcore-4.4.16.jar:4.4.16]
	at org.apache.http.impl.io.SessionInputBufferImpl.readLine(SessionInputBufferImpl.java:280) ~[httpcore-4.4.16.jar:4.4.16]
	at org.apache.http.impl.conn.DefaultHttpResponseParser.parseHead(DefaultHttpResponseParser.java:138) ~[httpclient-4.5.3.jar:4.5.3]
	at org.apache.http.impl.conn.DefaultHttpResponseParser.parseHead(DefaultHttpResponseParser.java:56) ~[httpclient-4.5.3.jar:4.5.3]
	at org.apache.http.impl.io.AbstractMessageParser.parse(AbstractMessageParser.java:259) ~[httpcore-4.4.16.jar:4.4.16]
	at org.apache.http.impl.DefaultBHttpClientConnection.receiveResponseHeader(DefaultBHttpClientConnection.java:163) ~[httpcore-4.4.16.jar:4.4.16]
	at org.apache.http.impl.conn.CPoolProxy.receiveResponseHeader(CPoolProxy.java:165) ~[httpclient-4.5.3.jar:4.5.3]
	at org.apache.http.protocol.HttpRequestExecutor.doReceiveResponse(HttpRequestExecutor.java:273) ~[httpcore-4.4.16.jar:4.4.16]
	at org.apache.http.protocol.HttpRequestExecutor.execute(HttpRequestExecutor.java:125) ~[httpcore-4.4.16.jar:4.4.16]
	at org.apache.http.impl.execchain.MainClientExec.execute(MainClientExec.java:272) ~[httpclient-4.5.3.jar:4.5.3]
	at org.apache.http.impl.execchain.ProtocolExec.execute(ProtocolExec.java:185) ~[httpclient-4.5.3.jar:4.5.3]
	at org.apache.http.impl.execchain.RetryExec.execute(RetryExec.java:89) ~[httpclient-4.5.3.jar:4.5.3]
	at org.apache.http.impl.execchain.RedirectExec.execute(RedirectExec.java:111) ~[httpclient-4.5.3.jar:4.5.3]
	at org.apache.http.impl.client.InternalHttpClient.doExecute(InternalHttpClient.java:185) ~[httpclient-4.5.3.jar:4.5.3]
	at org.apache.http.impl.client.CloseableHttpClient.execute(CloseableHttpClient.java:72) ~[httpclient-4.5.3.jar:4.5.3]
	at org.glassfish.jersey.apache.connector.ApacheConnector.apply(ApacheConnector.java:487) ~[jersey-apache-connector-3.0.5.jar:na]
	... 16 common frames omitted

2026-02-22T12:59:40.740+05:30  INFO 25864 --- [SpringCloud_EurekaServer] [Eureka-EvictionTimer] [                                                 ] c.n.e.registry.AbstractInstanceRegistry  : Running the evict task with compensationTime 1ms
2026-02-22T12:59:40.948+05:30 ERROR 25864 --- [SpringCloud_EurekaServer] [TaskBatchingWorker-target_localhost-8] [                                                 ] c.n.e.cluster.ReplicationTaskProcessor   : It seems to be a socket read timeout exception, it will retry later. if it continues to happen and some eureka node occupied all the cpu time, you should set property 'eureka.server.peer-node-read-timeout-ms' to a bigger value

jakarta.ws.rs.ProcessingException: java.net.SocketTimeoutException: Read timed out
	at org.glassfish.jersey.apache.connector.ApacheConnector.apply(ApacheConnector.java:535) ~[jersey-apache-connector-3.0.5.jar:na]
	at org.glassfish.jersey.client.ClientRuntime.invoke(ClientRuntime.java:300) ~[jersey-client-4.0.0.jar:na]
	at org.glassfish.jersey.client.JerseyInvocation.lambda$invoke$0(JerseyInvocation.java:671) ~[jersey-client-4.0.0.jar:na]
	at org.glassfish.jersey.client.JerseyInvocation.call(JerseyInvocation.java:706) ~[jersey-client-4.0.0.jar:na]
	at org.glassfish.jersey.client.JerseyInvocation.lambda$runInScope$3(JerseyInvocation.java:700) ~[jersey-client-4.0.0.jar:na]
	at org.glassfish.jersey.internal.Errors.process(Errors.java:292) ~[jersey-common-4.0.0.jar:na]
	at org.glassfish.jersey.internal.Errors.process(Errors.java:274) ~[jersey-common-4.0.0.jar:na]
	at org.glassfish.jersey.internal.Errors.process(Errors.java:205) ~[jersey-common-4.0.0.jar:na]
	at org.glassfish.jersey.process.internal.RequestScope.runInScope(RequestScope.java:391) ~[jersey-common-4.0.0.jar:na]
	at org.glassfish.jersey.client.JerseyInvocation.runInScope(JerseyInvocation.java:700) ~[jersey-client-4.0.0.jar:na]
	at org.glassfish.jersey.client.JerseyInvocation.invoke(JerseyInvocation.java:670) ~[jersey-client-4.0.0.jar:na]
	at org.glassfish.jersey.client.JerseyInvocation$Builder.method(JerseyInvocation.java:436) ~[jersey-client-4.0.0.jar:na]
	at org.glassfish.jersey.client.JerseyInvocation$Builder.post(JerseyInvocation.java:342) ~[jersey-client-4.0.0.jar:na]
	at com.netflix.eureka.transport.Jersey3ReplicationClient.submitBatchUpdates(Jersey3ReplicationClient.java:116) ~[eureka-core-jersey3-2.0.5.jar:2.0.5]
	at com.netflix.eureka.cluster.ReplicationTaskProcessor.process(ReplicationTaskProcessor.java:80) ~[eureka-core-2.0.5.jar:2.0.5]
	at com.netflix.eureka.util.batcher.TaskExecutors$BatchWorkerRunnable.run(TaskExecutors.java:178) ~[eureka-core-2.0.5.jar:2.0.5]
	at java.base/java.lang.Thread.run(Thread.java:1583) ~[na:na]
Caused by: java.net.SocketTimeoutException: Read timed out
	at java.base/sun.nio.ch.NioSocketImpl.timedRead(NioSocketImpl.java:278) ~[na:na]
	at java.base/sun.nio.ch.NioSocketImpl.implRead(NioSocketImpl.java:304) ~[na:na]
	at java.base/sun.nio.ch.NioSocketImpl.read(NioSocketImpl.java:346) ~[na:na]
	at java.base/sun.nio.ch.NioSocketImpl$1.read(NioSocketImpl.java:796) ~[na:na]
	at java.base/java.net.Socket$SocketInputStream.read(Socket.java:1099) ~[na:na]
	at org.apache.http.impl.io.SessionInputBufferImpl.streamRead(SessionInputBufferImpl.java:137) ~[httpcore-4.4.16.jar:4.4.16]
	at org.apache.http.impl.io.SessionInputBufferImpl.fillBuffer(SessionInputBufferImpl.java:153) ~[httpcore-4.4.16.jar:4.4.16]
	at org.apache.http.impl.io.SessionInputBufferImpl.readLine(SessionInputBufferImpl.java:280) ~[httpcore-4.4.16.jar:4.4.16]
	at org.apache.http.impl.conn.DefaultHttpResponseParser.parseHead(DefaultHttpResponseParser.java:138) ~[httpclient-4.5.3.jar:4.5.3]
	at org.apache.http.impl.conn.DefaultHttpResponseParser.parseHead(DefaultHttpResponseParser.java:56) ~[httpclient-4.5.3.jar:4.5.3]
	at org.apache.http.impl.io.AbstractMessageParser.parse(AbstractMessageParser.java:259) ~[httpcore-4.4.16.jar:4.4.16]
	at org.apache.http.impl.DefaultBHttpClientConnection.receiveResponseHeader(DefaultBHttpClientConnection.java:163) ~[httpcore-4.4.16.jar:4.4.16]
	at org.apache.http.impl.conn.CPoolProxy.receiveResponseHeader(CPoolProxy.java:165) ~[httpclient-4.5.3.jar:4.5.3]
	at org.apache.http.protocol.HttpRequestExecutor.doReceiveResponse(HttpRequestExecutor.java:273) ~[httpcore-4.4.16.jar:4.4.16]
	at org.apache.http.protocol.HttpRequestExecutor.execute(HttpRequestExecutor.java:125) ~[httpcore-4.4.16.jar:4.4.16]
	at org.apache.http.impl.execchain.MainClientExec.execute(MainClientExec.java:272) ~[httpclient-4.5.3.jar:4.5.3]
	at org.apache.http.impl.execchain.ProtocolExec.execute(ProtocolExec.java:185) ~[httpclient-4.5.3.jar:4.5.3]
	at org.apache.http.impl.execchain.RetryExec.execute(RetryExec.java:89) ~[httpclient-4.5.3.jar:4.5.3]
	at org.apache.http.impl.execchain.RedirectExec.execute(RedirectExec.java:111) ~[httpclient-4.5.3.jar:4.5.3]
	at org.apache.http.impl.client.InternalHttpClient.doExecute(InternalHttpClient.java:185) ~[httpclient-4.5.3.jar:4.5.3]
	at org.apache.http.impl.client.CloseableHttpClient.execute(CloseableHttpClient.java:72) ~[httpclient-4.5.3.jar:4.5.3]
	at org.glassfish.jersey.apache.connector.ApacheConnector.apply(ApacheConnector.java:487) ~[jersey-apache-connector-3.0.5.jar:na]
	... 16 common frames omitted

2026-02-22T12:59:45.123+05:30 ERROR 25864 --- [SpringCloud_EurekaServer] [TaskBatchingWorker-target_localhost-13] [                                                 ] c.n.e.cluster.ReplicationTaskProcessor   : It seems to be a socket read timeout exception, it will retry later. if it continues to happen and some eureka node occupied all the cpu time, you should set property 'eureka.server.peer-node-read-timeout-ms' to a bigger value

jakarta.ws.rs.ProcessingException: java.net.SocketTimeoutException: Read timed out
	at org.glassfish.jersey.apache.connector.ApacheConnector.apply(ApacheConnector.java:535) ~[jersey-apache-connector-3.0.5.jar:na]
	at org.glassfish.jersey.client.ClientRuntime.invoke(ClientRuntime.java:300) ~[jersey-client-4.0.0.jar:na]
	at org.glassfish.jersey.client.JerseyInvocation.lambda$invoke$0(JerseyInvocation.java:671) ~[jersey-client-4.0.0.jar:na]
	at org.glassfish.jersey.client.JerseyInvocation.call(JerseyInvocation.java:706) ~[jersey-client-4.0.0.jar:na]
	at org.glassfish.jersey.client.JerseyInvocation.lambda$runInScope$3(JerseyInvocation.java:700) ~[jersey-client-4.0.0.jar:na]
	at org.glassfish.jersey.internal.Errors.process(Errors.java:292) ~[jersey-common-4.0.0.jar:na]
	at org.glassfish.jersey.internal.Errors.process(Errors.java:274) ~[jersey-common-4.0.0.jar:na]
	at org.glassfish.jersey.internal.Errors.process(Errors.java:205) ~[jersey-common-4.0.0.jar:na]
	at org.glassfish.jersey.process.internal.RequestScope.runInScope(RequestScope.java:391) ~[jersey-common-4.0.0.jar:na]
	at org.glassfish.jersey.client.JerseyInvocation.runInScope(JerseyInvocation.java:700) ~[jersey-client-4.0.0.jar:na]
	at org.glassfish.jersey.client.JerseyInvocation.invoke(JerseyInvocation.java:670) ~[jersey-client-4.0.0.jar:na]
	at org.glassfish.jersey.client.JerseyInvocation$Builder.method(JerseyInvocation.java:436) ~[jersey-client-4.0.0.jar:na]
	at org.glassfish.jersey.client.JerseyInvocation$Builder.post(JerseyInvocation.java:342) ~[jersey-client-4.0.0.jar:na]
	at com.netflix.eureka.transport.Jersey3ReplicationClient.submitBatchUpdates(Jersey3ReplicationClient.java:116) ~[eureka-core-jersey3-2.0.5.jar:2.0.5]
	at com.netflix.eureka.cluster.ReplicationTaskProcessor.process(ReplicationTaskProcessor.java:80) ~[eureka-core-2.0.5.jar:2.0.5]
	at com.netflix.eureka.util.batcher.TaskExecutors$BatchWorkerRunnable.run(TaskExecutors.java:178) ~[eureka-core-2.0.5.jar:2.0.5]
	at java.base/java.lang.Thread.run(Thread.java:1583) ~[na:na]
Caused by: java.net.SocketTimeoutException: Read timed out
	at java.base/sun.nio.ch.NioSocketImpl.timedRead(NioSocketImpl.java:278) ~[na:na]
	at java.base/sun.nio.ch.NioSocketImpl.implRead(NioSocketImpl.java:304) ~[na:na]
	at java.base/sun.nio.ch.NioSocketImpl.read(NioSocketImpl.java:346) ~[na:na]
	at java.base/sun.nio.ch.NioSocketImpl$1.read(NioSocketImpl.java:796) ~[na:na]
	at java.base/java.net.Socket$SocketInputStream.read(Socket.java:1099) ~[na:na]
	at org.apache.http.impl.io.SessionInputBufferImpl.streamRead(SessionInputBufferImpl.java:137) ~[httpcore-4.4.16.jar:4.4.16]
	at org.apache.http.impl.io.SessionInputBufferImpl.fillBuffer(SessionInputBufferImpl.java:153) ~[httpcore-4.4.16.jar:4.4.16]
	at org.apache.http.impl.io.SessionInputBufferImpl.readLine(SessionInputBufferImpl.java:280) ~[httpcore-4.4.16.jar:4.4.16]
	at org.apache.http.impl.conn.DefaultHttpResponseParser.parseHead(DefaultHttpResponseParser.java:138) ~[httpclient-4.5.3.jar:4.5.3]
	at org.apache.http.impl.conn.DefaultHttpResponseParser.parseHead(DefaultHttpResponseParser.java:56) ~[httpclient-4.5.3.jar:4.5.3]
	at org.apache.http.impl.io.AbstractMessageParser.parse(AbstractMessageParser.java:259) ~[httpcore-4.4.16.jar:4.4.16]
	at org.apache.http.impl.DefaultBHttpClientConnection.receiveResponseHeader(DefaultBHttpClientConnection.java:163) ~[httpcore-4.4.16.jar:4.4.16]
	at org.apache.http.impl.conn.CPoolProxy.receiveResponseHeader(CPoolProxy.java:165) ~[httpclient-4.5.3.jar:4.5.3]
	at org.apache.http.protocol.HttpRequestExecutor.doReceiveResponse(HttpRequestExecutor.java:273) ~[httpcore-4.4.16.jar:4.4.16]
	at org.apache.http.protocol.HttpRequestExecutor.execute(HttpRequestExecutor.java:125) ~[httpcore-4.4.16.jar:4.4.16]
	at org.apache.http.impl.execchain.MainClientExec.execute(MainClientExec.java:272) ~[httpclient-4.5.3.jar:4.5.3]
	at org.apache.http.impl.execchain.ProtocolExec.execute(ProtocolExec.java:185) ~[httpclient-4.5.3.jar:4.5.3]
	at org.apache.http.impl.execchain.RetryExec.execute(RetryExec.java:89) ~[httpclient-4.5.3.jar:4.5.3]
	at org.apache.http.impl.execchain.RedirectExec.execute(RedirectExec.java:111) ~[httpclient-4.5.3.jar:4.5.3]
	at org.apache.http.impl.client.InternalHttpClient.doExecute(InternalHttpClient.java:185) ~[httpclient-4.5.3.jar:4.5.3]
	at org.apache.http.impl.client.CloseableHttpClient.execute(CloseableHttpClient.java:72) ~[httpclient-4.5.3.jar:4.5.3]
	at org.glassfish.jersey.apache.connector.ApacheConnector.apply(ApacheConnector.java:487) ~[jersey-apache-connector-3.0.5.jar:na]
	... 16 common frames omitted

2026-02-22T12:59:46.204+05:30 ERROR 25864 --- [SpringCloud_EurekaServer] [TaskBatchingWorker-target_localhost-14] [                                                 ] c.n.e.cluster.ReplicationTaskProcessor   : It seems to be a socket read timeout exception, it will retry later. if it continues to happen and some eureka node occupied all the cpu time, you should set property 'eureka.server.peer-node-read-timeout-ms' to a bigger value

jakarta.ws.rs.ProcessingException: java.net.SocketTimeoutException: Read timed out
	at org.glassfish.jersey.apache.connector.ApacheConnector.apply(ApacheConnector.java:535) ~[jersey-apache-connector-3.0.5.jar:na]
	at org.glassfish.jersey.client.ClientRuntime.invoke(ClientRuntime.java:300) ~[jersey-client-4.0.0.jar:na]
	at org.glassfish.jersey.client.JerseyInvocation.lambda$invoke$0(JerseyInvocation.java:671) ~[jersey-client-4.0.0.jar:na]
	at org.glassfish.jersey.client.JerseyInvocation.call(JerseyInvocation.java:706) ~[jersey-client-4.0.0.jar:na]
	at org.glassfish.jersey.client.JerseyInvocation.lambda$runInScope$3(JerseyInvocation.java:700) ~[jersey-client-4.0.0.jar:na]
	at org.glassfish.jersey.internal.Errors.process(Errors.java:292) ~[jersey-common-4.0.0.jar:na]
	at org.glassfish.jersey.internal.Errors.process(Errors.java:274) ~[jersey-common-4.0.0.jar:na]
	at org.glassfish.jersey.internal.Errors.process(Errors.java:205) ~[jersey-common-4.0.0.jar:na]
	at org.glassfish.jersey.process.internal.RequestScope.runInScope(RequestScope.java:391) ~[jersey-common-4.0.0.jar:na]
	at org.glassfish.jersey.client.JerseyInvocation.runInScope(JerseyInvocation.java:700) ~[jersey-client-4.0.0.jar:na]
	at org.glassfish.jersey.client.JerseyInvocation.invoke(JerseyInvocation.java:670) ~[jersey-client-4.0.0.jar:na]
	at org.glassfish.jersey.client.JerseyInvocation$Builder.method(JerseyInvocation.java:436) ~[jersey-client-4.0.0.jar:na]
	at org.glassfish.jersey.client.JerseyInvocation$Builder.post(JerseyInvocation.java:342) ~[jersey-client-4.0.0.jar:na]
	at com.netflix.eureka.transport.Jersey3ReplicationClient.submitBatchUpdates(Jersey3ReplicationClient.java:116) ~[eureka-core-jersey3-2.0.5.jar:2.0.5]
	at com.netflix.eureka.cluster.ReplicationTaskProcessor.process(ReplicationTaskProcessor.java:80) ~[eureka-core-2.0.5.jar:2.0.5]
	at com.netflix.eureka.util.batcher.TaskExecutors$BatchWorkerRunnable.run(TaskExecutors.java:178) ~[eureka-core-2.0.5.jar:2.0.5]
	at java.base/java.lang.Thread.run(Thread.java:1583) ~[na:na]
Caused by: java.net.SocketTimeoutException: Read timed out
	at java.base/sun.nio.ch.NioSocketImpl.timedRead(NioSocketImpl.java:278) ~[na:na]
	at java.base/sun.nio.ch.NioSocketImpl.implRead(NioSocketImpl.java:304) ~[na:na]
	at java.base/sun.nio.ch.NioSocketImpl.read(NioSocketImpl.java:346) ~[na:na]
	at java.base/sun.nio.ch.NioSocketImpl$1.read(NioSocketImpl.java:796) ~[na:na]
	at java.base/java.net.Socket$SocketInputStream.read(Socket.java:1099) ~[na:na]
	at org.apache.http.impl.io.SessionInputBufferImpl.streamRead(SessionInputBufferImpl.java:137) ~[httpcore-4.4.16.jar:4.4.16]
	at org.apache.http.impl.io.SessionInputBufferImpl.fillBuffer(SessionInputBufferImpl.java:153) ~[httpcore-4.4.16.jar:4.4.16]
	at org.apache.http.impl.io.SessionInputBufferImpl.readLine(SessionInputBufferImpl.java:280) ~[httpcore-4.4.16.jar:4.4.16]
	at org.apache.http.impl.conn.DefaultHttpResponseParser.parseHead(DefaultHttpResponseParser.java:138) ~[httpclient-4.5.3.jar:4.5.3]
	at org.apache.http.impl.conn.DefaultHttpResponseParser.parseHead(DefaultHttpResponseParser.java:56) ~[httpclient-4.5.3.jar:4.5.3]
	at org.apache.http.impl.io.AbstractMessageParser.parse(AbstractMessageParser.java:259) ~[httpcore-4.4.16.jar:4.4.16]
	at org.apache.http.impl.DefaultBHttpClientConnection.receiveResponseHeader(DefaultBHttpClientConnection.java:163) ~[httpcore-4.4.16.jar:4.4.16]
	at org.apache.http.impl.conn.CPoolProxy.receiveResponseHeader(CPoolProxy.java:165) ~[httpclient-4.5.3.jar:4.5.3]
	at org.apache.http.protocol.HttpRequestExecutor.doReceiveResponse(HttpRequestExecutor.java:273) ~[httpcore-4.4.16.jar:4.4.16]
	at org.apache.http.protocol.HttpRequestExecutor.execute(HttpRequestExecutor.java:125) ~[httpcore-4.4.16.jar:4.4.16]
	at org.apache.http.impl.execchain.MainClientExec.execute(MainClientExec.java:272) ~[httpclient-4.5.3.jar:4.5.3]
	at org.apache.http.impl.execchain.ProtocolExec.execute(ProtocolExec.java:185) ~[httpclient-4.5.3.jar:4.5.3]
	at org.apache.http.impl.execchain.RetryExec.execute(RetryExec.java:89) ~[httpclient-4.5.3.jar:4.5.3]
	at org.apache.http.impl.execchain.RedirectExec.execute(RedirectExec.java:111) ~[httpclient-4.5.3.jar:4.5.3]
	at org.apache.http.impl.client.InternalHttpClient.doExecute(InternalHttpClient.java:185) ~[httpclient-4.5.3.jar:4.5.3]
	at org.apache.http.impl.client.CloseableHttpClient.execute(CloseableHttpClient.java:72) ~[httpclient-4.5.3.jar:4.5.3]
	at org.glassfish.jersey.apache.connector.ApacheConnector.apply(ApacheConnector.java:487) ~[jersey-apache-connector-3.0.5.jar:na]
	... 16 common frames omitted

2026-02-22T13:00:39.723+05:30  INFO 25864 --- [SpringCloud_EurekaServer] [Eureka-EvictionTimer] [                                                 ] c.n.e.registry.AbstractInstanceRegistry  : Running the evict task with compensationTime 200ms
2026-02-22T13:00:39.722+05:30 ERROR 25864 --- [SpringCloud_EurekaServer] [TaskBatchingWorker-target_localhost-6] [                                                 ] c.n.e.cluster.ReplicationTaskProcessor   : It seems to be a socket read timeout exception, it will retry later. if it continues to happen and some eureka node occupied all the cpu time, you should set property 'eureka.server.peer-node-read-timeout-ms' to a bigger value

jakarta.ws.rs.ProcessingException: java.net.SocketTimeoutException: Read timed out
	at org.glassfish.jersey.apache.connector.ApacheConnector.apply(ApacheConnector.java:535) ~[jersey-apache-connector-3.0.5.jar:na]
	at org.glassfish.jersey.client.ClientRuntime.invoke(ClientRuntime.java:300) ~[jersey-client-4.0.0.jar:na]
	at org.glassfish.jersey.client.JerseyInvocation.lambda$invoke$0(JerseyInvocation.java:671) ~[jersey-client-4.0.0.jar:na]
	at org.glassfish.jersey.client.JerseyInvocation.call(JerseyInvocation.java:706) ~[jersey-client-4.0.0.jar:na]
	at org.glassfish.jersey.client.JerseyInvocation.lambda$runInScope$3(JerseyInvocation.java:700) ~[jersey-client-4.0.0.jar:na]
	at org.glassfish.jersey.internal.Errors.process(Errors.java:292) ~[jersey-common-4.0.0.jar:na]
	at org.glassfish.jersey.internal.Errors.process(Errors.java:274) ~[jersey-common-4.0.0.jar:na]
	at org.glassfish.jersey.internal.Errors.process(Errors.java:205) ~[jersey-common-4.0.0.jar:na]
	at org.glassfish.jersey.process.internal.RequestScope.runInScope(RequestScope.java:391) ~[jersey-common-4.0.0.jar:na]
	at org.glassfish.jersey.client.JerseyInvocation.runInScope(JerseyInvocation.java:700) ~[jersey-client-4.0.0.jar:na]
	at org.glassfish.jersey.client.JerseyInvocation.invoke(JerseyInvocation.java:670) ~[jersey-client-4.0.0.jar:na]
	at org.glassfish.jersey.client.JerseyInvocation$Builder.method(JerseyInvocation.java:436) ~[jersey-client-4.0.0.jar:na]
	at org.glassfish.jersey.client.JerseyInvocation$Builder.post(JerseyInvocation.java:342) ~[jersey-client-4.0.0.jar:na]
	at com.netflix.eureka.transport.Jersey3ReplicationClient.submitBatchUpdates(Jersey3ReplicationClient.java:116) ~[eureka-core-jersey3-2.0.5.jar:2.0.5]
	at com.netflix.eureka.cluster.ReplicationTaskProcessor.process(ReplicationTaskProcessor.java:80) ~[eureka-core-2.0.5.jar:2.0.5]
	at com.netflix.eureka.util.batcher.TaskExecutors$BatchWorkerRunnable.run(TaskExecutors.java:178) ~[eureka-core-2.0.5.jar:2.0.5]
	at java.base/java.lang.Thread.run(Thread.java:1583) ~[na:na]
Caused by: java.net.SocketTimeoutException: Read timed out
	at java.base/sun.nio.ch.NioSocketImpl.timedRead(NioSocketImpl.java:278) ~[na:na]
	at java.base/sun.nio.ch.NioSocketImpl.implRead(NioSocketImpl.java:304) ~[na:na]
	at java.base/sun.nio.ch.NioSocketImpl.read(NioSocketImpl.java:346) ~[na:na]
	at java.base/sun.nio.ch.NioSocketImpl$1.read(NioSocketImpl.java:796) ~[na:na]
	at java.base/java.net.Socket$SocketInputStream.read(Socket.java:1099) ~[na:na]
	at org.apache.http.impl.io.SessionInputBufferImpl.streamRead(SessionInputBufferImpl.java:137) ~[httpcore-4.4.16.jar:4.4.16]
	at org.apache.http.impl.io.SessionInputBufferImpl.fillBuffer(SessionInputBufferImpl.java:153) ~[httpcore-4.4.16.jar:4.4.16]
	at org.apache.http.impl.io.SessionInputBufferImpl.readLine(SessionInputBufferImpl.java:280) ~[httpcore-4.4.16.jar:4.4.16]
	at org.apache.http.impl.conn.DefaultHttpResponseParser.parseHead(DefaultHttpResponseParser.java:138) ~[httpclient-4.5.3.jar:4.5.3]
	at org.apache.http.impl.conn.DefaultHttpResponseParser.parseHead(DefaultHttpResponseParser.java:56) ~[httpclient-4.5.3.jar:4.5.3]
	at org.apache.http.impl.io.AbstractMessageParser.parse(AbstractMessageParser.java:259) ~[httpcore-4.4.16.jar:4.4.16]
	at org.apache.http.impl.DefaultBHttpClientConnection.receiveResponseHeader(DefaultBHttpClientConnection.java:163) ~[httpcore-4.4.16.jar:4.4.16]
	at org.apache.http.impl.conn.CPoolProxy.receiveResponseHeader(CPoolProxy.java:165) ~[httpclient-4.5.3.jar:4.5.3]
	at org.apache.http.protocol.HttpRequestExecutor.doReceiveResponse(HttpRequestExecutor.java:273) ~[httpcore-4.4.16.jar:4.4.16]
	at org.apache.http.protocol.HttpRequestExecutor.execute(HttpRequestExecutor.java:125) ~[httpcore-4.4.16.jar:4.4.16]
	at org.apache.http.impl.execchain.MainClientExec.execute(MainClientExec.java:272) ~[httpclient-4.5.3.jar:4.5.3]
	at org.apache.http.impl.execchain.ProtocolExec.execute(ProtocolExec.java:185) ~[httpclient-4.5.3.jar:4.5.3]
	at org.apache.http.impl.execchain.RetryExec.execute(RetryExec.java:89) ~[httpclient-4.5.3.jar:4.5.3]
	at org.apache.http.impl.execchain.RedirectExec.execute(RedirectExec.java:111) ~[httpclient-4.5.3.jar:4.5.3]
	at org.apache.http.impl.client.InternalHttpClient.doExecute(InternalHttpClient.java:185) ~[httpclient-4.5.3.jar:4.5.3]
	at org.apache.http.impl.client.CloseableHttpClient.execute(CloseableHttpClient.java:72) ~[httpclient-4.5.3.jar:4.5.3]
	at org.glassfish.jersey.apache.connector.ApacheConnector.apply(ApacheConnector.java:487) ~[jersey-apache-connector-3.0.5.jar:na]
	... 16 common frames omitted

2026-02-22T13:01:39.506+05:30  INFO 25864 --- [SpringCloud_EurekaServer] [Eureka-EvictionTimer] [                                                 ] c.n.e.registry.AbstractInstanceRegistry  : Running the evict task with compensationTime 0ms
2026-02-22T13:02:08.259+05:30 ERROR 25864 --- [SpringCloud_EurekaServer] [TaskBatchingWorker-target_localhost-16] [                                                 ] c.n.e.cluster.ReplicationTaskProcessor   : It seems to be a socket read timeout exception, it will retry later. if it continues to happen and some eureka node occupied all the cpu time, you should set property 'eureka.server.peer-node-read-timeout-ms' to a bigger value

jakarta.ws.rs.ProcessingException: java.net.SocketTimeoutException: Read timed out
	at org.glassfish.jersey.apache.connector.ApacheConnector.apply(ApacheConnector.java:535) ~[jersey-apache-connector-3.0.5.jar:na]
	at org.glassfish.jersey.client.ClientRuntime.invoke(ClientRuntime.java:300) ~[jersey-client-4.0.0.jar:na]
	at org.glassfish.jersey.client.JerseyInvocation.lambda$invoke$0(JerseyInvocation.java:671) ~[jersey-client-4.0.0.jar:na]
	at org.glassfish.jersey.client.JerseyInvocation.call(JerseyInvocation.java:706) ~[jersey-client-4.0.0.jar:na]
	at org.glassfish.jersey.client.JerseyInvocation.lambda$runInScope$3(JerseyInvocation.java:700) ~[jersey-client-4.0.0.jar:na]
	at org.glassfish.jersey.internal.Errors.process(Errors.java:292) ~[jersey-common-4.0.0.jar:na]
	at org.glassfish.jersey.internal.Errors.process(Errors.java:274) ~[jersey-common-4.0.0.jar:na]
	at org.glassfish.jersey.internal.Errors.process(Errors.java:205) ~[jersey-common-4.0.0.jar:na]
	at org.glassfish.jersey.process.internal.RequestScope.runInScope(RequestScope.java:391) ~[jersey-common-4.0.0.jar:na]
	at org.glassfish.jersey.client.JerseyInvocation.runInScope(JerseyInvocation.java:700) ~[jersey-client-4.0.0.jar:na]
	at org.glassfish.jersey.client.JerseyInvocation.invoke(JerseyInvocation.java:670) ~[jersey-client-4.0.0.jar:na]
	at org.glassfish.jersey.client.JerseyInvocation$Builder.method(JerseyInvocation.java:436) ~[jersey-client-4.0.0.jar:na]
	at org.glassfish.jersey.client.JerseyInvocation$Builder.post(JerseyInvocation.java:342) ~[jersey-client-4.0.0.jar:na]
	at com.netflix.eureka.transport.Jersey3ReplicationClient.submitBatchUpdates(Jersey3ReplicationClient.java:116) ~[eureka-core-jersey3-2.0.5.jar:2.0.5]
	at com.netflix.eureka.cluster.ReplicationTaskProcessor.process(ReplicationTaskProcessor.java:80) ~[eureka-core-2.0.5.jar:2.0.5]
	at com.netflix.eureka.util.batcher.TaskExecutors$BatchWorkerRunnable.run(TaskExecutors.java:178) ~[eureka-core-2.0.5.jar:2.0.5]
	at java.base/java.lang.Thread.run(Thread.java:1583) ~[na:na]
Caused by: java.net.SocketTimeoutException: Read timed out
	at java.base/sun.nio.ch.NioSocketImpl.timedRead(NioSocketImpl.java:278) ~[na:na]
	at java.base/sun.nio.ch.NioSocketImpl.implRead(NioSocketImpl.java:304) ~[na:na]
	at java.base/sun.nio.ch.NioSocketImpl.read(NioSocketImpl.java:346) ~[na:na]
	at java.base/sun.nio.ch.NioSocketImpl$1.read(NioSocketImpl.java:796) ~[na:na]
	at java.base/java.net.Socket$SocketInputStream.read(Socket.java:1099) ~[na:na]
	at org.apache.http.impl.io.SessionInputBufferImpl.streamRead(SessionInputBufferImpl.java:137) ~[httpcore-4.4.16.jar:4.4.16]
	at org.apache.http.impl.io.SessionInputBufferImpl.fillBuffer(SessionInputBufferImpl.java:153) ~[httpcore-4.4.16.jar:4.4.16]
	at org.apache.http.impl.io.SessionInputBufferImpl.readLine(SessionInputBufferImpl.java:280) ~[httpcore-4.4.16.jar:4.4.16]
	at org.apache.http.impl.conn.DefaultHttpResponseParser.parseHead(DefaultHttpResponseParser.java:138) ~[httpclient-4.5.3.jar:4.5.3]
	at org.apache.http.impl.conn.DefaultHttpResponseParser.parseHead(DefaultHttpResponseParser.java:56) ~[httpclient-4.5.3.jar:4.5.3]
	at org.apache.http.impl.io.AbstractMessageParser.parse(AbstractMessageParser.java:259) ~[httpcore-4.4.16.jar:4.4.16]
	at org.apache.http.impl.DefaultBHttpClientConnection.receiveResponseHeader(DefaultBHttpClientConnection.java:163) ~[httpcore-4.4.16.jar:4.4.16]
	at org.apache.http.impl.conn.CPoolProxy.receiveResponseHeader(CPoolProxy.java:165) ~[httpclient-4.5.3.jar:4.5.3]
	at org.apache.http.protocol.HttpRequestExecutor.doReceiveResponse(HttpRequestExecutor.java:273) ~[httpcore-4.4.16.jar:4.4.16]
	at org.apache.http.protocol.HttpRequestExecutor.execute(HttpRequestExecutor.java:125) ~[httpcore-4.4.16.jar:4.4.16]
	at org.apache.http.impl.execchain.MainClientExec.execute(MainClientExec.java:272) ~[httpclient-4.5.3.jar:4.5.3]
	at org.apache.http.impl.execchain.ProtocolExec.execute(ProtocolExec.java:185) ~[httpclient-4.5.3.jar:4.5.3]
	at org.apache.http.impl.execchain.RetryExec.execute(RetryExec.java:89) ~[httpclient-4.5.3.jar:4.5.3]
	at org.apache.http.impl.execchain.RedirectExec.execute(RedirectExec.java:111) ~[httpclient-4.5.3.jar:4.5.3]
	at org.apache.http.impl.client.InternalHttpClient.doExecute(InternalHttpClient.java:185) ~[httpclient-4.5.3.jar:4.5.3]
	at org.apache.http.impl.client.CloseableHttpClient.execute(CloseableHttpClient.java:72) ~[httpclient-4.5.3.jar:4.5.3]
	at org.glassfish.jersey.apache.connector.ApacheConnector.apply(ApacheConnector.java:487) ~[jersey-apache-connector-3.0.5.jar:na]
	... 16 common frames omitted

2026-02-22T13:02:34.498+05:30 ERROR 25864 --- [SpringCloud_EurekaServer] [TaskBatchingWorker-target_localhost-16] [                                                 ] c.n.e.cluster.ReplicationTaskProcessor   : It seems to be a socket read timeout exception, it will retry later. if it continues to happen and some eureka node occupied all the cpu time, you should set property 'eureka.server.peer-node-read-timeout-ms' to a bigger value

jakarta.ws.rs.ProcessingException: java.net.SocketTimeoutException: Read timed out
	at org.glassfish.jersey.apache.connector.ApacheConnector.apply(ApacheConnector.java:535) ~[jersey-apache-connector-3.0.5.jar:na]
	at org.glassfish.jersey.client.ClientRuntime.invoke(ClientRuntime.java:300) ~[jersey-client-4.0.0.jar:na]
	at org.glassfish.jersey.client.JerseyInvocation.lambda$invoke$0(JerseyInvocation.java:671) ~[jersey-client-4.0.0.jar:na]
	at org.glassfish.jersey.client.JerseyInvocation.call(JerseyInvocation.java:706) ~[jersey-client-4.0.0.jar:na]
	at org.glassfish.jersey.client.JerseyInvocation.lambda$runInScope$3(JerseyInvocation.java:700) ~[jersey-client-4.0.0.jar:na]
	at org.glassfish.jersey.internal.Errors.process(Errors.java:292) ~[jersey-common-4.0.0.jar:na]
	at org.glassfish.jersey.internal.Errors.process(Errors.java:274) ~[jersey-common-4.0.0.jar:na]
	at org.glassfish.jersey.internal.Errors.process(Errors.java:205) ~[jersey-common-4.0.0.jar:na]
	at org.glassfish.jersey.process.internal.RequestScope.runInScope(RequestScope.java:391) ~[jersey-common-4.0.0.jar:na]
	at org.glassfish.jersey.client.JerseyInvocation.runInScope(JerseyInvocation.java:700) ~[jersey-client-4.0.0.jar:na]
	at org.glassfish.jersey.client.JerseyInvocation.invoke(JerseyInvocation.java:670) ~[jersey-client-4.0.0.jar:na]
	at org.glassfish.jersey.client.JerseyInvocation$Builder.method(JerseyInvocation.java:436) ~[jersey-client-4.0.0.jar:na]
	at org.glassfish.jersey.client.JerseyInvocation$Builder.post(JerseyInvocation.java:342) ~[jersey-client-4.0.0.jar:na]
	at com.netflix.eureka.transport.Jersey3ReplicationClient.submitBatchUpdates(Jersey3ReplicationClient.java:116) ~[eureka-core-jersey3-2.0.5.jar:2.0.5]
	at com.netflix.eureka.cluster.ReplicationTaskProcessor.process(ReplicationTaskProcessor.java:80) ~[eureka-core-2.0.5.jar:2.0.5]
	at com.netflix.eureka.util.batcher.TaskExecutors$BatchWorkerRunnable.run(TaskExecutors.java:178) ~[eureka-core-2.0.5.jar:2.0.5]
	at java.base/java.lang.Thread.run(Thread.java:1583) ~[na:na]
Caused by: java.net.SocketTimeoutException: Read timed out
	at java.base/sun.nio.ch.NioSocketImpl.timedRead(NioSocketImpl.java:278) ~[na:na]
	at java.base/sun.nio.ch.NioSocketImpl.implRead(NioSocketImpl.java:304) ~[na:na]
	at java.base/sun.nio.ch.NioSocketImpl.read(NioSocketImpl.java:346) ~[na:na]
	at java.base/sun.nio.ch.NioSocketImpl$1.read(NioSocketImpl.java:796) ~[na:na]
	at java.base/java.net.Socket$SocketInputStream.read(Socket.java:1099) ~[na:na]
	at org.apache.http.impl.io.SessionInputBufferImpl.streamRead(SessionInputBufferImpl.java:137) ~[httpcore-4.4.16.jar:4.4.16]
	at org.apache.http.impl.io.SessionInputBufferImpl.fillBuffer(SessionInputBufferImpl.java:153) ~[httpcore-4.4.16.jar:4.4.16]
	at org.apache.http.impl.io.SessionInputBufferImpl.readLine(SessionInputBufferImpl.java:280) ~[httpcore-4.4.16.jar:4.4.16]
	at org.apache.http.impl.conn.DefaultHttpResponseParser.parseHead(DefaultHttpResponseParser.java:138) ~[httpclient-4.5.3.jar:4.5.3]
	at org.apache.http.impl.conn.DefaultHttpResponseParser.parseHead(DefaultHttpResponseParser.java:56) ~[httpclient-4.5.3.jar:4.5.3]
	at org.apache.http.impl.io.AbstractMessageParser.parse(AbstractMessageParser.java:259) ~[httpcore-4.4.16.jar:4.4.16]
	at org.apache.http.impl.DefaultBHttpClientConnection.receiveResponseHeader(DefaultBHttpClientConnection.java:163) ~[httpcore-4.4.16.jar:4.4.16]
	at org.apache.http.impl.conn.CPoolProxy.receiveResponseHeader(CPoolProxy.java:165) ~[httpclient-4.5.3.jar:4.5.3]
	at org.apache.http.protocol.HttpRequestExecutor.doReceiveResponse(HttpRequestExecutor.java:273) ~[httpcore-4.4.16.jar:4.4.16]
	at org.apache.http.protocol.HttpRequestExecutor.execute(HttpRequestExecutor.java:125) ~[httpcore-4.4.16.jar:4.4.16]
	at org.apache.http.impl.execchain.MainClientExec.execute(MainClientExec.java:272) ~[httpclient-4.5.3.jar:4.5.3]
	at org.apache.http.impl.execchain.ProtocolExec.execute(ProtocolExec.java:185) ~[httpclient-4.5.3.jar:4.5.3]
	at org.apache.http.impl.execchain.RetryExec.execute(RetryExec.java:89) ~[httpclient-4.5.3.jar:4.5.3]
	at org.apache.http.impl.execchain.RedirectExec.execute(RedirectExec.java:111) ~[httpclient-4.5.3.jar:4.5.3]
	at org.apache.http.impl.client.InternalHttpClient.doExecute(InternalHttpClient.java:185) ~[httpclient-4.5.3.jar:4.5.3]
	at org.apache.http.impl.client.CloseableHttpClient.execute(CloseableHttpClient.java:72) ~[httpclient-4.5.3.jar:4.5.3]
	at org.glassfish.jersey.apache.connector.ApacheConnector.apply(ApacheConnector.java:487) ~[jersey-apache-connector-3.0.5.jar:na]
	... 16 common frames omitted

2026-02-22T13:02:40.265+05:30  INFO 25864 --- [SpringCloud_EurekaServer] [Eureka-EvictionTimer] [                                                 ] c.n.e.registry.AbstractInstanceRegistry  : Running the evict task with compensationTime 271ms
2026-02-22T13:02:41.812+05:30  INFO 25864 --- [SpringCloud_EurekaServer] [ReplicaAwareInstanceRegistry - RenewalThresholdUpdater] [                                                 ] c.n.e.r.PeerAwareInstanceRegistryImpl    : Current renewal threshold is : 10
2026-02-22T13:02:42.137+05:30 ERROR 25864 --- [SpringCloud_EurekaServer] [TaskBatchingWorker-target_localhost-10] [                                                 ] c.n.e.cluster.ReplicationTaskProcessor   : It seems to be a socket read timeout exception, it will retry later. if it continues to happen and some eureka node occupied all the cpu time, you should set property 'eureka.server.peer-node-read-timeout-ms' to a bigger value

jakarta.ws.rs.ProcessingException: java.net.SocketTimeoutException: Read timed out
	at org.glassfish.jersey.apache.connector.ApacheConnector.apply(ApacheConnector.java:535) ~[jersey-apache-connector-3.0.5.jar:na]
	at org.glassfish.jersey.client.ClientRuntime.invoke(ClientRuntime.java:300) ~[jersey-client-4.0.0.jar:na]
	at org.glassfish.jersey.client.JerseyInvocation.lambda$invoke$0(JerseyInvocation.java:671) ~[jersey-client-4.0.0.jar:na]
	at org.glassfish.jersey.client.JerseyInvocation.call(JerseyInvocation.java:706) ~[jersey-client-4.0.0.jar:na]
	at org.glassfish.jersey.client.JerseyInvocation.lambda$runInScope$3(JerseyInvocation.java:700) ~[jersey-client-4.0.0.jar:na]
	at org.glassfish.jersey.internal.Errors.process(Errors.java:292) ~[jersey-common-4.0.0.jar:na]
	at org.glassfish.jersey.internal.Errors.process(Errors.java:274) ~[jersey-common-4.0.0.jar:na]
	at org.glassfish.jersey.internal.Errors.process(Errors.java:205) ~[jersey-common-4.0.0.jar:na]
	at org.glassfish.jersey.process.internal.RequestScope.runInScope(RequestScope.java:391) ~[jersey-common-4.0.0.jar:na]
	at org.glassfish.jersey.client.JerseyInvocation.runInScope(JerseyInvocation.java:700) ~[jersey-client-4.0.0.jar:na]
	at org.glassfish.jersey.client.JerseyInvocation.invoke(JerseyInvocation.java:670) ~[jersey-client-4.0.0.jar:na]
	at org.glassfish.jersey.client.JerseyInvocation$Builder.method(JerseyInvocation.java:436) ~[jersey-client-4.0.0.jar:na]
	at org.glassfish.jersey.client.JerseyInvocation$Builder.post(JerseyInvocation.java:342) ~[jersey-client-4.0.0.jar:na]
	at com.netflix.eureka.transport.Jersey3ReplicationClient.submitBatchUpdates(Jersey3ReplicationClient.java:116) ~[eureka-core-jersey3-2.0.5.jar:2.0.5]
	at com.netflix.eureka.cluster.ReplicationTaskProcessor.process(ReplicationTaskProcessor.java:80) ~[eureka-core-2.0.5.jar:2.0.5]
	at com.netflix.eureka.util.batcher.TaskExecutors$BatchWorkerRunnable.run(TaskExecutors.java:178) ~[eureka-core-2.0.5.jar:2.0.5]
	at java.base/java.lang.Thread.run(Thread.java:1583) ~[na:na]
Caused by: java.net.SocketTimeoutException: Read timed out
	at java.base/sun.nio.ch.NioSocketImpl.timedRead(NioSocketImpl.java:278) ~[na:na]
	at java.base/sun.nio.ch.NioSocketImpl.implRead(NioSocketImpl.java:304) ~[na:na]
	at java.base/sun.nio.ch.NioSocketImpl.read(NioSocketImpl.java:346) ~[na:na]
	at java.base/sun.nio.ch.NioSocketImpl$1.read(NioSocketImpl.java:796) ~[na:na]
	at java.base/java.net.Socket$SocketInputStream.read(Socket.java:1099) ~[na:na]
	at org.apache.http.impl.io.SessionInputBufferImpl.streamRead(SessionInputBufferImpl.java:137) ~[httpcore-4.4.16.jar:4.4.16]
	at org.apache.http.impl.io.SessionInputBufferImpl.fillBuffer(SessionInputBufferImpl.java:153) ~[httpcore-4.4.16.jar:4.4.16]
	at org.apache.http.impl.io.SessionInputBufferImpl.readLine(SessionInputBufferImpl.java:280) ~[httpcore-4.4.16.jar:4.4.16]
	at org.apache.http.impl.conn.DefaultHttpResponseParser.parseHead(DefaultHttpResponseParser.java:138) ~[httpclient-4.5.3.jar:4.5.3]
	at org.apache.http.impl.conn.DefaultHttpResponseParser.parseHead(DefaultHttpResponseParser.java:56) ~[httpclient-4.5.3.jar:4.5.3]
	at org.apache.http.impl.io.AbstractMessageParser.parse(AbstractMessageParser.java:259) ~[httpcore-4.4.16.jar:4.4.16]
	at org.apache.http.impl.DefaultBHttpClientConnection.receiveResponseHeader(DefaultBHttpClientConnection.java:163) ~[httpcore-4.4.16.jar:4.4.16]
	at org.apache.http.impl.conn.CPoolProxy.receiveResponseHeader(CPoolProxy.java:165) ~[httpclient-4.5.3.jar:4.5.3]
	at org.apache.http.protocol.HttpRequestExecutor.doReceiveResponse(HttpRequestExecutor.java:273) ~[httpcore-4.4.16.jar:4.4.16]
	at org.apache.http.protocol.HttpRequestExecutor.execute(HttpRequestExecutor.java:125) ~[httpcore-4.4.16.jar:4.4.16]
	at org.apache.http.impl.execchain.MainClientExec.execute(MainClientExec.java:272) ~[httpclient-4.5.3.jar:4.5.3]
	at org.apache.http.impl.execchain.ProtocolExec.execute(ProtocolExec.java:185) ~[httpclient-4.5.3.jar:4.5.3]
	at org.apache.http.impl.execchain.RetryExec.execute(RetryExec.java:89) ~[httpclient-4.5.3.jar:4.5.3]
	at org.apache.http.impl.execchain.RedirectExec.execute(RedirectExec.java:111) ~[httpclient-4.5.3.jar:4.5.3]
	at org.apache.http.impl.client.InternalHttpClient.doExecute(InternalHttpClient.java:185) ~[httpclient-4.5.3.jar:4.5.3]
	at org.apache.http.impl.client.CloseableHttpClient.execute(CloseableHttpClient.java:72) ~[httpclient-4.5.3.jar:4.5.3]
	at org.glassfish.jersey.apache.connector.ApacheConnector.apply(ApacheConnector.java:487) ~[jersey-apache-connector-3.0.5.jar:na]
	... 16 common frames omitted

2026-02-22T13:03:39.502+05:30  INFO 25864 --- [SpringCloud_EurekaServer] [Eureka-EvictionTimer] [                                                 ] c.n.e.registry.AbstractInstanceRegistry  : Running the evict task with compensationTime 0ms
2026-02-22T13:04:39.502+05:30  INFO 25864 --- [SpringCloud_EurekaServer] [Eureka-EvictionTimer] [                                                 ] c.n.e.registry.AbstractInstanceRegistry  : Running the evict task with compensationTime 0ms
2026-02-22T13:05:39.503+05:30  INFO 25864 --- [SpringCloud_EurekaServer] [Eureka-EvictionTimer] [                                                 ] c.n.e.registry.AbstractInstanceRegistry  : Running the evict task with compensationTime 0ms
2026-02-22T13:06:16.333+05:30 ERROR 25864 --- [SpringCloud_EurekaServer] [TaskBatchingWorker-target_localhost-16] [                                                 ] c.n.e.cluster.ReplicationTaskProcessor   : It seems to be a socket read timeout exception, it will retry later. if it continues to happen and some eureka node occupied all the cpu time, you should set property 'eureka.server.peer-node-read-timeout-ms' to a bigger value

jakarta.ws.rs.ProcessingException: java.net.SocketTimeoutException: Read timed out
	at org.glassfish.jersey.apache.connector.ApacheConnector.apply(ApacheConnector.java:535) ~[jersey-apache-connector-3.0.5.jar:na]
	at org.glassfish.jersey.client.ClientRuntime.invoke(ClientRuntime.java:300) ~[jersey-client-4.0.0.jar:na]
	at org.glassfish.jersey.client.JerseyInvocation.lambda$invoke$0(JerseyInvocation.java:671) ~[jersey-client-4.0.0.jar:na]
	at org.glassfish.jersey.client.JerseyInvocation.call(JerseyInvocation.java:706) ~[jersey-client-4.0.0.jar:na]
	at org.glassfish.jersey.client.JerseyInvocation.lambda$runInScope$3(JerseyInvocation.java:700) ~[jersey-client-4.0.0.jar:na]
	at org.glassfish.jersey.internal.Errors.process(Errors.java:292) ~[jersey-common-4.0.0.jar:na]
	at org.glassfish.jersey.internal.Errors.process(Errors.java:274) ~[jersey-common-4.0.0.jar:na]
	at org.glassfish.jersey.internal.Errors.process(Errors.java:205) ~[jersey-common-4.0.0.jar:na]
	at org.glassfish.jersey.process.internal.RequestScope.runInScope(RequestScope.java:391) ~[jersey-common-4.0.0.jar:na]
	at org.glassfish.jersey.client.JerseyInvocation.runInScope(JerseyInvocation.java:700) ~[jersey-client-4.0.0.jar:na]
	at org.glassfish.jersey.client.JerseyInvocation.invoke(JerseyInvocation.java:670) ~[jersey-client-4.0.0.jar:na]
	at org.glassfish.jersey.client.JerseyInvocation$Builder.method(JerseyInvocation.java:436) ~[jersey-client-4.0.0.jar:na]
	at org.glassfish.jersey.client.JerseyInvocation$Builder.post(JerseyInvocation.java:342) ~[jersey-client-4.0.0.jar:na]
	at com.netflix.eureka.transport.Jersey3ReplicationClient.submitBatchUpdates(Jersey3ReplicationClient.java:116) ~[eureka-core-jersey3-2.0.5.jar:2.0.5]
	at com.netflix.eureka.cluster.ReplicationTaskProcessor.process(ReplicationTaskProcessor.java:80) ~[eureka-core-2.0.5.jar:2.0.5]
	at com.netflix.eureka.util.batcher.TaskExecutors$BatchWorkerRunnable.run(TaskExecutors.java:178) ~[eureka-core-2.0.5.jar:2.0.5]
	at java.base/java.lang.Thread.run(Thread.java:1583) ~[na:na]
Caused by: java.net.SocketTimeoutException: Read timed out
	at java.base/sun.nio.ch.NioSocketImpl.timedRead(NioSocketImpl.java:278) ~[na:na]
	at java.base/sun.nio.ch.NioSocketImpl.implRead(NioSocketImpl.java:304) ~[na:na]
	at java.base/sun.nio.ch.NioSocketImpl.read(NioSocketImpl.java:346) ~[na:na]
	at java.base/sun.nio.ch.NioSocketImpl$1.read(NioSocketImpl.java:796) ~[na:na]
	at java.base/java.net.Socket$SocketInputStream.read(Socket.java:1099) ~[na:na]
	at org.apache.http.impl.io.SessionInputBufferImpl.streamRead(SessionInputBufferImpl.java:137) ~[httpcore-4.4.16.jar:4.4.16]
	at org.apache.http.impl.io.SessionInputBufferImpl.fillBuffer(SessionInputBufferImpl.java:153) ~[httpcore-4.4.16.jar:4.4.16]
	at org.apache.http.impl.io.SessionInputBufferImpl.readLine(SessionInputBufferImpl.java:280) ~[httpcore-4.4.16.jar:4.4.16]
	at org.apache.http.impl.conn.DefaultHttpResponseParser.parseHead(DefaultHttpResponseParser.java:138) ~[httpclient-4.5.3.jar:4.5.3]
	at org.apache.http.impl.conn.DefaultHttpResponseParser.parseHead(DefaultHttpResponseParser.java:56) ~[httpclient-4.5.3.jar:4.5.3]
	at org.apache.http.impl.io.AbstractMessageParser.parse(AbstractMessageParser.java:259) ~[httpcore-4.4.16.jar:4.4.16]
	at org.apache.http.impl.DefaultBHttpClientConnection.receiveResponseHeader(DefaultBHttpClientConnection.java:163) ~[httpcore-4.4.16.jar:4.4.16]
	at org.apache.http.impl.conn.CPoolProxy.receiveResponseHeader(CPoolProxy.java:165) ~[httpclient-4.5.3.jar:4.5.3]
	at org.apache.http.protocol.HttpRequestExecutor.doReceiveResponse(HttpRequestExecutor.java:273) ~[httpcore-4.4.16.jar:4.4.16]
	at org.apache.http.protocol.HttpRequestExecutor.execute(HttpRequestExecutor.java:125) ~[httpcore-4.4.16.jar:4.4.16]
	at org.apache.http.impl.execchain.MainClientExec.execute(MainClientExec.java:272) ~[httpclient-4.5.3.jar:4.5.3]
	at org.apache.http.impl.execchain.ProtocolExec.execute(ProtocolExec.java:185) ~[httpclient-4.5.3.jar:4.5.3]
	at org.apache.http.impl.execchain.RetryExec.execute(RetryExec.java:89) ~[httpclient-4.5.3.jar:4.5.3]
	at org.apache.http.impl.execchain.RedirectExec.execute(RedirectExec.java:111) ~[httpclient-4.5.3.jar:4.5.3]
	at org.apache.http.impl.client.InternalHttpClient.doExecute(InternalHttpClient.java:185) ~[httpclient-4.5.3.jar:4.5.3]
	at org.apache.http.impl.client.CloseableHttpClient.execute(CloseableHttpClient.java:72) ~[httpclient-4.5.3.jar:4.5.3]
	at org.glassfish.jersey.apache.connector.ApacheConnector.apply(ApacheConnector.java:487) ~[jersey-apache-connector-3.0.5.jar:na]
	... 16 common frames omitted

2026-02-22T13:06:39.507+05:30  INFO 25864 --- [SpringCloud_EurekaServer] [Eureka-EvictionTimer] [                                                 ] c.n.e.registry.AbstractInstanceRegistry  : Running the evict task with compensationTime 1ms
2026-02-22T13:07:41.608+05:30  INFO 25864 --- [SpringCloud_EurekaServer] [Eureka-EvictionTimer] [                                                 ] c.n.e.registry.AbstractInstanceRegistry  : Running the evict task with compensationTime 872ms
2026-02-22T13:07:41.523+05:30 ERROR 25864 --- [SpringCloud_EurekaServer] [TaskBatchingWorker-target_localhost-18] [                                                 ] c.n.e.cluster.ReplicationTaskProcessor   : It seems to be a socket read timeout exception, it will retry later. if it continues to happen and some eureka node occupied all the cpu time, you should set property 'eureka.server.peer-node-read-timeout-ms' to a bigger value

jakarta.ws.rs.ProcessingException: java.net.SocketTimeoutException: Read timed out
	at org.glassfish.jersey.apache.connector.ApacheConnector.apply(ApacheConnector.java:535) ~[jersey-apache-connector-3.0.5.jar:na]
	at org.glassfish.jersey.client.ClientRuntime.invoke(ClientRuntime.java:300) ~[jersey-client-4.0.0.jar:na]
	at org.glassfish.jersey.client.JerseyInvocation.lambda$invoke$0(JerseyInvocation.java:671) ~[jersey-client-4.0.0.jar:na]
	at org.glassfish.jersey.client.JerseyInvocation.call(JerseyInvocation.java:706) ~[jersey-client-4.0.0.jar:na]
	at org.glassfish.jersey.client.JerseyInvocation.lambda$runInScope$3(JerseyInvocation.java:700) ~[jersey-client-4.0.0.jar:na]
	at org.glassfish.jersey.internal.Errors.process(Errors.java:292) ~[jersey-common-4.0.0.jar:na]
	at org.glassfish.jersey.internal.Errors.process(Errors.java:274) ~[jersey-common-4.0.0.jar:na]
	at org.glassfish.jersey.internal.Errors.process(Errors.java:205) ~[jersey-common-4.0.0.jar:na]
	at org.glassfish.jersey.process.internal.RequestScope.runInScope(RequestScope.java:391) ~[jersey-common-4.0.0.jar:na]
	at org.glassfish.jersey.client.JerseyInvocation.runInScope(JerseyInvocation.java:700) ~[jersey-client-4.0.0.jar:na]
	at org.glassfish.jersey.client.JerseyInvocation.invoke(JerseyInvocation.java:670) ~[jersey-client-4.0.0.jar:na]
	at org.glassfish.jersey.client.JerseyInvocation$Builder.method(JerseyInvocation.java:436) ~[jersey-client-4.0.0.jar:na]
	at org.glassfish.jersey.client.JerseyInvocation$Builder.post(JerseyInvocation.java:342) ~[jersey-client-4.0.0.jar:na]
	at com.netflix.eureka.transport.Jersey3ReplicationClient.submitBatchUpdates(Jersey3ReplicationClient.java:116) ~[eureka-core-jersey3-2.0.5.jar:2.0.5]
	at com.netflix.eureka.cluster.ReplicationTaskProcessor.process(ReplicationTaskProcessor.java:80) ~[eureka-core-2.0.5.jar:2.0.5]
	at com.netflix.eureka.util.batcher.TaskExecutors$BatchWorkerRunnable.run(TaskExecutors.java:178) ~[eureka-core-2.0.5.jar:2.0.5]
	at java.base/java.lang.Thread.run(Thread.java:1583) ~[na:na]
Caused by: java.net.SocketTimeoutException: Read timed out
	at java.base/sun.nio.ch.NioSocketImpl.timedRead(NioSocketImpl.java:278) ~[na:na]
	at java.base/sun.nio.ch.NioSocketImpl.implRead(NioSocketImpl.java:304) ~[na:na]
	at java.base/sun.nio.ch.NioSocketImpl.read(NioSocketImpl.java:346) ~[na:na]
	at java.base/sun.nio.ch.NioSocketImpl$1.read(NioSocketImpl.java:796) ~[na:na]
	at java.base/java.net.Socket$SocketInputStream.read(Socket.java:1099) ~[na:na]
	at org.apache.http.impl.io.SessionInputBufferImpl.streamRead(SessionInputBufferImpl.java:137) ~[httpcore-4.4.16.jar:4.4.16]
	at org.apache.http.impl.io.SessionInputBufferImpl.fillBuffer(SessionInputBufferImpl.java:153) ~[httpcore-4.4.16.jar:4.4.16]
	at org.apache.http.impl.io.SessionInputBufferImpl.readLine(SessionInputBufferImpl.java:280) ~[httpcore-4.4.16.jar:4.4.16]
	at org.apache.http.impl.conn.DefaultHttpResponseParser.parseHead(DefaultHttpResponseParser.java:138) ~[httpclient-4.5.3.jar:4.5.3]
	at org.apache.http.impl.conn.DefaultHttpResponseParser.parseHead(DefaultHttpResponseParser.java:56) ~[httpclient-4.5.3.jar:4.5.3]
	at org.apache.http.impl.io.AbstractMessageParser.parse(AbstractMessageParser.java:259) ~[httpcore-4.4.16.jar:4.4.16]
	at org.apache.http.impl.DefaultBHttpClientConnection.receiveResponseHeader(DefaultBHttpClientConnection.java:163) ~[httpcore-4.4.16.jar:4.4.16]
	at org.apache.http.impl.conn.CPoolProxy.receiveResponseHeader(CPoolProxy.java:165) ~[httpclient-4.5.3.jar:4.5.3]
	at org.apache.http.protocol.HttpRequestExecutor.doReceiveResponse(HttpRequestExecutor.java:273) ~[httpcore-4.4.16.jar:4.4.16]
	at org.apache.http.protocol.HttpRequestExecutor.execute(HttpRequestExecutor.java:125) ~[httpcore-4.4.16.jar:4.4.16]
	at org.apache.http.impl.execchain.MainClientExec.execute(MainClientExec.java:272) ~[httpclient-4.5.3.jar:4.5.3]
	at org.apache.http.impl.execchain.ProtocolExec.execute(ProtocolExec.java:185) ~[httpclient-4.5.3.jar:4.5.3]
	at org.apache.http.impl.execchain.RetryExec.execute(RetryExec.java:89) ~[httpclient-4.5.3.jar:4.5.3]
	at org.apache.http.impl.execchain.RedirectExec.execute(RedirectExec.java:111) ~[httpclient-4.5.3.jar:4.5.3]
	at org.apache.http.impl.client.InternalHttpClient.doExecute(InternalHttpClient.java:185) ~[httpclient-4.5.3.jar:4.5.3]
	at org.apache.http.impl.client.CloseableHttpClient.execute(CloseableHttpClient.java:72) ~[httpclient-4.5.3.jar:4.5.3]
	at org.glassfish.jersey.apache.connector.ApacheConnector.apply(ApacheConnector.java:487) ~[jersey-apache-connector-3.0.5.jar:na]
	... 16 common frames omitted

2026-02-22T13:08:40.381+05:30  INFO 25864 --- [SpringCloud_EurekaServer] [Eureka-EvictionTimer] [                                                 ] c.n.e.registry.AbstractInstanceRegistry  : Running the evict task with compensationTime 5ms
2026-02-22T13:09:40.381+05:30  INFO 25864 --- [SpringCloud_EurekaServer] [Eureka-EvictionTimer] [                                                 ] c.n.e.registry.AbstractInstanceRegistry  : Running the evict task with compensationTime 0ms
2026-02-22T13:10:40.515+05:30  INFO 25864 --- [SpringCloud_EurekaServer] [Eureka-EvictionTimer] [                                                 ] c.n.e.registry.AbstractInstanceRegistry  : Running the evict task with compensationTime 93ms
2026-02-22T13:10:40.118+05:30 ERROR 25864 --- [SpringCloud_EurekaServer] [TaskBatchingWorker-target_localhost-15] [                                                 ] c.n.e.cluster.ReplicationTaskProcessor   : It seems to be a socket read timeout exception, it will retry later. if it continues to happen and some eureka node occupied all the cpu time, you should set property 'eureka.server.peer-node-read-timeout-ms' to a bigger value

jakarta.ws.rs.ProcessingException: java.net.SocketTimeoutException: Read timed out
	at org.glassfish.jersey.apache.connector.ApacheConnector.apply(ApacheConnector.java:535) ~[jersey-apache-connector-3.0.5.jar:na]
	at org.glassfish.jersey.client.ClientRuntime.invoke(ClientRuntime.java:300) ~[jersey-client-4.0.0.jar:na]
	at org.glassfish.jersey.client.JerseyInvocation.lambda$invoke$0(JerseyInvocation.java:671) ~[jersey-client-4.0.0.jar:na]
	at org.glassfish.jersey.client.JerseyInvocation.call(JerseyInvocation.java:706) ~[jersey-client-4.0.0.jar:na]
	at org.glassfish.jersey.client.JerseyInvocation.lambda$runInScope$3(JerseyInvocation.java:700) ~[jersey-client-4.0.0.jar:na]
	at org.glassfish.jersey.internal.Errors.process(Errors.java:292) ~[jersey-common-4.0.0.jar:na]
	at org.glassfish.jersey.internal.Errors.process(Errors.java:274) ~[jersey-common-4.0.0.jar:na]
	at org.glassfish.jersey.internal.Errors.process(Errors.java:205) ~[jersey-common-4.0.0.jar:na]
	at org.glassfish.jersey.process.internal.RequestScope.runInScope(RequestScope.java:391) ~[jersey-common-4.0.0.jar:na]
	at org.glassfish.jersey.client.JerseyInvocation.runInScope(JerseyInvocation.java:700) ~[jersey-client-4.0.0.jar:na]
	at org.glassfish.jersey.client.JerseyInvocation.invoke(JerseyInvocation.java:670) ~[jersey-client-4.0.0.jar:na]
	at org.glassfish.jersey.client.JerseyInvocation$Builder.method(JerseyInvocation.java:436) ~[jersey-client-4.0.0.jar:na]
	at org.glassfish.jersey.client.JerseyInvocation$Builder.post(JerseyInvocation.java:342) ~[jersey-client-4.0.0.jar:na]
	at com.netflix.eureka.transport.Jersey3ReplicationClient.submitBatchUpdates(Jersey3ReplicationClient.java:116) ~[eureka-core-jersey3-2.0.5.jar:2.0.5]
	at com.netflix.eureka.cluster.ReplicationTaskProcessor.process(ReplicationTaskProcessor.java:80) ~[eureka-core-2.0.5.jar:2.0.5]
	at com.netflix.eureka.util.batcher.TaskExecutors$BatchWorkerRunnable.run(TaskExecutors.java:178) ~[eureka-core-2.0.5.jar:2.0.5]
	at java.base/java.lang.Thread.run(Thread.java:1583) ~[na:na]
Caused by: java.net.SocketTimeoutException: Read timed out
	at java.base/sun.nio.ch.NioSocketImpl.timedRead(NioSocketImpl.java:278) ~[na:na]
	at java.base/sun.nio.ch.NioSocketImpl.implRead(NioSocketImpl.java:304) ~[na:na]
	at java.base/sun.nio.ch.NioSocketImpl.read(NioSocketImpl.java:346) ~[na:na]
	at java.base/sun.nio.ch.NioSocketImpl$1.read(NioSocketImpl.java:796) ~[na:na]
	at java.base/java.net.Socket$SocketInputStream.read(Socket.java:1099) ~[na:na]
	at org.apache.http.impl.io.SessionInputBufferImpl.streamRead(SessionInputBufferImpl.java:137) ~[httpcore-4.4.16.jar:4.4.16]
	at org.apache.http.impl.io.SessionInputBufferImpl.fillBuffer(SessionInputBufferImpl.java:153) ~[httpcore-4.4.16.jar:4.4.16]
	at org.apache.http.impl.io.SessionInputBufferImpl.readLine(SessionInputBufferImpl.java:280) ~[httpcore-4.4.16.jar:4.4.16]
	at org.apache.http.impl.conn.DefaultHttpResponseParser.parseHead(DefaultHttpResponseParser.java:138) ~[httpclient-4.5.3.jar:4.5.3]
	at org.apache.http.impl.conn.DefaultHttpResponseParser.parseHead(DefaultHttpResponseParser.java:56) ~[httpclient-4.5.3.jar:4.5.3]
	at org.apache.http.impl.io.AbstractMessageParser.parse(AbstractMessageParser.java:259) ~[httpcore-4.4.16.jar:4.4.16]
	at org.apache.http.impl.DefaultBHttpClientConnection.receiveResponseHeader(DefaultBHttpClientConnection.java:163) ~[httpcore-4.4.16.jar:4.4.16]
	at org.apache.http.impl.conn.CPoolProxy.receiveResponseHeader(CPoolProxy.java:165) ~[httpclient-4.5.3.jar:4.5.3]
	at org.apache.http.protocol.HttpRequestExecutor.doReceiveResponse(HttpRequestExecutor.java:273) ~[httpcore-4.4.16.jar:4.4.16]
	at org.apache.http.protocol.HttpRequestExecutor.execute(HttpRequestExecutor.java:125) ~[httpcore-4.4.16.jar:4.4.16]
	at org.apache.http.impl.execchain.MainClientExec.execute(MainClientExec.java:272) ~[httpclient-4.5.3.jar:4.5.3]
	at org.apache.http.impl.execchain.ProtocolExec.execute(ProtocolExec.java:185) ~[httpclient-4.5.3.jar:4.5.3]
	at org.apache.http.impl.execchain.RetryExec.execute(RetryExec.java:89) ~[httpclient-4.5.3.jar:4.5.3]
	at org.apache.http.impl.execchain.RedirectExec.execute(RedirectExec.java:111) ~[httpclient-4.5.3.jar:4.5.3]
	at org.apache.http.impl.client.InternalHttpClient.doExecute(InternalHttpClient.java:185) ~[httpclient-4.5.3.jar:4.5.3]
	at org.apache.http.impl.client.CloseableHttpClient.execute(CloseableHttpClient.java:72) ~[httpclient-4.5.3.jar:4.5.3]
	at org.glassfish.jersey.apache.connector.ApacheConnector.apply(ApacheConnector.java:487) ~[jersey-apache-connector-3.0.5.jar:na]
	... 16 common frames omitted

2026-02-22T13:11:20.252+05:30 ERROR 25864 --- [SpringCloud_EurekaServer] [TaskBatchingWorker-target_localhost-6] [                                                 ] c.n.e.cluster.ReplicationTaskProcessor   : It seems to be a socket read timeout exception, it will retry later. if it continues to happen and some eureka node occupied all the cpu time, you should set property 'eureka.server.peer-node-read-timeout-ms' to a bigger value

jakarta.ws.rs.ProcessingException: java.net.SocketTimeoutException: Read timed out
	at org.glassfish.jersey.apache.connector.ApacheConnector.apply(ApacheConnector.java:535) ~[jersey-apache-connector-3.0.5.jar:na]
	at org.glassfish.jersey.client.ClientRuntime.invoke(ClientRuntime.java:300) ~[jersey-client-4.0.0.jar:na]
	at org.glassfish.jersey.client.JerseyInvocation.lambda$invoke$0(JerseyInvocation.java:671) ~[jersey-client-4.0.0.jar:na]
	at org.glassfish.jersey.client.JerseyInvocation.call(JerseyInvocation.java:706) ~[jersey-client-4.0.0.jar:na]
	at org.glassfish.jersey.client.JerseyInvocation.lambda$runInScope$3(JerseyInvocation.java:700) ~[jersey-client-4.0.0.jar:na]
	at org.glassfish.jersey.internal.Errors.process(Errors.java:292) ~[jersey-common-4.0.0.jar:na]
	at org.glassfish.jersey.internal.Errors.process(Errors.java:274) ~[jersey-common-4.0.0.jar:na]
	at org.glassfish.jersey.internal.Errors.process(Errors.java:205) ~[jersey-common-4.0.0.jar:na]
	at org.glassfish.jersey.process.internal.RequestScope.runInScope(RequestScope.java:391) ~[jersey-common-4.0.0.jar:na]
	at org.glassfish.jersey.client.JerseyInvocation.runInScope(JerseyInvocation.java:700) ~[jersey-client-4.0.0.jar:na]
	at org.glassfish.jersey.client.JerseyInvocation.invoke(JerseyInvocation.java:670) ~[jersey-client-4.0.0.jar:na]
	at org.glassfish.jersey.client.JerseyInvocation$Builder.method(JerseyInvocation.java:436) ~[jersey-client-4.0.0.jar:na]
	at org.glassfish.jersey.client.JerseyInvocation$Builder.post(JerseyInvocation.java:342) ~[jersey-client-4.0.0.jar:na]
	at com.netflix.eureka.transport.Jersey3ReplicationClient.submitBatchUpdates(Jersey3ReplicationClient.java:116) ~[eureka-core-jersey3-2.0.5.jar:2.0.5]
	at com.netflix.eureka.cluster.ReplicationTaskProcessor.process(ReplicationTaskProcessor.java:80) ~[eureka-core-2.0.5.jar:2.0.5]
	at com.netflix.eureka.util.batcher.TaskExecutors$BatchWorkerRunnable.run(TaskExecutors.java:178) ~[eureka-core-2.0.5.jar:2.0.5]
	at java.base/java.lang.Thread.run(Thread.java:1583) ~[na:na]
Caused by: java.net.SocketTimeoutException: Read timed out
	at java.base/sun.nio.ch.NioSocketImpl.timedRead(NioSocketImpl.java:278) ~[na:na]
	at java.base/sun.nio.ch.NioSocketImpl.implRead(NioSocketImpl.java:304) ~[na:na]
	at java.base/sun.nio.ch.NioSocketImpl.read(NioSocketImpl.java:346) ~[na:na]
	at java.base/sun.nio.ch.NioSocketImpl$1.read(NioSocketImpl.java:796) ~[na:na]
	at java.base/java.net.Socket$SocketInputStream.read(Socket.java:1099) ~[na:na]
	at org.apache.http.impl.io.SessionInputBufferImpl.streamRead(SessionInputBufferImpl.java:137) ~[httpcore-4.4.16.jar:4.4.16]
	at org.apache.http.impl.io.SessionInputBufferImpl.fillBuffer(SessionInputBufferImpl.java:153) ~[httpcore-4.4.16.jar:4.4.16]
	at org.apache.http.impl.io.SessionInputBufferImpl.readLine(SessionInputBufferImpl.java:280) ~[httpcore-4.4.16.jar:4.4.16]
	at org.apache.http.impl.conn.DefaultHttpResponseParser.parseHead(DefaultHttpResponseParser.java:138) ~[httpclient-4.5.3.jar:4.5.3]
	at org.apache.http.impl.conn.DefaultHttpResponseParser.parseHead(DefaultHttpResponseParser.java:56) ~[httpclient-4.5.3.jar:4.5.3]
	at org.apache.http.impl.io.AbstractMessageParser.parse(AbstractMessageParser.java:259) ~[httpcore-4.4.16.jar:4.4.16]
	at org.apache.http.impl.DefaultBHttpClientConnection.receiveResponseHeader(DefaultBHttpClientConnection.java:163) ~[httpcore-4.4.16.jar:4.4.16]
	at org.apache.http.impl.conn.CPoolProxy.receiveResponseHeader(CPoolProxy.java:165) ~[httpclient-4.5.3.jar:4.5.3]
	at org.apache.http.protocol.HttpRequestExecutor.doReceiveResponse(HttpRequestExecutor.java:273) ~[httpcore-4.4.16.jar:4.4.16]
	at org.apache.http.protocol.HttpRequestExecutor.execute(HttpRequestExecutor.java:125) ~[httpcore-4.4.16.jar:4.4.16]
	at org.apache.http.impl.execchain.MainClientExec.execute(MainClientExec.java:272) ~[httpclient-4.5.3.jar:4.5.3]
	at org.apache.http.impl.execchain.ProtocolExec.execute(ProtocolExec.java:185) ~[httpclient-4.5.3.jar:4.5.3]
	at org.apache.http.impl.execchain.RetryExec.execute(RetryExec.java:89) ~[httpclient-4.5.3.jar:4.5.3]
	at org.apache.http.impl.execchain.RedirectExec.execute(RedirectExec.java:111) ~[httpclient-4.5.3.jar:4.5.3]
	at org.apache.http.impl.client.InternalHttpClient.doExecute(InternalHttpClient.java:185) ~[httpclient-4.5.3.jar:4.5.3]
	at org.apache.http.impl.client.CloseableHttpClient.execute(CloseableHttpClient.java:72) ~[httpclient-4.5.3.jar:4.5.3]
	at org.glassfish.jersey.apache.connector.ApacheConnector.apply(ApacheConnector.java:487) ~[jersey-apache-connector-3.0.5.jar:na]
	... 16 common frames omitted

2026-02-22T13:11:20.023+05:30 ERROR 25864 --- [SpringCloud_EurekaServer] [TaskBatchingWorker-target_localhost-8] [                                                 ] c.n.e.cluster.ReplicationTaskProcessor   : It seems to be a socket read timeout exception, it will retry later. if it continues to happen and some eureka node occupied all the cpu time, you should set property 'eureka.server.peer-node-read-timeout-ms' to a bigger value

jakarta.ws.rs.ProcessingException: java.net.SocketTimeoutException: Read timed out
	at org.glassfish.jersey.apache.connector.ApacheConnector.apply(ApacheConnector.java:535) ~[jersey-apache-connector-3.0.5.jar:na]
	at org.glassfish.jersey.client.ClientRuntime.invoke(ClientRuntime.java:300) ~[jersey-client-4.0.0.jar:na]
	at org.glassfish.jersey.client.JerseyInvocation.lambda$invoke$0(JerseyInvocation.java:671) ~[jersey-client-4.0.0.jar:na]
	at org.glassfish.jersey.client.JerseyInvocation.call(JerseyInvocation.java:706) ~[jersey-client-4.0.0.jar:na]
	at org.glassfish.jersey.client.JerseyInvocation.lambda$runInScope$3(JerseyInvocation.java:700) ~[jersey-client-4.0.0.jar:na]
	at org.glassfish.jersey.internal.Errors.process(Errors.java:292) ~[jersey-common-4.0.0.jar:na]
	at org.glassfish.jersey.internal.Errors.process(Errors.java:274) ~[jersey-common-4.0.0.jar:na]
	at org.glassfish.jersey.internal.Errors.process(Errors.java:205) ~[jersey-common-4.0.0.jar:na]
	at org.glassfish.jersey.process.internal.RequestScope.runInScope(RequestScope.java:391) ~[jersey-common-4.0.0.jar:na]
	at org.glassfish.jersey.client.JerseyInvocation.runInScope(JerseyInvocation.java:700) ~[jersey-client-4.0.0.jar:na]
	at org.glassfish.jersey.client.JerseyInvocation.invoke(JerseyInvocation.java:670) ~[jersey-client-4.0.0.jar:na]
	at org.glassfish.jersey.client.JerseyInvocation$Builder.method(JerseyInvocation.java:436) ~[jersey-client-4.0.0.jar:na]
	at org.glassfish.jersey.client.JerseyInvocation$Builder.post(JerseyInvocation.java:342) ~[jersey-client-4.0.0.jar:na]
	at com.netflix.eureka.transport.Jersey3ReplicationClient.submitBatchUpdates(Jersey3ReplicationClient.java:116) ~[eureka-core-jersey3-2.0.5.jar:2.0.5]
	at com.netflix.eureka.cluster.ReplicationTaskProcessor.process(ReplicationTaskProcessor.java:80) ~[eureka-core-2.0.5.jar:2.0.5]
	at com.netflix.eureka.util.batcher.TaskExecutors$BatchWorkerRunnable.run(TaskExecutors.java:178) ~[eureka-core-2.0.5.jar:2.0.5]
	at java.base/java.lang.Thread.run(Thread.java:1583) ~[na:na]
Caused by: java.net.SocketTimeoutException: Read timed out
	at java.base/sun.nio.ch.NioSocketImpl.timedRead(NioSocketImpl.java:278) ~[na:na]
	at java.base/sun.nio.ch.NioSocketImpl.implRead(NioSocketImpl.java:304) ~[na:na]
	at java.base/sun.nio.ch.NioSocketImpl.read(NioSocketImpl.java:346) ~[na:na]
	at java.base/sun.nio.ch.NioSocketImpl$1.read(NioSocketImpl.java:796) ~[na:na]
	at java.base/java.net.Socket$SocketInputStream.read(Socket.java:1099) ~[na:na]
	at org.apache.http.impl.io.SessionInputBufferImpl.streamRead(SessionInputBufferImpl.java:137) ~[httpcore-4.4.16.jar:4.4.16]
	at org.apache.http.impl.io.SessionInputBufferImpl.fillBuffer(SessionInputBufferImpl.java:153) ~[httpcore-4.4.16.jar:4.4.16]
	at org.apache.http.impl.io.SessionInputBufferImpl.readLine(SessionInputBufferImpl.java:280) ~[httpcore-4.4.16.jar:4.4.16]
	at org.apache.http.impl.conn.DefaultHttpResponseParser.parseHead(DefaultHttpResponseParser.java:138) ~[httpclient-4.5.3.jar:4.5.3]
	at org.apache.http.impl.conn.DefaultHttpResponseParser.parseHead(DefaultHttpResponseParser.java:56) ~[httpclient-4.5.3.jar:4.5.3]
	at org.apache.http.impl.io.AbstractMessageParser.parse(AbstractMessageParser.java:259) ~[httpcore-4.4.16.jar:4.4.16]
	at org.apache.http.impl.DefaultBHttpClientConnection.receiveResponseHeader(DefaultBHttpClientConnection.java:163) ~[httpcore-4.4.16.jar:4.4.16]
	at org.apache.http.impl.conn.CPoolProxy.receiveResponseHeader(CPoolProxy.java:165) ~[httpclient-4.5.3.jar:4.5.3]
	at org.apache.http.protocol.HttpRequestExecutor.doReceiveResponse(HttpRequestExecutor.java:273) ~[httpcore-4.4.16.jar:4.4.16]
	at org.apache.http.protocol.HttpRequestExecutor.execute(HttpRequestExecutor.java:125) ~[httpcore-4.4.16.jar:4.4.16]
	at org.apache.http.impl.execchain.MainClientExec.execute(MainClientExec.java:272) ~[httpclient-4.5.3.jar:4.5.3]
	at org.apache.http.impl.execchain.ProtocolExec.execute(ProtocolExec.java:185) ~[httpclient-4.5.3.jar:4.5.3]
	at org.apache.http.impl.execchain.RetryExec.execute(RetryExec.java:89) ~[httpclient-4.5.3.jar:4.5.3]
	at org.apache.http.impl.execchain.RedirectExec.execute(RedirectExec.java:111) ~[httpclient-4.5.3.jar:4.5.3]
	at org.apache.http.impl.client.InternalHttpClient.doExecute(InternalHttpClient.java:185) ~[httpclient-4.5.3.jar:4.5.3]
	at org.apache.http.impl.client.CloseableHttpClient.execute(CloseableHttpClient.java:72) ~[httpclient-4.5.3.jar:4.5.3]
	at org.glassfish.jersey.apache.connector.ApacheConnector.apply(ApacheConnector.java:487) ~[jersey-apache-connector-3.0.5.jar:na]
	... 16 common frames omitted

2026-02-22T13:11:20.023+05:30 ERROR 25864 --- [SpringCloud_EurekaServer] [TaskBatchingWorker-target_localhost-18] [                                                 ] c.n.e.cluster.ReplicationTaskProcessor   : It seems to be a socket read timeout exception, it will retry later. if it continues to happen and some eureka node occupied all the cpu time, you should set property 'eureka.server.peer-node-read-timeout-ms' to a bigger value

jakarta.ws.rs.ProcessingException: java.net.SocketTimeoutException: Read timed out
	at org.glassfish.jersey.apache.connector.ApacheConnector.apply(ApacheConnector.java:535) ~[jersey-apache-connector-3.0.5.jar:na]
	at org.glassfish.jersey.client.ClientRuntime.invoke(ClientRuntime.java:300) ~[jersey-client-4.0.0.jar:na]
	at org.glassfish.jersey.client.JerseyInvocation.lambda$invoke$0(JerseyInvocation.java:671) ~[jersey-client-4.0.0.jar:na]
	at org.glassfish.jersey.client.JerseyInvocation.call(JerseyInvocation.java:706) ~[jersey-client-4.0.0.jar:na]
	at org.glassfish.jersey.client.JerseyInvocation.lambda$runInScope$3(JerseyInvocation.java:700) ~[jersey-client-4.0.0.jar:na]
	at org.glassfish.jersey.internal.Errors.process(Errors.java:292) ~[jersey-common-4.0.0.jar:na]
	at org.glassfish.jersey.internal.Errors.process(Errors.java:274) ~[jersey-common-4.0.0.jar:na]
	at org.glassfish.jersey.internal.Errors.process(Errors.java:205) ~[jersey-common-4.0.0.jar:na]
	at org.glassfish.jersey.process.internal.RequestScope.runInScope(RequestScope.java:391) ~[jersey-common-4.0.0.jar:na]
	at org.glassfish.jersey.client.JerseyInvocation.runInScope(JerseyInvocation.java:700) ~[jersey-client-4.0.0.jar:na]
	at org.glassfish.jersey.client.JerseyInvocation.invoke(JerseyInvocation.java:670) ~[jersey-client-4.0.0.jar:na]
	at org.glassfish.jersey.client.JerseyInvocation$Builder.method(JerseyInvocation.java:436) ~[jersey-client-4.0.0.jar:na]
	at org.glassfish.jersey.client.JerseyInvocation$Builder.post(JerseyInvocation.java:342) ~[jersey-client-4.0.0.jar:na]
	at com.netflix.eureka.transport.Jersey3ReplicationClient.submitBatchUpdates(Jersey3ReplicationClient.java:116) ~[eureka-core-jersey3-2.0.5.jar:2.0.5]
	at com.netflix.eureka.cluster.ReplicationTaskProcessor.process(ReplicationTaskProcessor.java:80) ~[eureka-core-2.0.5.jar:2.0.5]
	at com.netflix.eureka.util.batcher.TaskExecutors$BatchWorkerRunnable.run(TaskExecutors.java:178) ~[eureka-core-2.0.5.jar:2.0.5]
	at java.base/java.lang.Thread.run(Thread.java:1583) ~[na:na]
Caused by: java.net.SocketTimeoutException: Read timed out
	at java.base/sun.nio.ch.NioSocketImpl.timedRead(NioSocketImpl.java:278) ~[na:na]
	at java.base/sun.nio.ch.NioSocketImpl.implRead(NioSocketImpl.java:304) ~[na:na]
	at java.base/sun.nio.ch.NioSocketImpl.read(NioSocketImpl.java:346) ~[na:na]
	at java.base/sun.nio.ch.NioSocketImpl$1.read(NioSocketImpl.java:796) ~[na:na]
	at java.base/java.net.Socket$SocketInputStream.read(Socket.java:1099) ~[na:na]
	at org.apache.http.impl.io.SessionInputBufferImpl.streamRead(SessionInputBufferImpl.java:137) ~[httpcore-4.4.16.jar:4.4.16]
	at org.apache.http.impl.io.SessionInputBufferImpl.fillBuffer(SessionInputBufferImpl.java:153) ~[httpcore-4.4.16.jar:4.4.16]
	at org.apache.http.impl.io.SessionInputBufferImpl.readLine(SessionInputBufferImpl.java:280) ~[httpcore-4.4.16.jar:4.4.16]
	at org.apache.http.impl.conn.DefaultHttpResponseParser.parseHead(DefaultHttpResponseParser.java:138) ~[httpclient-4.5.3.jar:4.5.3]
	at org.apache.http.impl.conn.DefaultHttpResponseParser.parseHead(DefaultHttpResponseParser.java:56) ~[httpclient-4.5.3.jar:4.5.3]
	at org.apache.http.impl.io.AbstractMessageParser.parse(AbstractMessageParser.java:259) ~[httpcore-4.4.16.jar:4.4.16]
	at org.apache.http.impl.DefaultBHttpClientConnection.receiveResponseHeader(DefaultBHttpClientConnection.java:163) ~[httpcore-4.4.16.jar:4.4.16]
	at org.apache.http.impl.conn.CPoolProxy.receiveResponseHeader(CPoolProxy.java:165) ~[httpclient-4.5.3.jar:4.5.3]
	at org.apache.http.protocol.HttpRequestExecutor.doReceiveResponse(HttpRequestExecutor.java:273) ~[httpcore-4.4.16.jar:4.4.16]
	at org.apache.http.protocol.HttpRequestExecutor.execute(HttpRequestExecutor.java:125) ~[httpcore-4.4.16.jar:4.4.16]
	at org.apache.http.impl.execchain.MainClientExec.execute(MainClientExec.java:272) ~[httpclient-4.5.3.jar:4.5.3]
	at org.apache.http.impl.execchain.ProtocolExec.execute(ProtocolExec.java:185) ~[httpclient-4.5.3.jar:4.5.3]
	at org.apache.http.impl.execchain.RetryExec.execute(RetryExec.java:89) ~[httpclient-4.5.3.jar:4.5.3]
	at org.apache.http.impl.execchain.RedirectExec.execute(RedirectExec.java:111) ~[httpclient-4.5.3.jar:4.5.3]
	at org.apache.http.impl.client.InternalHttpClient.doExecute(InternalHttpClient.java:185) ~[httpclient-4.5.3.jar:4.5.3]
	at org.apache.http.impl.client.CloseableHttpClient.execute(CloseableHttpClient.java:72) ~[httpclient-4.5.3.jar:4.5.3]
	at org.glassfish.jersey.apache.connector.ApacheConnector.apply(ApacheConnector.java:487) ~[jersey-apache-connector-3.0.5.jar:na]
	... 16 common frames omitted

2026-02-22T13:11:20.485+05:30 ERROR 25864 --- [SpringCloud_EurekaServer] [TaskBatchingWorker-target_localhost-5] [                                                 ] c.n.e.cluster.ReplicationTaskProcessor   : It seems to be a socket read timeout exception, it will retry later. if it continues to happen and some eureka node occupied all the cpu time, you should set property 'eureka.server.peer-node-read-timeout-ms' to a bigger value

jakarta.ws.rs.ProcessingException: java.net.SocketTimeoutException: Read timed out
	at org.glassfish.jersey.apache.connector.ApacheConnector.apply(ApacheConnector.java:535) ~[jersey-apache-connector-3.0.5.jar:na]
	at org.glassfish.jersey.client.ClientRuntime.invoke(ClientRuntime.java:300) ~[jersey-client-4.0.0.jar:na]
	at org.glassfish.jersey.client.JerseyInvocation.lambda$invoke$0(JerseyInvocation.java:671) ~[jersey-client-4.0.0.jar:na]
	at org.glassfish.jersey.client.JerseyInvocation.call(JerseyInvocation.java:706) ~[jersey-client-4.0.0.jar:na]
	at org.glassfish.jersey.client.JerseyInvocation.lambda$runInScope$3(JerseyInvocation.java:700) ~[jersey-client-4.0.0.jar:na]
	at org.glassfish.jersey.internal.Errors.process(Errors.java:292) ~[jersey-common-4.0.0.jar:na]
	at org.glassfish.jersey.internal.Errors.process(Errors.java:274) ~[jersey-common-4.0.0.jar:na]
	at org.glassfish.jersey.internal.Errors.process(Errors.java:205) ~[jersey-common-4.0.0.jar:na]
	at org.glassfish.jersey.process.internal.RequestScope.runInScope(RequestScope.java:391) ~[jersey-common-4.0.0.jar:na]
	at org.glassfish.jersey.client.JerseyInvocation.runInScope(JerseyInvocation.java:700) ~[jersey-client-4.0.0.jar:na]
	at org.glassfish.jersey.client.JerseyInvocation.invoke(JerseyInvocation.java:670) ~[jersey-client-4.0.0.jar:na]
	at org.glassfish.jersey.client.JerseyInvocation$Builder.method(JerseyInvocation.java:436) ~[jersey-client-4.0.0.jar:na]
	at org.glassfish.jersey.client.JerseyInvocation$Builder.post(JerseyInvocation.java:342) ~[jersey-client-4.0.0.jar:na]
	at com.netflix.eureka.transport.Jersey3ReplicationClient.submitBatchUpdates(Jersey3ReplicationClient.java:116) ~[eureka-core-jersey3-2.0.5.jar:2.0.5]
	at com.netflix.eureka.cluster.ReplicationTaskProcessor.process(ReplicationTaskProcessor.java:80) ~[eureka-core-2.0.5.jar:2.0.5]
	at com.netflix.eureka.util.batcher.TaskExecutors$BatchWorkerRunnable.run(TaskExecutors.java:178) ~[eureka-core-2.0.5.jar:2.0.5]
	at java.base/java.lang.Thread.run(Thread.java:1583) ~[na:na]
Caused by: java.net.SocketTimeoutException: Read timed out
	at java.base/sun.nio.ch.NioSocketImpl.timedRead(NioSocketImpl.java:278) ~[na:na]
	at java.base/sun.nio.ch.NioSocketImpl.implRead(NioSocketImpl.java:304) ~[na:na]
	at java.base/sun.nio.ch.NioSocketImpl.read(NioSocketImpl.java:346) ~[na:na]
	at java.base/sun.nio.ch.NioSocketImpl$1.read(NioSocketImpl.java:796) ~[na:na]
	at java.base/java.net.Socket$SocketInputStream.read(Socket.java:1099) ~[na:na]
	at org.apache.http.impl.io.SessionInputBufferImpl.streamRead(SessionInputBufferImpl.java:137) ~[httpcore-4.4.16.jar:4.4.16]
	at org.apache.http.impl.io.SessionInputBufferImpl.fillBuffer(SessionInputBufferImpl.java:153) ~[httpcore-4.4.16.jar:4.4.16]
	at org.apache.http.impl.io.SessionInputBufferImpl.readLine(SessionInputBufferImpl.java:280) ~[httpcore-4.4.16.jar:4.4.16]
	at org.apache.http.impl.conn.DefaultHttpResponseParser.parseHead(DefaultHttpResponseParser.java:138) ~[httpclient-4.5.3.jar:4.5.3]
	at org.apache.http.impl.conn.DefaultHttpResponseParser.parseHead(DefaultHttpResponseParser.java:56) ~[httpclient-4.5.3.jar:4.5.3]
	at org.apache.http.impl.io.AbstractMessageParser.parse(AbstractMessageParser.java:259) ~[httpcore-4.4.16.jar:4.4.16]
	at org.apache.http.impl.DefaultBHttpClientConnection.receiveResponseHeader(DefaultBHttpClientConnection.java:163) ~[httpcore-4.4.16.jar:4.4.16]
	at org.apache.http.impl.conn.CPoolProxy.receiveResponseHeader(CPoolProxy.java:165) ~[httpclient-4.5.3.jar:4.5.3]
	at org.apache.http.protocol.HttpRequestExecutor.doReceiveResponse(HttpRequestExecutor.java:273) ~[httpcore-4.4.16.jar:4.4.16]
	at org.apache.http.protocol.HttpRequestExecutor.execute(HttpRequestExecutor.java:125) ~[httpcore-4.4.16.jar:4.4.16]
	at org.apache.http.impl.execchain.MainClientExec.execute(MainClientExec.java:272) ~[httpclient-4.5.3.jar:4.5.3]
	at org.apache.http.impl.execchain.ProtocolExec.execute(ProtocolExec.java:185) ~[httpclient-4.5.3.jar:4.5.3]
	at org.apache.http.impl.execchain.RetryExec.execute(RetryExec.java:89) ~[httpclient-4.5.3.jar:4.5.3]
	at org.apache.http.impl.execchain.RedirectExec.execute(RedirectExec.java:111) ~[httpclient-4.5.3.jar:4.5.3]
	at org.apache.http.impl.client.InternalHttpClient.doExecute(InternalHttpClient.java:185) ~[httpclient-4.5.3.jar:4.5.3]
	at org.apache.http.impl.client.CloseableHttpClient.execute(CloseableHttpClient.java:72) ~[httpclient-4.5.3.jar:4.5.3]
	at org.glassfish.jersey.apache.connector.ApacheConnector.apply(ApacheConnector.java:487) ~[jersey-apache-connector-3.0.5.jar:na]
	... 16 common frames omitted

2026-02-22T13:11:40.526+05:30  INFO 25864 --- [SpringCloud_EurekaServer] [Eureka-EvictionTimer] [                                                 ] c.n.e.registry.AbstractInstanceRegistry  : Running the evict task with compensationTime 8ms
2026-02-22T13:12:14.590+05:30 ERROR 25864 --- [SpringCloud_EurekaServer] [TaskBatchingWorker-target_localhost-10] [                                                 ] c.n.e.cluster.ReplicationTaskProcessor   : It seems to be a socket read timeout exception, it will retry later. if it continues to happen and some eureka node occupied all the cpu time, you should set property 'eureka.server.peer-node-read-timeout-ms' to a bigger value

jakarta.ws.rs.ProcessingException: java.net.SocketTimeoutException: Read timed out
	at org.glassfish.jersey.apache.connector.ApacheConnector.apply(ApacheConnector.java:535) ~[jersey-apache-connector-3.0.5.jar:na]
	at org.glassfish.jersey.client.ClientRuntime.invoke(ClientRuntime.java:300) ~[jersey-client-4.0.0.jar:na]
	at org.glassfish.jersey.client.JerseyInvocation.lambda$invoke$0(JerseyInvocation.java:671) ~[jersey-client-4.0.0.jar:na]
	at org.glassfish.jersey.client.JerseyInvocation.call(JerseyInvocation.java:706) ~[jersey-client-4.0.0.jar:na]
	at org.glassfish.jersey.client.JerseyInvocation.lambda$runInScope$3(JerseyInvocation.java:700) ~[jersey-client-4.0.0.jar:na]
	at org.glassfish.jersey.internal.Errors.process(Errors.java:292) ~[jersey-common-4.0.0.jar:na]
	at org.glassfish.jersey.internal.Errors.process(Errors.java:274) ~[jersey-common-4.0.0.jar:na]
	at org.glassfish.jersey.internal.Errors.process(Errors.java:205) ~[jersey-common-4.0.0.jar:na]
	at org.glassfish.jersey.process.internal.RequestScope.runInScope(RequestScope.java:391) ~[jersey-common-4.0.0.jar:na]
	at org.glassfish.jersey.client.JerseyInvocation.runInScope(JerseyInvocation.java:700) ~[jersey-client-4.0.0.jar:na]
	at org.glassfish.jersey.client.JerseyInvocation.invoke(JerseyInvocation.java:670) ~[jersey-client-4.0.0.jar:na]
	at org.glassfish.jersey.client.JerseyInvocation$Builder.method(JerseyInvocation.java:436) ~[jersey-client-4.0.0.jar:na]
	at org.glassfish.jersey.client.JerseyInvocation$Builder.post(JerseyInvocation.java:342) ~[jersey-client-4.0.0.jar:na]
	at com.netflix.eureka.transport.Jersey3ReplicationClient.submitBatchUpdates(Jersey3ReplicationClient.java:116) ~[eureka-core-jersey3-2.0.5.jar:2.0.5]
	at com.netflix.eureka.cluster.ReplicationTaskProcessor.process(ReplicationTaskProcessor.java:80) ~[eureka-core-2.0.5.jar:2.0.5]
	at com.netflix.eureka.util.batcher.TaskExecutors$BatchWorkerRunnable.run(TaskExecutors.java:178) ~[eureka-core-2.0.5.jar:2.0.5]
	at java.base/java.lang.Thread.run(Thread.java:1583) ~[na:na]
Caused by: java.net.SocketTimeoutException: Read timed out
	at java.base/sun.nio.ch.NioSocketImpl.timedRead(NioSocketImpl.java:278) ~[na:na]
	at java.base/sun.nio.ch.NioSocketImpl.implRead(NioSocketImpl.java:304) ~[na:na]
	at java.base/sun.nio.ch.NioSocketImpl.read(NioSocketImpl.java:346) ~[na:na]
	at java.base/sun.nio.ch.NioSocketImpl$1.read(NioSocketImpl.java:796) ~[na:na]
	at java.base/java.net.Socket$SocketInputStream.read(Socket.java:1099) ~[na:na]
	at org.apache.http.impl.io.SessionInputBufferImpl.streamRead(SessionInputBufferImpl.java:137) ~[httpcore-4.4.16.jar:4.4.16]
	at org.apache.http.impl.io.SessionInputBufferImpl.fillBuffer(SessionInputBufferImpl.java:153) ~[httpcore-4.4.16.jar:4.4.16]
	at org.apache.http.impl.io.SessionInputBufferImpl.readLine(SessionInputBufferImpl.java:280) ~[httpcore-4.4.16.jar:4.4.16]
	at org.apache.http.impl.conn.DefaultHttpResponseParser.parseHead(DefaultHttpResponseParser.java:138) ~[httpclient-4.5.3.jar:4.5.3]
	at org.apache.http.impl.conn.DefaultHttpResponseParser.parseHead(DefaultHttpResponseParser.java:56) ~[httpclient-4.5.3.jar:4.5.3]
	at org.apache.http.impl.io.AbstractMessageParser.parse(AbstractMessageParser.java:259) ~[httpcore-4.4.16.jar:4.4.16]
	at org.apache.http.impl.DefaultBHttpClientConnection.receiveResponseHeader(DefaultBHttpClientConnection.java:163) ~[httpcore-4.4.16.jar:4.4.16]
	at org.apache.http.impl.conn.CPoolProxy.receiveResponseHeader(CPoolProxy.java:165) ~[httpclient-4.5.3.jar:4.5.3]
	at org.apache.http.protocol.HttpRequestExecutor.doReceiveResponse(HttpRequestExecutor.java:273) ~[httpcore-4.4.16.jar:4.4.16]
	at org.apache.http.protocol.HttpRequestExecutor.execute(HttpRequestExecutor.java:125) ~[httpcore-4.4.16.jar:4.4.16]
	at org.apache.http.impl.execchain.MainClientExec.execute(MainClientExec.java:272) ~[httpclient-4.5.3.jar:4.5.3]
	at org.apache.http.impl.execchain.ProtocolExec.execute(ProtocolExec.java:185) ~[httpclient-4.5.3.jar:4.5.3]
	at org.apache.http.impl.execchain.RetryExec.execute(RetryExec.java:89) ~[httpclient-4.5.3.jar:4.5.3]
	at org.apache.http.impl.execchain.RedirectExec.execute(RedirectExec.java:111) ~[httpclient-4.5.3.jar:4.5.3]
	at org.apache.http.impl.client.InternalHttpClient.doExecute(InternalHttpClient.java:185) ~[httpclient-4.5.3.jar:4.5.3]
	at org.apache.http.impl.client.CloseableHttpClient.execute(CloseableHttpClient.java:72) ~[httpclient-4.5.3.jar:4.5.3]
	at org.glassfish.jersey.apache.connector.ApacheConnector.apply(ApacheConnector.java:487) ~[jersey-apache-connector-3.0.5.jar:na]
	... 16 common frames omitted

2026-02-22T13:12:27.947+05:30 ERROR 25864 --- [SpringCloud_EurekaServer] [TaskBatchingWorker-target_localhost-15] [                                                 ] c.n.e.cluster.ReplicationTaskProcessor   : It seems to be a socket read timeout exception, it will retry later. if it continues to happen and some eureka node occupied all the cpu time, you should set property 'eureka.server.peer-node-read-timeout-ms' to a bigger value

jakarta.ws.rs.ProcessingException: java.net.SocketTimeoutException: Read timed out
	at org.glassfish.jersey.apache.connector.ApacheConnector.apply(ApacheConnector.java:535) ~[jersey-apache-connector-3.0.5.jar:na]
	at org.glassfish.jersey.client.ClientRuntime.invoke(ClientRuntime.java:300) ~[jersey-client-4.0.0.jar:na]
	at org.glassfish.jersey.client.JerseyInvocation.lambda$invoke$0(JerseyInvocation.java:671) ~[jersey-client-4.0.0.jar:na]
	at org.glassfish.jersey.client.JerseyInvocation.call(JerseyInvocation.java:706) ~[jersey-client-4.0.0.jar:na]
	at org.glassfish.jersey.client.JerseyInvocation.lambda$runInScope$3(JerseyInvocation.java:700) ~[jersey-client-4.0.0.jar:na]
	at org.glassfish.jersey.internal.Errors.process(Errors.java:292) ~[jersey-common-4.0.0.jar:na]
	at org.glassfish.jersey.internal.Errors.process(Errors.java:274) ~[jersey-common-4.0.0.jar:na]
	at org.glassfish.jersey.internal.Errors.process(Errors.java:205) ~[jersey-common-4.0.0.jar:na]
	at org.glassfish.jersey.process.internal.RequestScope.runInScope(RequestScope.java:391) ~[jersey-common-4.0.0.jar:na]
	at org.glassfish.jersey.client.JerseyInvocation.runInScope(JerseyInvocation.java:700) ~[jersey-client-4.0.0.jar:na]
	at org.glassfish.jersey.client.JerseyInvocation.invoke(JerseyInvocation.java:670) ~[jersey-client-4.0.0.jar:na]
	at org.glassfish.jersey.client.JerseyInvocation$Builder.method(JerseyInvocation.java:436) ~[jersey-client-4.0.0.jar:na]
	at org.glassfish.jersey.client.JerseyInvocation$Builder.post(JerseyInvocation.java:342) ~[jersey-client-4.0.0.jar:na]
	at com.netflix.eureka.transport.Jersey3ReplicationClient.submitBatchUpdates(Jersey3ReplicationClient.java:116) ~[eureka-core-jersey3-2.0.5.jar:2.0.5]
	at com.netflix.eureka.cluster.ReplicationTaskProcessor.process(ReplicationTaskProcessor.java:80) ~[eureka-core-2.0.5.jar:2.0.5]
	at com.netflix.eureka.util.batcher.TaskExecutors$BatchWorkerRunnable.run(TaskExecutors.java:178) ~[eureka-core-2.0.5.jar:2.0.5]
	at java.base/java.lang.Thread.run(Thread.java:1583) ~[na:na]
Caused by: java.net.SocketTimeoutException: Read timed out
	at java.base/sun.nio.ch.NioSocketImpl.timedRead(NioSocketImpl.java:278) ~[na:na]
	at java.base/sun.nio.ch.NioSocketImpl.implRead(NioSocketImpl.java:304) ~[na:na]
	at java.base/sun.nio.ch.NioSocketImpl.read(NioSocketImpl.java:346) ~[na:na]
	at java.base/sun.nio.ch.NioSocketImpl$1.read(NioSocketImpl.java:796) ~[na:na]
	at java.base/java.net.Socket$SocketInputStream.read(Socket.java:1099) ~[na:na]
	at org.apache.http.impl.io.SessionInputBufferImpl.streamRead(SessionInputBufferImpl.java:137) ~[httpcore-4.4.16.jar:4.4.16]
	at org.apache.http.impl.io.SessionInputBufferImpl.fillBuffer(SessionInputBufferImpl.java:153) ~[httpcore-4.4.16.jar:4.4.16]
	at org.apache.http.impl.io.SessionInputBufferImpl.readLine(SessionInputBufferImpl.java:280) ~[httpcore-4.4.16.jar:4.4.16]
	at org.apache.http.impl.conn.DefaultHttpResponseParser.parseHead(DefaultHttpResponseParser.java:138) ~[httpclient-4.5.3.jar:4.5.3]
	at org.apache.http.impl.conn.DefaultHttpResponseParser.parseHead(DefaultHttpResponseParser.java:56) ~[httpclient-4.5.3.jar:4.5.3]
	at org.apache.http.impl.io.AbstractMessageParser.parse(AbstractMessageParser.java:259) ~[httpcore-4.4.16.jar:4.4.16]
	at org.apache.http.impl.DefaultBHttpClientConnection.receiveResponseHeader(DefaultBHttpClientConnection.java:163) ~[httpcore-4.4.16.jar:4.4.16]
	at org.apache.http.impl.conn.CPoolProxy.receiveResponseHeader(CPoolProxy.java:165) ~[httpclient-4.5.3.jar:4.5.3]
	at org.apache.http.protocol.HttpRequestExecutor.doReceiveResponse(HttpRequestExecutor.java:273) ~[httpcore-4.4.16.jar:4.4.16]
	at org.apache.http.protocol.HttpRequestExecutor.execute(HttpRequestExecutor.java:125) ~[httpcore-4.4.16.jar:4.4.16]
	at org.apache.http.impl.execchain.MainClientExec.execute(MainClientExec.java:272) ~[httpclient-4.5.3.jar:4.5.3]
	at org.apache.http.impl.execchain.ProtocolExec.execute(ProtocolExec.java:185) ~[httpclient-4.5.3.jar:4.5.3]
	at org.apache.http.impl.execchain.RetryExec.execute(RetryExec.java:89) ~[httpclient-4.5.3.jar:4.5.3]
	at org.apache.http.impl.execchain.RedirectExec.execute(RedirectExec.java:111) ~[httpclient-4.5.3.jar:4.5.3]
	at org.apache.http.impl.client.InternalHttpClient.doExecute(InternalHttpClient.java:185) ~[httpclient-4.5.3.jar:4.5.3]
	at org.apache.http.impl.client.CloseableHttpClient.execute(CloseableHttpClient.java:72) ~[httpclient-4.5.3.jar:4.5.3]
	at org.glassfish.jersey.apache.connector.ApacheConnector.apply(ApacheConnector.java:487) ~[jersey-apache-connector-3.0.5.jar:na]
	... 16 common frames omitted

2026-02-22T13:12:40.489+05:30  INFO 25864 --- [SpringCloud_EurekaServer] [Eureka-EvictionTimer] [                                                 ] c.n.e.registry.AbstractInstanceRegistry  : Running the evict task with compensationTime 5ms
2026-02-22T13:13:40.502+05:30  INFO 25864 --- [SpringCloud_EurekaServer] [Eureka-EvictionTimer] [                                                 ] c.n.e.registry.AbstractInstanceRegistry  : Running the evict task with compensationTime 12ms
2026-02-22T13:14:40.517+05:30  INFO 25864 --- [SpringCloud_EurekaServer] [Eureka-EvictionTimer] [                                                 ] c.n.e.registry.AbstractInstanceRegistry  : Running the evict task with compensationTime 15ms
2026-02-22T13:15:40.523+05:30  INFO 25864 --- [SpringCloud_EurekaServer] [Eureka-EvictionTimer] [                                                 ] c.n.e.registry.AbstractInstanceRegistry  : Running the evict task with compensationTime 6ms
2026-02-22T13:16:40.538+05:30  INFO 25864 --- [SpringCloud_EurekaServer] [Eureka-EvictionTimer] [                                                 ] c.n.e.registry.AbstractInstanceRegistry  : Running the evict task with compensationTime 14ms
2026-02-22T13:17:39.504+05:30  INFO 25864 --- [SpringCloud_EurekaServer] [ReplicaAwareInstanceRegistry - RenewalThresholdUpdater] [                                                 ] c.n.e.r.PeerAwareInstanceRegistryImpl    : Current renewal threshold is : 10
2026-02-22T13:17:40.539+05:30  INFO 25864 --- [SpringCloud_EurekaServer] [Eureka-EvictionTimer] [                                                 ] c.n.e.registry.AbstractInstanceRegistry  : Running the evict task with compensationTime 0ms
2026-02-22T13:18:40.551+05:30  INFO 25864 --- [SpringCloud_EurekaServer] [Eureka-EvictionTimer] [                                                 ] c.n.e.registry.AbstractInstanceRegistry  : Running the evict task with compensationTime 12ms
2026-02-22T13:19:40.558+05:30  INFO 25864 --- [SpringCloud_EurekaServer] [Eureka-EvictionTimer] [                                                 ] c.n.e.registry.AbstractInstanceRegistry  : Running the evict task with compensationTime 6ms
2026-02-22T13:20:41.144+05:30  INFO 25864 --- [SpringCloud_EurekaServer] [Eureka-EvictionTimer] [                                                 ] c.n.e.registry.AbstractInstanceRegistry  : Running the evict task with compensationTime 10ms
2026-02-22T13:20:45.824+05:30 ERROR 25864 --- [SpringCloud_EurekaServer] [TaskBatchingWorker-target_localhost-8] [                                                 ] c.n.e.cluster.ReplicationTaskProcessor   : It seems to be a socket read timeout exception, it will retry later. if it continues to happen and some eureka node occupied all the cpu time, you should set property 'eureka.server.peer-node-read-timeout-ms' to a bigger value

jakarta.ws.rs.ProcessingException: java.net.SocketTimeoutException: Read timed out
	at org.glassfish.jersey.apache.connector.ApacheConnector.apply(ApacheConnector.java:535) ~[jersey-apache-connector-3.0.5.jar:na]
	at org.glassfish.jersey.client.ClientRuntime.invoke(ClientRuntime.java:300) ~[jersey-client-4.0.0.jar:na]
	at org.glassfish.jersey.client.JerseyInvocation.lambda$invoke$0(JerseyInvocation.java:671) ~[jersey-client-4.0.0.jar:na]
	at org.glassfish.jersey.client.JerseyInvocation.call(JerseyInvocation.java:706) ~[jersey-client-4.0.0.jar:na]
	at org.glassfish.jersey.client.JerseyInvocation.lambda$runInScope$3(JerseyInvocation.java:700) ~[jersey-client-4.0.0.jar:na]
	at org.glassfish.jersey.internal.Errors.process(Errors.java:292) ~[jersey-common-4.0.0.jar:na]
	at org.glassfish.jersey.internal.Errors.process(Errors.java:274) ~[jersey-common-4.0.0.jar:na]
	at org.glassfish.jersey.internal.Errors.process(Errors.java:205) ~[jersey-common-4.0.0.jar:na]
	at org.glassfish.jersey.process.internal.RequestScope.runInScope(RequestScope.java:391) ~[jersey-common-4.0.0.jar:na]
	at org.glassfish.jersey.client.JerseyInvocation.runInScope(JerseyInvocation.java:700) ~[jersey-client-4.0.0.jar:na]
	at org.glassfish.jersey.client.JerseyInvocation.invoke(JerseyInvocation.java:670) ~[jersey-client-4.0.0.jar:na]
	at org.glassfish.jersey.client.JerseyInvocation$Builder.method(JerseyInvocation.java:436) ~[jersey-client-4.0.0.jar:na]
	at org.glassfish.jersey.client.JerseyInvocation$Builder.post(JerseyInvocation.java:342) ~[jersey-client-4.0.0.jar:na]
	at com.netflix.eureka.transport.Jersey3ReplicationClient.submitBatchUpdates(Jersey3ReplicationClient.java:116) ~[eureka-core-jersey3-2.0.5.jar:2.0.5]
	at com.netflix.eureka.cluster.ReplicationTaskProcessor.process(ReplicationTaskProcessor.java:80) ~[eureka-core-2.0.5.jar:2.0.5]
	at com.netflix.eureka.util.batcher.TaskExecutors$BatchWorkerRunnable.run(TaskExecutors.java:178) ~[eureka-core-2.0.5.jar:2.0.5]
	at java.base/java.lang.Thread.run(Thread.java:1583) ~[na:na]
Caused by: java.net.SocketTimeoutException: Read timed out
	at java.base/sun.nio.ch.NioSocketImpl.timedRead(NioSocketImpl.java:278) ~[na:na]
	at java.base/sun.nio.ch.NioSocketImpl.implRead(NioSocketImpl.java:304) ~[na:na]
	at java.base/sun.nio.ch.NioSocketImpl.read(NioSocketImpl.java:346) ~[na:na]
	at java.base/sun.nio.ch.NioSocketImpl$1.read(NioSocketImpl.java:796) ~[na:na]
	at java.base/java.net.Socket$SocketInputStream.read(Socket.java:1099) ~[na:na]
	at org.apache.http.impl.io.SessionInputBufferImpl.streamRead(SessionInputBufferImpl.java:137) ~[httpcore-4.4.16.jar:4.4.16]
	at org.apache.http.impl.io.SessionInputBufferImpl.fillBuffer(SessionInputBufferImpl.java:153) ~[httpcore-4.4.16.jar:4.4.16]
	at org.apache.http.impl.io.SessionInputBufferImpl.readLine(SessionInputBufferImpl.java:280) ~[httpcore-4.4.16.jar:4.4.16]
	at org.apache.http.impl.conn.DefaultHttpResponseParser.parseHead(DefaultHttpResponseParser.java:138) ~[httpclient-4.5.3.jar:4.5.3]
	at org.apache.http.impl.conn.DefaultHttpResponseParser.parseHead(DefaultHttpResponseParser.java:56) ~[httpclient-4.5.3.jar:4.5.3]
	at org.apache.http.impl.io.AbstractMessageParser.parse(AbstractMessageParser.java:259) ~[httpcore-4.4.16.jar:4.4.16]
	at org.apache.http.impl.DefaultBHttpClientConnection.receiveResponseHeader(DefaultBHttpClientConnection.java:163) ~[httpcore-4.4.16.jar:4.4.16]
	at org.apache.http.impl.conn.CPoolProxy.receiveResponseHeader(CPoolProxy.java:165) ~[httpclient-4.5.3.jar:4.5.3]
	at org.apache.http.protocol.HttpRequestExecutor.doReceiveResponse(HttpRequestExecutor.java:273) ~[httpcore-4.4.16.jar:4.4.16]
	at org.apache.http.protocol.HttpRequestExecutor.execute(HttpRequestExecutor.java:125) ~[httpcore-4.4.16.jar:4.4.16]
	at org.apache.http.impl.execchain.MainClientExec.execute(MainClientExec.java:272) ~[httpclient-4.5.3.jar:4.5.3]
	at org.apache.http.impl.execchain.ProtocolExec.execute(ProtocolExec.java:185) ~[httpclient-4.5.3.jar:4.5.3]
	at org.apache.http.impl.execchain.RetryExec.execute(RetryExec.java:89) ~[httpclient-4.5.3.jar:4.5.3]
	at org.apache.http.impl.execchain.RedirectExec.execute(RedirectExec.java:111) ~[httpclient-4.5.3.jar:4.5.3]
	at org.apache.http.impl.client.InternalHttpClient.doExecute(InternalHttpClient.java:185) ~[httpclient-4.5.3.jar:4.5.3]
	at org.apache.http.impl.client.CloseableHttpClient.execute(CloseableHttpClient.java:72) ~[httpclient-4.5.3.jar:4.5.3]
	at org.glassfish.jersey.apache.connector.ApacheConnector.apply(ApacheConnector.java:487) ~[jersey-apache-connector-3.0.5.jar:na]
	... 16 common frames omitted

2026-02-22T13:20:38.920+05:30 ERROR 25864 --- [SpringCloud_EurekaServer] [TaskBatchingWorker-target_localhost-3] [                                                 ] c.n.e.cluster.ReplicationTaskProcessor   : It seems to be a socket read timeout exception, it will retry later. if it continues to happen and some eureka node occupied all the cpu time, you should set property 'eureka.server.peer-node-read-timeout-ms' to a bigger value

jakarta.ws.rs.ProcessingException: java.net.SocketTimeoutException: Read timed out
	at org.glassfish.jersey.apache.connector.ApacheConnector.apply(ApacheConnector.java:535) ~[jersey-apache-connector-3.0.5.jar:na]
	at org.glassfish.jersey.client.ClientRuntime.invoke(ClientRuntime.java:300) ~[jersey-client-4.0.0.jar:na]
	at org.glassfish.jersey.client.JerseyInvocation.lambda$invoke$0(JerseyInvocation.java:671) ~[jersey-client-4.0.0.jar:na]
	at org.glassfish.jersey.client.JerseyInvocation.call(JerseyInvocation.java:706) ~[jersey-client-4.0.0.jar:na]
	at org.glassfish.jersey.client.JerseyInvocation.lambda$runInScope$3(JerseyInvocation.java:700) ~[jersey-client-4.0.0.jar:na]
	at org.glassfish.jersey.internal.Errors.process(Errors.java:292) ~[jersey-common-4.0.0.jar:na]
	at org.glassfish.jersey.internal.Errors.process(Errors.java:274) ~[jersey-common-4.0.0.jar:na]
	at org.glassfish.jersey.internal.Errors.process(Errors.java:205) ~[jersey-common-4.0.0.jar:na]
	at org.glassfish.jersey.process.internal.RequestScope.runInScope(RequestScope.java:391) ~[jersey-common-4.0.0.jar:na]
	at org.glassfish.jersey.client.JerseyInvocation.runInScope(JerseyInvocation.java:700) ~[jersey-client-4.0.0.jar:na]
	at org.glassfish.jersey.client.JerseyInvocation.invoke(JerseyInvocation.java:670) ~[jersey-client-4.0.0.jar:na]
	at org.glassfish.jersey.client.JerseyInvocation$Builder.method(JerseyInvocation.java:436) ~[jersey-client-4.0.0.jar:na]
	at org.glassfish.jersey.client.JerseyInvocation$Builder.post(JerseyInvocation.java:342) ~[jersey-client-4.0.0.jar:na]
	at com.netflix.eureka.transport.Jersey3ReplicationClient.submitBatchUpdates(Jersey3ReplicationClient.java:116) ~[eureka-core-jersey3-2.0.5.jar:2.0.5]
	at com.netflix.eureka.cluster.ReplicationTaskProcessor.process(ReplicationTaskProcessor.java:80) ~[eureka-core-2.0.5.jar:2.0.5]
	at com.netflix.eureka.util.batcher.TaskExecutors$BatchWorkerRunnable.run(TaskExecutors.java:178) ~[eureka-core-2.0.5.jar:2.0.5]
	at java.base/java.lang.Thread.run(Thread.java:1583) ~[na:na]
Caused by: java.net.SocketTimeoutException: Read timed out
	at java.base/sun.nio.ch.NioSocketImpl.timedRead(NioSocketImpl.java:278) ~[na:na]
	at java.base/sun.nio.ch.NioSocketImpl.implRead(NioSocketImpl.java:304) ~[na:na]
	at java.base/sun.nio.ch.NioSocketImpl.read(NioSocketImpl.java:346) ~[na:na]
	at java.base/sun.nio.ch.NioSocketImpl$1.read(NioSocketImpl.java:796) ~[na:na]
	at java.base/java.net.Socket$SocketInputStream.read(Socket.java:1099) ~[na:na]
	at org.apache.http.impl.io.SessionInputBufferImpl.streamRead(SessionInputBufferImpl.java:137) ~[httpcore-4.4.16.jar:4.4.16]
	at org.apache.http.impl.io.SessionInputBufferImpl.fillBuffer(SessionInputBufferImpl.java:153) ~[httpcore-4.4.16.jar:4.4.16]
	at org.apache.http.impl.io.SessionInputBufferImpl.readLine(SessionInputBufferImpl.java:280) ~[httpcore-4.4.16.jar:4.4.16]
	at org.apache.http.impl.conn.DefaultHttpResponseParser.parseHead(DefaultHttpResponseParser.java:138) ~[httpclient-4.5.3.jar:4.5.3]
	at org.apache.http.impl.conn.DefaultHttpResponseParser.parseHead(DefaultHttpResponseParser.java:56) ~[httpclient-4.5.3.jar:4.5.3]
	at org.apache.http.impl.io.AbstractMessageParser.parse(AbstractMessageParser.java:259) ~[httpcore-4.4.16.jar:4.4.16]
	at org.apache.http.impl.DefaultBHttpClientConnection.receiveResponseHeader(DefaultBHttpClientConnection.java:163) ~[httpcore-4.4.16.jar:4.4.16]
	at org.apache.http.impl.conn.CPoolProxy.receiveResponseHeader(CPoolProxy.java:165) ~[httpclient-4.5.3.jar:4.5.3]
	at org.apache.http.protocol.HttpRequestExecutor.doReceiveResponse(HttpRequestExecutor.java:273) ~[httpcore-4.4.16.jar:4.4.16]
	at org.apache.http.protocol.HttpRequestExecutor.execute(HttpRequestExecutor.java:125) ~[httpcore-4.4.16.jar:4.4.16]
	at org.apache.http.impl.execchain.MainClientExec.execute(MainClientExec.java:272) ~[httpclient-4.5.3.jar:4.5.3]
	at org.apache.http.impl.execchain.ProtocolExec.execute(ProtocolExec.java:185) ~[httpclient-4.5.3.jar:4.5.3]
	at org.apache.http.impl.execchain.RetryExec.execute(RetryExec.java:89) ~[httpclient-4.5.3.jar:4.5.3]
	at org.apache.http.impl.execchain.RedirectExec.execute(RedirectExec.java:111) ~[httpclient-4.5.3.jar:4.5.3]
	at org.apache.http.impl.client.InternalHttpClient.doExecute(InternalHttpClient.java:185) ~[httpclient-4.5.3.jar:4.5.3]
	at org.apache.http.impl.client.CloseableHttpClient.execute(CloseableHttpClient.java:72) ~[httpclient-4.5.3.jar:4.5.3]
	at org.glassfish.jersey.apache.connector.ApacheConnector.apply(ApacheConnector.java:487) ~[jersey-apache-connector-3.0.5.jar:na]
	... 16 common frames omitted

2026-02-22T13:20:45.918+05:30 ERROR 25864 --- [SpringCloud_EurekaServer] [TaskBatchingWorker-target_localhost-2] [                                                 ] c.n.e.cluster.ReplicationTaskProcessor   : It seems to be a socket read timeout exception, it will retry later. if it continues to happen and some eureka node occupied all the cpu time, you should set property 'eureka.server.peer-node-read-timeout-ms' to a bigger value

jakarta.ws.rs.ProcessingException: java.net.SocketTimeoutException: Read timed out
	at org.glassfish.jersey.apache.connector.ApacheConnector.apply(ApacheConnector.java:535) ~[jersey-apache-connector-3.0.5.jar:na]
	at org.glassfish.jersey.client.ClientRuntime.invoke(ClientRuntime.java:300) ~[jersey-client-4.0.0.jar:na]
	at org.glassfish.jersey.client.JerseyInvocation.lambda$invoke$0(JerseyInvocation.java:671) ~[jersey-client-4.0.0.jar:na]
	at org.glassfish.jersey.client.JerseyInvocation.call(JerseyInvocation.java:706) ~[jersey-client-4.0.0.jar:na]
	at org.glassfish.jersey.client.JerseyInvocation.lambda$runInScope$3(JerseyInvocation.java:700) ~[jersey-client-4.0.0.jar:na]
	at org.glassfish.jersey.internal.Errors.process(Errors.java:292) ~[jersey-common-4.0.0.jar:na]
	at org.glassfish.jersey.internal.Errors.process(Errors.java:274) ~[jersey-common-4.0.0.jar:na]
	at org.glassfish.jersey.internal.Errors.process(Errors.java:205) ~[jersey-common-4.0.0.jar:na]
	at org.glassfish.jersey.process.internal.RequestScope.runInScope(RequestScope.java:391) ~[jersey-common-4.0.0.jar:na]
	at org.glassfish.jersey.client.JerseyInvocation.runInScope(JerseyInvocation.java:700) ~[jersey-client-4.0.0.jar:na]
	at org.glassfish.jersey.client.JerseyInvocation.invoke(JerseyInvocation.java:670) ~[jersey-client-4.0.0.jar:na]
	at org.glassfish.jersey.client.JerseyInvocation$Builder.method(JerseyInvocation.java:436) ~[jersey-client-4.0.0.jar:na]
	at org.glassfish.jersey.client.JerseyInvocation$Builder.post(JerseyInvocation.java:342) ~[jersey-client-4.0.0.jar:na]
	at com.netflix.eureka.transport.Jersey3ReplicationClient.submitBatchUpdates(Jersey3ReplicationClient.java:116) ~[eureka-core-jersey3-2.0.5.jar:2.0.5]
	at com.netflix.eureka.cluster.ReplicationTaskProcessor.process(ReplicationTaskProcessor.java:80) ~[eureka-core-2.0.5.jar:2.0.5]
	at com.netflix.eureka.util.batcher.TaskExecutors$BatchWorkerRunnable.run(TaskExecutors.java:178) ~[eureka-core-2.0.5.jar:2.0.5]
	at java.base/java.lang.Thread.run(Thread.java:1583) ~[na:na]
Caused by: java.net.SocketTimeoutException: Read timed out
	at java.base/sun.nio.ch.NioSocketImpl.timedRead(NioSocketImpl.java:278) ~[na:na]
	at java.base/sun.nio.ch.NioSocketImpl.implRead(NioSocketImpl.java:304) ~[na:na]
	at java.base/sun.nio.ch.NioSocketImpl.read(NioSocketImpl.java:346) ~[na:na]
	at java.base/sun.nio.ch.NioSocketImpl$1.read(NioSocketImpl.java:796) ~[na:na]
	at java.base/java.net.Socket$SocketInputStream.read(Socket.java:1099) ~[na:na]
	at org.apache.http.impl.io.SessionInputBufferImpl.streamRead(SessionInputBufferImpl.java:137) ~[httpcore-4.4.16.jar:4.4.16]
	at org.apache.http.impl.io.SessionInputBufferImpl.fillBuffer(SessionInputBufferImpl.java:153) ~[httpcore-4.4.16.jar:4.4.16]
	at org.apache.http.impl.io.SessionInputBufferImpl.readLine(SessionInputBufferImpl.java:280) ~[httpcore-4.4.16.jar:4.4.16]
	at org.apache.http.impl.conn.DefaultHttpResponseParser.parseHead(DefaultHttpResponseParser.java:138) ~[httpclient-4.5.3.jar:4.5.3]
	at org.apache.http.impl.conn.DefaultHttpResponseParser.parseHead(DefaultHttpResponseParser.java:56) ~[httpclient-4.5.3.jar:4.5.3]
	at org.apache.http.impl.io.AbstractMessageParser.parse(AbstractMessageParser.java:259) ~[httpcore-4.4.16.jar:4.4.16]
	at org.apache.http.impl.DefaultBHttpClientConnection.receiveResponseHeader(DefaultBHttpClientConnection.java:163) ~[httpcore-4.4.16.jar:4.4.16]
	at org.apache.http.impl.conn.CPoolProxy.receiveResponseHeader(CPoolProxy.java:165) ~[httpclient-4.5.3.jar:4.5.3]
	at org.apache.http.protocol.HttpRequestExecutor.doReceiveResponse(HttpRequestExecutor.java:273) ~[httpcore-4.4.16.jar:4.4.16]
	at org.apache.http.protocol.HttpRequestExecutor.execute(HttpRequestExecutor.java:125) ~[httpcore-4.4.16.jar:4.4.16]
	at org.apache.http.impl.execchain.MainClientExec.execute(MainClientExec.java:272) ~[httpclient-4.5.3.jar:4.5.3]
	at org.apache.http.impl.execchain.ProtocolExec.execute(ProtocolExec.java:185) ~[httpclient-4.5.3.jar:4.5.3]
	at org.apache.http.impl.execchain.RetryExec.execute(RetryExec.java:89) ~[httpclient-4.5.3.jar:4.5.3]
	at org.apache.http.impl.execchain.RedirectExec.execute(RedirectExec.java:111) ~[httpclient-4.5.3.jar:4.5.3]
	at org.apache.http.impl.client.InternalHttpClient.doExecute(InternalHttpClient.java:185) ~[httpclient-4.5.3.jar:4.5.3]
	at org.apache.http.impl.client.CloseableHttpClient.execute(CloseableHttpClient.java:72) ~[httpclient-4.5.3.jar:4.5.3]
	at org.glassfish.jersey.apache.connector.ApacheConnector.apply(ApacheConnector.java:487) ~[jersey-apache-connector-3.0.5.jar:na]
	... 16 common frames omitted

2026-02-22T13:21:05.630+05:30 ERROR 25864 --- [SpringCloud_EurekaServer] [TaskBatchingWorker-target_localhost-5] [                                                 ] c.n.e.cluster.ReplicationTaskProcessor   : It seems to be a socket read timeout exception, it will retry later. if it continues to happen and some eureka node occupied all the cpu time, you should set property 'eureka.server.peer-node-read-timeout-ms' to a bigger value

jakarta.ws.rs.ProcessingException: java.net.SocketTimeoutException: Read timed out
	at org.glassfish.jersey.apache.connector.ApacheConnector.apply(ApacheConnector.java:535) ~[jersey-apache-connector-3.0.5.jar:na]
	at org.glassfish.jersey.client.ClientRuntime.invoke(ClientRuntime.java:300) ~[jersey-client-4.0.0.jar:na]
	at org.glassfish.jersey.client.JerseyInvocation.lambda$invoke$0(JerseyInvocation.java:671) ~[jersey-client-4.0.0.jar:na]
	at org.glassfish.jersey.client.JerseyInvocation.call(JerseyInvocation.java:706) ~[jersey-client-4.0.0.jar:na]
	at org.glassfish.jersey.client.JerseyInvocation.lambda$runInScope$3(JerseyInvocation.java:700) ~[jersey-client-4.0.0.jar:na]
	at org.glassfish.jersey.internal.Errors.process(Errors.java:292) ~[jersey-common-4.0.0.jar:na]
	at org.glassfish.jersey.internal.Errors.process(Errors.java:274) ~[jersey-common-4.0.0.jar:na]
	at org.glassfish.jersey.internal.Errors.process(Errors.java:205) ~[jersey-common-4.0.0.jar:na]
	at org.glassfish.jersey.process.internal.RequestScope.runInScope(RequestScope.java:391) ~[jersey-common-4.0.0.jar:na]
	at org.glassfish.jersey.client.JerseyInvocation.runInScope(JerseyInvocation.java:700) ~[jersey-client-4.0.0.jar:na]
	at org.glassfish.jersey.client.JerseyInvocation.invoke(JerseyInvocation.java:670) ~[jersey-client-4.0.0.jar:na]
	at org.glassfish.jersey.client.JerseyInvocation$Builder.method(JerseyInvocation.java:436) ~[jersey-client-4.0.0.jar:na]
	at org.glassfish.jersey.client.JerseyInvocation$Builder.post(JerseyInvocation.java:342) ~[jersey-client-4.0.0.jar:na]
	at com.netflix.eureka.transport.Jersey3ReplicationClient.submitBatchUpdates(Jersey3ReplicationClient.java:116) ~[eureka-core-jersey3-2.0.5.jar:2.0.5]
	at com.netflix.eureka.cluster.ReplicationTaskProcessor.process(ReplicationTaskProcessor.java:80) ~[eureka-core-2.0.5.jar:2.0.5]
	at com.netflix.eureka.util.batcher.TaskExecutors$BatchWorkerRunnable.run(TaskExecutors.java:178) ~[eureka-core-2.0.5.jar:2.0.5]
	at java.base/java.lang.Thread.run(Thread.java:1583) ~[na:na]
Caused by: java.net.SocketTimeoutException: Read timed out
	at java.base/sun.nio.ch.NioSocketImpl.timedRead(NioSocketImpl.java:278) ~[na:na]
	at java.base/sun.nio.ch.NioSocketImpl.implRead(NioSocketImpl.java:304) ~[na:na]
	at java.base/sun.nio.ch.NioSocketImpl.read(NioSocketImpl.java:346) ~[na:na]
	at java.base/sun.nio.ch.NioSocketImpl$1.read(NioSocketImpl.java:796) ~[na:na]
	at java.base/java.net.Socket$SocketInputStream.read(Socket.java:1099) ~[na:na]
	at org.apache.http.impl.io.SessionInputBufferImpl.streamRead(SessionInputBufferImpl.java:137) ~[httpcore-4.4.16.jar:4.4.16]
	at org.apache.http.impl.io.SessionInputBufferImpl.fillBuffer(SessionInputBufferImpl.java:153) ~[httpcore-4.4.16.jar:4.4.16]
	at org.apache.http.impl.io.SessionInputBufferImpl.readLine(SessionInputBufferImpl.java:280) ~[httpcore-4.4.16.jar:4.4.16]
	at org.apache.http.impl.conn.DefaultHttpResponseParser.parseHead(DefaultHttpResponseParser.java:138) ~[httpclient-4.5.3.jar:4.5.3]
	at org.apache.http.impl.conn.DefaultHttpResponseParser.parseHead(DefaultHttpResponseParser.java:56) ~[httpclient-4.5.3.jar:4.5.3]
	at org.apache.http.impl.io.AbstractMessageParser.parse(AbstractMessageParser.java:259) ~[httpcore-4.4.16.jar:4.4.16]
	at org.apache.http.impl.DefaultBHttpClientConnection.receiveResponseHeader(DefaultBHttpClientConnection.java:163) ~[httpcore-4.4.16.jar:4.4.16]
	at org.apache.http.impl.conn.CPoolProxy.receiveResponseHeader(CPoolProxy.java:165) ~[httpclient-4.5.3.jar:4.5.3]
	at org.apache.http.protocol.HttpRequestExecutor.doReceiveResponse(HttpRequestExecutor.java:273) ~[httpcore-4.4.16.jar:4.4.16]
	at org.apache.http.protocol.HttpRequestExecutor.execute(HttpRequestExecutor.java:125) ~[httpcore-4.4.16.jar:4.4.16]
	at org.apache.http.impl.execchain.MainClientExec.execute(MainClientExec.java:272) ~[httpclient-4.5.3.jar:4.5.3]
	at org.apache.http.impl.execchain.ProtocolExec.execute(ProtocolExec.java:185) ~[httpclient-4.5.3.jar:4.5.3]
	at org.apache.http.impl.execchain.RetryExec.execute(RetryExec.java:89) ~[httpclient-4.5.3.jar:4.5.3]
	at org.apache.http.impl.execchain.RedirectExec.execute(RedirectExec.java:111) ~[httpclient-4.5.3.jar:4.5.3]
	at org.apache.http.impl.client.InternalHttpClient.doExecute(InternalHttpClient.java:185) ~[httpclient-4.5.3.jar:4.5.3]
	at org.apache.http.impl.client.CloseableHttpClient.execute(CloseableHttpClient.java:72) ~[httpclient-4.5.3.jar:4.5.3]
	at org.glassfish.jersey.apache.connector.ApacheConnector.apply(ApacheConnector.java:487) ~[jersey-apache-connector-3.0.5.jar:na]
	... 16 common frames omitted

2026-02-22T13:21:13.961+05:30  INFO 25864 --- [SpringCloud_EurekaServer] [http-nio-8761-exec-8] [699ab571da3b0fd5e381190faba56752-e381190faba56752] c.n.e.registry.AbstractInstanceRegistry  : Registered instance CARTORDERSERVICE/DESKTOP-ECRRR37.mshome.net:CartOrderService:8083 with status DOWN (replication=false)
2026-02-22T13:21:14.165+05:30  INFO 25864 --- [SpringCloud_EurekaServer] [http-nio-8761-exec-6] [699ab572f4021909b7e57e2171bb8e8e-b7e57e2171bb8e8e] c.n.e.registry.AbstractInstanceRegistry  : Registered instance USERSERVICE/DESKTOP-ECRRR37.mshome.net:UserService:8081 with status DOWN (replication=false)
2026-02-22T13:21:14.333+05:30  INFO 25864 --- [SpringCloud_EurekaServer] [SpringApplicationShutdownHook] [                                                 ] o.s.c.n.e.s.EurekaServiceRegistry        : Unregistering application SPRINGCLOUD_EUREKASERVER with eureka with status DOWN
2026-02-22T13:21:14.761+05:30  INFO 25864 --- [SpringCloud_EurekaServer] [http-nio-8761-exec-2] [699ab572ab1db6059d88a6573abb93d8-9d88a6573abb93d8] c.n.e.registry.AbstractInstanceRegistry  : Registered instance CARTORDERSERVICE/DESKTOP-ECRRR37.mshome.net:CartOrderService:8083 with status DOWN (replication=true)
2026-02-22T13:21:14.765+05:30  INFO 25864 --- [SpringCloud_EurekaServer] [http-nio-8761-exec-2] [699ab572ab1db6059d88a6573abb93d8-9d88a6573abb93d8] c.n.e.registry.AbstractInstanceRegistry  : Registered instance USERSERVICE/DESKTOP-ECRRR37.mshome.net:UserService:8081 with status DOWN (replication=true)
2026-02-22T13:21:15.458+05:30  INFO 25864 --- [SpringCloud_EurekaServer] [http-nio-8761-exec-10] [699ab573887a7dde11239a2763677e5f-11239a2763677e5f] c.n.e.registry.AbstractInstanceRegistry  : Registered instance PRODUCTSERVICE/DESKTOP-ECRRR37.mshome.net:productService:8082 with status DOWN (replication=false)
2026-02-22T13:21:15.971+05:30  INFO 25864 --- [SpringCloud_EurekaServer] [http-nio-8761-exec-4] [699ab573d77b4d994617062ce356e1c2-4617062ce356e1c2] c.n.e.registry.AbstractInstanceRegistry  : Registered instance PRODUCTSERVICE/DESKTOP-ECRRR37.mshome.net:productService:8082 with status DOWN (replication=true)
2026-02-22T13:21:16.336+05:30  INFO 25864 --- [SpringCloud_EurekaServer] [SpringApplicationShutdownHook] [                                                 ] o.s.boot.tomcat.GracefulShutdown         : Commencing graceful shutdown. Waiting for active requests to complete
2026-02-22T13:21:16.578+05:30  INFO 25864 --- [SpringCloud_EurekaServer] [tomcat-shutdown] [                                                 ] o.s.boot.tomcat.GracefulShutdown         : Graceful shutdown complete
2026-02-22T13:21:16.721+05:30  INFO 25864 --- [SpringCloud_EurekaServer] [SpringApplicationShutdownHook] [                                                 ] o.s.c.n.e.server.EurekaServerBootstrap   : Shutting down Eureka Server..
2026-02-22T13:21:16.732+05:30  INFO 25864 --- [SpringCloud_EurekaServer] [SpringApplicationShutdownHook] [                                                 ] c.n.eureka.DefaultEurekaServerContext    : Shutting down ...
2026-02-22T13:21:17.020+05:30  INFO 25864 --- [SpringCloud_EurekaServer] [SpringApplicationShutdownHook] [                                                 ] c.n.eureka.DefaultEurekaServerContext    : Shut down
2026-02-22T13:21:17.024+05:30  INFO 25864 --- [SpringCloud_EurekaServer] [SpringApplicationShutdownHook] [                                                 ] o.s.c.n.e.server.EurekaServerBootstrap   : Eureka Service is now shutdown...
2026-02-22T13:21:17.080+05:30  INFO 25864 --- [SpringCloud_EurekaServer] [SpringApplicationShutdownHook] [                                                 ] c.n.eureka.DefaultEurekaServerContext    : Shutting down ...
2026-02-22T13:21:17.081+05:30  INFO 25864 --- [SpringCloud_EurekaServer] [SpringApplicationShutdownHook] [                                                 ] c.n.eureka.DefaultEurekaServerContext    : Shut down
2026-02-22T13:21:21.516+05:30  INFO 25864 --- [SpringCloud_EurekaServer] [SpringApplicationShutdownHook] [                                                 ] com.netflix.discovery.DiscoveryClient    : Shutting down DiscoveryClient ...
2026-02-22T13:21:21.554+05:30  INFO 25864 --- [SpringCloud_EurekaServer] [SpringApplicationShutdownHook] [                                                 ] com.netflix.discovery.DiscoveryClient    : Completed shut down of DiscoveryClient
