2026-02-22T11:03:58.654+05:30  INFO 18456 --- [UserService] [restartedMain] [                                                 ] c.e.user_service.UserServiceApplication  : Starting UserServiceApplication using Java 21.0.2 with PID 18456 (D:\SpringBoot_Microservices\E_Commerece_Project_Backend\Microservices\Microservices_Project\UserService\User_Service\target\classes started by CH HEMANTH KUMAR in D:\SpringBoot_Microservices\E_Commerece_Project_Backend\Microservices)
2026-02-22T11:03:58.697+05:30  INFO 18456 --- [UserService] [restartedMain] [                                                 ] c.e.user_service.UserServiceApplication  : No active profile set, falling back to 1 default profile: "default"
2026-02-22T11:03:58.851+05:30  INFO 18456 --- [UserService] [restartedMain] [                                                 ] o.s.c.c.c.ConfigServerConfigDataLoader   : Fetching config from server at : http://localhost:8888
2026-02-22T11:03:58.852+05:30  INFO 18456 --- [UserService] [restartedMain] [                                                 ] o.s.c.c.c.ConfigServerConfigDataLoader   : Located environment: name=UserService, profiles=[default], label=null, version=dd917610efe0706bc3bd8e7eadd118a818be148e, state=
2026-02-22T11:03:58.856+05:30  INFO 18456 --- [UserService] [restartedMain] [                                                 ] .e.DevToolsPropertyDefaultsPostProcessor : Devtools property defaults active! Set 'spring.devtools.add-properties' to 'false' to disable
2026-02-22T11:03:58.858+05:30  INFO 18456 --- [UserService] [restartedMain] [                                                 ] .e.DevToolsPropertyDefaultsPostProcessor : For additional web related logging consider setting the 'logging.level.web' property to 'DEBUG'
2026-02-22T11:04:11.181+05:30  INFO 18456 --- [UserService] [restartedMain] [                                                 ] .s.d.r.c.RepositoryConfigurationDelegate : Bootstrapping Spring Data JPA repositories in DEFAULT mode.
2026-02-22T11:04:11.701+05:30  INFO 18456 --- [UserService] [restartedMain] [                                                 ] .s.d.r.c.RepositoryConfigurationDelegate : Finished Spring Data repository scanning in 479 ms. Found 1 JPA repository interface.
2026-02-22T11:04:13.535+05:30  INFO 18456 --- [UserService] [restartedMain] [                                                 ] o.s.cloud.context.scope.GenericScope     : BeanFactory id=6b202935-d855-3535-8a3f-3168f0fc0e06
2026-02-22T11:04:14.911+05:30  WARN 18456 --- [UserService] [restartedMain] [                                                 ] trationDelegate$BeanPostProcessorChecker : Bean 'org.springframework.cloud.client.loadbalancer.LoadBalancerAutoConfiguration$DeferringLoadBalancerInterceptorConfig' of type [org.springframework.cloud.client.loadbalancer.LoadBalancerAutoConfiguration$DeferringLoadBalancerInterceptorConfig] is not eligible for getting processed by all BeanPostProcessors (for example: not eligible for auto-proxying). The currently created BeanPostProcessor [lbRestClientPostProcessor] is declared through a non-static factory method on that class; consider declaring it as static instead.
2026-02-22T11:04:14.920+05:30  WARN 18456 --- [UserService] [restartedMain] [                                                 ] trationDelegate$BeanPostProcessorChecker : Bean 'deferringLoadBalancerInterceptor' of type [org.springframework.cloud.client.loadbalancer.DeferringLoadBalancerInterceptor] is not eligible for getting processed by all BeanPostProcessors (for example: not eligible for auto-proxying). Is this bean getting eagerly injected into a currently created BeanPostProcessor [lbRestClientPostProcessor]? Check the corresponding BeanPostProcessor declaration and its dependencies.
2026-02-22T11:04:17.920+05:30  INFO 18456 --- [UserService] [restartedMain] [                                                 ] o.s.b.w.embedded.tomcat.TomcatWebServer  : Tomcat initialized with port 8081 (http)
2026-02-22T11:04:18.010+05:30  INFO 18456 --- [UserService] [restartedMain] [                                                 ] o.apache.catalina.core.StandardService   : Starting service [Tomcat]
2026-02-22T11:04:18.013+05:30  INFO 18456 --- [UserService] [restartedMain] [                                                 ] o.apache.catalina.core.StandardEngine    : Starting Servlet engine: [Apache Tomcat/10.1.18]
2026-02-22T11:04:18.424+05:30  INFO 18456 --- [UserService] [restartedMain] [                                                 ] o.a.c.c.C.[Tomcat].[localhost].[/]       : Initializing Spring embedded WebApplicationContext
2026-02-22T11:04:18.426+05:30  INFO 18456 --- [UserService] [restartedMain] [                                                 ] w.s.c.ServletWebServerApplicationContext : Root WebApplicationContext: initialization completed in 19565 ms
2026-02-22T11:04:21.366+05:30  INFO 18456 --- [UserService] [restartedMain] [                                                 ] o.hibernate.jpa.internal.util.LogHelper  : HHH000204: Processing PersistenceUnitInfo [name: default]
2026-02-22T11:04:21.498+05:30  INFO 18456 --- [UserService] [restartedMain] [                                                 ] org.hibernate.Version                    : HHH000412: Hibernate ORM core version 6.4.1.Final
2026-02-22T11:04:21.578+05:30  INFO 18456 --- [UserService] [restartedMain] [                                                 ] o.h.c.internal.RegionFactoryInitiator    : HHH000026: Second-level cache disabled
2026-02-22T11:04:22.499+05:30  INFO 18456 --- [UserService] [restartedMain] [                                                 ] o.s.o.j.p.SpringPersistenceUnitInfo      : No LoadTimeWeaver setup: ignoring JPA class transformer
2026-02-22T11:04:22.835+05:30  INFO 18456 --- [UserService] [restartedMain] [                                                 ] com.zaxxer.hikari.HikariDataSource       : HikariPool-1 - Starting...
2026-02-22T11:04:23.567+05:30  INFO 18456 --- [UserService] [restartedMain] [                                                 ] com.zaxxer.hikari.pool.HikariPool        : HikariPool-1 - Added connection org.postgresql.jdbc.PgConnection@d0d9773
2026-02-22T11:04:23.571+05:30  INFO 18456 --- [UserService] [restartedMain] [                                                 ] com.zaxxer.hikari.HikariDataSource       : HikariPool-1 - Start completed.
2026-02-22T11:04:23.744+05:30  WARN 18456 --- [UserService] [restartedMain] [                                                 ] org.hibernate.orm.deprecation            : HHH90000025: PostgreSQLDialect does not need to be specified explicitly using 'hibernate.dialect' (remove the property setting and it will be selected by default)
2026-02-22T11:04:26.543+05:30  INFO 18456 --- [UserService] [restartedMain] [                                                 ] o.h.e.t.j.p.i.JtaPlatformInitiator       : HHH000489: No JTA platform available (set 'hibernate.transaction.jta.platform' to enable JTA platform integration)
2026-02-22T11:04:27.012+05:30  INFO 18456 --- [UserService] [restartedMain] [                                                 ] j.LocalContainerEntityManagerFactoryBean : Initialized JPA EntityManagerFactory for persistence unit 'default'
2026-02-22T11:04:31.405+05:30  WARN 18456 --- [UserService] [restartedMain] [                                                 ] JpaBaseConfiguration$JpaWebConfiguration : spring.jpa.open-in-view is enabled by default. Therefore, database queries may be performed during view rendering. Explicitly configure spring.jpa.open-in-view to disable this warning
2026-02-22T11:04:37.824+05:30  INFO 18456 --- [UserService] [restartedMain] [                                                 ] o.s.b.d.a.OptionalLiveReloadServer       : LiveReload server is running on port 35729
2026-02-22T11:04:37.919+05:30  INFO 18456 --- [UserService] [restartedMain] [                                                 ] DiscoveryClientOptionalArgsConfiguration : Eureka HTTP Client uses RestTemplate.
2026-02-22T11:04:38.424+05:30  WARN 18456 --- [UserService] [restartedMain] [                                                 ] iguration$LoadBalancerCaffeineWarnLogger : Spring Cloud LoadBalancer is currently working with the default cache. While this cache implementation is useful for development and tests, it's recommended to use Caffeine cache in production.You can switch to using Caffeine cache, by adding it and org.springframework.cache.caffeine.CaffeineCacheManager to the classpath.
2026-02-22T11:04:38.465+05:30  INFO 18456 --- [UserService] [restartedMain] [                                                 ] o.s.b.a.e.web.EndpointLinksResolver      : Exposing 17 endpoint(s) beneath base path '/actuator'
2026-02-22T11:04:38.853+05:30  INFO 18456 --- [UserService] [restartedMain] [                                                 ] o.s.c.n.eureka.InstanceInfoFactory       : Setting initial instance status as: STARTING
2026-02-22T11:04:39.313+05:30  INFO 18456 --- [UserService] [restartedMain] [                                                 ] com.netflix.discovery.DiscoveryClient    : Initializing Eureka in region us-east-1
2026-02-22T11:04:39.326+05:30  INFO 18456 --- [UserService] [restartedMain] [                                                 ] c.n.d.s.r.aws.ConfigClusterResolver      : Resolving eureka endpoints via configuration
2026-02-22T11:04:39.410+05:30  INFO 18456 --- [UserService] [restartedMain] [                                                 ] com.netflix.discovery.DiscoveryClient    : Disable delta property : false
2026-02-22T11:04:39.412+05:30  INFO 18456 --- [UserService] [restartedMain] [                                                 ] com.netflix.discovery.DiscoveryClient    : Single vip registry refresh property : null
2026-02-22T11:04:39.412+05:30  INFO 18456 --- [UserService] [restartedMain] [                                                 ] com.netflix.discovery.DiscoveryClient    : Force full registry fetch : false
2026-02-22T11:04:39.412+05:30  INFO 18456 --- [UserService] [restartedMain] [                                                 ] com.netflix.discovery.DiscoveryClient    : Application is null : false
2026-02-22T11:04:39.412+05:30  INFO 18456 --- [UserService] [restartedMain] [                                                 ] com.netflix.discovery.DiscoveryClient    : Registered Applications size is zero : true
2026-02-22T11:04:39.412+05:30  INFO 18456 --- [UserService] [restartedMain] [                                                 ] com.netflix.discovery.DiscoveryClient    : Application version is -1: true
2026-02-22T11:04:39.414+05:30  INFO 18456 --- [UserService] [restartedMain] [                                                 ] com.netflix.discovery.DiscoveryClient    : Getting all instance registry info from the eureka server
2026-02-22T11:04:39.476+05:30 DEBUG 18456 --- [UserService] [restartedMain] [                                                 ] o.s.web.client.RestTemplate              : HTTP GET http://localhost:8761/eureka/apps/
2026-02-22T11:04:39.736+05:30 DEBUG 18456 --- [UserService] [restartedMain] [                                                 ] o.s.web.client.RestTemplate              : Accept=[application/json, application/*+json]
2026-02-22T11:04:39.932+05:30 DEBUG 18456 --- [UserService] [restartedMain] [                                                 ] o.s.web.client.RestTemplate              : Response 200 OK
2026-02-22T11:04:39.936+05:30 DEBUG 18456 --- [UserService] [restartedMain] [                                                 ] o.s.web.client.RestTemplate              : Reading to [org.springframework.cloud.netflix.eureka.http.EurekaApplications]
2026-02-22T11:04:39.996+05:30  INFO 18456 --- [UserService] [restartedMain] [                                                 ] com.netflix.discovery.DiscoveryClient    : The response status is 200
2026-02-22T11:04:40.003+05:30  INFO 18456 --- [UserService] [restartedMain] [                                                 ] com.netflix.discovery.DiscoveryClient    : Starting heartbeat executor: renew interval is: 30
2026-02-22T11:04:40.019+05:30  INFO 18456 --- [UserService] [restartedMain] [                                                 ] c.n.discovery.InstanceInfoReplicator     : InstanceInfoReplicator onDemand update allowed rate per min is 4
2026-02-22T11:04:40.037+05:30  INFO 18456 --- [UserService] [restartedMain] [                                                 ] com.netflix.discovery.DiscoveryClient    : Discovery Client initialized at timestamp 1771738480036 with initial instances count: 1
2026-02-22T11:04:40.070+05:30  INFO 18456 --- [UserService] [restartedMain] [                                                 ] o.s.c.n.e.s.EurekaServiceRegistry        : Registering application USERSERVICE with eureka with status UP
2026-02-22T11:04:40.079+05:30  INFO 18456 --- [UserService] [restartedMain] [                                                 ] com.netflix.discovery.DiscoveryClient    : Saw local status change event StatusChangeEvent [timestamp=1771738480079, current=UP, previous=STARTING]
2026-02-22T11:04:40.085+05:30  INFO 18456 --- [UserService] [DiscoveryClient-InstanceInfoReplicator-0] [                                                 ] com.netflix.discovery.DiscoveryClient    : DiscoveryClient_USERSERVICE/DESKTOP-ECRRR37.mshome.net:UserService:8081: registering service...
2026-02-22T11:04:40.094+05:30 DEBUG 18456 --- [UserService] [DiscoveryClient-InstanceInfoReplicator-0] [                                                 ] o.s.web.client.RestTemplate              : HTTP POST http://localhost:8761/eureka/apps/USERSERVICE
2026-02-22T11:04:40.099+05:30 DEBUG 18456 --- [UserService] [DiscoveryClient-InstanceInfoReplicator-0] [                                                 ] o.s.web.client.RestTemplate              : Accept=[application/json, application/*+json]
2026-02-22T11:04:40.137+05:30 DEBUG 18456 --- [UserService] [DiscoveryClient-InstanceInfoReplicator-0] [                                                 ] o.s.web.client.RestTemplate              : Writing [InstanceInfo [instanceId = DESKTOP-ECRRR37.mshome.net:UserService:8081, appName = USERSERVICE, hostName = 192.168.176.1, status = UP, ipAddr = 192.168.176.1, port = 8081, securePort = 443, dataCenterInfo = com.netflix.appinfo.MyDataCenterInfo@e96cf86] as "application/json"
2026-02-22T11:04:40.225+05:30  INFO 18456 --- [UserService] [restartedMain] [                                                 ] o.s.b.w.embedded.tomcat.TomcatWebServer  : Tomcat started on port 8081 (http) with context path ''
2026-02-22T11:04:40.228+05:30  INFO 18456 --- [UserService] [restartedMain] [                                                 ] .s.c.n.e.s.EurekaAutoServiceRegistration : Updating port to 8081
2026-02-22T11:04:40.257+05:30 DEBUG 18456 --- [UserService] [DiscoveryClient-InstanceInfoReplicator-0] [                                                 ] o.s.web.client.RestTemplate              : Response 204 NO_CONTENT
2026-02-22T11:04:40.258+05:30  INFO 18456 --- [UserService] [DiscoveryClient-InstanceInfoReplicator-0] [                                                 ] com.netflix.discovery.DiscoveryClient    : DiscoveryClient_USERSERVICE/DESKTOP-ECRRR37.mshome.net:UserService:8081 - registration status: 204
2026-02-22T11:04:40.413+05:30  INFO 18456 --- [UserService] [restartedMain] [                                                 ] c.e.user_service.UserServiceApplication  : Started UserServiceApplication in 56.74 seconds (process running for 58.592)
2026-02-22T11:05:10.013+05:30 DEBUG 18456 --- [UserService] [DiscoveryClient-CacheRefreshExecutor-0] [                                                 ] o.s.web.client.RestTemplate              : HTTP GET http://localhost:8761/eureka/apps/delta
2026-02-22T11:05:10.014+05:30 DEBUG 18456 --- [UserService] [DiscoveryClient-CacheRefreshExecutor-0] [                                                 ] o.s.web.client.RestTemplate              : Accept=[application/json, application/*+json]
2026-02-22T11:05:10.030+05:30 DEBUG 18456 --- [UserService] [DiscoveryClient-HeartbeatExecutor-0] [                                                 ] o.s.web.client.RestTemplate              : HTTP PUT http://localhost:8761/eureka/apps/USERSERVICE/DESKTOP-ECRRR37.mshome.net:UserService:8081?status=UP&lastDirtyTimestamp=1771738480079
2026-02-22T11:05:10.032+05:30 DEBUG 18456 --- [UserService] [DiscoveryClient-CacheRefreshExecutor-0] [                                                 ] o.s.web.client.RestTemplate              : Response 200 OK
2026-02-22T11:05:10.032+05:30 DEBUG 18456 --- [UserService] [DiscoveryClient-CacheRefreshExecutor-0] [                                                 ] o.s.web.client.RestTemplate              : Reading to [org.springframework.cloud.netflix.eureka.http.EurekaApplications]
2026-02-22T11:05:10.040+05:30 DEBUG 18456 --- [UserService] [DiscoveryClient-HeartbeatExecutor-0] [                                                 ] o.s.web.client.RestTemplate              : Accept=[application/json, application/*+json]
2026-02-22T11:05:10.046+05:30 DEBUG 18456 --- [UserService] [DiscoveryClient-HeartbeatExecutor-0] [                                                 ] o.s.web.client.RestTemplate              : Response 200 OK
2026-02-22T11:05:40.059+05:30 DEBUG 18456 --- [UserService] [DiscoveryClient-CacheRefreshExecutor-0] [                                                 ] o.s.web.client.RestTemplate              : HTTP GET http://localhost:8761/eureka/apps/delta
2026-02-22T11:05:40.066+05:30 DEBUG 18456 --- [UserService] [DiscoveryClient-CacheRefreshExecutor-0] [                                                 ] o.s.web.client.RestTemplate              : Accept=[application/json, application/*+json]
2026-02-22T11:05:40.108+05:30 DEBUG 18456 --- [UserService] [DiscoveryClient-CacheRefreshExecutor-0] [                                                 ] o.s.web.client.RestTemplate              : Response 200 OK
2026-02-22T11:05:40.116+05:30 DEBUG 18456 --- [UserService] [DiscoveryClient-CacheRefreshExecutor-0] [                                                 ] o.s.web.client.RestTemplate              : Reading to [org.springframework.cloud.netflix.eureka.http.EurekaApplications]
2026-02-22T11:05:40.116+05:30 DEBUG 18456 --- [UserService] [DiscoveryClient-HeartbeatExecutor-0] [                                                 ] o.s.web.client.RestTemplate              : HTTP PUT http://localhost:8761/eureka/apps/USERSERVICE/DESKTOP-ECRRR37.mshome.net:UserService:8081?status=UP&lastDirtyTimestamp=1771738480079
2026-02-22T11:05:40.118+05:30 DEBUG 18456 --- [UserService] [DiscoveryClient-HeartbeatExecutor-0] [                                                 ] o.s.web.client.RestTemplate              : Accept=[application/json, application/*+json]
2026-02-22T11:05:40.191+05:30 DEBUG 18456 --- [UserService] [DiscoveryClient-HeartbeatExecutor-0] [                                                 ] o.s.web.client.RestTemplate              : Response 200 OK
2026-02-22T11:06:10.136+05:30 DEBUG 18456 --- [UserService] [DiscoveryClient-CacheRefreshExecutor-0] [                                                 ] o.s.web.client.RestTemplate              : HTTP GET http://localhost:8761/eureka/apps/delta
2026-02-22T11:06:10.138+05:30 DEBUG 18456 --- [UserService] [DiscoveryClient-CacheRefreshExecutor-0] [                                                 ] o.s.web.client.RestTemplate              : Accept=[application/json, application/*+json]
2026-02-22T11:06:10.202+05:30 DEBUG 18456 --- [UserService] [DiscoveryClient-HeartbeatExecutor-0] [                                                 ] o.s.web.client.RestTemplate              : HTTP PUT http://localhost:8761/eureka/apps/USERSERVICE/DESKTOP-ECRRR37.mshome.net:UserService:8081?status=UP&lastDirtyTimestamp=1771738480079
2026-02-22T11:06:10.205+05:30 DEBUG 18456 --- [UserService] [DiscoveryClient-HeartbeatExecutor-0] [                                                 ] o.s.web.client.RestTemplate              : Accept=[application/json, application/*+json]
2026-02-22T11:06:10.227+05:30 DEBUG 18456 --- [UserService] [DiscoveryClient-CacheRefreshExecutor-0] [                                                 ] o.s.web.client.RestTemplate              : Response 200 OK
2026-02-22T11:06:10.240+05:30 DEBUG 18456 --- [UserService] [DiscoveryClient-CacheRefreshExecutor-0] [                                                 ] o.s.web.client.RestTemplate              : Reading to [org.springframework.cloud.netflix.eureka.http.EurekaApplications]
2026-02-22T11:06:10.290+05:30 DEBUG 18456 --- [UserService] [DiscoveryClient-HeartbeatExecutor-0] [                                                 ] o.s.web.client.RestTemplate              : Response 200 OK
2026-02-22T11:06:40.267+05:30 DEBUG 18456 --- [UserService] [DiscoveryClient-CacheRefreshExecutor-0] [                                                 ] o.s.web.client.RestTemplate              : HTTP GET http://localhost:8761/eureka/apps/delta
2026-02-22T11:06:40.280+05:30 DEBUG 18456 --- [UserService] [DiscoveryClient-CacheRefreshExecutor-0] [                                                 ] o.s.web.client.RestTemplate              : Accept=[application/json, application/*+json]
2026-02-22T11:06:40.300+05:30 DEBUG 18456 --- [UserService] [DiscoveryClient-HeartbeatExecutor-0] [                                                 ] o.s.web.client.RestTemplate              : HTTP PUT http://localhost:8761/eureka/apps/USERSERVICE/DESKTOP-ECRRR37.mshome.net:UserService:8081?status=UP&lastDirtyTimestamp=1771738480079
2026-02-22T11:06:40.302+05:30 DEBUG 18456 --- [UserService] [DiscoveryClient-HeartbeatExecutor-0] [                                                 ] o.s.web.client.RestTemplate              : Accept=[application/json, application/*+json]
2026-02-22T11:06:40.439+05:30 DEBUG 18456 --- [UserService] [DiscoveryClient-CacheRefreshExecutor-0] [                                                 ] o.s.web.client.RestTemplate              : Response 200 OK
2026-02-22T11:06:40.445+05:30 DEBUG 18456 --- [UserService] [DiscoveryClient-CacheRefreshExecutor-0] [                                                 ] o.s.web.client.RestTemplate              : Reading to [org.springframework.cloud.netflix.eureka.http.EurekaApplications]
2026-02-22T11:06:40.472+05:30 DEBUG 18456 --- [UserService] [DiscoveryClient-HeartbeatExecutor-0] [                                                 ] o.s.web.client.RestTemplate              : Response 200 OK
2026-02-22T11:07:10.489+05:30 DEBUG 18456 --- [UserService] [DiscoveryClient-HeartbeatExecutor-0] [                                                 ] o.s.web.client.RestTemplate              : HTTP PUT http://localhost:8761/eureka/apps/USERSERVICE/DESKTOP-ECRRR37.mshome.net:UserService:8081?status=UP&lastDirtyTimestamp=1771738480079
2026-02-22T11:07:10.490+05:30 DEBUG 18456 --- [UserService] [DiscoveryClient-HeartbeatExecutor-0] [                                                 ] o.s.web.client.RestTemplate              : Accept=[application/json, application/*+json]
2026-02-22T11:07:10.494+05:30 DEBUG 18456 --- [UserService] [DiscoveryClient-CacheRefreshExecutor-0] [                                                 ] o.s.web.client.RestTemplate              : HTTP GET http://localhost:8761/eureka/apps/delta
2026-02-22T11:07:10.495+05:30 DEBUG 18456 --- [UserService] [DiscoveryClient-CacheRefreshExecutor-0] [                                                 ] o.s.web.client.RestTemplate              : Accept=[application/json, application/*+json]
2026-02-22T11:07:10.499+05:30 DEBUG 18456 --- [UserService] [DiscoveryClient-HeartbeatExecutor-0] [                                                 ] o.s.web.client.RestTemplate              : Response 200 OK
2026-02-22T11:07:10.512+05:30 DEBUG 18456 --- [UserService] [DiscoveryClient-CacheRefreshExecutor-0] [                                                 ] o.s.web.client.RestTemplate              : Response 200 OK
2026-02-22T11:07:10.514+05:30 DEBUG 18456 --- [UserService] [DiscoveryClient-CacheRefreshExecutor-0] [                                                 ] o.s.web.client.RestTemplate              : Reading to [org.springframework.cloud.netflix.eureka.http.EurekaApplications]
2026-02-22T11:07:40.506+05:30 DEBUG 18456 --- [UserService] [DiscoveryClient-HeartbeatExecutor-0] [                                                 ] o.s.web.client.RestTemplate              : HTTP PUT http://localhost:8761/eureka/apps/USERSERVICE/DESKTOP-ECRRR37.mshome.net:UserService:8081?status=UP&lastDirtyTimestamp=1771738480079
2026-02-22T11:07:40.506+05:30 DEBUG 18456 --- [UserService] [DiscoveryClient-HeartbeatExecutor-0] [                                                 ] o.s.web.client.RestTemplate              : Accept=[application/json, application/*+json]
2026-02-22T11:07:40.522+05:30 DEBUG 18456 --- [UserService] [DiscoveryClient-CacheRefreshExecutor-0] [                                                 ] o.s.web.client.RestTemplate              : HTTP GET http://localhost:8761/eureka/apps/delta
2026-02-22T11:07:40.522+05:30 DEBUG 18456 --- [UserService] [DiscoveryClient-CacheRefreshExecutor-0] [                                                 ] o.s.web.client.RestTemplate              : Accept=[application/json, application/*+json]
2026-02-22T11:07:40.525+05:30 DEBUG 18456 --- [UserService] [DiscoveryClient-HeartbeatExecutor-0] [                                                 ] o.s.web.client.RestTemplate              : Response 200 OK
2026-02-22T11:07:40.552+05:30 DEBUG 18456 --- [UserService] [DiscoveryClient-CacheRefreshExecutor-0] [                                                 ] o.s.web.client.RestTemplate              : Response 200 OK
2026-02-22T11:07:40.553+05:30 DEBUG 18456 --- [UserService] [DiscoveryClient-CacheRefreshExecutor-0] [                                                 ] o.s.web.client.RestTemplate              : Reading to [org.springframework.cloud.netflix.eureka.http.EurekaApplications]
2026-02-22T11:08:10.536+05:30 DEBUG 18456 --- [UserService] [DiscoveryClient-HeartbeatExecutor-0] [                                                 ] o.s.web.client.RestTemplate              : HTTP PUT http://localhost:8761/eureka/apps/USERSERVICE/DESKTOP-ECRRR37.mshome.net:UserService:8081?status=UP&lastDirtyTimestamp=1771738480079
2026-02-22T11:08:10.538+05:30 DEBUG 18456 --- [UserService] [DiscoveryClient-HeartbeatExecutor-0] [                                                 ] o.s.web.client.RestTemplate              : Accept=[application/json, application/*+json]
2026-02-22T11:08:10.565+05:30 DEBUG 18456 --- [UserService] [DiscoveryClient-CacheRefreshExecutor-0] [                                                 ] o.s.web.client.RestTemplate              : HTTP GET http://localhost:8761/eureka/apps/delta
2026-02-22T11:08:10.566+05:30 DEBUG 18456 --- [UserService] [DiscoveryClient-CacheRefreshExecutor-0] [                                                 ] o.s.web.client.RestTemplate              : Accept=[application/json, application/*+json]
2026-02-22T11:08:10.567+05:30 DEBUG 18456 --- [UserService] [DiscoveryClient-HeartbeatExecutor-0] [                                                 ] o.s.web.client.RestTemplate              : Response 200 OK
2026-02-22T11:08:10.571+05:30 DEBUG 18456 --- [UserService] [DiscoveryClient-CacheRefreshExecutor-0] [                                                 ] o.s.web.client.RestTemplate              : Response 200 OK
2026-02-22T11:08:10.574+05:30 DEBUG 18456 --- [UserService] [DiscoveryClient-CacheRefreshExecutor-0] [                                                 ] o.s.web.client.RestTemplate              : Reading to [org.springframework.cloud.netflix.eureka.http.EurekaApplications]
2026-02-22T11:08:40.712+05:30 DEBUG 18456 --- [UserService] [DiscoveryClient-HeartbeatExecutor-0] [                                                 ] o.s.web.client.RestTemplate              : HTTP PUT http://localhost:8761/eureka/apps/USERSERVICE/DESKTOP-ECRRR37.mshome.net:UserService:8081?status=UP&lastDirtyTimestamp=1771738480079
2026-02-22T11:08:40.712+05:30 DEBUG 18456 --- [UserService] [DiscoveryClient-CacheRefreshExecutor-0] [                                                 ] o.s.web.client.RestTemplate              : HTTP GET http://localhost:8761/eureka/apps/delta
2026-02-22T11:08:40.879+05:30 DEBUG 18456 --- [UserService] [DiscoveryClient-CacheRefreshExecutor-0] [                                                 ] o.s.web.client.RestTemplate              : Accept=[application/json, application/*+json]
2026-02-22T11:08:41.002+05:30 DEBUG 18456 --- [UserService] [DiscoveryClient-HeartbeatExecutor-0] [                                                 ] o.s.web.client.RestTemplate              : Accept=[application/json, application/*+json]
2026-02-22T11:08:45.795+05:30 DEBUG 18456 --- [UserService] [DiscoveryClient-CacheRefreshExecutor-0] [                                                 ] o.s.web.client.RestTemplate              : Response 200 OK
2026-02-22T11:08:45.948+05:30 DEBUG 18456 --- [UserService] [DiscoveryClient-CacheRefreshExecutor-0] [                                                 ] o.s.web.client.RestTemplate              : Reading to [org.springframework.cloud.netflix.eureka.http.EurekaApplications]
2026-02-22T11:08:50.539+05:30 DEBUG 18456 --- [UserService] [DiscoveryClient-HeartbeatExecutor-0] [                                                 ] o.s.web.client.RestTemplate              : Response 200 OK
2026-02-22T11:09:20.664+05:30 DEBUG 18456 --- [UserService] [DiscoveryClient-HeartbeatExecutor-0] [                                                 ] o.s.web.client.RestTemplate              : HTTP PUT http://localhost:8761/eureka/apps/USERSERVICE/DESKTOP-ECRRR37.mshome.net:UserService:8081?status=UP&lastDirtyTimestamp=1771738480079
2026-02-22T11:09:20.873+05:30 DEBUG 18456 --- [UserService] [DiscoveryClient-HeartbeatExecutor-0] [                                                 ] o.s.web.client.RestTemplate              : Accept=[application/json, application/*+json]
2026-02-22T11:09:20.873+05:30 DEBUG 18456 --- [UserService] [DiscoveryClient-CacheRefreshExecutor-0] [                                                 ] o.s.web.client.RestTemplate              : HTTP GET http://localhost:8761/eureka/apps/delta
2026-02-22T11:09:20.990+05:30 DEBUG 18456 --- [UserService] [DiscoveryClient-CacheRefreshExecutor-0] [                                                 ] o.s.web.client.RestTemplate              : Accept=[application/json, application/*+json]
2026-02-22T11:09:21.139+05:30 DEBUG 18456 --- [UserService] [DiscoveryClient-CacheRefreshExecutor-0] [                                                 ] o.s.web.client.RestTemplate              : Response 200 OK
2026-02-22T11:09:21.403+05:30 DEBUG 18456 --- [UserService] [DiscoveryClient-CacheRefreshExecutor-0] [                                                 ] o.s.web.client.RestTemplate              : Reading to [org.springframework.cloud.netflix.eureka.http.EurekaApplications]
2026-02-22T11:09:21.410+05:30 DEBUG 18456 --- [UserService] [DiscoveryClient-HeartbeatExecutor-0] [                                                 ] o.s.web.client.RestTemplate              : Response 200 OK
2026-02-22T11:09:39.471+05:30  INFO 18456 --- [UserService] [AsyncResolver-bootstrap-executor-0] [                                                 ] c.n.d.s.r.aws.ConfigClusterResolver      : Resolving eureka endpoints via configuration
2026-02-22T11:09:51.436+05:30 DEBUG 18456 --- [UserService] [DiscoveryClient-HeartbeatExecutor-0] [                                                 ] o.s.web.client.RestTemplate              : HTTP PUT http://localhost:8761/eureka/apps/USERSERVICE/DESKTOP-ECRRR37.mshome.net:UserService:8081?status=UP&lastDirtyTimestamp=1771738480079
2026-02-22T11:09:51.446+05:30 DEBUG 18456 --- [UserService] [DiscoveryClient-HeartbeatExecutor-0] [                                                 ] o.s.web.client.RestTemplate              : Accept=[application/json, application/*+json]
2026-02-22T11:09:51.472+05:30 DEBUG 18456 --- [UserService] [DiscoveryClient-HeartbeatExecutor-0] [                                                 ] o.s.web.client.RestTemplate              : Response 200 OK
2026-02-22T11:09:51.590+05:30 DEBUG 18456 --- [UserService] [DiscoveryClient-CacheRefreshExecutor-0] [                                                 ] o.s.web.client.RestTemplate              : HTTP GET http://localhost:8761/eureka/apps/delta
2026-02-22T11:09:51.677+05:30 DEBUG 18456 --- [UserService] [DiscoveryClient-CacheRefreshExecutor-0] [                                                 ] o.s.web.client.RestTemplate              : Accept=[application/json, application/*+json]
2026-02-22T11:09:51.690+05:30 DEBUG 18456 --- [UserService] [DiscoveryClient-CacheRefreshExecutor-0] [                                                 ] o.s.web.client.RestTemplate              : Response 200 OK
2026-02-22T11:09:51.692+05:30 DEBUG 18456 --- [UserService] [DiscoveryClient-CacheRefreshExecutor-0] [                                                 ] o.s.web.client.RestTemplate              : Reading to [org.springframework.cloud.netflix.eureka.http.EurekaApplications]
2026-02-22T11:10:21.486+05:30 DEBUG 18456 --- [UserService] [DiscoveryClient-HeartbeatExecutor-0] [                                                 ] o.s.web.client.RestTemplate              : HTTP PUT http://localhost:8761/eureka/apps/USERSERVICE/DESKTOP-ECRRR37.mshome.net:UserService:8081?status=UP&lastDirtyTimestamp=1771738480079
2026-02-22T11:10:21.487+05:30 DEBUG 18456 --- [UserService] [DiscoveryClient-HeartbeatExecutor-0] [                                                 ] o.s.web.client.RestTemplate              : Accept=[application/json, application/*+json]
2026-02-22T11:10:21.506+05:30 DEBUG 18456 --- [UserService] [DiscoveryClient-HeartbeatExecutor-0] [                                                 ] o.s.web.client.RestTemplate              : Response 200 OK
2026-02-22T11:10:21.716+05:30 DEBUG 18456 --- [UserService] [DiscoveryClient-CacheRefreshExecutor-0] [                                                 ] o.s.web.client.RestTemplate              : HTTP GET http://localhost:8761/eureka/apps/delta
2026-02-22T11:10:21.716+05:30 DEBUG 18456 --- [UserService] [DiscoveryClient-CacheRefreshExecutor-0] [                                                 ] o.s.web.client.RestTemplate              : Accept=[application/json, application/*+json]
2026-02-22T11:10:21.722+05:30 DEBUG 18456 --- [UserService] [DiscoveryClient-CacheRefreshExecutor-0] [                                                 ] o.s.web.client.RestTemplate              : Response 200 OK
2026-02-22T11:10:21.723+05:30 DEBUG 18456 --- [UserService] [DiscoveryClient-CacheRefreshExecutor-0] [                                                 ] o.s.web.client.RestTemplate              : Reading to [org.springframework.cloud.netflix.eureka.http.EurekaApplications]
2026-02-22T11:10:51.524+05:30 DEBUG 18456 --- [UserService] [DiscoveryClient-HeartbeatExecutor-0] [                                                 ] o.s.web.client.RestTemplate              : HTTP PUT http://localhost:8761/eureka/apps/USERSERVICE/DESKTOP-ECRRR37.mshome.net:UserService:8081?status=UP&lastDirtyTimestamp=1771738480079
2026-02-22T11:10:51.526+05:30 DEBUG 18456 --- [UserService] [DiscoveryClient-HeartbeatExecutor-0] [                                                 ] o.s.web.client.RestTemplate              : Accept=[application/json, application/*+json]
2026-02-22T11:10:51.543+05:30 DEBUG 18456 --- [UserService] [DiscoveryClient-HeartbeatExecutor-0] [                                                 ] o.s.web.client.RestTemplate              : Response 200 OK
2026-02-22T11:10:51.739+05:30 DEBUG 18456 --- [UserService] [DiscoveryClient-CacheRefreshExecutor-0] [                                                 ] o.s.web.client.RestTemplate              : HTTP GET http://localhost:8761/eureka/apps/delta
2026-02-22T11:10:51.740+05:30 DEBUG 18456 --- [UserService] [DiscoveryClient-CacheRefreshExecutor-0] [                                                 ] o.s.web.client.RestTemplate              : Accept=[application/json, application/*+json]
2026-02-22T11:10:51.747+05:30 DEBUG 18456 --- [UserService] [DiscoveryClient-CacheRefreshExecutor-0] [                                                 ] o.s.web.client.RestTemplate              : Response 200 OK
2026-02-22T11:10:51.748+05:30 DEBUG 18456 --- [UserService] [DiscoveryClient-CacheRefreshExecutor-0] [                                                 ] o.s.web.client.RestTemplate              : Reading to [org.springframework.cloud.netflix.eureka.http.EurekaApplications]
2026-02-22T11:11:21.548+05:30 DEBUG 18456 --- [UserService] [DiscoveryClient-HeartbeatExecutor-0] [                                                 ] o.s.web.client.RestTemplate              : HTTP PUT http://localhost:8761/eureka/apps/USERSERVICE/DESKTOP-ECRRR37.mshome.net:UserService:8081?status=UP&lastDirtyTimestamp=1771738480079
2026-02-22T11:11:21.549+05:30 DEBUG 18456 --- [UserService] [DiscoveryClient-HeartbeatExecutor-0] [                                                 ] o.s.web.client.RestTemplate              : Accept=[application/json, application/*+json]
2026-02-22T11:11:21.568+05:30 DEBUG 18456 --- [UserService] [DiscoveryClient-HeartbeatExecutor-0] [                                                 ] o.s.web.client.RestTemplate              : Response 200 OK
2026-02-22T11:11:21.782+05:30 DEBUG 18456 --- [UserService] [DiscoveryClient-CacheRefreshExecutor-0] [                                                 ] o.s.web.client.RestTemplate              : HTTP GET http://localhost:8761/eureka/apps/delta
2026-02-22T11:11:21.783+05:30 DEBUG 18456 --- [UserService] [DiscoveryClient-CacheRefreshExecutor-0] [                                                 ] o.s.web.client.RestTemplate              : Accept=[application/json, application/*+json]
2026-02-22T11:11:21.788+05:30 DEBUG 18456 --- [UserService] [DiscoveryClient-CacheRefreshExecutor-0] [                                                 ] o.s.web.client.RestTemplate              : Response 200 OK
2026-02-22T11:11:21.789+05:30 DEBUG 18456 --- [UserService] [DiscoveryClient-CacheRefreshExecutor-0] [                                                 ] o.s.web.client.RestTemplate              : Reading to [org.springframework.cloud.netflix.eureka.http.EurekaApplications]
2026-02-22T11:11:51.572+05:30 DEBUG 18456 --- [UserService] [DiscoveryClient-HeartbeatExecutor-0] [                                                 ] o.s.web.client.RestTemplate              : HTTP PUT http://localhost:8761/eureka/apps/USERSERVICE/DESKTOP-ECRRR37.mshome.net:UserService:8081?status=UP&lastDirtyTimestamp=1771738480079
2026-02-22T11:11:51.573+05:30 DEBUG 18456 --- [UserService] [DiscoveryClient-HeartbeatExecutor-0] [                                                 ] o.s.web.client.RestTemplate              : Accept=[application/json, application/*+json]
2026-02-22T11:11:51.663+05:30 DEBUG 18456 --- [UserService] [DiscoveryClient-HeartbeatExecutor-0] [                                                 ] o.s.web.client.RestTemplate              : Response 200 OK
2026-02-22T11:11:51.801+05:30 DEBUG 18456 --- [UserService] [DiscoveryClient-CacheRefreshExecutor-0] [                                                 ] o.s.web.client.RestTemplate              : HTTP GET http://localhost:8761/eureka/apps/delta
2026-02-22T11:11:51.801+05:30 DEBUG 18456 --- [UserService] [DiscoveryClient-CacheRefreshExecutor-0] [                                                 ] o.s.web.client.RestTemplate              : Accept=[application/json, application/*+json]
2026-02-22T11:11:51.837+05:30 DEBUG 18456 --- [UserService] [DiscoveryClient-CacheRefreshExecutor-0] [                                                 ] o.s.web.client.RestTemplate              : Response 200 OK
2026-02-22T11:11:51.850+05:30 DEBUG 18456 --- [UserService] [DiscoveryClient-CacheRefreshExecutor-0] [                                                 ] o.s.web.client.RestTemplate              : Reading to [org.springframework.cloud.netflix.eureka.http.EurekaApplications]
2026-02-22T11:12:21.760+05:30 DEBUG 18456 --- [UserService] [DiscoveryClient-HeartbeatExecutor-0] [                                                 ] o.s.web.client.RestTemplate              : HTTP PUT http://localhost:8761/eureka/apps/USERSERVICE/DESKTOP-ECRRR37.mshome.net:UserService:8081?status=UP&lastDirtyTimestamp=1771738480079
2026-02-22T11:12:22.048+05:30 DEBUG 18456 --- [UserService] [DiscoveryClient-CacheRefreshExecutor-0] [                                                 ] o.s.web.client.RestTemplate              : HTTP GET http://localhost:8761/eureka/apps/delta
2026-02-22T11:12:22.286+05:30 DEBUG 18456 --- [UserService] [DiscoveryClient-CacheRefreshExecutor-0] [                                                 ] o.s.web.client.RestTemplate              : Accept=[application/json, application/*+json]
2026-02-22T11:12:23.247+05:30 DEBUG 18456 --- [UserService] [DiscoveryClient-HeartbeatExecutor-0] [                                                 ] o.s.web.client.RestTemplate              : Accept=[application/json, application/*+json]
2026-02-22T11:12:23.247+05:30 DEBUG 18456 --- [UserService] [DiscoveryClient-CacheRefreshExecutor-0] [                                                 ] o.s.web.client.RestTemplate              : Response 200 OK
2026-02-22T11:12:23.340+05:30 DEBUG 18456 --- [UserService] [DiscoveryClient-CacheRefreshExecutor-0] [                                                 ] o.s.web.client.RestTemplate              : Reading to [org.springframework.cloud.netflix.eureka.http.EurekaApplications]
2026-02-22T11:12:23.462+05:30 DEBUG 18456 --- [UserService] [DiscoveryClient-HeartbeatExecutor-0] [                                                 ] o.s.web.client.RestTemplate              : Response 200 OK
2026-02-22T11:12:53.433+05:30 DEBUG 18456 --- [UserService] [DiscoveryClient-CacheRefreshExecutor-0] [                                                 ] o.s.web.client.RestTemplate              : HTTP GET http://localhost:8761/eureka/apps/delta
2026-02-22T11:12:53.433+05:30 DEBUG 18456 --- [UserService] [DiscoveryClient-CacheRefreshExecutor-0] [                                                 ] o.s.web.client.RestTemplate              : Accept=[application/json, application/*+json]
2026-02-22T11:12:53.451+05:30 DEBUG 18456 --- [UserService] [DiscoveryClient-CacheRefreshExecutor-0] [                                                 ] o.s.web.client.RestTemplate              : Response 200 OK
2026-02-22T11:12:53.452+05:30 DEBUG 18456 --- [UserService] [DiscoveryClient-CacheRefreshExecutor-0] [                                                 ] o.s.web.client.RestTemplate              : Reading to [org.springframework.cloud.netflix.eureka.http.EurekaApplications]
2026-02-22T11:12:53.478+05:30 DEBUG 18456 --- [UserService] [DiscoveryClient-HeartbeatExecutor-0] [                                                 ] o.s.web.client.RestTemplate              : HTTP PUT http://localhost:8761/eureka/apps/USERSERVICE/DESKTOP-ECRRR37.mshome.net:UserService:8081?status=UP&lastDirtyTimestamp=1771738480079
2026-02-22T11:12:53.478+05:30 DEBUG 18456 --- [UserService] [DiscoveryClient-HeartbeatExecutor-0] [                                                 ] o.s.web.client.RestTemplate              : Accept=[application/json, application/*+json]
2026-02-22T11:12:53.804+05:30 DEBUG 18456 --- [UserService] [DiscoveryClient-HeartbeatExecutor-0] [                                                 ] o.s.web.client.RestTemplate              : Response 200 OK
2026-02-22T11:13:23.825+05:30 DEBUG 18456 --- [UserService] [DiscoveryClient-CacheRefreshExecutor-0] [                                                 ] o.s.web.client.RestTemplate              : HTTP GET http://localhost:8761/eureka/apps/delta
2026-02-22T11:13:23.826+05:30 DEBUG 18456 --- [UserService] [DiscoveryClient-HeartbeatExecutor-0] [                                                 ] o.s.web.client.RestTemplate              : HTTP PUT http://localhost:8761/eureka/apps/USERSERVICE/DESKTOP-ECRRR37.mshome.net:UserService:8081?status=UP&lastDirtyTimestamp=1771738480079
2026-02-22T11:13:23.827+05:30 DEBUG 18456 --- [UserService] [DiscoveryClient-HeartbeatExecutor-0] [                                                 ] o.s.web.client.RestTemplate              : Accept=[application/json, application/*+json]
2026-02-22T11:13:23.827+05:30 DEBUG 18456 --- [UserService] [DiscoveryClient-CacheRefreshExecutor-0] [                                                 ] o.s.web.client.RestTemplate              : Accept=[application/json, application/*+json]
2026-02-22T11:13:23.840+05:30 DEBUG 18456 --- [UserService] [DiscoveryClient-HeartbeatExecutor-0] [                                                 ] o.s.web.client.RestTemplate              : Response 200 OK
2026-02-22T11:13:23.842+05:30 DEBUG 18456 --- [UserService] [DiscoveryClient-CacheRefreshExecutor-0] [                                                 ] o.s.web.client.RestTemplate              : Response 200 OK
2026-02-22T11:13:23.844+05:30 DEBUG 18456 --- [UserService] [DiscoveryClient-CacheRefreshExecutor-0] [                                                 ] o.s.web.client.RestTemplate              : Reading to [org.springframework.cloud.netflix.eureka.http.EurekaApplications]
2026-02-22T11:13:53.854+05:30 DEBUG 18456 --- [UserService] [DiscoveryClient-CacheRefreshExecutor-0] [                                                 ] o.s.web.client.RestTemplate              : HTTP GET http://localhost:8761/eureka/apps/delta
2026-02-22T11:13:54.079+05:30 DEBUG 18456 --- [UserService] [DiscoveryClient-CacheRefreshExecutor-0] [                                                 ] o.s.web.client.RestTemplate              : Accept=[application/json, application/*+json]
2026-02-22T11:13:54.155+05:30 DEBUG 18456 --- [UserService] [DiscoveryClient-HeartbeatExecutor-0] [                                                 ] o.s.web.client.RestTemplate              : HTTP PUT http://localhost:8761/eureka/apps/USERSERVICE/DESKTOP-ECRRR37.mshome.net:UserService:8081?status=UP&lastDirtyTimestamp=1771738480079
2026-02-22T11:13:54.266+05:30 DEBUG 18456 --- [UserService] [DiscoveryClient-HeartbeatExecutor-0] [                                                 ] o.s.web.client.RestTemplate              : Accept=[application/json, application/*+json]
2026-02-22T11:13:54.372+05:30 DEBUG 18456 --- [UserService] [DiscoveryClient-CacheRefreshExecutor-0] [                                                 ] o.s.web.client.RestTemplate              : Response 200 OK
2026-02-22T11:13:54.373+05:30 DEBUG 18456 --- [UserService] [DiscoveryClient-CacheRefreshExecutor-0] [                                                 ] o.s.web.client.RestTemplate              : Reading to [org.springframework.cloud.netflix.eureka.http.EurekaApplications]
2026-02-22T11:13:54.392+05:30 DEBUG 18456 --- [UserService] [DiscoveryClient-HeartbeatExecutor-0] [                                                 ] o.s.web.client.RestTemplate              : Response 200 OK
2026-02-22T11:14:24.553+05:30 DEBUG 18456 --- [UserService] [DiscoveryClient-HeartbeatExecutor-0] [                                                 ] o.s.web.client.RestTemplate              : HTTP PUT http://localhost:8761/eureka/apps/USERSERVICE/DESKTOP-ECRRR37.mshome.net:UserService:8081?status=UP&lastDirtyTimestamp=1771738480079
2026-02-22T11:14:24.553+05:30 DEBUG 18456 --- [UserService] [DiscoveryClient-CacheRefreshExecutor-0] [                                                 ] o.s.web.client.RestTemplate              : HTTP GET http://localhost:8761/eureka/apps/delta
2026-02-22T11:14:24.854+05:30 DEBUG 18456 --- [UserService] [DiscoveryClient-HeartbeatExecutor-0] [                                                 ] o.s.web.client.RestTemplate              : Accept=[application/json, application/*+json]
2026-02-22T11:14:24.854+05:30 DEBUG 18456 --- [UserService] [DiscoveryClient-CacheRefreshExecutor-0] [                                                 ] o.s.web.client.RestTemplate              : Accept=[application/json, application/*+json]
2026-02-22T11:14:25.271+05:30 DEBUG 18456 --- [UserService] [DiscoveryClient-HeartbeatExecutor-0] [                                                 ] o.s.web.client.RestTemplate              : Response 200 OK
2026-02-22T11:14:25.559+05:30 DEBUG 18456 --- [UserService] [DiscoveryClient-CacheRefreshExecutor-0] [                                                 ] o.s.web.client.RestTemplate              : Response 200 OK
2026-02-22T11:14:27.145+05:30 DEBUG 18456 --- [UserService] [DiscoveryClient-CacheRefreshExecutor-0] [                                                 ] o.s.web.client.RestTemplate              : Reading to [org.springframework.cloud.netflix.eureka.http.EurekaApplications]
2026-02-22T11:14:39.517+05:30  INFO 18456 --- [UserService] [AsyncResolver-bootstrap-executor-0] [                                                 ] c.n.d.s.r.aws.ConfigClusterResolver      : Resolving eureka endpoints via configuration
2026-02-22T11:14:55.409+05:30 DEBUG 18456 --- [UserService] [DiscoveryClient-HeartbeatExecutor-0] [                                                 ] o.s.web.client.RestTemplate              : HTTP PUT http://localhost:8761/eureka/apps/USERSERVICE/DESKTOP-ECRRR37.mshome.net:UserService:8081?status=UP&lastDirtyTimestamp=1771738480079
2026-02-22T11:14:55.414+05:30 DEBUG 18456 --- [UserService] [DiscoveryClient-HeartbeatExecutor-0] [                                                 ] o.s.web.client.RestTemplate              : Accept=[application/json, application/*+json]
2026-02-22T11:14:55.434+05:30 DEBUG 18456 --- [UserService] [DiscoveryClient-HeartbeatExecutor-0] [                                                 ] o.s.web.client.RestTemplate              : Response 200 OK
2026-02-22T11:14:57.500+05:30 DEBUG 18456 --- [UserService] [DiscoveryClient-CacheRefreshExecutor-0] [                                                 ] o.s.web.client.RestTemplate              : HTTP GET http://localhost:8761/eureka/apps/delta
2026-02-22T11:14:57.502+05:30 DEBUG 18456 --- [UserService] [DiscoveryClient-CacheRefreshExecutor-0] [                                                 ] o.s.web.client.RestTemplate              : Accept=[application/json, application/*+json]
2026-02-22T11:14:57.519+05:30 DEBUG 18456 --- [UserService] [DiscoveryClient-CacheRefreshExecutor-0] [                                                 ] o.s.web.client.RestTemplate              : Response 200 OK
2026-02-22T11:14:57.522+05:30 DEBUG 18456 --- [UserService] [DiscoveryClient-CacheRefreshExecutor-0] [                                                 ] o.s.web.client.RestTemplate              : Reading to [org.springframework.cloud.netflix.eureka.http.EurekaApplications]
2026-02-22T11:15:05.800+05:30  INFO 18456 --- [UserService] [http-nio-8081-exec-4] [                                                 ] o.a.c.c.C.[Tomcat].[localhost].[/]       : Initializing Spring DispatcherServlet 'dispatcherServlet'
2026-02-22T11:15:05.804+05:30  INFO 18456 --- [UserService] [http-nio-8081-exec-4] [                                                 ] o.s.web.servlet.DispatcherServlet        : Initializing Servlet 'dispatcherServlet'
2026-02-22T11:15:06.008+05:30  INFO 18456 --- [UserService] [http-nio-8081-exec-4] [                                                 ] o.s.web.servlet.DispatcherServlet        : Completed initialization in 202 ms
2026-02-22T11:15:09.217+05:30 DEBUG 18456 --- [UserService] [AsyncReporter{org.springframework.boot.actuate.autoconfigure.tracing.zipkin.ZipkinRestTemplateSender@5ac0cb9b}] [                                                 ] o.s.web.client.RestTemplate              : HTTP POST http://localhost:9411/api/v2/spans
2026-02-22T11:15:09.229+05:30 DEBUG 18456 --- [UserService] [AsyncReporter{org.springframework.boot.actuate.autoconfigure.tracing.zipkin.ZipkinRestTemplateSender@5ac0cb9b}] [                                                 ] o.s.web.client.RestTemplate              : Accept=[application/json, application/*+json]
2026-02-22T11:15:09.232+05:30 DEBUG 18456 --- [UserService] [AsyncReporter{org.springframework.boot.actuate.autoconfigure.tracing.zipkin.ZipkinRestTemplateSender@5ac0cb9b}] [                                                 ] o.s.web.client.RestTemplate              : Writing [[B@494529bc] as "application/json"
2026-02-22T11:15:09.319+05:30 DEBUG 18456 --- [UserService] [AsyncReporter{org.springframework.boot.actuate.autoconfigure.tracing.zipkin.ZipkinRestTemplateSender@5ac0cb9b}] [                                                 ] o.s.web.client.RestTemplate              : Response 202 ACCEPTED
2026-02-22T11:15:25.447+05:30 DEBUG 18456 --- [UserService] [DiscoveryClient-HeartbeatExecutor-0] [                                                 ] o.s.web.client.RestTemplate              : HTTP PUT http://localhost:8761/eureka/apps/USERSERVICE/DESKTOP-ECRRR37.mshome.net:UserService:8081?status=UP&lastDirtyTimestamp=1771738480079
2026-02-22T11:15:25.625+05:30 DEBUG 18456 --- [UserService] [DiscoveryClient-HeartbeatExecutor-0] [                                                 ] o.s.web.client.RestTemplate              : Accept=[application/json, application/*+json]
2026-02-22T11:15:26.028+05:30 DEBUG 18456 --- [UserService] [DiscoveryClient-HeartbeatExecutor-0] [                                                 ] o.s.web.client.RestTemplate              : Response 200 OK
2026-02-22T11:15:27.527+05:30 DEBUG 18456 --- [UserService] [DiscoveryClient-CacheRefreshExecutor-0] [                                                 ] o.s.web.client.RestTemplate              : HTTP GET http://localhost:8761/eureka/apps/delta
2026-02-22T11:15:27.527+05:30 DEBUG 18456 --- [UserService] [DiscoveryClient-CacheRefreshExecutor-0] [                                                 ] o.s.web.client.RestTemplate              : Accept=[application/json, application/*+json]
2026-02-22T11:15:27.531+05:30 DEBUG 18456 --- [UserService] [DiscoveryClient-CacheRefreshExecutor-0] [                                                 ] o.s.web.client.RestTemplate              : Response 200 OK
2026-02-22T11:15:27.532+05:30 DEBUG 18456 --- [UserService] [DiscoveryClient-CacheRefreshExecutor-0] [                                                 ] o.s.web.client.RestTemplate              : Reading to [org.springframework.cloud.netflix.eureka.http.EurekaApplications]
2026-02-22T11:15:34.572+05:30 DEBUG 18456 --- [UserService] [AsyncReporter{org.springframework.boot.actuate.autoconfigure.tracing.zipkin.ZipkinRestTemplateSender@5ac0cb9b}] [                                                 ] o.s.web.client.RestTemplate              : HTTP POST http://localhost:9411/api/v2/spans
2026-02-22T11:15:34.575+05:30 DEBUG 18456 --- [UserService] [AsyncReporter{org.springframework.boot.actuate.autoconfigure.tracing.zipkin.ZipkinRestTemplateSender@5ac0cb9b}] [                                                 ] o.s.web.client.RestTemplate              : Accept=[application/json, application/*+json]
2026-02-22T11:15:34.576+05:30 DEBUG 18456 --- [UserService] [AsyncReporter{org.springframework.boot.actuate.autoconfigure.tracing.zipkin.ZipkinRestTemplateSender@5ac0cb9b}] [                                                 ] o.s.web.client.RestTemplate              : Writing [[B@6e2579c0] as "application/json"
2026-02-22T11:15:34.618+05:30 DEBUG 18456 --- [UserService] [AsyncReporter{org.springframework.boot.actuate.autoconfigure.tracing.zipkin.ZipkinRestTemplateSender@5ac0cb9b}] [                                                 ] o.s.web.client.RestTemplate              : Response 202 ACCEPTED
2026-02-22T11:15:43.699+05:30 DEBUG 18456 --- [UserService] [AsyncReporter{org.springframework.boot.actuate.autoconfigure.tracing.zipkin.ZipkinRestTemplateSender@5ac0cb9b}] [                                                 ] o.s.web.client.RestTemplate              : HTTP POST http://localhost:9411/api/v2/spans
2026-02-22T11:15:43.700+05:30 DEBUG 18456 --- [UserService] [AsyncReporter{org.springframework.boot.actuate.autoconfigure.tracing.zipkin.ZipkinRestTemplateSender@5ac0cb9b}] [                                                 ] o.s.web.client.RestTemplate              : Accept=[application/json, application/*+json]
2026-02-22T11:15:43.701+05:30 DEBUG 18456 --- [UserService] [AsyncReporter{org.springframework.boot.actuate.autoconfigure.tracing.zipkin.ZipkinRestTemplateSender@5ac0cb9b}] [                                                 ] o.s.web.client.RestTemplate              : Writing [[B@15fbdfa0] as "application/json"
2026-02-22T11:15:43.724+05:30 DEBUG 18456 --- [UserService] [AsyncReporter{org.springframework.boot.actuate.autoconfigure.tracing.zipkin.ZipkinRestTemplateSender@5ac0cb9b}] [                                                 ] o.s.web.client.RestTemplate              : Response 202 ACCEPTED
2026-02-22T11:15:51.784+05:30 DEBUG 18456 --- [UserService] [AsyncReporter{org.springframework.boot.actuate.autoconfigure.tracing.zipkin.ZipkinRestTemplateSender@5ac0cb9b}] [                                                 ] o.s.web.client.RestTemplate              : HTTP POST http://localhost:9411/api/v2/spans
2026-02-22T11:15:51.784+05:30 DEBUG 18456 --- [UserService] [AsyncReporter{org.springframework.boot.actuate.autoconfigure.tracing.zipkin.ZipkinRestTemplateSender@5ac0cb9b}] [                                                 ] o.s.web.client.RestTemplate              : Accept=[application/json, application/*+json]
2026-02-22T11:15:51.786+05:30 DEBUG 18456 --- [UserService] [AsyncReporter{org.springframework.boot.actuate.autoconfigure.tracing.zipkin.ZipkinRestTemplateSender@5ac0cb9b}] [                                                 ] o.s.web.client.RestTemplate              : Writing [[B@3958c0b6] as "application/json"
2026-02-22T11:15:51.807+05:30 DEBUG 18456 --- [UserService] [AsyncReporter{org.springframework.boot.actuate.autoconfigure.tracing.zipkin.ZipkinRestTemplateSender@5ac0cb9b}] [                                                 ] o.s.web.client.RestTemplate              : Response 202 ACCEPTED
2026-02-22T11:15:56.036+05:30 DEBUG 18456 --- [UserService] [DiscoveryClient-HeartbeatExecutor-0] [                                                 ] o.s.web.client.RestTemplate              : HTTP PUT http://localhost:8761/eureka/apps/USERSERVICE/DESKTOP-ECRRR37.mshome.net:UserService:8081?status=UP&lastDirtyTimestamp=1771738480079
2026-02-22T11:15:56.038+05:30 DEBUG 18456 --- [UserService] [DiscoveryClient-HeartbeatExecutor-0] [                                                 ] o.s.web.client.RestTemplate              : Accept=[application/json, application/*+json]
2026-02-22T11:15:56.060+05:30 DEBUG 18456 --- [UserService] [DiscoveryClient-HeartbeatExecutor-0] [                                                 ] o.s.web.client.RestTemplate              : Response 200 OK
2026-02-22T11:15:57.536+05:30 DEBUG 18456 --- [UserService] [DiscoveryClient-CacheRefreshExecutor-0] [                                                 ] o.s.web.client.RestTemplate              : HTTP GET http://localhost:8761/eureka/apps/delta
2026-02-22T11:15:57.537+05:30 DEBUG 18456 --- [UserService] [DiscoveryClient-CacheRefreshExecutor-0] [                                                 ] o.s.web.client.RestTemplate              : Accept=[application/json, application/*+json]
2026-02-22T11:15:57.540+05:30 DEBUG 18456 --- [UserService] [DiscoveryClient-CacheRefreshExecutor-0] [                                                 ] o.s.web.client.RestTemplate              : Response 200 OK
2026-02-22T11:15:57.541+05:30 DEBUG 18456 --- [UserService] [DiscoveryClient-CacheRefreshExecutor-0] [                                                 ] o.s.web.client.RestTemplate              : Reading to [org.springframework.cloud.netflix.eureka.http.EurekaApplications]
2026-02-22T11:16:26.076+05:30 DEBUG 18456 --- [UserService] [DiscoveryClient-HeartbeatExecutor-0] [                                                 ] o.s.web.client.RestTemplate              : HTTP PUT http://localhost:8761/eureka/apps/USERSERVICE/DESKTOP-ECRRR37.mshome.net:UserService:8081?status=UP&lastDirtyTimestamp=1771738480079
2026-02-22T11:16:26.078+05:30 DEBUG 18456 --- [UserService] [DiscoveryClient-HeartbeatExecutor-0] [                                                 ] o.s.web.client.RestTemplate              : Accept=[application/json, application/*+json]
2026-02-22T11:16:26.095+05:30 DEBUG 18456 --- [UserService] [DiscoveryClient-HeartbeatExecutor-0] [                                                 ] o.s.web.client.RestTemplate              : Response 200 OK
2026-02-22T11:16:27.558+05:30 DEBUG 18456 --- [UserService] [DiscoveryClient-CacheRefreshExecutor-0] [                                                 ] o.s.web.client.RestTemplate              : HTTP GET http://localhost:8761/eureka/apps/delta
2026-02-22T11:16:27.558+05:30 DEBUG 18456 --- [UserService] [DiscoveryClient-CacheRefreshExecutor-0] [                                                 ] o.s.web.client.RestTemplate              : Accept=[application/json, application/*+json]
2026-02-22T11:16:27.563+05:30 DEBUG 18456 --- [UserService] [DiscoveryClient-CacheRefreshExecutor-0] [                                                 ] o.s.web.client.RestTemplate              : Response 200 OK
2026-02-22T11:16:27.563+05:30 DEBUG 18456 --- [UserService] [DiscoveryClient-CacheRefreshExecutor-0] [                                                 ] o.s.web.client.RestTemplate              : Reading to [org.springframework.cloud.netflix.eureka.http.EurekaApplications]
2026-02-22T11:16:56.098+05:30 DEBUG 18456 --- [UserService] [DiscoveryClient-HeartbeatExecutor-0] [                                                 ] o.s.web.client.RestTemplate              : HTTP PUT http://localhost:8761/eureka/apps/USERSERVICE/DESKTOP-ECRRR37.mshome.net:UserService:8081?status=UP&lastDirtyTimestamp=1771738480079
2026-02-22T11:16:56.099+05:30 DEBUG 18456 --- [UserService] [DiscoveryClient-HeartbeatExecutor-0] [                                                 ] o.s.web.client.RestTemplate              : Accept=[application/json, application/*+json]
2026-02-22T11:16:56.119+05:30 DEBUG 18456 --- [UserService] [DiscoveryClient-HeartbeatExecutor-0] [                                                 ] o.s.web.client.RestTemplate              : Response 200 OK
2026-02-22T11:16:56.375+05:30 DEBUG 18456 --- [UserService] [AsyncReporter{org.springframework.boot.actuate.autoconfigure.tracing.zipkin.ZipkinRestTemplateSender@5ac0cb9b}] [                                                 ] o.s.web.client.RestTemplate              : HTTP POST http://localhost:9411/api/v2/spans
2026-02-22T11:16:56.376+05:30 DEBUG 18456 --- [UserService] [AsyncReporter{org.springframework.boot.actuate.autoconfigure.tracing.zipkin.ZipkinRestTemplateSender@5ac0cb9b}] [                                                 ] o.s.web.client.RestTemplate              : Accept=[application/json, application/*+json]
2026-02-22T11:16:56.376+05:30 DEBUG 18456 --- [UserService] [AsyncReporter{org.springframework.boot.actuate.autoconfigure.tracing.zipkin.ZipkinRestTemplateSender@5ac0cb9b}] [                                                 ] o.s.web.client.RestTemplate              : Writing [[B@4720b7d0] as "application/json"
2026-02-22T11:16:56.396+05:30 DEBUG 18456 --- [UserService] [AsyncReporter{org.springframework.boot.actuate.autoconfigure.tracing.zipkin.ZipkinRestTemplateSender@5ac0cb9b}] [                                                 ] o.s.web.client.RestTemplate              : Response 202 ACCEPTED
2026-02-22T11:16:57.581+05:30 DEBUG 18456 --- [UserService] [DiscoveryClient-CacheRefreshExecutor-0] [                                                 ] o.s.web.client.RestTemplate              : HTTP GET http://localhost:8761/eureka/apps/delta
2026-02-22T11:16:57.581+05:30 DEBUG 18456 --- [UserService] [DiscoveryClient-CacheRefreshExecutor-0] [                                                 ] o.s.web.client.RestTemplate              : Accept=[application/json, application/*+json]
2026-02-22T11:16:57.584+05:30 DEBUG 18456 --- [UserService] [DiscoveryClient-CacheRefreshExecutor-0] [                                                 ] o.s.web.client.RestTemplate              : Response 200 OK
2026-02-22T11:16:57.586+05:30 DEBUG 18456 --- [UserService] [DiscoveryClient-CacheRefreshExecutor-0] [                                                 ] o.s.web.client.RestTemplate              : Reading to [org.springframework.cloud.netflix.eureka.http.EurekaApplications]
2026-02-22T11:17:03.485+05:30 DEBUG 18456 --- [UserService] [AsyncReporter{org.springframework.boot.actuate.autoconfigure.tracing.zipkin.ZipkinRestTemplateSender@5ac0cb9b}] [                                                 ] o.s.web.client.RestTemplate              : HTTP POST http://localhost:9411/api/v2/spans
2026-02-22T11:17:03.488+05:30 DEBUG 18456 --- [UserService] [AsyncReporter{org.springframework.boot.actuate.autoconfigure.tracing.zipkin.ZipkinRestTemplateSender@5ac0cb9b}] [                                                 ] o.s.web.client.RestTemplate              : Accept=[application/json, application/*+json]
2026-02-22T11:17:03.488+05:30 DEBUG 18456 --- [UserService] [AsyncReporter{org.springframework.boot.actuate.autoconfigure.tracing.zipkin.ZipkinRestTemplateSender@5ac0cb9b}] [                                                 ] o.s.web.client.RestTemplate              : Writing [[B@28e2d8d] as "application/json"
2026-02-22T11:17:03.514+05:30 DEBUG 18456 --- [UserService] [AsyncReporter{org.springframework.boot.actuate.autoconfigure.tracing.zipkin.ZipkinRestTemplateSender@5ac0cb9b}] [                                                 ] o.s.web.client.RestTemplate              : Response 202 ACCEPTED
2026-02-22T11:17:10.621+05:30 DEBUG 18456 --- [UserService] [AsyncReporter{org.springframework.boot.actuate.autoconfigure.tracing.zipkin.ZipkinRestTemplateSender@5ac0cb9b}] [                                                 ] o.s.web.client.RestTemplate              : HTTP POST http://localhost:9411/api/v2/spans
2026-02-22T11:17:10.624+05:30 DEBUG 18456 --- [UserService] [AsyncReporter{org.springframework.boot.actuate.autoconfigure.tracing.zipkin.ZipkinRestTemplateSender@5ac0cb9b}] [                                                 ] o.s.web.client.RestTemplate              : Accept=[application/json, application/*+json]
2026-02-22T11:17:10.624+05:30 DEBUG 18456 --- [UserService] [AsyncReporter{org.springframework.boot.actuate.autoconfigure.tracing.zipkin.ZipkinRestTemplateSender@5ac0cb9b}] [                                                 ] o.s.web.client.RestTemplate              : Writing [[B@4943f4a3] as "application/json"
2026-02-22T11:17:10.643+05:30 DEBUG 18456 --- [UserService] [AsyncReporter{org.springframework.boot.actuate.autoconfigure.tracing.zipkin.ZipkinRestTemplateSender@5ac0cb9b}] [                                                 ] o.s.web.client.RestTemplate              : Response 202 ACCEPTED
2026-02-22T11:17:17.704+05:30 DEBUG 18456 --- [UserService] [AsyncReporter{org.springframework.boot.actuate.autoconfigure.tracing.zipkin.ZipkinRestTemplateSender@5ac0cb9b}] [                                                 ] o.s.web.client.RestTemplate              : HTTP POST http://localhost:9411/api/v2/spans
2026-02-22T11:17:17.706+05:30 DEBUG 18456 --- [UserService] [AsyncReporter{org.springframework.boot.actuate.autoconfigure.tracing.zipkin.ZipkinRestTemplateSender@5ac0cb9b}] [                                                 ] o.s.web.client.RestTemplate              : Accept=[application/json, application/*+json]
2026-02-22T11:17:17.706+05:30 DEBUG 18456 --- [UserService] [AsyncReporter{org.springframework.boot.actuate.autoconfigure.tracing.zipkin.ZipkinRestTemplateSender@5ac0cb9b}] [                                                 ] o.s.web.client.RestTemplate              : Writing [[B@3661c04d] as "application/json"
2026-02-22T11:17:17.730+05:30 DEBUG 18456 --- [UserService] [AsyncReporter{org.springframework.boot.actuate.autoconfigure.tracing.zipkin.ZipkinRestTemplateSender@5ac0cb9b}] [                                                 ] o.s.web.client.RestTemplate              : Response 202 ACCEPTED
2026-02-22T11:17:24.786+05:30 DEBUG 18456 --- [UserService] [AsyncReporter{org.springframework.boot.actuate.autoconfigure.tracing.zipkin.ZipkinRestTemplateSender@5ac0cb9b}] [                                                 ] o.s.web.client.RestTemplate              : HTTP POST http://localhost:9411/api/v2/spans
2026-02-22T11:17:24.787+05:30 DEBUG 18456 --- [UserService] [AsyncReporter{org.springframework.boot.actuate.autoconfigure.tracing.zipkin.ZipkinRestTemplateSender@5ac0cb9b}] [                                                 ] o.s.web.client.RestTemplate              : Accept=[application/json, application/*+json]
2026-02-22T11:17:24.788+05:30 DEBUG 18456 --- [UserService] [AsyncReporter{org.springframework.boot.actuate.autoconfigure.tracing.zipkin.ZipkinRestTemplateSender@5ac0cb9b}] [                                                 ] o.s.web.client.RestTemplate              : Writing [[B@74bd7f66] as "application/json"
2026-02-22T11:17:24.815+05:30 DEBUG 18456 --- [UserService] [AsyncReporter{org.springframework.boot.actuate.autoconfigure.tracing.zipkin.ZipkinRestTemplateSender@5ac0cb9b}] [                                                 ] o.s.web.client.RestTemplate              : Response 202 ACCEPTED
2026-02-22T11:17:26.130+05:30 DEBUG 18456 --- [UserService] [DiscoveryClient-HeartbeatExecutor-0] [                                                 ] o.s.web.client.RestTemplate              : HTTP PUT http://localhost:8761/eureka/apps/USERSERVICE/DESKTOP-ECRRR37.mshome.net:UserService:8081?status=UP&lastDirtyTimestamp=1771738480079
2026-02-22T11:17:26.132+05:30 DEBUG 18456 --- [UserService] [DiscoveryClient-HeartbeatExecutor-0] [                                                 ] o.s.web.client.RestTemplate              : Accept=[application/json, application/*+json]
2026-02-22T11:17:26.151+05:30 DEBUG 18456 --- [UserService] [DiscoveryClient-HeartbeatExecutor-0] [                                                 ] o.s.web.client.RestTemplate              : Response 200 OK
2026-02-22T11:17:27.595+05:30 DEBUG 18456 --- [UserService] [DiscoveryClient-CacheRefreshExecutor-0] [                                                 ] o.s.web.client.RestTemplate              : HTTP GET http://localhost:8761/eureka/apps/delta
2026-02-22T11:17:27.596+05:30 DEBUG 18456 --- [UserService] [DiscoveryClient-CacheRefreshExecutor-0] [                                                 ] o.s.web.client.RestTemplate              : Accept=[application/json, application/*+json]
2026-02-22T11:17:27.606+05:30 DEBUG 18456 --- [UserService] [DiscoveryClient-CacheRefreshExecutor-0] [                                                 ] o.s.web.client.RestTemplate              : Response 200 OK
2026-02-22T11:17:27.608+05:30 DEBUG 18456 --- [UserService] [DiscoveryClient-CacheRefreshExecutor-0] [                                                 ] o.s.web.client.RestTemplate              : Reading to [org.springframework.cloud.netflix.eureka.http.EurekaApplications]
2026-02-22T11:17:56.157+05:30 DEBUG 18456 --- [UserService] [DiscoveryClient-HeartbeatExecutor-0] [                                                 ] o.s.web.client.RestTemplate              : HTTP PUT http://localhost:8761/eureka/apps/USERSERVICE/DESKTOP-ECRRR37.mshome.net:UserService:8081?status=UP&lastDirtyTimestamp=1771738480079
2026-02-22T11:17:56.158+05:30 DEBUG 18456 --- [UserService] [DiscoveryClient-HeartbeatExecutor-0] [                                                 ] o.s.web.client.RestTemplate              : Accept=[application/json, application/*+json]
2026-02-22T11:17:56.191+05:30 DEBUG 18456 --- [UserService] [DiscoveryClient-HeartbeatExecutor-0] [                                                 ] o.s.web.client.RestTemplate              : Response 200 OK
2026-02-22T11:17:57.624+05:30 DEBUG 18456 --- [UserService] [DiscoveryClient-CacheRefreshExecutor-0] [                                                 ] o.s.web.client.RestTemplate              : HTTP GET http://localhost:8761/eureka/apps/delta
2026-02-22T11:17:57.624+05:30 DEBUG 18456 --- [UserService] [DiscoveryClient-CacheRefreshExecutor-0] [                                                 ] o.s.web.client.RestTemplate              : Accept=[application/json, application/*+json]
2026-02-22T11:17:57.756+05:30 DEBUG 18456 --- [UserService] [DiscoveryClient-CacheRefreshExecutor-0] [                                                 ] o.s.web.client.RestTemplate              : Response 200 OK
2026-02-22T11:17:57.757+05:30 DEBUG 18456 --- [UserService] [DiscoveryClient-CacheRefreshExecutor-0] [                                                 ] o.s.web.client.RestTemplate              : Reading to [org.springframework.cloud.netflix.eureka.http.EurekaApplications]
2026-02-22T11:18:26.196+05:30 DEBUG 18456 --- [UserService] [DiscoveryClient-HeartbeatExecutor-0] [                                                 ] o.s.web.client.RestTemplate              : HTTP PUT http://localhost:8761/eureka/apps/USERSERVICE/DESKTOP-ECRRR37.mshome.net:UserService:8081?status=UP&lastDirtyTimestamp=1771738480079
2026-02-22T11:18:26.198+05:30 DEBUG 18456 --- [UserService] [DiscoveryClient-HeartbeatExecutor-0] [                                                 ] o.s.web.client.RestTemplate              : Accept=[application/json, application/*+json]
2026-02-22T11:18:26.215+05:30 DEBUG 18456 --- [UserService] [DiscoveryClient-HeartbeatExecutor-0] [                                                 ] o.s.web.client.RestTemplate              : Response 200 OK
2026-02-22T11:18:27.864+05:30 DEBUG 18456 --- [UserService] [DiscoveryClient-CacheRefreshExecutor-0] [                                                 ] o.s.web.client.RestTemplate              : HTTP GET http://localhost:8761/eureka/apps/delta
2026-02-22T11:18:27.864+05:30 DEBUG 18456 --- [UserService] [DiscoveryClient-CacheRefreshExecutor-0] [                                                 ] o.s.web.client.RestTemplate              : Accept=[application/json, application/*+json]
2026-02-22T11:18:27.874+05:30 DEBUG 18456 --- [UserService] [DiscoveryClient-CacheRefreshExecutor-0] [                                                 ] o.s.web.client.RestTemplate              : Response 200 OK
2026-02-22T11:18:27.879+05:30 DEBUG 18456 --- [UserService] [DiscoveryClient-CacheRefreshExecutor-0] [                                                 ] o.s.web.client.RestTemplate              : Reading to [org.springframework.cloud.netflix.eureka.http.EurekaApplications]
2026-02-22T11:18:56.228+05:30 DEBUG 18456 --- [UserService] [DiscoveryClient-HeartbeatExecutor-0] [                                                 ] o.s.web.client.RestTemplate              : HTTP PUT http://localhost:8761/eureka/apps/USERSERVICE/DESKTOP-ECRRR37.mshome.net:UserService:8081?status=UP&lastDirtyTimestamp=1771738480079
2026-02-22T11:18:56.229+05:30 DEBUG 18456 --- [UserService] [DiscoveryClient-HeartbeatExecutor-0] [                                                 ] o.s.web.client.RestTemplate              : Accept=[application/json, application/*+json]
2026-02-22T11:18:56.243+05:30 DEBUG 18456 --- [UserService] [DiscoveryClient-HeartbeatExecutor-0] [                                                 ] o.s.web.client.RestTemplate              : Response 200 OK
2026-02-22T11:18:57.896+05:30 DEBUG 18456 --- [UserService] [DiscoveryClient-CacheRefreshExecutor-0] [                                                 ] o.s.web.client.RestTemplate              : HTTP GET http://localhost:8761/eureka/apps/delta
2026-02-22T11:18:57.901+05:30 DEBUG 18456 --- [UserService] [DiscoveryClient-CacheRefreshExecutor-0] [                                                 ] o.s.web.client.RestTemplate              : Accept=[application/json, application/*+json]
2026-02-22T11:18:57.911+05:30 DEBUG 18456 --- [UserService] [DiscoveryClient-CacheRefreshExecutor-0] [                                                 ] o.s.web.client.RestTemplate              : Response 200 OK
2026-02-22T11:18:57.912+05:30 DEBUG 18456 --- [UserService] [DiscoveryClient-CacheRefreshExecutor-0] [                                                 ] o.s.web.client.RestTemplate              : Reading to [org.springframework.cloud.netflix.eureka.http.EurekaApplications]
2026-02-22T11:19:26.259+05:30 DEBUG 18456 --- [UserService] [DiscoveryClient-HeartbeatExecutor-0] [                                                 ] o.s.web.client.RestTemplate              : HTTP PUT http://localhost:8761/eureka/apps/USERSERVICE/DESKTOP-ECRRR37.mshome.net:UserService:8081?status=UP&lastDirtyTimestamp=1771738480079
2026-02-22T11:19:26.260+05:30 DEBUG 18456 --- [UserService] [DiscoveryClient-HeartbeatExecutor-0] [                                                 ] o.s.web.client.RestTemplate              : Accept=[application/json, application/*+json]
2026-02-22T11:19:26.276+05:30 DEBUG 18456 --- [UserService] [DiscoveryClient-HeartbeatExecutor-0] [                                                 ] o.s.web.client.RestTemplate              : Response 200 OK
2026-02-22T11:19:27.936+05:30 DEBUG 18456 --- [UserService] [DiscoveryClient-CacheRefreshExecutor-0] [                                                 ] o.s.web.client.RestTemplate              : HTTP GET http://localhost:8761/eureka/apps/delta
2026-02-22T11:19:27.938+05:30 DEBUG 18456 --- [UserService] [DiscoveryClient-CacheRefreshExecutor-0] [                                                 ] o.s.web.client.RestTemplate              : Accept=[application/json, application/*+json]
2026-02-22T11:19:27.946+05:30 DEBUG 18456 --- [UserService] [DiscoveryClient-CacheRefreshExecutor-0] [                                                 ] o.s.web.client.RestTemplate              : Response 200 OK
2026-02-22T11:19:27.948+05:30 DEBUG 18456 --- [UserService] [DiscoveryClient-CacheRefreshExecutor-0] [                                                 ] o.s.web.client.RestTemplate              : Reading to [org.springframework.cloud.netflix.eureka.http.EurekaApplications]
2026-02-22T11:19:39.550+05:30  INFO 18456 --- [UserService] [AsyncResolver-bootstrap-executor-0] [                                                 ] c.n.d.s.r.aws.ConfigClusterResolver      : Resolving eureka endpoints via configuration
2026-02-22T11:19:56.293+05:30 DEBUG 18456 --- [UserService] [DiscoveryClient-HeartbeatExecutor-0] [                                                 ] o.s.web.client.RestTemplate              : HTTP PUT http://localhost:8761/eureka/apps/USERSERVICE/DESKTOP-ECRRR37.mshome.net:UserService:8081?status=UP&lastDirtyTimestamp=1771738480079
2026-02-22T11:19:56.294+05:30 DEBUG 18456 --- [UserService] [DiscoveryClient-HeartbeatExecutor-0] [                                                 ] o.s.web.client.RestTemplate              : Accept=[application/json, application/*+json]
2026-02-22T11:19:56.322+05:30 DEBUG 18456 --- [UserService] [DiscoveryClient-HeartbeatExecutor-0] [                                                 ] o.s.web.client.RestTemplate              : Response 200 OK
2026-02-22T11:20:03.932+05:30 DEBUG 18456 --- [UserService] [DiscoveryClient-CacheRefreshExecutor-0] [                                                 ] o.s.web.client.RestTemplate              : HTTP GET http://localhost:8761/eureka/apps/delta
2026-02-22T11:20:04.215+05:30 DEBUG 18456 --- [UserService] [DiscoveryClient-CacheRefreshExecutor-0] [                                                 ] o.s.web.client.RestTemplate              : Accept=[application/json, application/*+json]
2026-02-22T11:20:04.234+05:30 DEBUG 18456 --- [UserService] [DiscoveryClient-CacheRefreshExecutor-0] [                                                 ] o.s.web.client.RestTemplate              : Response 200 OK
2026-02-22T11:20:04.236+05:30 DEBUG 18456 --- [UserService] [DiscoveryClient-CacheRefreshExecutor-0] [                                                 ] o.s.web.client.RestTemplate              : Reading to [org.springframework.cloud.netflix.eureka.http.EurekaApplications]
2026-02-22T11:20:26.336+05:30 DEBUG 18456 --- [UserService] [DiscoveryClient-HeartbeatExecutor-0] [                                                 ] o.s.web.client.RestTemplate              : HTTP PUT http://localhost:8761/eureka/apps/USERSERVICE/DESKTOP-ECRRR37.mshome.net:UserService:8081?status=UP&lastDirtyTimestamp=1771738480079
2026-02-22T11:20:26.338+05:30 DEBUG 18456 --- [UserService] [DiscoveryClient-HeartbeatExecutor-0] [                                                 ] o.s.web.client.RestTemplate              : Accept=[application/json, application/*+json]
2026-02-22T11:20:26.352+05:30 DEBUG 18456 --- [UserService] [DiscoveryClient-HeartbeatExecutor-0] [                                                 ] o.s.web.client.RestTemplate              : Response 200 OK
2026-02-22T11:20:34.251+05:30 DEBUG 18456 --- [UserService] [DiscoveryClient-CacheRefreshExecutor-0] [                                                 ] o.s.web.client.RestTemplate              : HTTP GET http://localhost:8761/eureka/apps/delta
2026-02-22T11:20:34.251+05:30 DEBUG 18456 --- [UserService] [DiscoveryClient-CacheRefreshExecutor-0] [                                                 ] o.s.web.client.RestTemplate              : Accept=[application/json, application/*+json]
2026-02-22T11:20:34.269+05:30 DEBUG 18456 --- [UserService] [DiscoveryClient-CacheRefreshExecutor-0] [                                                 ] o.s.web.client.RestTemplate              : Response 200 OK
2026-02-22T11:20:34.269+05:30 DEBUG 18456 --- [UserService] [DiscoveryClient-CacheRefreshExecutor-0] [                                                 ] o.s.web.client.RestTemplate              : Reading to [org.springframework.cloud.netflix.eureka.http.EurekaApplications]
2026-02-22T11:20:56.364+05:30 DEBUG 18456 --- [UserService] [DiscoveryClient-HeartbeatExecutor-0] [                                                 ] o.s.web.client.RestTemplate              : HTTP PUT http://localhost:8761/eureka/apps/USERSERVICE/DESKTOP-ECRRR37.mshome.net:UserService:8081?status=UP&lastDirtyTimestamp=1771738480079
2026-02-22T11:20:56.364+05:30 DEBUG 18456 --- [UserService] [DiscoveryClient-HeartbeatExecutor-0] [                                                 ] o.s.web.client.RestTemplate              : Accept=[application/json, application/*+json]
2026-02-22T11:20:56.391+05:30 DEBUG 18456 --- [UserService] [DiscoveryClient-HeartbeatExecutor-0] [                                                 ] o.s.web.client.RestTemplate              : Response 200 OK
2026-02-22T11:21:04.281+05:30 DEBUG 18456 --- [UserService] [DiscoveryClient-CacheRefreshExecutor-0] [                                                 ] o.s.web.client.RestTemplate              : HTTP GET http://localhost:8761/eureka/apps/delta
2026-02-22T11:21:04.282+05:30 DEBUG 18456 --- [UserService] [DiscoveryClient-CacheRefreshExecutor-0] [                                                 ] o.s.web.client.RestTemplate              : Accept=[application/json, application/*+json]
2026-02-22T11:21:04.299+05:30 DEBUG 18456 --- [UserService] [DiscoveryClient-CacheRefreshExecutor-0] [                                                 ] o.s.web.client.RestTemplate              : Response 200 OK
2026-02-22T11:21:04.300+05:30 DEBUG 18456 --- [UserService] [DiscoveryClient-CacheRefreshExecutor-0] [                                                 ] o.s.web.client.RestTemplate              : Reading to [org.springframework.cloud.netflix.eureka.http.EurekaApplications]
2026-02-22T11:21:26.397+05:30 DEBUG 18456 --- [UserService] [DiscoveryClient-HeartbeatExecutor-0] [                                                 ] o.s.web.client.RestTemplate              : HTTP PUT http://localhost:8761/eureka/apps/USERSERVICE/DESKTOP-ECRRR37.mshome.net:UserService:8081?status=UP&lastDirtyTimestamp=1771738480079
2026-02-22T11:21:26.398+05:30 DEBUG 18456 --- [UserService] [DiscoveryClient-HeartbeatExecutor-0] [                                                 ] o.s.web.client.RestTemplate              : Accept=[application/json, application/*+json]
2026-02-22T11:21:26.413+05:30 DEBUG 18456 --- [UserService] [DiscoveryClient-HeartbeatExecutor-0] [                                                 ] o.s.web.client.RestTemplate              : Response 200 OK
2026-02-22T11:21:34.306+05:30 DEBUG 18456 --- [UserService] [DiscoveryClient-CacheRefreshExecutor-0] [                                                 ] o.s.web.client.RestTemplate              : HTTP GET http://localhost:8761/eureka/apps/delta
2026-02-22T11:21:34.306+05:30 DEBUG 18456 --- [UserService] [DiscoveryClient-CacheRefreshExecutor-0] [                                                 ] o.s.web.client.RestTemplate              : Accept=[application/json, application/*+json]
2026-02-22T11:21:34.326+05:30 DEBUG 18456 --- [UserService] [DiscoveryClient-CacheRefreshExecutor-0] [                                                 ] o.s.web.client.RestTemplate              : Response 200 OK
2026-02-22T11:21:34.334+05:30 DEBUG 18456 --- [UserService] [DiscoveryClient-CacheRefreshExecutor-0] [                                                 ] o.s.web.client.RestTemplate              : Reading to [org.springframework.cloud.netflix.eureka.http.EurekaApplications]
2026-02-22T11:21:56.432+05:30 DEBUG 18456 --- [UserService] [DiscoveryClient-HeartbeatExecutor-0] [                                                 ] o.s.web.client.RestTemplate              : HTTP PUT http://localhost:8761/eureka/apps/USERSERVICE/DESKTOP-ECRRR37.mshome.net:UserService:8081?status=UP&lastDirtyTimestamp=1771738480079
2026-02-22T11:21:56.433+05:30 DEBUG 18456 --- [UserService] [DiscoveryClient-HeartbeatExecutor-0] [                                                 ] o.s.web.client.RestTemplate              : Accept=[application/json, application/*+json]
2026-02-22T11:21:56.451+05:30 DEBUG 18456 --- [UserService] [DiscoveryClient-HeartbeatExecutor-0] [                                                 ] o.s.web.client.RestTemplate              : Response 200 OK
2026-02-22T11:22:04.344+05:30 DEBUG 18456 --- [UserService] [DiscoveryClient-CacheRefreshExecutor-0] [                                                 ] o.s.web.client.RestTemplate              : HTTP GET http://localhost:8761/eureka/apps/delta
2026-02-22T11:22:04.346+05:30 DEBUG 18456 --- [UserService] [DiscoveryClient-CacheRefreshExecutor-0] [                                                 ] o.s.web.client.RestTemplate              : Accept=[application/json, application/*+json]
2026-02-22T11:22:04.363+05:30 DEBUG 18456 --- [UserService] [DiscoveryClient-CacheRefreshExecutor-0] [                                                 ] o.s.web.client.RestTemplate              : Response 200 OK
2026-02-22T11:22:04.363+05:30 DEBUG 18456 --- [UserService] [DiscoveryClient-CacheRefreshExecutor-0] [                                                 ] o.s.web.client.RestTemplate              : Reading to [org.springframework.cloud.netflix.eureka.http.EurekaApplications]
2026-02-22T11:22:26.463+05:30 DEBUG 18456 --- [UserService] [DiscoveryClient-HeartbeatExecutor-0] [                                                 ] o.s.web.client.RestTemplate              : HTTP PUT http://localhost:8761/eureka/apps/USERSERVICE/DESKTOP-ECRRR37.mshome.net:UserService:8081?status=UP&lastDirtyTimestamp=1771738480079
2026-02-22T11:22:26.465+05:30 DEBUG 18456 --- [UserService] [DiscoveryClient-HeartbeatExecutor-0] [                                                 ] o.s.web.client.RestTemplate              : Accept=[application/json, application/*+json]
2026-02-22T11:22:26.482+05:30 DEBUG 18456 --- [UserService] [DiscoveryClient-HeartbeatExecutor-0] [                                                 ] o.s.web.client.RestTemplate              : Response 200 OK
2026-02-22T11:22:34.376+05:30 DEBUG 18456 --- [UserService] [DiscoveryClient-CacheRefreshExecutor-0] [                                                 ] o.s.web.client.RestTemplate              : HTTP GET http://localhost:8761/eureka/apps/delta
2026-02-22T11:22:34.376+05:30 DEBUG 18456 --- [UserService] [DiscoveryClient-CacheRefreshExecutor-0] [                                                 ] o.s.web.client.RestTemplate              : Accept=[application/json, application/*+json]
2026-02-22T11:22:34.393+05:30 DEBUG 18456 --- [UserService] [DiscoveryClient-CacheRefreshExecutor-0] [                                                 ] o.s.web.client.RestTemplate              : Response 200 OK
2026-02-22T11:22:34.393+05:30 DEBUG 18456 --- [UserService] [DiscoveryClient-CacheRefreshExecutor-0] [                                                 ] o.s.web.client.RestTemplate              : Reading to [org.springframework.cloud.netflix.eureka.http.EurekaApplications]
2026-02-22T11:22:56.498+05:30 DEBUG 18456 --- [UserService] [DiscoveryClient-HeartbeatExecutor-0] [                                                 ] o.s.web.client.RestTemplate              : HTTP PUT http://localhost:8761/eureka/apps/USERSERVICE/DESKTOP-ECRRR37.mshome.net:UserService:8081?status=UP&lastDirtyTimestamp=1771738480079
2026-02-22T11:22:56.499+05:30 DEBUG 18456 --- [UserService] [DiscoveryClient-HeartbeatExecutor-0] [                                                 ] o.s.web.client.RestTemplate              : Accept=[application/json, application/*+json]
2026-02-22T11:22:57.153+05:30 DEBUG 18456 --- [UserService] [DiscoveryClient-HeartbeatExecutor-0] [                                                 ] o.s.web.client.RestTemplate              : Response 200 OK
2026-02-22T11:23:04.409+05:30 DEBUG 18456 --- [UserService] [DiscoveryClient-CacheRefreshExecutor-0] [                                                 ] o.s.web.client.RestTemplate              : HTTP GET http://localhost:8761/eureka/apps/delta
2026-02-22T11:23:04.409+05:30 DEBUG 18456 --- [UserService] [DiscoveryClient-CacheRefreshExecutor-0] [                                                 ] o.s.web.client.RestTemplate              : Accept=[application/json, application/*+json]
2026-02-22T11:23:04.426+05:30 DEBUG 18456 --- [UserService] [DiscoveryClient-CacheRefreshExecutor-0] [                                                 ] o.s.web.client.RestTemplate              : Response 200 OK
2026-02-22T11:23:04.428+05:30 DEBUG 18456 --- [UserService] [DiscoveryClient-CacheRefreshExecutor-0] [                                                 ] o.s.web.client.RestTemplate              : Reading to [org.springframework.cloud.netflix.eureka.http.EurekaApplications]
2026-02-22T11:23:27.156+05:30 DEBUG 18456 --- [UserService] [DiscoveryClient-HeartbeatExecutor-0] [                                                 ] o.s.web.client.RestTemplate              : HTTP PUT http://localhost:8761/eureka/apps/USERSERVICE/DESKTOP-ECRRR37.mshome.net:UserService:8081?status=UP&lastDirtyTimestamp=1771738480079
2026-02-22T11:23:27.157+05:30 DEBUG 18456 --- [UserService] [DiscoveryClient-HeartbeatExecutor-0] [                                                 ] o.s.web.client.RestTemplate              : Accept=[application/json, application/*+json]
2026-02-22T11:23:27.176+05:30 DEBUG 18456 --- [UserService] [DiscoveryClient-HeartbeatExecutor-0] [                                                 ] o.s.web.client.RestTemplate              : Response 200 OK
2026-02-22T11:23:34.434+05:30 DEBUG 18456 --- [UserService] [DiscoveryClient-CacheRefreshExecutor-0] [                                                 ] o.s.web.client.RestTemplate              : HTTP GET http://localhost:8761/eureka/apps/delta
2026-02-22T11:23:34.436+05:30 DEBUG 18456 --- [UserService] [DiscoveryClient-CacheRefreshExecutor-0] [                                                 ] o.s.web.client.RestTemplate              : Accept=[application/json, application/*+json]
2026-02-22T11:23:34.455+05:30 DEBUG 18456 --- [UserService] [DiscoveryClient-CacheRefreshExecutor-0] [                                                 ] o.s.web.client.RestTemplate              : Response 200 OK
2026-02-22T11:23:34.457+05:30 DEBUG 18456 --- [UserService] [DiscoveryClient-CacheRefreshExecutor-0] [                                                 ] o.s.web.client.RestTemplate              : Reading to [org.springframework.cloud.netflix.eureka.http.EurekaApplications]
2026-02-22T11:23:57.189+05:30 DEBUG 18456 --- [UserService] [DiscoveryClient-HeartbeatExecutor-0] [                                                 ] o.s.web.client.RestTemplate              : HTTP PUT http://localhost:8761/eureka/apps/USERSERVICE/DESKTOP-ECRRR37.mshome.net:UserService:8081?status=UP&lastDirtyTimestamp=1771738480079
2026-02-22T11:23:57.191+05:30 DEBUG 18456 --- [UserService] [DiscoveryClient-HeartbeatExecutor-0] [                                                 ] o.s.web.client.RestTemplate              : Accept=[application/json, application/*+json]
2026-02-22T11:23:57.209+05:30 DEBUG 18456 --- [UserService] [DiscoveryClient-HeartbeatExecutor-0] [                                                 ] o.s.web.client.RestTemplate              : Response 200 OK
2026-02-22T11:24:04.474+05:30 DEBUG 18456 --- [UserService] [DiscoveryClient-CacheRefreshExecutor-0] [                                                 ] o.s.web.client.RestTemplate              : HTTP GET http://localhost:8761/eureka/apps/delta
2026-02-22T11:24:04.477+05:30 DEBUG 18456 --- [UserService] [DiscoveryClient-CacheRefreshExecutor-0] [                                                 ] o.s.web.client.RestTemplate              : Accept=[application/json, application/*+json]
2026-02-22T11:24:04.493+05:30 DEBUG 18456 --- [UserService] [DiscoveryClient-CacheRefreshExecutor-0] [                                                 ] o.s.web.client.RestTemplate              : Response 200 OK
2026-02-22T11:24:04.494+05:30 DEBUG 18456 --- [UserService] [DiscoveryClient-CacheRefreshExecutor-0] [                                                 ] o.s.web.client.RestTemplate              : Reading to [org.springframework.cloud.netflix.eureka.http.EurekaApplications]
2026-02-22T11:24:27.244+05:30 DEBUG 18456 --- [UserService] [DiscoveryClient-HeartbeatExecutor-0] [                                                 ] o.s.web.client.RestTemplate              : HTTP PUT http://localhost:8761/eureka/apps/USERSERVICE/DESKTOP-ECRRR37.mshome.net:UserService:8081?status=UP&lastDirtyTimestamp=1771738480079
2026-02-22T11:24:27.245+05:30 DEBUG 18456 --- [UserService] [DiscoveryClient-HeartbeatExecutor-0] [                                                 ] o.s.web.client.RestTemplate              : Accept=[application/json, application/*+json]
2026-02-22T11:24:27.269+05:30 DEBUG 18456 --- [UserService] [DiscoveryClient-HeartbeatExecutor-0] [                                                 ] o.s.web.client.RestTemplate              : Response 200 OK
2026-02-22T11:24:34.505+05:30 DEBUG 18456 --- [UserService] [DiscoveryClient-CacheRefreshExecutor-0] [                                                 ] o.s.web.client.RestTemplate              : HTTP GET http://localhost:8761/eureka/apps/delta
2026-02-22T11:24:34.513+05:30 DEBUG 18456 --- [UserService] [DiscoveryClient-CacheRefreshExecutor-0] [                                                 ] o.s.web.client.RestTemplate              : Accept=[application/json, application/*+json]
2026-02-22T11:24:34.556+05:30 DEBUG 18456 --- [UserService] [DiscoveryClient-CacheRefreshExecutor-0] [                                                 ] o.s.web.client.RestTemplate              : Response 200 OK
2026-02-22T11:24:34.558+05:30 DEBUG 18456 --- [UserService] [DiscoveryClient-CacheRefreshExecutor-0] [                                                 ] o.s.web.client.RestTemplate              : Reading to [org.springframework.cloud.netflix.eureka.http.EurekaApplications]
2026-02-22T11:24:34.678+05:30 DEBUG 18456 --- [UserService] [AsyncReporter{org.springframework.boot.actuate.autoconfigure.tracing.zipkin.ZipkinRestTemplateSender@5ac0cb9b}] [                                                 ] o.s.web.client.RestTemplate              : HTTP POST http://localhost:9411/api/v2/spans
2026-02-22T11:24:34.703+05:30 DEBUG 18456 --- [UserService] [AsyncReporter{org.springframework.boot.actuate.autoconfigure.tracing.zipkin.ZipkinRestTemplateSender@5ac0cb9b}] [                                                 ] o.s.web.client.RestTemplate              : Accept=[application/json, application/*+json]
2026-02-22T11:24:34.707+05:30 DEBUG 18456 --- [UserService] [AsyncReporter{org.springframework.boot.actuate.autoconfigure.tracing.zipkin.ZipkinRestTemplateSender@5ac0cb9b}] [                                                 ] o.s.web.client.RestTemplate              : Writing [[B@72cc639] as "application/json"
2026-02-22T11:24:35.247+05:30 DEBUG 18456 --- [UserService] [AsyncReporter{org.springframework.boot.actuate.autoconfigure.tracing.zipkin.ZipkinRestTemplateSender@5ac0cb9b}] [                                                 ] o.s.web.client.RestTemplate              : Response 202 ACCEPTED
2026-02-22T11:24:39.679+05:30  INFO 18456 --- [UserService] [AsyncResolver-bootstrap-executor-0] [                                                 ] c.n.d.s.r.aws.ConfigClusterResolver      : Resolving eureka endpoints via configuration
2026-02-22T11:24:50.027+05:30 DEBUG 18456 --- [UserService] [AsyncReporter{org.springframework.boot.actuate.autoconfigure.tracing.zipkin.ZipkinRestTemplateSender@5ac0cb9b}] [                                                 ] o.s.web.client.RestTemplate              : HTTP POST http://localhost:9411/api/v2/spans
2026-02-22T11:24:50.280+05:30 DEBUG 18456 --- [UserService] [AsyncReporter{org.springframework.boot.actuate.autoconfigure.tracing.zipkin.ZipkinRestTemplateSender@5ac0cb9b}] [                                                 ] o.s.web.client.RestTemplate              : Accept=[application/json, application/*+json]
2026-02-22T11:24:50.762+05:30 DEBUG 18456 --- [UserService] [AsyncReporter{org.springframework.boot.actuate.autoconfigure.tracing.zipkin.ZipkinRestTemplateSender@5ac0cb9b}] [                                                 ] o.s.web.client.RestTemplate              : Writing [[B@69c71d55] as "application/json"
2026-02-22T11:24:52.246+05:30 DEBUG 18456 --- [UserService] [AsyncReporter{org.springframework.boot.actuate.autoconfigure.tracing.zipkin.ZipkinRestTemplateSender@5ac0cb9b}] [                                                 ] o.s.web.client.RestTemplate              : Response 202 ACCEPTED
2026-02-22T11:24:57.284+05:30 DEBUG 18456 --- [UserService] [DiscoveryClient-HeartbeatExecutor-0] [                                                 ] o.s.web.client.RestTemplate              : HTTP PUT http://localhost:8761/eureka/apps/USERSERVICE/DESKTOP-ECRRR37.mshome.net:UserService:8081?status=UP&lastDirtyTimestamp=1771738480079
2026-02-22T11:24:57.285+05:30 DEBUG 18456 --- [UserService] [DiscoveryClient-HeartbeatExecutor-0] [                                                 ] o.s.web.client.RestTemplate              : Accept=[application/json, application/*+json]
2026-02-22T11:24:57.310+05:30 DEBUG 18456 --- [UserService] [DiscoveryClient-HeartbeatExecutor-0] [                                                 ] o.s.web.client.RestTemplate              : Response 200 OK
2026-02-22T11:24:57.395+05:30 DEBUG 18456 --- [UserService] [AsyncReporter{org.springframework.boot.actuate.autoconfigure.tracing.zipkin.ZipkinRestTemplateSender@5ac0cb9b}] [                                                 ] o.s.web.client.RestTemplate              : HTTP POST http://localhost:9411/api/v2/spans
2026-02-22T11:24:57.408+05:30 DEBUG 18456 --- [UserService] [AsyncReporter{org.springframework.boot.actuate.autoconfigure.tracing.zipkin.ZipkinRestTemplateSender@5ac0cb9b}] [                                                 ] o.s.web.client.RestTemplate              : Accept=[application/json, application/*+json]
2026-02-22T11:24:57.410+05:30 DEBUG 18456 --- [UserService] [AsyncReporter{org.springframework.boot.actuate.autoconfigure.tracing.zipkin.ZipkinRestTemplateSender@5ac0cb9b}] [                                                 ] o.s.web.client.RestTemplate              : Writing [[B@769e0944] as "application/json"
2026-02-22T11:24:57.634+05:30 DEBUG 18456 --- [UserService] [AsyncReporter{org.springframework.boot.actuate.autoconfigure.tracing.zipkin.ZipkinRestTemplateSender@5ac0cb9b}] [                                                 ] o.s.web.client.RestTemplate              : Response 202 ACCEPTED
2026-02-22T11:25:03.691+05:30 DEBUG 18456 --- [UserService] [AsyncReporter{org.springframework.boot.actuate.autoconfigure.tracing.zipkin.ZipkinRestTemplateSender@5ac0cb9b}] [                                                 ] o.s.web.client.RestTemplate              : HTTP POST http://localhost:9411/api/v2/spans
2026-02-22T11:25:03.692+05:30 DEBUG 18456 --- [UserService] [AsyncReporter{org.springframework.boot.actuate.autoconfigure.tracing.zipkin.ZipkinRestTemplateSender@5ac0cb9b}] [                                                 ] o.s.web.client.RestTemplate              : Accept=[application/json, application/*+json]
2026-02-22T11:25:03.693+05:30 DEBUG 18456 --- [UserService] [AsyncReporter{org.springframework.boot.actuate.autoconfigure.tracing.zipkin.ZipkinRestTemplateSender@5ac0cb9b}] [                                                 ] o.s.web.client.RestTemplate              : Writing [[B@176204a0] as "application/json"
2026-02-22T11:25:03.721+05:30 DEBUG 18456 --- [UserService] [AsyncReporter{org.springframework.boot.actuate.autoconfigure.tracing.zipkin.ZipkinRestTemplateSender@5ac0cb9b}] [                                                 ] o.s.web.client.RestTemplate              : Response 202 ACCEPTED
2026-02-22T11:25:04.572+05:30 DEBUG 18456 --- [UserService] [DiscoveryClient-CacheRefreshExecutor-0] [                                                 ] o.s.web.client.RestTemplate              : HTTP GET http://localhost:8761/eureka/apps/delta
2026-02-22T11:25:04.572+05:30 DEBUG 18456 --- [UserService] [DiscoveryClient-CacheRefreshExecutor-0] [                                                 ] o.s.web.client.RestTemplate              : Accept=[application/json, application/*+json]
2026-02-22T11:25:04.601+05:30 DEBUG 18456 --- [UserService] [DiscoveryClient-CacheRefreshExecutor-0] [                                                 ] o.s.web.client.RestTemplate              : Response 200 OK
2026-02-22T11:25:04.606+05:30 DEBUG 18456 --- [UserService] [DiscoveryClient-CacheRefreshExecutor-0] [                                                 ] o.s.web.client.RestTemplate              : Reading to [org.springframework.cloud.netflix.eureka.http.EurekaApplications]
2026-02-22T11:25:10.769+05:30 DEBUG 18456 --- [UserService] [AsyncReporter{org.springframework.boot.actuate.autoconfigure.tracing.zipkin.ZipkinRestTemplateSender@5ac0cb9b}] [                                                 ] o.s.web.client.RestTemplate              : HTTP POST http://localhost:9411/api/v2/spans
2026-02-22T11:25:10.771+05:30 DEBUG 18456 --- [UserService] [AsyncReporter{org.springframework.boot.actuate.autoconfigure.tracing.zipkin.ZipkinRestTemplateSender@5ac0cb9b}] [                                                 ] o.s.web.client.RestTemplate              : Accept=[application/json, application/*+json]
2026-02-22T11:25:10.771+05:30 DEBUG 18456 --- [UserService] [AsyncReporter{org.springframework.boot.actuate.autoconfigure.tracing.zipkin.ZipkinRestTemplateSender@5ac0cb9b}] [                                                 ] o.s.web.client.RestTemplate              : Writing [[B@202dba9b] as "application/json"
2026-02-22T11:25:10.890+05:30 DEBUG 18456 --- [UserService] [AsyncReporter{org.springframework.boot.actuate.autoconfigure.tracing.zipkin.ZipkinRestTemplateSender@5ac0cb9b}] [                                                 ] o.s.web.client.RestTemplate              : Response 202 ACCEPTED
2026-02-22T11:25:27.409+05:30 DEBUG 18456 --- [UserService] [DiscoveryClient-HeartbeatExecutor-0] [                                                 ] o.s.web.client.RestTemplate              : HTTP PUT http://localhost:8761/eureka/apps/USERSERVICE/DESKTOP-ECRRR37.mshome.net:UserService:8081?status=UP&lastDirtyTimestamp=1771738480079
2026-02-22T11:25:27.476+05:30 DEBUG 18456 --- [UserService] [DiscoveryClient-HeartbeatExecutor-0] [                                                 ] o.s.web.client.RestTemplate              : Accept=[application/json, application/*+json]
2026-02-22T11:25:29.190+05:30 DEBUG 18456 --- [UserService] [DiscoveryClient-HeartbeatExecutor-0] [                                                 ] o.s.web.client.RestTemplate              : Response 200 OK
2026-02-22T11:25:34.621+05:30 DEBUG 18456 --- [UserService] [DiscoveryClient-CacheRefreshExecutor-0] [                                                 ] o.s.web.client.RestTemplate              : HTTP GET http://localhost:8761/eureka/apps/delta
2026-02-22T11:25:34.622+05:30 DEBUG 18456 --- [UserService] [DiscoveryClient-CacheRefreshExecutor-0] [                                                 ] o.s.web.client.RestTemplate              : Accept=[application/json, application/*+json]
2026-02-22T11:25:34.641+05:30 DEBUG 18456 --- [UserService] [DiscoveryClient-CacheRefreshExecutor-0] [                                                 ] o.s.web.client.RestTemplate              : Response 200 OK
2026-02-22T11:25:34.641+05:30 DEBUG 18456 --- [UserService] [DiscoveryClient-CacheRefreshExecutor-0] [                                                 ] o.s.web.client.RestTemplate              : Reading to [org.springframework.cloud.netflix.eureka.http.EurekaApplications]
2026-02-22T11:25:59.199+05:30 DEBUG 18456 --- [UserService] [DiscoveryClient-HeartbeatExecutor-0] [                                                 ] o.s.web.client.RestTemplate              : HTTP PUT http://localhost:8761/eureka/apps/USERSERVICE/DESKTOP-ECRRR37.mshome.net:UserService:8081?status=UP&lastDirtyTimestamp=1771738480079
2026-02-22T11:25:59.199+05:30 DEBUG 18456 --- [UserService] [DiscoveryClient-HeartbeatExecutor-0] [                                                 ] o.s.web.client.RestTemplate              : Accept=[application/json, application/*+json]
2026-02-22T11:25:59.217+05:30 DEBUG 18456 --- [UserService] [DiscoveryClient-HeartbeatExecutor-0] [                                                 ] o.s.web.client.RestTemplate              : Response 200 OK
2026-02-22T11:26:04.658+05:30 DEBUG 18456 --- [UserService] [DiscoveryClient-CacheRefreshExecutor-0] [                                                 ] o.s.web.client.RestTemplate              : HTTP GET http://localhost:8761/eureka/apps/delta
2026-02-22T11:26:04.660+05:30 DEBUG 18456 --- [UserService] [DiscoveryClient-CacheRefreshExecutor-0] [                                                 ] o.s.web.client.RestTemplate              : Accept=[application/json, application/*+json]
2026-02-22T11:26:04.679+05:30 DEBUG 18456 --- [UserService] [DiscoveryClient-CacheRefreshExecutor-0] [                                                 ] o.s.web.client.RestTemplate              : Response 200 OK
2026-02-22T11:26:04.680+05:30 DEBUG 18456 --- [UserService] [DiscoveryClient-CacheRefreshExecutor-0] [                                                 ] o.s.web.client.RestTemplate              : Reading to [org.springframework.cloud.netflix.eureka.http.EurekaApplications]
2026-02-22T11:26:29.233+05:30 DEBUG 18456 --- [UserService] [DiscoveryClient-HeartbeatExecutor-0] [                                                 ] o.s.web.client.RestTemplate              : HTTP PUT http://localhost:8761/eureka/apps/USERSERVICE/DESKTOP-ECRRR37.mshome.net:UserService:8081?status=UP&lastDirtyTimestamp=1771738480079
2026-02-22T11:26:29.508+05:30 DEBUG 18456 --- [UserService] [DiscoveryClient-HeartbeatExecutor-0] [                                                 ] o.s.web.client.RestTemplate              : Accept=[application/json, application/*+json]
2026-02-22T11:26:30.398+05:30 DEBUG 18456 --- [UserService] [DiscoveryClient-HeartbeatExecutor-0] [                                                 ] o.s.web.client.RestTemplate              : Response 200 OK
2026-02-22T11:26:34.692+05:30 DEBUG 18456 --- [UserService] [DiscoveryClient-CacheRefreshExecutor-0] [                                                 ] o.s.web.client.RestTemplate              : HTTP GET http://localhost:8761/eureka/apps/delta
2026-02-22T11:26:34.692+05:30 DEBUG 18456 --- [UserService] [DiscoveryClient-CacheRefreshExecutor-0] [                                                 ] o.s.web.client.RestTemplate              : Accept=[application/json, application/*+json]
2026-02-22T11:26:34.713+05:30 DEBUG 18456 --- [UserService] [DiscoveryClient-CacheRefreshExecutor-0] [                                                 ] o.s.web.client.RestTemplate              : Response 200 OK
2026-02-22T11:26:34.713+05:30 DEBUG 18456 --- [UserService] [DiscoveryClient-CacheRefreshExecutor-0] [                                                 ] o.s.web.client.RestTemplate              : Reading to [org.springframework.cloud.netflix.eureka.http.EurekaApplications]
2026-02-22T11:27:00.404+05:30 DEBUG 18456 --- [UserService] [DiscoveryClient-HeartbeatExecutor-0] [                                                 ] o.s.web.client.RestTemplate              : HTTP PUT http://localhost:8761/eureka/apps/USERSERVICE/DESKTOP-ECRRR37.mshome.net:UserService:8081?status=UP&lastDirtyTimestamp=1771738480079
2026-02-22T11:27:00.544+05:30 DEBUG 18456 --- [UserService] [DiscoveryClient-HeartbeatExecutor-0] [                                                 ] o.s.web.client.RestTemplate              : Accept=[application/json, application/*+json]
2026-02-22T11:27:00.712+05:30 DEBUG 18456 --- [UserService] [DiscoveryClient-HeartbeatExecutor-0] [                                                 ] o.s.web.client.RestTemplate              : Response 200 OK
2026-02-22T11:27:04.717+05:30 DEBUG 18456 --- [UserService] [DiscoveryClient-CacheRefreshExecutor-0] [                                                 ] o.s.web.client.RestTemplate              : HTTP GET http://localhost:8761/eureka/apps/delta
2026-02-22T11:27:04.717+05:30 DEBUG 18456 --- [UserService] [DiscoveryClient-CacheRefreshExecutor-0] [                                                 ] o.s.web.client.RestTemplate              : Accept=[application/json, application/*+json]
2026-02-22T11:27:04.732+05:30 DEBUG 18456 --- [UserService] [DiscoveryClient-CacheRefreshExecutor-0] [                                                 ] o.s.web.client.RestTemplate              : Response 200 OK
2026-02-22T11:27:04.732+05:30 DEBUG 18456 --- [UserService] [DiscoveryClient-CacheRefreshExecutor-0] [                                                 ] o.s.web.client.RestTemplate              : Reading to [org.springframework.cloud.netflix.eureka.http.EurekaApplications]
2026-02-22T11:27:30.716+05:30 DEBUG 18456 --- [UserService] [DiscoveryClient-HeartbeatExecutor-0] [                                                 ] o.s.web.client.RestTemplate              : HTTP PUT http://localhost:8761/eureka/apps/USERSERVICE/DESKTOP-ECRRR37.mshome.net:UserService:8081?status=UP&lastDirtyTimestamp=1771738480079
2026-02-22T11:27:30.717+05:30 DEBUG 18456 --- [UserService] [DiscoveryClient-HeartbeatExecutor-0] [                                                 ] o.s.web.client.RestTemplate              : Accept=[application/json, application/*+json]
2026-02-22T11:27:30.734+05:30 DEBUG 18456 --- [UserService] [DiscoveryClient-HeartbeatExecutor-0] [                                                 ] o.s.web.client.RestTemplate              : Response 200 OK
2026-02-22T11:27:34.737+05:30 DEBUG 18456 --- [UserService] [DiscoveryClient-CacheRefreshExecutor-0] [                                                 ] o.s.web.client.RestTemplate              : HTTP GET http://localhost:8761/eureka/apps/delta
2026-02-22T11:27:34.738+05:30 DEBUG 18456 --- [UserService] [DiscoveryClient-CacheRefreshExecutor-0] [                                                 ] o.s.web.client.RestTemplate              : Accept=[application/json, application/*+json]
2026-02-22T11:27:34.755+05:30 DEBUG 18456 --- [UserService] [DiscoveryClient-CacheRefreshExecutor-0] [                                                 ] o.s.web.client.RestTemplate              : Response 200 OK
2026-02-22T11:27:34.756+05:30 DEBUG 18456 --- [UserService] [DiscoveryClient-CacheRefreshExecutor-0] [                                                 ] o.s.web.client.RestTemplate              : Reading to [org.springframework.cloud.netflix.eureka.http.EurekaApplications]
2026-02-22T11:28:00.740+05:30 DEBUG 18456 --- [UserService] [DiscoveryClient-HeartbeatExecutor-0] [                                                 ] o.s.web.client.RestTemplate              : HTTP PUT http://localhost:8761/eureka/apps/USERSERVICE/DESKTOP-ECRRR37.mshome.net:UserService:8081?status=UP&lastDirtyTimestamp=1771738480079
2026-02-22T11:28:00.740+05:30 DEBUG 18456 --- [UserService] [DiscoveryClient-HeartbeatExecutor-0] [                                                 ] o.s.web.client.RestTemplate              : Accept=[application/json, application/*+json]
2026-02-22T11:28:00.756+05:30 DEBUG 18456 --- [UserService] [DiscoveryClient-HeartbeatExecutor-0] [                                                 ] o.s.web.client.RestTemplate              : Response 200 OK
2026-02-22T11:28:04.766+05:30 DEBUG 18456 --- [UserService] [DiscoveryClient-CacheRefreshExecutor-0] [                                                 ] o.s.web.client.RestTemplate              : HTTP GET http://localhost:8761/eureka/apps/delta
2026-02-22T11:28:04.770+05:30 DEBUG 18456 --- [UserService] [DiscoveryClient-CacheRefreshExecutor-0] [                                                 ] o.s.web.client.RestTemplate              : Accept=[application/json, application/*+json]
2026-02-22T11:28:04.788+05:30 DEBUG 18456 --- [UserService] [DiscoveryClient-CacheRefreshExecutor-0] [                                                 ] o.s.web.client.RestTemplate              : Response 200 OK
2026-02-22T11:28:04.790+05:30 DEBUG 18456 --- [UserService] [DiscoveryClient-CacheRefreshExecutor-0] [                                                 ] o.s.web.client.RestTemplate              : Reading to [org.springframework.cloud.netflix.eureka.http.EurekaApplications]
2026-02-22T11:28:30.766+05:30 DEBUG 18456 --- [UserService] [DiscoveryClient-HeartbeatExecutor-0] [                                                 ] o.s.web.client.RestTemplate              : HTTP PUT http://localhost:8761/eureka/apps/USERSERVICE/DESKTOP-ECRRR37.mshome.net:UserService:8081?status=UP&lastDirtyTimestamp=1771738480079
2026-02-22T11:28:30.767+05:30 DEBUG 18456 --- [UserService] [DiscoveryClient-HeartbeatExecutor-0] [                                                 ] o.s.web.client.RestTemplate              : Accept=[application/json, application/*+json]
2026-02-22T11:28:30.786+05:30 DEBUG 18456 --- [UserService] [DiscoveryClient-HeartbeatExecutor-0] [                                                 ] o.s.web.client.RestTemplate              : Response 200 OK
2026-02-22T11:28:34.808+05:30 DEBUG 18456 --- [UserService] [DiscoveryClient-CacheRefreshExecutor-0] [                                                 ] o.s.web.client.RestTemplate              : HTTP GET http://localhost:8761/eureka/apps/delta
2026-02-22T11:28:34.809+05:30 DEBUG 18456 --- [UserService] [DiscoveryClient-CacheRefreshExecutor-0] [                                                 ] o.s.web.client.RestTemplate              : Accept=[application/json, application/*+json]
2026-02-22T11:28:34.827+05:30 DEBUG 18456 --- [UserService] [DiscoveryClient-CacheRefreshExecutor-0] [                                                 ] o.s.web.client.RestTemplate              : Response 200 OK
2026-02-22T11:28:34.828+05:30 DEBUG 18456 --- [UserService] [DiscoveryClient-CacheRefreshExecutor-0] [                                                 ] o.s.web.client.RestTemplate              : Reading to [org.springframework.cloud.netflix.eureka.http.EurekaApplications]
2026-02-22T11:29:00.814+05:30 DEBUG 18456 --- [UserService] [DiscoveryClient-HeartbeatExecutor-0] [                                                 ] o.s.web.client.RestTemplate              : HTTP PUT http://localhost:8761/eureka/apps/USERSERVICE/DESKTOP-ECRRR37.mshome.net:UserService:8081?status=UP&lastDirtyTimestamp=1771738480079
2026-02-22T11:29:00.816+05:30 DEBUG 18456 --- [UserService] [DiscoveryClient-HeartbeatExecutor-0] [                                                 ] o.s.web.client.RestTemplate              : Accept=[application/json, application/*+json]
2026-02-22T11:29:00.833+05:30 DEBUG 18456 --- [UserService] [DiscoveryClient-HeartbeatExecutor-0] [                                                 ] o.s.web.client.RestTemplate              : Response 200 OK
2026-02-22T11:29:04.984+05:30 DEBUG 18456 --- [UserService] [DiscoveryClient-CacheRefreshExecutor-0] [                                                 ] o.s.web.client.RestTemplate              : HTTP GET http://localhost:8761/eureka/apps/delta
2026-02-22T11:29:04.997+05:30 DEBUG 18456 --- [UserService] [DiscoveryClient-CacheRefreshExecutor-0] [                                                 ] o.s.web.client.RestTemplate              : Accept=[application/json, application/*+json]
2026-02-22T11:29:05.092+05:30 DEBUG 18456 --- [UserService] [DiscoveryClient-CacheRefreshExecutor-0] [                                                 ] o.s.web.client.RestTemplate              : Response 200 OK
2026-02-22T11:29:05.101+05:30 DEBUG 18456 --- [UserService] [DiscoveryClient-CacheRefreshExecutor-0] [                                                 ] o.s.web.client.RestTemplate              : Reading to [org.springframework.cloud.netflix.eureka.http.EurekaApplications]
2026-02-22T11:29:31.234+05:30 DEBUG 18456 --- [UserService] [DiscoveryClient-HeartbeatExecutor-0] [                                                 ] o.s.web.client.RestTemplate              : HTTP PUT http://localhost:8761/eureka/apps/USERSERVICE/DESKTOP-ECRRR37.mshome.net:UserService:8081?status=UP&lastDirtyTimestamp=1771738480079
2026-02-22T11:29:31.481+05:30 DEBUG 18456 --- [UserService] [DiscoveryClient-HeartbeatExecutor-0] [                                                 ] o.s.web.client.RestTemplate              : Accept=[application/json, application/*+json]
2026-02-22T11:29:32.153+05:30 DEBUG 18456 --- [UserService] [DiscoveryClient-HeartbeatExecutor-0] [                                                 ] o.s.web.client.RestTemplate              : Response 200 OK
2026-02-22T11:29:35.590+05:30 DEBUG 18456 --- [UserService] [DiscoveryClient-CacheRefreshExecutor-0] [                                                 ] o.s.web.client.RestTemplate              : HTTP GET http://localhost:8761/eureka/apps/delta
2026-02-22T11:29:35.591+05:30 DEBUG 18456 --- [UserService] [DiscoveryClient-CacheRefreshExecutor-0] [                                                 ] o.s.web.client.RestTemplate              : Accept=[application/json, application/*+json]
2026-02-22T11:29:35.956+05:30 DEBUG 18456 --- [UserService] [DiscoveryClient-CacheRefreshExecutor-0] [                                                 ] o.s.web.client.RestTemplate              : Response 200 OK
2026-02-22T11:29:35.957+05:30 DEBUG 18456 --- [UserService] [DiscoveryClient-CacheRefreshExecutor-0] [                                                 ] o.s.web.client.RestTemplate              : Reading to [org.springframework.cloud.netflix.eureka.http.EurekaApplications]
2026-02-22T11:29:40.242+05:30  INFO 18456 --- [UserService] [AsyncResolver-bootstrap-executor-0] [                                                 ] c.n.d.s.r.aws.ConfigClusterResolver      : Resolving eureka endpoints via configuration
2026-02-22T11:30:02.210+05:30 DEBUG 18456 --- [UserService] [DiscoveryClient-HeartbeatExecutor-0] [                                                 ] o.s.web.client.RestTemplate              : HTTP PUT http://localhost:8761/eureka/apps/USERSERVICE/DESKTOP-ECRRR37.mshome.net:UserService:8081?status=UP&lastDirtyTimestamp=1771738480079
2026-02-22T11:30:02.212+05:30 DEBUG 18456 --- [UserService] [DiscoveryClient-HeartbeatExecutor-0] [                                                 ] o.s.web.client.RestTemplate              : Accept=[application/json, application/*+json]
2026-02-22T11:30:02.269+05:30 DEBUG 18456 --- [UserService] [DiscoveryClient-HeartbeatExecutor-0] [                                                 ] o.s.web.client.RestTemplate              : Response 200 OK
2026-02-22T11:30:06.233+05:30 DEBUG 18456 --- [UserService] [DiscoveryClient-CacheRefreshExecutor-0] [                                                 ] o.s.web.client.RestTemplate              : HTTP GET http://localhost:8761/eureka/apps/delta
2026-02-22T11:30:06.235+05:30 DEBUG 18456 --- [UserService] [DiscoveryClient-CacheRefreshExecutor-0] [                                                 ] o.s.web.client.RestTemplate              : Accept=[application/json, application/*+json]
2026-02-22T11:30:06.253+05:30 DEBUG 18456 --- [UserService] [DiscoveryClient-CacheRefreshExecutor-0] [                                                 ] o.s.web.client.RestTemplate              : Response 200 OK
2026-02-22T11:30:06.254+05:30 DEBUG 18456 --- [UserService] [DiscoveryClient-CacheRefreshExecutor-0] [                                                 ] o.s.web.client.RestTemplate              : Reading to [org.springframework.cloud.netflix.eureka.http.EurekaApplications]
2026-02-22T11:30:32.287+05:30 DEBUG 18456 --- [UserService] [DiscoveryClient-HeartbeatExecutor-0] [                                                 ] o.s.web.client.RestTemplate              : HTTP PUT http://localhost:8761/eureka/apps/USERSERVICE/DESKTOP-ECRRR37.mshome.net:UserService:8081?status=UP&lastDirtyTimestamp=1771738480079
2026-02-22T11:30:32.289+05:30 DEBUG 18456 --- [UserService] [DiscoveryClient-HeartbeatExecutor-0] [                                                 ] o.s.web.client.RestTemplate              : Accept=[application/json, application/*+json]
2026-02-22T11:30:32.312+05:30 DEBUG 18456 --- [UserService] [DiscoveryClient-HeartbeatExecutor-0] [                                                 ] o.s.web.client.RestTemplate              : Response 200 OK
2026-02-22T11:30:36.272+05:30 DEBUG 18456 --- [UserService] [DiscoveryClient-CacheRefreshExecutor-0] [                                                 ] o.s.web.client.RestTemplate              : HTTP GET http://localhost:8761/eureka/apps/delta
2026-02-22T11:30:36.272+05:30 DEBUG 18456 --- [UserService] [DiscoveryClient-CacheRefreshExecutor-0] [                                                 ] o.s.web.client.RestTemplate              : Accept=[application/json, application/*+json]
2026-02-22T11:30:36.290+05:30 DEBUG 18456 --- [UserService] [DiscoveryClient-CacheRefreshExecutor-0] [                                                 ] o.s.web.client.RestTemplate              : Response 200 OK
2026-02-22T11:30:36.290+05:30 DEBUG 18456 --- [UserService] [DiscoveryClient-CacheRefreshExecutor-0] [                                                 ] o.s.web.client.RestTemplate              : Reading to [org.springframework.cloud.netflix.eureka.http.EurekaApplications]
2026-02-22T11:31:02.325+05:30 DEBUG 18456 --- [UserService] [DiscoveryClient-HeartbeatExecutor-0] [                                                 ] o.s.web.client.RestTemplate              : HTTP PUT http://localhost:8761/eureka/apps/USERSERVICE/DESKTOP-ECRRR37.mshome.net:UserService:8081?status=UP&lastDirtyTimestamp=1771738480079
2026-02-22T11:31:02.327+05:30 DEBUG 18456 --- [UserService] [DiscoveryClient-HeartbeatExecutor-0] [                                                 ] o.s.web.client.RestTemplate              : Accept=[application/json, application/*+json]
2026-02-22T11:31:02.349+05:30 DEBUG 18456 --- [UserService] [DiscoveryClient-HeartbeatExecutor-0] [                                                 ] o.s.web.client.RestTemplate              : Response 200 OK
2026-02-22T11:31:06.302+05:30 DEBUG 18456 --- [UserService] [DiscoveryClient-CacheRefreshExecutor-0] [                                                 ] o.s.web.client.RestTemplate              : HTTP GET http://localhost:8761/eureka/apps/delta
2026-02-22T11:31:06.304+05:30 DEBUG 18456 --- [UserService] [DiscoveryClient-CacheRefreshExecutor-0] [                                                 ] o.s.web.client.RestTemplate              : Accept=[application/json, application/*+json]
2026-02-22T11:31:06.322+05:30 DEBUG 18456 --- [UserService] [DiscoveryClient-CacheRefreshExecutor-0] [                                                 ] o.s.web.client.RestTemplate              : Response 200 OK
2026-02-22T11:31:06.325+05:30 DEBUG 18456 --- [UserService] [DiscoveryClient-CacheRefreshExecutor-0] [                                                 ] o.s.web.client.RestTemplate              : Reading to [org.springframework.cloud.netflix.eureka.http.EurekaApplications]
2026-02-22T11:31:32.368+05:30 DEBUG 18456 --- [UserService] [DiscoveryClient-HeartbeatExecutor-0] [                                                 ] o.s.web.client.RestTemplate              : HTTP PUT http://localhost:8761/eureka/apps/USERSERVICE/DESKTOP-ECRRR37.mshome.net:UserService:8081?status=UP&lastDirtyTimestamp=1771738480079
2026-02-22T11:31:32.369+05:30 DEBUG 18456 --- [UserService] [DiscoveryClient-HeartbeatExecutor-0] [                                                 ] o.s.web.client.RestTemplate              : Accept=[application/json, application/*+json]
2026-02-22T11:31:32.388+05:30 DEBUG 18456 --- [UserService] [DiscoveryClient-HeartbeatExecutor-0] [                                                 ] o.s.web.client.RestTemplate              : Response 200 OK
2026-02-22T11:31:36.340+05:30 DEBUG 18456 --- [UserService] [DiscoveryClient-CacheRefreshExecutor-0] [                                                 ] o.s.web.client.RestTemplate              : HTTP GET http://localhost:8761/eureka/apps/delta
2026-02-22T11:31:36.342+05:30 DEBUG 18456 --- [UserService] [DiscoveryClient-CacheRefreshExecutor-0] [                                                 ] o.s.web.client.RestTemplate              : Accept=[application/json, application/*+json]
2026-02-22T11:31:36.360+05:30 DEBUG 18456 --- [UserService] [DiscoveryClient-CacheRefreshExecutor-0] [                                                 ] o.s.web.client.RestTemplate              : Response 200 OK
2026-02-22T11:31:36.361+05:30 DEBUG 18456 --- [UserService] [DiscoveryClient-CacheRefreshExecutor-0] [                                                 ] o.s.web.client.RestTemplate              : Reading to [org.springframework.cloud.netflix.eureka.http.EurekaApplications]
2026-02-22T11:32:02.403+05:30 DEBUG 18456 --- [UserService] [DiscoveryClient-HeartbeatExecutor-0] [                                                 ] o.s.web.client.RestTemplate              : HTTP PUT http://localhost:8761/eureka/apps/USERSERVICE/DESKTOP-ECRRR37.mshome.net:UserService:8081?status=UP&lastDirtyTimestamp=1771738480079
2026-02-22T11:32:02.404+05:30 DEBUG 18456 --- [UserService] [DiscoveryClient-HeartbeatExecutor-0] [                                                 ] o.s.web.client.RestTemplate              : Accept=[application/json, application/*+json]
2026-02-22T11:32:02.423+05:30 DEBUG 18456 --- [UserService] [DiscoveryClient-HeartbeatExecutor-0] [                                                 ] o.s.web.client.RestTemplate              : Response 200 OK
2026-02-22T11:32:06.706+05:30 DEBUG 18456 --- [UserService] [DiscoveryClient-CacheRefreshExecutor-0] [                                                 ] o.s.web.client.RestTemplate              : HTTP GET http://localhost:8761/eureka/apps/delta
2026-02-22T11:32:06.783+05:30 DEBUG 18456 --- [UserService] [DiscoveryClient-CacheRefreshExecutor-0] [                                                 ] o.s.web.client.RestTemplate              : Accept=[application/json, application/*+json]
2026-02-22T11:32:06.792+05:30 DEBUG 18456 --- [UserService] [DiscoveryClient-CacheRefreshExecutor-0] [                                                 ] o.s.web.client.RestTemplate              : Response 200 OK
2026-02-22T11:32:06.793+05:30 DEBUG 18456 --- [UserService] [DiscoveryClient-CacheRefreshExecutor-0] [                                                 ] o.s.web.client.RestTemplate              : Reading to [org.springframework.cloud.netflix.eureka.http.EurekaApplications]
2026-02-22T11:32:32.432+05:30 DEBUG 18456 --- [UserService] [DiscoveryClient-HeartbeatExecutor-0] [                                                 ] o.s.web.client.RestTemplate              : HTTP PUT http://localhost:8761/eureka/apps/USERSERVICE/DESKTOP-ECRRR37.mshome.net:UserService:8081?status=UP&lastDirtyTimestamp=1771738480079
2026-02-22T11:32:32.432+05:30 DEBUG 18456 --- [UserService] [DiscoveryClient-HeartbeatExecutor-0] [                                                 ] o.s.web.client.RestTemplate              : Accept=[application/json, application/*+json]
2026-02-22T11:32:33.286+05:30 DEBUG 18456 --- [UserService] [DiscoveryClient-HeartbeatExecutor-0] [                                                 ] o.s.web.client.RestTemplate              : Response 200 OK
2026-02-22T11:32:37.545+05:30 DEBUG 18456 --- [UserService] [DiscoveryClient-CacheRefreshExecutor-0] [                                                 ] o.s.web.client.RestTemplate              : HTTP GET http://localhost:8761/eureka/apps/delta
2026-02-22T11:32:37.545+05:30 DEBUG 18456 --- [UserService] [DiscoveryClient-CacheRefreshExecutor-0] [                                                 ] o.s.web.client.RestTemplate              : Accept=[application/json, application/*+json]
2026-02-22T11:32:37.560+05:30 DEBUG 18456 --- [UserService] [DiscoveryClient-CacheRefreshExecutor-0] [                                                 ] o.s.web.client.RestTemplate              : Response 200 OK
2026-02-22T11:32:37.561+05:30 DEBUG 18456 --- [UserService] [DiscoveryClient-CacheRefreshExecutor-0] [                                                 ] o.s.web.client.RestTemplate              : Reading to [org.springframework.cloud.netflix.eureka.http.EurekaApplications]
2026-02-22T11:33:03.293+05:30 DEBUG 18456 --- [UserService] [DiscoveryClient-HeartbeatExecutor-0] [                                                 ] o.s.web.client.RestTemplate              : HTTP PUT http://localhost:8761/eureka/apps/USERSERVICE/DESKTOP-ECRRR37.mshome.net:UserService:8081?status=UP&lastDirtyTimestamp=1771738480079
2026-02-22T11:33:03.294+05:30 DEBUG 18456 --- [UserService] [DiscoveryClient-HeartbeatExecutor-0] [                                                 ] o.s.web.client.RestTemplate              : Accept=[application/json, application/*+json]
2026-02-22T11:33:03.319+05:30 DEBUG 18456 --- [UserService] [DiscoveryClient-HeartbeatExecutor-0] [                                                 ] o.s.web.client.RestTemplate              : Response 200 OK
2026-02-22T11:33:07.614+05:30 DEBUG 18456 --- [UserService] [DiscoveryClient-CacheRefreshExecutor-0] [                                                 ] o.s.web.client.RestTemplate              : HTTP GET http://localhost:8761/eureka/apps/delta
2026-02-22T11:33:07.615+05:30 DEBUG 18456 --- [UserService] [DiscoveryClient-CacheRefreshExecutor-0] [                                                 ] o.s.web.client.RestTemplate              : Accept=[application/json, application/*+json]
2026-02-22T11:33:07.631+05:30 DEBUG 18456 --- [UserService] [DiscoveryClient-CacheRefreshExecutor-0] [                                                 ] o.s.web.client.RestTemplate              : Response 200 OK
2026-02-22T11:33:07.632+05:30 DEBUG 18456 --- [UserService] [DiscoveryClient-CacheRefreshExecutor-0] [                                                 ] o.s.web.client.RestTemplate              : Reading to [org.springframework.cloud.netflix.eureka.http.EurekaApplications]
2026-02-22T11:33:33.333+05:30 DEBUG 18456 --- [UserService] [DiscoveryClient-HeartbeatExecutor-0] [                                                 ] o.s.web.client.RestTemplate              : HTTP PUT http://localhost:8761/eureka/apps/USERSERVICE/DESKTOP-ECRRR37.mshome.net:UserService:8081?status=UP&lastDirtyTimestamp=1771738480079
2026-02-22T11:33:33.334+05:30 DEBUG 18456 --- [UserService] [DiscoveryClient-HeartbeatExecutor-0] [                                                 ] o.s.web.client.RestTemplate              : Accept=[application/json, application/*+json]
2026-02-22T11:33:33.351+05:30 DEBUG 18456 --- [UserService] [DiscoveryClient-HeartbeatExecutor-0] [                                                 ] o.s.web.client.RestTemplate              : Response 200 OK
2026-02-22T11:33:37.644+05:30 DEBUG 18456 --- [UserService] [DiscoveryClient-CacheRefreshExecutor-0] [                                                 ] o.s.web.client.RestTemplate              : HTTP GET http://localhost:8761/eureka/apps/delta
2026-02-22T11:33:37.644+05:30 DEBUG 18456 --- [UserService] [DiscoveryClient-CacheRefreshExecutor-0] [                                                 ] o.s.web.client.RestTemplate              : Accept=[application/json, application/*+json]
2026-02-22T11:33:37.662+05:30 DEBUG 18456 --- [UserService] [DiscoveryClient-CacheRefreshExecutor-0] [                                                 ] o.s.web.client.RestTemplate              : Response 200 OK
2026-02-22T11:33:37.663+05:30 DEBUG 18456 --- [UserService] [DiscoveryClient-CacheRefreshExecutor-0] [                                                 ] o.s.web.client.RestTemplate              : Reading to [org.springframework.cloud.netflix.eureka.http.EurekaApplications]
2026-02-22T11:33:45.456+05:30 DEBUG 18456 --- [UserService] [AsyncReporter{org.springframework.boot.actuate.autoconfigure.tracing.zipkin.ZipkinRestTemplateSender@5ac0cb9b}] [                                                 ] o.s.web.client.RestTemplate              : HTTP POST http://localhost:9411/api/v2/spans
2026-02-22T11:33:45.461+05:30 DEBUG 18456 --- [UserService] [AsyncReporter{org.springframework.boot.actuate.autoconfigure.tracing.zipkin.ZipkinRestTemplateSender@5ac0cb9b}] [                                                 ] o.s.web.client.RestTemplate              : Accept=[application/json, application/*+json]
2026-02-22T11:33:45.462+05:30 DEBUG 18456 --- [UserService] [AsyncReporter{org.springframework.boot.actuate.autoconfigure.tracing.zipkin.ZipkinRestTemplateSender@5ac0cb9b}] [                                                 ] o.s.web.client.RestTemplate              : Writing [[B@71d1367e] as "application/json"
2026-02-22T11:33:45.506+05:30 DEBUG 18456 --- [UserService] [AsyncReporter{org.springframework.boot.actuate.autoconfigure.tracing.zipkin.ZipkinRestTemplateSender@5ac0cb9b}] [                                                 ] o.s.web.client.RestTemplate              : Response 202 ACCEPTED
2026-02-22T11:34:03.354+05:30 DEBUG 18456 --- [UserService] [DiscoveryClient-HeartbeatExecutor-0] [                                                 ] o.s.web.client.RestTemplate              : HTTP PUT http://localhost:8761/eureka/apps/USERSERVICE/DESKTOP-ECRRR37.mshome.net:UserService:8081?status=UP&lastDirtyTimestamp=1771738480079
2026-02-22T11:34:03.355+05:30 DEBUG 18456 --- [UserService] [DiscoveryClient-HeartbeatExecutor-0] [                                                 ] o.s.web.client.RestTemplate              : Accept=[application/json, application/*+json]
2026-02-22T11:34:03.670+05:30 DEBUG 18456 --- [UserService] [DiscoveryClient-HeartbeatExecutor-0] [                                                 ] o.s.web.client.RestTemplate              : Response 200 OK
2026-02-22T11:34:06.951+05:30 DEBUG 18456 --- [UserService] [AsyncReporter{org.springframework.boot.actuate.autoconfigure.tracing.zipkin.ZipkinRestTemplateSender@5ac0cb9b}] [                                                 ] o.s.web.client.RestTemplate              : HTTP POST http://localhost:9411/api/v2/spans
2026-02-22T11:34:06.992+05:30 DEBUG 18456 --- [UserService] [AsyncReporter{org.springframework.boot.actuate.autoconfigure.tracing.zipkin.ZipkinRestTemplateSender@5ac0cb9b}] [                                                 ] o.s.web.client.RestTemplate              : Accept=[application/json, application/*+json]
2026-02-22T11:34:06.993+05:30 DEBUG 18456 --- [UserService] [AsyncReporter{org.springframework.boot.actuate.autoconfigure.tracing.zipkin.ZipkinRestTemplateSender@5ac0cb9b}] [                                                 ] o.s.web.client.RestTemplate              : Writing [[B@7043886d] as "application/json"
2026-02-22T11:34:07.416+05:30 DEBUG 18456 --- [UserService] [AsyncReporter{org.springframework.boot.actuate.autoconfigure.tracing.zipkin.ZipkinRestTemplateSender@5ac0cb9b}] [                                                 ] o.s.web.client.RestTemplate              : Response 202 ACCEPTED
2026-02-22T11:34:07.676+05:30 DEBUG 18456 --- [UserService] [DiscoveryClient-CacheRefreshExecutor-0] [                                                 ] o.s.web.client.RestTemplate              : HTTP GET http://localhost:8761/eureka/apps/delta
2026-02-22T11:34:07.676+05:30 DEBUG 18456 --- [UserService] [DiscoveryClient-CacheRefreshExecutor-0] [                                                 ] o.s.web.client.RestTemplate              : Accept=[application/json, application/*+json]
2026-02-22T11:34:07.858+05:30 DEBUG 18456 --- [UserService] [DiscoveryClient-CacheRefreshExecutor-0] [                                                 ] o.s.web.client.RestTemplate              : Response 200 OK
2026-02-22T11:34:08.235+05:30 DEBUG 18456 --- [UserService] [DiscoveryClient-CacheRefreshExecutor-0] [                                                 ] o.s.web.client.RestTemplate              : Reading to [org.springframework.cloud.netflix.eureka.http.EurekaApplications]
2026-02-22T11:34:33.879+05:30 DEBUG 18456 --- [UserService] [DiscoveryClient-HeartbeatExecutor-0] [                                                 ] o.s.web.client.RestTemplate              : HTTP PUT http://localhost:8761/eureka/apps/USERSERVICE/DESKTOP-ECRRR37.mshome.net:UserService:8081?status=UP&lastDirtyTimestamp=1771738480079
2026-02-22T11:34:33.956+05:30 DEBUG 18456 --- [UserService] [DiscoveryClient-HeartbeatExecutor-0] [                                                 ] o.s.web.client.RestTemplate              : Accept=[application/json, application/*+json]
2026-02-22T11:34:33.969+05:30 DEBUG 18456 --- [UserService] [DiscoveryClient-HeartbeatExecutor-0] [                                                 ] o.s.web.client.RestTemplate              : Response 200 OK
2026-02-22T11:34:38.242+05:30 DEBUG 18456 --- [UserService] [DiscoveryClient-CacheRefreshExecutor-0] [                                                 ] o.s.web.client.RestTemplate              : HTTP GET http://localhost:8761/eureka/apps/delta
2026-02-22T11:34:38.244+05:30 DEBUG 18456 --- [UserService] [DiscoveryClient-CacheRefreshExecutor-0] [                                                 ] o.s.web.client.RestTemplate              : Accept=[application/json, application/*+json]
2026-02-22T11:34:38.262+05:30 DEBUG 18456 --- [UserService] [DiscoveryClient-CacheRefreshExecutor-0] [                                                 ] o.s.web.client.RestTemplate              : Response 200 OK
2026-02-22T11:34:38.264+05:30 DEBUG 18456 --- [UserService] [DiscoveryClient-CacheRefreshExecutor-0] [                                                 ] o.s.web.client.RestTemplate              : Reading to [org.springframework.cloud.netflix.eureka.http.EurekaApplications]
2026-02-22T11:34:40.688+05:30  INFO 18456 --- [UserService] [AsyncResolver-bootstrap-executor-0] [                                                 ] c.n.d.s.r.aws.ConfigClusterResolver      : Resolving eureka endpoints via configuration
2026-02-22T11:35:03.976+05:30 DEBUG 18456 --- [UserService] [DiscoveryClient-HeartbeatExecutor-0] [                                                 ] o.s.web.client.RestTemplate              : HTTP PUT http://localhost:8761/eureka/apps/USERSERVICE/DESKTOP-ECRRR37.mshome.net:UserService:8081?status=UP&lastDirtyTimestamp=1771738480079
2026-02-22T11:35:03.977+05:30 DEBUG 18456 --- [UserService] [DiscoveryClient-HeartbeatExecutor-0] [                                                 ] o.s.web.client.RestTemplate              : Accept=[application/json, application/*+json]
2026-02-22T11:35:03.997+05:30 DEBUG 18456 --- [UserService] [DiscoveryClient-HeartbeatExecutor-0] [                                                 ] o.s.web.client.RestTemplate              : Response 200 OK
2026-02-22T11:35:08.282+05:30 DEBUG 18456 --- [UserService] [DiscoveryClient-CacheRefreshExecutor-0] [                                                 ] o.s.web.client.RestTemplate              : HTTP GET http://localhost:8761/eureka/apps/delta
2026-02-22T11:35:08.282+05:30 DEBUG 18456 --- [UserService] [DiscoveryClient-CacheRefreshExecutor-0] [                                                 ] o.s.web.client.RestTemplate              : Accept=[application/json, application/*+json]
2026-02-22T11:35:08.290+05:30 DEBUG 18456 --- [UserService] [DiscoveryClient-CacheRefreshExecutor-0] [                                                 ] o.s.web.client.RestTemplate              : Response 200 OK
2026-02-22T11:35:08.291+05:30 DEBUG 18456 --- [UserService] [DiscoveryClient-CacheRefreshExecutor-0] [                                                 ] o.s.web.client.RestTemplate              : Reading to [org.springframework.cloud.netflix.eureka.http.EurekaApplications]
2026-02-22T11:35:34.005+05:30 DEBUG 18456 --- [UserService] [DiscoveryClient-HeartbeatExecutor-0] [                                                 ] o.s.web.client.RestTemplate              : HTTP PUT http://localhost:8761/eureka/apps/USERSERVICE/DESKTOP-ECRRR37.mshome.net:UserService:8081?status=UP&lastDirtyTimestamp=1771738480079
2026-02-22T11:35:34.191+05:30 DEBUG 18456 --- [UserService] [DiscoveryClient-HeartbeatExecutor-0] [                                                 ] o.s.web.client.RestTemplate              : Accept=[application/json, application/*+json]
2026-02-22T11:35:34.382+05:30 DEBUG 18456 --- [UserService] [DiscoveryClient-HeartbeatExecutor-0] [                                                 ] o.s.web.client.RestTemplate              : Response 200 OK
2026-02-22T11:35:38.298+05:30 DEBUG 18456 --- [UserService] [DiscoveryClient-CacheRefreshExecutor-0] [                                                 ] o.s.web.client.RestTemplate              : HTTP GET http://localhost:8761/eureka/apps/delta
2026-02-22T11:35:38.298+05:30 DEBUG 18456 --- [UserService] [DiscoveryClient-CacheRefreshExecutor-0] [                                                 ] o.s.web.client.RestTemplate              : Accept=[application/json, application/*+json]
2026-02-22T11:35:38.316+05:30 DEBUG 18456 --- [UserService] [DiscoveryClient-CacheRefreshExecutor-0] [                                                 ] o.s.web.client.RestTemplate              : Response 200 OK
2026-02-22T11:35:38.316+05:30 DEBUG 18456 --- [UserService] [DiscoveryClient-CacheRefreshExecutor-0] [                                                 ] o.s.web.client.RestTemplate              : Reading to [org.springframework.cloud.netflix.eureka.http.EurekaApplications]
2026-02-22T11:36:04.570+05:30 DEBUG 18456 --- [UserService] [DiscoveryClient-HeartbeatExecutor-0] [                                                 ] o.s.web.client.RestTemplate              : HTTP PUT http://localhost:8761/eureka/apps/USERSERVICE/DESKTOP-ECRRR37.mshome.net:UserService:8081?status=UP&lastDirtyTimestamp=1771738480079
2026-02-22T11:36:04.571+05:30 DEBUG 18456 --- [UserService] [DiscoveryClient-HeartbeatExecutor-0] [                                                 ] o.s.web.client.RestTemplate              : Accept=[application/json, application/*+json]
2026-02-22T11:36:04.586+05:30 DEBUG 18456 --- [UserService] [DiscoveryClient-HeartbeatExecutor-0] [                                                 ] o.s.web.client.RestTemplate              : Response 200 OK
2026-02-22T11:36:08.325+05:30 DEBUG 18456 --- [UserService] [DiscoveryClient-CacheRefreshExecutor-0] [                                                 ] o.s.web.client.RestTemplate              : HTTP GET http://localhost:8761/eureka/apps/delta
2026-02-22T11:36:08.325+05:30 DEBUG 18456 --- [UserService] [DiscoveryClient-CacheRefreshExecutor-0] [                                                 ] o.s.web.client.RestTemplate              : Accept=[application/json, application/*+json]
2026-02-22T11:36:08.341+05:30 DEBUG 18456 --- [UserService] [DiscoveryClient-CacheRefreshExecutor-0] [                                                 ] o.s.web.client.RestTemplate              : Response 200 OK
2026-02-22T11:36:08.343+05:30 DEBUG 18456 --- [UserService] [DiscoveryClient-CacheRefreshExecutor-0] [                                                 ] o.s.web.client.RestTemplate              : Reading to [org.springframework.cloud.netflix.eureka.http.EurekaApplications]
2026-02-22T11:36:34.606+05:30 DEBUG 18456 --- [UserService] [DiscoveryClient-HeartbeatExecutor-0] [                                                 ] o.s.web.client.RestTemplate              : HTTP PUT http://localhost:8761/eureka/apps/USERSERVICE/DESKTOP-ECRRR37.mshome.net:UserService:8081?status=UP&lastDirtyTimestamp=1771738480079
2026-02-22T11:36:34.610+05:30 DEBUG 18456 --- [UserService] [DiscoveryClient-HeartbeatExecutor-0] [                                                 ] o.s.web.client.RestTemplate              : Accept=[application/json, application/*+json]
2026-02-22T11:36:34.657+05:30 DEBUG 18456 --- [UserService] [DiscoveryClient-HeartbeatExecutor-0] [                                                 ] o.s.web.client.RestTemplate              : Response 200 OK
2026-02-22T11:36:38.362+05:30 DEBUG 18456 --- [UserService] [DiscoveryClient-CacheRefreshExecutor-0] [                                                 ] o.s.web.client.RestTemplate              : HTTP GET http://localhost:8761/eureka/apps/delta
2026-02-22T11:36:38.373+05:30 DEBUG 18456 --- [UserService] [DiscoveryClient-CacheRefreshExecutor-0] [                                                 ] o.s.web.client.RestTemplate              : Accept=[application/json, application/*+json]
2026-02-22T11:36:38.407+05:30 DEBUG 18456 --- [UserService] [DiscoveryClient-CacheRefreshExecutor-0] [                                                 ] o.s.web.client.RestTemplate              : Response 200 OK
2026-02-22T11:36:38.411+05:30 DEBUG 18456 --- [UserService] [DiscoveryClient-CacheRefreshExecutor-0] [                                                 ] o.s.web.client.RestTemplate              : Reading to [org.springframework.cloud.netflix.eureka.http.EurekaApplications]
2026-02-22T11:37:04.662+05:30 DEBUG 18456 --- [UserService] [DiscoveryClient-HeartbeatExecutor-0] [                                                 ] o.s.web.client.RestTemplate              : HTTP PUT http://localhost:8761/eureka/apps/USERSERVICE/DESKTOP-ECRRR37.mshome.net:UserService:8081?status=UP&lastDirtyTimestamp=1771738480079
2026-02-22T11:37:04.666+05:30 DEBUG 18456 --- [UserService] [DiscoveryClient-HeartbeatExecutor-0] [                                                 ] o.s.web.client.RestTemplate              : Accept=[application/json, application/*+json]
2026-02-22T11:37:04.682+05:30 DEBUG 18456 --- [UserService] [DiscoveryClient-HeartbeatExecutor-0] [                                                 ] o.s.web.client.RestTemplate              : Response 200 OK
2026-02-22T11:37:08.513+05:30 DEBUG 18456 --- [UserService] [DiscoveryClient-CacheRefreshExecutor-0] [                                                 ] o.s.web.client.RestTemplate              : HTTP GET http://localhost:8761/eureka/apps/delta
2026-02-22T11:37:08.514+05:30 DEBUG 18456 --- [UserService] [DiscoveryClient-CacheRefreshExecutor-0] [                                                 ] o.s.web.client.RestTemplate              : Accept=[application/json, application/*+json]
2026-02-22T11:37:08.533+05:30 DEBUG 18456 --- [UserService] [DiscoveryClient-CacheRefreshExecutor-0] [                                                 ] o.s.web.client.RestTemplate              : Response 200 OK
2026-02-22T11:37:08.535+05:30 DEBUG 18456 --- [UserService] [DiscoveryClient-CacheRefreshExecutor-0] [                                                 ] o.s.web.client.RestTemplate              : Reading to [org.springframework.cloud.netflix.eureka.http.EurekaApplications]
2026-02-22T11:37:34.695+05:30 DEBUG 18456 --- [UserService] [DiscoveryClient-HeartbeatExecutor-0] [                                                 ] o.s.web.client.RestTemplate              : HTTP PUT http://localhost:8761/eureka/apps/USERSERVICE/DESKTOP-ECRRR37.mshome.net:UserService:8081?status=UP&lastDirtyTimestamp=1771738480079
2026-02-22T11:37:34.697+05:30 DEBUG 18456 --- [UserService] [DiscoveryClient-HeartbeatExecutor-0] [                                                 ] o.s.web.client.RestTemplate              : Accept=[application/json, application/*+json]
2026-02-22T11:37:34.714+05:30 DEBUG 18456 --- [UserService] [DiscoveryClient-HeartbeatExecutor-0] [                                                 ] o.s.web.client.RestTemplate              : Response 200 OK
2026-02-22T11:37:38.545+05:30 DEBUG 18456 --- [UserService] [DiscoveryClient-CacheRefreshExecutor-0] [                                                 ] o.s.web.client.RestTemplate              : HTTP GET http://localhost:8761/eureka/apps/delta
2026-02-22T11:37:38.545+05:30 DEBUG 18456 --- [UserService] [DiscoveryClient-CacheRefreshExecutor-0] [                                                 ] o.s.web.client.RestTemplate              : Accept=[application/json, application/*+json]
2026-02-22T11:37:38.574+05:30 DEBUG 18456 --- [UserService] [DiscoveryClient-CacheRefreshExecutor-0] [                                                 ] o.s.web.client.RestTemplate              : Response 200 OK
2026-02-22T11:37:38.575+05:30 DEBUG 18456 --- [UserService] [DiscoveryClient-CacheRefreshExecutor-0] [                                                 ] o.s.web.client.RestTemplate              : Reading to [org.springframework.cloud.netflix.eureka.http.EurekaApplications]
2026-02-22T11:37:57.455+05:30 DEBUG 18456 --- [UserService] [AsyncReporter{org.springframework.boot.actuate.autoconfigure.tracing.zipkin.ZipkinRestTemplateSender@5ac0cb9b}] [                                                 ] o.s.web.client.RestTemplate              : HTTP POST http://localhost:9411/api/v2/spans
2026-02-22T11:37:57.727+05:30 DEBUG 18456 --- [UserService] [AsyncReporter{org.springframework.boot.actuate.autoconfigure.tracing.zipkin.ZipkinRestTemplateSender@5ac0cb9b}] [                                                 ] o.s.web.client.RestTemplate              : Accept=[application/json, application/*+json]
2026-02-22T11:37:57.728+05:30 DEBUG 18456 --- [UserService] [AsyncReporter{org.springframework.boot.actuate.autoconfigure.tracing.zipkin.ZipkinRestTemplateSender@5ac0cb9b}] [                                                 ] o.s.web.client.RestTemplate              : Writing [[B@3d771d9c] as "application/json"
2026-02-22T11:37:57.950+05:30 DEBUG 18456 --- [UserService] [AsyncReporter{org.springframework.boot.actuate.autoconfigure.tracing.zipkin.ZipkinRestTemplateSender@5ac0cb9b}] [                                                 ] o.s.web.client.RestTemplate              : Response 202 ACCEPTED
2026-02-22T11:37:59.973+05:30 DEBUG 18456 --- [UserService] [AsyncReporter{org.springframework.boot.actuate.autoconfigure.tracing.zipkin.ZipkinRestTemplateSender@5ac0cb9b}] [                                                 ] o.s.web.client.RestTemplate              : HTTP POST http://localhost:9411/api/v2/spans
2026-02-22T11:37:59.974+05:30 DEBUG 18456 --- [UserService] [AsyncReporter{org.springframework.boot.actuate.autoconfigure.tracing.zipkin.ZipkinRestTemplateSender@5ac0cb9b}] [                                                 ] o.s.web.client.RestTemplate              : Accept=[application/json, application/*+json]
2026-02-22T11:37:59.974+05:30 DEBUG 18456 --- [UserService] [AsyncReporter{org.springframework.boot.actuate.autoconfigure.tracing.zipkin.ZipkinRestTemplateSender@5ac0cb9b}] [                                                 ] o.s.web.client.RestTemplate              : Writing [[B@2cae0193] as "application/json"
2026-02-22T11:38:00.026+05:30 DEBUG 18456 --- [UserService] [AsyncReporter{org.springframework.boot.actuate.autoconfigure.tracing.zipkin.ZipkinRestTemplateSender@5ac0cb9b}] [                                                 ] o.s.web.client.RestTemplate              : Response 202 ACCEPTED
2026-02-22T11:38:04.726+05:30 DEBUG 18456 --- [UserService] [DiscoveryClient-HeartbeatExecutor-0] [                                                 ] o.s.web.client.RestTemplate              : HTTP PUT http://localhost:8761/eureka/apps/USERSERVICE/DESKTOP-ECRRR37.mshome.net:UserService:8081?status=UP&lastDirtyTimestamp=1771738480079
2026-02-22T11:38:04.726+05:30 DEBUG 18456 --- [UserService] [DiscoveryClient-HeartbeatExecutor-0] [                                                 ] o.s.web.client.RestTemplate              : Accept=[application/json, application/*+json]
2026-02-22T11:38:05.210+05:30 DEBUG 18456 --- [UserService] [DiscoveryClient-HeartbeatExecutor-0] [                                                 ] o.s.web.client.RestTemplate              : Response 200 OK
2026-02-22T11:38:08.579+05:30 DEBUG 18456 --- [UserService] [DiscoveryClient-CacheRefreshExecutor-0] [                                                 ] o.s.web.client.RestTemplate              : HTTP GET http://localhost:8761/eureka/apps/delta
2026-02-22T11:38:08.710+05:30 DEBUG 18456 --- [UserService] [DiscoveryClient-CacheRefreshExecutor-0] [                                                 ] o.s.web.client.RestTemplate              : Accept=[application/json, application/*+json]
2026-02-22T11:38:09.399+05:30 DEBUG 18456 --- [UserService] [DiscoveryClient-CacheRefreshExecutor-0] [                                                 ] o.s.web.client.RestTemplate              : Response 200 OK
2026-02-22T11:38:09.595+05:30 DEBUG 18456 --- [UserService] [DiscoveryClient-CacheRefreshExecutor-0] [                                                 ] o.s.web.client.RestTemplate              : Reading to [org.springframework.cloud.netflix.eureka.http.EurekaApplications]
2026-02-22T11:38:35.229+05:30 DEBUG 18456 --- [UserService] [DiscoveryClient-HeartbeatExecutor-0] [                                                 ] o.s.web.client.RestTemplate              : HTTP PUT http://localhost:8761/eureka/apps/USERSERVICE/DESKTOP-ECRRR37.mshome.net:UserService:8081?status=UP&lastDirtyTimestamp=1771738480079
2026-02-22T11:38:35.230+05:30 DEBUG 18456 --- [UserService] [DiscoveryClient-HeartbeatExecutor-0] [                                                 ] o.s.web.client.RestTemplate              : Accept=[application/json, application/*+json]
2026-02-22T11:38:35.246+05:30 DEBUG 18456 --- [UserService] [DiscoveryClient-HeartbeatExecutor-0] [                                                 ] o.s.web.client.RestTemplate              : Response 200 OK
2026-02-22T11:38:39.826+05:30 DEBUG 18456 --- [UserService] [DiscoveryClient-CacheRefreshExecutor-0] [                                                 ] o.s.web.client.RestTemplate              : HTTP GET http://localhost:8761/eureka/apps/delta
2026-02-22T11:38:39.826+05:30 DEBUG 18456 --- [UserService] [DiscoveryClient-CacheRefreshExecutor-0] [                                                 ] o.s.web.client.RestTemplate              : Accept=[application/json, application/*+json]
2026-02-22T11:38:39.843+05:30 DEBUG 18456 --- [UserService] [DiscoveryClient-CacheRefreshExecutor-0] [                                                 ] o.s.web.client.RestTemplate              : Response 200 OK
2026-02-22T11:38:39.844+05:30 DEBUG 18456 --- [UserService] [DiscoveryClient-CacheRefreshExecutor-0] [                                                 ] o.s.web.client.RestTemplate              : Reading to [org.springframework.cloud.netflix.eureka.http.EurekaApplications]
2026-02-22T11:39:05.255+05:30 DEBUG 18456 --- [UserService] [DiscoveryClient-HeartbeatExecutor-0] [                                                 ] o.s.web.client.RestTemplate              : HTTP PUT http://localhost:8761/eureka/apps/USERSERVICE/DESKTOP-ECRRR37.mshome.net:UserService:8081?status=UP&lastDirtyTimestamp=1771738480079
2026-02-22T11:39:05.256+05:30 DEBUG 18456 --- [UserService] [DiscoveryClient-HeartbeatExecutor-0] [                                                 ] o.s.web.client.RestTemplate              : Accept=[application/json, application/*+json]
2026-02-22T11:39:06.271+05:30 DEBUG 18456 --- [UserService] [DiscoveryClient-HeartbeatExecutor-0] [                                                 ] o.s.web.client.RestTemplate              : Response 200 OK
2026-02-22T11:39:09.882+05:30 DEBUG 18456 --- [UserService] [DiscoveryClient-CacheRefreshExecutor-0] [                                                 ] o.s.web.client.RestTemplate              : HTTP GET http://localhost:8761/eureka/apps/delta
2026-02-22T11:39:10.110+05:30 DEBUG 18456 --- [UserService] [DiscoveryClient-CacheRefreshExecutor-0] [                                                 ] o.s.web.client.RestTemplate              : Accept=[application/json, application/*+json]
2026-02-22T11:39:10.123+05:30 DEBUG 18456 --- [UserService] [DiscoveryClient-CacheRefreshExecutor-0] [                                                 ] o.s.web.client.RestTemplate              : Response 200 OK
2026-02-22T11:39:10.182+05:30 DEBUG 18456 --- [UserService] [DiscoveryClient-CacheRefreshExecutor-0] [                                                 ] o.s.web.client.RestTemplate              : Reading to [org.springframework.cloud.netflix.eureka.http.EurekaApplications]
2026-02-22T11:39:36.292+05:30 DEBUG 18456 --- [UserService] [DiscoveryClient-HeartbeatExecutor-0] [                                                 ] o.s.web.client.RestTemplate              : HTTP PUT http://localhost:8761/eureka/apps/USERSERVICE/DESKTOP-ECRRR37.mshome.net:UserService:8081?status=UP&lastDirtyTimestamp=1771738480079
2026-02-22T11:39:36.296+05:30 DEBUG 18456 --- [UserService] [DiscoveryClient-HeartbeatExecutor-0] [                                                 ] o.s.web.client.RestTemplate              : Accept=[application/json, application/*+json]
2026-02-22T11:39:36.310+05:30 DEBUG 18456 --- [UserService] [DiscoveryClient-HeartbeatExecutor-0] [                                                 ] o.s.web.client.RestTemplate              : Response 200 OK
2026-02-22T11:39:40.194+05:30 DEBUG 18456 --- [UserService] [DiscoveryClient-CacheRefreshExecutor-0] [                                                 ] o.s.web.client.RestTemplate              : HTTP GET http://localhost:8761/eureka/apps/delta
2026-02-22T11:39:40.196+05:30 DEBUG 18456 --- [UserService] [DiscoveryClient-CacheRefreshExecutor-0] [                                                 ] o.s.web.client.RestTemplate              : Accept=[application/json, application/*+json]
2026-02-22T11:39:40.214+05:30 DEBUG 18456 --- [UserService] [DiscoveryClient-CacheRefreshExecutor-0] [                                                 ] o.s.web.client.RestTemplate              : Response 200 OK
2026-02-22T11:39:40.214+05:30 DEBUG 18456 --- [UserService] [DiscoveryClient-CacheRefreshExecutor-0] [                                                 ] o.s.web.client.RestTemplate              : Reading to [org.springframework.cloud.netflix.eureka.http.EurekaApplications]
2026-02-22T11:39:40.711+05:30  INFO 18456 --- [UserService] [AsyncResolver-bootstrap-executor-0] [                                                 ] c.n.d.s.r.aws.ConfigClusterResolver      : Resolving eureka endpoints via configuration
2026-02-22T11:40:06.324+05:30 DEBUG 18456 --- [UserService] [DiscoveryClient-HeartbeatExecutor-0] [                                                 ] o.s.web.client.RestTemplate              : HTTP PUT http://localhost:8761/eureka/apps/USERSERVICE/DESKTOP-ECRRR37.mshome.net:UserService:8081?status=UP&lastDirtyTimestamp=1771738480079
2026-02-22T11:40:06.324+05:30 DEBUG 18456 --- [UserService] [DiscoveryClient-HeartbeatExecutor-0] [                                                 ] o.s.web.client.RestTemplate              : Accept=[application/json, application/*+json]
2026-02-22T11:40:06.981+05:30 DEBUG 18456 --- [UserService] [DiscoveryClient-HeartbeatExecutor-0] [                                                 ] o.s.web.client.RestTemplate              : Response 200 OK
2026-02-22T11:40:10.220+05:30 DEBUG 18456 --- [UserService] [DiscoveryClient-CacheRefreshExecutor-0] [                                                 ] o.s.web.client.RestTemplate              : HTTP GET http://localhost:8761/eureka/apps/delta
2026-02-22T11:40:10.221+05:30 DEBUG 18456 --- [UserService] [DiscoveryClient-CacheRefreshExecutor-0] [                                                 ] o.s.web.client.RestTemplate              : Accept=[application/json, application/*+json]
2026-02-22T11:40:10.240+05:30 DEBUG 18456 --- [UserService] [DiscoveryClient-CacheRefreshExecutor-0] [                                                 ] o.s.web.client.RestTemplate              : Response 200 OK
2026-02-22T11:40:10.241+05:30 DEBUG 18456 --- [UserService] [DiscoveryClient-CacheRefreshExecutor-0] [                                                 ] o.s.web.client.RestTemplate              : Reading to [org.springframework.cloud.netflix.eureka.http.EurekaApplications]
2026-02-22T11:40:36.988+05:30 DEBUG 18456 --- [UserService] [DiscoveryClient-HeartbeatExecutor-0] [                                                 ] o.s.web.client.RestTemplate              : HTTP PUT http://localhost:8761/eureka/apps/USERSERVICE/DESKTOP-ECRRR37.mshome.net:UserService:8081?status=UP&lastDirtyTimestamp=1771738480079
2026-02-22T11:40:36.989+05:30 DEBUG 18456 --- [UserService] [DiscoveryClient-HeartbeatExecutor-0] [                                                 ] o.s.web.client.RestTemplate              : Accept=[application/json, application/*+json]
2026-02-22T11:40:37.009+05:30 DEBUG 18456 --- [UserService] [DiscoveryClient-HeartbeatExecutor-0] [                                                 ] o.s.web.client.RestTemplate              : Response 200 OK
2026-02-22T11:40:40.246+05:30 DEBUG 18456 --- [UserService] [DiscoveryClient-CacheRefreshExecutor-0] [                                                 ] o.s.web.client.RestTemplate              : HTTP GET http://localhost:8761/eureka/apps/delta
2026-02-22T11:40:40.247+05:30 DEBUG 18456 --- [UserService] [DiscoveryClient-CacheRefreshExecutor-0] [                                                 ] o.s.web.client.RestTemplate              : Accept=[application/json, application/*+json]
2026-02-22T11:40:40.264+05:30 DEBUG 18456 --- [UserService] [DiscoveryClient-CacheRefreshExecutor-0] [                                                 ] o.s.web.client.RestTemplate              : Response 200 OK
2026-02-22T11:40:40.279+05:30 DEBUG 18456 --- [UserService] [DiscoveryClient-CacheRefreshExecutor-0] [                                                 ] o.s.web.client.RestTemplate              : Reading to [org.springframework.cloud.netflix.eureka.http.EurekaApplications]
2026-02-22T11:41:07.015+05:30 DEBUG 18456 --- [UserService] [DiscoveryClient-HeartbeatExecutor-0] [                                                 ] o.s.web.client.RestTemplate              : HTTP PUT http://localhost:8761/eureka/apps/USERSERVICE/DESKTOP-ECRRR37.mshome.net:UserService:8081?status=UP&lastDirtyTimestamp=1771738480079
2026-02-22T11:41:07.090+05:30 DEBUG 18456 --- [UserService] [DiscoveryClient-HeartbeatExecutor-0] [                                                 ] o.s.web.client.RestTemplate              : Accept=[application/json, application/*+json]
2026-02-22T11:41:07.172+05:30 DEBUG 18456 --- [UserService] [DiscoveryClient-HeartbeatExecutor-0] [                                                 ] o.s.web.client.RestTemplate              : Response 200 OK
2026-02-22T11:41:10.347+05:30 DEBUG 18456 --- [UserService] [DiscoveryClient-CacheRefreshExecutor-0] [                                                 ] o.s.web.client.RestTemplate              : HTTP GET http://localhost:8761/eureka/apps/delta
2026-02-22T11:41:10.347+05:30 DEBUG 18456 --- [UserService] [DiscoveryClient-CacheRefreshExecutor-0] [                                                 ] o.s.web.client.RestTemplate              : Accept=[application/json, application/*+json]
2026-02-22T11:41:10.365+05:30 DEBUG 18456 --- [UserService] [DiscoveryClient-CacheRefreshExecutor-0] [                                                 ] o.s.web.client.RestTemplate              : Response 200 OK
2026-02-22T11:41:10.365+05:30 DEBUG 18456 --- [UserService] [DiscoveryClient-CacheRefreshExecutor-0] [                                                 ] o.s.web.client.RestTemplate              : Reading to [org.springframework.cloud.netflix.eureka.http.EurekaApplications]
2026-02-22T11:41:37.267+05:30 DEBUG 18456 --- [UserService] [DiscoveryClient-HeartbeatExecutor-0] [                                                 ] o.s.web.client.RestTemplate              : HTTP PUT http://localhost:8761/eureka/apps/USERSERVICE/DESKTOP-ECRRR37.mshome.net:UserService:8081?status=UP&lastDirtyTimestamp=1771738480079
2026-02-22T11:41:37.267+05:30 DEBUG 18456 --- [UserService] [DiscoveryClient-HeartbeatExecutor-0] [                                                 ] o.s.web.client.RestTemplate              : Accept=[application/json, application/*+json]
2026-02-22T11:41:37.335+05:30 DEBUG 18456 --- [UserService] [DiscoveryClient-HeartbeatExecutor-0] [                                                 ] o.s.web.client.RestTemplate              : Response 200 OK
2026-02-22T11:41:40.495+05:30 DEBUG 18456 --- [UserService] [DiscoveryClient-CacheRefreshExecutor-0] [                                                 ] o.s.web.client.RestTemplate              : HTTP GET http://localhost:8761/eureka/apps/delta
2026-02-22T11:41:40.495+05:30 DEBUG 18456 --- [UserService] [DiscoveryClient-CacheRefreshExecutor-0] [                                                 ] o.s.web.client.RestTemplate              : Accept=[application/json, application/*+json]
2026-02-22T11:41:40.964+05:30 DEBUG 18456 --- [UserService] [DiscoveryClient-CacheRefreshExecutor-0] [                                                 ] o.s.web.client.RestTemplate              : Response 200 OK
2026-02-22T11:41:41.013+05:30 DEBUG 18456 --- [UserService] [DiscoveryClient-CacheRefreshExecutor-0] [                                                 ] o.s.web.client.RestTemplate              : Reading to [org.springframework.cloud.netflix.eureka.http.EurekaApplications]
2026-02-22T11:42:07.474+05:30 DEBUG 18456 --- [UserService] [DiscoveryClient-HeartbeatExecutor-0] [                                                 ] o.s.web.client.RestTemplate              : HTTP PUT http://localhost:8761/eureka/apps/USERSERVICE/DESKTOP-ECRRR37.mshome.net:UserService:8081?status=UP&lastDirtyTimestamp=1771738480079
2026-02-22T11:42:07.475+05:30 DEBUG 18456 --- [UserService] [DiscoveryClient-HeartbeatExecutor-0] [                                                 ] o.s.web.client.RestTemplate              : Accept=[application/json, application/*+json]
2026-02-22T11:42:07.503+05:30 DEBUG 18456 --- [UserService] [DiscoveryClient-HeartbeatExecutor-0] [                                                 ] o.s.web.client.RestTemplate              : Response 200 OK
2026-02-22T11:42:11.036+05:30 DEBUG 18456 --- [UserService] [DiscoveryClient-CacheRefreshExecutor-0] [                                                 ] o.s.web.client.RestTemplate              : HTTP GET http://localhost:8761/eureka/apps/delta
2026-02-22T11:42:11.036+05:30 DEBUG 18456 --- [UserService] [DiscoveryClient-CacheRefreshExecutor-0] [                                                 ] o.s.web.client.RestTemplate              : Accept=[application/json, application/*+json]
2026-02-22T11:42:11.054+05:30 DEBUG 18456 --- [UserService] [DiscoveryClient-CacheRefreshExecutor-0] [                                                 ] o.s.web.client.RestTemplate              : Response 200 OK
2026-02-22T11:42:11.055+05:30 DEBUG 18456 --- [UserService] [DiscoveryClient-CacheRefreshExecutor-0] [                                                 ] o.s.web.client.RestTemplate              : Reading to [org.springframework.cloud.netflix.eureka.http.EurekaApplications]
2026-02-22T11:42:37.516+05:30 DEBUG 18456 --- [UserService] [DiscoveryClient-HeartbeatExecutor-0] [                                                 ] o.s.web.client.RestTemplate              : HTTP PUT http://localhost:8761/eureka/apps/USERSERVICE/DESKTOP-ECRRR37.mshome.net:UserService:8081?status=UP&lastDirtyTimestamp=1771738480079
2026-02-22T11:42:37.518+05:30 DEBUG 18456 --- [UserService] [DiscoveryClient-HeartbeatExecutor-0] [                                                 ] o.s.web.client.RestTemplate              : Accept=[application/json, application/*+json]
2026-02-22T11:42:37.532+05:30 DEBUG 18456 --- [UserService] [DiscoveryClient-HeartbeatExecutor-0] [                                                 ] o.s.web.client.RestTemplate              : Response 200 OK
2026-02-22T11:42:41.085+05:30 DEBUG 18456 --- [UserService] [DiscoveryClient-CacheRefreshExecutor-0] [                                                 ] o.s.web.client.RestTemplate              : HTTP GET http://localhost:8761/eureka/apps/delta
2026-02-22T11:42:41.087+05:30 DEBUG 18456 --- [UserService] [DiscoveryClient-CacheRefreshExecutor-0] [                                                 ] o.s.web.client.RestTemplate              : Accept=[application/json, application/*+json]
2026-02-22T11:42:41.103+05:30 DEBUG 18456 --- [UserService] [DiscoveryClient-CacheRefreshExecutor-0] [                                                 ] o.s.web.client.RestTemplate              : Response 200 OK
2026-02-22T11:42:41.104+05:30 DEBUG 18456 --- [UserService] [DiscoveryClient-CacheRefreshExecutor-0] [                                                 ] o.s.web.client.RestTemplate              : Reading to [org.springframework.cloud.netflix.eureka.http.EurekaApplications]
2026-02-22T11:43:07.548+05:30 DEBUG 18456 --- [UserService] [DiscoveryClient-HeartbeatExecutor-0] [                                                 ] o.s.web.client.RestTemplate              : HTTP PUT http://localhost:8761/eureka/apps/USERSERVICE/DESKTOP-ECRRR37.mshome.net:UserService:8081?status=UP&lastDirtyTimestamp=1771738480079
2026-02-22T11:43:07.550+05:30 DEBUG 18456 --- [UserService] [DiscoveryClient-HeartbeatExecutor-0] [                                                 ] o.s.web.client.RestTemplate              : Accept=[application/json, application/*+json]
2026-02-22T11:43:07.564+05:30 DEBUG 18456 --- [UserService] [DiscoveryClient-HeartbeatExecutor-0] [                                                 ] o.s.web.client.RestTemplate              : Response 200 OK
2026-02-22T11:43:11.111+05:30 DEBUG 18456 --- [UserService] [DiscoveryClient-CacheRefreshExecutor-0] [                                                 ] o.s.web.client.RestTemplate              : HTTP GET http://localhost:8761/eureka/apps/delta
2026-02-22T11:43:11.200+05:30 DEBUG 18456 --- [UserService] [DiscoveryClient-CacheRefreshExecutor-0] [                                                 ] o.s.web.client.RestTemplate              : Accept=[application/json, application/*+json]
2026-02-22T11:43:11.208+05:30 DEBUG 18456 --- [UserService] [DiscoveryClient-CacheRefreshExecutor-0] [                                                 ] o.s.web.client.RestTemplate              : Response 200 OK
2026-02-22T11:43:13.239+05:30 DEBUG 18456 --- [UserService] [DiscoveryClient-CacheRefreshExecutor-0] [                                                 ] o.s.web.client.RestTemplate              : Reading to [org.springframework.cloud.netflix.eureka.http.EurekaApplications]
2026-02-22T11:43:37.581+05:30 DEBUG 18456 --- [UserService] [DiscoveryClient-HeartbeatExecutor-0] [                                                 ] o.s.web.client.RestTemplate              : HTTP PUT http://localhost:8761/eureka/apps/USERSERVICE/DESKTOP-ECRRR37.mshome.net:UserService:8081?status=UP&lastDirtyTimestamp=1771738480079
2026-02-22T11:43:37.582+05:30 DEBUG 18456 --- [UserService] [DiscoveryClient-HeartbeatExecutor-0] [                                                 ] o.s.web.client.RestTemplate              : Accept=[application/json, application/*+json]
2026-02-22T11:43:37.600+05:30 DEBUG 18456 --- [UserService] [DiscoveryClient-HeartbeatExecutor-0] [                                                 ] o.s.web.client.RestTemplate              : Response 200 OK
2026-02-22T11:43:43.286+05:30 DEBUG 18456 --- [UserService] [DiscoveryClient-CacheRefreshExecutor-0] [                                                 ] o.s.web.client.RestTemplate              : HTTP GET http://localhost:8761/eureka/apps/delta
2026-02-22T11:43:43.288+05:30 DEBUG 18456 --- [UserService] [DiscoveryClient-CacheRefreshExecutor-0] [                                                 ] o.s.web.client.RestTemplate              : Accept=[application/json, application/*+json]
2026-02-22T11:43:43.304+05:30 DEBUG 18456 --- [UserService] [DiscoveryClient-CacheRefreshExecutor-0] [                                                 ] o.s.web.client.RestTemplate              : Response 200 OK
2026-02-22T11:43:43.308+05:30 DEBUG 18456 --- [UserService] [DiscoveryClient-CacheRefreshExecutor-0] [                                                 ] o.s.web.client.RestTemplate              : Reading to [org.springframework.cloud.netflix.eureka.http.EurekaApplications]
2026-02-22T11:44:07.617+05:30 DEBUG 18456 --- [UserService] [DiscoveryClient-HeartbeatExecutor-0] [                                                 ] o.s.web.client.RestTemplate              : HTTP PUT http://localhost:8761/eureka/apps/USERSERVICE/DESKTOP-ECRRR37.mshome.net:UserService:8081?status=UP&lastDirtyTimestamp=1771738480079
2026-02-22T11:44:07.621+05:30 DEBUG 18456 --- [UserService] [DiscoveryClient-HeartbeatExecutor-0] [                                                 ] o.s.web.client.RestTemplate              : Accept=[application/json, application/*+json]
2026-02-22T11:44:07.641+05:30 DEBUG 18456 --- [UserService] [DiscoveryClient-HeartbeatExecutor-0] [                                                 ] o.s.web.client.RestTemplate              : Response 200 OK
2026-02-22T11:44:13.327+05:30 DEBUG 18456 --- [UserService] [DiscoveryClient-CacheRefreshExecutor-0] [                                                 ] o.s.web.client.RestTemplate              : HTTP GET http://localhost:8761/eureka/apps/delta
2026-02-22T11:44:13.343+05:30 DEBUG 18456 --- [UserService] [DiscoveryClient-CacheRefreshExecutor-0] [                                                 ] o.s.web.client.RestTemplate              : Accept=[application/json, application/*+json]
2026-02-22T11:44:13.392+05:30 DEBUG 18456 --- [UserService] [DiscoveryClient-CacheRefreshExecutor-0] [                                                 ] o.s.web.client.RestTemplate              : Response 200 OK
2026-02-22T11:44:13.396+05:30 DEBUG 18456 --- [UserService] [DiscoveryClient-CacheRefreshExecutor-0] [                                                 ] o.s.web.client.RestTemplate              : Reading to [org.springframework.cloud.netflix.eureka.http.EurekaApplications]
2026-02-22T11:44:37.660+05:30 DEBUG 18456 --- [UserService] [DiscoveryClient-HeartbeatExecutor-0] [                                                 ] o.s.web.client.RestTemplate              : HTTP PUT http://localhost:8761/eureka/apps/USERSERVICE/DESKTOP-ECRRR37.mshome.net:UserService:8081?status=UP&lastDirtyTimestamp=1771738480079
2026-02-22T11:44:37.792+05:30 DEBUG 18456 --- [UserService] [DiscoveryClient-HeartbeatExecutor-0] [                                                 ] o.s.web.client.RestTemplate              : Accept=[application/json, application/*+json]
2026-02-22T11:44:37.802+05:30 DEBUG 18456 --- [UserService] [DiscoveryClient-HeartbeatExecutor-0] [                                                 ] o.s.web.client.RestTemplate              : Response 200 OK
2026-02-22T11:44:43.123+05:30  INFO 18456 --- [UserService] [AsyncResolver-bootstrap-executor-0] [                                                 ] c.n.d.s.r.aws.ConfigClusterResolver      : Resolving eureka endpoints via configuration
2026-02-22T11:44:43.443+05:30 DEBUG 18456 --- [UserService] [DiscoveryClient-CacheRefreshExecutor-0] [                                                 ] o.s.web.client.RestTemplate              : HTTP GET http://localhost:8761/eureka/apps/delta
2026-02-22T11:44:43.443+05:30 DEBUG 18456 --- [UserService] [DiscoveryClient-CacheRefreshExecutor-0] [                                                 ] o.s.web.client.RestTemplate              : Accept=[application/json, application/*+json]
2026-02-22T11:44:43.989+05:30 DEBUG 18456 --- [UserService] [DiscoveryClient-CacheRefreshExecutor-0] [                                                 ] o.s.web.client.RestTemplate              : Response 200 OK
2026-02-22T11:44:43.990+05:30 DEBUG 18456 --- [UserService] [DiscoveryClient-CacheRefreshExecutor-0] [                                                 ] o.s.web.client.RestTemplate              : Reading to [org.springframework.cloud.netflix.eureka.http.EurekaApplications]
2026-02-22T11:45:07.827+05:30 DEBUG 18456 --- [UserService] [DiscoveryClient-HeartbeatExecutor-0] [                                                 ] o.s.web.client.RestTemplate              : HTTP PUT http://localhost:8761/eureka/apps/USERSERVICE/DESKTOP-ECRRR37.mshome.net:UserService:8081?status=UP&lastDirtyTimestamp=1771738480079
2026-02-22T11:45:07.835+05:30 DEBUG 18456 --- [UserService] [DiscoveryClient-HeartbeatExecutor-0] [                                                 ] o.s.web.client.RestTemplate              : Accept=[application/json, application/*+json]
2026-02-22T11:45:07.867+05:30 DEBUG 18456 --- [UserService] [DiscoveryClient-HeartbeatExecutor-0] [                                                 ] o.s.web.client.RestTemplate              : Response 200 OK
2026-02-22T11:45:14.739+05:30 DEBUG 18456 --- [UserService] [DiscoveryClient-CacheRefreshExecutor-0] [                                                 ] o.s.web.client.RestTemplate              : HTTP GET http://localhost:8761/eureka/apps/delta
2026-02-22T11:45:14.742+05:30 DEBUG 18456 --- [UserService] [DiscoveryClient-CacheRefreshExecutor-0] [                                                 ] o.s.web.client.RestTemplate              : Accept=[application/json, application/*+json]
2026-02-22T11:45:14.761+05:30 DEBUG 18456 --- [UserService] [DiscoveryClient-CacheRefreshExecutor-0] [                                                 ] o.s.web.client.RestTemplate              : Response 200 OK
2026-02-22T11:45:14.762+05:30 DEBUG 18456 --- [UserService] [DiscoveryClient-CacheRefreshExecutor-0] [                                                 ] o.s.web.client.RestTemplate              : Reading to [org.springframework.cloud.netflix.eureka.http.EurekaApplications]
2026-02-22T11:45:37.874+05:30 DEBUG 18456 --- [UserService] [DiscoveryClient-HeartbeatExecutor-0] [                                                 ] o.s.web.client.RestTemplate              : HTTP PUT http://localhost:8761/eureka/apps/USERSERVICE/DESKTOP-ECRRR37.mshome.net:UserService:8081?status=UP&lastDirtyTimestamp=1771738480079
2026-02-22T11:45:37.875+05:30 DEBUG 18456 --- [UserService] [DiscoveryClient-HeartbeatExecutor-0] [                                                 ] o.s.web.client.RestTemplate              : Accept=[application/json, application/*+json]
2026-02-22T11:45:37.893+05:30 DEBUG 18456 --- [UserService] [DiscoveryClient-HeartbeatExecutor-0] [                                                 ] o.s.web.client.RestTemplate              : Response 200 OK
2026-02-22T11:45:44.972+05:30 DEBUG 18456 --- [UserService] [DiscoveryClient-CacheRefreshExecutor-0] [                                                 ] o.s.web.client.RestTemplate              : HTTP GET http://localhost:8761/eureka/apps/delta
2026-02-22T11:45:44.973+05:30 DEBUG 18456 --- [UserService] [DiscoveryClient-CacheRefreshExecutor-0] [                                                 ] o.s.web.client.RestTemplate              : Accept=[application/json, application/*+json]
2026-02-22T11:45:45.590+05:30 DEBUG 18456 --- [UserService] [DiscoveryClient-CacheRefreshExecutor-0] [                                                 ] o.s.web.client.RestTemplate              : Response 200 OK
2026-02-22T11:45:45.983+05:30 DEBUG 18456 --- [UserService] [DiscoveryClient-CacheRefreshExecutor-0] [                                                 ] o.s.web.client.RestTemplate              : Reading to [org.springframework.cloud.netflix.eureka.http.EurekaApplications]
2026-02-22T11:46:01.786+05:30 DEBUG 18456 --- [UserService] [AsyncReporter{org.springframework.boot.actuate.autoconfigure.tracing.zipkin.ZipkinRestTemplateSender@5ac0cb9b}] [                                                 ] o.s.web.client.RestTemplate              : HTTP POST http://localhost:9411/api/v2/spans
2026-02-22T11:46:01.788+05:30 DEBUG 18456 --- [UserService] [AsyncReporter{org.springframework.boot.actuate.autoconfigure.tracing.zipkin.ZipkinRestTemplateSender@5ac0cb9b}] [                                                 ] o.s.web.client.RestTemplate              : Accept=[application/json, application/*+json]
2026-02-22T11:46:01.790+05:30 DEBUG 18456 --- [UserService] [AsyncReporter{org.springframework.boot.actuate.autoconfigure.tracing.zipkin.ZipkinRestTemplateSender@5ac0cb9b}] [                                                 ] o.s.web.client.RestTemplate              : Writing [[B@40c2e48b] as "application/json"
2026-02-22T11:46:01.880+05:30 DEBUG 18456 --- [UserService] [AsyncReporter{org.springframework.boot.actuate.autoconfigure.tracing.zipkin.ZipkinRestTemplateSender@5ac0cb9b}] [                                                 ] o.s.web.client.RestTemplate              : Response 202 ACCEPTED
2026-02-22T11:46:02.890+05:30 DEBUG 18456 --- [UserService] [AsyncReporter{org.springframework.boot.actuate.autoconfigure.tracing.zipkin.ZipkinRestTemplateSender@5ac0cb9b}] [                                                 ] o.s.web.client.RestTemplate              : HTTP POST http://localhost:9411/api/v2/spans
2026-02-22T11:46:02.890+05:30 DEBUG 18456 --- [UserService] [AsyncReporter{org.springframework.boot.actuate.autoconfigure.tracing.zipkin.ZipkinRestTemplateSender@5ac0cb9b}] [                                                 ] o.s.web.client.RestTemplate              : Accept=[application/json, application/*+json]
2026-02-22T11:46:02.890+05:30 DEBUG 18456 --- [UserService] [AsyncReporter{org.springframework.boot.actuate.autoconfigure.tracing.zipkin.ZipkinRestTemplateSender@5ac0cb9b}] [                                                 ] o.s.web.client.RestTemplate              : Writing [[B@6dede52d] as "application/json"
2026-02-22T11:46:02.897+05:30 DEBUG 18456 --- [UserService] [AsyncReporter{org.springframework.boot.actuate.autoconfigure.tracing.zipkin.ZipkinRestTemplateSender@5ac0cb9b}] [                                                 ] o.s.web.client.RestTemplate              : Response 202 ACCEPTED
2026-02-22T11:46:03.902+05:30 DEBUG 18456 --- [UserService] [AsyncReporter{org.springframework.boot.actuate.autoconfigure.tracing.zipkin.ZipkinRestTemplateSender@5ac0cb9b}] [                                                 ] o.s.web.client.RestTemplate              : HTTP POST http://localhost:9411/api/v2/spans
2026-02-22T11:46:03.902+05:30 DEBUG 18456 --- [UserService] [AsyncReporter{org.springframework.boot.actuate.autoconfigure.tracing.zipkin.ZipkinRestTemplateSender@5ac0cb9b}] [                                                 ] o.s.web.client.RestTemplate              : Accept=[application/json, application/*+json]
2026-02-22T11:46:03.902+05:30 DEBUG 18456 --- [UserService] [AsyncReporter{org.springframework.boot.actuate.autoconfigure.tracing.zipkin.ZipkinRestTemplateSender@5ac0cb9b}] [                                                 ] o.s.web.client.RestTemplate              : Writing [[B@3113d39a] as "application/json"
2026-02-22T11:46:03.914+05:30 DEBUG 18456 --- [UserService] [AsyncReporter{org.springframework.boot.actuate.autoconfigure.tracing.zipkin.ZipkinRestTemplateSender@5ac0cb9b}] [                                                 ] o.s.web.client.RestTemplate              : Response 202 ACCEPTED
2026-02-22T11:46:07.902+05:30 DEBUG 18456 --- [UserService] [DiscoveryClient-HeartbeatExecutor-0] [                                                 ] o.s.web.client.RestTemplate              : HTTP PUT http://localhost:8761/eureka/apps/USERSERVICE/DESKTOP-ECRRR37.mshome.net:UserService:8081?status=UP&lastDirtyTimestamp=1771738480079
2026-02-22T11:46:07.903+05:30 DEBUG 18456 --- [UserService] [DiscoveryClient-HeartbeatExecutor-0] [                                                 ] o.s.web.client.RestTemplate              : Accept=[application/json, application/*+json]
2026-02-22T11:46:07.921+05:30 DEBUG 18456 --- [UserService] [DiscoveryClient-HeartbeatExecutor-0] [                                                 ] o.s.web.client.RestTemplate              : Response 200 OK
2026-02-22T11:46:10.997+05:30 DEBUG 18456 --- [UserService] [AsyncReporter{org.springframework.boot.actuate.autoconfigure.tracing.zipkin.ZipkinRestTemplateSender@5ac0cb9b}] [                                                 ] o.s.web.client.RestTemplate              : HTTP POST http://localhost:9411/api/v2/spans
2026-02-22T11:46:10.999+05:30 DEBUG 18456 --- [UserService] [AsyncReporter{org.springframework.boot.actuate.autoconfigure.tracing.zipkin.ZipkinRestTemplateSender@5ac0cb9b}] [                                                 ] o.s.web.client.RestTemplate              : Accept=[application/json, application/*+json]
2026-02-22T11:46:11.000+05:30 DEBUG 18456 --- [UserService] [AsyncReporter{org.springframework.boot.actuate.autoconfigure.tracing.zipkin.ZipkinRestTemplateSender@5ac0cb9b}] [                                                 ] o.s.web.client.RestTemplate              : Writing [[B@66a28f8f] as "application/json"
2026-02-22T11:46:11.033+05:30 DEBUG 18456 --- [UserService] [AsyncReporter{org.springframework.boot.actuate.autoconfigure.tracing.zipkin.ZipkinRestTemplateSender@5ac0cb9b}] [                                                 ] o.s.web.client.RestTemplate              : Response 202 ACCEPTED
2026-02-22T11:46:12.044+05:30 DEBUG 18456 --- [UserService] [AsyncReporter{org.springframework.boot.actuate.autoconfigure.tracing.zipkin.ZipkinRestTemplateSender@5ac0cb9b}] [                                                 ] o.s.web.client.RestTemplate              : HTTP POST http://localhost:9411/api/v2/spans
2026-02-22T11:46:12.045+05:30 DEBUG 18456 --- [UserService] [AsyncReporter{org.springframework.boot.actuate.autoconfigure.tracing.zipkin.ZipkinRestTemplateSender@5ac0cb9b}] [                                                 ] o.s.web.client.RestTemplate              : Accept=[application/json, application/*+json]
2026-02-22T11:46:12.045+05:30 DEBUG 18456 --- [UserService] [AsyncReporter{org.springframework.boot.actuate.autoconfigure.tracing.zipkin.ZipkinRestTemplateSender@5ac0cb9b}] [                                                 ] o.s.web.client.RestTemplate              : Writing [[B@470892b3] as "application/json"
2026-02-22T11:46:12.059+05:30 DEBUG 18456 --- [UserService] [AsyncReporter{org.springframework.boot.actuate.autoconfigure.tracing.zipkin.ZipkinRestTemplateSender@5ac0cb9b}] [                                                 ] o.s.web.client.RestTemplate              : Response 202 ACCEPTED
2026-02-22T11:46:16.145+05:30 DEBUG 18456 --- [UserService] [DiscoveryClient-CacheRefreshExecutor-0] [                                                 ] o.s.web.client.RestTemplate              : HTTP GET http://localhost:8761/eureka/apps/delta
2026-02-22T11:46:16.147+05:30 DEBUG 18456 --- [UserService] [DiscoveryClient-CacheRefreshExecutor-0] [                                                 ] o.s.web.client.RestTemplate              : Accept=[application/json, application/*+json]
2026-02-22T11:46:16.164+05:30 DEBUG 18456 --- [UserService] [DiscoveryClient-CacheRefreshExecutor-0] [                                                 ] o.s.web.client.RestTemplate              : Response 200 OK
2026-02-22T11:46:16.165+05:30 DEBUG 18456 --- [UserService] [DiscoveryClient-CacheRefreshExecutor-0] [                                                 ] o.s.web.client.RestTemplate              : Reading to [org.springframework.cloud.netflix.eureka.http.EurekaApplications]
2026-02-22T11:46:33.553+05:30 DEBUG 18456 --- [UserService] [AsyncReporter{org.springframework.boot.actuate.autoconfigure.tracing.zipkin.ZipkinRestTemplateSender@5ac0cb9b}] [                                                 ] o.s.web.client.RestTemplate              : HTTP POST http://localhost:9411/api/v2/spans
2026-02-22T11:46:33.554+05:30 DEBUG 18456 --- [UserService] [AsyncReporter{org.springframework.boot.actuate.autoconfigure.tracing.zipkin.ZipkinRestTemplateSender@5ac0cb9b}] [                                                 ] o.s.web.client.RestTemplate              : Accept=[application/json, application/*+json]
2026-02-22T11:46:33.554+05:30 DEBUG 18456 --- [UserService] [AsyncReporter{org.springframework.boot.actuate.autoconfigure.tracing.zipkin.ZipkinRestTemplateSender@5ac0cb9b}] [                                                 ] o.s.web.client.RestTemplate              : Writing [[B@45cec3f2] as "application/json"
2026-02-22T11:46:33.649+05:30 DEBUG 18456 --- [UserService] [AsyncReporter{org.springframework.boot.actuate.autoconfigure.tracing.zipkin.ZipkinRestTemplateSender@5ac0cb9b}] [                                                 ] o.s.web.client.RestTemplate              : Response 202 ACCEPTED
2026-02-22T11:46:34.653+05:30 DEBUG 18456 --- [UserService] [AsyncReporter{org.springframework.boot.actuate.autoconfigure.tracing.zipkin.ZipkinRestTemplateSender@5ac0cb9b}] [                                                 ] o.s.web.client.RestTemplate              : HTTP POST http://localhost:9411/api/v2/spans
2026-02-22T11:46:34.654+05:30 DEBUG 18456 --- [UserService] [AsyncReporter{org.springframework.boot.actuate.autoconfigure.tracing.zipkin.ZipkinRestTemplateSender@5ac0cb9b}] [                                                 ] o.s.web.client.RestTemplate              : Accept=[application/json, application/*+json]
2026-02-22T11:46:34.656+05:30 DEBUG 18456 --- [UserService] [AsyncReporter{org.springframework.boot.actuate.autoconfigure.tracing.zipkin.ZipkinRestTemplateSender@5ac0cb9b}] [                                                 ] o.s.web.client.RestTemplate              : Writing [[B@6aee57d2] as "application/json"
2026-02-22T11:46:34.674+05:30 DEBUG 18456 --- [UserService] [AsyncReporter{org.springframework.boot.actuate.autoconfigure.tracing.zipkin.ZipkinRestTemplateSender@5ac0cb9b}] [                                                 ] o.s.web.client.RestTemplate              : Response 202 ACCEPTED
2026-02-22T11:46:37.932+05:30 DEBUG 18456 --- [UserService] [DiscoveryClient-HeartbeatExecutor-0] [                                                 ] o.s.web.client.RestTemplate              : HTTP PUT http://localhost:8761/eureka/apps/USERSERVICE/DESKTOP-ECRRR37.mshome.net:UserService:8081?status=UP&lastDirtyTimestamp=1771738480079
2026-02-22T11:46:37.932+05:30 DEBUG 18456 --- [UserService] [DiscoveryClient-HeartbeatExecutor-0] [                                                 ] o.s.web.client.RestTemplate              : Accept=[application/json, application/*+json]
2026-02-22T11:46:37.958+05:30 DEBUG 18456 --- [UserService] [DiscoveryClient-HeartbeatExecutor-0] [                                                 ] o.s.web.client.RestTemplate              : Response 200 OK
2026-02-22T11:46:46.174+05:30 DEBUG 18456 --- [UserService] [DiscoveryClient-CacheRefreshExecutor-0] [                                                 ] o.s.web.client.RestTemplate              : HTTP GET http://localhost:8761/eureka/apps/delta
2026-02-22T11:46:46.175+05:30 DEBUG 18456 --- [UserService] [DiscoveryClient-CacheRefreshExecutor-0] [                                                 ] o.s.web.client.RestTemplate              : Accept=[application/json, application/*+json]
2026-02-22T11:46:46.219+05:30 DEBUG 18456 --- [UserService] [DiscoveryClient-CacheRefreshExecutor-0] [                                                 ] o.s.web.client.RestTemplate              : Response 200 OK
2026-02-22T11:46:46.220+05:30 DEBUG 18456 --- [UserService] [DiscoveryClient-CacheRefreshExecutor-0] [                                                 ] o.s.web.client.RestTemplate              : Reading to [org.springframework.cloud.netflix.eureka.http.EurekaApplications]
2026-02-22T11:47:07.961+05:30 DEBUG 18456 --- [UserService] [DiscoveryClient-HeartbeatExecutor-0] [                                                 ] o.s.web.client.RestTemplate              : HTTP PUT http://localhost:8761/eureka/apps/USERSERVICE/DESKTOP-ECRRR37.mshome.net:UserService:8081?status=UP&lastDirtyTimestamp=1771738480079
2026-02-22T11:47:07.961+05:30 DEBUG 18456 --- [UserService] [DiscoveryClient-HeartbeatExecutor-0] [                                                 ] o.s.web.client.RestTemplate              : Accept=[application/json, application/*+json]
2026-02-22T11:47:07.980+05:30 DEBUG 18456 --- [UserService] [DiscoveryClient-HeartbeatExecutor-0] [                                                 ] o.s.web.client.RestTemplate              : Response 200 OK
2026-02-22T11:47:16.233+05:30 DEBUG 18456 --- [UserService] [DiscoveryClient-CacheRefreshExecutor-0] [                                                 ] o.s.web.client.RestTemplate              : HTTP GET http://localhost:8761/eureka/apps/delta
2026-02-22T11:47:16.233+05:30 DEBUG 18456 --- [UserService] [DiscoveryClient-CacheRefreshExecutor-0] [                                                 ] o.s.web.client.RestTemplate              : Accept=[application/json, application/*+json]
2026-02-22T11:47:16.252+05:30 DEBUG 18456 --- [UserService] [DiscoveryClient-CacheRefreshExecutor-0] [                                                 ] o.s.web.client.RestTemplate              : Response 200 OK
2026-02-22T11:47:16.253+05:30 DEBUG 18456 --- [UserService] [DiscoveryClient-CacheRefreshExecutor-0] [                                                 ] o.s.web.client.RestTemplate              : Reading to [org.springframework.cloud.netflix.eureka.http.EurekaApplications]
2026-02-22T11:47:37.989+05:30 DEBUG 18456 --- [UserService] [DiscoveryClient-HeartbeatExecutor-0] [                                                 ] o.s.web.client.RestTemplate              : HTTP PUT http://localhost:8761/eureka/apps/USERSERVICE/DESKTOP-ECRRR37.mshome.net:UserService:8081?status=UP&lastDirtyTimestamp=1771738480079
2026-02-22T11:47:37.995+05:30 DEBUG 18456 --- [UserService] [DiscoveryClient-HeartbeatExecutor-0] [                                                 ] o.s.web.client.RestTemplate              : Accept=[application/json, application/*+json]
2026-02-22T11:47:38.060+05:30 DEBUG 18456 --- [UserService] [DiscoveryClient-HeartbeatExecutor-0] [                                                 ] o.s.web.client.RestTemplate              : Response 200 OK
2026-02-22T11:47:44.446+05:30 DEBUG 18456 --- [UserService] [AsyncReporter{org.springframework.boot.actuate.autoconfigure.tracing.zipkin.ZipkinRestTemplateSender@5ac0cb9b}] [                                                 ] o.s.web.client.RestTemplate              : HTTP POST http://localhost:9411/api/v2/spans
2026-02-22T11:47:44.452+05:30 DEBUG 18456 --- [UserService] [AsyncReporter{org.springframework.boot.actuate.autoconfigure.tracing.zipkin.ZipkinRestTemplateSender@5ac0cb9b}] [                                                 ] o.s.web.client.RestTemplate              : Accept=[application/json, application/*+json]
2026-02-22T11:47:44.453+05:30 DEBUG 18456 --- [UserService] [AsyncReporter{org.springframework.boot.actuate.autoconfigure.tracing.zipkin.ZipkinRestTemplateSender@5ac0cb9b}] [                                                 ] o.s.web.client.RestTemplate              : Writing [[B@184273f7] as "application/json"
2026-02-22T11:47:44.500+05:30 DEBUG 18456 --- [UserService] [AsyncReporter{org.springframework.boot.actuate.autoconfigure.tracing.zipkin.ZipkinRestTemplateSender@5ac0cb9b}] [                                                 ] o.s.web.client.RestTemplate              : Response 202 ACCEPTED
2026-02-22T11:47:45.505+05:30 DEBUG 18456 --- [UserService] [AsyncReporter{org.springframework.boot.actuate.autoconfigure.tracing.zipkin.ZipkinRestTemplateSender@5ac0cb9b}] [                                                 ] o.s.web.client.RestTemplate              : HTTP POST http://localhost:9411/api/v2/spans
2026-02-22T11:47:45.507+05:30 DEBUG 18456 --- [UserService] [AsyncReporter{org.springframework.boot.actuate.autoconfigure.tracing.zipkin.ZipkinRestTemplateSender@5ac0cb9b}] [                                                 ] o.s.web.client.RestTemplate              : Accept=[application/json, application/*+json]
2026-02-22T11:47:45.508+05:30 DEBUG 18456 --- [UserService] [AsyncReporter{org.springframework.boot.actuate.autoconfigure.tracing.zipkin.ZipkinRestTemplateSender@5ac0cb9b}] [                                                 ] o.s.web.client.RestTemplate              : Writing [[B@1b5ce746] as "application/json"
2026-02-22T11:47:45.519+05:30 DEBUG 18456 --- [UserService] [AsyncReporter{org.springframework.boot.actuate.autoconfigure.tracing.zipkin.ZipkinRestTemplateSender@5ac0cb9b}] [                                                 ] o.s.web.client.RestTemplate              : Response 202 ACCEPTED
2026-02-22T11:47:46.260+05:30 DEBUG 18456 --- [UserService] [DiscoveryClient-CacheRefreshExecutor-0] [                                                 ] o.s.web.client.RestTemplate              : HTTP GET http://localhost:8761/eureka/apps/delta
2026-02-22T11:47:46.260+05:30 DEBUG 18456 --- [UserService] [DiscoveryClient-CacheRefreshExecutor-0] [                                                 ] o.s.web.client.RestTemplate              : Accept=[application/json, application/*+json]
2026-02-22T11:47:46.282+05:30 DEBUG 18456 --- [UserService] [DiscoveryClient-CacheRefreshExecutor-0] [                                                 ] o.s.web.client.RestTemplate              : Response 200 OK
2026-02-22T11:47:46.284+05:30 DEBUG 18456 --- [UserService] [DiscoveryClient-CacheRefreshExecutor-0] [                                                 ] o.s.web.client.RestTemplate              : Reading to [org.springframework.cloud.netflix.eureka.http.EurekaApplications]
2026-02-22T11:48:08.074+05:30 DEBUG 18456 --- [UserService] [DiscoveryClient-HeartbeatExecutor-0] [                                                 ] o.s.web.client.RestTemplate              : HTTP PUT http://localhost:8761/eureka/apps/USERSERVICE/DESKTOP-ECRRR37.mshome.net:UserService:8081?status=UP&lastDirtyTimestamp=1771738480079
2026-02-22T11:48:08.076+05:30 DEBUG 18456 --- [UserService] [DiscoveryClient-HeartbeatExecutor-0] [                                                 ] o.s.web.client.RestTemplate              : Accept=[application/json, application/*+json]
2026-02-22T11:48:08.091+05:30 DEBUG 18456 --- [UserService] [DiscoveryClient-HeartbeatExecutor-0] [                                                 ] o.s.web.client.RestTemplate              : Response 200 OK
2026-02-22T11:48:16.304+05:30 DEBUG 18456 --- [UserService] [DiscoveryClient-CacheRefreshExecutor-0] [                                                 ] o.s.web.client.RestTemplate              : HTTP GET http://localhost:8761/eureka/apps/delta
2026-02-22T11:48:16.305+05:30 DEBUG 18456 --- [UserService] [DiscoveryClient-CacheRefreshExecutor-0] [                                                 ] o.s.web.client.RestTemplate              : Accept=[application/json, application/*+json]
2026-02-22T11:48:16.323+05:30 DEBUG 18456 --- [UserService] [DiscoveryClient-CacheRefreshExecutor-0] [                                                 ] o.s.web.client.RestTemplate              : Response 200 OK
2026-02-22T11:48:16.324+05:30 DEBUG 18456 --- [UserService] [DiscoveryClient-CacheRefreshExecutor-0] [                                                 ] o.s.web.client.RestTemplate              : Reading to [org.springframework.cloud.netflix.eureka.http.EurekaApplications]
2026-02-22T11:48:38.099+05:30 DEBUG 18456 --- [UserService] [DiscoveryClient-HeartbeatExecutor-0] [                                                 ] o.s.web.client.RestTemplate              : HTTP PUT http://localhost:8761/eureka/apps/USERSERVICE/DESKTOP-ECRRR37.mshome.net:UserService:8081?status=UP&lastDirtyTimestamp=1771738480079
2026-02-22T11:48:38.100+05:30 DEBUG 18456 --- [UserService] [DiscoveryClient-HeartbeatExecutor-0] [                                                 ] o.s.web.client.RestTemplate              : Accept=[application/json, application/*+json]
2026-02-22T11:48:38.454+05:30 DEBUG 18456 --- [UserService] [DiscoveryClient-HeartbeatExecutor-0] [                                                 ] o.s.web.client.RestTemplate              : Response 200 OK
2026-02-22T11:48:46.332+05:30 DEBUG 18456 --- [UserService] [DiscoveryClient-CacheRefreshExecutor-0] [                                                 ] o.s.web.client.RestTemplate              : HTTP GET http://localhost:8761/eureka/apps/delta
2026-02-22T11:48:46.333+05:30 DEBUG 18456 --- [UserService] [DiscoveryClient-CacheRefreshExecutor-0] [                                                 ] o.s.web.client.RestTemplate              : Accept=[application/json, application/*+json]
2026-02-22T11:48:46.359+05:30 DEBUG 18456 --- [UserService] [DiscoveryClient-CacheRefreshExecutor-0] [                                                 ] o.s.web.client.RestTemplate              : Response 200 OK
2026-02-22T11:48:46.361+05:30 DEBUG 18456 --- [UserService] [DiscoveryClient-CacheRefreshExecutor-0] [                                                 ] o.s.web.client.RestTemplate              : Reading to [org.springframework.cloud.netflix.eureka.http.EurekaApplications]
2026-02-22T11:49:08.464+05:30 DEBUG 18456 --- [UserService] [DiscoveryClient-HeartbeatExecutor-0] [                                                 ] o.s.web.client.RestTemplate              : HTTP PUT http://localhost:8761/eureka/apps/USERSERVICE/DESKTOP-ECRRR37.mshome.net:UserService:8081?status=UP&lastDirtyTimestamp=1771738480079
2026-02-22T11:49:08.464+05:30 DEBUG 18456 --- [UserService] [DiscoveryClient-HeartbeatExecutor-0] [                                                 ] o.s.web.client.RestTemplate              : Accept=[application/json, application/*+json]
2026-02-22T11:49:08.484+05:30 DEBUG 18456 --- [UserService] [DiscoveryClient-HeartbeatExecutor-0] [                                                 ] o.s.web.client.RestTemplate              : Response 200 OK
2026-02-22T11:49:16.381+05:30 DEBUG 18456 --- [UserService] [DiscoveryClient-CacheRefreshExecutor-0] [                                                 ] o.s.web.client.RestTemplate              : HTTP GET http://localhost:8761/eureka/apps/delta
2026-02-22T11:49:16.382+05:30 DEBUG 18456 --- [UserService] [DiscoveryClient-CacheRefreshExecutor-0] [                                                 ] o.s.web.client.RestTemplate              : Accept=[application/json, application/*+json]
2026-02-22T11:49:16.404+05:30 DEBUG 18456 --- [UserService] [DiscoveryClient-CacheRefreshExecutor-0] [                                                 ] o.s.web.client.RestTemplate              : Response 200 OK
2026-02-22T11:49:16.404+05:30 DEBUG 18456 --- [UserService] [DiscoveryClient-CacheRefreshExecutor-0] [                                                 ] o.s.web.client.RestTemplate              : Reading to [org.springframework.cloud.netflix.eureka.http.EurekaApplications]
2026-02-22T11:49:38.493+05:30 DEBUG 18456 --- [UserService] [DiscoveryClient-HeartbeatExecutor-0] [                                                 ] o.s.web.client.RestTemplate              : HTTP PUT http://localhost:8761/eureka/apps/USERSERVICE/DESKTOP-ECRRR37.mshome.net:UserService:8081?status=UP&lastDirtyTimestamp=1771738480079
2026-02-22T11:49:38.496+05:30 DEBUG 18456 --- [UserService] [DiscoveryClient-HeartbeatExecutor-0] [                                                 ] o.s.web.client.RestTemplate              : Accept=[application/json, application/*+json]
2026-02-22T11:49:38.521+05:30 DEBUG 18456 --- [UserService] [DiscoveryClient-HeartbeatExecutor-0] [                                                 ] o.s.web.client.RestTemplate              : Response 200 OK
2026-02-22T11:49:44.960+05:30  INFO 18456 --- [UserService] [AsyncResolver-bootstrap-executor-0] [                                                 ] c.n.d.s.r.aws.ConfigClusterResolver      : Resolving eureka endpoints via configuration
2026-02-22T11:49:46.418+05:30 DEBUG 18456 --- [UserService] [DiscoveryClient-CacheRefreshExecutor-0] [                                                 ] o.s.web.client.RestTemplate              : HTTP GET http://localhost:8761/eureka/apps/delta
2026-02-22T11:49:46.421+05:30 DEBUG 18456 --- [UserService] [DiscoveryClient-CacheRefreshExecutor-0] [                                                 ] o.s.web.client.RestTemplate              : Accept=[application/json, application/*+json]
2026-02-22T11:49:46.438+05:30 DEBUG 18456 --- [UserService] [DiscoveryClient-CacheRefreshExecutor-0] [                                                 ] o.s.web.client.RestTemplate              : Response 200 OK
2026-02-22T11:49:46.442+05:30 DEBUG 18456 --- [UserService] [DiscoveryClient-CacheRefreshExecutor-0] [                                                 ] o.s.web.client.RestTemplate              : Reading to [org.springframework.cloud.netflix.eureka.http.EurekaApplications]
2026-02-22T11:50:08.532+05:30 DEBUG 18456 --- [UserService] [DiscoveryClient-HeartbeatExecutor-0] [                                                 ] o.s.web.client.RestTemplate              : HTTP PUT http://localhost:8761/eureka/apps/USERSERVICE/DESKTOP-ECRRR37.mshome.net:UserService:8081?status=UP&lastDirtyTimestamp=1771738480079
2026-02-22T11:50:08.533+05:30 DEBUG 18456 --- [UserService] [DiscoveryClient-HeartbeatExecutor-0] [                                                 ] o.s.web.client.RestTemplate              : Accept=[application/json, application/*+json]
2026-02-22T11:50:08.814+05:30 DEBUG 18456 --- [UserService] [DiscoveryClient-HeartbeatExecutor-0] [                                                 ] o.s.web.client.RestTemplate              : Response 200 OK
2026-02-22T11:50:16.540+05:30 DEBUG 18456 --- [UserService] [DiscoveryClient-CacheRefreshExecutor-0] [                                                 ] o.s.web.client.RestTemplate              : HTTP GET http://localhost:8761/eureka/apps/delta
2026-02-22T11:50:16.540+05:30 DEBUG 18456 --- [UserService] [DiscoveryClient-CacheRefreshExecutor-0] [                                                 ] o.s.web.client.RestTemplate              : Accept=[application/json, application/*+json]
2026-02-22T11:50:20.355+05:30 DEBUG 18456 --- [UserService] [DiscoveryClient-CacheRefreshExecutor-0] [                                                 ] o.s.web.client.RestTemplate              : Response 200 OK
2026-02-22T11:50:20.356+05:30 DEBUG 18456 --- [UserService] [DiscoveryClient-CacheRefreshExecutor-0] [                                                 ] o.s.web.client.RestTemplate              : Reading to [org.springframework.cloud.netflix.eureka.http.EurekaApplications]
2026-02-22T11:50:38.819+05:30 DEBUG 18456 --- [UserService] [DiscoveryClient-HeartbeatExecutor-0] [                                                 ] o.s.web.client.RestTemplate              : HTTP PUT http://localhost:8761/eureka/apps/USERSERVICE/DESKTOP-ECRRR37.mshome.net:UserService:8081?status=UP&lastDirtyTimestamp=1771738480079
2026-02-22T11:50:38.820+05:30 DEBUG 18456 --- [UserService] [DiscoveryClient-HeartbeatExecutor-0] [                                                 ] o.s.web.client.RestTemplate              : Accept=[application/json, application/*+json]
2026-02-22T11:50:38.838+05:30 DEBUG 18456 --- [UserService] [DiscoveryClient-HeartbeatExecutor-0] [                                                 ] o.s.web.client.RestTemplate              : Response 200 OK
2026-02-22T11:50:50.365+05:30 DEBUG 18456 --- [UserService] [DiscoveryClient-CacheRefreshExecutor-0] [                                                 ] o.s.web.client.RestTemplate              : HTTP GET http://localhost:8761/eureka/apps/delta
2026-02-22T11:50:50.366+05:30 DEBUG 18456 --- [UserService] [DiscoveryClient-CacheRefreshExecutor-0] [                                                 ] o.s.web.client.RestTemplate              : Accept=[application/json, application/*+json]
2026-02-22T11:50:50.384+05:30 DEBUG 18456 --- [UserService] [DiscoveryClient-CacheRefreshExecutor-0] [                                                 ] o.s.web.client.RestTemplate              : Response 200 OK
2026-02-22T11:50:50.386+05:30 DEBUG 18456 --- [UserService] [DiscoveryClient-CacheRefreshExecutor-0] [                                                 ] o.s.web.client.RestTemplate              : Reading to [org.springframework.cloud.netflix.eureka.http.EurekaApplications]
2026-02-22T11:51:09.167+05:30 DEBUG 18456 --- [UserService] [DiscoveryClient-HeartbeatExecutor-0] [                                                 ] o.s.web.client.RestTemplate              : HTTP PUT http://localhost:8761/eureka/apps/USERSERVICE/DESKTOP-ECRRR37.mshome.net:UserService:8081?status=UP&lastDirtyTimestamp=1771738480079
2026-02-22T11:51:09.298+05:30 DEBUG 18456 --- [UserService] [DiscoveryClient-HeartbeatExecutor-0] [                                                 ] o.s.web.client.RestTemplate              : Accept=[application/json, application/*+json]
2026-02-22T11:51:09.320+05:30 DEBUG 18456 --- [UserService] [DiscoveryClient-HeartbeatExecutor-0] [                                                 ] o.s.web.client.RestTemplate              : Response 200 OK
2026-02-22T11:51:20.398+05:30 DEBUG 18456 --- [UserService] [DiscoveryClient-CacheRefreshExecutor-0] [                                                 ] o.s.web.client.RestTemplate              : HTTP GET http://localhost:8761/eureka/apps/delta
2026-02-22T11:51:20.399+05:30 DEBUG 18456 --- [UserService] [DiscoveryClient-CacheRefreshExecutor-0] [                                                 ] o.s.web.client.RestTemplate              : Accept=[application/json, application/*+json]
2026-02-22T11:51:20.778+05:30 DEBUG 18456 --- [UserService] [DiscoveryClient-CacheRefreshExecutor-0] [                                                 ] o.s.web.client.RestTemplate              : Response 200 OK
2026-02-22T11:51:20.846+05:30 DEBUG 18456 --- [UserService] [DiscoveryClient-CacheRefreshExecutor-0] [                                                 ] o.s.web.client.RestTemplate              : Reading to [org.springframework.cloud.netflix.eureka.http.EurekaApplications]
2026-02-22T11:51:39.326+05:30 DEBUG 18456 --- [UserService] [DiscoveryClient-HeartbeatExecutor-0] [                                                 ] o.s.web.client.RestTemplate              : HTTP PUT http://localhost:8761/eureka/apps/USERSERVICE/DESKTOP-ECRRR37.mshome.net:UserService:8081?status=UP&lastDirtyTimestamp=1771738480079
2026-02-22T11:51:39.326+05:30 DEBUG 18456 --- [UserService] [DiscoveryClient-HeartbeatExecutor-0] [                                                 ] o.s.web.client.RestTemplate              : Accept=[application/json, application/*+json]
2026-02-22T11:51:39.343+05:30 DEBUG 18456 --- [UserService] [DiscoveryClient-HeartbeatExecutor-0] [                                                 ] o.s.web.client.RestTemplate              : Response 200 OK
2026-02-22T11:51:51.483+05:30 DEBUG 18456 --- [UserService] [DiscoveryClient-CacheRefreshExecutor-0] [                                                 ] o.s.web.client.RestTemplate              : HTTP GET http://localhost:8761/eureka/apps/delta
2026-02-22T11:51:51.483+05:30 DEBUG 18456 --- [UserService] [DiscoveryClient-CacheRefreshExecutor-0] [                                                 ] o.s.web.client.RestTemplate              : Accept=[application/json, application/*+json]
2026-02-22T11:51:51.499+05:30 DEBUG 18456 --- [UserService] [DiscoveryClient-CacheRefreshExecutor-0] [                                                 ] o.s.web.client.RestTemplate              : Response 200 OK
2026-02-22T11:51:51.499+05:30 DEBUG 18456 --- [UserService] [DiscoveryClient-CacheRefreshExecutor-0] [                                                 ] o.s.web.client.RestTemplate              : Reading to [org.springframework.cloud.netflix.eureka.http.EurekaApplications]
2026-02-22T11:52:09.359+05:30 DEBUG 18456 --- [UserService] [DiscoveryClient-HeartbeatExecutor-0] [                                                 ] o.s.web.client.RestTemplate              : HTTP PUT http://localhost:8761/eureka/apps/USERSERVICE/DESKTOP-ECRRR37.mshome.net:UserService:8081?status=UP&lastDirtyTimestamp=1771738480079
2026-02-22T11:52:09.359+05:30 DEBUG 18456 --- [UserService] [DiscoveryClient-HeartbeatExecutor-0] [                                                 ] o.s.web.client.RestTemplate              : Accept=[application/json, application/*+json]
2026-02-22T11:52:09.377+05:30 DEBUG 18456 --- [UserService] [DiscoveryClient-HeartbeatExecutor-0] [                                                 ] o.s.web.client.RestTemplate              : Response 200 OK
2026-02-22T11:52:21.502+05:30 DEBUG 18456 --- [UserService] [DiscoveryClient-CacheRefreshExecutor-0] [                                                 ] o.s.web.client.RestTemplate              : HTTP GET http://localhost:8761/eureka/apps/delta
2026-02-22T11:52:21.504+05:30 DEBUG 18456 --- [UserService] [DiscoveryClient-CacheRefreshExecutor-0] [                                                 ] o.s.web.client.RestTemplate              : Accept=[application/json, application/*+json]
2026-02-22T11:52:21.524+05:30 DEBUG 18456 --- [UserService] [DiscoveryClient-CacheRefreshExecutor-0] [                                                 ] o.s.web.client.RestTemplate              : Response 200 OK
2026-02-22T11:52:21.524+05:30 DEBUG 18456 --- [UserService] [DiscoveryClient-CacheRefreshExecutor-0] [                                                 ] o.s.web.client.RestTemplate              : Reading to [org.springframework.cloud.netflix.eureka.http.EurekaApplications]
2026-02-22T11:52:39.380+05:30 DEBUG 18456 --- [UserService] [DiscoveryClient-HeartbeatExecutor-0] [                                                 ] o.s.web.client.RestTemplate              : HTTP PUT http://localhost:8761/eureka/apps/USERSERVICE/DESKTOP-ECRRR37.mshome.net:UserService:8081?status=UP&lastDirtyTimestamp=1771738480079
2026-02-22T11:52:39.385+05:30 DEBUG 18456 --- [UserService] [DiscoveryClient-HeartbeatExecutor-0] [                                                 ] o.s.web.client.RestTemplate              : Accept=[application/json, application/*+json]
2026-02-22T11:52:40.856+05:30 DEBUG 18456 --- [UserService] [DiscoveryClient-HeartbeatExecutor-0] [                                                 ] o.s.web.client.RestTemplate              : Response 200 OK
2026-02-22T11:52:51.531+05:30 DEBUG 18456 --- [UserService] [DiscoveryClient-CacheRefreshExecutor-0] [                                                 ] o.s.web.client.RestTemplate              : HTTP GET http://localhost:8761/eureka/apps/delta
2026-02-22T11:52:51.531+05:30 DEBUG 18456 --- [UserService] [DiscoveryClient-CacheRefreshExecutor-0] [                                                 ] o.s.web.client.RestTemplate              : Accept=[application/json, application/*+json]
2026-02-22T11:52:51.547+05:30 DEBUG 18456 --- [UserService] [DiscoveryClient-CacheRefreshExecutor-0] [                                                 ] o.s.web.client.RestTemplate              : Response 200 OK
2026-02-22T11:52:51.549+05:30 DEBUG 18456 --- [UserService] [DiscoveryClient-CacheRefreshExecutor-0] [                                                 ] o.s.web.client.RestTemplate              : Reading to [org.springframework.cloud.netflix.eureka.http.EurekaApplications]
2026-02-22T11:53:10.869+05:30 DEBUG 18456 --- [UserService] [DiscoveryClient-HeartbeatExecutor-0] [                                                 ] o.s.web.client.RestTemplate              : HTTP PUT http://localhost:8761/eureka/apps/USERSERVICE/DESKTOP-ECRRR37.mshome.net:UserService:8081?status=UP&lastDirtyTimestamp=1771738480079
2026-02-22T11:53:10.871+05:30 DEBUG 18456 --- [UserService] [DiscoveryClient-HeartbeatExecutor-0] [                                                 ] o.s.web.client.RestTemplate              : Accept=[application/json, application/*+json]
2026-02-22T11:53:10.892+05:30 DEBUG 18456 --- [UserService] [DiscoveryClient-HeartbeatExecutor-0] [                                                 ] o.s.web.client.RestTemplate              : Response 200 OK
2026-02-22T11:53:21.553+05:30 DEBUG 18456 --- [UserService] [DiscoveryClient-CacheRefreshExecutor-0] [                                                 ] o.s.web.client.RestTemplate              : HTTP GET http://localhost:8761/eureka/apps/delta
2026-02-22T11:53:21.816+05:30 DEBUG 18456 --- [UserService] [DiscoveryClient-CacheRefreshExecutor-0] [                                                 ] o.s.web.client.RestTemplate              : Accept=[application/json, application/*+json]
2026-02-22T11:53:21.837+05:30 DEBUG 18456 --- [UserService] [DiscoveryClient-CacheRefreshExecutor-0] [                                                 ] o.s.web.client.RestTemplate              : Response 200 OK
2026-02-22T11:53:22.477+05:30 DEBUG 18456 --- [UserService] [DiscoveryClient-CacheRefreshExecutor-0] [                                                 ] o.s.web.client.RestTemplate              : Reading to [org.springframework.cloud.netflix.eureka.http.EurekaApplications]
2026-02-22T11:53:40.905+05:30 DEBUG 18456 --- [UserService] [DiscoveryClient-HeartbeatExecutor-0] [                                                 ] o.s.web.client.RestTemplate              : HTTP PUT http://localhost:8761/eureka/apps/USERSERVICE/DESKTOP-ECRRR37.mshome.net:UserService:8081?status=UP&lastDirtyTimestamp=1771738480079
2026-02-22T11:53:40.908+05:30 DEBUG 18456 --- [UserService] [DiscoveryClient-HeartbeatExecutor-0] [                                                 ] o.s.web.client.RestTemplate              : Accept=[application/json, application/*+json]
2026-02-22T11:53:40.921+05:30 DEBUG 18456 --- [UserService] [DiscoveryClient-HeartbeatExecutor-0] [                                                 ] o.s.web.client.RestTemplate              : Response 200 OK
2026-02-22T11:53:56.731+05:30 DEBUG 18456 --- [UserService] [DiscoveryClient-CacheRefreshExecutor-0] [                                                 ] o.s.web.client.RestTemplate              : HTTP GET http://localhost:8761/eureka/apps/delta
2026-02-22T11:53:56.735+05:30 DEBUG 18456 --- [UserService] [DiscoveryClient-CacheRefreshExecutor-0] [                                                 ] o.s.web.client.RestTemplate              : Accept=[application/json, application/*+json]
2026-02-22T11:53:56.751+05:30 DEBUG 18456 --- [UserService] [DiscoveryClient-CacheRefreshExecutor-0] [                                                 ] o.s.web.client.RestTemplate              : Response 200 OK
2026-02-22T11:53:56.927+05:30 DEBUG 18456 --- [UserService] [DiscoveryClient-CacheRefreshExecutor-0] [                                                 ] o.s.web.client.RestTemplate              : Reading to [org.springframework.cloud.netflix.eureka.http.EurekaApplications]
2026-02-22T11:54:11.072+05:30 DEBUG 18456 --- [UserService] [DiscoveryClient-HeartbeatExecutor-0] [                                                 ] o.s.web.client.RestTemplate              : HTTP PUT http://localhost:8761/eureka/apps/USERSERVICE/DESKTOP-ECRRR37.mshome.net:UserService:8081?status=UP&lastDirtyTimestamp=1771738480079
2026-02-22T11:54:11.313+05:30 DEBUG 18456 --- [UserService] [DiscoveryClient-HeartbeatExecutor-0] [                                                 ] o.s.web.client.RestTemplate              : Accept=[application/json, application/*+json]
2026-02-22T11:54:11.330+05:30 DEBUG 18456 --- [UserService] [DiscoveryClient-HeartbeatExecutor-0] [                                                 ] o.s.web.client.RestTemplate              : Response 200 OK
2026-02-22T11:54:27.575+05:30 DEBUG 18456 --- [UserService] [DiscoveryClient-CacheRefreshExecutor-0] [                                                 ] o.s.web.client.RestTemplate              : HTTP GET http://localhost:8761/eureka/apps/delta
2026-02-22T11:54:27.581+05:30 DEBUG 18456 --- [UserService] [DiscoveryClient-CacheRefreshExecutor-0] [                                                 ] o.s.web.client.RestTemplate              : Accept=[application/json, application/*+json]
2026-02-22T11:54:27.594+05:30 DEBUG 18456 --- [UserService] [DiscoveryClient-CacheRefreshExecutor-0] [                                                 ] o.s.web.client.RestTemplate              : Response 200 OK
2026-02-22T11:54:27.598+05:30 DEBUG 18456 --- [UserService] [DiscoveryClient-CacheRefreshExecutor-0] [                                                 ] o.s.web.client.RestTemplate              : Reading to [org.springframework.cloud.netflix.eureka.http.EurekaApplications]
2026-02-22T11:54:45.349+05:30 DEBUG 18456 --- [UserService] [DiscoveryClient-HeartbeatExecutor-0] [                                                 ] o.s.web.client.RestTemplate              : HTTP PUT http://localhost:8761/eureka/apps/USERSERVICE/DESKTOP-ECRRR37.mshome.net:UserService:8081?status=UP&lastDirtyTimestamp=1771738480079
2026-02-22T11:54:45.350+05:30  INFO 18456 --- [UserService] [AsyncResolver-bootstrap-executor-0] [                                                 ] c.n.d.s.r.aws.ConfigClusterResolver      : Resolving eureka endpoints via configuration
2026-02-22T11:54:45.407+05:30 DEBUG 18456 --- [UserService] [DiscoveryClient-HeartbeatExecutor-0] [                                                 ] o.s.web.client.RestTemplate              : Accept=[application/json, application/*+json]
2026-02-22T11:54:45.458+05:30 DEBUG 18456 --- [UserService] [DiscoveryClient-HeartbeatExecutor-0] [                                                 ] o.s.web.client.RestTemplate              : Response 200 OK
2026-02-22T11:54:57.464+05:30 DEBUG 18456 --- [UserService] [AsyncReporter{org.springframework.boot.actuate.autoconfigure.tracing.zipkin.ZipkinRestTemplateSender@5ac0cb9b}] [                                                 ] o.s.web.client.RestTemplate              : HTTP POST http://localhost:9411/api/v2/spans
2026-02-22T11:54:57.473+05:30 DEBUG 18456 --- [UserService] [AsyncReporter{org.springframework.boot.actuate.autoconfigure.tracing.zipkin.ZipkinRestTemplateSender@5ac0cb9b}] [                                                 ] o.s.web.client.RestTemplate              : Accept=[application/json, application/*+json]
2026-02-22T11:54:57.473+05:30 DEBUG 18456 --- [UserService] [AsyncReporter{org.springframework.boot.actuate.autoconfigure.tracing.zipkin.ZipkinRestTemplateSender@5ac0cb9b}] [                                                 ] o.s.web.client.RestTemplate              : Writing [[B@283e768c] as "application/json"
2026-02-22T11:54:57.572+05:30 DEBUG 18456 --- [UserService] [AsyncReporter{org.springframework.boot.actuate.autoconfigure.tracing.zipkin.ZipkinRestTemplateSender@5ac0cb9b}] [                                                 ] o.s.web.client.RestTemplate              : Response 202 ACCEPTED
2026-02-22T11:54:57.615+05:30 DEBUG 18456 --- [UserService] [DiscoveryClient-CacheRefreshExecutor-0] [                                                 ] o.s.web.client.RestTemplate              : HTTP GET http://localhost:8761/eureka/apps/delta
2026-02-22T11:54:57.626+05:30 DEBUG 18456 --- [UserService] [DiscoveryClient-CacheRefreshExecutor-0] [                                                 ] o.s.web.client.RestTemplate              : Accept=[application/json, application/*+json]
2026-02-22T11:54:57.633+05:30 DEBUG 18456 --- [UserService] [DiscoveryClient-CacheRefreshExecutor-0] [                                                 ] o.s.web.client.RestTemplate              : Response 200 OK
2026-02-22T11:54:57.636+05:30 DEBUG 18456 --- [UserService] [DiscoveryClient-CacheRefreshExecutor-0] [                                                 ] o.s.web.client.RestTemplate              : Reading to [org.springframework.cloud.netflix.eureka.http.EurekaApplications]
2026-02-22T11:55:15.474+05:30 DEBUG 18456 --- [UserService] [DiscoveryClient-HeartbeatExecutor-0] [                                                 ] o.s.web.client.RestTemplate              : HTTP PUT http://localhost:8761/eureka/apps/USERSERVICE/DESKTOP-ECRRR37.mshome.net:UserService:8081?status=UP&lastDirtyTimestamp=1771738480079
2026-02-22T11:55:15.474+05:30 DEBUG 18456 --- [UserService] [DiscoveryClient-HeartbeatExecutor-0] [                                                 ] o.s.web.client.RestTemplate              : Accept=[application/json, application/*+json]
2026-02-22T11:55:15.491+05:30 DEBUG 18456 --- [UserService] [DiscoveryClient-HeartbeatExecutor-0] [                                                 ] o.s.web.client.RestTemplate              : Response 200 OK
2026-02-22T11:55:27.643+05:30 DEBUG 18456 --- [UserService] [DiscoveryClient-CacheRefreshExecutor-0] [                                                 ] o.s.web.client.RestTemplate              : HTTP GET http://localhost:8761/eureka/apps/delta
2026-02-22T11:55:27.643+05:30 DEBUG 18456 --- [UserService] [DiscoveryClient-CacheRefreshExecutor-0] [                                                 ] o.s.web.client.RestTemplate              : Accept=[application/json, application/*+json]
2026-02-22T11:55:27.660+05:30 DEBUG 18456 --- [UserService] [DiscoveryClient-CacheRefreshExecutor-0] [                                                 ] o.s.web.client.RestTemplate              : Response 200 OK
2026-02-22T11:55:27.660+05:30 DEBUG 18456 --- [UserService] [DiscoveryClient-CacheRefreshExecutor-0] [                                                 ] o.s.web.client.RestTemplate              : Reading to [org.springframework.cloud.netflix.eureka.http.EurekaApplications]
2026-02-22T11:55:38.972+05:30 DEBUG 18456 --- [UserService] [AsyncReporter{org.springframework.boot.actuate.autoconfigure.tracing.zipkin.ZipkinRestTemplateSender@5ac0cb9b}] [                                                 ] o.s.web.client.RestTemplate              : HTTP POST http://localhost:9411/api/v2/spans
2026-02-22T11:55:38.973+05:30 DEBUG 18456 --- [UserService] [AsyncReporter{org.springframework.boot.actuate.autoconfigure.tracing.zipkin.ZipkinRestTemplateSender@5ac0cb9b}] [                                                 ] o.s.web.client.RestTemplate              : Accept=[application/json, application/*+json]
2026-02-22T11:55:38.974+05:30 DEBUG 18456 --- [UserService] [AsyncReporter{org.springframework.boot.actuate.autoconfigure.tracing.zipkin.ZipkinRestTemplateSender@5ac0cb9b}] [                                                 ] o.s.web.client.RestTemplate              : Writing [[B@3ba0f4ac] as "application/json"
2026-02-22T11:55:38.997+05:30 DEBUG 18456 --- [UserService] [AsyncReporter{org.springframework.boot.actuate.autoconfigure.tracing.zipkin.ZipkinRestTemplateSender@5ac0cb9b}] [                                                 ] o.s.web.client.RestTemplate              : Response 202 ACCEPTED
2026-02-22T11:55:40.005+05:30 DEBUG 18456 --- [UserService] [AsyncReporter{org.springframework.boot.actuate.autoconfigure.tracing.zipkin.ZipkinRestTemplateSender@5ac0cb9b}] [                                                 ] o.s.web.client.RestTemplate              : HTTP POST http://localhost:9411/api/v2/spans
2026-02-22T11:55:40.005+05:30 DEBUG 18456 --- [UserService] [AsyncReporter{org.springframework.boot.actuate.autoconfigure.tracing.zipkin.ZipkinRestTemplateSender@5ac0cb9b}] [                                                 ] o.s.web.client.RestTemplate              : Accept=[application/json, application/*+json]
2026-02-22T11:55:40.005+05:30 DEBUG 18456 --- [UserService] [AsyncReporter{org.springframework.boot.actuate.autoconfigure.tracing.zipkin.ZipkinRestTemplateSender@5ac0cb9b}] [                                                 ] o.s.web.client.RestTemplate              : Writing [[B@47ba4249] as "application/json"
2026-02-22T11:55:40.012+05:30 DEBUG 18456 --- [UserService] [AsyncReporter{org.springframework.boot.actuate.autoconfigure.tracing.zipkin.ZipkinRestTemplateSender@5ac0cb9b}] [                                                 ] o.s.web.client.RestTemplate              : Response 202 ACCEPTED
2026-02-22T11:55:41.014+05:30 DEBUG 18456 --- [UserService] [AsyncReporter{org.springframework.boot.actuate.autoconfigure.tracing.zipkin.ZipkinRestTemplateSender@5ac0cb9b}] [                                                 ] o.s.web.client.RestTemplate              : HTTP POST http://localhost:9411/api/v2/spans
2026-02-22T11:55:41.015+05:30 DEBUG 18456 --- [UserService] [AsyncReporter{org.springframework.boot.actuate.autoconfigure.tracing.zipkin.ZipkinRestTemplateSender@5ac0cb9b}] [                                                 ] o.s.web.client.RestTemplate              : Accept=[application/json, application/*+json]
2026-02-22T11:55:41.015+05:30 DEBUG 18456 --- [UserService] [AsyncReporter{org.springframework.boot.actuate.autoconfigure.tracing.zipkin.ZipkinRestTemplateSender@5ac0cb9b}] [                                                 ] o.s.web.client.RestTemplate              : Writing [[B@1cebd624] as "application/json"
2026-02-22T11:55:41.022+05:30 DEBUG 18456 --- [UserService] [AsyncReporter{org.springframework.boot.actuate.autoconfigure.tracing.zipkin.ZipkinRestTemplateSender@5ac0cb9b}] [                                                 ] o.s.web.client.RestTemplate              : Response 202 ACCEPTED
2026-02-22T11:55:42.026+05:30 DEBUG 18456 --- [UserService] [AsyncReporter{org.springframework.boot.actuate.autoconfigure.tracing.zipkin.ZipkinRestTemplateSender@5ac0cb9b}] [                                                 ] o.s.web.client.RestTemplate              : HTTP POST http://localhost:9411/api/v2/spans
2026-02-22T11:55:42.026+05:30 DEBUG 18456 --- [UserService] [AsyncReporter{org.springframework.boot.actuate.autoconfigure.tracing.zipkin.ZipkinRestTemplateSender@5ac0cb9b}] [                                                 ] o.s.web.client.RestTemplate              : Accept=[application/json, application/*+json]
2026-02-22T11:55:42.027+05:30 DEBUG 18456 --- [UserService] [AsyncReporter{org.springframework.boot.actuate.autoconfigure.tracing.zipkin.ZipkinRestTemplateSender@5ac0cb9b}] [                                                 ] o.s.web.client.RestTemplate              : Writing [[B@1b3e8333] as "application/json"
2026-02-22T11:55:42.037+05:30 DEBUG 18456 --- [UserService] [AsyncReporter{org.springframework.boot.actuate.autoconfigure.tracing.zipkin.ZipkinRestTemplateSender@5ac0cb9b}] [                                                 ] o.s.web.client.RestTemplate              : Response 202 ACCEPTED
2026-02-22T11:55:43.053+05:30 DEBUG 18456 --- [UserService] [AsyncReporter{org.springframework.boot.actuate.autoconfigure.tracing.zipkin.ZipkinRestTemplateSender@5ac0cb9b}] [                                                 ] o.s.web.client.RestTemplate              : HTTP POST http://localhost:9411/api/v2/spans
2026-02-22T11:55:43.054+05:30 DEBUG 18456 --- [UserService] [AsyncReporter{org.springframework.boot.actuate.autoconfigure.tracing.zipkin.ZipkinRestTemplateSender@5ac0cb9b}] [                                                 ] o.s.web.client.RestTemplate              : Accept=[application/json, application/*+json]
2026-02-22T11:55:43.054+05:30 DEBUG 18456 --- [UserService] [AsyncReporter{org.springframework.boot.actuate.autoconfigure.tracing.zipkin.ZipkinRestTemplateSender@5ac0cb9b}] [                                                 ] o.s.web.client.RestTemplate              : Writing [[B@2707116c] as "application/json"
2026-02-22T11:55:43.068+05:30 DEBUG 18456 --- [UserService] [AsyncReporter{org.springframework.boot.actuate.autoconfigure.tracing.zipkin.ZipkinRestTemplateSender@5ac0cb9b}] [                                                 ] o.s.web.client.RestTemplate              : Response 202 ACCEPTED
2026-02-22T11:55:45.085+05:30 DEBUG 18456 --- [UserService] [AsyncReporter{org.springframework.boot.actuate.autoconfigure.tracing.zipkin.ZipkinRestTemplateSender@5ac0cb9b}] [                                                 ] o.s.web.client.RestTemplate              : HTTP POST http://localhost:9411/api/v2/spans
2026-02-22T11:55:45.099+05:30 DEBUG 18456 --- [UserService] [AsyncReporter{org.springframework.boot.actuate.autoconfigure.tracing.zipkin.ZipkinRestTemplateSender@5ac0cb9b}] [                                                 ] o.s.web.client.RestTemplate              : Accept=[application/json, application/*+json]
2026-02-22T11:55:45.100+05:30 DEBUG 18456 --- [UserService] [AsyncReporter{org.springframework.boot.actuate.autoconfigure.tracing.zipkin.ZipkinRestTemplateSender@5ac0cb9b}] [                                                 ] o.s.web.client.RestTemplate              : Writing [[B@323ab7cf] as "application/json"
2026-02-22T11:55:45.125+05:30 DEBUG 18456 --- [UserService] [AsyncReporter{org.springframework.boot.actuate.autoconfigure.tracing.zipkin.ZipkinRestTemplateSender@5ac0cb9b}] [                                                 ] o.s.web.client.RestTemplate              : Response 202 ACCEPTED
2026-02-22T11:55:45.502+05:30 DEBUG 18456 --- [UserService] [DiscoveryClient-HeartbeatExecutor-0] [                                                 ] o.s.web.client.RestTemplate              : HTTP PUT http://localhost:8761/eureka/apps/USERSERVICE/DESKTOP-ECRRR37.mshome.net:UserService:8081?status=UP&lastDirtyTimestamp=1771738480079
2026-02-22T11:55:45.504+05:30 DEBUG 18456 --- [UserService] [DiscoveryClient-HeartbeatExecutor-0] [                                                 ] o.s.web.client.RestTemplate              : Accept=[application/json, application/*+json]
2026-02-22T11:55:45.524+05:30 DEBUG 18456 --- [UserService] [DiscoveryClient-HeartbeatExecutor-0] [                                                 ] o.s.web.client.RestTemplate              : Response 200 OK
2026-02-22T11:55:46.130+05:30 DEBUG 18456 --- [UserService] [AsyncReporter{org.springframework.boot.actuate.autoconfigure.tracing.zipkin.ZipkinRestTemplateSender@5ac0cb9b}] [                                                 ] o.s.web.client.RestTemplate              : HTTP POST http://localhost:9411/api/v2/spans
2026-02-22T11:55:46.131+05:30 DEBUG 18456 --- [UserService] [AsyncReporter{org.springframework.boot.actuate.autoconfigure.tracing.zipkin.ZipkinRestTemplateSender@5ac0cb9b}] [                                                 ] o.s.web.client.RestTemplate              : Accept=[application/json, application/*+json]
2026-02-22T11:55:46.131+05:30 DEBUG 18456 --- [UserService] [AsyncReporter{org.springframework.boot.actuate.autoconfigure.tracing.zipkin.ZipkinRestTemplateSender@5ac0cb9b}] [                                                 ] o.s.web.client.RestTemplate              : Writing [[B@70a20d5a] as "application/json"
2026-02-22T11:55:46.163+05:30 DEBUG 18456 --- [UserService] [AsyncReporter{org.springframework.boot.actuate.autoconfigure.tracing.zipkin.ZipkinRestTemplateSender@5ac0cb9b}] [                                                 ] o.s.web.client.RestTemplate              : Response 202 ACCEPTED
2026-02-22T11:55:57.678+05:30 DEBUG 18456 --- [UserService] [DiscoveryClient-CacheRefreshExecutor-0] [                                                 ] o.s.web.client.RestTemplate              : HTTP GET http://localhost:8761/eureka/apps/delta
2026-02-22T11:55:57.679+05:30 DEBUG 18456 --- [UserService] [DiscoveryClient-CacheRefreshExecutor-0] [                                                 ] o.s.web.client.RestTemplate              : Accept=[application/json, application/*+json]
2026-02-22T11:55:57.697+05:30 DEBUG 18456 --- [UserService] [DiscoveryClient-CacheRefreshExecutor-0] [                                                 ] o.s.web.client.RestTemplate              : Response 200 OK
2026-02-22T11:55:57.697+05:30 DEBUG 18456 --- [UserService] [DiscoveryClient-CacheRefreshExecutor-0] [                                                 ] o.s.web.client.RestTemplate              : Reading to [org.springframework.cloud.netflix.eureka.http.EurekaApplications]
2026-02-22T11:56:15.530+05:30 DEBUG 18456 --- [UserService] [DiscoveryClient-HeartbeatExecutor-0] [                                                 ] o.s.web.client.RestTemplate              : HTTP PUT http://localhost:8761/eureka/apps/USERSERVICE/DESKTOP-ECRRR37.mshome.net:UserService:8081?status=UP&lastDirtyTimestamp=1771738480079
2026-02-22T11:56:15.530+05:30 DEBUG 18456 --- [UserService] [DiscoveryClient-HeartbeatExecutor-0] [                                                 ] o.s.web.client.RestTemplate              : Accept=[application/json, application/*+json]
2026-02-22T11:56:15.546+05:30 DEBUG 18456 --- [UserService] [DiscoveryClient-HeartbeatExecutor-0] [                                                 ] o.s.web.client.RestTemplate              : Response 200 OK
2026-02-22T11:56:27.701+05:30 DEBUG 18456 --- [UserService] [DiscoveryClient-CacheRefreshExecutor-0] [                                                 ] o.s.web.client.RestTemplate              : HTTP GET http://localhost:8761/eureka/apps/delta
2026-02-22T11:56:27.702+05:30 DEBUG 18456 --- [UserService] [DiscoveryClient-CacheRefreshExecutor-0] [                                                 ] o.s.web.client.RestTemplate              : Accept=[application/json, application/*+json]
2026-02-22T11:56:27.717+05:30 DEBUG 18456 --- [UserService] [DiscoveryClient-CacheRefreshExecutor-0] [                                                 ] o.s.web.client.RestTemplate              : Response 200 OK
2026-02-22T11:56:27.717+05:30 DEBUG 18456 --- [UserService] [DiscoveryClient-CacheRefreshExecutor-0] [                                                 ] o.s.web.client.RestTemplate              : Reading to [org.springframework.cloud.netflix.eureka.http.EurekaApplications]
2026-02-22T11:56:45.558+05:30 DEBUG 18456 --- [UserService] [DiscoveryClient-HeartbeatExecutor-0] [                                                 ] o.s.web.client.RestTemplate              : HTTP PUT http://localhost:8761/eureka/apps/USERSERVICE/DESKTOP-ECRRR37.mshome.net:UserService:8081?status=UP&lastDirtyTimestamp=1771738480079
2026-02-22T11:56:45.560+05:30 DEBUG 18456 --- [UserService] [DiscoveryClient-HeartbeatExecutor-0] [                                                 ] o.s.web.client.RestTemplate              : Accept=[application/json, application/*+json]
2026-02-22T11:56:45.574+05:30 DEBUG 18456 --- [UserService] [DiscoveryClient-HeartbeatExecutor-0] [                                                 ] o.s.web.client.RestTemplate              : Response 200 OK
2026-02-22T11:56:57.724+05:30 DEBUG 18456 --- [UserService] [DiscoveryClient-CacheRefreshExecutor-0] [                                                 ] o.s.web.client.RestTemplate              : HTTP GET http://localhost:8761/eureka/apps/delta
2026-02-22T11:56:57.725+05:30 DEBUG 18456 --- [UserService] [DiscoveryClient-CacheRefreshExecutor-0] [                                                 ] o.s.web.client.RestTemplate              : Accept=[application/json, application/*+json]
2026-02-22T11:56:57.743+05:30 DEBUG 18456 --- [UserService] [DiscoveryClient-CacheRefreshExecutor-0] [                                                 ] o.s.web.client.RestTemplate              : Response 200 OK
2026-02-22T11:56:57.745+05:30 DEBUG 18456 --- [UserService] [DiscoveryClient-CacheRefreshExecutor-0] [                                                 ] o.s.web.client.RestTemplate              : Reading to [org.springframework.cloud.netflix.eureka.http.EurekaApplications]
2026-02-22T11:57:15.590+05:30 DEBUG 18456 --- [UserService] [DiscoveryClient-HeartbeatExecutor-0] [                                                 ] o.s.web.client.RestTemplate              : HTTP PUT http://localhost:8761/eureka/apps/USERSERVICE/DESKTOP-ECRRR37.mshome.net:UserService:8081?status=UP&lastDirtyTimestamp=1771738480079
2026-02-22T11:57:15.592+05:30 DEBUG 18456 --- [UserService] [DiscoveryClient-HeartbeatExecutor-0] [                                                 ] o.s.web.client.RestTemplate              : Accept=[application/json, application/*+json]
2026-02-22T11:57:15.613+05:30 DEBUG 18456 --- [UserService] [DiscoveryClient-HeartbeatExecutor-0] [                                                 ] o.s.web.client.RestTemplate              : Response 200 OK
2026-02-22T11:57:27.759+05:30 DEBUG 18456 --- [UserService] [DiscoveryClient-CacheRefreshExecutor-0] [                                                 ] o.s.web.client.RestTemplate              : HTTP GET http://localhost:8761/eureka/apps/delta
2026-02-22T11:57:27.870+05:30 DEBUG 18456 --- [UserService] [DiscoveryClient-CacheRefreshExecutor-0] [                                                 ] o.s.web.client.RestTemplate              : Accept=[application/json, application/*+json]
2026-02-22T11:57:31.681+05:30 DEBUG 18456 --- [UserService] [DiscoveryClient-CacheRefreshExecutor-0] [                                                 ] o.s.web.client.RestTemplate              : Response 200 OK
2026-02-22T11:57:31.683+05:30 DEBUG 18456 --- [UserService] [DiscoveryClient-CacheRefreshExecutor-0] [                                                 ] o.s.web.client.RestTemplate              : Reading to [org.springframework.cloud.netflix.eureka.http.EurekaApplications]
2026-02-22T11:57:45.616+05:30 DEBUG 18456 --- [UserService] [DiscoveryClient-HeartbeatExecutor-0] [                                                 ] o.s.web.client.RestTemplate              : HTTP PUT http://localhost:8761/eureka/apps/USERSERVICE/DESKTOP-ECRRR37.mshome.net:UserService:8081?status=UP&lastDirtyTimestamp=1771738480079
2026-02-22T11:57:45.619+05:30 DEBUG 18456 --- [UserService] [DiscoveryClient-HeartbeatExecutor-0] [                                                 ] o.s.web.client.RestTemplate              : Accept=[application/json, application/*+json]
2026-02-22T11:57:45.635+05:30 DEBUG 18456 --- [UserService] [DiscoveryClient-HeartbeatExecutor-0] [                                                 ] o.s.web.client.RestTemplate              : Response 200 OK
2026-02-22T11:58:01.999+05:30 DEBUG 18456 --- [UserService] [DiscoveryClient-CacheRefreshExecutor-0] [                                                 ] o.s.web.client.RestTemplate              : HTTP GET http://localhost:8761/eureka/apps/delta
2026-02-22T11:58:02.000+05:30 DEBUG 18456 --- [UserService] [DiscoveryClient-CacheRefreshExecutor-0] [                                                 ] o.s.web.client.RestTemplate              : Accept=[application/json, application/*+json]
2026-02-22T11:58:02.808+05:30 DEBUG 18456 --- [UserService] [DiscoveryClient-CacheRefreshExecutor-0] [                                                 ] o.s.web.client.RestTemplate              : Response 200 OK
2026-02-22T11:58:02.823+05:30 DEBUG 18456 --- [UserService] [DiscoveryClient-CacheRefreshExecutor-0] [                                                 ] o.s.web.client.RestTemplate              : Reading to [org.springframework.cloud.netflix.eureka.http.EurekaApplications]
2026-02-22T11:58:15.640+05:30 DEBUG 18456 --- [UserService] [DiscoveryClient-HeartbeatExecutor-0] [                                                 ] o.s.web.client.RestTemplate              : HTTP PUT http://localhost:8761/eureka/apps/USERSERVICE/DESKTOP-ECRRR37.mshome.net:UserService:8081?status=UP&lastDirtyTimestamp=1771738480079
2026-02-22T11:58:15.641+05:30 DEBUG 18456 --- [UserService] [DiscoveryClient-HeartbeatExecutor-0] [                                                 ] o.s.web.client.RestTemplate              : Accept=[application/json, application/*+json]
2026-02-22T11:58:15.665+05:30 DEBUG 18456 --- [UserService] [DiscoveryClient-HeartbeatExecutor-0] [                                                 ] o.s.web.client.RestTemplate              : Response 200 OK
2026-02-22T11:58:32.912+05:30 DEBUG 18456 --- [UserService] [DiscoveryClient-CacheRefreshExecutor-0] [                                                 ] o.s.web.client.RestTemplate              : HTTP GET http://localhost:8761/eureka/apps/delta
2026-02-22T11:58:33.140+05:30 DEBUG 18456 --- [UserService] [DiscoveryClient-CacheRefreshExecutor-0] [                                                 ] o.s.web.client.RestTemplate              : Accept=[application/json, application/*+json]
2026-02-22T11:58:33.383+05:30 DEBUG 18456 --- [UserService] [DiscoveryClient-CacheRefreshExecutor-0] [                                                 ] o.s.web.client.RestTemplate              : Response 200 OK
2026-02-22T11:58:33.384+05:30 DEBUG 18456 --- [UserService] [DiscoveryClient-CacheRefreshExecutor-0] [                                                 ] o.s.web.client.RestTemplate              : Reading to [org.springframework.cloud.netflix.eureka.http.EurekaApplications]
2026-02-22T11:58:45.670+05:30 DEBUG 18456 --- [UserService] [DiscoveryClient-HeartbeatExecutor-0] [                                                 ] o.s.web.client.RestTemplate              : HTTP PUT http://localhost:8761/eureka/apps/USERSERVICE/DESKTOP-ECRRR37.mshome.net:UserService:8081?status=UP&lastDirtyTimestamp=1771738480079
2026-02-22T11:58:45.671+05:30 DEBUG 18456 --- [UserService] [DiscoveryClient-HeartbeatExecutor-0] [                                                 ] o.s.web.client.RestTemplate              : Accept=[application/json, application/*+json]
2026-02-22T11:58:46.293+05:30 DEBUG 18456 --- [UserService] [DiscoveryClient-HeartbeatExecutor-0] [                                                 ] o.s.web.client.RestTemplate              : Response 200 OK
2026-02-22T11:59:07.992+05:30 DEBUG 18456 --- [UserService] [DiscoveryClient-CacheRefreshExecutor-0] [                                                 ] o.s.web.client.RestTemplate              : HTTP GET http://localhost:8761/eureka/apps/delta
2026-02-22T11:59:07.992+05:30 DEBUG 18456 --- [UserService] [DiscoveryClient-CacheRefreshExecutor-0] [                                                 ] o.s.web.client.RestTemplate              : Accept=[application/json, application/*+json]
2026-02-22T11:59:08.008+05:30 DEBUG 18456 --- [UserService] [DiscoveryClient-CacheRefreshExecutor-0] [                                                 ] o.s.web.client.RestTemplate              : Response 200 OK
2026-02-22T11:59:08.056+05:30 DEBUG 18456 --- [UserService] [DiscoveryClient-CacheRefreshExecutor-0] [                                                 ] o.s.web.client.RestTemplate              : Reading to [org.springframework.cloud.netflix.eureka.http.EurekaApplications]
2026-02-22T11:59:16.309+05:30 DEBUG 18456 --- [UserService] [DiscoveryClient-HeartbeatExecutor-0] [                                                 ] o.s.web.client.RestTemplate              : HTTP PUT http://localhost:8761/eureka/apps/USERSERVICE/DESKTOP-ECRRR37.mshome.net:UserService:8081?status=UP&lastDirtyTimestamp=1771738480079
2026-02-22T11:59:16.309+05:30 DEBUG 18456 --- [UserService] [DiscoveryClient-HeartbeatExecutor-0] [                                                 ] o.s.web.client.RestTemplate              : Accept=[application/json, application/*+json]
2026-02-22T11:59:16.332+05:30 DEBUG 18456 --- [UserService] [DiscoveryClient-HeartbeatExecutor-0] [                                                 ] o.s.web.client.RestTemplate              : Response 200 OK
2026-02-22T11:59:38.146+05:30 DEBUG 18456 --- [UserService] [DiscoveryClient-CacheRefreshExecutor-0] [                                                 ] o.s.web.client.RestTemplate              : HTTP GET http://localhost:8761/eureka/apps/delta
2026-02-22T11:59:38.651+05:30 DEBUG 18456 --- [UserService] [DiscoveryClient-CacheRefreshExecutor-0] [                                                 ] o.s.web.client.RestTemplate              : Accept=[application/json, application/*+json]
2026-02-22T11:59:44.190+05:30 DEBUG 18456 --- [UserService] [DiscoveryClient-CacheRefreshExecutor-0] [                                                 ] o.s.web.client.RestTemplate              : Response 200 OK
2026-02-22T11:59:44.203+05:30 DEBUG 18456 --- [UserService] [DiscoveryClient-CacheRefreshExecutor-0] [                                                 ] o.s.web.client.RestTemplate              : Reading to [org.springframework.cloud.netflix.eureka.http.EurekaApplications]
2026-02-22T11:59:45.484+05:30  INFO 18456 --- [UserService] [AsyncResolver-bootstrap-executor-0] [                                                 ] c.n.d.s.r.aws.ConfigClusterResolver      : Resolving eureka endpoints via configuration
2026-02-22T11:59:46.340+05:30 DEBUG 18456 --- [UserService] [DiscoveryClient-HeartbeatExecutor-0] [                                                 ] o.s.web.client.RestTemplate              : HTTP PUT http://localhost:8761/eureka/apps/USERSERVICE/DESKTOP-ECRRR37.mshome.net:UserService:8081?status=UP&lastDirtyTimestamp=1771738480079
2026-02-22T11:59:46.340+05:30 DEBUG 18456 --- [UserService] [DiscoveryClient-HeartbeatExecutor-0] [                                                 ] o.s.web.client.RestTemplate              : Accept=[application/json, application/*+json]
2026-02-22T11:59:46.360+05:30 DEBUG 18456 --- [UserService] [DiscoveryClient-HeartbeatExecutor-0] [                                                 ] o.s.web.client.RestTemplate              : Response 200 OK
2026-02-22T11:59:56.742+05:30 DEBUG 18456 --- [UserService] [AsyncReporter{org.springframework.boot.actuate.autoconfigure.tracing.zipkin.ZipkinRestTemplateSender@5ac0cb9b}] [                                                 ] o.s.web.client.RestTemplate              : HTTP POST http://localhost:9411/api/v2/spans
2026-02-22T11:59:56.786+05:30 DEBUG 18456 --- [UserService] [AsyncReporter{org.springframework.boot.actuate.autoconfigure.tracing.zipkin.ZipkinRestTemplateSender@5ac0cb9b}] [                                                 ] o.s.web.client.RestTemplate              : Accept=[application/json, application/*+json]
2026-02-22T11:59:56.786+05:30 DEBUG 18456 --- [UserService] [AsyncReporter{org.springframework.boot.actuate.autoconfigure.tracing.zipkin.ZipkinRestTemplateSender@5ac0cb9b}] [                                                 ] o.s.web.client.RestTemplate              : Writing [[B@1f6a3f66] as "application/json"
2026-02-22T11:59:56.969+05:30 DEBUG 18456 --- [UserService] [AsyncReporter{org.springframework.boot.actuate.autoconfigure.tracing.zipkin.ZipkinRestTemplateSender@5ac0cb9b}] [                                                 ] o.s.web.client.RestTemplate              : Response 202 ACCEPTED
2026-02-22T12:00:14.216+05:30 DEBUG 18456 --- [UserService] [DiscoveryClient-CacheRefreshExecutor-0] [                                                 ] o.s.web.client.RestTemplate              : HTTP GET http://localhost:8761/eureka/apps/delta
2026-02-22T12:00:14.217+05:30 DEBUG 18456 --- [UserService] [DiscoveryClient-CacheRefreshExecutor-0] [                                                 ] o.s.web.client.RestTemplate              : Accept=[application/json, application/*+json]
2026-02-22T12:00:14.238+05:30 DEBUG 18456 --- [UserService] [DiscoveryClient-CacheRefreshExecutor-0] [                                                 ] o.s.web.client.RestTemplate              : Response 200 OK
2026-02-22T12:00:14.241+05:30 DEBUG 18456 --- [UserService] [DiscoveryClient-CacheRefreshExecutor-0] [                                                 ] o.s.web.client.RestTemplate              : Reading to [org.springframework.cloud.netflix.eureka.http.EurekaApplications]
2026-02-22T12:00:16.368+05:30 DEBUG 18456 --- [UserService] [DiscoveryClient-HeartbeatExecutor-0] [                                                 ] o.s.web.client.RestTemplate              : HTTP PUT http://localhost:8761/eureka/apps/USERSERVICE/DESKTOP-ECRRR37.mshome.net:UserService:8081?status=UP&lastDirtyTimestamp=1771738480079
2026-02-22T12:00:16.369+05:30 DEBUG 18456 --- [UserService] [DiscoveryClient-HeartbeatExecutor-0] [                                                 ] o.s.web.client.RestTemplate              : Accept=[application/json, application/*+json]
2026-02-22T12:00:16.393+05:30 DEBUG 18456 --- [UserService] [DiscoveryClient-HeartbeatExecutor-0] [                                                 ] o.s.web.client.RestTemplate              : Response 200 OK
2026-02-22T12:00:44.269+05:30 DEBUG 18456 --- [UserService] [DiscoveryClient-CacheRefreshExecutor-0] [                                                 ] o.s.web.client.RestTemplate              : HTTP GET http://localhost:8761/eureka/apps/delta
2026-02-22T12:00:44.269+05:30 DEBUG 18456 --- [UserService] [DiscoveryClient-CacheRefreshExecutor-0] [                                                 ] o.s.web.client.RestTemplate              : Accept=[application/json, application/*+json]
2026-02-22T12:00:44.289+05:30 DEBUG 18456 --- [UserService] [DiscoveryClient-CacheRefreshExecutor-0] [                                                 ] o.s.web.client.RestTemplate              : Response 200 OK
2026-02-22T12:00:44.291+05:30 DEBUG 18456 --- [UserService] [DiscoveryClient-CacheRefreshExecutor-0] [                                                 ] o.s.web.client.RestTemplate              : Reading to [org.springframework.cloud.netflix.eureka.http.EurekaApplications]
2026-02-22T12:00:46.403+05:30 DEBUG 18456 --- [UserService] [DiscoveryClient-HeartbeatExecutor-0] [                                                 ] o.s.web.client.RestTemplate              : HTTP PUT http://localhost:8761/eureka/apps/USERSERVICE/DESKTOP-ECRRR37.mshome.net:UserService:8081?status=UP&lastDirtyTimestamp=1771738480079
2026-02-22T12:00:46.404+05:30 DEBUG 18456 --- [UserService] [DiscoveryClient-HeartbeatExecutor-0] [                                                 ] o.s.web.client.RestTemplate              : Accept=[application/json, application/*+json]
2026-02-22T12:00:46.420+05:30 DEBUG 18456 --- [UserService] [DiscoveryClient-HeartbeatExecutor-0] [                                                 ] o.s.web.client.RestTemplate              : Response 200 OK
2026-02-22T12:01:14.306+05:30 DEBUG 18456 --- [UserService] [DiscoveryClient-CacheRefreshExecutor-0] [                                                 ] o.s.web.client.RestTemplate              : HTTP GET http://localhost:8761/eureka/apps/delta
2026-02-22T12:01:14.309+05:30 DEBUG 18456 --- [UserService] [DiscoveryClient-CacheRefreshExecutor-0] [                                                 ] o.s.web.client.RestTemplate              : Accept=[application/json, application/*+json]
2026-02-22T12:01:14.330+05:30 DEBUG 18456 --- [UserService] [DiscoveryClient-CacheRefreshExecutor-0] [                                                 ] o.s.web.client.RestTemplate              : Response 200 OK
2026-02-22T12:01:14.331+05:30 DEBUG 18456 --- [UserService] [DiscoveryClient-CacheRefreshExecutor-0] [                                                 ] o.s.web.client.RestTemplate              : Reading to [org.springframework.cloud.netflix.eureka.http.EurekaApplications]
2026-02-22T12:01:16.437+05:30 DEBUG 18456 --- [UserService] [DiscoveryClient-HeartbeatExecutor-0] [                                                 ] o.s.web.client.RestTemplate              : HTTP PUT http://localhost:8761/eureka/apps/USERSERVICE/DESKTOP-ECRRR37.mshome.net:UserService:8081?status=UP&lastDirtyTimestamp=1771738480079
2026-02-22T12:01:16.438+05:30 DEBUG 18456 --- [UserService] [DiscoveryClient-HeartbeatExecutor-0] [                                                 ] o.s.web.client.RestTemplate              : Accept=[application/json, application/*+json]
2026-02-22T12:01:16.454+05:30 DEBUG 18456 --- [UserService] [DiscoveryClient-HeartbeatExecutor-0] [                                                 ] o.s.web.client.RestTemplate              : Response 200 OK
2026-02-22T12:01:44.574+05:30 DEBUG 18456 --- [UserService] [DiscoveryClient-CacheRefreshExecutor-0] [                                                 ] o.s.web.client.RestTemplate              : HTTP GET http://localhost:8761/eureka/apps/delta
2026-02-22T12:01:44.985+05:30 DEBUG 18456 --- [UserService] [DiscoveryClient-CacheRefreshExecutor-0] [                                                 ] o.s.web.client.RestTemplate              : Accept=[application/json, application/*+json]
2026-02-22T12:01:45.008+05:30 DEBUG 18456 --- [UserService] [DiscoveryClient-CacheRefreshExecutor-0] [                                                 ] o.s.web.client.RestTemplate              : Response 200 OK
2026-02-22T12:01:45.014+05:30 DEBUG 18456 --- [UserService] [DiscoveryClient-CacheRefreshExecutor-0] [                                                 ] o.s.web.client.RestTemplate              : Reading to [org.springframework.cloud.netflix.eureka.http.EurekaApplications]
2026-02-22T12:01:46.461+05:30 DEBUG 18456 --- [UserService] [DiscoveryClient-HeartbeatExecutor-0] [                                                 ] o.s.web.client.RestTemplate              : HTTP PUT http://localhost:8761/eureka/apps/USERSERVICE/DESKTOP-ECRRR37.mshome.net:UserService:8081?status=UP&lastDirtyTimestamp=1771738480079
2026-02-22T12:01:46.464+05:30 DEBUG 18456 --- [UserService] [DiscoveryClient-HeartbeatExecutor-0] [                                                 ] o.s.web.client.RestTemplate              : Accept=[application/json, application/*+json]
2026-02-22T12:01:46.520+05:30 DEBUG 18456 --- [UserService] [DiscoveryClient-HeartbeatExecutor-0] [                                                 ] o.s.web.client.RestTemplate              : Response 200 OK
2026-02-22T12:02:15.040+05:30 DEBUG 18456 --- [UserService] [DiscoveryClient-CacheRefreshExecutor-0] [                                                 ] o.s.web.client.RestTemplate              : HTTP GET http://localhost:8761/eureka/apps/delta
2026-02-22T12:02:15.045+05:30 DEBUG 18456 --- [UserService] [DiscoveryClient-CacheRefreshExecutor-0] [                                                 ] o.s.web.client.RestTemplate              : Accept=[application/json, application/*+json]
2026-02-22T12:02:15.056+05:30 DEBUG 18456 --- [UserService] [DiscoveryClient-CacheRefreshExecutor-0] [                                                 ] o.s.web.client.RestTemplate              : Response 200 OK
2026-02-22T12:02:15.063+05:30 DEBUG 18456 --- [UserService] [DiscoveryClient-CacheRefreshExecutor-0] [                                                 ] o.s.web.client.RestTemplate              : Reading to [org.springframework.cloud.netflix.eureka.http.EurekaApplications]
2026-02-22T12:02:16.533+05:30 DEBUG 18456 --- [UserService] [DiscoveryClient-HeartbeatExecutor-0] [                                                 ] o.s.web.client.RestTemplate              : HTTP PUT http://localhost:8761/eureka/apps/USERSERVICE/DESKTOP-ECRRR37.mshome.net:UserService:8081?status=UP&lastDirtyTimestamp=1771738480079
2026-02-22T12:02:16.533+05:30 DEBUG 18456 --- [UserService] [DiscoveryClient-HeartbeatExecutor-0] [                                                 ] o.s.web.client.RestTemplate              : Accept=[application/json, application/*+json]
2026-02-22T12:02:16.714+05:30 DEBUG 18456 --- [UserService] [DiscoveryClient-HeartbeatExecutor-0] [                                                 ] o.s.web.client.RestTemplate              : Response 200 OK
2026-02-22T12:02:45.074+05:30 DEBUG 18456 --- [UserService] [DiscoveryClient-CacheRefreshExecutor-0] [                                                 ] o.s.web.client.RestTemplate              : HTTP GET http://localhost:8761/eureka/apps/delta
2026-02-22T12:02:45.075+05:30 DEBUG 18456 --- [UserService] [DiscoveryClient-CacheRefreshExecutor-0] [                                                 ] o.s.web.client.RestTemplate              : Accept=[application/json, application/*+json]
2026-02-22T12:02:45.093+05:30 DEBUG 18456 --- [UserService] [DiscoveryClient-CacheRefreshExecutor-0] [                                                 ] o.s.web.client.RestTemplate              : Response 200 OK
2026-02-22T12:02:45.128+05:30 DEBUG 18456 --- [UserService] [DiscoveryClient-CacheRefreshExecutor-0] [                                                 ] o.s.web.client.RestTemplate              : Reading to [org.springframework.cloud.netflix.eureka.http.EurekaApplications]
2026-02-22T12:02:46.794+05:30 DEBUG 18456 --- [UserService] [DiscoveryClient-HeartbeatExecutor-0] [                                                 ] o.s.web.client.RestTemplate              : HTTP PUT http://localhost:8761/eureka/apps/USERSERVICE/DESKTOP-ECRRR37.mshome.net:UserService:8081?status=UP&lastDirtyTimestamp=1771738480079
2026-02-22T12:02:46.796+05:30 DEBUG 18456 --- [UserService] [DiscoveryClient-HeartbeatExecutor-0] [                                                 ] o.s.web.client.RestTemplate              : Accept=[application/json, application/*+json]
2026-02-22T12:02:46.845+05:30 DEBUG 18456 --- [UserService] [DiscoveryClient-HeartbeatExecutor-0] [                                                 ] o.s.web.client.RestTemplate              : Response 200 OK
2026-02-22T12:03:15.139+05:30 DEBUG 18456 --- [UserService] [DiscoveryClient-CacheRefreshExecutor-0] [                                                 ] o.s.web.client.RestTemplate              : HTTP GET http://localhost:8761/eureka/apps/delta
2026-02-22T12:03:15.140+05:30 DEBUG 18456 --- [UserService] [DiscoveryClient-CacheRefreshExecutor-0] [                                                 ] o.s.web.client.RestTemplate              : Accept=[application/json, application/*+json]
2026-02-22T12:03:15.322+05:30 DEBUG 18456 --- [UserService] [DiscoveryClient-CacheRefreshExecutor-0] [                                                 ] o.s.web.client.RestTemplate              : Response 200 OK
2026-02-22T12:03:15.393+05:30 DEBUG 18456 --- [UserService] [DiscoveryClient-CacheRefreshExecutor-0] [                                                 ] o.s.web.client.RestTemplate              : Reading to [org.springframework.cloud.netflix.eureka.http.EurekaApplications]
2026-02-22T12:03:16.976+05:30 DEBUG 18456 --- [UserService] [DiscoveryClient-HeartbeatExecutor-0] [                                                 ] o.s.web.client.RestTemplate              : HTTP PUT http://localhost:8761/eureka/apps/USERSERVICE/DESKTOP-ECRRR37.mshome.net:UserService:8081?status=UP&lastDirtyTimestamp=1771738480079
2026-02-22T12:03:16.977+05:30 DEBUG 18456 --- [UserService] [DiscoveryClient-HeartbeatExecutor-0] [                                                 ] o.s.web.client.RestTemplate              : Accept=[application/json, application/*+json]
2026-02-22T12:03:17.141+05:30 DEBUG 18456 --- [UserService] [DiscoveryClient-HeartbeatExecutor-0] [                                                 ] o.s.web.client.RestTemplate              : Response 200 OK
2026-02-22T12:03:45.610+05:30 DEBUG 18456 --- [UserService] [DiscoveryClient-CacheRefreshExecutor-0] [                                                 ] o.s.web.client.RestTemplate              : HTTP GET http://localhost:8761/eureka/apps/delta
2026-02-22T12:03:45.616+05:30 DEBUG 18456 --- [UserService] [DiscoveryClient-CacheRefreshExecutor-0] [                                                 ] o.s.web.client.RestTemplate              : Accept=[application/json, application/*+json]
2026-02-22T12:03:45.628+05:30 DEBUG 18456 --- [UserService] [DiscoveryClient-CacheRefreshExecutor-0] [                                                 ] o.s.web.client.RestTemplate              : Response 200 OK
2026-02-22T12:03:45.628+05:30 DEBUG 18456 --- [UserService] [DiscoveryClient-CacheRefreshExecutor-0] [                                                 ] o.s.web.client.RestTemplate              : Reading to [org.springframework.cloud.netflix.eureka.http.EurekaApplications]
2026-02-22T12:03:47.151+05:30 DEBUG 18456 --- [UserService] [DiscoveryClient-HeartbeatExecutor-0] [                                                 ] o.s.web.client.RestTemplate              : HTTP PUT http://localhost:8761/eureka/apps/USERSERVICE/DESKTOP-ECRRR37.mshome.net:UserService:8081?status=UP&lastDirtyTimestamp=1771738480079
2026-02-22T12:03:47.163+05:30 DEBUG 18456 --- [UserService] [DiscoveryClient-HeartbeatExecutor-0] [                                                 ] o.s.web.client.RestTemplate              : Accept=[application/json, application/*+json]
2026-02-22T12:03:47.176+05:30 DEBUG 18456 --- [UserService] [DiscoveryClient-HeartbeatExecutor-0] [                                                 ] o.s.web.client.RestTemplate              : Response 200 OK
2026-02-22T12:04:15.642+05:30 DEBUG 18456 --- [UserService] [DiscoveryClient-CacheRefreshExecutor-0] [                                                 ] o.s.web.client.RestTemplate              : HTTP GET http://localhost:8761/eureka/apps/delta
2026-02-22T12:04:15.646+05:30 DEBUG 18456 --- [UserService] [DiscoveryClient-CacheRefreshExecutor-0] [                                                 ] o.s.web.client.RestTemplate              : Accept=[application/json, application/*+json]
2026-02-22T12:04:15.667+05:30 DEBUG 18456 --- [UserService] [DiscoveryClient-CacheRefreshExecutor-0] [                                                 ] o.s.web.client.RestTemplate              : Response 200 OK
2026-02-22T12:04:15.670+05:30 DEBUG 18456 --- [UserService] [DiscoveryClient-CacheRefreshExecutor-0] [                                                 ] o.s.web.client.RestTemplate              : Reading to [org.springframework.cloud.netflix.eureka.http.EurekaApplications]
2026-02-22T12:04:17.181+05:30 DEBUG 18456 --- [UserService] [DiscoveryClient-HeartbeatExecutor-0] [                                                 ] o.s.web.client.RestTemplate              : HTTP PUT http://localhost:8761/eureka/apps/USERSERVICE/DESKTOP-ECRRR37.mshome.net:UserService:8081?status=UP&lastDirtyTimestamp=1771738480079
2026-02-22T12:04:17.182+05:30 DEBUG 18456 --- [UserService] [DiscoveryClient-HeartbeatExecutor-0] [                                                 ] o.s.web.client.RestTemplate              : Accept=[application/json, application/*+json]
2026-02-22T12:04:17.191+05:30 DEBUG 18456 --- [UserService] [DiscoveryClient-HeartbeatExecutor-0] [                                                 ] o.s.web.client.RestTemplate              : Response 200 OK
2026-02-22T12:04:45.697+05:30 DEBUG 18456 --- [UserService] [DiscoveryClient-CacheRefreshExecutor-0] [                                                 ] o.s.web.client.RestTemplate              : HTTP GET http://localhost:8761/eureka/apps/delta
2026-02-22T12:04:45.714+05:30 DEBUG 18456 --- [UserService] [DiscoveryClient-CacheRefreshExecutor-0] [                                                 ] o.s.web.client.RestTemplate              : Accept=[application/json, application/*+json]
2026-02-22T12:04:45.809+05:30 DEBUG 18456 --- [UserService] [DiscoveryClient-CacheRefreshExecutor-0] [                                                 ] o.s.web.client.RestTemplate              : Response 200 OK
2026-02-22T12:04:45.849+05:30 DEBUG 18456 --- [UserService] [DiscoveryClient-CacheRefreshExecutor-0] [                                                 ] o.s.web.client.RestTemplate              : Reading to [org.springframework.cloud.netflix.eureka.http.EurekaApplications]
2026-02-22T12:04:47.206+05:30 DEBUG 18456 --- [UserService] [DiscoveryClient-HeartbeatExecutor-0] [                                                 ] o.s.web.client.RestTemplate              : HTTP PUT http://localhost:8761/eureka/apps/USERSERVICE/DESKTOP-ECRRR37.mshome.net:UserService:8081?status=UP&lastDirtyTimestamp=1771738480079
2026-02-22T12:04:47.457+05:30 DEBUG 18456 --- [UserService] [DiscoveryClient-HeartbeatExecutor-0] [                                                 ] o.s.web.client.RestTemplate              : Accept=[application/json, application/*+json]
2026-02-22T12:04:47.461+05:30 DEBUG 18456 --- [UserService] [DiscoveryClient-HeartbeatExecutor-0] [                                                 ] o.s.web.client.RestTemplate              : Response 200 OK
2026-02-22T12:04:46.852+05:30  INFO 18456 --- [UserService] [AsyncResolver-bootstrap-executor-0] [                                                 ] c.n.d.s.r.aws.ConfigClusterResolver      : Resolving eureka endpoints via configuration
2026-02-22T12:05:16.007+05:30 DEBUG 18456 --- [UserService] [DiscoveryClient-CacheRefreshExecutor-0] [                                                 ] o.s.web.client.RestTemplate              : HTTP GET http://localhost:8761/eureka/apps/delta
2026-02-22T12:05:16.010+05:30 DEBUG 18456 --- [UserService] [DiscoveryClient-CacheRefreshExecutor-0] [                                                 ] o.s.web.client.RestTemplate              : Accept=[application/json, application/*+json]
2026-02-22T12:05:16.028+05:30 DEBUG 18456 --- [UserService] [DiscoveryClient-CacheRefreshExecutor-0] [                                                 ] o.s.web.client.RestTemplate              : Response 200 OK
2026-02-22T12:05:16.031+05:30 DEBUG 18456 --- [UserService] [DiscoveryClient-CacheRefreshExecutor-0] [                                                 ] o.s.web.client.RestTemplate              : Reading to [org.springframework.cloud.netflix.eureka.http.EurekaApplications]
2026-02-22T12:05:17.467+05:30 DEBUG 18456 --- [UserService] [DiscoveryClient-HeartbeatExecutor-0] [                                                 ] o.s.web.client.RestTemplate              : HTTP PUT http://localhost:8761/eureka/apps/USERSERVICE/DESKTOP-ECRRR37.mshome.net:UserService:8081?status=UP&lastDirtyTimestamp=1771738480079
2026-02-22T12:05:17.468+05:30 DEBUG 18456 --- [UserService] [DiscoveryClient-HeartbeatExecutor-0] [                                                 ] o.s.web.client.RestTemplate              : Accept=[application/json, application/*+json]
2026-02-22T12:05:17.476+05:30 DEBUG 18456 --- [UserService] [DiscoveryClient-HeartbeatExecutor-0] [                                                 ] o.s.web.client.RestTemplate              : Response 200 OK
2026-02-22T12:05:46.102+05:30 DEBUG 18456 --- [UserService] [DiscoveryClient-CacheRefreshExecutor-0] [                                                 ] o.s.web.client.RestTemplate              : HTTP GET http://localhost:8761/eureka/apps/delta
2026-02-22T12:05:46.103+05:30 DEBUG 18456 --- [UserService] [DiscoveryClient-CacheRefreshExecutor-0] [                                                 ] o.s.web.client.RestTemplate              : Accept=[application/json, application/*+json]
2026-02-22T12:05:46.274+05:30 DEBUG 18456 --- [UserService] [DiscoveryClient-CacheRefreshExecutor-0] [                                                 ] o.s.web.client.RestTemplate              : Response 200 OK
2026-02-22T12:05:46.274+05:30 DEBUG 18456 --- [UserService] [DiscoveryClient-CacheRefreshExecutor-0] [                                                 ] o.s.web.client.RestTemplate              : Reading to [org.springframework.cloud.netflix.eureka.http.EurekaApplications]
2026-02-22T12:05:47.914+05:30 DEBUG 18456 --- [UserService] [DiscoveryClient-HeartbeatExecutor-0] [                                                 ] o.s.web.client.RestTemplate              : HTTP PUT http://localhost:8761/eureka/apps/USERSERVICE/DESKTOP-ECRRR37.mshome.net:UserService:8081?status=UP&lastDirtyTimestamp=1771738480079
2026-02-22T12:05:48.038+05:30 DEBUG 18456 --- [UserService] [DiscoveryClient-HeartbeatExecutor-0] [                                                 ] o.s.web.client.RestTemplate              : Accept=[application/json, application/*+json]
2026-02-22T12:05:48.539+05:30 DEBUG 18456 --- [UserService] [DiscoveryClient-HeartbeatExecutor-0] [                                                 ] o.s.web.client.RestTemplate              : Response 200 OK
2026-02-22T12:06:16.605+05:30 DEBUG 18456 --- [UserService] [DiscoveryClient-CacheRefreshExecutor-0] [                                                 ] o.s.web.client.RestTemplate              : HTTP GET http://localhost:8761/eureka/apps/delta
2026-02-22T12:06:16.606+05:30 DEBUG 18456 --- [UserService] [DiscoveryClient-CacheRefreshExecutor-0] [                                                 ] o.s.web.client.RestTemplate              : Accept=[application/json, application/*+json]
2026-02-22T12:06:16.619+05:30 DEBUG 18456 --- [UserService] [DiscoveryClient-CacheRefreshExecutor-0] [                                                 ] o.s.web.client.RestTemplate              : Response 200 OK
2026-02-22T12:06:16.620+05:30 DEBUG 18456 --- [UserService] [DiscoveryClient-CacheRefreshExecutor-0] [                                                 ] o.s.web.client.RestTemplate              : Reading to [org.springframework.cloud.netflix.eureka.http.EurekaApplications]
2026-02-22T12:06:18.926+05:30 DEBUG 18456 --- [UserService] [DiscoveryClient-HeartbeatExecutor-0] [                                                 ] o.s.web.client.RestTemplate              : HTTP PUT http://localhost:8761/eureka/apps/USERSERVICE/DESKTOP-ECRRR37.mshome.net:UserService:8081?status=UP&lastDirtyTimestamp=1771738480079
2026-02-22T12:06:18.927+05:30 DEBUG 18456 --- [UserService] [DiscoveryClient-HeartbeatExecutor-0] [                                                 ] o.s.web.client.RestTemplate              : Accept=[application/json, application/*+json]
2026-02-22T12:06:18.936+05:30 DEBUG 18456 --- [UserService] [DiscoveryClient-HeartbeatExecutor-0] [                                                 ] o.s.web.client.RestTemplate              : Response 200 OK
2026-02-22T12:06:46.635+05:30 DEBUG 18456 --- [UserService] [DiscoveryClient-CacheRefreshExecutor-0] [                                                 ] o.s.web.client.RestTemplate              : HTTP GET http://localhost:8761/eureka/apps/delta
2026-02-22T12:06:46.639+05:30 DEBUG 18456 --- [UserService] [DiscoveryClient-CacheRefreshExecutor-0] [                                                 ] o.s.web.client.RestTemplate              : Accept=[application/json, application/*+json]
2026-02-22T12:06:46.658+05:30 DEBUG 18456 --- [UserService] [DiscoveryClient-CacheRefreshExecutor-0] [                                                 ] o.s.web.client.RestTemplate              : Response 200 OK
2026-02-22T12:06:46.659+05:30 DEBUG 18456 --- [UserService] [DiscoveryClient-CacheRefreshExecutor-0] [                                                 ] o.s.web.client.RestTemplate              : Reading to [org.springframework.cloud.netflix.eureka.http.EurekaApplications]
2026-02-22T12:06:48.953+05:30 DEBUG 18456 --- [UserService] [DiscoveryClient-HeartbeatExecutor-0] [                                                 ] o.s.web.client.RestTemplate              : HTTP PUT http://localhost:8761/eureka/apps/USERSERVICE/DESKTOP-ECRRR37.mshome.net:UserService:8081?status=UP&lastDirtyTimestamp=1771738480079
2026-02-22T12:06:48.955+05:30 DEBUG 18456 --- [UserService] [DiscoveryClient-HeartbeatExecutor-0] [                                                 ] o.s.web.client.RestTemplate              : Accept=[application/json, application/*+json]
2026-02-22T12:06:48.978+05:30 DEBUG 18456 --- [UserService] [DiscoveryClient-HeartbeatExecutor-0] [                                                 ] o.s.web.client.RestTemplate              : Response 200 OK
2026-02-22T12:07:16.678+05:30 DEBUG 18456 --- [UserService] [DiscoveryClient-CacheRefreshExecutor-0] [                                                 ] o.s.web.client.RestTemplate              : HTTP GET http://localhost:8761/eureka/apps/delta
2026-02-22T12:07:16.685+05:30 DEBUG 18456 --- [UserService] [DiscoveryClient-CacheRefreshExecutor-0] [                                                 ] o.s.web.client.RestTemplate              : Accept=[application/json, application/*+json]
2026-02-22T12:07:16.711+05:30 DEBUG 18456 --- [UserService] [DiscoveryClient-CacheRefreshExecutor-0] [                                                 ] o.s.web.client.RestTemplate              : Response 200 OK
2026-02-22T12:07:16.719+05:30 DEBUG 18456 --- [UserService] [DiscoveryClient-CacheRefreshExecutor-0] [                                                 ] o.s.web.client.RestTemplate              : Reading to [org.springframework.cloud.netflix.eureka.http.EurekaApplications]
2026-02-22T12:07:18.992+05:30 DEBUG 18456 --- [UserService] [DiscoveryClient-HeartbeatExecutor-0] [                                                 ] o.s.web.client.RestTemplate              : HTTP PUT http://localhost:8761/eureka/apps/USERSERVICE/DESKTOP-ECRRR37.mshome.net:UserService:8081?status=UP&lastDirtyTimestamp=1771738480079
2026-02-22T12:07:18.997+05:30 DEBUG 18456 --- [UserService] [DiscoveryClient-HeartbeatExecutor-0] [                                                 ] o.s.web.client.RestTemplate              : Accept=[application/json, application/*+json]
2026-02-22T12:07:19.021+05:30 DEBUG 18456 --- [UserService] [DiscoveryClient-HeartbeatExecutor-0] [                                                 ] o.s.web.client.RestTemplate              : Response 200 OK
2026-02-22T12:07:46.735+05:30 DEBUG 18456 --- [UserService] [DiscoveryClient-CacheRefreshExecutor-0] [                                                 ] o.s.web.client.RestTemplate              : HTTP GET http://localhost:8761/eureka/apps/delta
2026-02-22T12:07:46.735+05:30 DEBUG 18456 --- [UserService] [DiscoveryClient-CacheRefreshExecutor-0] [                                                 ] o.s.web.client.RestTemplate              : Accept=[application/json, application/*+json]
2026-02-22T12:07:46.754+05:30 DEBUG 18456 --- [UserService] [DiscoveryClient-CacheRefreshExecutor-0] [                                                 ] o.s.web.client.RestTemplate              : Response 200 OK
2026-02-22T12:07:46.754+05:30 DEBUG 18456 --- [UserService] [DiscoveryClient-CacheRefreshExecutor-0] [                                                 ] o.s.web.client.RestTemplate              : Reading to [org.springframework.cloud.netflix.eureka.http.EurekaApplications]
2026-02-22T12:07:49.033+05:30 DEBUG 18456 --- [UserService] [DiscoveryClient-HeartbeatExecutor-0] [                                                 ] o.s.web.client.RestTemplate              : HTTP PUT http://localhost:8761/eureka/apps/USERSERVICE/DESKTOP-ECRRR37.mshome.net:UserService:8081?status=UP&lastDirtyTimestamp=1771738480079
2026-02-22T12:07:49.034+05:30 DEBUG 18456 --- [UserService] [DiscoveryClient-HeartbeatExecutor-0] [                                                 ] o.s.web.client.RestTemplate              : Accept=[application/json, application/*+json]
2026-02-22T12:07:49.051+05:30 DEBUG 18456 --- [UserService] [DiscoveryClient-HeartbeatExecutor-0] [                                                 ] o.s.web.client.RestTemplate              : Response 200 OK
2026-02-22T12:08:16.771+05:30 DEBUG 18456 --- [UserService] [DiscoveryClient-CacheRefreshExecutor-0] [                                                 ] o.s.web.client.RestTemplate              : HTTP GET http://localhost:8761/eureka/apps/delta
2026-02-22T12:08:16.771+05:30 DEBUG 18456 --- [UserService] [DiscoveryClient-CacheRefreshExecutor-0] [                                                 ] o.s.web.client.RestTemplate              : Accept=[application/json, application/*+json]
2026-02-22T12:08:16.791+05:30 DEBUG 18456 --- [UserService] [DiscoveryClient-CacheRefreshExecutor-0] [                                                 ] o.s.web.client.RestTemplate              : Response 200 OK
2026-02-22T12:08:16.791+05:30 DEBUG 18456 --- [UserService] [DiscoveryClient-CacheRefreshExecutor-0] [                                                 ] o.s.web.client.RestTemplate              : Reading to [org.springframework.cloud.netflix.eureka.http.EurekaApplications]
2026-02-22T12:08:19.066+05:30 DEBUG 18456 --- [UserService] [DiscoveryClient-HeartbeatExecutor-0] [                                                 ] o.s.web.client.RestTemplate              : HTTP PUT http://localhost:8761/eureka/apps/USERSERVICE/DESKTOP-ECRRR37.mshome.net:UserService:8081?status=UP&lastDirtyTimestamp=1771738480079
2026-02-22T12:08:19.067+05:30 DEBUG 18456 --- [UserService] [DiscoveryClient-HeartbeatExecutor-0] [                                                 ] o.s.web.client.RestTemplate              : Accept=[application/json, application/*+json]
2026-02-22T12:08:19.085+05:30 DEBUG 18456 --- [UserService] [DiscoveryClient-HeartbeatExecutor-0] [                                                 ] o.s.web.client.RestTemplate              : Response 200 OK
2026-02-22T12:08:46.806+05:30 DEBUG 18456 --- [UserService] [DiscoveryClient-CacheRefreshExecutor-0] [                                                 ] o.s.web.client.RestTemplate              : HTTP GET http://localhost:8761/eureka/apps/delta
2026-02-22T12:08:46.809+05:30 DEBUG 18456 --- [UserService] [DiscoveryClient-CacheRefreshExecutor-0] [                                                 ] o.s.web.client.RestTemplate              : Accept=[application/json, application/*+json]
2026-02-22T12:08:46.832+05:30 DEBUG 18456 --- [UserService] [DiscoveryClient-CacheRefreshExecutor-0] [                                                 ] o.s.web.client.RestTemplate              : Response 200 OK
2026-02-22T12:08:46.835+05:30 DEBUG 18456 --- [UserService] [DiscoveryClient-CacheRefreshExecutor-0] [                                                 ] o.s.web.client.RestTemplate              : Reading to [org.springframework.cloud.netflix.eureka.http.EurekaApplications]
2026-02-22T12:08:49.098+05:30 DEBUG 18456 --- [UserService] [DiscoveryClient-HeartbeatExecutor-0] [                                                 ] o.s.web.client.RestTemplate              : HTTP PUT http://localhost:8761/eureka/apps/USERSERVICE/DESKTOP-ECRRR37.mshome.net:UserService:8081?status=UP&lastDirtyTimestamp=1771738480079
2026-02-22T12:08:49.101+05:30 DEBUG 18456 --- [UserService] [DiscoveryClient-HeartbeatExecutor-0] [                                                 ] o.s.web.client.RestTemplate              : Accept=[application/json, application/*+json]
2026-02-22T12:08:49.118+05:30 DEBUG 18456 --- [UserService] [DiscoveryClient-HeartbeatExecutor-0] [                                                 ] o.s.web.client.RestTemplate              : Response 200 OK
2026-02-22T12:09:17.398+05:30 DEBUG 18456 --- [UserService] [DiscoveryClient-CacheRefreshExecutor-0] [                                                 ] o.s.web.client.RestTemplate              : HTTP GET http://localhost:8761/eureka/apps/delta
2026-02-22T12:09:17.400+05:30 DEBUG 18456 --- [UserService] [DiscoveryClient-CacheRefreshExecutor-0] [                                                 ] o.s.web.client.RestTemplate              : Accept=[application/json, application/*+json]
2026-02-22T12:09:17.418+05:30 DEBUG 18456 --- [UserService] [DiscoveryClient-CacheRefreshExecutor-0] [                                                 ] o.s.web.client.RestTemplate              : Response 200 OK
2026-02-22T12:09:17.421+05:30 DEBUG 18456 --- [UserService] [DiscoveryClient-CacheRefreshExecutor-0] [                                                 ] o.s.web.client.RestTemplate              : Reading to [org.springframework.cloud.netflix.eureka.http.EurekaApplications]
2026-02-22T12:09:19.140+05:30 DEBUG 18456 --- [UserService] [DiscoveryClient-HeartbeatExecutor-0] [                                                 ] o.s.web.client.RestTemplate              : HTTP PUT http://localhost:8761/eureka/apps/USERSERVICE/DESKTOP-ECRRR37.mshome.net:UserService:8081?status=UP&lastDirtyTimestamp=1771738480079
2026-02-22T12:09:19.142+05:30 DEBUG 18456 --- [UserService] [DiscoveryClient-HeartbeatExecutor-0] [                                                 ] o.s.web.client.RestTemplate              : Accept=[application/json, application/*+json]
2026-02-22T12:09:19.162+05:30 DEBUG 18456 --- [UserService] [DiscoveryClient-HeartbeatExecutor-0] [                                                 ] o.s.web.client.RestTemplate              : Response 200 OK
2026-02-22T12:09:47.590+05:30 DEBUG 18456 --- [UserService] [DiscoveryClient-CacheRefreshExecutor-0] [                                                 ] o.s.web.client.RestTemplate              : HTTP GET http://localhost:8761/eureka/apps/delta
2026-02-22T12:09:47.592+05:30 DEBUG 18456 --- [UserService] [DiscoveryClient-CacheRefreshExecutor-0] [                                                 ] o.s.web.client.RestTemplate              : Accept=[application/json, application/*+json]
2026-02-22T12:09:47.605+05:30 DEBUG 18456 --- [UserService] [DiscoveryClient-CacheRefreshExecutor-0] [                                                 ] o.s.web.client.RestTemplate              : Response 200 OK
2026-02-22T12:09:47.608+05:30 DEBUG 18456 --- [UserService] [DiscoveryClient-CacheRefreshExecutor-0] [                                                 ] o.s.web.client.RestTemplate              : Reading to [org.springframework.cloud.netflix.eureka.http.EurekaApplications]
2026-02-22T12:09:48.142+05:30  INFO 18456 --- [UserService] [AsyncResolver-bootstrap-executor-0] [                                                 ] c.n.d.s.r.aws.ConfigClusterResolver      : Resolving eureka endpoints via configuration
2026-02-22T12:09:49.175+05:30 DEBUG 18456 --- [UserService] [DiscoveryClient-HeartbeatExecutor-0] [                                                 ] o.s.web.client.RestTemplate              : HTTP PUT http://localhost:8761/eureka/apps/USERSERVICE/DESKTOP-ECRRR37.mshome.net:UserService:8081?status=UP&lastDirtyTimestamp=1771738480079
2026-02-22T12:09:49.176+05:30 DEBUG 18456 --- [UserService] [DiscoveryClient-HeartbeatExecutor-0] [                                                 ] o.s.web.client.RestTemplate              : Accept=[application/json, application/*+json]
2026-02-22T12:09:49.183+05:30 DEBUG 18456 --- [UserService] [DiscoveryClient-HeartbeatExecutor-0] [                                                 ] o.s.web.client.RestTemplate              : Response 200 OK
2026-02-22T12:09:59.028+05:30 DEBUG 18456 --- [UserService] [AsyncReporter{org.springframework.boot.actuate.autoconfigure.tracing.zipkin.ZipkinRestTemplateSender@5ac0cb9b}] [                                                 ] o.s.web.client.RestTemplate              : HTTP POST http://localhost:9411/api/v2/spans
2026-02-22T12:09:59.037+05:30 DEBUG 18456 --- [UserService] [AsyncReporter{org.springframework.boot.actuate.autoconfigure.tracing.zipkin.ZipkinRestTemplateSender@5ac0cb9b}] [                                                 ] o.s.web.client.RestTemplate              : Accept=[application/json, application/*+json]
2026-02-22T12:09:59.038+05:30 DEBUG 18456 --- [UserService] [AsyncReporter{org.springframework.boot.actuate.autoconfigure.tracing.zipkin.ZipkinRestTemplateSender@5ac0cb9b}] [                                                 ] o.s.web.client.RestTemplate              : Writing [[B@671a8a89] as "application/json"
2026-02-22T12:09:59.221+05:30 DEBUG 18456 --- [UserService] [AsyncReporter{org.springframework.boot.actuate.autoconfigure.tracing.zipkin.ZipkinRestTemplateSender@5ac0cb9b}] [                                                 ] o.s.web.client.RestTemplate              : Response 202 ACCEPTED
2026-02-22T12:10:17.635+05:30 DEBUG 18456 --- [UserService] [DiscoveryClient-CacheRefreshExecutor-0] [                                                 ] o.s.web.client.RestTemplate              : HTTP GET http://localhost:8761/eureka/apps/delta
2026-02-22T12:10:17.642+05:30 DEBUG 18456 --- [UserService] [DiscoveryClient-CacheRefreshExecutor-0] [                                                 ] o.s.web.client.RestTemplate              : Accept=[application/json, application/*+json]
2026-02-22T12:10:17.667+05:30 DEBUG 18456 --- [UserService] [DiscoveryClient-CacheRefreshExecutor-0] [                                                 ] o.s.web.client.RestTemplate              : Response 200 OK
2026-02-22T12:10:17.673+05:30 DEBUG 18456 --- [UserService] [DiscoveryClient-CacheRefreshExecutor-0] [                                                 ] o.s.web.client.RestTemplate              : Reading to [org.springframework.cloud.netflix.eureka.http.EurekaApplications]
2026-02-22T12:10:19.204+05:30 DEBUG 18456 --- [UserService] [DiscoveryClient-HeartbeatExecutor-0] [                                                 ] o.s.web.client.RestTemplate              : HTTP PUT http://localhost:8761/eureka/apps/USERSERVICE/DESKTOP-ECRRR37.mshome.net:UserService:8081?status=UP&lastDirtyTimestamp=1771738480079
2026-02-22T12:10:19.207+05:30 DEBUG 18456 --- [UserService] [DiscoveryClient-HeartbeatExecutor-0] [                                                 ] o.s.web.client.RestTemplate              : Accept=[application/json, application/*+json]
2026-02-22T12:10:19.243+05:30 DEBUG 18456 --- [UserService] [DiscoveryClient-HeartbeatExecutor-0] [                                                 ] o.s.web.client.RestTemplate              : Response 200 OK
2026-02-22T12:10:47.718+05:30 DEBUG 18456 --- [UserService] [DiscoveryClient-CacheRefreshExecutor-0] [                                                 ] o.s.web.client.RestTemplate              : HTTP GET http://localhost:8761/eureka/apps/delta
2026-02-22T12:10:47.720+05:30 DEBUG 18456 --- [UserService] [DiscoveryClient-CacheRefreshExecutor-0] [                                                 ] o.s.web.client.RestTemplate              : Accept=[application/json, application/*+json]
2026-02-22T12:10:47.744+05:30 DEBUG 18456 --- [UserService] [DiscoveryClient-CacheRefreshExecutor-0] [                                                 ] o.s.web.client.RestTemplate              : Response 200 OK
2026-02-22T12:10:47.745+05:30 DEBUG 18456 --- [UserService] [DiscoveryClient-CacheRefreshExecutor-0] [                                                 ] o.s.web.client.RestTemplate              : Reading to [org.springframework.cloud.netflix.eureka.http.EurekaApplications]
2026-02-22T12:10:57.115+05:30 DEBUG 18456 --- [UserService] [DiscoveryClient-HeartbeatExecutor-0] [                                                 ] o.s.web.client.RestTemplate              : HTTP PUT http://localhost:8761/eureka/apps/USERSERVICE/DESKTOP-ECRRR37.mshome.net:UserService:8081?status=UP&lastDirtyTimestamp=1771738480079
2026-02-22T12:11:02.447+05:30 DEBUG 18456 --- [UserService] [DiscoveryClient-HeartbeatExecutor-0] [                                                 ] o.s.web.client.RestTemplate              : Accept=[application/json, application/*+json]
2026-02-22T12:11:03.062+05:30 DEBUG 18456 --- [UserService] [DiscoveryClient-HeartbeatExecutor-0] [                                                 ] o.s.web.client.RestTemplate              : Response 200 OK
2026-02-22T12:11:17.759+05:30 DEBUG 18456 --- [UserService] [DiscoveryClient-CacheRefreshExecutor-0] [                                                 ] o.s.web.client.RestTemplate              : HTTP GET http://localhost:8761/eureka/apps/delta
2026-02-22T12:11:17.759+05:30 DEBUG 18456 --- [UserService] [DiscoveryClient-CacheRefreshExecutor-0] [                                                 ] o.s.web.client.RestTemplate              : Accept=[application/json, application/*+json]
2026-02-22T12:11:18.080+05:30 DEBUG 18456 --- [UserService] [DiscoveryClient-CacheRefreshExecutor-0] [                                                 ] o.s.web.client.RestTemplate              : Response 200 OK
2026-02-22T12:11:18.207+05:30 DEBUG 18456 --- [UserService] [DiscoveryClient-CacheRefreshExecutor-0] [                                                 ] o.s.web.client.RestTemplate              : Reading to [org.springframework.cloud.netflix.eureka.http.EurekaApplications]
2026-02-22T12:11:34.078+05:30 DEBUG 18456 --- [UserService] [DiscoveryClient-HeartbeatExecutor-0] [                                                 ] o.s.web.client.RestTemplate              : HTTP PUT http://localhost:8761/eureka/apps/USERSERVICE/DESKTOP-ECRRR37.mshome.net:UserService:8081?status=UP&lastDirtyTimestamp=1771738480079
2026-02-22T12:11:34.138+05:30 DEBUG 18456 --- [UserService] [DiscoveryClient-HeartbeatExecutor-0] [                                                 ] o.s.web.client.RestTemplate              : Accept=[application/json, application/*+json]
2026-02-22T12:11:34.174+05:30 DEBUG 18456 --- [UserService] [DiscoveryClient-HeartbeatExecutor-0] [                                                 ] o.s.web.client.RestTemplate              : Response 200 OK
2026-02-22T12:11:55.426+05:30 DEBUG 18456 --- [UserService] [DiscoveryClient-CacheRefreshExecutor-0] [                                                 ] o.s.web.client.RestTemplate              : HTTP GET http://localhost:8761/eureka/apps/delta
2026-02-22T12:11:55.753+05:30 DEBUG 18456 --- [UserService] [DiscoveryClient-CacheRefreshExecutor-0] [                                                 ] o.s.web.client.RestTemplate              : Accept=[application/json, application/*+json]
2026-02-22T12:11:55.845+05:30 DEBUG 18456 --- [UserService] [DiscoveryClient-CacheRefreshExecutor-0] [                                                 ] o.s.web.client.RestTemplate              : Response 200 OK
2026-02-22T12:11:56.406+05:30 DEBUG 18456 --- [UserService] [DiscoveryClient-CacheRefreshExecutor-0] [                                                 ] o.s.web.client.RestTemplate              : Reading to [org.springframework.cloud.netflix.eureka.http.EurekaApplications]
2026-02-22T12:12:04.401+05:30 DEBUG 18456 --- [UserService] [DiscoveryClient-HeartbeatExecutor-0] [                                                 ] o.s.web.client.RestTemplate              : HTTP PUT http://localhost:8761/eureka/apps/USERSERVICE/DESKTOP-ECRRR37.mshome.net:UserService:8081?status=UP&lastDirtyTimestamp=1771738480079
2026-02-22T12:12:04.562+05:30 DEBUG 18456 --- [UserService] [DiscoveryClient-HeartbeatExecutor-0] [                                                 ] o.s.web.client.RestTemplate              : Accept=[application/json, application/*+json]
2026-02-22T12:12:04.699+05:30 DEBUG 18456 --- [UserService] [DiscoveryClient-HeartbeatExecutor-0] [                                                 ] o.s.web.client.RestTemplate              : Response 200 OK
2026-02-22T12:12:27.136+05:30 DEBUG 18456 --- [UserService] [DiscoveryClient-CacheRefreshExecutor-0] [                                                 ] o.s.web.client.RestTemplate              : HTTP GET http://localhost:8761/eureka/apps/delta
2026-02-22T12:12:27.493+05:30 DEBUG 18456 --- [UserService] [DiscoveryClient-CacheRefreshExecutor-0] [                                                 ] o.s.web.client.RestTemplate              : Accept=[application/json, application/*+json]
2026-02-22T12:12:29.259+05:30 DEBUG 18456 --- [UserService] [DiscoveryClient-CacheRefreshExecutor-0] [                                                 ] o.s.web.client.RestTemplate              : Response 200 OK
2026-02-22T12:12:30.400+05:30 DEBUG 18456 --- [UserService] [DiscoveryClient-CacheRefreshExecutor-0] [                                                 ] o.s.web.client.RestTemplate              : Reading to [org.springframework.cloud.netflix.eureka.http.EurekaApplications]
2026-02-22T12:12:34.725+05:30 DEBUG 18456 --- [UserService] [DiscoveryClient-HeartbeatExecutor-0] [                                                 ] o.s.web.client.RestTemplate              : HTTP PUT http://localhost:8761/eureka/apps/USERSERVICE/DESKTOP-ECRRR37.mshome.net:UserService:8081?status=UP&lastDirtyTimestamp=1771738480079
2026-02-22T12:12:34.737+05:30 DEBUG 18456 --- [UserService] [DiscoveryClient-HeartbeatExecutor-0] [                                                 ] o.s.web.client.RestTemplate              : Accept=[application/json, application/*+json]
2026-02-22T12:12:34.911+05:30 DEBUG 18456 --- [UserService] [DiscoveryClient-HeartbeatExecutor-0] [                                                 ] o.s.web.client.RestTemplate              : Response 200 OK
2026-02-22T12:13:00.503+05:30 DEBUG 18456 --- [UserService] [DiscoveryClient-CacheRefreshExecutor-0] [                                                 ] o.s.web.client.RestTemplate              : HTTP GET http://localhost:8761/eureka/apps/delta
2026-02-22T12:13:00.508+05:30 DEBUG 18456 --- [UserService] [DiscoveryClient-CacheRefreshExecutor-0] [                                                 ] o.s.web.client.RestTemplate              : Accept=[application/json, application/*+json]
2026-02-22T12:13:00.539+05:30 DEBUG 18456 --- [UserService] [DiscoveryClient-CacheRefreshExecutor-0] [                                                 ] o.s.web.client.RestTemplate              : Response 200 OK
2026-02-22T12:13:00.545+05:30 DEBUG 18456 --- [UserService] [DiscoveryClient-CacheRefreshExecutor-0] [                                                 ] o.s.web.client.RestTemplate              : Reading to [org.springframework.cloud.netflix.eureka.http.EurekaApplications]
2026-02-22T12:13:04.928+05:30 DEBUG 18456 --- [UserService] [DiscoveryClient-HeartbeatExecutor-0] [                                                 ] o.s.web.client.RestTemplate              : HTTP PUT http://localhost:8761/eureka/apps/USERSERVICE/DESKTOP-ECRRR37.mshome.net:UserService:8081?status=UP&lastDirtyTimestamp=1771738480079
2026-02-22T12:13:04.934+05:30 DEBUG 18456 --- [UserService] [DiscoveryClient-HeartbeatExecutor-0] [                                                 ] o.s.web.client.RestTemplate              : Accept=[application/json, application/*+json]
2026-02-22T12:13:04.947+05:30 DEBUG 18456 --- [UserService] [DiscoveryClient-HeartbeatExecutor-0] [                                                 ] o.s.web.client.RestTemplate              : Response 200 OK
2026-02-22T12:13:30.568+05:30 DEBUG 18456 --- [UserService] [DiscoveryClient-CacheRefreshExecutor-0] [                                                 ] o.s.web.client.RestTemplate              : HTTP GET http://localhost:8761/eureka/apps/delta
2026-02-22T12:13:30.572+05:30 DEBUG 18456 --- [UserService] [DiscoveryClient-CacheRefreshExecutor-0] [                                                 ] o.s.web.client.RestTemplate              : Accept=[application/json, application/*+json]
2026-02-22T12:13:30.592+05:30 DEBUG 18456 --- [UserService] [DiscoveryClient-CacheRefreshExecutor-0] [                                                 ] o.s.web.client.RestTemplate              : Response 200 OK
2026-02-22T12:13:30.593+05:30 DEBUG 18456 --- [UserService] [DiscoveryClient-CacheRefreshExecutor-0] [                                                 ] o.s.web.client.RestTemplate              : Reading to [org.springframework.cloud.netflix.eureka.http.EurekaApplications]
2026-02-22T12:13:34.955+05:30 DEBUG 18456 --- [UserService] [DiscoveryClient-HeartbeatExecutor-0] [                                                 ] o.s.web.client.RestTemplate              : HTTP PUT http://localhost:8761/eureka/apps/USERSERVICE/DESKTOP-ECRRR37.mshome.net:UserService:8081?status=UP&lastDirtyTimestamp=1771738480079
2026-02-22T12:13:34.956+05:30 DEBUG 18456 --- [UserService] [DiscoveryClient-HeartbeatExecutor-0] [                                                 ] o.s.web.client.RestTemplate              : Accept=[application/json, application/*+json]
2026-02-22T12:13:35.700+05:30 DEBUG 18456 --- [UserService] [DiscoveryClient-HeartbeatExecutor-0] [                                                 ] o.s.web.client.RestTemplate              : Response 200 OK
2026-02-22T12:14:00.664+05:30 DEBUG 18456 --- [UserService] [DiscoveryClient-CacheRefreshExecutor-0] [                                                 ] o.s.web.client.RestTemplate              : HTTP GET http://localhost:8761/eureka/apps/delta
2026-02-22T12:14:00.676+05:30 DEBUG 18456 --- [UserService] [DiscoveryClient-CacheRefreshExecutor-0] [                                                 ] o.s.web.client.RestTemplate              : Accept=[application/json, application/*+json]
2026-02-22T12:14:00.736+05:30 DEBUG 18456 --- [UserService] [DiscoveryClient-CacheRefreshExecutor-0] [                                                 ] o.s.web.client.RestTemplate              : Response 200 OK
2026-02-22T12:14:00.740+05:30 DEBUG 18456 --- [UserService] [DiscoveryClient-CacheRefreshExecutor-0] [                                                 ] o.s.web.client.RestTemplate              : Reading to [org.springframework.cloud.netflix.eureka.http.EurekaApplications]
2026-02-22T12:14:06.041+05:30 DEBUG 18456 --- [UserService] [DiscoveryClient-HeartbeatExecutor-0] [                                                 ] o.s.web.client.RestTemplate              : HTTP PUT http://localhost:8761/eureka/apps/USERSERVICE/DESKTOP-ECRRR37.mshome.net:UserService:8081?status=UP&lastDirtyTimestamp=1771738480079
2026-02-22T12:14:06.042+05:30 DEBUG 18456 --- [UserService] [DiscoveryClient-HeartbeatExecutor-0] [                                                 ] o.s.web.client.RestTemplate              : Accept=[application/json, application/*+json]
2026-02-22T12:14:06.057+05:30 DEBUG 18456 --- [UserService] [DiscoveryClient-HeartbeatExecutor-0] [                                                 ] o.s.web.client.RestTemplate              : Response 200 OK
2026-02-22T12:14:30.762+05:30 DEBUG 18456 --- [UserService] [DiscoveryClient-CacheRefreshExecutor-0] [                                                 ] o.s.web.client.RestTemplate              : HTTP GET http://localhost:8761/eureka/apps/delta
2026-02-22T12:14:30.765+05:30 DEBUG 18456 --- [UserService] [DiscoveryClient-CacheRefreshExecutor-0] [                                                 ] o.s.web.client.RestTemplate              : Accept=[application/json, application/*+json]
2026-02-22T12:14:30.780+05:30 DEBUG 18456 --- [UserService] [DiscoveryClient-CacheRefreshExecutor-0] [                                                 ] o.s.web.client.RestTemplate              : Response 200 OK
2026-02-22T12:14:30.782+05:30 DEBUG 18456 --- [UserService] [DiscoveryClient-CacheRefreshExecutor-0] [                                                 ] o.s.web.client.RestTemplate              : Reading to [org.springframework.cloud.netflix.eureka.http.EurekaApplications]
2026-02-22T12:14:36.399+05:30 DEBUG 18456 --- [UserService] [DiscoveryClient-HeartbeatExecutor-0] [                                                 ] o.s.web.client.RestTemplate              : HTTP PUT http://localhost:8761/eureka/apps/USERSERVICE/DESKTOP-ECRRR37.mshome.net:UserService:8081?status=UP&lastDirtyTimestamp=1771738480079
2026-02-22T12:14:36.399+05:30 DEBUG 18456 --- [UserService] [DiscoveryClient-HeartbeatExecutor-0] [                                                 ] o.s.web.client.RestTemplate              : Accept=[application/json, application/*+json]
2026-02-22T12:14:36.626+05:30 DEBUG 18456 --- [UserService] [DiscoveryClient-HeartbeatExecutor-0] [                                                 ] o.s.web.client.RestTemplate              : Response 200 OK
2026-02-22T12:14:48.184+05:30  INFO 18456 --- [UserService] [AsyncResolver-bootstrap-executor-0] [                                                 ] c.n.d.s.r.aws.ConfigClusterResolver      : Resolving eureka endpoints via configuration
2026-02-22T12:15:00.804+05:30 DEBUG 18456 --- [UserService] [DiscoveryClient-CacheRefreshExecutor-0] [                                                 ] o.s.web.client.RestTemplate              : HTTP GET http://localhost:8761/eureka/apps/delta
2026-02-22T12:15:00.807+05:30 DEBUG 18456 --- [UserService] [DiscoveryClient-CacheRefreshExecutor-0] [                                                 ] o.s.web.client.RestTemplate              : Accept=[application/json, application/*+json]
2026-02-22T12:15:00.831+05:30 DEBUG 18456 --- [UserService] [DiscoveryClient-CacheRefreshExecutor-0] [                                                 ] o.s.web.client.RestTemplate              : Response 200 OK
2026-02-22T12:15:00.836+05:30 DEBUG 18456 --- [UserService] [DiscoveryClient-CacheRefreshExecutor-0] [                                                 ] o.s.web.client.RestTemplate              : Reading to [org.springframework.cloud.netflix.eureka.http.EurekaApplications]
2026-02-22T12:15:06.634+05:30 DEBUG 18456 --- [UserService] [DiscoveryClient-HeartbeatExecutor-0] [                                                 ] o.s.web.client.RestTemplate              : HTTP PUT http://localhost:8761/eureka/apps/USERSERVICE/DESKTOP-ECRRR37.mshome.net:UserService:8081?status=UP&lastDirtyTimestamp=1771738480079
2026-02-22T12:15:06.658+05:30 DEBUG 18456 --- [UserService] [DiscoveryClient-HeartbeatExecutor-0] [                                                 ] o.s.web.client.RestTemplate              : Accept=[application/json, application/*+json]
2026-02-22T12:15:06.703+05:30 DEBUG 18456 --- [UserService] [DiscoveryClient-HeartbeatExecutor-0] [                                                 ] o.s.web.client.RestTemplate              : Response 200 OK
2026-02-22T12:15:30.884+05:30 DEBUG 18456 --- [UserService] [DiscoveryClient-CacheRefreshExecutor-0] [                                                 ] o.s.web.client.RestTemplate              : HTTP GET http://localhost:8761/eureka/apps/delta
2026-02-22T12:15:30.886+05:30 DEBUG 18456 --- [UserService] [DiscoveryClient-CacheRefreshExecutor-0] [                                                 ] o.s.web.client.RestTemplate              : Accept=[application/json, application/*+json]
2026-02-22T12:15:31.202+05:30 DEBUG 18456 --- [UserService] [DiscoveryClient-CacheRefreshExecutor-0] [                                                 ] o.s.web.client.RestTemplate              : Response 200 OK
2026-02-22T12:15:31.212+05:30 DEBUG 18456 --- [UserService] [DiscoveryClient-CacheRefreshExecutor-0] [                                                 ] o.s.web.client.RestTemplate              : Reading to [org.springframework.cloud.netflix.eureka.http.EurekaApplications]
2026-02-22T12:15:36.708+05:30 DEBUG 18456 --- [UserService] [DiscoveryClient-HeartbeatExecutor-0] [                                                 ] o.s.web.client.RestTemplate              : HTTP PUT http://localhost:8761/eureka/apps/USERSERVICE/DESKTOP-ECRRR37.mshome.net:UserService:8081?status=UP&lastDirtyTimestamp=1771738480079
2026-02-22T12:15:36.709+05:30 DEBUG 18456 --- [UserService] [DiscoveryClient-HeartbeatExecutor-0] [                                                 ] o.s.web.client.RestTemplate              : Accept=[application/json, application/*+json]
2026-02-22T12:15:36.725+05:30 DEBUG 18456 --- [UserService] [DiscoveryClient-HeartbeatExecutor-0] [                                                 ] o.s.web.client.RestTemplate              : Response 200 OK
2026-02-22T12:16:01.234+05:30 DEBUG 18456 --- [UserService] [DiscoveryClient-CacheRefreshExecutor-0] [                                                 ] o.s.web.client.RestTemplate              : HTTP GET http://localhost:8761/eureka/apps/delta
2026-02-22T12:16:01.271+05:30 DEBUG 18456 --- [UserService] [DiscoveryClient-CacheRefreshExecutor-0] [                                                 ] o.s.web.client.RestTemplate              : Accept=[application/json, application/*+json]
2026-02-22T12:16:01.319+05:30 DEBUG 18456 --- [UserService] [DiscoveryClient-CacheRefreshExecutor-0] [                                                 ] o.s.web.client.RestTemplate              : Response 200 OK
2026-02-22T12:16:01.343+05:30 DEBUG 18456 --- [UserService] [DiscoveryClient-CacheRefreshExecutor-0] [                                                 ] o.s.web.client.RestTemplate              : Reading to [org.springframework.cloud.netflix.eureka.http.EurekaApplications]
2026-02-22T12:16:06.729+05:30 DEBUG 18456 --- [UserService] [DiscoveryClient-HeartbeatExecutor-0] [                                                 ] o.s.web.client.RestTemplate              : HTTP PUT http://localhost:8761/eureka/apps/USERSERVICE/DESKTOP-ECRRR37.mshome.net:UserService:8081?status=UP&lastDirtyTimestamp=1771738480079
2026-02-22T12:16:07.469+05:30 DEBUG 18456 --- [UserService] [DiscoveryClient-HeartbeatExecutor-0] [                                                 ] o.s.web.client.RestTemplate              : Accept=[application/json, application/*+json]
2026-02-22T12:16:08.330+05:30 DEBUG 18456 --- [UserService] [DiscoveryClient-HeartbeatExecutor-0] [                                                 ] o.s.web.client.RestTemplate              : Response 200 OK
2026-02-22T12:16:31.397+05:30 DEBUG 18456 --- [UserService] [DiscoveryClient-CacheRefreshExecutor-0] [                                                 ] o.s.web.client.RestTemplate              : HTTP GET http://localhost:8761/eureka/apps/delta
2026-02-22T12:16:31.399+05:30 DEBUG 18456 --- [UserService] [DiscoveryClient-CacheRefreshExecutor-0] [                                                 ] o.s.web.client.RestTemplate              : Accept=[application/json, application/*+json]
2026-02-22T12:16:31.415+05:30 DEBUG 18456 --- [UserService] [DiscoveryClient-CacheRefreshExecutor-0] [                                                 ] o.s.web.client.RestTemplate              : Response 200 OK
2026-02-22T12:16:31.415+05:30 DEBUG 18456 --- [UserService] [DiscoveryClient-CacheRefreshExecutor-0] [                                                 ] o.s.web.client.RestTemplate              : Reading to [org.springframework.cloud.netflix.eureka.http.EurekaApplications]
2026-02-22T12:16:38.341+05:30 DEBUG 18456 --- [UserService] [DiscoveryClient-HeartbeatExecutor-0] [                                                 ] o.s.web.client.RestTemplate              : HTTP PUT http://localhost:8761/eureka/apps/USERSERVICE/DESKTOP-ECRRR37.mshome.net:UserService:8081?status=UP&lastDirtyTimestamp=1771738480079
2026-02-22T12:16:38.342+05:30 DEBUG 18456 --- [UserService] [DiscoveryClient-HeartbeatExecutor-0] [                                                 ] o.s.web.client.RestTemplate              : Accept=[application/json, application/*+json]
2026-02-22T12:16:38.360+05:30 DEBUG 18456 --- [UserService] [DiscoveryClient-HeartbeatExecutor-0] [                                                 ] o.s.web.client.RestTemplate              : Response 200 OK
2026-02-22T12:17:01.429+05:30 DEBUG 18456 --- [UserService] [DiscoveryClient-CacheRefreshExecutor-0] [                                                 ] o.s.web.client.RestTemplate              : HTTP GET http://localhost:8761/eureka/apps/delta
2026-02-22T12:17:01.429+05:30 DEBUG 18456 --- [UserService] [DiscoveryClient-CacheRefreshExecutor-0] [                                                 ] o.s.web.client.RestTemplate              : Accept=[application/json, application/*+json]
2026-02-22T12:17:01.447+05:30 DEBUG 18456 --- [UserService] [DiscoveryClient-CacheRefreshExecutor-0] [                                                 ] o.s.web.client.RestTemplate              : Response 200 OK
2026-02-22T12:17:01.448+05:30 DEBUG 18456 --- [UserService] [DiscoveryClient-CacheRefreshExecutor-0] [                                                 ] o.s.web.client.RestTemplate              : Reading to [org.springframework.cloud.netflix.eureka.http.EurekaApplications]
2026-02-22T12:17:08.375+05:30 DEBUG 18456 --- [UserService] [DiscoveryClient-HeartbeatExecutor-0] [                                                 ] o.s.web.client.RestTemplate              : HTTP PUT http://localhost:8761/eureka/apps/USERSERVICE/DESKTOP-ECRRR37.mshome.net:UserService:8081?status=UP&lastDirtyTimestamp=1771738480079
2026-02-22T12:17:08.380+05:30 DEBUG 18456 --- [UserService] [DiscoveryClient-HeartbeatExecutor-0] [                                                 ] o.s.web.client.RestTemplate              : Accept=[application/json, application/*+json]
2026-02-22T12:17:08.396+05:30 DEBUG 18456 --- [UserService] [DiscoveryClient-HeartbeatExecutor-0] [                                                 ] o.s.web.client.RestTemplate              : Response 200 OK
2026-02-22T12:17:19.406+05:30 DEBUG 18456 --- [UserService] [AsyncReporter{org.springframework.boot.actuate.autoconfigure.tracing.zipkin.ZipkinRestTemplateSender@5ac0cb9b}] [                                                 ] o.s.web.client.RestTemplate              : HTTP POST http://localhost:9411/api/v2/spans
2026-02-22T12:17:19.430+05:30 DEBUG 18456 --- [UserService] [AsyncReporter{org.springframework.boot.actuate.autoconfigure.tracing.zipkin.ZipkinRestTemplateSender@5ac0cb9b}] [                                                 ] o.s.web.client.RestTemplate              : Accept=[application/json, application/*+json]
2026-02-22T12:17:19.431+05:30 DEBUG 18456 --- [UserService] [AsyncReporter{org.springframework.boot.actuate.autoconfigure.tracing.zipkin.ZipkinRestTemplateSender@5ac0cb9b}] [                                                 ] o.s.web.client.RestTemplate              : Writing [[B@49ed0d72] as "application/json"
2026-02-22T12:17:19.539+05:30 DEBUG 18456 --- [UserService] [AsyncReporter{org.springframework.boot.actuate.autoconfigure.tracing.zipkin.ZipkinRestTemplateSender@5ac0cb9b}] [                                                 ] o.s.web.client.RestTemplate              : Response 202 ACCEPTED
2026-02-22T12:17:31.466+05:30 DEBUG 18456 --- [UserService] [DiscoveryClient-CacheRefreshExecutor-0] [                                                 ] o.s.web.client.RestTemplate              : HTTP GET http://localhost:8761/eureka/apps/delta
2026-02-22T12:17:31.467+05:30 DEBUG 18456 --- [UserService] [DiscoveryClient-CacheRefreshExecutor-0] [                                                 ] o.s.web.client.RestTemplate              : Accept=[application/json, application/*+json]
2026-02-22T12:17:31.484+05:30 DEBUG 18456 --- [UserService] [DiscoveryClient-CacheRefreshExecutor-0] [                                                 ] o.s.web.client.RestTemplate              : Response 200 OK
2026-02-22T12:17:31.485+05:30 DEBUG 18456 --- [UserService] [DiscoveryClient-CacheRefreshExecutor-0] [                                                 ] o.s.web.client.RestTemplate              : Reading to [org.springframework.cloud.netflix.eureka.http.EurekaApplications]
2026-02-22T12:17:38.414+05:30 DEBUG 18456 --- [UserService] [DiscoveryClient-HeartbeatExecutor-0] [                                                 ] o.s.web.client.RestTemplate              : HTTP PUT http://localhost:8761/eureka/apps/USERSERVICE/DESKTOP-ECRRR37.mshome.net:UserService:8081?status=UP&lastDirtyTimestamp=1771738480079
2026-02-22T12:17:38.414+05:30 DEBUG 18456 --- [UserService] [DiscoveryClient-HeartbeatExecutor-0] [                                                 ] o.s.web.client.RestTemplate              : Accept=[application/json, application/*+json]
2026-02-22T12:17:38.436+05:30 DEBUG 18456 --- [UserService] [DiscoveryClient-HeartbeatExecutor-0] [                                                 ] o.s.web.client.RestTemplate              : Response 200 OK
2026-02-22T12:18:01.504+05:30 DEBUG 18456 --- [UserService] [DiscoveryClient-CacheRefreshExecutor-0] [                                                 ] o.s.web.client.RestTemplate              : HTTP GET http://localhost:8761/eureka/apps/delta
2026-02-22T12:18:01.506+05:30 DEBUG 18456 --- [UserService] [DiscoveryClient-CacheRefreshExecutor-0] [                                                 ] o.s.web.client.RestTemplate              : Accept=[application/json, application/*+json]
2026-02-22T12:18:01.541+05:30 DEBUG 18456 --- [UserService] [DiscoveryClient-CacheRefreshExecutor-0] [                                                 ] o.s.web.client.RestTemplate              : Response 200 OK
2026-02-22T12:18:01.543+05:30 DEBUG 18456 --- [UserService] [DiscoveryClient-CacheRefreshExecutor-0] [                                                 ] o.s.web.client.RestTemplate              : Reading to [org.springframework.cloud.netflix.eureka.http.EurekaApplications]
2026-02-22T12:18:08.443+05:30 DEBUG 18456 --- [UserService] [DiscoveryClient-HeartbeatExecutor-0] [                                                 ] o.s.web.client.RestTemplate              : HTTP PUT http://localhost:8761/eureka/apps/USERSERVICE/DESKTOP-ECRRR37.mshome.net:UserService:8081?status=UP&lastDirtyTimestamp=1771738480079
2026-02-22T12:18:08.447+05:30 DEBUG 18456 --- [UserService] [DiscoveryClient-HeartbeatExecutor-0] [                                                 ] o.s.web.client.RestTemplate              : Accept=[application/json, application/*+json]
2026-02-22T12:18:08.467+05:30 DEBUG 18456 --- [UserService] [DiscoveryClient-HeartbeatExecutor-0] [                                                 ] o.s.web.client.RestTemplate              : Response 200 OK
2026-02-22T12:18:31.675+05:30 DEBUG 18456 --- [UserService] [DiscoveryClient-CacheRefreshExecutor-0] [                                                 ] o.s.web.client.RestTemplate              : HTTP GET http://localhost:8761/eureka/apps/delta
2026-02-22T12:18:31.794+05:30 DEBUG 18456 --- [UserService] [DiscoveryClient-CacheRefreshExecutor-0] [                                                 ] o.s.web.client.RestTemplate              : Accept=[application/json, application/*+json]
2026-02-22T12:18:32.267+05:30 DEBUG 18456 --- [UserService] [DiscoveryClient-CacheRefreshExecutor-0] [                                                 ] o.s.web.client.RestTemplate              : Response 200 OK
2026-02-22T12:18:32.267+05:30 DEBUG 18456 --- [UserService] [DiscoveryClient-CacheRefreshExecutor-0] [                                                 ] o.s.web.client.RestTemplate              : Reading to [org.springframework.cloud.netflix.eureka.http.EurekaApplications]
2026-02-22T12:18:38.480+05:30 DEBUG 18456 --- [UserService] [DiscoveryClient-HeartbeatExecutor-0] [                                                 ] o.s.web.client.RestTemplate              : HTTP PUT http://localhost:8761/eureka/apps/USERSERVICE/DESKTOP-ECRRR37.mshome.net:UserService:8081?status=UP&lastDirtyTimestamp=1771738480079
2026-02-22T12:18:38.482+05:30 DEBUG 18456 --- [UserService] [DiscoveryClient-HeartbeatExecutor-0] [                                                 ] o.s.web.client.RestTemplate              : Accept=[application/json, application/*+json]
2026-02-22T12:18:38.518+05:30 DEBUG 18456 --- [UserService] [DiscoveryClient-HeartbeatExecutor-0] [                                                 ] o.s.web.client.RestTemplate              : Response 200 OK
2026-02-22T12:19:02.690+05:30 DEBUG 18456 --- [UserService] [DiscoveryClient-CacheRefreshExecutor-0] [                                                 ] o.s.web.client.RestTemplate              : HTTP GET http://localhost:8761/eureka/apps/delta
2026-02-22T12:19:03.294+05:30 DEBUG 18456 --- [UserService] [DiscoveryClient-CacheRefreshExecutor-0] [                                                 ] o.s.web.client.RestTemplate              : Accept=[application/json, application/*+json]
2026-02-22T12:19:03.470+05:30 DEBUG 18456 --- [UserService] [DiscoveryClient-CacheRefreshExecutor-0] [                                                 ] o.s.web.client.RestTemplate              : Response 200 OK
2026-02-22T12:19:03.504+05:30 DEBUG 18456 --- [UserService] [DiscoveryClient-CacheRefreshExecutor-0] [                                                 ] o.s.web.client.RestTemplate              : Reading to [org.springframework.cloud.netflix.eureka.http.EurekaApplications]
2026-02-22T12:19:08.536+05:30 DEBUG 18456 --- [UserService] [DiscoveryClient-HeartbeatExecutor-0] [                                                 ] o.s.web.client.RestTemplate              : HTTP PUT http://localhost:8761/eureka/apps/USERSERVICE/DESKTOP-ECRRR37.mshome.net:UserService:8081?status=UP&lastDirtyTimestamp=1771738480079
2026-02-22T12:19:08.536+05:30 DEBUG 18456 --- [UserService] [DiscoveryClient-HeartbeatExecutor-0] [                                                 ] o.s.web.client.RestTemplate              : Accept=[application/json, application/*+json]
2026-02-22T12:19:08.561+05:30 DEBUG 18456 --- [UserService] [DiscoveryClient-HeartbeatExecutor-0] [                                                 ] o.s.web.client.RestTemplate              : Response 200 OK
2026-02-22T12:19:33.536+05:30 DEBUG 18456 --- [UserService] [DiscoveryClient-CacheRefreshExecutor-0] [                                                 ] o.s.web.client.RestTemplate              : HTTP GET http://localhost:8761/eureka/apps/delta
2026-02-22T12:19:33.538+05:30 DEBUG 18456 --- [UserService] [DiscoveryClient-CacheRefreshExecutor-0] [                                                 ] o.s.web.client.RestTemplate              : Accept=[application/json, application/*+json]
2026-02-22T12:19:33.554+05:30 DEBUG 18456 --- [UserService] [DiscoveryClient-CacheRefreshExecutor-0] [                                                 ] o.s.web.client.RestTemplate              : Response 200 OK
2026-02-22T12:19:33.556+05:30 DEBUG 18456 --- [UserService] [DiscoveryClient-CacheRefreshExecutor-0] [                                                 ] o.s.web.client.RestTemplate              : Reading to [org.springframework.cloud.netflix.eureka.http.EurekaApplications]
2026-02-22T12:19:38.629+05:30 DEBUG 18456 --- [UserService] [DiscoveryClient-HeartbeatExecutor-0] [                                                 ] o.s.web.client.RestTemplate              : HTTP PUT http://localhost:8761/eureka/apps/USERSERVICE/DESKTOP-ECRRR37.mshome.net:UserService:8081?status=UP&lastDirtyTimestamp=1771738480079
2026-02-22T12:19:38.630+05:30 DEBUG 18456 --- [UserService] [DiscoveryClient-HeartbeatExecutor-0] [                                                 ] o.s.web.client.RestTemplate              : Accept=[application/json, application/*+json]
2026-02-22T12:19:38.645+05:30 DEBUG 18456 --- [UserService] [DiscoveryClient-HeartbeatExecutor-0] [                                                 ] o.s.web.client.RestTemplate              : Response 200 OK
2026-02-22T12:19:48.208+05:30  INFO 18456 --- [UserService] [AsyncResolver-bootstrap-executor-0] [                                                 ] c.n.d.s.r.aws.ConfigClusterResolver      : Resolving eureka endpoints via configuration
2026-02-22T12:20:03.837+05:30 DEBUG 18456 --- [UserService] [DiscoveryClient-CacheRefreshExecutor-0] [                                                 ] o.s.web.client.RestTemplate              : HTTP GET http://localhost:8761/eureka/apps/delta
2026-02-22T12:20:04.059+05:30 DEBUG 18456 --- [UserService] [DiscoveryClient-CacheRefreshExecutor-0] [                                                 ] o.s.web.client.RestTemplate              : Accept=[application/json, application/*+json]
2026-02-22T12:20:04.066+05:30 DEBUG 18456 --- [UserService] [DiscoveryClient-CacheRefreshExecutor-0] [                                                 ] o.s.web.client.RestTemplate              : Response 200 OK
2026-02-22T12:20:04.066+05:30 DEBUG 18456 --- [UserService] [DiscoveryClient-CacheRefreshExecutor-0] [                                                 ] o.s.web.client.RestTemplate              : Reading to [org.springframework.cloud.netflix.eureka.http.EurekaApplications]
2026-02-22T12:20:08.657+05:30 DEBUG 18456 --- [UserService] [DiscoveryClient-HeartbeatExecutor-0] [                                                 ] o.s.web.client.RestTemplate              : HTTP PUT http://localhost:8761/eureka/apps/USERSERVICE/DESKTOP-ECRRR37.mshome.net:UserService:8081?status=UP&lastDirtyTimestamp=1771738480079
2026-02-22T12:20:08.658+05:30 DEBUG 18456 --- [UserService] [DiscoveryClient-HeartbeatExecutor-0] [                                                 ] o.s.web.client.RestTemplate              : Accept=[application/json, application/*+json]
2026-02-22T12:20:08.680+05:30 DEBUG 18456 --- [UserService] [DiscoveryClient-HeartbeatExecutor-0] [                                                 ] o.s.web.client.RestTemplate              : Response 200 OK
2026-02-22T12:20:34.086+05:30 DEBUG 18456 --- [UserService] [DiscoveryClient-CacheRefreshExecutor-0] [                                                 ] o.s.web.client.RestTemplate              : HTTP GET http://localhost:8761/eureka/apps/delta
2026-02-22T12:20:34.087+05:30 DEBUG 18456 --- [UserService] [DiscoveryClient-CacheRefreshExecutor-0] [                                                 ] o.s.web.client.RestTemplate              : Accept=[application/json, application/*+json]
2026-02-22T12:20:34.102+05:30 DEBUG 18456 --- [UserService] [DiscoveryClient-CacheRefreshExecutor-0] [                                                 ] o.s.web.client.RestTemplate              : Response 200 OK
2026-02-22T12:20:34.102+05:30 DEBUG 18456 --- [UserService] [DiscoveryClient-CacheRefreshExecutor-0] [                                                 ] o.s.web.client.RestTemplate              : Reading to [org.springframework.cloud.netflix.eureka.http.EurekaApplications]
2026-02-22T12:20:38.687+05:30 DEBUG 18456 --- [UserService] [DiscoveryClient-HeartbeatExecutor-0] [                                                 ] o.s.web.client.RestTemplate              : HTTP PUT http://localhost:8761/eureka/apps/USERSERVICE/DESKTOP-ECRRR37.mshome.net:UserService:8081?status=UP&lastDirtyTimestamp=1771738480079
2026-02-22T12:20:38.874+05:30 DEBUG 18456 --- [UserService] [DiscoveryClient-HeartbeatExecutor-0] [                                                 ] o.s.web.client.RestTemplate              : Accept=[application/json, application/*+json]
2026-02-22T12:20:43.725+05:30 DEBUG 18456 --- [UserService] [DiscoveryClient-HeartbeatExecutor-0] [                                                 ] o.s.web.client.RestTemplate              : Response 200 OK
2026-02-22T12:21:04.120+05:30 DEBUG 18456 --- [UserService] [DiscoveryClient-CacheRefreshExecutor-0] [                                                 ] o.s.web.client.RestTemplate              : HTTP GET http://localhost:8761/eureka/apps/delta
2026-02-22T12:21:04.122+05:30 DEBUG 18456 --- [UserService] [DiscoveryClient-CacheRefreshExecutor-0] [                                                 ] o.s.web.client.RestTemplate              : Accept=[application/json, application/*+json]
2026-02-22T12:21:04.140+05:30 DEBUG 18456 --- [UserService] [DiscoveryClient-CacheRefreshExecutor-0] [                                                 ] o.s.web.client.RestTemplate              : Response 200 OK
2026-02-22T12:21:04.141+05:30 DEBUG 18456 --- [UserService] [DiscoveryClient-CacheRefreshExecutor-0] [                                                 ] o.s.web.client.RestTemplate              : Reading to [org.springframework.cloud.netflix.eureka.http.EurekaApplications]
2026-02-22T12:21:13.739+05:30 DEBUG 18456 --- [UserService] [DiscoveryClient-HeartbeatExecutor-0] [                                                 ] o.s.web.client.RestTemplate              : HTTP PUT http://localhost:8761/eureka/apps/USERSERVICE/DESKTOP-ECRRR37.mshome.net:UserService:8081?status=UP&lastDirtyTimestamp=1771738480079
2026-02-22T12:21:14.003+05:30 DEBUG 18456 --- [UserService] [DiscoveryClient-HeartbeatExecutor-0] [                                                 ] o.s.web.client.RestTemplate              : Accept=[application/json, application/*+json]
2026-02-22T12:21:14.715+05:30 DEBUG 18456 --- [UserService] [DiscoveryClient-HeartbeatExecutor-0] [                                                 ] o.s.web.client.RestTemplate              : Response 200 OK
2026-02-22T12:21:34.161+05:30 DEBUG 18456 --- [UserService] [DiscoveryClient-CacheRefreshExecutor-0] [                                                 ] o.s.web.client.RestTemplate              : HTTP GET http://localhost:8761/eureka/apps/delta
2026-02-22T12:21:34.166+05:30 DEBUG 18456 --- [UserService] [DiscoveryClient-CacheRefreshExecutor-0] [                                                 ] o.s.web.client.RestTemplate              : Accept=[application/json, application/*+json]
2026-02-22T12:21:34.200+05:30 DEBUG 18456 --- [UserService] [DiscoveryClient-CacheRefreshExecutor-0] [                                                 ] o.s.web.client.RestTemplate              : Response 200 OK
2026-02-22T12:21:34.207+05:30 DEBUG 18456 --- [UserService] [DiscoveryClient-CacheRefreshExecutor-0] [                                                 ] o.s.web.client.RestTemplate              : Reading to [org.springframework.cloud.netflix.eureka.http.EurekaApplications]
2026-02-22T12:21:44.723+05:30 DEBUG 18456 --- [UserService] [DiscoveryClient-HeartbeatExecutor-0] [                                                 ] o.s.web.client.RestTemplate              : HTTP PUT http://localhost:8761/eureka/apps/USERSERVICE/DESKTOP-ECRRR37.mshome.net:UserService:8081?status=UP&lastDirtyTimestamp=1771738480079
2026-02-22T12:21:44.724+05:30 DEBUG 18456 --- [UserService] [DiscoveryClient-HeartbeatExecutor-0] [                                                 ] o.s.web.client.RestTemplate              : Accept=[application/json, application/*+json]
2026-02-22T12:21:44.744+05:30 DEBUG 18456 --- [UserService] [DiscoveryClient-HeartbeatExecutor-0] [                                                 ] o.s.web.client.RestTemplate              : Response 200 OK
2026-02-22T12:22:04.382+05:30 DEBUG 18456 --- [UserService] [DiscoveryClient-CacheRefreshExecutor-0] [                                                 ] o.s.web.client.RestTemplate              : HTTP GET http://localhost:8761/eureka/apps/delta
2026-02-22T12:22:04.383+05:30 DEBUG 18456 --- [UserService] [DiscoveryClient-CacheRefreshExecutor-0] [                                                 ] o.s.web.client.RestTemplate              : Accept=[application/json, application/*+json]
2026-02-22T12:22:04.401+05:30 DEBUG 18456 --- [UserService] [DiscoveryClient-CacheRefreshExecutor-0] [                                                 ] o.s.web.client.RestTemplate              : Response 200 OK
2026-02-22T12:22:04.403+05:30 DEBUG 18456 --- [UserService] [DiscoveryClient-CacheRefreshExecutor-0] [                                                 ] o.s.web.client.RestTemplate              : Reading to [org.springframework.cloud.netflix.eureka.http.EurekaApplications]
2026-02-22T12:22:14.759+05:30 DEBUG 18456 --- [UserService] [DiscoveryClient-HeartbeatExecutor-0] [                                                 ] o.s.web.client.RestTemplate              : HTTP PUT http://localhost:8761/eureka/apps/USERSERVICE/DESKTOP-ECRRR37.mshome.net:UserService:8081?status=UP&lastDirtyTimestamp=1771738480079
2026-02-22T12:22:15.038+05:30 DEBUG 18456 --- [UserService] [DiscoveryClient-HeartbeatExecutor-0] [                                                 ] o.s.web.client.RestTemplate              : Accept=[application/json, application/*+json]
2026-02-22T12:22:15.732+05:30 DEBUG 18456 --- [UserService] [DiscoveryClient-HeartbeatExecutor-0] [                                                 ] o.s.web.client.RestTemplate              : Response 200 OK
2026-02-22T12:22:34.412+05:30 DEBUG 18456 --- [UserService] [DiscoveryClient-CacheRefreshExecutor-0] [                                                 ] o.s.web.client.RestTemplate              : HTTP GET http://localhost:8761/eureka/apps/delta
2026-02-22T12:22:34.414+05:30 DEBUG 18456 --- [UserService] [DiscoveryClient-CacheRefreshExecutor-0] [                                                 ] o.s.web.client.RestTemplate              : Accept=[application/json, application/*+json]
2026-02-22T12:22:34.429+05:30 DEBUG 18456 --- [UserService] [DiscoveryClient-CacheRefreshExecutor-0] [                                                 ] o.s.web.client.RestTemplate              : Response 200 OK
2026-02-22T12:22:34.430+05:30 DEBUG 18456 --- [UserService] [DiscoveryClient-CacheRefreshExecutor-0] [                                                 ] o.s.web.client.RestTemplate              : Reading to [org.springframework.cloud.netflix.eureka.http.EurekaApplications]
2026-02-22T12:22:45.908+05:30 DEBUG 18456 --- [UserService] [DiscoveryClient-HeartbeatExecutor-0] [                                                 ] o.s.web.client.RestTemplate              : HTTP PUT http://localhost:8761/eureka/apps/USERSERVICE/DESKTOP-ECRRR37.mshome.net:UserService:8081?status=UP&lastDirtyTimestamp=1771738480079
2026-02-22T12:22:45.911+05:30 DEBUG 18456 --- [UserService] [DiscoveryClient-HeartbeatExecutor-0] [                                                 ] o.s.web.client.RestTemplate              : Accept=[application/json, application/*+json]
2026-02-22T12:22:45.928+05:30 DEBUG 18456 --- [UserService] [DiscoveryClient-HeartbeatExecutor-0] [                                                 ] o.s.web.client.RestTemplate              : Response 200 OK
2026-02-22T12:23:04.444+05:30 DEBUG 18456 --- [UserService] [DiscoveryClient-CacheRefreshExecutor-0] [                                                 ] o.s.web.client.RestTemplate              : HTTP GET http://localhost:8761/eureka/apps/delta
2026-02-22T12:23:04.444+05:30 DEBUG 18456 --- [UserService] [DiscoveryClient-CacheRefreshExecutor-0] [                                                 ] o.s.web.client.RestTemplate              : Accept=[application/json, application/*+json]
2026-02-22T12:23:04.460+05:30 DEBUG 18456 --- [UserService] [DiscoveryClient-CacheRefreshExecutor-0] [                                                 ] o.s.web.client.RestTemplate              : Response 200 OK
2026-02-22T12:23:04.460+05:30 DEBUG 18456 --- [UserService] [DiscoveryClient-CacheRefreshExecutor-0] [                                                 ] o.s.web.client.RestTemplate              : Reading to [org.springframework.cloud.netflix.eureka.http.EurekaApplications]
2026-02-22T12:23:16.778+05:30 DEBUG 18456 --- [UserService] [DiscoveryClient-HeartbeatExecutor-0] [                                                 ] o.s.web.client.RestTemplate              : HTTP PUT http://localhost:8761/eureka/apps/USERSERVICE/DESKTOP-ECRRR37.mshome.net:UserService:8081?status=UP&lastDirtyTimestamp=1771738480079
2026-02-22T12:23:17.078+05:30 DEBUG 18456 --- [UserService] [DiscoveryClient-HeartbeatExecutor-0] [                                                 ] o.s.web.client.RestTemplate              : Accept=[application/json, application/*+json]
2026-02-22T12:23:18.694+05:30 DEBUG 18456 --- [UserService] [DiscoveryClient-HeartbeatExecutor-0] [                                                 ] o.s.web.client.RestTemplate              : Response 200 OK
2026-02-22T12:23:34.470+05:30 DEBUG 18456 --- [UserService] [DiscoveryClient-CacheRefreshExecutor-0] [                                                 ] o.s.web.client.RestTemplate              : HTTP GET http://localhost:8761/eureka/apps/delta
2026-02-22T12:23:34.470+05:30 DEBUG 18456 --- [UserService] [DiscoveryClient-CacheRefreshExecutor-0] [                                                 ] o.s.web.client.RestTemplate              : Accept=[application/json, application/*+json]
2026-02-22T12:23:34.485+05:30 DEBUG 18456 --- [UserService] [DiscoveryClient-CacheRefreshExecutor-0] [                                                 ] o.s.web.client.RestTemplate              : Response 200 OK
2026-02-22T12:23:34.486+05:30 DEBUG 18456 --- [UserService] [DiscoveryClient-CacheRefreshExecutor-0] [                                                 ] o.s.web.client.RestTemplate              : Reading to [org.springframework.cloud.netflix.eureka.http.EurekaApplications]
2026-02-22T12:23:48.697+05:30 DEBUG 18456 --- [UserService] [DiscoveryClient-HeartbeatExecutor-0] [                                                 ] o.s.web.client.RestTemplate              : HTTP PUT http://localhost:8761/eureka/apps/USERSERVICE/DESKTOP-ECRRR37.mshome.net:UserService:8081?status=UP&lastDirtyTimestamp=1771738480079
2026-02-22T12:23:48.700+05:30 DEBUG 18456 --- [UserService] [DiscoveryClient-HeartbeatExecutor-0] [                                                 ] o.s.web.client.RestTemplate              : Accept=[application/json, application/*+json]
2026-02-22T12:23:48.715+05:30 DEBUG 18456 --- [UserService] [DiscoveryClient-HeartbeatExecutor-0] [                                                 ] o.s.web.client.RestTemplate              : Response 200 OK
2026-02-22T12:24:04.504+05:30 DEBUG 18456 --- [UserService] [DiscoveryClient-CacheRefreshExecutor-0] [                                                 ] o.s.web.client.RestTemplate              : HTTP GET http://localhost:8761/eureka/apps/delta
2026-02-22T12:24:04.504+05:30 DEBUG 18456 --- [UserService] [DiscoveryClient-CacheRefreshExecutor-0] [                                                 ] o.s.web.client.RestTemplate              : Accept=[application/json, application/*+json]
2026-02-22T12:24:04.522+05:30 DEBUG 18456 --- [UserService] [DiscoveryClient-CacheRefreshExecutor-0] [                                                 ] o.s.web.client.RestTemplate              : Response 200 OK
2026-02-22T12:24:04.523+05:30 DEBUG 18456 --- [UserService] [DiscoveryClient-CacheRefreshExecutor-0] [                                                 ] o.s.web.client.RestTemplate              : Reading to [org.springframework.cloud.netflix.eureka.http.EurekaApplications]
2026-02-22T12:24:18.717+05:30 DEBUG 18456 --- [UserService] [DiscoveryClient-HeartbeatExecutor-0] [                                                 ] o.s.web.client.RestTemplate              : HTTP PUT http://localhost:8761/eureka/apps/USERSERVICE/DESKTOP-ECRRR37.mshome.net:UserService:8081?status=UP&lastDirtyTimestamp=1771738480079
2026-02-22T12:24:18.717+05:30 DEBUG 18456 --- [UserService] [DiscoveryClient-HeartbeatExecutor-0] [                                                 ] o.s.web.client.RestTemplate              : Accept=[application/json, application/*+json]
2026-02-22T12:24:18.736+05:30 DEBUG 18456 --- [UserService] [DiscoveryClient-HeartbeatExecutor-0] [                                                 ] o.s.web.client.RestTemplate              : Response 200 OK
2026-02-22T12:24:34.528+05:30 DEBUG 18456 --- [UserService] [DiscoveryClient-CacheRefreshExecutor-0] [                                                 ] o.s.web.client.RestTemplate              : HTTP GET http://localhost:8761/eureka/apps/delta
2026-02-22T12:24:34.528+05:30 DEBUG 18456 --- [UserService] [DiscoveryClient-CacheRefreshExecutor-0] [                                                 ] o.s.web.client.RestTemplate              : Accept=[application/json, application/*+json]
2026-02-22T12:24:34.544+05:30 DEBUG 18456 --- [UserService] [DiscoveryClient-CacheRefreshExecutor-0] [                                                 ] o.s.web.client.RestTemplate              : Response 200 OK
2026-02-22T12:24:34.546+05:30 DEBUG 18456 --- [UserService] [DiscoveryClient-CacheRefreshExecutor-0] [                                                 ] o.s.web.client.RestTemplate              : Reading to [org.springframework.cloud.netflix.eureka.http.EurekaApplications]
2026-02-22T12:24:48.525+05:30  INFO 18456 --- [UserService] [AsyncResolver-bootstrap-executor-0] [                                                 ] c.n.d.s.r.aws.ConfigClusterResolver      : Resolving eureka endpoints via configuration
2026-02-22T12:24:48.745+05:30 DEBUG 18456 --- [UserService] [DiscoveryClient-HeartbeatExecutor-0] [                                                 ] o.s.web.client.RestTemplate              : HTTP PUT http://localhost:8761/eureka/apps/USERSERVICE/DESKTOP-ECRRR37.mshome.net:UserService:8081?status=UP&lastDirtyTimestamp=1771738480079
2026-02-22T12:24:48.745+05:30 DEBUG 18456 --- [UserService] [DiscoveryClient-HeartbeatExecutor-0] [                                                 ] o.s.web.client.RestTemplate              : Accept=[application/json, application/*+json]
2026-02-22T12:24:48.964+05:30 DEBUG 18456 --- [UserService] [DiscoveryClient-HeartbeatExecutor-0] [                                                 ] o.s.web.client.RestTemplate              : Response 200 OK
2026-02-22T12:25:04.559+05:30 DEBUG 18456 --- [UserService] [DiscoveryClient-CacheRefreshExecutor-0] [                                                 ] o.s.web.client.RestTemplate              : HTTP GET http://localhost:8761/eureka/apps/delta
2026-02-22T12:25:04.560+05:30 DEBUG 18456 --- [UserService] [DiscoveryClient-CacheRefreshExecutor-0] [                                                 ] o.s.web.client.RestTemplate              : Accept=[application/json, application/*+json]
2026-02-22T12:25:04.637+05:30 DEBUG 18456 --- [UserService] [DiscoveryClient-CacheRefreshExecutor-0] [                                                 ] o.s.web.client.RestTemplate              : Response 200 OK
2026-02-22T12:25:04.638+05:30 DEBUG 18456 --- [UserService] [DiscoveryClient-CacheRefreshExecutor-0] [                                                 ] o.s.web.client.RestTemplate              : Reading to [org.springframework.cloud.netflix.eureka.http.EurekaApplications]
2026-02-22T12:25:18.975+05:30 DEBUG 18456 --- [UserService] [DiscoveryClient-HeartbeatExecutor-0] [                                                 ] o.s.web.client.RestTemplate              : HTTP PUT http://localhost:8761/eureka/apps/USERSERVICE/DESKTOP-ECRRR37.mshome.net:UserService:8081?status=UP&lastDirtyTimestamp=1771738480079
2026-02-22T12:25:18.977+05:30 DEBUG 18456 --- [UserService] [DiscoveryClient-HeartbeatExecutor-0] [                                                 ] o.s.web.client.RestTemplate              : Accept=[application/json, application/*+json]
2026-02-22T12:25:20.033+05:30 DEBUG 18456 --- [UserService] [DiscoveryClient-HeartbeatExecutor-0] [                                                 ] o.s.web.client.RestTemplate              : Response 200 OK
2026-02-22T12:25:34.820+05:30 DEBUG 18456 --- [UserService] [DiscoveryClient-CacheRefreshExecutor-0] [                                                 ] o.s.web.client.RestTemplate              : HTTP GET http://localhost:8761/eureka/apps/delta
2026-02-22T12:25:34.820+05:30 DEBUG 18456 --- [UserService] [DiscoveryClient-CacheRefreshExecutor-0] [                                                 ] o.s.web.client.RestTemplate              : Accept=[application/json, application/*+json]
2026-02-22T12:25:35.602+05:30 DEBUG 18456 --- [UserService] [DiscoveryClient-CacheRefreshExecutor-0] [                                                 ] o.s.web.client.RestTemplate              : Response 200 OK
2026-02-22T12:25:35.605+05:30 DEBUG 18456 --- [UserService] [DiscoveryClient-CacheRefreshExecutor-0] [                                                 ] o.s.web.client.RestTemplate              : Reading to [org.springframework.cloud.netflix.eureka.http.EurekaApplications]
2026-02-22T12:25:51.641+05:30 DEBUG 18456 --- [UserService] [DiscoveryClient-HeartbeatExecutor-0] [                                                 ] o.s.web.client.RestTemplate              : HTTP PUT http://localhost:8761/eureka/apps/USERSERVICE/DESKTOP-ECRRR37.mshome.net:UserService:8081?status=UP&lastDirtyTimestamp=1771738480079
2026-02-22T12:25:51.945+05:30 DEBUG 18456 --- [UserService] [DiscoveryClient-HeartbeatExecutor-0] [                                                 ] o.s.web.client.RestTemplate              : Accept=[application/json, application/*+json]
2026-02-22T12:25:51.953+05:30 DEBUG 18456 --- [UserService] [DiscoveryClient-HeartbeatExecutor-0] [                                                 ] o.s.web.client.RestTemplate              : Response 200 OK
2026-02-22T12:26:06.512+05:30 DEBUG 18456 --- [UserService] [DiscoveryClient-CacheRefreshExecutor-0] [                                                 ] o.s.web.client.RestTemplate              : HTTP GET http://localhost:8761/eureka/apps/delta
2026-02-22T12:26:06.512+05:30 DEBUG 18456 --- [UserService] [DiscoveryClient-CacheRefreshExecutor-0] [                                                 ] o.s.web.client.RestTemplate              : Accept=[application/json, application/*+json]
2026-02-22T12:26:06.529+05:30 DEBUG 18456 --- [UserService] [DiscoveryClient-CacheRefreshExecutor-0] [                                                 ] o.s.web.client.RestTemplate              : Response 200 OK
2026-02-22T12:26:06.529+05:30 DEBUG 18456 --- [UserService] [DiscoveryClient-CacheRefreshExecutor-0] [                                                 ] o.s.web.client.RestTemplate              : Reading to [org.springframework.cloud.netflix.eureka.http.EurekaApplications]
2026-02-22T12:26:21.963+05:30 DEBUG 18456 --- [UserService] [DiscoveryClient-HeartbeatExecutor-0] [                                                 ] o.s.web.client.RestTemplate              : HTTP PUT http://localhost:8761/eureka/apps/USERSERVICE/DESKTOP-ECRRR37.mshome.net:UserService:8081?status=UP&lastDirtyTimestamp=1771738480079
2026-02-22T12:26:21.963+05:30 DEBUG 18456 --- [UserService] [DiscoveryClient-HeartbeatExecutor-0] [                                                 ] o.s.web.client.RestTemplate              : Accept=[application/json, application/*+json]
2026-02-22T12:26:21.981+05:30 DEBUG 18456 --- [UserService] [DiscoveryClient-HeartbeatExecutor-0] [                                                 ] o.s.web.client.RestTemplate              : Response 200 OK
2026-02-22T12:26:36.786+05:30 DEBUG 18456 --- [UserService] [DiscoveryClient-CacheRefreshExecutor-0] [                                                 ] o.s.web.client.RestTemplate              : HTTP GET http://localhost:8761/eureka/apps/delta
2026-02-22T12:26:36.787+05:30 DEBUG 18456 --- [UserService] [DiscoveryClient-CacheRefreshExecutor-0] [                                                 ] o.s.web.client.RestTemplate              : Accept=[application/json, application/*+json]
2026-02-22T12:26:36.909+05:30 DEBUG 18456 --- [UserService] [DiscoveryClient-CacheRefreshExecutor-0] [                                                 ] o.s.web.client.RestTemplate              : Response 200 OK
2026-02-22T12:26:36.923+05:30 DEBUG 18456 --- [UserService] [DiscoveryClient-CacheRefreshExecutor-0] [                                                 ] o.s.web.client.RestTemplate              : Reading to [org.springframework.cloud.netflix.eureka.http.EurekaApplications]
2026-02-22T12:26:51.986+05:30 DEBUG 18456 --- [UserService] [DiscoveryClient-HeartbeatExecutor-0] [                                                 ] o.s.web.client.RestTemplate              : HTTP PUT http://localhost:8761/eureka/apps/USERSERVICE/DESKTOP-ECRRR37.mshome.net:UserService:8081?status=UP&lastDirtyTimestamp=1771738480079
2026-02-22T12:26:51.986+05:30 DEBUG 18456 --- [UserService] [DiscoveryClient-HeartbeatExecutor-0] [                                                 ] o.s.web.client.RestTemplate              : Accept=[application/json, application/*+json]
2026-02-22T12:26:52.004+05:30 DEBUG 18456 --- [UserService] [DiscoveryClient-HeartbeatExecutor-0] [                                                 ] o.s.web.client.RestTemplate              : Response 200 OK
2026-02-22T12:27:06.943+05:30 DEBUG 18456 --- [UserService] [DiscoveryClient-CacheRefreshExecutor-0] [                                                 ] o.s.web.client.RestTemplate              : HTTP GET http://localhost:8761/eureka/apps/delta
2026-02-22T12:27:06.945+05:30 DEBUG 18456 --- [UserService] [DiscoveryClient-CacheRefreshExecutor-0] [                                                 ] o.s.web.client.RestTemplate              : Accept=[application/json, application/*+json]
2026-02-22T12:27:06.961+05:30 DEBUG 18456 --- [UserService] [DiscoveryClient-CacheRefreshExecutor-0] [                                                 ] o.s.web.client.RestTemplate              : Response 200 OK
2026-02-22T12:27:06.974+05:30 DEBUG 18456 --- [UserService] [DiscoveryClient-CacheRefreshExecutor-0] [                                                 ] o.s.web.client.RestTemplate              : Reading to [org.springframework.cloud.netflix.eureka.http.EurekaApplications]
2026-02-22T12:27:22.022+05:30 DEBUG 18456 --- [UserService] [DiscoveryClient-HeartbeatExecutor-0] [                                                 ] o.s.web.client.RestTemplate              : HTTP PUT http://localhost:8761/eureka/apps/USERSERVICE/DESKTOP-ECRRR37.mshome.net:UserService:8081?status=UP&lastDirtyTimestamp=1771738480079
2026-02-22T12:27:22.033+05:30 DEBUG 18456 --- [UserService] [DiscoveryClient-HeartbeatExecutor-0] [                                                 ] o.s.web.client.RestTemplate              : Accept=[application/json, application/*+json]
2026-02-22T12:27:22.042+05:30 DEBUG 18456 --- [UserService] [DiscoveryClient-HeartbeatExecutor-0] [                                                 ] o.s.web.client.RestTemplate              : Response 200 OK
2026-02-22T12:27:37.498+05:30 DEBUG 18456 --- [UserService] [DiscoveryClient-CacheRefreshExecutor-0] [                                                 ] o.s.web.client.RestTemplate              : HTTP GET http://localhost:8761/eureka/apps/delta
2026-02-22T12:27:37.499+05:30 DEBUG 18456 --- [UserService] [DiscoveryClient-CacheRefreshExecutor-0] [                                                 ] o.s.web.client.RestTemplate              : Accept=[application/json, application/*+json]
2026-02-22T12:27:37.515+05:30 DEBUG 18456 --- [UserService] [DiscoveryClient-CacheRefreshExecutor-0] [                                                 ] o.s.web.client.RestTemplate              : Response 200 OK
2026-02-22T12:27:37.516+05:30 DEBUG 18456 --- [UserService] [DiscoveryClient-CacheRefreshExecutor-0] [                                                 ] o.s.web.client.RestTemplate              : Reading to [org.springframework.cloud.netflix.eureka.http.EurekaApplications]
2026-02-22T12:27:52.057+05:30 DEBUG 18456 --- [UserService] [DiscoveryClient-HeartbeatExecutor-0] [                                                 ] o.s.web.client.RestTemplate              : HTTP PUT http://localhost:8761/eureka/apps/USERSERVICE/DESKTOP-ECRRR37.mshome.net:UserService:8081?status=UP&lastDirtyTimestamp=1771738480079
2026-02-22T12:27:52.057+05:30 DEBUG 18456 --- [UserService] [DiscoveryClient-HeartbeatExecutor-0] [                                                 ] o.s.web.client.RestTemplate              : Accept=[application/json, application/*+json]
2026-02-22T12:27:52.075+05:30 DEBUG 18456 --- [UserService] [DiscoveryClient-HeartbeatExecutor-0] [                                                 ] o.s.web.client.RestTemplate              : Response 200 OK
2026-02-22T12:28:07.538+05:30 DEBUG 18456 --- [UserService] [DiscoveryClient-CacheRefreshExecutor-0] [                                                 ] o.s.web.client.RestTemplate              : HTTP GET http://localhost:8761/eureka/apps/delta
2026-02-22T12:28:07.543+05:30 DEBUG 18456 --- [UserService] [DiscoveryClient-CacheRefreshExecutor-0] [                                                 ] o.s.web.client.RestTemplate              : Accept=[application/json, application/*+json]
2026-02-22T12:28:07.569+05:30 DEBUG 18456 --- [UserService] [DiscoveryClient-CacheRefreshExecutor-0] [                                                 ] o.s.web.client.RestTemplate              : Response 200 OK
2026-02-22T12:28:07.612+05:30 DEBUG 18456 --- [UserService] [DiscoveryClient-CacheRefreshExecutor-0] [                                                 ] o.s.web.client.RestTemplate              : Reading to [org.springframework.cloud.netflix.eureka.http.EurekaApplications]
2026-02-22T12:28:22.084+05:30 DEBUG 18456 --- [UserService] [DiscoveryClient-HeartbeatExecutor-0] [                                                 ] o.s.web.client.RestTemplate              : HTTP PUT http://localhost:8761/eureka/apps/USERSERVICE/DESKTOP-ECRRR37.mshome.net:UserService:8081?status=UP&lastDirtyTimestamp=1771738480079
2026-02-22T12:28:22.192+05:30 DEBUG 18456 --- [UserService] [DiscoveryClient-HeartbeatExecutor-0] [                                                 ] o.s.web.client.RestTemplate              : Accept=[application/json, application/*+json]
2026-02-22T12:28:22.321+05:30 DEBUG 18456 --- [UserService] [DiscoveryClient-HeartbeatExecutor-0] [                                                 ] o.s.web.client.RestTemplate              : Response 200 OK
2026-02-22T12:28:37.645+05:30 DEBUG 18456 --- [UserService] [DiscoveryClient-CacheRefreshExecutor-0] [                                                 ] o.s.web.client.RestTemplate              : HTTP GET http://localhost:8761/eureka/apps/delta
2026-02-22T12:28:37.646+05:30 DEBUG 18456 --- [UserService] [DiscoveryClient-CacheRefreshExecutor-0] [                                                 ] o.s.web.client.RestTemplate              : Accept=[application/json, application/*+json]
2026-02-22T12:28:37.662+05:30 DEBUG 18456 --- [UserService] [DiscoveryClient-CacheRefreshExecutor-0] [                                                 ] o.s.web.client.RestTemplate              : Response 200 OK
2026-02-22T12:28:37.663+05:30 DEBUG 18456 --- [UserService] [DiscoveryClient-CacheRefreshExecutor-0] [                                                 ] o.s.web.client.RestTemplate              : Reading to [org.springframework.cloud.netflix.eureka.http.EurekaApplications]
2026-02-22T12:28:52.336+05:30 DEBUG 18456 --- [UserService] [DiscoveryClient-HeartbeatExecutor-0] [                                                 ] o.s.web.client.RestTemplate              : HTTP PUT http://localhost:8761/eureka/apps/USERSERVICE/DESKTOP-ECRRR37.mshome.net:UserService:8081?status=UP&lastDirtyTimestamp=1771738480079
2026-02-22T12:28:52.337+05:30 DEBUG 18456 --- [UserService] [DiscoveryClient-HeartbeatExecutor-0] [                                                 ] o.s.web.client.RestTemplate              : Accept=[application/json, application/*+json]
2026-02-22T12:28:52.357+05:30 DEBUG 18456 --- [UserService] [DiscoveryClient-HeartbeatExecutor-0] [                                                 ] o.s.web.client.RestTemplate              : Response 200 OK
2026-02-22T12:29:07.679+05:30 DEBUG 18456 --- [UserService] [DiscoveryClient-CacheRefreshExecutor-0] [                                                 ] o.s.web.client.RestTemplate              : HTTP GET http://localhost:8761/eureka/apps/delta
2026-02-22T12:29:07.680+05:30 DEBUG 18456 --- [UserService] [DiscoveryClient-CacheRefreshExecutor-0] [                                                 ] o.s.web.client.RestTemplate              : Accept=[application/json, application/*+json]
2026-02-22T12:29:07.695+05:30 DEBUG 18456 --- [UserService] [DiscoveryClient-CacheRefreshExecutor-0] [                                                 ] o.s.web.client.RestTemplate              : Response 200 OK
2026-02-22T12:29:07.697+05:30 DEBUG 18456 --- [UserService] [DiscoveryClient-CacheRefreshExecutor-0] [                                                 ] o.s.web.client.RestTemplate              : Reading to [org.springframework.cloud.netflix.eureka.http.EurekaApplications]
2026-02-22T12:29:28.974+05:30 DEBUG 18456 --- [UserService] [DiscoveryClient-HeartbeatExecutor-0] [                                                 ] o.s.web.client.RestTemplate              : HTTP PUT http://localhost:8761/eureka/apps/USERSERVICE/DESKTOP-ECRRR37.mshome.net:UserService:8081?status=UP&lastDirtyTimestamp=1771738480079
2026-02-22T12:29:29.016+05:30 DEBUG 18456 --- [UserService] [DiscoveryClient-HeartbeatExecutor-0] [                                                 ] o.s.web.client.RestTemplate              : Accept=[application/json, application/*+json]
2026-02-22T12:29:29.081+05:30 DEBUG 18456 --- [UserService] [DiscoveryClient-HeartbeatExecutor-0] [                                                 ] o.s.web.client.RestTemplate              : Response 200 OK
2026-02-22T12:29:37.705+05:30 DEBUG 18456 --- [UserService] [DiscoveryClient-CacheRefreshExecutor-0] [                                                 ] o.s.web.client.RestTemplate              : HTTP GET http://localhost:8761/eureka/apps/delta
2026-02-22T12:29:37.706+05:30 DEBUG 18456 --- [UserService] [DiscoveryClient-CacheRefreshExecutor-0] [                                                 ] o.s.web.client.RestTemplate              : Accept=[application/json, application/*+json]
2026-02-22T12:29:37.722+05:30 DEBUG 18456 --- [UserService] [DiscoveryClient-CacheRefreshExecutor-0] [                                                 ] o.s.web.client.RestTemplate              : Response 200 OK
2026-02-22T12:29:37.722+05:30 DEBUG 18456 --- [UserService] [DiscoveryClient-CacheRefreshExecutor-0] [                                                 ] o.s.web.client.RestTemplate              : Reading to [org.springframework.cloud.netflix.eureka.http.EurekaApplications]
2026-02-22T12:29:48.947+05:30  INFO 18456 --- [UserService] [AsyncResolver-bootstrap-executor-0] [                                                 ] c.n.d.s.r.aws.ConfigClusterResolver      : Resolving eureka endpoints via configuration
2026-02-22T12:29:59.099+05:30 DEBUG 18456 --- [UserService] [DiscoveryClient-HeartbeatExecutor-0] [                                                 ] o.s.web.client.RestTemplate              : HTTP PUT http://localhost:8761/eureka/apps/USERSERVICE/DESKTOP-ECRRR37.mshome.net:UserService:8081?status=UP&lastDirtyTimestamp=1771738480079
2026-02-22T12:29:59.100+05:30 DEBUG 18456 --- [UserService] [DiscoveryClient-HeartbeatExecutor-0] [                                                 ] o.s.web.client.RestTemplate              : Accept=[application/json, application/*+json]
2026-02-22T12:29:59.114+05:30 DEBUG 18456 --- [UserService] [DiscoveryClient-HeartbeatExecutor-0] [                                                 ] o.s.web.client.RestTemplate              : Response 200 OK
2026-02-22T12:30:07.729+05:30 DEBUG 18456 --- [UserService] [DiscoveryClient-CacheRefreshExecutor-0] [                                                 ] o.s.web.client.RestTemplate              : HTTP GET http://localhost:8761/eureka/apps/delta
2026-02-22T12:30:07.730+05:30 DEBUG 18456 --- [UserService] [DiscoveryClient-CacheRefreshExecutor-0] [                                                 ] o.s.web.client.RestTemplate              : Accept=[application/json, application/*+json]
2026-02-22T12:30:07.743+05:30 DEBUG 18456 --- [UserService] [DiscoveryClient-CacheRefreshExecutor-0] [                                                 ] o.s.web.client.RestTemplate              : Response 200 OK
2026-02-22T12:30:07.746+05:30 DEBUG 18456 --- [UserService] [DiscoveryClient-CacheRefreshExecutor-0] [                                                 ] o.s.web.client.RestTemplate              : Reading to [org.springframework.cloud.netflix.eureka.http.EurekaApplications]
2026-02-22T12:30:29.367+05:30 DEBUG 18456 --- [UserService] [DiscoveryClient-HeartbeatExecutor-0] [                                                 ] o.s.web.client.RestTemplate              : HTTP PUT http://localhost:8761/eureka/apps/USERSERVICE/DESKTOP-ECRRR37.mshome.net:UserService:8081?status=UP&lastDirtyTimestamp=1771738480079
2026-02-22T12:30:29.544+05:30 DEBUG 18456 --- [UserService] [DiscoveryClient-HeartbeatExecutor-0] [                                                 ] o.s.web.client.RestTemplate              : Accept=[application/json, application/*+json]
2026-02-22T12:30:29.559+05:30 DEBUG 18456 --- [UserService] [DiscoveryClient-HeartbeatExecutor-0] [                                                 ] o.s.web.client.RestTemplate              : Response 200 OK
2026-02-22T12:30:37.756+05:30 DEBUG 18456 --- [UserService] [DiscoveryClient-CacheRefreshExecutor-0] [                                                 ] o.s.web.client.RestTemplate              : HTTP GET http://localhost:8761/eureka/apps/delta
2026-02-22T12:30:37.756+05:30 DEBUG 18456 --- [UserService] [DiscoveryClient-CacheRefreshExecutor-0] [                                                 ] o.s.web.client.RestTemplate              : Accept=[application/json, application/*+json]
2026-02-22T12:30:37.772+05:30 DEBUG 18456 --- [UserService] [DiscoveryClient-CacheRefreshExecutor-0] [                                                 ] o.s.web.client.RestTemplate              : Response 200 OK
2026-02-22T12:30:37.773+05:30 DEBUG 18456 --- [UserService] [DiscoveryClient-CacheRefreshExecutor-0] [                                                 ] o.s.web.client.RestTemplate              : Reading to [org.springframework.cloud.netflix.eureka.http.EurekaApplications]
2026-02-22T12:30:59.576+05:30 DEBUG 18456 --- [UserService] [DiscoveryClient-HeartbeatExecutor-0] [                                                 ] o.s.web.client.RestTemplate              : HTTP PUT http://localhost:8761/eureka/apps/USERSERVICE/DESKTOP-ECRRR37.mshome.net:UserService:8081?status=UP&lastDirtyTimestamp=1771738480079
2026-02-22T12:30:59.577+05:30 DEBUG 18456 --- [UserService] [DiscoveryClient-HeartbeatExecutor-0] [                                                 ] o.s.web.client.RestTemplate              : Accept=[application/json, application/*+json]
2026-02-22T12:30:59.595+05:30 DEBUG 18456 --- [UserService] [DiscoveryClient-HeartbeatExecutor-0] [                                                 ] o.s.web.client.RestTemplate              : Response 200 OK
2026-02-22T12:31:07.786+05:30 DEBUG 18456 --- [UserService] [DiscoveryClient-CacheRefreshExecutor-0] [                                                 ] o.s.web.client.RestTemplate              : HTTP GET http://localhost:8761/eureka/apps/delta
2026-02-22T12:31:07.786+05:30 DEBUG 18456 --- [UserService] [DiscoveryClient-CacheRefreshExecutor-0] [                                                 ] o.s.web.client.RestTemplate              : Accept=[application/json, application/*+json]
2026-02-22T12:31:07.805+05:30 DEBUG 18456 --- [UserService] [DiscoveryClient-CacheRefreshExecutor-0] [                                                 ] o.s.web.client.RestTemplate              : Response 200 OK
2026-02-22T12:31:07.806+05:30 DEBUG 18456 --- [UserService] [DiscoveryClient-CacheRefreshExecutor-0] [                                                 ] o.s.web.client.RestTemplate              : Reading to [org.springframework.cloud.netflix.eureka.http.EurekaApplications]
2026-02-22T12:31:29.609+05:30 DEBUG 18456 --- [UserService] [DiscoveryClient-HeartbeatExecutor-0] [                                                 ] o.s.web.client.RestTemplate              : HTTP PUT http://localhost:8761/eureka/apps/USERSERVICE/DESKTOP-ECRRR37.mshome.net:UserService:8081?status=UP&lastDirtyTimestamp=1771738480079
2026-02-22T12:31:29.609+05:30 DEBUG 18456 --- [UserService] [DiscoveryClient-HeartbeatExecutor-0] [                                                 ] o.s.web.client.RestTemplate              : Accept=[application/json, application/*+json]
2026-02-22T12:31:29.626+05:30 DEBUG 18456 --- [UserService] [DiscoveryClient-HeartbeatExecutor-0] [                                                 ] o.s.web.client.RestTemplate              : Response 200 OK
2026-02-22T12:31:37.816+05:30 DEBUG 18456 --- [UserService] [DiscoveryClient-CacheRefreshExecutor-0] [                                                 ] o.s.web.client.RestTemplate              : HTTP GET http://localhost:8761/eureka/apps/delta
2026-02-22T12:31:37.816+05:30 DEBUG 18456 --- [UserService] [DiscoveryClient-CacheRefreshExecutor-0] [                                                 ] o.s.web.client.RestTemplate              : Accept=[application/json, application/*+json]
2026-02-22T12:31:37.831+05:30 DEBUG 18456 --- [UserService] [DiscoveryClient-CacheRefreshExecutor-0] [                                                 ] o.s.web.client.RestTemplate              : Response 200 OK
2026-02-22T12:31:37.832+05:30 DEBUG 18456 --- [UserService] [DiscoveryClient-CacheRefreshExecutor-0] [                                                 ] o.s.web.client.RestTemplate              : Reading to [org.springframework.cloud.netflix.eureka.http.EurekaApplications]
2026-02-22T12:31:59.738+05:30 DEBUG 18456 --- [UserService] [DiscoveryClient-HeartbeatExecutor-0] [                                                 ] o.s.web.client.RestTemplate              : HTTP PUT http://localhost:8761/eureka/apps/USERSERVICE/DESKTOP-ECRRR37.mshome.net:UserService:8081?status=UP&lastDirtyTimestamp=1771738480079
2026-02-22T12:31:59.740+05:30 DEBUG 18456 --- [UserService] [DiscoveryClient-HeartbeatExecutor-0] [                                                 ] o.s.web.client.RestTemplate              : Accept=[application/json, application/*+json]
2026-02-22T12:32:00.373+05:30 DEBUG 18456 --- [UserService] [DiscoveryClient-HeartbeatExecutor-0] [                                                 ] o.s.web.client.RestTemplate              : Response 200 OK
2026-02-22T12:32:07.933+05:30 DEBUG 18456 --- [UserService] [DiscoveryClient-CacheRefreshExecutor-0] [                                                 ] o.s.web.client.RestTemplate              : HTTP GET http://localhost:8761/eureka/apps/delta
2026-02-22T12:32:07.934+05:30 DEBUG 18456 --- [UserService] [DiscoveryClient-CacheRefreshExecutor-0] [                                                 ] o.s.web.client.RestTemplate              : Accept=[application/json, application/*+json]
2026-02-22T12:32:07.950+05:30 DEBUG 18456 --- [UserService] [DiscoveryClient-CacheRefreshExecutor-0] [                                                 ] o.s.web.client.RestTemplate              : Response 200 OK
2026-02-22T12:32:07.952+05:30 DEBUG 18456 --- [UserService] [DiscoveryClient-CacheRefreshExecutor-0] [                                                 ] o.s.web.client.RestTemplate              : Reading to [org.springframework.cloud.netflix.eureka.http.EurekaApplications]
2026-02-22T12:32:30.386+05:30 DEBUG 18456 --- [UserService] [DiscoveryClient-HeartbeatExecutor-0] [                                                 ] o.s.web.client.RestTemplate              : HTTP PUT http://localhost:8761/eureka/apps/USERSERVICE/DESKTOP-ECRRR37.mshome.net:UserService:8081?status=UP&lastDirtyTimestamp=1771738480079
2026-02-22T12:32:30.387+05:30 DEBUG 18456 --- [UserService] [DiscoveryClient-HeartbeatExecutor-0] [                                                 ] o.s.web.client.RestTemplate              : Accept=[application/json, application/*+json]
2026-02-22T12:32:30.404+05:30 DEBUG 18456 --- [UserService] [DiscoveryClient-HeartbeatExecutor-0] [                                                 ] o.s.web.client.RestTemplate              : Response 200 OK
2026-02-22T12:32:37.966+05:30 DEBUG 18456 --- [UserService] [DiscoveryClient-CacheRefreshExecutor-0] [                                                 ] o.s.web.client.RestTemplate              : HTTP GET http://localhost:8761/eureka/apps/delta
2026-02-22T12:32:37.966+05:30 DEBUG 18456 --- [UserService] [DiscoveryClient-CacheRefreshExecutor-0] [                                                 ] o.s.web.client.RestTemplate              : Accept=[application/json, application/*+json]
2026-02-22T12:32:37.982+05:30 DEBUG 18456 --- [UserService] [DiscoveryClient-CacheRefreshExecutor-0] [                                                 ] o.s.web.client.RestTemplate              : Response 200 OK
2026-02-22T12:32:37.984+05:30 DEBUG 18456 --- [UserService] [DiscoveryClient-CacheRefreshExecutor-0] [                                                 ] o.s.web.client.RestTemplate              : Reading to [org.springframework.cloud.netflix.eureka.http.EurekaApplications]
2026-02-22T12:33:00.411+05:30 DEBUG 18456 --- [UserService] [DiscoveryClient-HeartbeatExecutor-0] [                                                 ] o.s.web.client.RestTemplate              : HTTP PUT http://localhost:8761/eureka/apps/USERSERVICE/DESKTOP-ECRRR37.mshome.net:UserService:8081?status=UP&lastDirtyTimestamp=1771738480079
2026-02-22T12:33:00.412+05:30 DEBUG 18456 --- [UserService] [DiscoveryClient-HeartbeatExecutor-0] [                                                 ] o.s.web.client.RestTemplate              : Accept=[application/json, application/*+json]
2026-02-22T12:33:00.432+05:30 DEBUG 18456 --- [UserService] [DiscoveryClient-HeartbeatExecutor-0] [                                                 ] o.s.web.client.RestTemplate              : Response 200 OK
2026-02-22T12:33:08.000+05:30 DEBUG 18456 --- [UserService] [DiscoveryClient-CacheRefreshExecutor-0] [                                                 ] o.s.web.client.RestTemplate              : HTTP GET http://localhost:8761/eureka/apps/delta
2026-02-22T12:33:08.001+05:30 DEBUG 18456 --- [UserService] [DiscoveryClient-CacheRefreshExecutor-0] [                                                 ] o.s.web.client.RestTemplate              : Accept=[application/json, application/*+json]
2026-02-22T12:33:08.064+05:30 DEBUG 18456 --- [UserService] [DiscoveryClient-CacheRefreshExecutor-0] [                                                 ] o.s.web.client.RestTemplate              : Response 200 OK
2026-02-22T12:33:08.093+05:30 DEBUG 18456 --- [UserService] [DiscoveryClient-CacheRefreshExecutor-0] [                                                 ] o.s.web.client.RestTemplate              : Reading to [org.springframework.cloud.netflix.eureka.http.EurekaApplications]
2026-02-22T12:33:30.447+05:30 DEBUG 18456 --- [UserService] [DiscoveryClient-HeartbeatExecutor-0] [                                                 ] o.s.web.client.RestTemplate              : HTTP PUT http://localhost:8761/eureka/apps/USERSERVICE/DESKTOP-ECRRR37.mshome.net:UserService:8081?status=UP&lastDirtyTimestamp=1771738480079
2026-02-22T12:33:30.449+05:30 DEBUG 18456 --- [UserService] [DiscoveryClient-HeartbeatExecutor-0] [                                                 ] o.s.web.client.RestTemplate              : Accept=[application/json, application/*+json]
2026-02-22T12:33:30.464+05:30 DEBUG 18456 --- [UserService] [DiscoveryClient-HeartbeatExecutor-0] [                                                 ] o.s.web.client.RestTemplate              : Response 200 OK
2026-02-22T12:33:38.340+05:30 DEBUG 18456 --- [UserService] [DiscoveryClient-CacheRefreshExecutor-0] [                                                 ] o.s.web.client.RestTemplate              : HTTP GET http://localhost:8761/eureka/apps/delta
2026-02-22T12:33:38.340+05:30 DEBUG 18456 --- [UserService] [DiscoveryClient-CacheRefreshExecutor-0] [                                                 ] o.s.web.client.RestTemplate              : Accept=[application/json, application/*+json]
2026-02-22T12:33:38.356+05:30 DEBUG 18456 --- [UserService] [DiscoveryClient-CacheRefreshExecutor-0] [                                                 ] o.s.web.client.RestTemplate              : Response 200 OK
2026-02-22T12:33:38.358+05:30 DEBUG 18456 --- [UserService] [DiscoveryClient-CacheRefreshExecutor-0] [                                                 ] o.s.web.client.RestTemplate              : Reading to [org.springframework.cloud.netflix.eureka.http.EurekaApplications]
2026-02-22T12:34:00.469+05:30 DEBUG 18456 --- [UserService] [DiscoveryClient-HeartbeatExecutor-0] [                                                 ] o.s.web.client.RestTemplate              : HTTP PUT http://localhost:8761/eureka/apps/USERSERVICE/DESKTOP-ECRRR37.mshome.net:UserService:8081?status=UP&lastDirtyTimestamp=1771738480079
2026-02-22T12:34:00.470+05:30 DEBUG 18456 --- [UserService] [DiscoveryClient-HeartbeatExecutor-0] [                                                 ] o.s.web.client.RestTemplate              : Accept=[application/json, application/*+json]
2026-02-22T12:34:00.488+05:30 DEBUG 18456 --- [UserService] [DiscoveryClient-HeartbeatExecutor-0] [                                                 ] o.s.web.client.RestTemplate              : Response 200 OK
2026-02-22T12:34:08.367+05:30 DEBUG 18456 --- [UserService] [DiscoveryClient-CacheRefreshExecutor-0] [                                                 ] o.s.web.client.RestTemplate              : HTTP GET http://localhost:8761/eureka/apps/delta
2026-02-22T12:34:08.368+05:30 DEBUG 18456 --- [UserService] [DiscoveryClient-CacheRefreshExecutor-0] [                                                 ] o.s.web.client.RestTemplate              : Accept=[application/json, application/*+json]
2026-02-22T12:34:08.388+05:30 DEBUG 18456 --- [UserService] [DiscoveryClient-CacheRefreshExecutor-0] [                                                 ] o.s.web.client.RestTemplate              : Response 200 OK
2026-02-22T12:34:08.391+05:30 DEBUG 18456 --- [UserService] [DiscoveryClient-CacheRefreshExecutor-0] [                                                 ] o.s.web.client.RestTemplate              : Reading to [org.springframework.cloud.netflix.eureka.http.EurekaApplications]
2026-02-22T12:34:30.497+05:30 DEBUG 18456 --- [UserService] [DiscoveryClient-HeartbeatExecutor-0] [                                                 ] o.s.web.client.RestTemplate              : HTTP PUT http://localhost:8761/eureka/apps/USERSERVICE/DESKTOP-ECRRR37.mshome.net:UserService:8081?status=UP&lastDirtyTimestamp=1771738480079
2026-02-22T12:34:30.498+05:30 DEBUG 18456 --- [UserService] [DiscoveryClient-HeartbeatExecutor-0] [                                                 ] o.s.web.client.RestTemplate              : Accept=[application/json, application/*+json]
2026-02-22T12:34:30.515+05:30 DEBUG 18456 --- [UserService] [DiscoveryClient-HeartbeatExecutor-0] [                                                 ] o.s.web.client.RestTemplate              : Response 200 OK
2026-02-22T12:34:38.398+05:30 DEBUG 18456 --- [UserService] [DiscoveryClient-CacheRefreshExecutor-0] [                                                 ] o.s.web.client.RestTemplate              : HTTP GET http://localhost:8761/eureka/apps/delta
2026-02-22T12:34:38.398+05:30 DEBUG 18456 --- [UserService] [DiscoveryClient-CacheRefreshExecutor-0] [                                                 ] o.s.web.client.RestTemplate              : Accept=[application/json, application/*+json]
2026-02-22T12:34:38.416+05:30 DEBUG 18456 --- [UserService] [DiscoveryClient-CacheRefreshExecutor-0] [                                                 ] o.s.web.client.RestTemplate              : Response 200 OK
2026-02-22T12:34:38.416+05:30 DEBUG 18456 --- [UserService] [DiscoveryClient-CacheRefreshExecutor-0] [                                                 ] o.s.web.client.RestTemplate              : Reading to [org.springframework.cloud.netflix.eureka.http.EurekaApplications]
2026-02-22T12:34:48.983+05:30  INFO 18456 --- [UserService] [AsyncResolver-bootstrap-executor-0] [                                                 ] c.n.d.s.r.aws.ConfigClusterResolver      : Resolving eureka endpoints via configuration
2026-02-22T12:35:00.519+05:30 DEBUG 18456 --- [UserService] [DiscoveryClient-HeartbeatExecutor-0] [                                                 ] o.s.web.client.RestTemplate              : HTTP PUT http://localhost:8761/eureka/apps/USERSERVICE/DESKTOP-ECRRR37.mshome.net:UserService:8081?status=UP&lastDirtyTimestamp=1771738480079
2026-02-22T12:35:00.519+05:30 DEBUG 18456 --- [UserService] [DiscoveryClient-HeartbeatExecutor-0] [                                                 ] o.s.web.client.RestTemplate              : Accept=[application/json, application/*+json]
2026-02-22T12:35:00.540+05:30 DEBUG 18456 --- [UserService] [DiscoveryClient-HeartbeatExecutor-0] [                                                 ] o.s.web.client.RestTemplate              : Response 200 OK
2026-02-22T12:35:08.436+05:30 DEBUG 18456 --- [UserService] [DiscoveryClient-CacheRefreshExecutor-0] [                                                 ] o.s.web.client.RestTemplate              : HTTP GET http://localhost:8761/eureka/apps/delta
2026-02-22T12:35:08.436+05:30 DEBUG 18456 --- [UserService] [DiscoveryClient-CacheRefreshExecutor-0] [                                                 ] o.s.web.client.RestTemplate              : Accept=[application/json, application/*+json]
2026-02-22T12:35:08.452+05:30 DEBUG 18456 --- [UserService] [DiscoveryClient-CacheRefreshExecutor-0] [                                                 ] o.s.web.client.RestTemplate              : Response 200 OK
2026-02-22T12:35:08.452+05:30 DEBUG 18456 --- [UserService] [DiscoveryClient-CacheRefreshExecutor-0] [                                                 ] o.s.web.client.RestTemplate              : Reading to [org.springframework.cloud.netflix.eureka.http.EurekaApplications]
2026-02-22T12:35:30.549+05:30 DEBUG 18456 --- [UserService] [DiscoveryClient-HeartbeatExecutor-0] [                                                 ] o.s.web.client.RestTemplate              : HTTP PUT http://localhost:8761/eureka/apps/USERSERVICE/DESKTOP-ECRRR37.mshome.net:UserService:8081?status=UP&lastDirtyTimestamp=1771738480079
2026-02-22T12:35:30.550+05:30 DEBUG 18456 --- [UserService] [DiscoveryClient-HeartbeatExecutor-0] [                                                 ] o.s.web.client.RestTemplate              : Accept=[application/json, application/*+json]
2026-02-22T12:35:30.576+05:30 DEBUG 18456 --- [UserService] [DiscoveryClient-HeartbeatExecutor-0] [                                                 ] o.s.web.client.RestTemplate              : Response 200 OK
2026-02-22T12:35:38.458+05:30 DEBUG 18456 --- [UserService] [DiscoveryClient-CacheRefreshExecutor-0] [                                                 ] o.s.web.client.RestTemplate              : HTTP GET http://localhost:8761/eureka/apps/delta
2026-02-22T12:35:38.459+05:30 DEBUG 18456 --- [UserService] [DiscoveryClient-CacheRefreshExecutor-0] [                                                 ] o.s.web.client.RestTemplate              : Accept=[application/json, application/*+json]
2026-02-22T12:35:38.475+05:30 DEBUG 18456 --- [UserService] [DiscoveryClient-CacheRefreshExecutor-0] [                                                 ] o.s.web.client.RestTemplate              : Response 200 OK
2026-02-22T12:35:38.477+05:30 DEBUG 18456 --- [UserService] [DiscoveryClient-CacheRefreshExecutor-0] [                                                 ] o.s.web.client.RestTemplate              : Reading to [org.springframework.cloud.netflix.eureka.http.EurekaApplications]
2026-02-22T12:36:00.580+05:30 DEBUG 18456 --- [UserService] [DiscoveryClient-HeartbeatExecutor-0] [                                                 ] o.s.web.client.RestTemplate              : HTTP PUT http://localhost:8761/eureka/apps/USERSERVICE/DESKTOP-ECRRR37.mshome.net:UserService:8081?status=UP&lastDirtyTimestamp=1771738480079
2026-02-22T12:36:00.580+05:30 DEBUG 18456 --- [UserService] [DiscoveryClient-HeartbeatExecutor-0] [                                                 ] o.s.web.client.RestTemplate              : Accept=[application/json, application/*+json]
2026-02-22T12:36:00.602+05:30 DEBUG 18456 --- [UserService] [DiscoveryClient-HeartbeatExecutor-0] [                                                 ] o.s.web.client.RestTemplate              : Response 200 OK
2026-02-22T12:36:08.534+05:30 DEBUG 18456 --- [UserService] [DiscoveryClient-CacheRefreshExecutor-0] [                                                 ] o.s.web.client.RestTemplate              : HTTP GET http://localhost:8761/eureka/apps/delta
2026-02-22T12:36:08.657+05:30 DEBUG 18456 --- [UserService] [DiscoveryClient-CacheRefreshExecutor-0] [                                                 ] o.s.web.client.RestTemplate              : Accept=[application/json, application/*+json]
2026-02-22T12:36:08.742+05:30 DEBUG 18456 --- [UserService] [DiscoveryClient-CacheRefreshExecutor-0] [                                                 ] o.s.web.client.RestTemplate              : Response 200 OK
2026-02-22T12:36:08.896+05:30 DEBUG 18456 --- [UserService] [DiscoveryClient-CacheRefreshExecutor-0] [                                                 ] o.s.web.client.RestTemplate              : Reading to [org.springframework.cloud.netflix.eureka.http.EurekaApplications]
2026-02-22T12:36:30.608+05:30 DEBUG 18456 --- [UserService] [DiscoveryClient-HeartbeatExecutor-0] [                                                 ] o.s.web.client.RestTemplate              : HTTP PUT http://localhost:8761/eureka/apps/USERSERVICE/DESKTOP-ECRRR37.mshome.net:UserService:8081?status=UP&lastDirtyTimestamp=1771738480079
2026-02-22T12:36:30.610+05:30 DEBUG 18456 --- [UserService] [DiscoveryClient-HeartbeatExecutor-0] [                                                 ] o.s.web.client.RestTemplate              : Accept=[application/json, application/*+json]
2026-02-22T12:36:30.626+05:30 DEBUG 18456 --- [UserService] [DiscoveryClient-HeartbeatExecutor-0] [                                                 ] o.s.web.client.RestTemplate              : Response 200 OK
2026-02-22T12:36:38.953+05:30 DEBUG 18456 --- [UserService] [DiscoveryClient-CacheRefreshExecutor-0] [                                                 ] o.s.web.client.RestTemplate              : HTTP GET http://localhost:8761/eureka/apps/delta
2026-02-22T12:36:38.953+05:30 DEBUG 18456 --- [UserService] [DiscoveryClient-CacheRefreshExecutor-0] [                                                 ] o.s.web.client.RestTemplate              : Accept=[application/json, application/*+json]
2026-02-22T12:36:39.025+05:30 DEBUG 18456 --- [UserService] [DiscoveryClient-CacheRefreshExecutor-0] [                                                 ] o.s.web.client.RestTemplate              : Response 200 OK
2026-02-22T12:36:39.132+05:30 DEBUG 18456 --- [UserService] [DiscoveryClient-CacheRefreshExecutor-0] [                                                 ] o.s.web.client.RestTemplate              : Reading to [org.springframework.cloud.netflix.eureka.http.EurekaApplications]
2026-02-22T12:37:00.641+05:30 DEBUG 18456 --- [UserService] [DiscoveryClient-HeartbeatExecutor-0] [                                                 ] o.s.web.client.RestTemplate              : HTTP PUT http://localhost:8761/eureka/apps/USERSERVICE/DESKTOP-ECRRR37.mshome.net:UserService:8081?status=UP&lastDirtyTimestamp=1771738480079
2026-02-22T12:37:00.643+05:30 DEBUG 18456 --- [UserService] [DiscoveryClient-HeartbeatExecutor-0] [                                                 ] o.s.web.client.RestTemplate              : Accept=[application/json, application/*+json]
2026-02-22T12:37:00.694+05:30 DEBUG 18456 --- [UserService] [DiscoveryClient-HeartbeatExecutor-0] [                                                 ] o.s.web.client.RestTemplate              : Response 200 OK
2026-02-22T12:37:09.166+05:30 DEBUG 18456 --- [UserService] [DiscoveryClient-CacheRefreshExecutor-0] [                                                 ] o.s.web.client.RestTemplate              : HTTP GET http://localhost:8761/eureka/apps/delta
2026-02-22T12:37:09.167+05:30 DEBUG 18456 --- [UserService] [DiscoveryClient-CacheRefreshExecutor-0] [                                                 ] o.s.web.client.RestTemplate              : Accept=[application/json, application/*+json]
2026-02-22T12:37:09.183+05:30 DEBUG 18456 --- [UserService] [DiscoveryClient-CacheRefreshExecutor-0] [                                                 ] o.s.web.client.RestTemplate              : Response 200 OK
2026-02-22T12:37:09.184+05:30 DEBUG 18456 --- [UserService] [DiscoveryClient-CacheRefreshExecutor-0] [                                                 ] o.s.web.client.RestTemplate              : Reading to [org.springframework.cloud.netflix.eureka.http.EurekaApplications]
2026-02-22T12:37:30.702+05:30 DEBUG 18456 --- [UserService] [DiscoveryClient-HeartbeatExecutor-0] [                                                 ] o.s.web.client.RestTemplate              : HTTP PUT http://localhost:8761/eureka/apps/USERSERVICE/DESKTOP-ECRRR37.mshome.net:UserService:8081?status=UP&lastDirtyTimestamp=1771738480079
2026-02-22T12:37:30.705+05:30 DEBUG 18456 --- [UserService] [DiscoveryClient-HeartbeatExecutor-0] [                                                 ] o.s.web.client.RestTemplate              : Accept=[application/json, application/*+json]
2026-02-22T12:37:30.722+05:30 DEBUG 18456 --- [UserService] [DiscoveryClient-HeartbeatExecutor-0] [                                                 ] o.s.web.client.RestTemplate              : Response 200 OK
2026-02-22T12:37:39.348+05:30 DEBUG 18456 --- [UserService] [DiscoveryClient-CacheRefreshExecutor-0] [                                                 ] o.s.web.client.RestTemplate              : HTTP GET http://localhost:8761/eureka/apps/delta
2026-02-22T12:37:39.349+05:30 DEBUG 18456 --- [UserService] [DiscoveryClient-CacheRefreshExecutor-0] [                                                 ] o.s.web.client.RestTemplate              : Accept=[application/json, application/*+json]
2026-02-22T12:37:39.367+05:30 DEBUG 18456 --- [UserService] [DiscoveryClient-CacheRefreshExecutor-0] [                                                 ] o.s.web.client.RestTemplate              : Response 200 OK
2026-02-22T12:37:39.369+05:30 DEBUG 18456 --- [UserService] [DiscoveryClient-CacheRefreshExecutor-0] [                                                 ] o.s.web.client.RestTemplate              : Reading to [org.springframework.cloud.netflix.eureka.http.EurekaApplications]
2026-02-22T12:38:00.735+05:30 DEBUG 18456 --- [UserService] [DiscoveryClient-HeartbeatExecutor-0] [                                                 ] o.s.web.client.RestTemplate              : HTTP PUT http://localhost:8761/eureka/apps/USERSERVICE/DESKTOP-ECRRR37.mshome.net:UserService:8081?status=UP&lastDirtyTimestamp=1771738480079
2026-02-22T12:38:00.736+05:30 DEBUG 18456 --- [UserService] [DiscoveryClient-HeartbeatExecutor-0] [                                                 ] o.s.web.client.RestTemplate              : Accept=[application/json, application/*+json]
2026-02-22T12:38:00.849+05:30 DEBUG 18456 --- [UserService] [DiscoveryClient-HeartbeatExecutor-0] [                                                 ] o.s.web.client.RestTemplate              : Response 200 OK
2026-02-22T12:38:09.419+05:30 DEBUG 18456 --- [UserService] [DiscoveryClient-CacheRefreshExecutor-0] [                                                 ] o.s.web.client.RestTemplate              : HTTP GET http://localhost:8761/eureka/apps/delta
2026-02-22T12:38:09.419+05:30 DEBUG 18456 --- [UserService] [DiscoveryClient-CacheRefreshExecutor-0] [                                                 ] o.s.web.client.RestTemplate              : Accept=[application/json, application/*+json]
2026-02-22T12:38:09.435+05:30 DEBUG 18456 --- [UserService] [DiscoveryClient-CacheRefreshExecutor-0] [                                                 ] o.s.web.client.RestTemplate              : Response 200 OK
2026-02-22T12:38:09.436+05:30 DEBUG 18456 --- [UserService] [DiscoveryClient-CacheRefreshExecutor-0] [                                                 ] o.s.web.client.RestTemplate              : Reading to [org.springframework.cloud.netflix.eureka.http.EurekaApplications]
2026-02-22T12:38:30.866+05:30 DEBUG 18456 --- [UserService] [DiscoveryClient-HeartbeatExecutor-0] [                                                 ] o.s.web.client.RestTemplate              : HTTP PUT http://localhost:8761/eureka/apps/USERSERVICE/DESKTOP-ECRRR37.mshome.net:UserService:8081?status=UP&lastDirtyTimestamp=1771738480079
2026-02-22T12:38:30.870+05:30 DEBUG 18456 --- [UserService] [DiscoveryClient-HeartbeatExecutor-0] [                                                 ] o.s.web.client.RestTemplate              : Accept=[application/json, application/*+json]
2026-02-22T12:38:30.885+05:30 DEBUG 18456 --- [UserService] [DiscoveryClient-HeartbeatExecutor-0] [                                                 ] o.s.web.client.RestTemplate              : Response 200 OK
2026-02-22T12:38:39.452+05:30 DEBUG 18456 --- [UserService] [DiscoveryClient-CacheRefreshExecutor-0] [                                                 ] o.s.web.client.RestTemplate              : HTTP GET http://localhost:8761/eureka/apps/delta
2026-02-22T12:38:39.452+05:30 DEBUG 18456 --- [UserService] [DiscoveryClient-CacheRefreshExecutor-0] [                                                 ] o.s.web.client.RestTemplate              : Accept=[application/json, application/*+json]
2026-02-22T12:38:39.470+05:30 DEBUG 18456 --- [UserService] [DiscoveryClient-CacheRefreshExecutor-0] [                                                 ] o.s.web.client.RestTemplate              : Response 200 OK
2026-02-22T12:38:39.471+05:30 DEBUG 18456 --- [UserService] [DiscoveryClient-CacheRefreshExecutor-0] [                                                 ] o.s.web.client.RestTemplate              : Reading to [org.springframework.cloud.netflix.eureka.http.EurekaApplications]
2026-02-22T12:39:00.901+05:30 DEBUG 18456 --- [UserService] [DiscoveryClient-HeartbeatExecutor-0] [                                                 ] o.s.web.client.RestTemplate              : HTTP PUT http://localhost:8761/eureka/apps/USERSERVICE/DESKTOP-ECRRR37.mshome.net:UserService:8081?status=UP&lastDirtyTimestamp=1771738480079
2026-02-22T12:39:00.901+05:30 DEBUG 18456 --- [UserService] [DiscoveryClient-HeartbeatExecutor-0] [                                                 ] o.s.web.client.RestTemplate              : Accept=[application/json, application/*+json]
2026-02-22T12:39:01.634+05:30 DEBUG 18456 --- [UserService] [DiscoveryClient-HeartbeatExecutor-0] [                                                 ] o.s.web.client.RestTemplate              : Response 200 OK
2026-02-22T12:39:09.479+05:30 DEBUG 18456 --- [UserService] [DiscoveryClient-CacheRefreshExecutor-0] [                                                 ] o.s.web.client.RestTemplate              : HTTP GET http://localhost:8761/eureka/apps/delta
2026-02-22T12:39:09.479+05:30 DEBUG 18456 --- [UserService] [DiscoveryClient-CacheRefreshExecutor-0] [                                                 ] o.s.web.client.RestTemplate              : Accept=[application/json, application/*+json]
2026-02-22T12:39:09.495+05:30 DEBUG 18456 --- [UserService] [DiscoveryClient-CacheRefreshExecutor-0] [                                                 ] o.s.web.client.RestTemplate              : Response 200 OK
2026-02-22T12:39:09.496+05:30 DEBUG 18456 --- [UserService] [DiscoveryClient-CacheRefreshExecutor-0] [                                                 ] o.s.web.client.RestTemplate              : Reading to [org.springframework.cloud.netflix.eureka.http.EurekaApplications]
2026-02-22T12:39:32.994+05:30 DEBUG 18456 --- [UserService] [DiscoveryClient-HeartbeatExecutor-0] [                                                 ] o.s.web.client.RestTemplate              : HTTP PUT http://localhost:8761/eureka/apps/USERSERVICE/DESKTOP-ECRRR37.mshome.net:UserService:8081?status=UP&lastDirtyTimestamp=1771738480079
2026-02-22T12:39:33.214+05:30 DEBUG 18456 --- [UserService] [DiscoveryClient-HeartbeatExecutor-0] [                                                 ] o.s.web.client.RestTemplate              : Accept=[application/json, application/*+json]
2026-02-22T12:39:33.229+05:30 DEBUG 18456 --- [UserService] [DiscoveryClient-HeartbeatExecutor-0] [                                                 ] o.s.web.client.RestTemplate              : Response 200 OK
2026-02-22T12:39:41.229+05:30 DEBUG 18456 --- [UserService] [DiscoveryClient-CacheRefreshExecutor-0] [                                                 ] o.s.web.client.RestTemplate              : HTTP GET http://localhost:8761/eureka/apps/delta
2026-02-22T12:39:41.230+05:30 DEBUG 18456 --- [UserService] [DiscoveryClient-CacheRefreshExecutor-0] [                                                 ] o.s.web.client.RestTemplate              : Accept=[application/json, application/*+json]
2026-02-22T12:39:41.244+05:30 DEBUG 18456 --- [UserService] [DiscoveryClient-CacheRefreshExecutor-0] [                                                 ] o.s.web.client.RestTemplate              : Response 200 OK
2026-02-22T12:39:41.245+05:30 DEBUG 18456 --- [UserService] [DiscoveryClient-CacheRefreshExecutor-0] [                                                 ] o.s.web.client.RestTemplate              : Reading to [org.springframework.cloud.netflix.eureka.http.EurekaApplications]
2026-02-22T12:39:50.630+05:30  INFO 18456 --- [UserService] [AsyncResolver-bootstrap-executor-0] [                                                 ] c.n.d.s.r.aws.ConfigClusterResolver      : Resolving eureka endpoints via configuration
2026-02-22T12:40:05.686+05:30 DEBUG 18456 --- [UserService] [DiscoveryClient-HeartbeatExecutor-0] [                                                 ] o.s.web.client.RestTemplate              : HTTP PUT http://localhost:8761/eureka/apps/USERSERVICE/DESKTOP-ECRRR37.mshome.net:UserService:8081?status=UP&lastDirtyTimestamp=1771738480079
2026-02-22T12:40:05.686+05:30 DEBUG 18456 --- [UserService] [DiscoveryClient-HeartbeatExecutor-0] [                                                 ] o.s.web.client.RestTemplate              : Accept=[application/json, application/*+json]
2026-02-22T12:40:05.826+05:30 DEBUG 18456 --- [UserService] [DiscoveryClient-HeartbeatExecutor-0] [                                                 ] o.s.web.client.RestTemplate              : Response 200 OK
2026-02-22T12:40:11.276+05:30 DEBUG 18456 --- [UserService] [DiscoveryClient-CacheRefreshExecutor-0] [                                                 ] o.s.web.client.RestTemplate              : HTTP GET http://localhost:8761/eureka/apps/delta
2026-02-22T12:40:11.276+05:30 DEBUG 18456 --- [UserService] [DiscoveryClient-CacheRefreshExecutor-0] [                                                 ] o.s.web.client.RestTemplate              : Accept=[application/json, application/*+json]
2026-02-22T12:40:11.295+05:30 DEBUG 18456 --- [UserService] [DiscoveryClient-CacheRefreshExecutor-0] [                                                 ] o.s.web.client.RestTemplate              : Response 200 OK
2026-02-22T12:40:11.296+05:30 DEBUG 18456 --- [UserService] [DiscoveryClient-CacheRefreshExecutor-0] [                                                 ] o.s.web.client.RestTemplate              : Reading to [org.springframework.cloud.netflix.eureka.http.EurekaApplications]
2026-02-22T12:40:35.946+05:30 DEBUG 18456 --- [UserService] [DiscoveryClient-HeartbeatExecutor-0] [                                                 ] o.s.web.client.RestTemplate              : HTTP PUT http://localhost:8761/eureka/apps/USERSERVICE/DESKTOP-ECRRR37.mshome.net:UserService:8081?status=UP&lastDirtyTimestamp=1771738480079
2026-02-22T12:40:36.002+05:30 DEBUG 18456 --- [UserService] [DiscoveryClient-HeartbeatExecutor-0] [                                                 ] o.s.web.client.RestTemplate              : Accept=[application/json, application/*+json]
2026-02-22T12:40:36.178+05:30 DEBUG 18456 --- [UserService] [DiscoveryClient-HeartbeatExecutor-0] [                                                 ] o.s.web.client.RestTemplate              : Response 200 OK
2026-02-22T12:40:41.313+05:30 DEBUG 18456 --- [UserService] [DiscoveryClient-CacheRefreshExecutor-0] [                                                 ] o.s.web.client.RestTemplate              : HTTP GET http://localhost:8761/eureka/apps/delta
2026-02-22T12:40:41.313+05:30 DEBUG 18456 --- [UserService] [DiscoveryClient-CacheRefreshExecutor-0] [                                                 ] o.s.web.client.RestTemplate              : Accept=[application/json, application/*+json]
2026-02-22T12:40:42.695+05:30 DEBUG 18456 --- [UserService] [DiscoveryClient-CacheRefreshExecutor-0] [                                                 ] o.s.web.client.RestTemplate              : Response 200 OK
2026-02-22T12:40:43.592+05:30 DEBUG 18456 --- [UserService] [DiscoveryClient-CacheRefreshExecutor-0] [                                                 ] o.s.web.client.RestTemplate              : Reading to [org.springframework.cloud.netflix.eureka.http.EurekaApplications]
2026-02-22T12:41:06.302+05:30 DEBUG 18456 --- [UserService] [DiscoveryClient-HeartbeatExecutor-0] [                                                 ] o.s.web.client.RestTemplate              : HTTP PUT http://localhost:8761/eureka/apps/USERSERVICE/DESKTOP-ECRRR37.mshome.net:UserService:8081?status=UP&lastDirtyTimestamp=1771738480079
2026-02-22T12:41:06.454+05:30 DEBUG 18456 --- [UserService] [DiscoveryClient-HeartbeatExecutor-0] [                                                 ] o.s.web.client.RestTemplate              : Accept=[application/json, application/*+json]
2026-02-22T12:41:06.867+05:30 DEBUG 18456 --- [UserService] [DiscoveryClient-HeartbeatExecutor-0] [                                                 ] o.s.web.client.RestTemplate              : Response 200 OK
2026-02-22T12:41:14.930+05:30 DEBUG 18456 --- [UserService] [DiscoveryClient-CacheRefreshExecutor-0] [                                                 ] o.s.web.client.RestTemplate              : HTTP GET http://localhost:8761/eureka/apps/delta
2026-02-22T12:41:15.156+05:30 DEBUG 18456 --- [UserService] [DiscoveryClient-CacheRefreshExecutor-0] [                                                 ] o.s.web.client.RestTemplate              : Accept=[application/json, application/*+json]
2026-02-22T12:41:17.877+05:30 DEBUG 18456 --- [UserService] [DiscoveryClient-CacheRefreshExecutor-0] [                                                 ] o.s.web.client.RestTemplate              : Response 200 OK
2026-02-22T12:41:17.878+05:30 DEBUG 18456 --- [UserService] [DiscoveryClient-CacheRefreshExecutor-0] [                                                 ] o.s.web.client.RestTemplate              : Reading to [org.springframework.cloud.netflix.eureka.http.EurekaApplications]
2026-02-22T12:41:37.008+05:30 DEBUG 18456 --- [UserService] [DiscoveryClient-HeartbeatExecutor-0] [                                                 ] o.s.web.client.RestTemplate              : HTTP PUT http://localhost:8761/eureka/apps/USERSERVICE/DESKTOP-ECRRR37.mshome.net:UserService:8081?status=UP&lastDirtyTimestamp=1771738480079
2026-02-22T12:41:37.143+05:30 DEBUG 18456 --- [UserService] [DiscoveryClient-HeartbeatExecutor-0] [                                                 ] o.s.web.client.RestTemplate              : Accept=[application/json, application/*+json]
2026-02-22T12:41:39.859+05:30 DEBUG 18456 --- [UserService] [DiscoveryClient-HeartbeatExecutor-0] [                                                 ] o.s.web.client.RestTemplate              : Response 200 OK
2026-02-22T12:41:47.890+05:30 DEBUG 18456 --- [UserService] [DiscoveryClient-CacheRefreshExecutor-0] [                                                 ] o.s.web.client.RestTemplate              : HTTP GET http://localhost:8761/eureka/apps/delta
2026-02-22T12:41:47.890+05:30 DEBUG 18456 --- [UserService] [DiscoveryClient-CacheRefreshExecutor-0] [                                                 ] o.s.web.client.RestTemplate              : Accept=[application/json, application/*+json]
2026-02-22T12:41:49.674+05:30 DEBUG 18456 --- [UserService] [DiscoveryClient-CacheRefreshExecutor-0] [                                                 ] o.s.web.client.RestTemplate              : Response 200 OK
2026-02-22T12:41:50.214+05:30 DEBUG 18456 --- [UserService] [DiscoveryClient-CacheRefreshExecutor-0] [                                                 ] o.s.web.client.RestTemplate              : Reading to [org.springframework.cloud.netflix.eureka.http.EurekaApplications]
2026-02-22T12:42:10.003+05:30 DEBUG 18456 --- [UserService] [DiscoveryClient-HeartbeatExecutor-0] [                                                 ] o.s.web.client.RestTemplate              : HTTP PUT http://localhost:8761/eureka/apps/USERSERVICE/DESKTOP-ECRRR37.mshome.net:UserService:8081?status=UP&lastDirtyTimestamp=1771738480079
2026-02-22T12:42:10.003+05:30 DEBUG 18456 --- [UserService] [DiscoveryClient-HeartbeatExecutor-0] [                                                 ] o.s.web.client.RestTemplate              : Accept=[application/json, application/*+json]
2026-02-22T12:42:10.021+05:30 DEBUG 18456 --- [UserService] [DiscoveryClient-HeartbeatExecutor-0] [                                                 ] o.s.web.client.RestTemplate              : Response 200 OK
2026-02-22T12:42:20.445+05:30 DEBUG 18456 --- [UserService] [DiscoveryClient-CacheRefreshExecutor-0] [                                                 ] o.s.web.client.RestTemplate              : HTTP GET http://localhost:8761/eureka/apps/delta
2026-02-22T12:42:20.676+05:30 DEBUG 18456 --- [UserService] [DiscoveryClient-CacheRefreshExecutor-0] [                                                 ] o.s.web.client.RestTemplate              : Accept=[application/json, application/*+json]
2026-02-22T12:42:20.687+05:30 DEBUG 18456 --- [UserService] [DiscoveryClient-CacheRefreshExecutor-0] [                                                 ] o.s.web.client.RestTemplate              : Response 200 OK
2026-02-22T12:42:20.689+05:30 DEBUG 18456 --- [UserService] [DiscoveryClient-CacheRefreshExecutor-0] [                                                 ] o.s.web.client.RestTemplate              : Reading to [org.springframework.cloud.netflix.eureka.http.EurekaApplications]
2026-02-22T12:42:30.958+05:30 DEBUG 18456 --- [UserService] [AsyncReporter{org.springframework.boot.actuate.autoconfigure.tracing.zipkin.ZipkinRestTemplateSender@5ac0cb9b}] [                                                 ] o.s.web.client.RestTemplate              : HTTP POST http://localhost:9411/api/v2/spans
2026-02-22T12:42:31.004+05:30 DEBUG 18456 --- [UserService] [AsyncReporter{org.springframework.boot.actuate.autoconfigure.tracing.zipkin.ZipkinRestTemplateSender@5ac0cb9b}] [                                                 ] o.s.web.client.RestTemplate              : Accept=[application/json, application/*+json]
2026-02-22T12:42:31.005+05:30 DEBUG 18456 --- [UserService] [AsyncReporter{org.springframework.boot.actuate.autoconfigure.tracing.zipkin.ZipkinRestTemplateSender@5ac0cb9b}] [                                                 ] o.s.web.client.RestTemplate              : Writing [[B@34ab9c09] as "application/json"
2026-02-22T12:42:31.215+05:30 DEBUG 18456 --- [UserService] [AsyncReporter{org.springframework.boot.actuate.autoconfigure.tracing.zipkin.ZipkinRestTemplateSender@5ac0cb9b}] [                                                 ] o.s.web.client.RestTemplate              : Response 202 ACCEPTED
2026-02-22T12:42:40.029+05:30 DEBUG 18456 --- [UserService] [DiscoveryClient-HeartbeatExecutor-0] [                                                 ] o.s.web.client.RestTemplate              : HTTP PUT http://localhost:8761/eureka/apps/USERSERVICE/DESKTOP-ECRRR37.mshome.net:UserService:8081?status=UP&lastDirtyTimestamp=1771738480079
2026-02-22T12:42:40.030+05:30 DEBUG 18456 --- [UserService] [DiscoveryClient-HeartbeatExecutor-0] [                                                 ] o.s.web.client.RestTemplate              : Accept=[application/json, application/*+json]
2026-02-22T12:42:40.048+05:30 DEBUG 18456 --- [UserService] [DiscoveryClient-HeartbeatExecutor-0] [                                                 ] o.s.web.client.RestTemplate              : Response 200 OK
2026-02-22T12:42:50.707+05:30 DEBUG 18456 --- [UserService] [DiscoveryClient-CacheRefreshExecutor-0] [                                                 ] o.s.web.client.RestTemplate              : HTTP GET http://localhost:8761/eureka/apps/delta
2026-02-22T12:42:50.734+05:30 DEBUG 18456 --- [UserService] [DiscoveryClient-CacheRefreshExecutor-0] [                                                 ] o.s.web.client.RestTemplate              : Accept=[application/json, application/*+json]
2026-02-22T12:42:50.755+05:30 DEBUG 18456 --- [UserService] [DiscoveryClient-CacheRefreshExecutor-0] [                                                 ] o.s.web.client.RestTemplate              : Response 200 OK
2026-02-22T12:42:50.772+05:30 DEBUG 18456 --- [UserService] [DiscoveryClient-CacheRefreshExecutor-0] [                                                 ] o.s.web.client.RestTemplate              : Reading to [org.springframework.cloud.netflix.eureka.http.EurekaApplications]
2026-02-22T12:43:10.062+05:30 DEBUG 18456 --- [UserService] [DiscoveryClient-HeartbeatExecutor-0] [                                                 ] o.s.web.client.RestTemplate              : HTTP PUT http://localhost:8761/eureka/apps/USERSERVICE/DESKTOP-ECRRR37.mshome.net:UserService:8081?status=UP&lastDirtyTimestamp=1771738480079
2026-02-22T12:43:10.062+05:30 DEBUG 18456 --- [UserService] [DiscoveryClient-HeartbeatExecutor-0] [                                                 ] o.s.web.client.RestTemplate              : Accept=[application/json, application/*+json]
2026-02-22T12:43:10.080+05:30 DEBUG 18456 --- [UserService] [DiscoveryClient-HeartbeatExecutor-0] [                                                 ] o.s.web.client.RestTemplate              : Response 200 OK
2026-02-22T12:43:20.779+05:30 DEBUG 18456 --- [UserService] [DiscoveryClient-CacheRefreshExecutor-0] [                                                 ] o.s.web.client.RestTemplate              : HTTP GET http://localhost:8761/eureka/apps/delta
2026-02-22T12:43:20.780+05:30 DEBUG 18456 --- [UserService] [DiscoveryClient-CacheRefreshExecutor-0] [                                                 ] o.s.web.client.RestTemplate              : Accept=[application/json, application/*+json]
2026-02-22T12:43:20.800+05:30 DEBUG 18456 --- [UserService] [DiscoveryClient-CacheRefreshExecutor-0] [                                                 ] o.s.web.client.RestTemplate              : Response 200 OK
2026-02-22T12:43:20.800+05:30 DEBUG 18456 --- [UserService] [DiscoveryClient-CacheRefreshExecutor-0] [                                                 ] o.s.web.client.RestTemplate              : Reading to [org.springframework.cloud.netflix.eureka.http.EurekaApplications]
2026-02-22T12:43:40.084+05:30 DEBUG 18456 --- [UserService] [DiscoveryClient-HeartbeatExecutor-0] [                                                 ] o.s.web.client.RestTemplate              : HTTP PUT http://localhost:8761/eureka/apps/USERSERVICE/DESKTOP-ECRRR37.mshome.net:UserService:8081?status=UP&lastDirtyTimestamp=1771738480079
2026-02-22T12:43:40.086+05:30 DEBUG 18456 --- [UserService] [DiscoveryClient-HeartbeatExecutor-0] [                                                 ] o.s.web.client.RestTemplate              : Accept=[application/json, application/*+json]
2026-02-22T12:43:40.101+05:30 DEBUG 18456 --- [UserService] [DiscoveryClient-HeartbeatExecutor-0] [                                                 ] o.s.web.client.RestTemplate              : Response 200 OK
2026-02-22T12:43:50.816+05:30 DEBUG 18456 --- [UserService] [DiscoveryClient-CacheRefreshExecutor-0] [                                                 ] o.s.web.client.RestTemplate              : HTTP GET http://localhost:8761/eureka/apps/delta
2026-02-22T12:43:50.817+05:30 DEBUG 18456 --- [UserService] [DiscoveryClient-CacheRefreshExecutor-0] [                                                 ] o.s.web.client.RestTemplate              : Accept=[application/json, application/*+json]
2026-02-22T12:43:50.837+05:30 DEBUG 18456 --- [UserService] [DiscoveryClient-CacheRefreshExecutor-0] [                                                 ] o.s.web.client.RestTemplate              : Response 200 OK
2026-02-22T12:43:50.838+05:30 DEBUG 18456 --- [UserService] [DiscoveryClient-CacheRefreshExecutor-0] [                                                 ] o.s.web.client.RestTemplate              : Reading to [org.springframework.cloud.netflix.eureka.http.EurekaApplications]
2026-02-22T12:44:10.115+05:30 DEBUG 18456 --- [UserService] [DiscoveryClient-HeartbeatExecutor-0] [                                                 ] o.s.web.client.RestTemplate              : HTTP PUT http://localhost:8761/eureka/apps/USERSERVICE/DESKTOP-ECRRR37.mshome.net:UserService:8081?status=UP&lastDirtyTimestamp=1771738480079
2026-02-22T12:44:10.118+05:30 DEBUG 18456 --- [UserService] [DiscoveryClient-HeartbeatExecutor-0] [                                                 ] o.s.web.client.RestTemplate              : Accept=[application/json, application/*+json]
2026-02-22T12:44:10.135+05:30 DEBUG 18456 --- [UserService] [DiscoveryClient-HeartbeatExecutor-0] [                                                 ] o.s.web.client.RestTemplate              : Response 200 OK
2026-02-22T12:44:20.841+05:30 DEBUG 18456 --- [UserService] [DiscoveryClient-CacheRefreshExecutor-0] [                                                 ] o.s.web.client.RestTemplate              : HTTP GET http://localhost:8761/eureka/apps/delta
2026-02-22T12:44:20.842+05:30 DEBUG 18456 --- [UserService] [DiscoveryClient-CacheRefreshExecutor-0] [                                                 ] o.s.web.client.RestTemplate              : Accept=[application/json, application/*+json]
2026-02-22T12:44:20.858+05:30 DEBUG 18456 --- [UserService] [DiscoveryClient-CacheRefreshExecutor-0] [                                                 ] o.s.web.client.RestTemplate              : Response 200 OK
2026-02-22T12:44:20.858+05:30 DEBUG 18456 --- [UserService] [DiscoveryClient-CacheRefreshExecutor-0] [                                                 ] o.s.web.client.RestTemplate              : Reading to [org.springframework.cloud.netflix.eureka.http.EurekaApplications]
2026-02-22T12:44:40.302+05:30 DEBUG 18456 --- [UserService] [DiscoveryClient-HeartbeatExecutor-0] [                                                 ] o.s.web.client.RestTemplate              : HTTP PUT http://localhost:8761/eureka/apps/USERSERVICE/DESKTOP-ECRRR37.mshome.net:UserService:8081?status=UP&lastDirtyTimestamp=1771738480079
2026-02-22T12:44:40.303+05:30 DEBUG 18456 --- [UserService] [DiscoveryClient-HeartbeatExecutor-0] [                                                 ] o.s.web.client.RestTemplate              : Accept=[application/json, application/*+json]
2026-02-22T12:44:40.311+05:30 DEBUG 18456 --- [UserService] [DiscoveryClient-HeartbeatExecutor-0] [                                                 ] o.s.web.client.RestTemplate              : Response 200 OK
2026-02-22T12:44:50.876+05:30 DEBUG 18456 --- [UserService] [DiscoveryClient-CacheRefreshExecutor-0] [                                                 ] o.s.web.client.RestTemplate              : HTTP GET http://localhost:8761/eureka/apps/delta
2026-02-22T12:44:50.876+05:30 DEBUG 18456 --- [UserService] [DiscoveryClient-CacheRefreshExecutor-0] [                                                 ] o.s.web.client.RestTemplate              : Accept=[application/json, application/*+json]
2026-02-22T12:44:50.890+05:30 DEBUG 18456 --- [UserService] [DiscoveryClient-CacheRefreshExecutor-0] [                                                 ] o.s.web.client.RestTemplate              : Response 200 OK
2026-02-22T12:44:50.898+05:30 DEBUG 18456 --- [UserService] [DiscoveryClient-CacheRefreshExecutor-0] [                                                 ] o.s.web.client.RestTemplate              : Reading to [org.springframework.cloud.netflix.eureka.http.EurekaApplications]
2026-02-22T12:44:53.304+05:30  INFO 18456 --- [UserService] [AsyncResolver-bootstrap-executor-0] [                                                 ] c.n.d.s.r.aws.ConfigClusterResolver      : Resolving eureka endpoints via configuration
2026-02-22T12:45:10.325+05:30 DEBUG 18456 --- [UserService] [DiscoveryClient-HeartbeatExecutor-0] [                                                 ] o.s.web.client.RestTemplate              : HTTP PUT http://localhost:8761/eureka/apps/USERSERVICE/DESKTOP-ECRRR37.mshome.net:UserService:8081?status=UP&lastDirtyTimestamp=1771738480079
2026-02-22T12:45:10.343+05:30 DEBUG 18456 --- [UserService] [DiscoveryClient-HeartbeatExecutor-0] [                                                 ] o.s.web.client.RestTemplate              : Accept=[application/json, application/*+json]
2026-02-22T12:45:10.411+05:30 DEBUG 18456 --- [UserService] [DiscoveryClient-HeartbeatExecutor-0] [                                                 ] o.s.web.client.RestTemplate              : Response 200 OK
2026-02-22T12:45:20.925+05:30 DEBUG 18456 --- [UserService] [DiscoveryClient-CacheRefreshExecutor-0] [                                                 ] o.s.web.client.RestTemplate              : HTTP GET http://localhost:8761/eureka/apps/delta
2026-02-22T12:45:20.944+05:30 DEBUG 18456 --- [UserService] [DiscoveryClient-CacheRefreshExecutor-0] [                                                 ] o.s.web.client.RestTemplate              : Accept=[application/json, application/*+json]
2026-02-22T12:45:20.997+05:30 DEBUG 18456 --- [UserService] [DiscoveryClient-CacheRefreshExecutor-0] [                                                 ] o.s.web.client.RestTemplate              : Response 200 OK
2026-02-22T12:45:21.003+05:30 DEBUG 18456 --- [UserService] [DiscoveryClient-CacheRefreshExecutor-0] [                                                 ] o.s.web.client.RestTemplate              : Reading to [org.springframework.cloud.netflix.eureka.http.EurekaApplications]
2026-02-22T12:45:40.670+05:30 DEBUG 18456 --- [UserService] [DiscoveryClient-HeartbeatExecutor-0] [                                                 ] o.s.web.client.RestTemplate              : HTTP PUT http://localhost:8761/eureka/apps/USERSERVICE/DESKTOP-ECRRR37.mshome.net:UserService:8081?status=UP&lastDirtyTimestamp=1771738480079
2026-02-22T12:45:40.804+05:30 DEBUG 18456 --- [UserService] [DiscoveryClient-HeartbeatExecutor-0] [                                                 ] o.s.web.client.RestTemplate              : Accept=[application/json, application/*+json]
2026-02-22T12:45:41.219+05:30 DEBUG 18456 --- [UserService] [DiscoveryClient-HeartbeatExecutor-0] [                                                 ] o.s.web.client.RestTemplate              : Response 200 OK
2026-02-22T12:45:51.021+05:30 DEBUG 18456 --- [UserService] [DiscoveryClient-CacheRefreshExecutor-0] [                                                 ] o.s.web.client.RestTemplate              : HTTP GET http://localhost:8761/eureka/apps/delta
2026-02-22T12:45:51.021+05:30 DEBUG 18456 --- [UserService] [DiscoveryClient-CacheRefreshExecutor-0] [                                                 ] o.s.web.client.RestTemplate              : Accept=[application/json, application/*+json]
2026-02-22T12:45:52.232+05:30 DEBUG 18456 --- [UserService] [DiscoveryClient-CacheRefreshExecutor-0] [                                                 ] o.s.web.client.RestTemplate              : Response 200 OK
2026-02-22T12:45:52.795+05:30 DEBUG 18456 --- [UserService] [DiscoveryClient-CacheRefreshExecutor-0] [                                                 ] o.s.web.client.RestTemplate              : Reading to [org.springframework.cloud.netflix.eureka.http.EurekaApplications]
2026-02-22T12:46:21.734+05:30 DEBUG 18456 --- [UserService] [DiscoveryClient-HeartbeatExecutor-0] [                                                 ] o.s.web.client.RestTemplate              : HTTP PUT http://localhost:8761/eureka/apps/USERSERVICE/DESKTOP-ECRRR37.mshome.net:UserService:8081?status=UP&lastDirtyTimestamp=1771738480079
2026-02-22T12:46:22.291+05:30 DEBUG 18456 --- [UserService] [DiscoveryClient-HeartbeatExecutor-0] [                                                 ] o.s.web.client.RestTemplate              : Accept=[application/json, application/*+json]
2026-02-22T12:46:22.331+05:30  WARN 18456 --- [UserService] [HikariPool-1 housekeeper] [                                                 ] com.zaxxer.hikari.pool.HikariPool        : HikariPool-1 - Thread starvation or clock leap detected (housekeeper delta=51s775ms937µs700ns).
2026-02-22T12:46:22.404+05:30 DEBUG 18456 --- [UserService] [DiscoveryClient-HeartbeatExecutor-0] [                                                 ] o.s.web.client.RestTemplate              : Response 200 OK
2026-02-22T12:46:24.512+05:30 DEBUG 18456 --- [UserService] [DiscoveryClient-CacheRefreshExecutor-0] [                                                 ] o.s.web.client.RestTemplate              : HTTP GET http://localhost:8761/eureka/apps/delta
2026-02-22T12:46:24.512+05:30 DEBUG 18456 --- [UserService] [DiscoveryClient-CacheRefreshExecutor-0] [                                                 ] o.s.web.client.RestTemplate              : Accept=[application/json, application/*+json]
2026-02-22T12:46:24.846+05:30 DEBUG 18456 --- [UserService] [DiscoveryClient-CacheRefreshExecutor-0] [                                                 ] o.s.web.client.RestTemplate              : Response 200 OK
2026-02-22T12:46:26.447+05:30 DEBUG 18456 --- [UserService] [DiscoveryClient-CacheRefreshExecutor-0] [                                                 ] o.s.web.client.RestTemplate              : Reading to [org.springframework.cloud.netflix.eureka.http.EurekaApplications]
2026-02-22T12:46:52.417+05:30 DEBUG 18456 --- [UserService] [DiscoveryClient-HeartbeatExecutor-0] [                                                 ] o.s.web.client.RestTemplate              : HTTP PUT http://localhost:8761/eureka/apps/USERSERVICE/DESKTOP-ECRRR37.mshome.net:UserService:8081?status=UP&lastDirtyTimestamp=1771738480079
2026-02-22T12:46:52.419+05:30 DEBUG 18456 --- [UserService] [DiscoveryClient-HeartbeatExecutor-0] [                                                 ] o.s.web.client.RestTemplate              : Accept=[application/json, application/*+json]
2026-02-22T12:46:52.437+05:30 DEBUG 18456 --- [UserService] [DiscoveryClient-HeartbeatExecutor-0] [                                                 ] o.s.web.client.RestTemplate              : Response 200 OK
2026-02-22T12:46:57.797+05:30 DEBUG 18456 --- [UserService] [DiscoveryClient-CacheRefreshExecutor-0] [                                                 ] o.s.web.client.RestTemplate              : HTTP GET http://localhost:8761/eureka/apps/delta
2026-02-22T12:46:57.798+05:30 DEBUG 18456 --- [UserService] [DiscoveryClient-CacheRefreshExecutor-0] [                                                 ] o.s.web.client.RestTemplate              : Accept=[application/json, application/*+json]
2026-02-22T12:46:57.816+05:30 DEBUG 18456 --- [UserService] [DiscoveryClient-CacheRefreshExecutor-0] [                                                 ] o.s.web.client.RestTemplate              : Response 200 OK
2026-02-22T12:46:57.816+05:30 DEBUG 18456 --- [UserService] [DiscoveryClient-CacheRefreshExecutor-0] [                                                 ] o.s.web.client.RestTemplate              : Reading to [org.springframework.cloud.netflix.eureka.http.EurekaApplications]
2026-02-22T12:47:22.446+05:30 DEBUG 18456 --- [UserService] [DiscoveryClient-HeartbeatExecutor-0] [                                                 ] o.s.web.client.RestTemplate              : HTTP PUT http://localhost:8761/eureka/apps/USERSERVICE/DESKTOP-ECRRR37.mshome.net:UserService:8081?status=UP&lastDirtyTimestamp=1771738480079
2026-02-22T12:47:22.493+05:30 DEBUG 18456 --- [UserService] [DiscoveryClient-HeartbeatExecutor-0] [                                                 ] o.s.web.client.RestTemplate              : Accept=[application/json, application/*+json]
2026-02-22T12:47:24.120+05:30 DEBUG 18456 --- [UserService] [DiscoveryClient-HeartbeatExecutor-0] [                                                 ] o.s.web.client.RestTemplate              : Response 200 OK
2026-02-22T12:47:27.820+05:30 DEBUG 18456 --- [UserService] [DiscoveryClient-CacheRefreshExecutor-0] [                                                 ] o.s.web.client.RestTemplate              : HTTP GET http://localhost:8761/eureka/apps/delta
2026-02-22T12:47:27.822+05:30 DEBUG 18456 --- [UserService] [DiscoveryClient-CacheRefreshExecutor-0] [                                                 ] o.s.web.client.RestTemplate              : Accept=[application/json, application/*+json]
2026-02-22T12:47:27.837+05:30 DEBUG 18456 --- [UserService] [DiscoveryClient-CacheRefreshExecutor-0] [                                                 ] o.s.web.client.RestTemplate              : Response 200 OK
2026-02-22T12:47:27.837+05:30 DEBUG 18456 --- [UserService] [DiscoveryClient-CacheRefreshExecutor-0] [                                                 ] o.s.web.client.RestTemplate              : Reading to [org.springframework.cloud.netflix.eureka.http.EurekaApplications]
2026-02-22T12:47:54.134+05:30 DEBUG 18456 --- [UserService] [DiscoveryClient-HeartbeatExecutor-0] [                                                 ] o.s.web.client.RestTemplate              : HTTP PUT http://localhost:8761/eureka/apps/USERSERVICE/DESKTOP-ECRRR37.mshome.net:UserService:8081?status=UP&lastDirtyTimestamp=1771738480079
2026-02-22T12:47:54.136+05:30 DEBUG 18456 --- [UserService] [DiscoveryClient-HeartbeatExecutor-0] [                                                 ] o.s.web.client.RestTemplate              : Accept=[application/json, application/*+json]
2026-02-22T12:47:54.151+05:30 DEBUG 18456 --- [UserService] [DiscoveryClient-HeartbeatExecutor-0] [                                                 ] o.s.web.client.RestTemplate              : Response 200 OK
2026-02-22T12:47:57.858+05:30 DEBUG 18456 --- [UserService] [DiscoveryClient-CacheRefreshExecutor-0] [                                                 ] o.s.web.client.RestTemplate              : HTTP GET http://localhost:8761/eureka/apps/delta
2026-02-22T12:47:57.859+05:30 DEBUG 18456 --- [UserService] [DiscoveryClient-CacheRefreshExecutor-0] [                                                 ] o.s.web.client.RestTemplate              : Accept=[application/json, application/*+json]
2026-02-22T12:47:57.877+05:30 DEBUG 18456 --- [UserService] [DiscoveryClient-CacheRefreshExecutor-0] [                                                 ] o.s.web.client.RestTemplate              : Response 200 OK
2026-02-22T12:47:57.879+05:30 DEBUG 18456 --- [UserService] [DiscoveryClient-CacheRefreshExecutor-0] [                                                 ] o.s.web.client.RestTemplate              : Reading to [org.springframework.cloud.netflix.eureka.http.EurekaApplications]
2026-02-22T12:48:24.156+05:30 DEBUG 18456 --- [UserService] [DiscoveryClient-HeartbeatExecutor-0] [                                                 ] o.s.web.client.RestTemplate              : HTTP PUT http://localhost:8761/eureka/apps/USERSERVICE/DESKTOP-ECRRR37.mshome.net:UserService:8081?status=UP&lastDirtyTimestamp=1771738480079
2026-02-22T12:48:24.157+05:30 DEBUG 18456 --- [UserService] [DiscoveryClient-HeartbeatExecutor-0] [                                                 ] o.s.web.client.RestTemplate              : Accept=[application/json, application/*+json]
2026-02-22T12:48:24.453+05:30 DEBUG 18456 --- [UserService] [DiscoveryClient-HeartbeatExecutor-0] [                                                 ] o.s.web.client.RestTemplate              : Response 200 OK
2026-02-22T12:48:27.886+05:30 DEBUG 18456 --- [UserService] [DiscoveryClient-CacheRefreshExecutor-0] [                                                 ] o.s.web.client.RestTemplate              : HTTP GET http://localhost:8761/eureka/apps/delta
2026-02-22T12:48:27.887+05:30 DEBUG 18456 --- [UserService] [DiscoveryClient-CacheRefreshExecutor-0] [                                                 ] o.s.web.client.RestTemplate              : Accept=[application/json, application/*+json]
2026-02-22T12:48:27.903+05:30 DEBUG 18456 --- [UserService] [DiscoveryClient-CacheRefreshExecutor-0] [                                                 ] o.s.web.client.RestTemplate              : Response 200 OK
2026-02-22T12:48:27.904+05:30 DEBUG 18456 --- [UserService] [DiscoveryClient-CacheRefreshExecutor-0] [                                                 ] o.s.web.client.RestTemplate              : Reading to [org.springframework.cloud.netflix.eureka.http.EurekaApplications]
2026-02-22T12:48:54.470+05:30 DEBUG 18456 --- [UserService] [DiscoveryClient-HeartbeatExecutor-0] [                                                 ] o.s.web.client.RestTemplate              : HTTP PUT http://localhost:8761/eureka/apps/USERSERVICE/DESKTOP-ECRRR37.mshome.net:UserService:8081?status=UP&lastDirtyTimestamp=1771738480079
2026-02-22T12:48:54.474+05:30 DEBUG 18456 --- [UserService] [DiscoveryClient-HeartbeatExecutor-0] [                                                 ] o.s.web.client.RestTemplate              : Accept=[application/json, application/*+json]
2026-02-22T12:48:54.505+05:30 DEBUG 18456 --- [UserService] [DiscoveryClient-HeartbeatExecutor-0] [                                                 ] o.s.web.client.RestTemplate              : Response 200 OK
2026-02-22T12:48:57.915+05:30 DEBUG 18456 --- [UserService] [DiscoveryClient-CacheRefreshExecutor-0] [                                                 ] o.s.web.client.RestTemplate              : HTTP GET http://localhost:8761/eureka/apps/delta
2026-02-22T12:48:57.915+05:30 DEBUG 18456 --- [UserService] [DiscoveryClient-CacheRefreshExecutor-0] [                                                 ] o.s.web.client.RestTemplate              : Accept=[application/json, application/*+json]
2026-02-22T12:48:57.938+05:30 DEBUG 18456 --- [UserService] [DiscoveryClient-CacheRefreshExecutor-0] [                                                 ] o.s.web.client.RestTemplate              : Response 200 OK
2026-02-22T12:48:57.939+05:30 DEBUG 18456 --- [UserService] [DiscoveryClient-CacheRefreshExecutor-0] [                                                 ] o.s.web.client.RestTemplate              : Reading to [org.springframework.cloud.netflix.eureka.http.EurekaApplications]
2026-02-22T12:49:24.519+05:30 DEBUG 18456 --- [UserService] [DiscoveryClient-HeartbeatExecutor-0] [                                                 ] o.s.web.client.RestTemplate              : HTTP PUT http://localhost:8761/eureka/apps/USERSERVICE/DESKTOP-ECRRR37.mshome.net:UserService:8081?status=UP&lastDirtyTimestamp=1771738480079
2026-02-22T12:49:24.522+05:30 DEBUG 18456 --- [UserService] [DiscoveryClient-HeartbeatExecutor-0] [                                                 ] o.s.web.client.RestTemplate              : Accept=[application/json, application/*+json]
2026-02-22T12:49:24.536+05:30 DEBUG 18456 --- [UserService] [DiscoveryClient-HeartbeatExecutor-0] [                                                 ] o.s.web.client.RestTemplate              : Response 200 OK
2026-02-22T12:49:27.962+05:30 DEBUG 18456 --- [UserService] [DiscoveryClient-CacheRefreshExecutor-0] [                                                 ] o.s.web.client.RestTemplate              : HTTP GET http://localhost:8761/eureka/apps/delta
2026-02-22T12:49:27.962+05:30 DEBUG 18456 --- [UserService] [DiscoveryClient-CacheRefreshExecutor-0] [                                                 ] o.s.web.client.RestTemplate              : Accept=[application/json, application/*+json]
2026-02-22T12:49:27.977+05:30 DEBUG 18456 --- [UserService] [DiscoveryClient-CacheRefreshExecutor-0] [                                                 ] o.s.web.client.RestTemplate              : Response 200 OK
2026-02-22T12:49:27.977+05:30 DEBUG 18456 --- [UserService] [DiscoveryClient-CacheRefreshExecutor-0] [                                                 ] o.s.web.client.RestTemplate              : Reading to [org.springframework.cloud.netflix.eureka.http.EurekaApplications]
2026-02-22T12:49:49.686+05:30 DEBUG 18456 --- [UserService] [AsyncReporter{org.springframework.boot.actuate.autoconfigure.tracing.zipkin.ZipkinRestTemplateSender@5ac0cb9b}] [                                                 ] o.s.web.client.RestTemplate              : HTTP POST http://localhost:9411/api/v2/spans
2026-02-22T12:49:49.717+05:30 DEBUG 18456 --- [UserService] [AsyncReporter{org.springframework.boot.actuate.autoconfigure.tracing.zipkin.ZipkinRestTemplateSender@5ac0cb9b}] [                                                 ] o.s.web.client.RestTemplate              : Accept=[application/json, application/*+json]
2026-02-22T12:49:49.722+05:30 DEBUG 18456 --- [UserService] [AsyncReporter{org.springframework.boot.actuate.autoconfigure.tracing.zipkin.ZipkinRestTemplateSender@5ac0cb9b}] [                                                 ] o.s.web.client.RestTemplate              : Writing [[B@6b2c397] as "application/json"
2026-02-22T12:49:49.825+05:30 DEBUG 18456 --- [UserService] [AsyncReporter{org.springframework.boot.actuate.autoconfigure.tracing.zipkin.ZipkinRestTemplateSender@5ac0cb9b}] [                                                 ] o.s.web.client.RestTemplate              : Response 202 ACCEPTED
2026-02-22T12:49:53.339+05:30  INFO 18456 --- [UserService] [AsyncResolver-bootstrap-executor-0] [                                                 ] c.n.d.s.r.aws.ConfigClusterResolver      : Resolving eureka endpoints via configuration
2026-02-22T12:49:54.560+05:30 DEBUG 18456 --- [UserService] [DiscoveryClient-HeartbeatExecutor-0] [                                                 ] o.s.web.client.RestTemplate              : HTTP PUT http://localhost:8761/eureka/apps/USERSERVICE/DESKTOP-ECRRR37.mshome.net:UserService:8081?status=UP&lastDirtyTimestamp=1771738480079
2026-02-22T12:49:54.626+05:30 DEBUG 18456 --- [UserService] [DiscoveryClient-HeartbeatExecutor-0] [                                                 ] o.s.web.client.RestTemplate              : Accept=[application/json, application/*+json]
2026-02-22T12:49:55.118+05:30 DEBUG 18456 --- [UserService] [DiscoveryClient-HeartbeatExecutor-0] [                                                 ] o.s.web.client.RestTemplate              : Response 200 OK
2026-02-22T12:49:58.012+05:30 DEBUG 18456 --- [UserService] [DiscoveryClient-CacheRefreshExecutor-0] [                                                 ] o.s.web.client.RestTemplate              : HTTP GET http://localhost:8761/eureka/apps/delta
2026-02-22T12:49:58.014+05:30 DEBUG 18456 --- [UserService] [DiscoveryClient-CacheRefreshExecutor-0] [                                                 ] o.s.web.client.RestTemplate              : Accept=[application/json, application/*+json]
2026-02-22T12:49:58.040+05:30 DEBUG 18456 --- [UserService] [DiscoveryClient-CacheRefreshExecutor-0] [                                                 ] o.s.web.client.RestTemplate              : Response 200 OK
2026-02-22T12:49:58.041+05:30 DEBUG 18456 --- [UserService] [DiscoveryClient-CacheRefreshExecutor-0] [                                                 ] o.s.web.client.RestTemplate              : Reading to [org.springframework.cloud.netflix.eureka.http.EurekaApplications]
2026-02-22T12:50:25.149+05:30 DEBUG 18456 --- [UserService] [DiscoveryClient-HeartbeatExecutor-0] [                                                 ] o.s.web.client.RestTemplate              : HTTP PUT http://localhost:8761/eureka/apps/USERSERVICE/DESKTOP-ECRRR37.mshome.net:UserService:8081?status=UP&lastDirtyTimestamp=1771738480079
2026-02-22T12:50:25.154+05:30 DEBUG 18456 --- [UserService] [DiscoveryClient-HeartbeatExecutor-0] [                                                 ] o.s.web.client.RestTemplate              : Accept=[application/json, application/*+json]
2026-02-22T12:50:25.178+05:30 DEBUG 18456 --- [UserService] [DiscoveryClient-HeartbeatExecutor-0] [                                                 ] o.s.web.client.RestTemplate              : Response 200 OK
2026-02-22T12:50:31.732+05:30 DEBUG 18456 --- [UserService] [DiscoveryClient-CacheRefreshExecutor-0] [                                                 ] o.s.web.client.RestTemplate              : HTTP GET http://localhost:8761/eureka/apps/delta
2026-02-22T12:50:32.173+05:30 DEBUG 18456 --- [UserService] [DiscoveryClient-CacheRefreshExecutor-0] [                                                 ] o.s.web.client.RestTemplate              : Accept=[application/json, application/*+json]
2026-02-22T12:50:32.241+05:30 DEBUG 18456 --- [UserService] [DiscoveryClient-CacheRefreshExecutor-0] [                                                 ] o.s.web.client.RestTemplate              : Response 200 OK
2026-02-22T12:50:32.243+05:30 DEBUG 18456 --- [UserService] [DiscoveryClient-CacheRefreshExecutor-0] [                                                 ] o.s.web.client.RestTemplate              : Reading to [org.springframework.cloud.netflix.eureka.http.EurekaApplications]
2026-02-22T12:50:55.190+05:30 DEBUG 18456 --- [UserService] [DiscoveryClient-HeartbeatExecutor-0] [                                                 ] o.s.web.client.RestTemplate              : HTTP PUT http://localhost:8761/eureka/apps/USERSERVICE/DESKTOP-ECRRR37.mshome.net:UserService:8081?status=UP&lastDirtyTimestamp=1771738480079
2026-02-22T12:50:55.191+05:30 DEBUG 18456 --- [UserService] [DiscoveryClient-HeartbeatExecutor-0] [                                                 ] o.s.web.client.RestTemplate              : Accept=[application/json, application/*+json]
2026-02-22T12:50:55.559+05:30 DEBUG 18456 --- [UserService] [DiscoveryClient-HeartbeatExecutor-0] [                                                 ] o.s.web.client.RestTemplate              : Response 200 OK
2026-02-22T12:51:02.274+05:30 DEBUG 18456 --- [UserService] [DiscoveryClient-CacheRefreshExecutor-0] [                                                 ] o.s.web.client.RestTemplate              : HTTP GET http://localhost:8761/eureka/apps/delta
2026-02-22T12:51:02.416+05:30 DEBUG 18456 --- [UserService] [DiscoveryClient-CacheRefreshExecutor-0] [                                                 ] o.s.web.client.RestTemplate              : Accept=[application/json, application/*+json]
2026-02-22T12:51:02.509+05:30 DEBUG 18456 --- [UserService] [DiscoveryClient-CacheRefreshExecutor-0] [                                                 ] o.s.web.client.RestTemplate              : Response 200 OK
2026-02-22T12:51:02.523+05:30 DEBUG 18456 --- [UserService] [DiscoveryClient-CacheRefreshExecutor-0] [                                                 ] o.s.web.client.RestTemplate              : Reading to [org.springframework.cloud.netflix.eureka.http.EurekaApplications]
2026-02-22T12:51:25.592+05:30 DEBUG 18456 --- [UserService] [DiscoveryClient-HeartbeatExecutor-0] [                                                 ] o.s.web.client.RestTemplate              : HTTP PUT http://localhost:8761/eureka/apps/USERSERVICE/DESKTOP-ECRRR37.mshome.net:UserService:8081?status=UP&lastDirtyTimestamp=1771738480079
2026-02-22T12:51:25.595+05:30 DEBUG 18456 --- [UserService] [DiscoveryClient-HeartbeatExecutor-0] [                                                 ] o.s.web.client.RestTemplate              : Accept=[application/json, application/*+json]
2026-02-22T12:51:25.609+05:30 DEBUG 18456 --- [UserService] [DiscoveryClient-HeartbeatExecutor-0] [                                                 ] o.s.web.client.RestTemplate              : Response 200 OK
2026-02-22T12:51:32.542+05:30 DEBUG 18456 --- [UserService] [DiscoveryClient-CacheRefreshExecutor-0] [                                                 ] o.s.web.client.RestTemplate              : HTTP GET http://localhost:8761/eureka/apps/delta
2026-02-22T12:51:32.543+05:30 DEBUG 18456 --- [UserService] [DiscoveryClient-CacheRefreshExecutor-0] [                                                 ] o.s.web.client.RestTemplate              : Accept=[application/json, application/*+json]
2026-02-22T12:51:32.560+05:30 DEBUG 18456 --- [UserService] [DiscoveryClient-CacheRefreshExecutor-0] [                                                 ] o.s.web.client.RestTemplate              : Response 200 OK
2026-02-22T12:51:32.560+05:30 DEBUG 18456 --- [UserService] [DiscoveryClient-CacheRefreshExecutor-0] [                                                 ] o.s.web.client.RestTemplate              : Reading to [org.springframework.cloud.netflix.eureka.http.EurekaApplications]
2026-02-22T12:51:55.622+05:30 DEBUG 18456 --- [UserService] [DiscoveryClient-HeartbeatExecutor-0] [                                                 ] o.s.web.client.RestTemplate              : HTTP PUT http://localhost:8761/eureka/apps/USERSERVICE/DESKTOP-ECRRR37.mshome.net:UserService:8081?status=UP&lastDirtyTimestamp=1771738480079
2026-02-22T12:51:55.622+05:30 DEBUG 18456 --- [UserService] [DiscoveryClient-HeartbeatExecutor-0] [                                                 ] o.s.web.client.RestTemplate              : Accept=[application/json, application/*+json]
2026-02-22T12:51:55.638+05:30 DEBUG 18456 --- [UserService] [DiscoveryClient-HeartbeatExecutor-0] [                                                 ] o.s.web.client.RestTemplate              : Response 200 OK
2026-02-22T12:52:02.575+05:30 DEBUG 18456 --- [UserService] [DiscoveryClient-CacheRefreshExecutor-0] [                                                 ] o.s.web.client.RestTemplate              : HTTP GET http://localhost:8761/eureka/apps/delta
2026-02-22T12:52:02.577+05:30 DEBUG 18456 --- [UserService] [DiscoveryClient-CacheRefreshExecutor-0] [                                                 ] o.s.web.client.RestTemplate              : Accept=[application/json, application/*+json]
2026-02-22T12:52:02.596+05:30 DEBUG 18456 --- [UserService] [DiscoveryClient-CacheRefreshExecutor-0] [                                                 ] o.s.web.client.RestTemplate              : Response 200 OK
2026-02-22T12:52:02.597+05:30 DEBUG 18456 --- [UserService] [DiscoveryClient-CacheRefreshExecutor-0] [                                                 ] o.s.web.client.RestTemplate              : Reading to [org.springframework.cloud.netflix.eureka.http.EurekaApplications]
2026-02-22T12:52:25.653+05:30 DEBUG 18456 --- [UserService] [DiscoveryClient-HeartbeatExecutor-0] [                                                 ] o.s.web.client.RestTemplate              : HTTP PUT http://localhost:8761/eureka/apps/USERSERVICE/DESKTOP-ECRRR37.mshome.net:UserService:8081?status=UP&lastDirtyTimestamp=1771738480079
2026-02-22T12:52:25.656+05:30 DEBUG 18456 --- [UserService] [DiscoveryClient-HeartbeatExecutor-0] [                                                 ] o.s.web.client.RestTemplate              : Accept=[application/json, application/*+json]
2026-02-22T12:52:25.699+05:30 DEBUG 18456 --- [UserService] [DiscoveryClient-HeartbeatExecutor-0] [                                                 ] o.s.web.client.RestTemplate              : Response 200 OK
2026-02-22T12:52:32.612+05:30 DEBUG 18456 --- [UserService] [DiscoveryClient-CacheRefreshExecutor-0] [                                                 ] o.s.web.client.RestTemplate              : HTTP GET http://localhost:8761/eureka/apps/delta
2026-02-22T12:52:32.613+05:30 DEBUG 18456 --- [UserService] [DiscoveryClient-CacheRefreshExecutor-0] [                                                 ] o.s.web.client.RestTemplate              : Accept=[application/json, application/*+json]
2026-02-22T12:52:32.654+05:30 DEBUG 18456 --- [UserService] [DiscoveryClient-CacheRefreshExecutor-0] [                                                 ] o.s.web.client.RestTemplate              : Response 200 OK
2026-02-22T12:52:32.654+05:30 DEBUG 18456 --- [UserService] [DiscoveryClient-CacheRefreshExecutor-0] [                                                 ] o.s.web.client.RestTemplate              : Reading to [org.springframework.cloud.netflix.eureka.http.EurekaApplications]
2026-02-22T12:52:55.704+05:30 DEBUG 18456 --- [UserService] [DiscoveryClient-HeartbeatExecutor-0] [                                                 ] o.s.web.client.RestTemplate              : HTTP PUT http://localhost:8761/eureka/apps/USERSERVICE/DESKTOP-ECRRR37.mshome.net:UserService:8081?status=UP&lastDirtyTimestamp=1771738480079
2026-02-22T12:52:55.706+05:30 DEBUG 18456 --- [UserService] [DiscoveryClient-HeartbeatExecutor-0] [                                                 ] o.s.web.client.RestTemplate              : Accept=[application/json, application/*+json]
2026-02-22T12:52:55.724+05:30 DEBUG 18456 --- [UserService] [DiscoveryClient-HeartbeatExecutor-0] [                                                 ] o.s.web.client.RestTemplate              : Response 200 OK
2026-02-22T12:53:02.667+05:30 DEBUG 18456 --- [UserService] [DiscoveryClient-CacheRefreshExecutor-0] [                                                 ] o.s.web.client.RestTemplate              : HTTP GET http://localhost:8761/eureka/apps/delta
2026-02-22T12:53:02.670+05:30 DEBUG 18456 --- [UserService] [DiscoveryClient-CacheRefreshExecutor-0] [                                                 ] o.s.web.client.RestTemplate              : Accept=[application/json, application/*+json]
2026-02-22T12:53:02.685+05:30 DEBUG 18456 --- [UserService] [DiscoveryClient-CacheRefreshExecutor-0] [                                                 ] o.s.web.client.RestTemplate              : Response 200 OK
2026-02-22T12:53:02.686+05:30 DEBUG 18456 --- [UserService] [DiscoveryClient-CacheRefreshExecutor-0] [                                                 ] o.s.web.client.RestTemplate              : Reading to [org.springframework.cloud.netflix.eureka.http.EurekaApplications]
2026-02-22T12:53:25.751+05:30 DEBUG 18456 --- [UserService] [DiscoveryClient-HeartbeatExecutor-0] [                                                 ] o.s.web.client.RestTemplate              : HTTP PUT http://localhost:8761/eureka/apps/USERSERVICE/DESKTOP-ECRRR37.mshome.net:UserService:8081?status=UP&lastDirtyTimestamp=1771738480079
2026-02-22T12:53:25.754+05:30 DEBUG 18456 --- [UserService] [DiscoveryClient-HeartbeatExecutor-0] [                                                 ] o.s.web.client.RestTemplate              : Accept=[application/json, application/*+json]
2026-02-22T12:53:25.861+05:30 DEBUG 18456 --- [UserService] [DiscoveryClient-HeartbeatExecutor-0] [                                                 ] o.s.web.client.RestTemplate              : Response 200 OK
2026-02-22T12:53:32.696+05:30 DEBUG 18456 --- [UserService] [DiscoveryClient-CacheRefreshExecutor-0] [                                                 ] o.s.web.client.RestTemplate              : HTTP GET http://localhost:8761/eureka/apps/delta
2026-02-22T12:53:32.819+05:30 DEBUG 18456 --- [UserService] [DiscoveryClient-CacheRefreshExecutor-0] [                                                 ] o.s.web.client.RestTemplate              : Accept=[application/json, application/*+json]
2026-02-22T12:53:33.143+05:30 DEBUG 18456 --- [UserService] [DiscoveryClient-CacheRefreshExecutor-0] [                                                 ] o.s.web.client.RestTemplate              : Response 200 OK
2026-02-22T12:53:33.144+05:30 DEBUG 18456 --- [UserService] [DiscoveryClient-CacheRefreshExecutor-0] [                                                 ] o.s.web.client.RestTemplate              : Reading to [org.springframework.cloud.netflix.eureka.http.EurekaApplications]
2026-02-22T12:53:55.873+05:30 DEBUG 18456 --- [UserService] [DiscoveryClient-HeartbeatExecutor-0] [                                                 ] o.s.web.client.RestTemplate              : HTTP PUT http://localhost:8761/eureka/apps/USERSERVICE/DESKTOP-ECRRR37.mshome.net:UserService:8081?status=UP&lastDirtyTimestamp=1771738480079
2026-02-22T12:53:56.360+05:30 DEBUG 18456 --- [UserService] [DiscoveryClient-HeartbeatExecutor-0] [                                                 ] o.s.web.client.RestTemplate              : Accept=[application/json, application/*+json]
2026-02-22T12:53:56.894+05:30 DEBUG 18456 --- [UserService] [DiscoveryClient-HeartbeatExecutor-0] [                                                 ] o.s.web.client.RestTemplate              : Response 200 OK
2026-02-22T12:54:03.287+05:30 DEBUG 18456 --- [UserService] [DiscoveryClient-CacheRefreshExecutor-0] [                                                 ] o.s.web.client.RestTemplate              : HTTP GET http://localhost:8761/eureka/apps/delta
2026-02-22T12:54:03.289+05:30 DEBUG 18456 --- [UserService] [DiscoveryClient-CacheRefreshExecutor-0] [                                                 ] o.s.web.client.RestTemplate              : Accept=[application/json, application/*+json]
2026-02-22T12:54:03.307+05:30 DEBUG 18456 --- [UserService] [DiscoveryClient-CacheRefreshExecutor-0] [                                                 ] o.s.web.client.RestTemplate              : Response 200 OK
2026-02-22T12:54:03.309+05:30 DEBUG 18456 --- [UserService] [DiscoveryClient-CacheRefreshExecutor-0] [                                                 ] o.s.web.client.RestTemplate              : Reading to [org.springframework.cloud.netflix.eureka.http.EurekaApplications]
2026-02-22T12:54:26.910+05:30 DEBUG 18456 --- [UserService] [DiscoveryClient-HeartbeatExecutor-0] [                                                 ] o.s.web.client.RestTemplate              : HTTP PUT http://localhost:8761/eureka/apps/USERSERVICE/DESKTOP-ECRRR37.mshome.net:UserService:8081?status=UP&lastDirtyTimestamp=1771738480079
2026-02-22T12:54:27.150+05:30 DEBUG 18456 --- [UserService] [DiscoveryClient-HeartbeatExecutor-0] [                                                 ] o.s.web.client.RestTemplate              : Accept=[application/json, application/*+json]
2026-02-22T12:54:27.463+05:30 DEBUG 18456 --- [UserService] [DiscoveryClient-HeartbeatExecutor-0] [                                                 ] o.s.web.client.RestTemplate              : Response 200 OK
2026-02-22T12:54:33.317+05:30 DEBUG 18456 --- [UserService] [DiscoveryClient-CacheRefreshExecutor-0] [                                                 ] o.s.web.client.RestTemplate              : HTTP GET http://localhost:8761/eureka/apps/delta
2026-02-22T12:54:33.317+05:30 DEBUG 18456 --- [UserService] [DiscoveryClient-CacheRefreshExecutor-0] [                                                 ] o.s.web.client.RestTemplate              : Accept=[application/json, application/*+json]
2026-02-22T12:54:33.814+05:30 DEBUG 18456 --- [UserService] [DiscoveryClient-CacheRefreshExecutor-0] [                                                 ] o.s.web.client.RestTemplate              : Response 200 OK
2026-02-22T12:54:34.093+05:30 DEBUG 18456 --- [UserService] [DiscoveryClient-CacheRefreshExecutor-0] [                                                 ] o.s.web.client.RestTemplate              : Reading to [org.springframework.cloud.netflix.eureka.http.EurekaApplications]
2026-02-22T12:54:53.394+05:30  INFO 18456 --- [UserService] [AsyncResolver-bootstrap-executor-0] [                                                 ] c.n.d.s.r.aws.ConfigClusterResolver      : Resolving eureka endpoints via configuration
2026-02-22T12:55:05.506+05:30 DEBUG 18456 --- [UserService] [DiscoveryClient-CacheRefreshExecutor-0] [                                                 ] o.s.web.client.RestTemplate              : HTTP GET http://localhost:8761/eureka/apps/delta
2026-02-22T12:55:05.506+05:30 DEBUG 18456 --- [UserService] [DiscoveryClient-HeartbeatExecutor-0] [                                                 ] o.s.web.client.RestTemplate              : HTTP PUT http://localhost:8761/eureka/apps/USERSERVICE/DESKTOP-ECRRR37.mshome.net:UserService:8081?status=UP&lastDirtyTimestamp=1771738480079
2026-02-22T12:55:05.510+05:30 DEBUG 18456 --- [UserService] [DiscoveryClient-CacheRefreshExecutor-0] [                                                 ] o.s.web.client.RestTemplate              : Accept=[application/json, application/*+json]
2026-02-22T12:55:05.512+05:30 DEBUG 18456 --- [UserService] [DiscoveryClient-HeartbeatExecutor-0] [                                                 ] o.s.web.client.RestTemplate              : Accept=[application/json, application/*+json]
2026-02-22T12:55:05.541+05:30 DEBUG 18456 --- [UserService] [DiscoveryClient-CacheRefreshExecutor-0] [                                                 ] o.s.web.client.RestTemplate              : Response 200 OK
2026-02-22T12:55:05.580+05:30 DEBUG 18456 --- [UserService] [DiscoveryClient-CacheRefreshExecutor-0] [                                                 ] o.s.web.client.RestTemplate              : Reading to [org.springframework.cloud.netflix.eureka.http.EurekaApplications]
2026-02-22T12:55:05.594+05:30 DEBUG 18456 --- [UserService] [DiscoveryClient-HeartbeatExecutor-0] [                                                 ] o.s.web.client.RestTemplate              : Response 200 OK
2026-02-22T12:55:35.610+05:30 DEBUG 18456 --- [UserService] [DiscoveryClient-CacheRefreshExecutor-0] [                                                 ] o.s.web.client.RestTemplate              : HTTP GET http://localhost:8761/eureka/apps/delta
2026-02-22T12:55:35.611+05:30 DEBUG 18456 --- [UserService] [DiscoveryClient-CacheRefreshExecutor-0] [                                                 ] o.s.web.client.RestTemplate              : Accept=[application/json, application/*+json]
2026-02-22T12:55:35.617+05:30 DEBUG 18456 --- [UserService] [DiscoveryClient-CacheRefreshExecutor-0] [                                                 ] o.s.web.client.RestTemplate              : Response 200 OK
2026-02-22T12:55:35.617+05:30 DEBUG 18456 --- [UserService] [DiscoveryClient-CacheRefreshExecutor-0] [                                                 ] o.s.web.client.RestTemplate              : Reading to [org.springframework.cloud.netflix.eureka.http.EurekaApplications]
2026-02-22T12:55:35.652+05:30 DEBUG 18456 --- [UserService] [DiscoveryClient-HeartbeatExecutor-0] [                                                 ] o.s.web.client.RestTemplate              : HTTP PUT http://localhost:8761/eureka/apps/USERSERVICE/DESKTOP-ECRRR37.mshome.net:UserService:8081?status=UP&lastDirtyTimestamp=1771738480079
2026-02-22T12:55:35.679+05:30 DEBUG 18456 --- [UserService] [DiscoveryClient-HeartbeatExecutor-0] [                                                 ] o.s.web.client.RestTemplate              : Accept=[application/json, application/*+json]
2026-02-22T12:55:35.738+05:30 DEBUG 18456 --- [UserService] [DiscoveryClient-HeartbeatExecutor-0] [                                                 ] o.s.web.client.RestTemplate              : Response 200 OK
2026-02-22T12:56:05.681+05:30 DEBUG 18456 --- [UserService] [DiscoveryClient-CacheRefreshExecutor-0] [                                                 ] o.s.web.client.RestTemplate              : HTTP GET http://localhost:8761/eureka/apps/delta
2026-02-22T12:56:05.682+05:30 DEBUG 18456 --- [UserService] [DiscoveryClient-CacheRefreshExecutor-0] [                                                 ] o.s.web.client.RestTemplate              : Accept=[application/json, application/*+json]
2026-02-22T12:56:05.698+05:30 DEBUG 18456 --- [UserService] [DiscoveryClient-CacheRefreshExecutor-0] [                                                 ] o.s.web.client.RestTemplate              : Response 200 OK
2026-02-22T12:56:05.698+05:30 DEBUG 18456 --- [UserService] [DiscoveryClient-CacheRefreshExecutor-0] [                                                 ] o.s.web.client.RestTemplate              : Reading to [org.springframework.cloud.netflix.eureka.http.EurekaApplications]
2026-02-22T12:56:05.742+05:30 DEBUG 18456 --- [UserService] [DiscoveryClient-HeartbeatExecutor-0] [                                                 ] o.s.web.client.RestTemplate              : HTTP PUT http://localhost:8761/eureka/apps/USERSERVICE/DESKTOP-ECRRR37.mshome.net:UserService:8081?status=UP&lastDirtyTimestamp=1771738480079
2026-02-22T12:56:05.743+05:30 DEBUG 18456 --- [UserService] [DiscoveryClient-HeartbeatExecutor-0] [                                                 ] o.s.web.client.RestTemplate              : Accept=[application/json, application/*+json]
2026-02-22T12:56:05.745+05:30 DEBUG 18456 --- [UserService] [DiscoveryClient-HeartbeatExecutor-0] [                                                 ] o.s.web.client.RestTemplate              : Response 200 OK
2026-02-22T12:56:35.717+05:30 DEBUG 18456 --- [UserService] [DiscoveryClient-CacheRefreshExecutor-0] [                                                 ] o.s.web.client.RestTemplate              : HTTP GET http://localhost:8761/eureka/apps/delta
2026-02-22T12:56:35.735+05:30 DEBUG 18456 --- [UserService] [DiscoveryClient-CacheRefreshExecutor-0] [                                                 ] o.s.web.client.RestTemplate              : Accept=[application/json, application/*+json]
2026-02-22T12:56:35.761+05:30 DEBUG 18456 --- [UserService] [DiscoveryClient-HeartbeatExecutor-0] [                                                 ] o.s.web.client.RestTemplate              : HTTP PUT http://localhost:8761/eureka/apps/USERSERVICE/DESKTOP-ECRRR37.mshome.net:UserService:8081?status=UP&lastDirtyTimestamp=1771738480079
2026-02-22T12:56:35.762+05:30 DEBUG 18456 --- [UserService] [DiscoveryClient-HeartbeatExecutor-0] [                                                 ] o.s.web.client.RestTemplate              : Accept=[application/json, application/*+json]
2026-02-22T12:56:35.768+05:30 DEBUG 18456 --- [UserService] [DiscoveryClient-CacheRefreshExecutor-0] [                                                 ] o.s.web.client.RestTemplate              : Response 200 OK
2026-02-22T12:56:35.770+05:30 DEBUG 18456 --- [UserService] [DiscoveryClient-CacheRefreshExecutor-0] [                                                 ] o.s.web.client.RestTemplate              : Reading to [org.springframework.cloud.netflix.eureka.http.EurekaApplications]
2026-02-22T12:56:35.878+05:30 DEBUG 18456 --- [UserService] [DiscoveryClient-HeartbeatExecutor-0] [                                                 ] o.s.web.client.RestTemplate              : Response 200 OK
2026-02-22T12:57:05.905+05:30 DEBUG 18456 --- [UserService] [DiscoveryClient-CacheRefreshExecutor-0] [                                                 ] o.s.web.client.RestTemplate              : HTTP GET http://localhost:8761/eureka/apps/delta
2026-02-22T12:57:06.019+05:30 DEBUG 18456 --- [UserService] [DiscoveryClient-CacheRefreshExecutor-0] [                                                 ] o.s.web.client.RestTemplate              : Accept=[application/json, application/*+json]
2026-02-22T12:57:05.905+05:30 DEBUG 18456 --- [UserService] [DiscoveryClient-HeartbeatExecutor-0] [                                                 ] o.s.web.client.RestTemplate              : HTTP PUT http://localhost:8761/eureka/apps/USERSERVICE/DESKTOP-ECRRR37.mshome.net:UserService:8081?status=UP&lastDirtyTimestamp=1771738480079
2026-02-22T12:57:06.227+05:30 DEBUG 18456 --- [UserService] [DiscoveryClient-HeartbeatExecutor-0] [                                                 ] o.s.web.client.RestTemplate              : Accept=[application/json, application/*+json]
2026-02-22T12:57:06.281+05:30 DEBUG 18456 --- [UserService] [DiscoveryClient-CacheRefreshExecutor-0] [                                                 ] o.s.web.client.RestTemplate              : Response 200 OK
2026-02-22T12:57:06.282+05:30 DEBUG 18456 --- [UserService] [DiscoveryClient-CacheRefreshExecutor-0] [                                                 ] o.s.web.client.RestTemplate              : Reading to [org.springframework.cloud.netflix.eureka.http.EurekaApplications]
2026-02-22T12:57:06.300+05:30 DEBUG 18456 --- [UserService] [DiscoveryClient-HeartbeatExecutor-0] [                                                 ] o.s.web.client.RestTemplate              : Response 200 OK
2026-02-22T12:57:36.347+05:30 DEBUG 18456 --- [UserService] [DiscoveryClient-CacheRefreshExecutor-0] [                                                 ] o.s.web.client.RestTemplate              : HTTP GET http://localhost:8761/eureka/apps/delta
2026-02-22T12:57:36.349+05:30 DEBUG 18456 --- [UserService] [DiscoveryClient-CacheRefreshExecutor-0] [                                                 ] o.s.web.client.RestTemplate              : Accept=[application/json, application/*+json]
2026-02-22T12:57:36.361+05:30 DEBUG 18456 --- [UserService] [DiscoveryClient-HeartbeatExecutor-0] [                                                 ] o.s.web.client.RestTemplate              : HTTP PUT http://localhost:8761/eureka/apps/USERSERVICE/DESKTOP-ECRRR37.mshome.net:UserService:8081?status=UP&lastDirtyTimestamp=1771738480079
2026-02-22T12:57:36.362+05:30 DEBUG 18456 --- [UserService] [DiscoveryClient-HeartbeatExecutor-0] [                                                 ] o.s.web.client.RestTemplate              : Accept=[application/json, application/*+json]
2026-02-22T12:57:36.363+05:30 DEBUG 18456 --- [UserService] [DiscoveryClient-CacheRefreshExecutor-0] [                                                 ] o.s.web.client.RestTemplate              : Response 200 OK
2026-02-22T12:57:36.366+05:30 DEBUG 18456 --- [UserService] [DiscoveryClient-CacheRefreshExecutor-0] [                                                 ] o.s.web.client.RestTemplate              : Reading to [org.springframework.cloud.netflix.eureka.http.EurekaApplications]
2026-02-22T12:57:36.384+05:30 DEBUG 18456 --- [UserService] [DiscoveryClient-HeartbeatExecutor-0] [                                                 ] o.s.web.client.RestTemplate              : Response 200 OK
2026-02-22T12:58:06.384+05:30 DEBUG 18456 --- [UserService] [DiscoveryClient-CacheRefreshExecutor-0] [                                                 ] o.s.web.client.RestTemplate              : HTTP GET http://localhost:8761/eureka/apps/delta
2026-02-22T12:58:06.388+05:30 DEBUG 18456 --- [UserService] [DiscoveryClient-CacheRefreshExecutor-0] [                                                 ] o.s.web.client.RestTemplate              : Accept=[application/json, application/*+json]
2026-02-22T12:58:06.401+05:30 DEBUG 18456 --- [UserService] [DiscoveryClient-HeartbeatExecutor-0] [                                                 ] o.s.web.client.RestTemplate              : HTTP PUT http://localhost:8761/eureka/apps/USERSERVICE/DESKTOP-ECRRR37.mshome.net:UserService:8081?status=UP&lastDirtyTimestamp=1771738480079
2026-02-22T12:58:06.402+05:30 DEBUG 18456 --- [UserService] [DiscoveryClient-HeartbeatExecutor-0] [                                                 ] o.s.web.client.RestTemplate              : Accept=[application/json, application/*+json]
2026-02-22T12:58:06.408+05:30 DEBUG 18456 --- [UserService] [DiscoveryClient-CacheRefreshExecutor-0] [                                                 ] o.s.web.client.RestTemplate              : Response 200 OK
2026-02-22T12:58:06.409+05:30 DEBUG 18456 --- [UserService] [DiscoveryClient-CacheRefreshExecutor-0] [                                                 ] o.s.web.client.RestTemplate              : Reading to [org.springframework.cloud.netflix.eureka.http.EurekaApplications]
2026-02-22T12:58:06.419+05:30 DEBUG 18456 --- [UserService] [DiscoveryClient-HeartbeatExecutor-0] [                                                 ] o.s.web.client.RestTemplate              : Response 200 OK
2026-02-22T12:58:36.442+05:30 DEBUG 18456 --- [UserService] [DiscoveryClient-HeartbeatExecutor-0] [                                                 ] o.s.web.client.RestTemplate              : HTTP PUT http://localhost:8761/eureka/apps/USERSERVICE/DESKTOP-ECRRR37.mshome.net:UserService:8081?status=UP&lastDirtyTimestamp=1771738480079
2026-02-22T12:58:36.442+05:30 DEBUG 18456 --- [UserService] [DiscoveryClient-CacheRefreshExecutor-0] [                                                 ] o.s.web.client.RestTemplate              : HTTP GET http://localhost:8761/eureka/apps/delta
2026-02-22T12:58:36.468+05:30 DEBUG 18456 --- [UserService] [DiscoveryClient-CacheRefreshExecutor-0] [                                                 ] o.s.web.client.RestTemplate              : Accept=[application/json, application/*+json]
2026-02-22T12:58:36.484+05:30 DEBUG 18456 --- [UserService] [DiscoveryClient-HeartbeatExecutor-0] [                                                 ] o.s.web.client.RestTemplate              : Accept=[application/json, application/*+json]
2026-02-22T12:58:36.561+05:30 DEBUG 18456 --- [UserService] [DiscoveryClient-CacheRefreshExecutor-0] [                                                 ] o.s.web.client.RestTemplate              : Response 200 OK
2026-02-22T12:58:36.563+05:30 DEBUG 18456 --- [UserService] [DiscoveryClient-CacheRefreshExecutor-0] [                                                 ] o.s.web.client.RestTemplate              : Reading to [org.springframework.cloud.netflix.eureka.http.EurekaApplications]
2026-02-22T12:58:36.736+05:30 DEBUG 18456 --- [UserService] [DiscoveryClient-HeartbeatExecutor-0] [                                                 ] o.s.web.client.RestTemplate              : Response 200 OK
2026-02-22T12:59:06.608+05:30 DEBUG 18456 --- [UserService] [DiscoveryClient-CacheRefreshExecutor-0] [                                                 ] o.s.web.client.RestTemplate              : HTTP GET http://localhost:8761/eureka/apps/delta
2026-02-22T12:59:06.613+05:30 DEBUG 18456 --- [UserService] [DiscoveryClient-CacheRefreshExecutor-0] [                                                 ] o.s.web.client.RestTemplate              : Accept=[application/json, application/*+json]
2026-02-22T12:59:06.629+05:30 DEBUG 18456 --- [UserService] [DiscoveryClient-CacheRefreshExecutor-0] [                                                 ] o.s.web.client.RestTemplate              : Response 200 OK
2026-02-22T12:59:06.632+05:30 DEBUG 18456 --- [UserService] [DiscoveryClient-CacheRefreshExecutor-0] [                                                 ] o.s.web.client.RestTemplate              : Reading to [org.springframework.cloud.netflix.eureka.http.EurekaApplications]
2026-02-22T12:59:06.750+05:30 DEBUG 18456 --- [UserService] [DiscoveryClient-HeartbeatExecutor-0] [                                                 ] o.s.web.client.RestTemplate              : HTTP PUT http://localhost:8761/eureka/apps/USERSERVICE/DESKTOP-ECRRR37.mshome.net:UserService:8081?status=UP&lastDirtyTimestamp=1771738480079
2026-02-22T12:59:06.750+05:30 DEBUG 18456 --- [UserService] [DiscoveryClient-HeartbeatExecutor-0] [                                                 ] o.s.web.client.RestTemplate              : Accept=[application/json, application/*+json]
2026-02-22T12:59:06.755+05:30 DEBUG 18456 --- [UserService] [DiscoveryClient-HeartbeatExecutor-0] [                                                 ] o.s.web.client.RestTemplate              : Response 200 OK
2026-02-22T12:59:36.650+05:30 DEBUG 18456 --- [UserService] [DiscoveryClient-CacheRefreshExecutor-0] [                                                 ] o.s.web.client.RestTemplate              : HTTP GET http://localhost:8761/eureka/apps/delta
2026-02-22T12:59:36.873+05:30 DEBUG 18456 --- [UserService] [DiscoveryClient-HeartbeatExecutor-0] [                                                 ] o.s.web.client.RestTemplate              : HTTP PUT http://localhost:8761/eureka/apps/USERSERVICE/DESKTOP-ECRRR37.mshome.net:UserService:8081?status=UP&lastDirtyTimestamp=1771738480079
2026-02-22T12:59:36.873+05:30 DEBUG 18456 --- [UserService] [DiscoveryClient-CacheRefreshExecutor-0] [                                                 ] o.s.web.client.RestTemplate              : Accept=[application/json, application/*+json]
2026-02-22T12:59:36.873+05:30 DEBUG 18456 --- [UserService] [DiscoveryClient-HeartbeatExecutor-0] [                                                 ] o.s.web.client.RestTemplate              : Accept=[application/json, application/*+json]
2026-02-22T12:59:37.667+05:30 DEBUG 18456 --- [UserService] [DiscoveryClient-CacheRefreshExecutor-0] [                                                 ] o.s.web.client.RestTemplate              : Response 200 OK
2026-02-22T12:59:37.808+05:30 DEBUG 18456 --- [UserService] [DiscoveryClient-CacheRefreshExecutor-0] [                                                 ] o.s.web.client.RestTemplate              : Reading to [org.springframework.cloud.netflix.eureka.http.EurekaApplications]
2026-02-22T12:59:48.158+05:30 DEBUG 18456 --- [UserService] [DiscoveryClient-HeartbeatExecutor-0] [                                                 ] o.s.web.client.RestTemplate              : Response 200 OK
2026-02-22T12:59:53.454+05:30  INFO 18456 --- [UserService] [AsyncResolver-bootstrap-executor-0] [                                                 ] c.n.d.s.r.aws.ConfigClusterResolver      : Resolving eureka endpoints via configuration
2026-02-22T13:00:17.882+05:30 DEBUG 18456 --- [UserService] [DiscoveryClient-CacheRefreshExecutor-0] [                                                 ] o.s.web.client.RestTemplate              : HTTP GET http://localhost:8761/eureka/apps/delta
2026-02-22T13:00:17.886+05:30 DEBUG 18456 --- [UserService] [DiscoveryClient-CacheRefreshExecutor-0] [                                                 ] o.s.web.client.RestTemplate              : Accept=[application/json, application/*+json]
2026-02-22T13:00:17.914+05:30 DEBUG 18456 --- [UserService] [DiscoveryClient-CacheRefreshExecutor-0] [                                                 ] o.s.web.client.RestTemplate              : Response 200 OK
2026-02-22T13:00:17.917+05:30 DEBUG 18456 --- [UserService] [DiscoveryClient-CacheRefreshExecutor-0] [                                                 ] o.s.web.client.RestTemplate              : Reading to [org.springframework.cloud.netflix.eureka.http.EurekaApplications]
2026-02-22T13:00:18.172+05:30 DEBUG 18456 --- [UserService] [DiscoveryClient-HeartbeatExecutor-0] [                                                 ] o.s.web.client.RestTemplate              : HTTP PUT http://localhost:8761/eureka/apps/USERSERVICE/DESKTOP-ECRRR37.mshome.net:UserService:8081?status=UP&lastDirtyTimestamp=1771738480079
2026-02-22T13:00:18.174+05:30 DEBUG 18456 --- [UserService] [DiscoveryClient-HeartbeatExecutor-0] [                                                 ] o.s.web.client.RestTemplate              : Accept=[application/json, application/*+json]
2026-02-22T13:00:18.181+05:30 DEBUG 18456 --- [UserService] [DiscoveryClient-HeartbeatExecutor-0] [                                                 ] o.s.web.client.RestTemplate              : Response 200 OK
2026-02-22T13:00:47.931+05:30 DEBUG 18456 --- [UserService] [DiscoveryClient-CacheRefreshExecutor-0] [                                                 ] o.s.web.client.RestTemplate              : HTTP GET http://localhost:8761/eureka/apps/delta
2026-02-22T13:00:47.932+05:30 DEBUG 18456 --- [UserService] [DiscoveryClient-CacheRefreshExecutor-0] [                                                 ] o.s.web.client.RestTemplate              : Accept=[application/json, application/*+json]
2026-02-22T13:00:47.950+05:30 DEBUG 18456 --- [UserService] [DiscoveryClient-CacheRefreshExecutor-0] [                                                 ] o.s.web.client.RestTemplate              : Response 200 OK
2026-02-22T13:00:47.950+05:30 DEBUG 18456 --- [UserService] [DiscoveryClient-CacheRefreshExecutor-0] [                                                 ] o.s.web.client.RestTemplate              : Reading to [org.springframework.cloud.netflix.eureka.http.EurekaApplications]
2026-02-22T13:00:48.195+05:30 DEBUG 18456 --- [UserService] [DiscoveryClient-HeartbeatExecutor-0] [                                                 ] o.s.web.client.RestTemplate              : HTTP PUT http://localhost:8761/eureka/apps/USERSERVICE/DESKTOP-ECRRR37.mshome.net:UserService:8081?status=UP&lastDirtyTimestamp=1771738480079
2026-02-22T13:00:48.196+05:30 DEBUG 18456 --- [UserService] [DiscoveryClient-HeartbeatExecutor-0] [                                                 ] o.s.web.client.RestTemplate              : Accept=[application/json, application/*+json]
2026-02-22T13:00:48.199+05:30 DEBUG 18456 --- [UserService] [DiscoveryClient-HeartbeatExecutor-0] [                                                 ] o.s.web.client.RestTemplate              : Response 200 OK
2026-02-22T13:01:17.981+05:30 DEBUG 18456 --- [UserService] [DiscoveryClient-CacheRefreshExecutor-0] [                                                 ] o.s.web.client.RestTemplate              : HTTP GET http://localhost:8761/eureka/apps/delta
2026-02-22T13:01:17.988+05:30 DEBUG 18456 --- [UserService] [DiscoveryClient-CacheRefreshExecutor-0] [                                                 ] o.s.web.client.RestTemplate              : Accept=[application/json, application/*+json]
2026-02-22T13:01:18.022+05:30 DEBUG 18456 --- [UserService] [DiscoveryClient-CacheRefreshExecutor-0] [                                                 ] o.s.web.client.RestTemplate              : Response 200 OK
2026-02-22T13:01:18.026+05:30 DEBUG 18456 --- [UserService] [DiscoveryClient-CacheRefreshExecutor-0] [                                                 ] o.s.web.client.RestTemplate              : Reading to [org.springframework.cloud.netflix.eureka.http.EurekaApplications]
2026-02-22T13:01:18.213+05:30 DEBUG 18456 --- [UserService] [DiscoveryClient-HeartbeatExecutor-0] [                                                 ] o.s.web.client.RestTemplate              : HTTP PUT http://localhost:8761/eureka/apps/USERSERVICE/DESKTOP-ECRRR37.mshome.net:UserService:8081?status=UP&lastDirtyTimestamp=1771738480079
2026-02-22T13:01:18.213+05:30 DEBUG 18456 --- [UserService] [DiscoveryClient-HeartbeatExecutor-0] [                                                 ] o.s.web.client.RestTemplate              : Accept=[application/json, application/*+json]
2026-02-22T13:01:18.222+05:30 DEBUG 18456 --- [UserService] [DiscoveryClient-HeartbeatExecutor-0] [                                                 ] o.s.web.client.RestTemplate              : Response 200 OK
2026-02-22T13:01:48.343+05:30 DEBUG 18456 --- [UserService] [DiscoveryClient-CacheRefreshExecutor-0] [                                                 ] o.s.web.client.RestTemplate              : HTTP GET http://localhost:8761/eureka/apps/delta
2026-02-22T13:01:48.345+05:30 DEBUG 18456 --- [UserService] [DiscoveryClient-HeartbeatExecutor-0] [                                                 ] o.s.web.client.RestTemplate              : HTTP PUT http://localhost:8761/eureka/apps/USERSERVICE/DESKTOP-ECRRR37.mshome.net:UserService:8081?status=UP&lastDirtyTimestamp=1771738480079
2026-02-22T13:01:48.556+05:30 DEBUG 18456 --- [UserService] [DiscoveryClient-HeartbeatExecutor-0] [                                                 ] o.s.web.client.RestTemplate              : Accept=[application/json, application/*+json]
2026-02-22T13:01:48.556+05:30 DEBUG 18456 --- [UserService] [DiscoveryClient-CacheRefreshExecutor-0] [                                                 ] o.s.web.client.RestTemplate              : Accept=[application/json, application/*+json]
2026-02-22T13:01:51.666+05:30 DEBUG 18456 --- [UserService] [DiscoveryClient-CacheRefreshExecutor-0] [                                                 ] o.s.web.client.RestTemplate              : Response 200 OK
2026-02-22T13:02:01.106+05:30 DEBUG 18456 --- [UserService] [DiscoveryClient-CacheRefreshExecutor-0] [                                                 ] o.s.web.client.RestTemplate              : Reading to [org.springframework.cloud.netflix.eureka.http.EurekaApplications]
2026-02-22T13:02:13.473+05:30 DEBUG 18456 --- [UserService] [DiscoveryClient-HeartbeatExecutor-0] [                                                 ] o.s.web.client.RestTemplate              : Response 200 OK
2026-02-22T13:02:43.034+05:30 DEBUG 18456 --- [UserService] [DiscoveryClient-CacheRefreshExecutor-0] [                                                 ] o.s.web.client.RestTemplate              : HTTP GET http://localhost:8761/eureka/apps/delta
2026-02-22T13:02:43.034+05:30 DEBUG 18456 --- [UserService] [DiscoveryClient-CacheRefreshExecutor-0] [                                                 ] o.s.web.client.RestTemplate              : Accept=[application/json, application/*+json]
2026-02-22T13:02:43.075+05:30 DEBUG 18456 --- [UserService] [DiscoveryClient-CacheRefreshExecutor-0] [                                                 ] o.s.web.client.RestTemplate              : Response 200 OK
2026-02-22T13:02:43.076+05:30 DEBUG 18456 --- [UserService] [DiscoveryClient-CacheRefreshExecutor-0] [                                                 ] o.s.web.client.RestTemplate              : Reading to [org.springframework.cloud.netflix.eureka.http.EurekaApplications]
2026-02-22T13:02:43.489+05:30 DEBUG 18456 --- [UserService] [DiscoveryClient-HeartbeatExecutor-0] [                                                 ] o.s.web.client.RestTemplate              : HTTP PUT http://localhost:8761/eureka/apps/USERSERVICE/DESKTOP-ECRRR37.mshome.net:UserService:8081?status=UP&lastDirtyTimestamp=1771738480079
2026-02-22T13:02:43.490+05:30 DEBUG 18456 --- [UserService] [DiscoveryClient-HeartbeatExecutor-0] [                                                 ] o.s.web.client.RestTemplate              : Accept=[application/json, application/*+json]
2026-02-22T13:02:43.528+05:30 DEBUG 18456 --- [UserService] [DiscoveryClient-HeartbeatExecutor-0] [                                                 ] o.s.web.client.RestTemplate              : Response 200 OK
2026-02-22T13:03:13.543+05:30 DEBUG 18456 --- [UserService] [DiscoveryClient-HeartbeatExecutor-0] [                                                 ] o.s.web.client.RestTemplate              : HTTP PUT http://localhost:8761/eureka/apps/USERSERVICE/DESKTOP-ECRRR37.mshome.net:UserService:8081?status=UP&lastDirtyTimestamp=1771738480079
2026-02-22T13:03:13.543+05:30 DEBUG 18456 --- [UserService] [DiscoveryClient-HeartbeatExecutor-0] [                                                 ] o.s.web.client.RestTemplate              : Accept=[application/json, application/*+json]
2026-02-22T13:03:13.936+05:30 DEBUG 18456 --- [UserService] [DiscoveryClient-HeartbeatExecutor-0] [                                                 ] o.s.web.client.RestTemplate              : Response 200 OK
2026-02-22T13:03:16.686+05:30 DEBUG 18456 --- [UserService] [DiscoveryClient-CacheRefreshExecutor-0] [                                                 ] o.s.web.client.RestTemplate              : HTTP GET http://localhost:8761/eureka/apps/delta
2026-02-22T13:03:16.686+05:30 DEBUG 18456 --- [UserService] [DiscoveryClient-CacheRefreshExecutor-0] [                                                 ] o.s.web.client.RestTemplate              : Accept=[application/json, application/*+json]
2026-02-22T13:03:16.703+05:30 DEBUG 18456 --- [UserService] [DiscoveryClient-CacheRefreshExecutor-0] [                                                 ] o.s.web.client.RestTemplate              : Response 200 OK
2026-02-22T13:03:16.703+05:30 DEBUG 18456 --- [UserService] [DiscoveryClient-CacheRefreshExecutor-0] [                                                 ] o.s.web.client.RestTemplate              : Reading to [org.springframework.cloud.netflix.eureka.http.EurekaApplications]
2026-02-22T13:03:43.942+05:30 DEBUG 18456 --- [UserService] [DiscoveryClient-HeartbeatExecutor-0] [                                                 ] o.s.web.client.RestTemplate              : HTTP PUT http://localhost:8761/eureka/apps/USERSERVICE/DESKTOP-ECRRR37.mshome.net:UserService:8081?status=UP&lastDirtyTimestamp=1771738480079
2026-02-22T13:03:43.942+05:30 DEBUG 18456 --- [UserService] [DiscoveryClient-HeartbeatExecutor-0] [                                                 ] o.s.web.client.RestTemplate              : Accept=[application/json, application/*+json]
2026-02-22T13:03:43.960+05:30 DEBUG 18456 --- [UserService] [DiscoveryClient-HeartbeatExecutor-0] [                                                 ] o.s.web.client.RestTemplate              : Response 200 OK
2026-02-22T13:03:46.706+05:30 DEBUG 18456 --- [UserService] [DiscoveryClient-CacheRefreshExecutor-0] [                                                 ] o.s.web.client.RestTemplate              : HTTP GET http://localhost:8761/eureka/apps/delta
2026-02-22T13:03:46.707+05:30 DEBUG 18456 --- [UserService] [DiscoveryClient-CacheRefreshExecutor-0] [                                                 ] o.s.web.client.RestTemplate              : Accept=[application/json, application/*+json]
2026-02-22T13:03:46.724+05:30 DEBUG 18456 --- [UserService] [DiscoveryClient-CacheRefreshExecutor-0] [                                                 ] o.s.web.client.RestTemplate              : Response 200 OK
2026-02-22T13:03:46.724+05:30 DEBUG 18456 --- [UserService] [DiscoveryClient-CacheRefreshExecutor-0] [                                                 ] o.s.web.client.RestTemplate              : Reading to [org.springframework.cloud.netflix.eureka.http.EurekaApplications]
2026-02-22T13:04:13.968+05:30 DEBUG 18456 --- [UserService] [DiscoveryClient-HeartbeatExecutor-0] [                                                 ] o.s.web.client.RestTemplate              : HTTP PUT http://localhost:8761/eureka/apps/USERSERVICE/DESKTOP-ECRRR37.mshome.net:UserService:8081?status=UP&lastDirtyTimestamp=1771738480079
2026-02-22T13:04:13.969+05:30 DEBUG 18456 --- [UserService] [DiscoveryClient-HeartbeatExecutor-0] [                                                 ] o.s.web.client.RestTemplate              : Accept=[application/json, application/*+json]
2026-02-22T13:04:13.985+05:30 DEBUG 18456 --- [UserService] [DiscoveryClient-HeartbeatExecutor-0] [                                                 ] o.s.web.client.RestTemplate              : Response 200 OK
2026-02-22T13:04:16.729+05:30 DEBUG 18456 --- [UserService] [DiscoveryClient-CacheRefreshExecutor-0] [                                                 ] o.s.web.client.RestTemplate              : HTTP GET http://localhost:8761/eureka/apps/delta
2026-02-22T13:04:16.730+05:30 DEBUG 18456 --- [UserService] [DiscoveryClient-CacheRefreshExecutor-0] [                                                 ] o.s.web.client.RestTemplate              : Accept=[application/json, application/*+json]
2026-02-22T13:04:16.747+05:30 DEBUG 18456 --- [UserService] [DiscoveryClient-CacheRefreshExecutor-0] [                                                 ] o.s.web.client.RestTemplate              : Response 200 OK
2026-02-22T13:04:16.748+05:30 DEBUG 18456 --- [UserService] [DiscoveryClient-CacheRefreshExecutor-0] [                                                 ] o.s.web.client.RestTemplate              : Reading to [org.springframework.cloud.netflix.eureka.http.EurekaApplications]
2026-02-22T13:04:43.995+05:30 DEBUG 18456 --- [UserService] [DiscoveryClient-HeartbeatExecutor-0] [                                                 ] o.s.web.client.RestTemplate              : HTTP PUT http://localhost:8761/eureka/apps/USERSERVICE/DESKTOP-ECRRR37.mshome.net:UserService:8081?status=UP&lastDirtyTimestamp=1771738480079
2026-02-22T13:04:43.997+05:30 DEBUG 18456 --- [UserService] [DiscoveryClient-HeartbeatExecutor-0] [                                                 ] o.s.web.client.RestTemplate              : Accept=[application/json, application/*+json]
2026-02-22T13:04:44.012+05:30 DEBUG 18456 --- [UserService] [DiscoveryClient-HeartbeatExecutor-0] [                                                 ] o.s.web.client.RestTemplate              : Response 200 OK
2026-02-22T13:04:46.752+05:30 DEBUG 18456 --- [UserService] [DiscoveryClient-CacheRefreshExecutor-0] [                                                 ] o.s.web.client.RestTemplate              : HTTP GET http://localhost:8761/eureka/apps/delta
2026-02-22T13:04:46.752+05:30 DEBUG 18456 --- [UserService] [DiscoveryClient-CacheRefreshExecutor-0] [                                                 ] o.s.web.client.RestTemplate              : Accept=[application/json, application/*+json]
2026-02-22T13:04:46.769+05:30 DEBUG 18456 --- [UserService] [DiscoveryClient-CacheRefreshExecutor-0] [                                                 ] o.s.web.client.RestTemplate              : Response 200 OK
2026-02-22T13:04:46.771+05:30 DEBUG 18456 --- [UserService] [DiscoveryClient-CacheRefreshExecutor-0] [                                                 ] o.s.web.client.RestTemplate              : Reading to [org.springframework.cloud.netflix.eureka.http.EurekaApplications]
2026-02-22T13:04:53.532+05:30  INFO 18456 --- [UserService] [AsyncResolver-bootstrap-executor-0] [                                                 ] c.n.d.s.r.aws.ConfigClusterResolver      : Resolving eureka endpoints via configuration
2026-02-22T13:05:14.028+05:30 DEBUG 18456 --- [UserService] [DiscoveryClient-HeartbeatExecutor-0] [                                                 ] o.s.web.client.RestTemplate              : HTTP PUT http://localhost:8761/eureka/apps/USERSERVICE/DESKTOP-ECRRR37.mshome.net:UserService:8081?status=UP&lastDirtyTimestamp=1771738480079
2026-02-22T13:05:14.029+05:30 DEBUG 18456 --- [UserService] [DiscoveryClient-HeartbeatExecutor-0] [                                                 ] o.s.web.client.RestTemplate              : Accept=[application/json, application/*+json]
2026-02-22T13:05:14.044+05:30 DEBUG 18456 --- [UserService] [DiscoveryClient-HeartbeatExecutor-0] [                                                 ] o.s.web.client.RestTemplate              : Response 200 OK
2026-02-22T13:05:16.781+05:30 DEBUG 18456 --- [UserService] [DiscoveryClient-CacheRefreshExecutor-0] [                                                 ] o.s.web.client.RestTemplate              : HTTP GET http://localhost:8761/eureka/apps/delta
2026-02-22T13:05:16.781+05:30 DEBUG 18456 --- [UserService] [DiscoveryClient-CacheRefreshExecutor-0] [                                                 ] o.s.web.client.RestTemplate              : Accept=[application/json, application/*+json]
2026-02-22T13:05:16.797+05:30 DEBUG 18456 --- [UserService] [DiscoveryClient-CacheRefreshExecutor-0] [                                                 ] o.s.web.client.RestTemplate              : Response 200 OK
2026-02-22T13:05:16.798+05:30 DEBUG 18456 --- [UserService] [DiscoveryClient-CacheRefreshExecutor-0] [                                                 ] o.s.web.client.RestTemplate              : Reading to [org.springframework.cloud.netflix.eureka.http.EurekaApplications]
2026-02-22T13:05:44.055+05:30 DEBUG 18456 --- [UserService] [DiscoveryClient-HeartbeatExecutor-0] [                                                 ] o.s.web.client.RestTemplate              : HTTP PUT http://localhost:8761/eureka/apps/USERSERVICE/DESKTOP-ECRRR37.mshome.net:UserService:8081?status=UP&lastDirtyTimestamp=1771738480079
2026-02-22T13:05:44.055+05:30 DEBUG 18456 --- [UserService] [DiscoveryClient-HeartbeatExecutor-0] [                                                 ] o.s.web.client.RestTemplate              : Accept=[application/json, application/*+json]
2026-02-22T13:05:44.069+05:30 DEBUG 18456 --- [UserService] [DiscoveryClient-HeartbeatExecutor-0] [                                                 ] o.s.web.client.RestTemplate              : Response 200 OK
2026-02-22T13:05:46.807+05:30 DEBUG 18456 --- [UserService] [DiscoveryClient-CacheRefreshExecutor-0] [                                                 ] o.s.web.client.RestTemplate              : HTTP GET http://localhost:8761/eureka/apps/delta
2026-02-22T13:05:46.807+05:30 DEBUG 18456 --- [UserService] [DiscoveryClient-CacheRefreshExecutor-0] [                                                 ] o.s.web.client.RestTemplate              : Accept=[application/json, application/*+json]
2026-02-22T13:05:46.822+05:30 DEBUG 18456 --- [UserService] [DiscoveryClient-CacheRefreshExecutor-0] [                                                 ] o.s.web.client.RestTemplate              : Response 200 OK
2026-02-22T13:05:46.823+05:30 DEBUG 18456 --- [UserService] [DiscoveryClient-CacheRefreshExecutor-0] [                                                 ] o.s.web.client.RestTemplate              : Reading to [org.springframework.cloud.netflix.eureka.http.EurekaApplications]
2026-02-22T13:06:14.465+05:30 DEBUG 18456 --- [UserService] [DiscoveryClient-HeartbeatExecutor-0] [                                                 ] o.s.web.client.RestTemplate              : HTTP PUT http://localhost:8761/eureka/apps/USERSERVICE/DESKTOP-ECRRR37.mshome.net:UserService:8081?status=UP&lastDirtyTimestamp=1771738480079
2026-02-22T13:06:14.953+05:30 DEBUG 18456 --- [UserService] [DiscoveryClient-HeartbeatExecutor-0] [                                                 ] o.s.web.client.RestTemplate              : Accept=[application/json, application/*+json]
2026-02-22T13:06:14.968+05:30 DEBUG 18456 --- [UserService] [DiscoveryClient-HeartbeatExecutor-0] [                                                 ] o.s.web.client.RestTemplate              : Response 200 OK
2026-02-22T13:06:16.841+05:30 DEBUG 18456 --- [UserService] [DiscoveryClient-CacheRefreshExecutor-0] [                                                 ] o.s.web.client.RestTemplate              : HTTP GET http://localhost:8761/eureka/apps/delta
2026-02-22T13:06:16.860+05:30 DEBUG 18456 --- [UserService] [DiscoveryClient-CacheRefreshExecutor-0] [                                                 ] o.s.web.client.RestTemplate              : Accept=[application/json, application/*+json]
2026-02-22T13:06:16.875+05:30 DEBUG 18456 --- [UserService] [DiscoveryClient-CacheRefreshExecutor-0] [                                                 ] o.s.web.client.RestTemplate              : Response 200 OK
2026-02-22T13:06:16.879+05:30 DEBUG 18456 --- [UserService] [DiscoveryClient-CacheRefreshExecutor-0] [                                                 ] o.s.web.client.RestTemplate              : Reading to [org.springframework.cloud.netflix.eureka.http.EurekaApplications]
2026-02-22T13:06:34.678+05:30 DEBUG 18456 --- [UserService] [AsyncReporter{org.springframework.boot.actuate.autoconfigure.tracing.zipkin.ZipkinRestTemplateSender@5ac0cb9b}] [                                                 ] o.s.web.client.RestTemplate              : HTTP POST http://localhost:9411/api/v2/spans
2026-02-22T13:06:34.746+05:30 DEBUG 18456 --- [UserService] [AsyncReporter{org.springframework.boot.actuate.autoconfigure.tracing.zipkin.ZipkinRestTemplateSender@5ac0cb9b}] [                                                 ] o.s.web.client.RestTemplate              : Accept=[application/json, application/*+json]
2026-02-22T13:06:34.754+05:30 DEBUG 18456 --- [UserService] [AsyncReporter{org.springframework.boot.actuate.autoconfigure.tracing.zipkin.ZipkinRestTemplateSender@5ac0cb9b}] [                                                 ] o.s.web.client.RestTemplate              : Writing [[B@5975c9de] as "application/json"
2026-02-22T13:06:35.769+05:30 DEBUG 18456 --- [UserService] [AsyncReporter{org.springframework.boot.actuate.autoconfigure.tracing.zipkin.ZipkinRestTemplateSender@5ac0cb9b}] [                                                 ] o.s.web.client.RestTemplate              : Response 202 ACCEPTED
2026-02-22T13:06:44.979+05:30 DEBUG 18456 --- [UserService] [DiscoveryClient-HeartbeatExecutor-0] [                                                 ] o.s.web.client.RestTemplate              : HTTP PUT http://localhost:8761/eureka/apps/USERSERVICE/DESKTOP-ECRRR37.mshome.net:UserService:8081?status=UP&lastDirtyTimestamp=1771738480079
2026-02-22T13:06:44.979+05:30 DEBUG 18456 --- [UserService] [DiscoveryClient-HeartbeatExecutor-0] [                                                 ] o.s.web.client.RestTemplate              : Accept=[application/json, application/*+json]
2026-02-22T13:06:44.994+05:30 DEBUG 18456 --- [UserService] [DiscoveryClient-HeartbeatExecutor-0] [                                                 ] o.s.web.client.RestTemplate              : Response 200 OK
2026-02-22T13:06:47.111+05:30 DEBUG 18456 --- [UserService] [DiscoveryClient-CacheRefreshExecutor-0] [                                                 ] o.s.web.client.RestTemplate              : HTTP GET http://localhost:8761/eureka/apps/delta
2026-02-22T13:06:47.192+05:30 DEBUG 18456 --- [UserService] [DiscoveryClient-CacheRefreshExecutor-0] [                                                 ] o.s.web.client.RestTemplate              : Accept=[application/json, application/*+json]
2026-02-22T13:06:47.206+05:30 DEBUG 18456 --- [UserService] [DiscoveryClient-CacheRefreshExecutor-0] [                                                 ] o.s.web.client.RestTemplate              : Response 200 OK
2026-02-22T13:06:47.208+05:30 DEBUG 18456 --- [UserService] [DiscoveryClient-CacheRefreshExecutor-0] [                                                 ] o.s.web.client.RestTemplate              : Reading to [org.springframework.cloud.netflix.eureka.http.EurekaApplications]
2026-02-22T13:07:15.009+05:30 DEBUG 18456 --- [UserService] [DiscoveryClient-HeartbeatExecutor-0] [                                                 ] o.s.web.client.RestTemplate              : HTTP PUT http://localhost:8761/eureka/apps/USERSERVICE/DESKTOP-ECRRR37.mshome.net:UserService:8081?status=UP&lastDirtyTimestamp=1771738480079
2026-02-22T13:07:15.011+05:30 DEBUG 18456 --- [UserService] [DiscoveryClient-HeartbeatExecutor-0] [                                                 ] o.s.web.client.RestTemplate              : Accept=[application/json, application/*+json]
2026-02-22T13:07:15.026+05:30 DEBUG 18456 --- [UserService] [DiscoveryClient-HeartbeatExecutor-0] [                                                 ] o.s.web.client.RestTemplate              : Response 200 OK
2026-02-22T13:07:17.250+05:30 DEBUG 18456 --- [UserService] [DiscoveryClient-CacheRefreshExecutor-0] [                                                 ] o.s.web.client.RestTemplate              : HTTP GET http://localhost:8761/eureka/apps/delta
2026-02-22T13:07:17.254+05:30 DEBUG 18456 --- [UserService] [DiscoveryClient-CacheRefreshExecutor-0] [                                                 ] o.s.web.client.RestTemplate              : Accept=[application/json, application/*+json]
2026-02-22T13:07:17.279+05:30 DEBUG 18456 --- [UserService] [DiscoveryClient-CacheRefreshExecutor-0] [                                                 ] o.s.web.client.RestTemplate              : Response 200 OK
2026-02-22T13:07:17.283+05:30 DEBUG 18456 --- [UserService] [DiscoveryClient-CacheRefreshExecutor-0] [                                                 ] o.s.web.client.RestTemplate              : Reading to [org.springframework.cloud.netflix.eureka.http.EurekaApplications]
2026-02-22T13:07:45.038+05:30 DEBUG 18456 --- [UserService] [DiscoveryClient-HeartbeatExecutor-0] [                                                 ] o.s.web.client.RestTemplate              : HTTP PUT http://localhost:8761/eureka/apps/USERSERVICE/DESKTOP-ECRRR37.mshome.net:UserService:8081?status=UP&lastDirtyTimestamp=1771738480079
2026-02-22T13:07:45.043+05:30 DEBUG 18456 --- [UserService] [DiscoveryClient-HeartbeatExecutor-0] [                                                 ] o.s.web.client.RestTemplate              : Accept=[application/json, application/*+json]
2026-02-22T13:07:45.067+05:30 DEBUG 18456 --- [UserService] [DiscoveryClient-HeartbeatExecutor-0] [                                                 ] o.s.web.client.RestTemplate              : Response 200 OK
2026-02-22T13:07:47.294+05:30 DEBUG 18456 --- [UserService] [DiscoveryClient-CacheRefreshExecutor-0] [                                                 ] o.s.web.client.RestTemplate              : HTTP GET http://localhost:8761/eureka/apps/delta
2026-02-22T13:07:47.298+05:30 DEBUG 18456 --- [UserService] [DiscoveryClient-CacheRefreshExecutor-0] [                                                 ] o.s.web.client.RestTemplate              : Accept=[application/json, application/*+json]
2026-02-22T13:07:47.324+05:30 DEBUG 18456 --- [UserService] [DiscoveryClient-CacheRefreshExecutor-0] [                                                 ] o.s.web.client.RestTemplate              : Response 200 OK
2026-02-22T13:07:47.329+05:30 DEBUG 18456 --- [UserService] [DiscoveryClient-CacheRefreshExecutor-0] [                                                 ] o.s.web.client.RestTemplate              : Reading to [org.springframework.cloud.netflix.eureka.http.EurekaApplications]
2026-02-22T13:08:15.084+05:30 DEBUG 18456 --- [UserService] [DiscoveryClient-HeartbeatExecutor-0] [                                                 ] o.s.web.client.RestTemplate              : HTTP PUT http://localhost:8761/eureka/apps/USERSERVICE/DESKTOP-ECRRR37.mshome.net:UserService:8081?status=UP&lastDirtyTimestamp=1771738480079
2026-02-22T13:08:15.084+05:30 DEBUG 18456 --- [UserService] [DiscoveryClient-HeartbeatExecutor-0] [                                                 ] o.s.web.client.RestTemplate              : Accept=[application/json, application/*+json]
2026-02-22T13:08:15.113+05:30 DEBUG 18456 --- [UserService] [DiscoveryClient-HeartbeatExecutor-0] [                                                 ] o.s.web.client.RestTemplate              : Response 200 OK
2026-02-22T13:08:17.357+05:30 DEBUG 18456 --- [UserService] [DiscoveryClient-CacheRefreshExecutor-0] [                                                 ] o.s.web.client.RestTemplate              : HTTP GET http://localhost:8761/eureka/apps/delta
2026-02-22T13:08:17.357+05:30 DEBUG 18456 --- [UserService] [DiscoveryClient-CacheRefreshExecutor-0] [                                                 ] o.s.web.client.RestTemplate              : Accept=[application/json, application/*+json]
2026-02-22T13:08:17.379+05:30 DEBUG 18456 --- [UserService] [DiscoveryClient-CacheRefreshExecutor-0] [                                                 ] o.s.web.client.RestTemplate              : Response 200 OK
2026-02-22T13:08:17.383+05:30 DEBUG 18456 --- [UserService] [DiscoveryClient-CacheRefreshExecutor-0] [                                                 ] o.s.web.client.RestTemplate              : Reading to [org.springframework.cloud.netflix.eureka.http.EurekaApplications]
2026-02-22T13:08:45.176+05:30 DEBUG 18456 --- [UserService] [DiscoveryClient-HeartbeatExecutor-0] [                                                 ] o.s.web.client.RestTemplate              : HTTP PUT http://localhost:8761/eureka/apps/USERSERVICE/DESKTOP-ECRRR37.mshome.net:UserService:8081?status=UP&lastDirtyTimestamp=1771738480079
2026-02-22T13:08:45.350+05:30 DEBUG 18456 --- [UserService] [DiscoveryClient-HeartbeatExecutor-0] [                                                 ] o.s.web.client.RestTemplate              : Accept=[application/json, application/*+json]
2026-02-22T13:08:45.369+05:30 DEBUG 18456 --- [UserService] [DiscoveryClient-HeartbeatExecutor-0] [                                                 ] o.s.web.client.RestTemplate              : Response 200 OK
2026-02-22T13:08:47.391+05:30 DEBUG 18456 --- [UserService] [DiscoveryClient-CacheRefreshExecutor-0] [                                                 ] o.s.web.client.RestTemplate              : HTTP GET http://localhost:8761/eureka/apps/delta
2026-02-22T13:08:47.392+05:30 DEBUG 18456 --- [UserService] [DiscoveryClient-CacheRefreshExecutor-0] [                                                 ] o.s.web.client.RestTemplate              : Accept=[application/json, application/*+json]
2026-02-22T13:08:47.408+05:30 DEBUG 18456 --- [UserService] [DiscoveryClient-CacheRefreshExecutor-0] [                                                 ] o.s.web.client.RestTemplate              : Response 200 OK
2026-02-22T13:08:47.409+05:30 DEBUG 18456 --- [UserService] [DiscoveryClient-CacheRefreshExecutor-0] [                                                 ] o.s.web.client.RestTemplate              : Reading to [org.springframework.cloud.netflix.eureka.http.EurekaApplications]
2026-02-22T13:09:15.384+05:30 DEBUG 18456 --- [UserService] [DiscoveryClient-HeartbeatExecutor-0] [                                                 ] o.s.web.client.RestTemplate              : HTTP PUT http://localhost:8761/eureka/apps/USERSERVICE/DESKTOP-ECRRR37.mshome.net:UserService:8081?status=UP&lastDirtyTimestamp=1771738480079
2026-02-22T13:09:15.384+05:30 DEBUG 18456 --- [UserService] [DiscoveryClient-HeartbeatExecutor-0] [                                                 ] o.s.web.client.RestTemplate              : Accept=[application/json, application/*+json]
2026-02-22T13:09:15.402+05:30 DEBUG 18456 --- [UserService] [DiscoveryClient-HeartbeatExecutor-0] [                                                 ] o.s.web.client.RestTemplate              : Response 200 OK
2026-02-22T13:09:17.426+05:30 DEBUG 18456 --- [UserService] [DiscoveryClient-CacheRefreshExecutor-0] [                                                 ] o.s.web.client.RestTemplate              : HTTP GET http://localhost:8761/eureka/apps/delta
2026-02-22T13:09:17.426+05:30 DEBUG 18456 --- [UserService] [DiscoveryClient-CacheRefreshExecutor-0] [                                                 ] o.s.web.client.RestTemplate              : Accept=[application/json, application/*+json]
2026-02-22T13:09:17.442+05:30 DEBUG 18456 --- [UserService] [DiscoveryClient-CacheRefreshExecutor-0] [                                                 ] o.s.web.client.RestTemplate              : Response 200 OK
2026-02-22T13:09:17.442+05:30 DEBUG 18456 --- [UserService] [DiscoveryClient-CacheRefreshExecutor-0] [                                                 ] o.s.web.client.RestTemplate              : Reading to [org.springframework.cloud.netflix.eureka.http.EurekaApplications]
2026-02-22T13:09:45.406+05:30 DEBUG 18456 --- [UserService] [DiscoveryClient-HeartbeatExecutor-0] [                                                 ] o.s.web.client.RestTemplate              : HTTP PUT http://localhost:8761/eureka/apps/USERSERVICE/DESKTOP-ECRRR37.mshome.net:UserService:8081?status=UP&lastDirtyTimestamp=1771738480079
2026-02-22T13:09:45.409+05:30 DEBUG 18456 --- [UserService] [DiscoveryClient-HeartbeatExecutor-0] [                                                 ] o.s.web.client.RestTemplate              : Accept=[application/json, application/*+json]
2026-02-22T13:09:45.735+05:30 DEBUG 18456 --- [UserService] [DiscoveryClient-HeartbeatExecutor-0] [                                                 ] o.s.web.client.RestTemplate              : Response 200 OK
2026-02-22T13:09:47.461+05:30 DEBUG 18456 --- [UserService] [DiscoveryClient-CacheRefreshExecutor-0] [                                                 ] o.s.web.client.RestTemplate              : HTTP GET http://localhost:8761/eureka/apps/delta
2026-02-22T13:09:47.463+05:30 DEBUG 18456 --- [UserService] [DiscoveryClient-CacheRefreshExecutor-0] [                                                 ] o.s.web.client.RestTemplate              : Accept=[application/json, application/*+json]
2026-02-22T13:09:47.472+05:30 DEBUG 18456 --- [UserService] [DiscoveryClient-CacheRefreshExecutor-0] [                                                 ] o.s.web.client.RestTemplate              : Response 200 OK
2026-02-22T13:09:47.480+05:30 DEBUG 18456 --- [UserService] [DiscoveryClient-CacheRefreshExecutor-0] [                                                 ] o.s.web.client.RestTemplate              : Reading to [org.springframework.cloud.netflix.eureka.http.EurekaApplications]
2026-02-22T13:09:53.544+05:30  INFO 18456 --- [UserService] [AsyncResolver-bootstrap-executor-0] [                                                 ] c.n.d.s.r.aws.ConfigClusterResolver      : Resolving eureka endpoints via configuration
2026-02-22T13:10:15.804+05:30 DEBUG 18456 --- [UserService] [DiscoveryClient-HeartbeatExecutor-0] [                                                 ] o.s.web.client.RestTemplate              : HTTP PUT http://localhost:8761/eureka/apps/USERSERVICE/DESKTOP-ECRRR37.mshome.net:UserService:8081?status=UP&lastDirtyTimestamp=1771738480079
2026-02-22T13:10:15.811+05:30 DEBUG 18456 --- [UserService] [DiscoveryClient-HeartbeatExecutor-0] [                                                 ] o.s.web.client.RestTemplate              : Accept=[application/json, application/*+json]
2026-02-22T13:10:15.847+05:30 DEBUG 18456 --- [UserService] [DiscoveryClient-HeartbeatExecutor-0] [                                                 ] o.s.web.client.RestTemplate              : Response 200 OK
2026-02-22T13:10:17.499+05:30 DEBUG 18456 --- [UserService] [DiscoveryClient-CacheRefreshExecutor-0] [                                                 ] o.s.web.client.RestTemplate              : HTTP GET http://localhost:8761/eureka/apps/delta
2026-02-22T13:10:17.502+05:30 DEBUG 18456 --- [UserService] [DiscoveryClient-CacheRefreshExecutor-0] [                                                 ] o.s.web.client.RestTemplate              : Accept=[application/json, application/*+json]
2026-02-22T13:10:17.516+05:30 DEBUG 18456 --- [UserService] [DiscoveryClient-CacheRefreshExecutor-0] [                                                 ] o.s.web.client.RestTemplate              : Response 200 OK
2026-02-22T13:10:17.523+05:30 DEBUG 18456 --- [UserService] [DiscoveryClient-CacheRefreshExecutor-0] [                                                 ] o.s.web.client.RestTemplate              : Reading to [org.springframework.cloud.netflix.eureka.http.EurekaApplications]
2026-02-22T13:10:45.867+05:30 DEBUG 18456 --- [UserService] [DiscoveryClient-HeartbeatExecutor-0] [                                                 ] o.s.web.client.RestTemplate              : HTTP PUT http://localhost:8761/eureka/apps/USERSERVICE/DESKTOP-ECRRR37.mshome.net:UserService:8081?status=UP&lastDirtyTimestamp=1771738480079
2026-02-22T13:10:45.887+05:30 DEBUG 18456 --- [UserService] [DiscoveryClient-HeartbeatExecutor-0] [                                                 ] o.s.web.client.RestTemplate              : Accept=[application/json, application/*+json]
2026-02-22T13:10:45.946+05:30 DEBUG 18456 --- [UserService] [DiscoveryClient-HeartbeatExecutor-0] [                                                 ] o.s.web.client.RestTemplate              : Response 200 OK
2026-02-22T13:10:47.921+05:30 DEBUG 18456 --- [UserService] [DiscoveryClient-CacheRefreshExecutor-0] [                                                 ] o.s.web.client.RestTemplate              : HTTP GET http://localhost:8761/eureka/apps/delta
2026-02-22T13:10:47.921+05:30 DEBUG 18456 --- [UserService] [DiscoveryClient-CacheRefreshExecutor-0] [                                                 ] o.s.web.client.RestTemplate              : Accept=[application/json, application/*+json]
2026-02-22T13:10:52.374+05:30 DEBUG 18456 --- [UserService] [DiscoveryClient-CacheRefreshExecutor-0] [                                                 ] o.s.web.client.RestTemplate              : Response 200 OK
2026-02-22T13:10:52.890+05:30 DEBUG 18456 --- [UserService] [DiscoveryClient-CacheRefreshExecutor-0] [                                                 ] o.s.web.client.RestTemplate              : Reading to [org.springframework.cloud.netflix.eureka.http.EurekaApplications]
2026-02-22T13:11:16.060+05:30 DEBUG 18456 --- [UserService] [DiscoveryClient-HeartbeatExecutor-0] [                                                 ] o.s.web.client.RestTemplate              : HTTP PUT http://localhost:8761/eureka/apps/USERSERVICE/DESKTOP-ECRRR37.mshome.net:UserService:8081?status=UP&lastDirtyTimestamp=1771738480079
2026-02-22T13:11:16.061+05:30 DEBUG 18456 --- [UserService] [DiscoveryClient-HeartbeatExecutor-0] [                                                 ] o.s.web.client.RestTemplate              : Accept=[application/json, application/*+json]
2026-02-22T13:11:16.769+05:30 DEBUG 18456 --- [UserService] [DiscoveryClient-HeartbeatExecutor-0] [                                                 ] o.s.web.client.RestTemplate              : Response 200 OK
2026-02-22T13:11:24.509+05:30 DEBUG 18456 --- [UserService] [DiscoveryClient-CacheRefreshExecutor-0] [                                                 ] o.s.web.client.RestTemplate              : HTTP GET http://localhost:8761/eureka/apps/delta
2026-02-22T13:11:24.509+05:30 DEBUG 18456 --- [UserService] [DiscoveryClient-CacheRefreshExecutor-0] [                                                 ] o.s.web.client.RestTemplate              : Accept=[application/json, application/*+json]
2026-02-22T13:11:24.875+05:30 DEBUG 18456 --- [UserService] [DiscoveryClient-CacheRefreshExecutor-0] [                                                 ] o.s.web.client.RestTemplate              : Response 200 OK
2026-02-22T13:11:24.876+05:30 DEBUG 18456 --- [UserService] [DiscoveryClient-CacheRefreshExecutor-0] [                                                 ] o.s.web.client.RestTemplate              : Reading to [org.springframework.cloud.netflix.eureka.http.EurekaApplications]
2026-02-22T13:11:46.919+05:30 DEBUG 18456 --- [UserService] [DiscoveryClient-HeartbeatExecutor-0] [                                                 ] o.s.web.client.RestTemplate              : HTTP PUT http://localhost:8761/eureka/apps/USERSERVICE/DESKTOP-ECRRR37.mshome.net:UserService:8081?status=UP&lastDirtyTimestamp=1771738480079
2026-02-22T13:11:46.921+05:30 DEBUG 18456 --- [UserService] [DiscoveryClient-HeartbeatExecutor-0] [                                                 ] o.s.web.client.RestTemplate              : Accept=[application/json, application/*+json]
2026-02-22T13:11:46.947+05:30 DEBUG 18456 --- [UserService] [DiscoveryClient-HeartbeatExecutor-0] [                                                 ] o.s.web.client.RestTemplate              : Response 200 OK
2026-02-22T13:11:54.956+05:30 DEBUG 18456 --- [UserService] [DiscoveryClient-CacheRefreshExecutor-0] [                                                 ] o.s.web.client.RestTemplate              : HTTP GET http://localhost:8761/eureka/apps/delta
2026-02-22T13:11:55.248+05:30 DEBUG 18456 --- [UserService] [DiscoveryClient-CacheRefreshExecutor-0] [                                                 ] o.s.web.client.RestTemplate              : Accept=[application/json, application/*+json]
2026-02-22T13:11:55.253+05:30 DEBUG 18456 --- [UserService] [DiscoveryClient-CacheRefreshExecutor-0] [                                                 ] o.s.web.client.RestTemplate              : Response 200 OK
2026-02-22T13:11:55.582+05:30 DEBUG 18456 --- [UserService] [DiscoveryClient-CacheRefreshExecutor-0] [                                                 ] o.s.web.client.RestTemplate              : Reading to [org.springframework.cloud.netflix.eureka.http.EurekaApplications]
2026-02-22T13:12:30.528+05:30 DEBUG 18456 --- [UserService] [DiscoveryClient-CacheRefreshExecutor-0] [                                                 ] o.s.web.client.RestTemplate              : HTTP GET http://localhost:8761/eureka/apps/delta
2026-02-22T13:12:30.528+05:30 DEBUG 18456 --- [UserService] [DiscoveryClient-HeartbeatExecutor-0] [                                                 ] o.s.web.client.RestTemplate              : HTTP PUT http://localhost:8761/eureka/apps/USERSERVICE/DESKTOP-ECRRR37.mshome.net:UserService:8081?status=UP&lastDirtyTimestamp=1771738480079
2026-02-22T13:12:30.616+05:30 DEBUG 18456 --- [UserService] [DiscoveryClient-HeartbeatExecutor-0] [                                                 ] o.s.web.client.RestTemplate              : Accept=[application/json, application/*+json]
2026-02-22T13:12:30.616+05:30 DEBUG 18456 --- [UserService] [DiscoveryClient-CacheRefreshExecutor-0] [                                                 ] o.s.web.client.RestTemplate              : Accept=[application/json, application/*+json]
2026-02-22T13:12:31.331+05:30 DEBUG 18456 --- [UserService] [DiscoveryClient-CacheRefreshExecutor-0] [                                                 ] o.s.web.client.RestTemplate              : Response 200 OK
2026-02-22T13:12:31.361+05:30 DEBUG 18456 --- [UserService] [DiscoveryClient-CacheRefreshExecutor-0] [                                                 ] o.s.web.client.RestTemplate              : Reading to [org.springframework.cloud.netflix.eureka.http.EurekaApplications]
2026-02-22T13:12:31.596+05:30 DEBUG 18456 --- [UserService] [DiscoveryClient-HeartbeatExecutor-0] [                                                 ] o.s.web.client.RestTemplate              : Response 200 OK
2026-02-22T13:13:01.447+05:30 DEBUG 18456 --- [UserService] [DiscoveryClient-CacheRefreshExecutor-0] [                                                 ] o.s.web.client.RestTemplate              : HTTP GET http://localhost:8761/eureka/apps/delta
2026-02-22T13:13:01.474+05:30 DEBUG 18456 --- [UserService] [DiscoveryClient-CacheRefreshExecutor-0] [                                                 ] o.s.web.client.RestTemplate              : Accept=[application/json, application/*+json]
2026-02-22T13:13:01.492+05:30 DEBUG 18456 --- [UserService] [DiscoveryClient-CacheRefreshExecutor-0] [                                                 ] o.s.web.client.RestTemplate              : Response 200 OK
2026-02-22T13:13:01.492+05:30 DEBUG 18456 --- [UserService] [DiscoveryClient-CacheRefreshExecutor-0] [                                                 ] o.s.web.client.RestTemplate              : Reading to [org.springframework.cloud.netflix.eureka.http.EurekaApplications]
2026-02-22T13:13:01.622+05:30 DEBUG 18456 --- [UserService] [DiscoveryClient-HeartbeatExecutor-0] [                                                 ] o.s.web.client.RestTemplate              : HTTP PUT http://localhost:8761/eureka/apps/USERSERVICE/DESKTOP-ECRRR37.mshome.net:UserService:8081?status=UP&lastDirtyTimestamp=1771738480079
2026-02-22T13:13:01.622+05:30 DEBUG 18456 --- [UserService] [DiscoveryClient-HeartbeatExecutor-0] [                                                 ] o.s.web.client.RestTemplate              : Accept=[application/json, application/*+json]
2026-02-22T13:13:01.626+05:30 DEBUG 18456 --- [UserService] [DiscoveryClient-HeartbeatExecutor-0] [                                                 ] o.s.web.client.RestTemplate              : Response 200 OK
2026-02-22T13:13:31.512+05:30 DEBUG 18456 --- [UserService] [DiscoveryClient-CacheRefreshExecutor-0] [                                                 ] o.s.web.client.RestTemplate              : HTTP GET http://localhost:8761/eureka/apps/delta
2026-02-22T13:13:31.512+05:30 DEBUG 18456 --- [UserService] [DiscoveryClient-CacheRefreshExecutor-0] [                                                 ] o.s.web.client.RestTemplate              : Accept=[application/json, application/*+json]
2026-02-22T13:13:31.528+05:30 DEBUG 18456 --- [UserService] [DiscoveryClient-CacheRefreshExecutor-0] [                                                 ] o.s.web.client.RestTemplate              : Response 200 OK
2026-02-22T13:13:31.529+05:30 DEBUG 18456 --- [UserService] [DiscoveryClient-CacheRefreshExecutor-0] [                                                 ] o.s.web.client.RestTemplate              : Reading to [org.springframework.cloud.netflix.eureka.http.EurekaApplications]
2026-02-22T13:13:31.636+05:30 DEBUG 18456 --- [UserService] [DiscoveryClient-HeartbeatExecutor-0] [                                                 ] o.s.web.client.RestTemplate              : HTTP PUT http://localhost:8761/eureka/apps/USERSERVICE/DESKTOP-ECRRR37.mshome.net:UserService:8081?status=UP&lastDirtyTimestamp=1771738480079
2026-02-22T13:13:31.636+05:30 DEBUG 18456 --- [UserService] [DiscoveryClient-HeartbeatExecutor-0] [                                                 ] o.s.web.client.RestTemplate              : Accept=[application/json, application/*+json]
2026-02-22T13:13:31.638+05:30 DEBUG 18456 --- [UserService] [DiscoveryClient-HeartbeatExecutor-0] [                                                 ] o.s.web.client.RestTemplate              : Response 200 OK
2026-02-22T13:14:01.533+05:30 DEBUG 18456 --- [UserService] [DiscoveryClient-CacheRefreshExecutor-0] [                                                 ] o.s.web.client.RestTemplate              : HTTP GET http://localhost:8761/eureka/apps/delta
2026-02-22T13:14:01.534+05:30 DEBUG 18456 --- [UserService] [DiscoveryClient-CacheRefreshExecutor-0] [                                                 ] o.s.web.client.RestTemplate              : Accept=[application/json, application/*+json]
2026-02-22T13:14:01.550+05:30 DEBUG 18456 --- [UserService] [DiscoveryClient-CacheRefreshExecutor-0] [                                                 ] o.s.web.client.RestTemplate              : Response 200 OK
2026-02-22T13:14:01.551+05:30 DEBUG 18456 --- [UserService] [DiscoveryClient-CacheRefreshExecutor-0] [                                                 ] o.s.web.client.RestTemplate              : Reading to [org.springframework.cloud.netflix.eureka.http.EurekaApplications]
2026-02-22T13:14:01.641+05:30 DEBUG 18456 --- [UserService] [DiscoveryClient-HeartbeatExecutor-0] [                                                 ] o.s.web.client.RestTemplate              : HTTP PUT http://localhost:8761/eureka/apps/USERSERVICE/DESKTOP-ECRRR37.mshome.net:UserService:8081?status=UP&lastDirtyTimestamp=1771738480079
2026-02-22T13:14:01.642+05:30 DEBUG 18456 --- [UserService] [DiscoveryClient-HeartbeatExecutor-0] [                                                 ] o.s.web.client.RestTemplate              : Accept=[application/json, application/*+json]
2026-02-22T13:14:01.647+05:30 DEBUG 18456 --- [UserService] [DiscoveryClient-HeartbeatExecutor-0] [                                                 ] o.s.web.client.RestTemplate              : Response 200 OK
2026-02-22T13:14:31.557+05:30 DEBUG 18456 --- [UserService] [DiscoveryClient-CacheRefreshExecutor-0] [                                                 ] o.s.web.client.RestTemplate              : HTTP GET http://localhost:8761/eureka/apps/delta
2026-02-22T13:14:31.558+05:30 DEBUG 18456 --- [UserService] [DiscoveryClient-CacheRefreshExecutor-0] [                                                 ] o.s.web.client.RestTemplate              : Accept=[application/json, application/*+json]
2026-02-22T13:14:31.574+05:30 DEBUG 18456 --- [UserService] [DiscoveryClient-CacheRefreshExecutor-0] [                                                 ] o.s.web.client.RestTemplate              : Response 200 OK
2026-02-22T13:14:31.574+05:30 DEBUG 18456 --- [UserService] [DiscoveryClient-CacheRefreshExecutor-0] [                                                 ] o.s.web.client.RestTemplate              : Reading to [org.springframework.cloud.netflix.eureka.http.EurekaApplications]
2026-02-22T13:14:31.652+05:30 DEBUG 18456 --- [UserService] [DiscoveryClient-HeartbeatExecutor-0] [                                                 ] o.s.web.client.RestTemplate              : HTTP PUT http://localhost:8761/eureka/apps/USERSERVICE/DESKTOP-ECRRR37.mshome.net:UserService:8081?status=UP&lastDirtyTimestamp=1771738480079
2026-02-22T13:14:31.652+05:30 DEBUG 18456 --- [UserService] [DiscoveryClient-HeartbeatExecutor-0] [                                                 ] o.s.web.client.RestTemplate              : Accept=[application/json, application/*+json]
2026-02-22T13:14:31.654+05:30 DEBUG 18456 --- [UserService] [DiscoveryClient-HeartbeatExecutor-0] [                                                 ] o.s.web.client.RestTemplate              : Response 200 OK
2026-02-22T13:14:53.580+05:30  INFO 18456 --- [UserService] [AsyncResolver-bootstrap-executor-0] [                                                 ] c.n.d.s.r.aws.ConfigClusterResolver      : Resolving eureka endpoints via configuration
2026-02-22T13:15:01.578+05:30 DEBUG 18456 --- [UserService] [DiscoveryClient-CacheRefreshExecutor-0] [                                                 ] o.s.web.client.RestTemplate              : HTTP GET http://localhost:8761/eureka/apps/delta
2026-02-22T13:15:01.579+05:30 DEBUG 18456 --- [UserService] [DiscoveryClient-CacheRefreshExecutor-0] [                                                 ] o.s.web.client.RestTemplate              : Accept=[application/json, application/*+json]
2026-02-22T13:15:01.594+05:30 DEBUG 18456 --- [UserService] [DiscoveryClient-CacheRefreshExecutor-0] [                                                 ] o.s.web.client.RestTemplate              : Response 200 OK
2026-02-22T13:15:01.594+05:30 DEBUG 18456 --- [UserService] [DiscoveryClient-CacheRefreshExecutor-0] [                                                 ] o.s.web.client.RestTemplate              : Reading to [org.springframework.cloud.netflix.eureka.http.EurekaApplications]
2026-02-22T13:15:01.655+05:30 DEBUG 18456 --- [UserService] [DiscoveryClient-HeartbeatExecutor-0] [                                                 ] o.s.web.client.RestTemplate              : HTTP PUT http://localhost:8761/eureka/apps/USERSERVICE/DESKTOP-ECRRR37.mshome.net:UserService:8081?status=UP&lastDirtyTimestamp=1771738480079
2026-02-22T13:15:01.655+05:30 DEBUG 18456 --- [UserService] [DiscoveryClient-HeartbeatExecutor-0] [                                                 ] o.s.web.client.RestTemplate              : Accept=[application/json, application/*+json]
2026-02-22T13:15:01.657+05:30 DEBUG 18456 --- [UserService] [DiscoveryClient-HeartbeatExecutor-0] [                                                 ] o.s.web.client.RestTemplate              : Response 200 OK
2026-02-22T13:15:31.612+05:30 DEBUG 18456 --- [UserService] [DiscoveryClient-CacheRefreshExecutor-0] [                                                 ] o.s.web.client.RestTemplate              : HTTP GET http://localhost:8761/eureka/apps/delta
2026-02-22T13:15:31.612+05:30 DEBUG 18456 --- [UserService] [DiscoveryClient-CacheRefreshExecutor-0] [                                                 ] o.s.web.client.RestTemplate              : Accept=[application/json, application/*+json]
2026-02-22T13:15:31.627+05:30 DEBUG 18456 --- [UserService] [DiscoveryClient-CacheRefreshExecutor-0] [                                                 ] o.s.web.client.RestTemplate              : Response 200 OK
2026-02-22T13:15:31.672+05:30 DEBUG 18456 --- [UserService] [DiscoveryClient-HeartbeatExecutor-0] [                                                 ] o.s.web.client.RestTemplate              : HTTP PUT http://localhost:8761/eureka/apps/USERSERVICE/DESKTOP-ECRRR37.mshome.net:UserService:8081?status=UP&lastDirtyTimestamp=1771738480079
2026-02-22T13:15:31.673+05:30 DEBUG 18456 --- [UserService] [DiscoveryClient-HeartbeatExecutor-0] [                                                 ] o.s.web.client.RestTemplate              : Accept=[application/json, application/*+json]
2026-02-22T13:15:32.061+05:30 DEBUG 18456 --- [UserService] [DiscoveryClient-CacheRefreshExecutor-0] [                                                 ] o.s.web.client.RestTemplate              : Reading to [org.springframework.cloud.netflix.eureka.http.EurekaApplications]
2026-02-22T13:15:36.682+05:30 DEBUG 18456 --- [UserService] [DiscoveryClient-HeartbeatExecutor-0] [                                                 ] o.s.web.client.RestTemplate              : Response 200 OK
2026-02-22T13:16:04.461+05:30 DEBUG 18456 --- [UserService] [DiscoveryClient-CacheRefreshExecutor-0] [                                                 ] o.s.web.client.RestTemplate              : HTTP GET http://localhost:8761/eureka/apps/delta
2026-02-22T13:16:04.461+05:30 DEBUG 18456 --- [UserService] [DiscoveryClient-CacheRefreshExecutor-0] [                                                 ] o.s.web.client.RestTemplate              : Accept=[application/json, application/*+json]
2026-02-22T13:16:04.477+05:30 DEBUG 18456 --- [UserService] [DiscoveryClient-CacheRefreshExecutor-0] [                                                 ] o.s.web.client.RestTemplate              : Response 200 OK
2026-02-22T13:16:04.477+05:30 DEBUG 18456 --- [UserService] [DiscoveryClient-CacheRefreshExecutor-0] [                                                 ] o.s.web.client.RestTemplate              : Reading to [org.springframework.cloud.netflix.eureka.http.EurekaApplications]
2026-02-22T13:16:06.692+05:30 DEBUG 18456 --- [UserService] [DiscoveryClient-HeartbeatExecutor-0] [                                                 ] o.s.web.client.RestTemplate              : HTTP PUT http://localhost:8761/eureka/apps/USERSERVICE/DESKTOP-ECRRR37.mshome.net:UserService:8081?status=UP&lastDirtyTimestamp=1771738480079
2026-02-22T13:16:06.692+05:30 DEBUG 18456 --- [UserService] [DiscoveryClient-HeartbeatExecutor-0] [                                                 ] o.s.web.client.RestTemplate              : Accept=[application/json, application/*+json]
2026-02-22T13:16:06.708+05:30 DEBUG 18456 --- [UserService] [DiscoveryClient-HeartbeatExecutor-0] [                                                 ] o.s.web.client.RestTemplate              : Response 200 OK
2026-02-22T13:16:34.491+05:30 DEBUG 18456 --- [UserService] [DiscoveryClient-CacheRefreshExecutor-0] [                                                 ] o.s.web.client.RestTemplate              : HTTP GET http://localhost:8761/eureka/apps/delta
2026-02-22T13:16:34.491+05:30 DEBUG 18456 --- [UserService] [DiscoveryClient-CacheRefreshExecutor-0] [                                                 ] o.s.web.client.RestTemplate              : Accept=[application/json, application/*+json]
2026-02-22T13:16:34.508+05:30 DEBUG 18456 --- [UserService] [DiscoveryClient-CacheRefreshExecutor-0] [                                                 ] o.s.web.client.RestTemplate              : Response 200 OK
2026-02-22T13:16:34.508+05:30 DEBUG 18456 --- [UserService] [DiscoveryClient-CacheRefreshExecutor-0] [                                                 ] o.s.web.client.RestTemplate              : Reading to [org.springframework.cloud.netflix.eureka.http.EurekaApplications]
2026-02-22T13:16:36.722+05:30 DEBUG 18456 --- [UserService] [DiscoveryClient-HeartbeatExecutor-0] [                                                 ] o.s.web.client.RestTemplate              : HTTP PUT http://localhost:8761/eureka/apps/USERSERVICE/DESKTOP-ECRRR37.mshome.net:UserService:8081?status=UP&lastDirtyTimestamp=1771738480079
2026-02-22T13:16:36.722+05:30 DEBUG 18456 --- [UserService] [DiscoveryClient-HeartbeatExecutor-0] [                                                 ] o.s.web.client.RestTemplate              : Accept=[application/json, application/*+json]
2026-02-22T13:16:36.742+05:30 DEBUG 18456 --- [UserService] [DiscoveryClient-HeartbeatExecutor-0] [                                                 ] o.s.web.client.RestTemplate              : Response 200 OK
2026-02-22T13:17:04.636+05:30 DEBUG 18456 --- [UserService] [DiscoveryClient-CacheRefreshExecutor-0] [                                                 ] o.s.web.client.RestTemplate              : HTTP GET http://localhost:8761/eureka/apps/delta
2026-02-22T13:17:05.162+05:30 DEBUG 18456 --- [UserService] [DiscoveryClient-CacheRefreshExecutor-0] [                                                 ] o.s.web.client.RestTemplate              : Accept=[application/json, application/*+json]
2026-02-22T13:17:05.676+05:30 DEBUG 18456 --- [UserService] [DiscoveryClient-CacheRefreshExecutor-0] [                                                 ] o.s.web.client.RestTemplate              : Response 200 OK
2026-02-22T13:17:05.747+05:30 DEBUG 18456 --- [UserService] [DiscoveryClient-CacheRefreshExecutor-0] [                                                 ] o.s.web.client.RestTemplate              : Reading to [org.springframework.cloud.netflix.eureka.http.EurekaApplications]
2026-02-22T13:17:06.868+05:30 DEBUG 18456 --- [UserService] [DiscoveryClient-HeartbeatExecutor-0] [                                                 ] o.s.web.client.RestTemplate              : HTTP PUT http://localhost:8761/eureka/apps/USERSERVICE/DESKTOP-ECRRR37.mshome.net:UserService:8081?status=UP&lastDirtyTimestamp=1771738480079
2026-02-22T13:17:06.916+05:30 DEBUG 18456 --- [UserService] [DiscoveryClient-HeartbeatExecutor-0] [                                                 ] o.s.web.client.RestTemplate              : Accept=[application/json, application/*+json]
2026-02-22T13:17:07.315+05:30 DEBUG 18456 --- [UserService] [DiscoveryClient-HeartbeatExecutor-0] [                                                 ] o.s.web.client.RestTemplate              : Response 200 OK
2026-02-22T13:17:35.858+05:30 DEBUG 18456 --- [UserService] [DiscoveryClient-CacheRefreshExecutor-0] [                                                 ] o.s.web.client.RestTemplate              : HTTP GET http://localhost:8761/eureka/apps/delta
2026-02-22T13:17:35.859+05:30 DEBUG 18456 --- [UserService] [DiscoveryClient-CacheRefreshExecutor-0] [                                                 ] o.s.web.client.RestTemplate              : Accept=[application/json, application/*+json]
2026-02-22T13:17:35.874+05:30 DEBUG 18456 --- [UserService] [DiscoveryClient-CacheRefreshExecutor-0] [                                                 ] o.s.web.client.RestTemplate              : Response 200 OK
2026-02-22T13:17:35.876+05:30 DEBUG 18456 --- [UserService] [DiscoveryClient-CacheRefreshExecutor-0] [                                                 ] o.s.web.client.RestTemplate              : Reading to [org.springframework.cloud.netflix.eureka.http.EurekaApplications]
2026-02-22T13:17:37.329+05:30 DEBUG 18456 --- [UserService] [DiscoveryClient-HeartbeatExecutor-0] [                                                 ] o.s.web.client.RestTemplate              : HTTP PUT http://localhost:8761/eureka/apps/USERSERVICE/DESKTOP-ECRRR37.mshome.net:UserService:8081?status=UP&lastDirtyTimestamp=1771738480079
2026-02-22T13:17:37.329+05:30 DEBUG 18456 --- [UserService] [DiscoveryClient-HeartbeatExecutor-0] [                                                 ] o.s.web.client.RestTemplate              : Accept=[application/json, application/*+json]
2026-02-22T13:17:37.331+05:30 DEBUG 18456 --- [UserService] [DiscoveryClient-HeartbeatExecutor-0] [                                                 ] o.s.web.client.RestTemplate              : Response 200 OK
2026-02-22T13:18:05.899+05:30 DEBUG 18456 --- [UserService] [DiscoveryClient-CacheRefreshExecutor-0] [                                                 ] o.s.web.client.RestTemplate              : HTTP GET http://localhost:8761/eureka/apps/delta
2026-02-22T13:18:05.899+05:30 DEBUG 18456 --- [UserService] [DiscoveryClient-CacheRefreshExecutor-0] [                                                 ] o.s.web.client.RestTemplate              : Accept=[application/json, application/*+json]
2026-02-22T13:18:05.921+05:30 DEBUG 18456 --- [UserService] [DiscoveryClient-CacheRefreshExecutor-0] [                                                 ] o.s.web.client.RestTemplate              : Response 200 OK
2026-02-22T13:18:05.921+05:30 DEBUG 18456 --- [UserService] [DiscoveryClient-CacheRefreshExecutor-0] [                                                 ] o.s.web.client.RestTemplate              : Reading to [org.springframework.cloud.netflix.eureka.http.EurekaApplications]
2026-02-22T13:18:07.338+05:30 DEBUG 18456 --- [UserService] [DiscoveryClient-HeartbeatExecutor-0] [                                                 ] o.s.web.client.RestTemplate              : HTTP PUT http://localhost:8761/eureka/apps/USERSERVICE/DESKTOP-ECRRR37.mshome.net:UserService:8081?status=UP&lastDirtyTimestamp=1771738480079
2026-02-22T13:18:07.340+05:30 DEBUG 18456 --- [UserService] [DiscoveryClient-HeartbeatExecutor-0] [                                                 ] o.s.web.client.RestTemplate              : Accept=[application/json, application/*+json]
2026-02-22T13:18:07.342+05:30 DEBUG 18456 --- [UserService] [DiscoveryClient-HeartbeatExecutor-0] [                                                 ] o.s.web.client.RestTemplate              : Response 200 OK
2026-02-22T13:18:35.933+05:30 DEBUG 18456 --- [UserService] [DiscoveryClient-CacheRefreshExecutor-0] [                                                 ] o.s.web.client.RestTemplate              : HTTP GET http://localhost:8761/eureka/apps/delta
2026-02-22T13:18:35.933+05:30 DEBUG 18456 --- [UserService] [DiscoveryClient-CacheRefreshExecutor-0] [                                                 ] o.s.web.client.RestTemplate              : Accept=[application/json, application/*+json]
2026-02-22T13:18:35.950+05:30 DEBUG 18456 --- [UserService] [DiscoveryClient-CacheRefreshExecutor-0] [                                                 ] o.s.web.client.RestTemplate              : Response 200 OK
2026-02-22T13:18:35.951+05:30 DEBUG 18456 --- [UserService] [DiscoveryClient-CacheRefreshExecutor-0] [                                                 ] o.s.web.client.RestTemplate              : Reading to [org.springframework.cloud.netflix.eureka.http.EurekaApplications]
2026-02-22T13:18:37.354+05:30 DEBUG 18456 --- [UserService] [DiscoveryClient-HeartbeatExecutor-0] [                                                 ] o.s.web.client.RestTemplate              : HTTP PUT http://localhost:8761/eureka/apps/USERSERVICE/DESKTOP-ECRRR37.mshome.net:UserService:8081?status=UP&lastDirtyTimestamp=1771738480079
2026-02-22T13:18:37.355+05:30 DEBUG 18456 --- [UserService] [DiscoveryClient-HeartbeatExecutor-0] [                                                 ] o.s.web.client.RestTemplate              : Accept=[application/json, application/*+json]
2026-02-22T13:18:37.360+05:30 DEBUG 18456 --- [UserService] [DiscoveryClient-HeartbeatExecutor-0] [                                                 ] o.s.web.client.RestTemplate              : Response 200 OK
2026-02-22T13:19:05.969+05:30 DEBUG 18456 --- [UserService] [DiscoveryClient-CacheRefreshExecutor-0] [                                                 ] o.s.web.client.RestTemplate              : HTTP GET http://localhost:8761/eureka/apps/delta
2026-02-22T13:19:05.970+05:30 DEBUG 18456 --- [UserService] [DiscoveryClient-CacheRefreshExecutor-0] [                                                 ] o.s.web.client.RestTemplate              : Accept=[application/json, application/*+json]
2026-02-22T13:19:05.986+05:30 DEBUG 18456 --- [UserService] [DiscoveryClient-CacheRefreshExecutor-0] [                                                 ] o.s.web.client.RestTemplate              : Response 200 OK
2026-02-22T13:19:05.992+05:30 DEBUG 18456 --- [UserService] [DiscoveryClient-CacheRefreshExecutor-0] [                                                 ] o.s.web.client.RestTemplate              : Reading to [org.springframework.cloud.netflix.eureka.http.EurekaApplications]
2026-02-22T13:19:07.365+05:30 DEBUG 18456 --- [UserService] [DiscoveryClient-HeartbeatExecutor-0] [                                                 ] o.s.web.client.RestTemplate              : HTTP PUT http://localhost:8761/eureka/apps/USERSERVICE/DESKTOP-ECRRR37.mshome.net:UserService:8081?status=UP&lastDirtyTimestamp=1771738480079
2026-02-22T13:19:07.366+05:30 DEBUG 18456 --- [UserService] [DiscoveryClient-HeartbeatExecutor-0] [                                                 ] o.s.web.client.RestTemplate              : Accept=[application/json, application/*+json]
2026-02-22T13:19:07.369+05:30 DEBUG 18456 --- [UserService] [DiscoveryClient-HeartbeatExecutor-0] [                                                 ] o.s.web.client.RestTemplate              : Response 200 OK
2026-02-22T13:19:35.995+05:30 DEBUG 18456 --- [UserService] [DiscoveryClient-CacheRefreshExecutor-0] [                                                 ] o.s.web.client.RestTemplate              : HTTP GET http://localhost:8761/eureka/apps/delta
2026-02-22T13:19:35.996+05:30 DEBUG 18456 --- [UserService] [DiscoveryClient-CacheRefreshExecutor-0] [                                                 ] o.s.web.client.RestTemplate              : Accept=[application/json, application/*+json]
2026-02-22T13:19:36.012+05:30 DEBUG 18456 --- [UserService] [DiscoveryClient-CacheRefreshExecutor-0] [                                                 ] o.s.web.client.RestTemplate              : Response 200 OK
2026-02-22T13:19:36.012+05:30 DEBUG 18456 --- [UserService] [DiscoveryClient-CacheRefreshExecutor-0] [                                                 ] o.s.web.client.RestTemplate              : Reading to [org.springframework.cloud.netflix.eureka.http.EurekaApplications]
2026-02-22T13:19:37.373+05:30 DEBUG 18456 --- [UserService] [DiscoveryClient-HeartbeatExecutor-0] [                                                 ] o.s.web.client.RestTemplate              : HTTP PUT http://localhost:8761/eureka/apps/USERSERVICE/DESKTOP-ECRRR37.mshome.net:UserService:8081?status=UP&lastDirtyTimestamp=1771738480079
2026-02-22T13:19:37.374+05:30 DEBUG 18456 --- [UserService] [DiscoveryClient-HeartbeatExecutor-0] [                                                 ] o.s.web.client.RestTemplate              : Accept=[application/json, application/*+json]
2026-02-22T13:19:37.378+05:30 DEBUG 18456 --- [UserService] [DiscoveryClient-HeartbeatExecutor-0] [                                                 ] o.s.web.client.RestTemplate              : Response 200 OK
2026-02-22T13:19:53.620+05:30  INFO 18456 --- [UserService] [AsyncResolver-bootstrap-executor-0] [                                                 ] c.n.d.s.r.aws.ConfigClusterResolver      : Resolving eureka endpoints via configuration
2026-02-22T13:20:06.025+05:30 DEBUG 18456 --- [UserService] [DiscoveryClient-CacheRefreshExecutor-0] [                                                 ] o.s.web.client.RestTemplate              : HTTP GET http://localhost:8761/eureka/apps/delta
2026-02-22T13:20:06.026+05:30 DEBUG 18456 --- [UserService] [DiscoveryClient-CacheRefreshExecutor-0] [                                                 ] o.s.web.client.RestTemplate              : Accept=[application/json, application/*+json]
2026-02-22T13:20:06.042+05:30 DEBUG 18456 --- [UserService] [DiscoveryClient-CacheRefreshExecutor-0] [                                                 ] o.s.web.client.RestTemplate              : Response 200 OK
2026-02-22T13:20:06.043+05:30 DEBUG 18456 --- [UserService] [DiscoveryClient-CacheRefreshExecutor-0] [                                                 ] o.s.web.client.RestTemplate              : Reading to [org.springframework.cloud.netflix.eureka.http.EurekaApplications]
2026-02-22T13:20:07.390+05:30 DEBUG 18456 --- [UserService] [DiscoveryClient-HeartbeatExecutor-0] [                                                 ] o.s.web.client.RestTemplate              : HTTP PUT http://localhost:8761/eureka/apps/USERSERVICE/DESKTOP-ECRRR37.mshome.net:UserService:8081?status=UP&lastDirtyTimestamp=1771738480079
2026-02-22T13:20:07.390+05:30 DEBUG 18456 --- [UserService] [DiscoveryClient-HeartbeatExecutor-0] [                                                 ] o.s.web.client.RestTemplate              : Accept=[application/json, application/*+json]
2026-02-22T13:20:07.395+05:30 DEBUG 18456 --- [UserService] [DiscoveryClient-HeartbeatExecutor-0] [                                                 ] o.s.web.client.RestTemplate              : Response 200 OK
2026-02-22T13:20:37.405+05:30 DEBUG 18456 --- [UserService] [DiscoveryClient-HeartbeatExecutor-0] [                                                 ] o.s.web.client.RestTemplate              : HTTP PUT http://localhost:8761/eureka/apps/USERSERVICE/DESKTOP-ECRRR37.mshome.net:UserService:8081?status=UP&lastDirtyTimestamp=1771738480079
2026-02-22T13:20:37.526+05:30 DEBUG 18456 --- [UserService] [DiscoveryClient-HeartbeatExecutor-0] [                                                 ] o.s.web.client.RestTemplate              : Accept=[application/json, application/*+json]
2026-02-22T13:20:38.056+05:30 DEBUG 18456 --- [UserService] [DiscoveryClient-HeartbeatExecutor-0] [                                                 ] o.s.web.client.RestTemplate              : Response 200 OK
2026-02-22T13:20:53.957+05:30 DEBUG 18456 --- [UserService] [DiscoveryClient-CacheRefreshExecutor-0] [                                                 ] o.s.web.client.RestTemplate              : HTTP GET http://localhost:8761/eureka/apps/delta
2026-02-22T13:20:55.235+05:30 DEBUG 18456 --- [UserService] [DiscoveryClient-CacheRefreshExecutor-0] [                                                 ] o.s.web.client.RestTemplate              : Accept=[application/json, application/*+json]
2026-02-22T13:20:55.247+05:30 DEBUG 18456 --- [UserService] [DiscoveryClient-CacheRefreshExecutor-0] [                                                 ] o.s.web.client.RestTemplate              : Response 200 OK
2026-02-22T13:20:55.248+05:30 DEBUG 18456 --- [UserService] [DiscoveryClient-CacheRefreshExecutor-0] [                                                 ] o.s.web.client.RestTemplate              : Reading to [org.springframework.cloud.netflix.eureka.http.EurekaApplications]
2026-02-22T13:21:08.064+05:30 DEBUG 18456 --- [UserService] [DiscoveryClient-HeartbeatExecutor-0] [                                                 ] o.s.web.client.RestTemplate              : HTTP PUT http://localhost:8761/eureka/apps/USERSERVICE/DESKTOP-ECRRR37.mshome.net:UserService:8081?status=UP&lastDirtyTimestamp=1771738480079
2026-02-22T13:21:08.066+05:30 DEBUG 18456 --- [UserService] [DiscoveryClient-HeartbeatExecutor-0] [                                                 ] o.s.web.client.RestTemplate              : Accept=[application/json, application/*+json]
2026-02-22T13:21:08.080+05:30 DEBUG 18456 --- [UserService] [DiscoveryClient-HeartbeatExecutor-0] [                                                 ] o.s.web.client.RestTemplate              : Response 200 OK
2026-02-22T13:21:14.056+05:30  INFO 18456 --- [UserService] [SpringApplicationShutdownHook] [                                                 ] o.s.c.n.e.s.EurekaServiceRegistry        : Unregistering application USERSERVICE with eureka with status DOWN
2026-02-22T13:21:14.058+05:30  INFO 18456 --- [UserService] [SpringApplicationShutdownHook] [                                                 ] com.netflix.discovery.DiscoveryClient    : Saw local status change event StatusChangeEvent [timestamp=1771746674058, current=DOWN, previous=UP]
2026-02-22T13:21:14.064+05:30  INFO 18456 --- [UserService] [DiscoveryClient-InstanceInfoReplicator-0] [                                                 ] com.netflix.discovery.DiscoveryClient    : DiscoveryClient_USERSERVICE/DESKTOP-ECRRR37.mshome.net:UserService:8081: registering service...
2026-02-22T13:21:14.066+05:30 DEBUG 18456 --- [UserService] [DiscoveryClient-InstanceInfoReplicator-0] [                                                 ] o.s.web.client.RestTemplate              : HTTP POST http://localhost:8761/eureka/apps/USERSERVICE
2026-02-22T13:21:14.071+05:30 DEBUG 18456 --- [UserService] [DiscoveryClient-InstanceInfoReplicator-0] [                                                 ] o.s.web.client.RestTemplate              : Accept=[application/json, application/*+json]
2026-02-22T13:21:14.098+05:30 DEBUG 18456 --- [UserService] [DiscoveryClient-InstanceInfoReplicator-0] [                                                 ] o.s.web.client.RestTemplate              : Writing [InstanceInfo [instanceId = DESKTOP-ECRRR37.mshome.net:UserService:8081, appName = USERSERVICE, hostName = 192.168.176.1, status = DOWN, ipAddr = 192.168.176.1, port = 8081, securePort = 443, dataCenterInfo = com.netflix.appinfo.MyDataCenterInfo@e96cf86] as "application/json"
2026-02-22T13:21:14.168+05:30 DEBUG 18456 --- [UserService] [DiscoveryClient-InstanceInfoReplicator-0] [                                                 ] o.s.web.client.RestTemplate              : Response 204 NO_CONTENT
2026-02-22T13:21:14.169+05:30  INFO 18456 --- [UserService] [DiscoveryClient-InstanceInfoReplicator-0] [                                                 ] com.netflix.discovery.DiscoveryClient    : DiscoveryClient_USERSERVICE/DESKTOP-ECRRR37.mshome.net:UserService:8081 - registration status: 204
2026-02-22T13:21:15.848+05:30  INFO 18456 --- [UserService] [SpringApplicationShutdownHook] [                                                 ] j.LocalContainerEntityManagerFactoryBean : Closing JPA EntityManagerFactory for persistence unit 'default'
2026-02-22T13:21:16.465+05:30  INFO 18456 --- [UserService] [SpringApplicationShutdownHook] [                                                 ] com.zaxxer.hikari.HikariDataSource       : HikariPool-1 - Shutdown initiated...
2026-02-22T13:21:16.561+05:30  INFO 18456 --- [UserService] [SpringApplicationShutdownHook] [                                                 ] com.zaxxer.hikari.HikariDataSource       : HikariPool-1 - Shutdown completed.
2026-02-22T13:21:17.286+05:30 DEBUG 18456 --- [UserService] [AsyncReporter{org.springframework.boot.actuate.autoconfigure.tracing.zipkin.ZipkinRestTemplateSender@5ac0cb9b}] [                                                 ] o.s.web.client.RestTemplate              : HTTP POST http://localhost:9411/api/v2/spans
2026-02-22T13:21:17.289+05:30 DEBUG 18456 --- [UserService] [AsyncReporter{org.springframework.boot.actuate.autoconfigure.tracing.zipkin.ZipkinRestTemplateSender@5ac0cb9b}] [                                                 ] o.s.web.client.RestTemplate              : Accept=[application/json, application/*+json]
2026-02-22T13:21:17.290+05:30 DEBUG 18456 --- [UserService] [AsyncReporter{org.springframework.boot.actuate.autoconfigure.tracing.zipkin.ZipkinRestTemplateSender@5ac0cb9b}] [                                                 ] o.s.web.client.RestTemplate              : Writing [[B@4033f08b] as "application/json"
2026-02-22T13:21:17.594+05:30  INFO 18456 --- [UserService] [SpringApplicationShutdownHook] [                                                 ] com.netflix.discovery.DiscoveryClient    : Shutting down DiscoveryClient ...
2026-02-22T13:21:21.774+05:30  INFO 18456 --- [UserService] [SpringApplicationShutdownHook] [                                                 ] com.netflix.discovery.DiscoveryClient    : Unregistering ...
2026-02-22T13:21:23.963+05:30 DEBUG 18456 --- [UserService] [SpringApplicationShutdownHook] [                                                 ] o.s.web.client.RestTemplate              : HTTP DELETE http://localhost:8761/eureka/apps/USERSERVICE/DESKTOP-ECRRR37.mshome.net:UserService:8081
2026-02-22T13:21:23.964+05:30 DEBUG 18456 --- [UserService] [SpringApplicationShutdownHook] [                                                 ] o.s.web.client.RestTemplate              : Accept=[application/json, application/*+json]
2026-02-22T13:21:24.015+05:30 DEBUG 18456 --- [UserService] [AsyncReporter{org.springframework.boot.actuate.autoconfigure.tracing.zipkin.ZipkinRestTemplateSender@5ac0cb9b}] [                                                 ] o.s.web.client.RestTemplate              : Response 202 ACCEPTED
2026-02-22T13:21:25.124+05:30  INFO 18456 --- [UserService] [SpringApplicationShutdownHook] [                                                 ] c.n.d.s.t.d.RedirectingEurekaHttpClient  : Request execution error. endpoint=DefaultEndpoint{ serviceUrl='http://localhost:8761/eureka/} exception=Connection pool shut down stacktrace=java.lang.IllegalStateException: Connection pool shut down
	at org.apache.hc.core5.util.Asserts.check(Asserts.java:38)
	at org.apache.hc.core5.pool.StrictConnPool.lease(StrictConnPool.java:176)
	at org.apache.hc.client5.http.impl.io.PoolingHttpClientConnectionManager.lease(PoolingHttpClientConnectionManager.java:298)
	at org.apache.hc.client5.http.impl.classic.InternalExecRuntime.acquireEndpoint(InternalExecRuntime.java:103)
	at org.apache.hc.client5.http.impl.classic.ConnectExec.execute(ConnectExec.java:125)
	at org.apache.hc.client5.http.impl.classic.ExecChainElement.execute(ExecChainElement.java:51)
	at org.apache.hc.client5.http.impl.classic.ProtocolExec.execute(ProtocolExec.java:192)
	at org.apache.hc.client5.http.impl.classic.ExecChainElement.execute(ExecChainElement.java:51)
	at org.apache.hc.client5.http.impl.classic.HttpRequestRetryExec.execute(HttpRequestRetryExec.java:96)
	at org.apache.hc.client5.http.impl.classic.ExecChainElement.execute(ExecChainElement.java:51)
	at org.apache.hc.client5.http.impl.classic.ContentCompressionExec.execute(ContentCompressionExec.java:152)
	at org.apache.hc.client5.http.impl.classic.ExecChainElement.execute(ExecChainElement.java:51)
	at org.apache.hc.client5.http.impl.classic.RedirectExec.execute(RedirectExec.java:115)
	at org.apache.hc.client5.http.impl.classic.ExecChainElement.execute(ExecChainElement.java:51)
	at org.apache.hc.client5.http.impl.classic.InternalHttpClient.doExecute(InternalHttpClient.java:170)
	at org.apache.hc.client5.http.impl.classic.CloseableHttpClient.execute(CloseableHttpClient.java:87)
	at org.apache.hc.client5.http.impl.classic.CloseableHttpClient.execute(CloseableHttpClient.java:55)
	at org.apache.hc.client5.http.classic.HttpClient.executeOpen(HttpClient.java:183)
	at org.springframework.http.client.HttpComponentsClientHttpRequest.executeInternal(HttpComponentsClientHttpRequest.java:95)
	at org.springframework.http.client.AbstractStreamingClientHttpRequest.executeInternal(AbstractStreamingClientHttpRequest.java:70)
	at org.springframework.http.client.AbstractClientHttpRequest.execute(AbstractClientHttpRequest.java:66)
	at org.springframework.http.client.InterceptingClientHttpRequest$InterceptingRequestExecution.execute(InterceptingClientHttpRequest.java:101)
	at org.springframework.cloud.netflix.eureka.http.RestTemplateTransportClientFactory.lambda$restTemplate$0(RestTemplateTransportClientFactory.java:143)
	at org.springframework.http.client.InterceptingClientHttpRequest$InterceptingRequestExecution.execute(InterceptingClientHttpRequest.java:87)
	at org.springframework.http.client.InterceptingClientHttpRequest.executeInternal(InterceptingClientHttpRequest.java:71)
	at org.springframework.http.client.AbstractBufferingClientHttpRequest.executeInternal(AbstractBufferingClientHttpRequest.java:48)
	at org.springframework.http.client.AbstractClientHttpRequest.execute(AbstractClientHttpRequest.java:66)
	at org.springframework.web.client.RestTemplate.doExecute(RestTemplate.java:879)
	at org.springframework.web.client.RestTemplate.execute(RestTemplate.java:781)
	at org.springframework.web.client.RestTemplate.exchange(RestTemplate.java:663)
	at org.springframework.cloud.netflix.eureka.http.RestTemplateEurekaHttpClient.cancel(RestTemplateEurekaHttpClient.java:87)
	at com.netflix.discovery.shared.transport.decorator.EurekaHttpClientDecorator$2.execute(EurekaHttpClientDecorator.java:74)
	at com.netflix.discovery.shared.transport.decorator.RedirectingEurekaHttpClient.execute(RedirectingEurekaHttpClient.java:91)
	at com.netflix.discovery.shared.transport.decorator.EurekaHttpClientDecorator.cancel(EurekaHttpClientDecorator.java:71)
	at com.netflix.discovery.shared.transport.decorator.EurekaHttpClientDecorator$2.execute(EurekaHttpClientDecorator.java:74)
	at com.netflix.discovery.shared.transport.decorator.RetryableEurekaHttpClient.execute(RetryableEurekaHttpClient.java:120)
	at com.netflix.discovery.shared.transport.decorator.EurekaHttpClientDecorator.cancel(EurekaHttpClientDecorator.java:71)
	at com.netflix.discovery.shared.transport.decorator.EurekaHttpClientDecorator$2.execute(EurekaHttpClientDecorator.java:74)
	at com.netflix.discovery.shared.transport.decorator.SessionedEurekaHttpClient.execute(SessionedEurekaHttpClient.java:77)
	at com.netflix.discovery.shared.transport.decorator.EurekaHttpClientDecorator.cancel(EurekaHttpClientDecorator.java:71)
	at com.netflix.discovery.DiscoveryClient.unregister(DiscoveryClient.java:916)
	at com.netflix.discovery.DiscoveryClient.shutdown(DiscoveryClient.java:892)
	at java.base/jdk.internal.reflect.DirectMethodHandleAccessor.invoke(DirectMethodHandleAccessor.java:103)
	at java.base/java.lang.reflect.Method.invoke(Method.java:580)
	at org.springframework.beans.factory.annotation.InitDestroyAnnotationBeanPostProcessor$LifecycleMethod.invoke(InitDestroyAnnotationBeanPostProcessor.java:457)
	at org.springframework.beans.factory.annotation.InitDestroyAnnotationBeanPostProcessor$LifecycleMetadata.invokeDestroyMethods(InitDestroyAnnotationBeanPostProcessor.java:415)
	at org.springframework.beans.factory.annotation.InitDestroyAnnotationBeanPostProcessor.postProcessBeforeDestruction(InitDestroyAnnotationBeanPostProcessor.java:239)
	at org.springframework.beans.factory.support.DisposableBeanAdapter.destroy(DisposableBeanAdapter.java:202)
	at org.springframework.beans.factory.support.DisposableBeanAdapter.run(DisposableBeanAdapter.java:195)
	at org.springframework.cloud.context.scope.GenericScope$BeanLifecycleWrapper.destroy(GenericScope.java:389)
	at org.springframework.cloud.context.scope.GenericScope.destroy(GenericScope.java:136)
	at org.springframework.beans.factory.support.DisposableBeanAdapter.destroy(DisposableBeanAdapter.java:211)
	at org.springframework.beans.factory.support.DefaultSingletonBeanRegistry.destroyBean(DefaultSingletonBeanRegistry.java:587)
	at org.springframework.beans.factory.support.DefaultSingletonBeanRegistry.destroySingleton(DefaultSingletonBeanRegistry.java:559)
	at org.springframework.beans.factory.support.DefaultListableBeanFactory.destroySingleton(DefaultListableBeanFactory.java:1202)
	at org.springframework.beans.factory.support.DefaultSingletonBeanRegistry.destroySingletons(DefaultSingletonBeanRegistry.java:520)
	at org.springframework.beans.factory.support.DefaultListableBeanFactory.destroySingletons(DefaultListableBeanFactory.java:1195)
	at org.springframework.context.support.AbstractApplicationContext.destroyBeans(AbstractApplicationContext.java:1183)
	at org.springframework.context.support.AbstractApplicationContext.doClose(AbstractApplicationContext.java:1144)
	at org.springframework.boot.web.servlet.context.ServletWebServerApplicationContext.doClose(ServletWebServerApplicationContext.java:174)
	at org.springframework.context.support.AbstractApplicationContext.close(AbstractApplicationContext.java:1090)
	at org.springframework.boot.SpringApplicationShutdownHook.closeAndWait(SpringApplicationShutdownHook.java:145)
	at java.base/java.lang.Iterable.forEach(Iterable.java:75)
	at org.springframework.boot.SpringApplicationShutdownHook.run(SpringApplicationShutdownHook.java:114)
	at java.base/java.lang.Thread.run(Thread.java:1583)

2026-02-22T13:21:25.131+05:30  WARN 18456 --- [UserService] [SpringApplicationShutdownHook] [                                                 ] c.n.d.s.t.d.RetryableEurekaHttpClient    : Request execution failed with message: Connection pool shut down
2026-02-22T13:21:25.149+05:30 DEBUG 18456 --- [UserService] [SpringApplicationShutdownHook] [                                                 ] o.s.web.client.RestTemplate              : HTTP DELETE http://localhost:8761/eureka/apps/USERSERVICE/DESKTOP-ECRRR37.mshome.net:UserService:8081
2026-02-22T13:21:25.157+05:30 DEBUG 18456 --- [UserService] [SpringApplicationShutdownHook] [                                                 ] o.s.web.client.RestTemplate              : Accept=[application/json, application/*+json]
2026-02-22T13:21:25.160+05:30  INFO 18456 --- [UserService] [SpringApplicationShutdownHook] [                                                 ] c.n.d.s.t.d.RedirectingEurekaHttpClient  : Request execution error. endpoint=DefaultEndpoint{ serviceUrl='http://localhost:8761/eureka/}, exception=Connection pool shut down stacktrace=java.lang.IllegalStateException: Connection pool shut down
	at org.apache.hc.core5.util.Asserts.check(Asserts.java:38)
	at org.apache.hc.core5.pool.StrictConnPool.lease(StrictConnPool.java:176)
	at org.apache.hc.client5.http.impl.io.PoolingHttpClientConnectionManager.lease(PoolingHttpClientConnectionManager.java:298)
	at org.apache.hc.client5.http.impl.classic.InternalExecRuntime.acquireEndpoint(InternalExecRuntime.java:103)
	at org.apache.hc.client5.http.impl.classic.ConnectExec.execute(ConnectExec.java:125)
	at org.apache.hc.client5.http.impl.classic.ExecChainElement.execute(ExecChainElement.java:51)
	at org.apache.hc.client5.http.impl.classic.ProtocolExec.execute(ProtocolExec.java:192)
	at org.apache.hc.client5.http.impl.classic.ExecChainElement.execute(ExecChainElement.java:51)
	at org.apache.hc.client5.http.impl.classic.HttpRequestRetryExec.execute(HttpRequestRetryExec.java:96)
	at org.apache.hc.client5.http.impl.classic.ExecChainElement.execute(ExecChainElement.java:51)
	at org.apache.hc.client5.http.impl.classic.ContentCompressionExec.execute(ContentCompressionExec.java:152)
	at org.apache.hc.client5.http.impl.classic.ExecChainElement.execute(ExecChainElement.java:51)
	at org.apache.hc.client5.http.impl.classic.RedirectExec.execute(RedirectExec.java:115)
	at org.apache.hc.client5.http.impl.classic.ExecChainElement.execute(ExecChainElement.java:51)
	at org.apache.hc.client5.http.impl.classic.InternalHttpClient.doExecute(InternalHttpClient.java:170)
	at org.apache.hc.client5.http.impl.classic.CloseableHttpClient.execute(CloseableHttpClient.java:87)
	at org.apache.hc.client5.http.impl.classic.CloseableHttpClient.execute(CloseableHttpClient.java:55)
	at org.apache.hc.client5.http.classic.HttpClient.executeOpen(HttpClient.java:183)
	at org.springframework.http.client.HttpComponentsClientHttpRequest.executeInternal(HttpComponentsClientHttpRequest.java:95)
	at org.springframework.http.client.AbstractStreamingClientHttpRequest.executeInternal(AbstractStreamingClientHttpRequest.java:70)
	at org.springframework.http.client.AbstractClientHttpRequest.execute(AbstractClientHttpRequest.java:66)
	at org.springframework.http.client.InterceptingClientHttpRequest$InterceptingRequestExecution.execute(InterceptingClientHttpRequest.java:101)
	at org.springframework.cloud.netflix.eureka.http.RestTemplateTransportClientFactory.lambda$restTemplate$0(RestTemplateTransportClientFactory.java:143)
	at org.springframework.http.client.InterceptingClientHttpRequest$InterceptingRequestExecution.execute(InterceptingClientHttpRequest.java:87)
	at org.springframework.http.client.InterceptingClientHttpRequest.executeInternal(InterceptingClientHttpRequest.java:71)
	at org.springframework.http.client.AbstractBufferingClientHttpRequest.executeInternal(AbstractBufferingClientHttpRequest.java:48)
	at org.springframework.http.client.AbstractClientHttpRequest.execute(AbstractClientHttpRequest.java:66)
	at org.springframework.web.client.RestTemplate.doExecute(RestTemplate.java:879)
	at org.springframework.web.client.RestTemplate.execute(RestTemplate.java:781)
	at org.springframework.web.client.RestTemplate.exchange(RestTemplate.java:663)
	at org.springframework.cloud.netflix.eureka.http.RestTemplateEurekaHttpClient.cancel(RestTemplateEurekaHttpClient.java:87)
	at com.netflix.discovery.shared.transport.decorator.EurekaHttpClientDecorator$2.execute(EurekaHttpClientDecorator.java:74)
	at com.netflix.discovery.shared.transport.decorator.RedirectingEurekaHttpClient.executeOnNewServer(RedirectingEurekaHttpClient.java:121)
	at com.netflix.discovery.shared.transport.decorator.RedirectingEurekaHttpClient.execute(RedirectingEurekaHttpClient.java:80)
	at com.netflix.discovery.shared.transport.decorator.EurekaHttpClientDecorator.cancel(EurekaHttpClientDecorator.java:71)
	at com.netflix.discovery.shared.transport.decorator.EurekaHttpClientDecorator$2.execute(EurekaHttpClientDecorator.java:74)
	at com.netflix.discovery.shared.transport.decorator.RetryableEurekaHttpClient.execute(RetryableEurekaHttpClient.java:120)
	at com.netflix.discovery.shared.transport.decorator.EurekaHttpClientDecorator.cancel(EurekaHttpClientDecorator.java:71)
	at com.netflix.discovery.shared.transport.decorator.EurekaHttpClientDecorator$2.execute(EurekaHttpClientDecorator.java:74)
	at com.netflix.discovery.shared.transport.decorator.SessionedEurekaHttpClient.execute(SessionedEurekaHttpClient.java:77)
	at com.netflix.discovery.shared.transport.decorator.EurekaHttpClientDecorator.cancel(EurekaHttpClientDecorator.java:71)
	at com.netflix.discovery.DiscoveryClient.unregister(DiscoveryClient.java:916)
	at com.netflix.discovery.DiscoveryClient.shutdown(DiscoveryClient.java:892)
	at java.base/jdk.internal.reflect.DirectMethodHandleAccessor.invoke(DirectMethodHandleAccessor.java:103)
	at java.base/java.lang.reflect.Method.invoke(Method.java:580)
	at org.springframework.beans.factory.annotation.InitDestroyAnnotationBeanPostProcessor$LifecycleMethod.invoke(InitDestroyAnnotationBeanPostProcessor.java:457)
	at org.springframework.beans.factory.annotation.InitDestroyAnnotationBeanPostProcessor$LifecycleMetadata.invokeDestroyMethods(InitDestroyAnnotationBeanPostProcessor.java:415)
	at org.springframework.beans.factory.annotation.InitDestroyAnnotationBeanPostProcessor.postProcessBeforeDestruction(InitDestroyAnnotationBeanPostProcessor.java:239)
	at org.springframework.beans.factory.support.DisposableBeanAdapter.destroy(DisposableBeanAdapter.java:202)
	at org.springframework.beans.factory.support.DisposableBeanAdapter.run(DisposableBeanAdapter.java:195)
	at org.springframework.cloud.context.scope.GenericScope$BeanLifecycleWrapper.destroy(GenericScope.java:389)
	at org.springframework.cloud.context.scope.GenericScope.destroy(GenericScope.java:136)
	at org.springframework.beans.factory.support.DisposableBeanAdapter.destroy(DisposableBeanAdapter.java:211)
	at org.springframework.beans.factory.support.DefaultSingletonBeanRegistry.destroyBean(DefaultSingletonBeanRegistry.java:587)
	at org.springframework.beans.factory.support.DefaultSingletonBeanRegistry.destroySingleton(DefaultSingletonBeanRegistry.java:559)
	at org.springframework.beans.factory.support.DefaultListableBeanFactory.destroySingleton(DefaultListableBeanFactory.java:1202)
	at org.springframework.beans.factory.support.DefaultSingletonBeanRegistry.destroySingletons(DefaultSingletonBeanRegistry.java:520)
	at org.springframework.beans.factory.support.DefaultListableBeanFactory.destroySingletons(DefaultListableBeanFactory.java:1195)
	at org.springframework.context.support.AbstractApplicationContext.destroyBeans(AbstractApplicationContext.java:1183)
	at org.springframework.context.support.AbstractApplicationContext.doClose(AbstractApplicationContext.java:1144)
	at org.springframework.boot.web.servlet.context.ServletWebServerApplicationContext.doClose(ServletWebServerApplicationContext.java:174)
	at org.springframework.context.support.AbstractApplicationContext.close(AbstractApplicationContext.java:1090)
	at org.springframework.boot.SpringApplicationShutdownHook.closeAndWait(SpringApplicationShutdownHook.java:145)
	at java.base/java.lang.Iterable.forEach(Iterable.java:75)
	at org.springframework.boot.SpringApplicationShutdownHook.run(SpringApplicationShutdownHook.java:114)
	at java.base/java.lang.Thread.run(Thread.java:1583)

2026-02-22T13:21:25.161+05:30  WARN 18456 --- [UserService] [SpringApplicationShutdownHook] [                                                 ] c.n.d.s.t.d.RetryableEurekaHttpClient    : Request execution failed with message: Connection pool shut down
2026-02-22T13:21:25.163+05:30 ERROR 18456 --- [UserService] [SpringApplicationShutdownHook] [                                                 ] com.netflix.discovery.DiscoveryClient    : DiscoveryClient_USERSERVICE/DESKTOP-ECRRR37.mshome.net:UserService:8081 - de-registration failedCannot execute request on any known server

com.netflix.discovery.shared.transport.TransportException: Cannot execute request on any known server
	at com.netflix.discovery.shared.transport.decorator.RetryableEurekaHttpClient.execute(RetryableEurekaHttpClient.java:112) ~[eureka-client-2.0.2.jar:2.0.2]
	at com.netflix.discovery.shared.transport.decorator.EurekaHttpClientDecorator.cancel(EurekaHttpClientDecorator.java:71) ~[eureka-client-2.0.2.jar:2.0.2]
	at com.netflix.discovery.shared.transport.decorator.EurekaHttpClientDecorator$2.execute(EurekaHttpClientDecorator.java:74) ~[eureka-client-2.0.2.jar:2.0.2]
	at com.netflix.discovery.shared.transport.decorator.SessionedEurekaHttpClient.execute(SessionedEurekaHttpClient.java:77) ~[eureka-client-2.0.2.jar:2.0.2]
	at com.netflix.discovery.shared.transport.decorator.EurekaHttpClientDecorator.cancel(EurekaHttpClientDecorator.java:71) ~[eureka-client-2.0.2.jar:2.0.2]
	at com.netflix.discovery.DiscoveryClient.unregister(DiscoveryClient.java:916) ~[eureka-client-2.0.2.jar:2.0.2]
	at com.netflix.discovery.DiscoveryClient.shutdown(DiscoveryClient.java:892) ~[eureka-client-2.0.2.jar:2.0.2]
	at java.base/jdk.internal.reflect.DirectMethodHandleAccessor.invoke(DirectMethodHandleAccessor.java:103) ~[na:na]
	at java.base/java.lang.reflect.Method.invoke(Method.java:580) ~[na:na]
	at org.springframework.beans.factory.annotation.InitDestroyAnnotationBeanPostProcessor$LifecycleMethod.invoke(InitDestroyAnnotationBeanPostProcessor.java:457) ~[spring-beans-6.1.3.jar:6.1.3]
	at org.springframework.beans.factory.annotation.InitDestroyAnnotationBeanPostProcessor$LifecycleMetadata.invokeDestroyMethods(InitDestroyAnnotationBeanPostProcessor.java:415) ~[spring-beans-6.1.3.jar:6.1.3]
	at org.springframework.beans.factory.annotation.InitDestroyAnnotationBeanPostProcessor.postProcessBeforeDestruction(InitDestroyAnnotationBeanPostProcessor.java:239) ~[spring-beans-6.1.3.jar:6.1.3]
	at org.springframework.beans.factory.support.DisposableBeanAdapter.destroy(DisposableBeanAdapter.java:202) ~[spring-beans-6.1.3.jar:6.1.3]
	at org.springframework.beans.factory.support.DisposableBeanAdapter.run(DisposableBeanAdapter.java:195) ~[spring-beans-6.1.3.jar:6.1.3]
	at org.springframework.cloud.context.scope.GenericScope$BeanLifecycleWrapper.destroy(GenericScope.java:389) ~[spring-cloud-context-4.1.2.jar:4.1.2]
	at org.springframework.cloud.context.scope.GenericScope.destroy(GenericScope.java:136) ~[spring-cloud-context-4.1.2.jar:4.1.2]
	at org.springframework.beans.factory.support.DisposableBeanAdapter.destroy(DisposableBeanAdapter.java:211) ~[spring-beans-6.1.3.jar:6.1.3]
	at org.springframework.beans.factory.support.DefaultSingletonBeanRegistry.destroyBean(DefaultSingletonBeanRegistry.java:587) ~[spring-beans-6.1.3.jar:6.1.3]
	at org.springframework.beans.factory.support.DefaultSingletonBeanRegistry.destroySingleton(DefaultSingletonBeanRegistry.java:559) ~[spring-beans-6.1.3.jar:6.1.3]
	at org.springframework.beans.factory.support.DefaultListableBeanFactory.destroySingleton(DefaultListableBeanFactory.java:1202) ~[spring-beans-6.1.3.jar:6.1.3]
	at org.springframework.beans.factory.support.DefaultSingletonBeanRegistry.destroySingletons(DefaultSingletonBeanRegistry.java:520) ~[spring-beans-6.1.3.jar:6.1.3]
	at org.springframework.beans.factory.support.DefaultListableBeanFactory.destroySingletons(DefaultListableBeanFactory.java:1195) ~[spring-beans-6.1.3.jar:6.1.3]
	at org.springframework.context.support.AbstractApplicationContext.destroyBeans(AbstractApplicationContext.java:1183) ~[spring-context-6.1.3.jar:6.1.3]
	at org.springframework.context.support.AbstractApplicationContext.doClose(AbstractApplicationContext.java:1144) ~[spring-context-6.1.3.jar:6.1.3]
	at org.springframework.boot.web.servlet.context.ServletWebServerApplicationContext.doClose(ServletWebServerApplicationContext.java:174) ~[spring-boot-3.2.2.jar:3.2.2]
	at org.springframework.context.support.AbstractApplicationContext.close(AbstractApplicationContext.java:1090) ~[spring-context-6.1.3.jar:6.1.3]
	at org.springframework.boot.SpringApplicationShutdownHook.closeAndWait(SpringApplicationShutdownHook.java:145) ~[spring-boot-3.2.2.jar:3.2.2]
	at java.base/java.lang.Iterable.forEach(Iterable.java:75) ~[na:na]
	at org.springframework.boot.SpringApplicationShutdownHook.run(SpringApplicationShutdownHook.java:114) ~[spring-boot-3.2.2.jar:3.2.2]
	at java.base/java.lang.Thread.run(Thread.java:1583) ~[na:na]

2026-02-22T13:21:25.657+05:30  INFO 18456 --- [UserService] [SpringApplicationShutdownHook] [                                                 ] com.netflix.discovery.DiscoveryClient    : Completed shut down of DiscoveryClient
